#  H2 facteur FC   EF et X non couplé                                                         
#  VU JU VL JL      FC       TR.E.(cm-1)                                                
#       6320
  0  0  0  0  0.157938E+00  99165.31
  0  0  1  0  0.358930E+00  95004.17
  0  0  2  0  0.313898E+00  91078.38
  0  0  3  0  0.135230E+00  87382.95
  0  0  4  0  0.303752E-01  83915.00
  0  0  5  0  0.344737E-02  80673.39
  0  0  6  0  0.177898E-03  77659.53
  0  0  7  0  0.413009E-05  74877.40
  0  0  8  0  0.255958E-06  72334.15
  0  0  9  0  0.167491E-06  70041.22
  0  0 10  0  0.133674E-06  68014.84
  0  0 11  0  0.118952E-06  66278.18
  0  0 12  0  0.144731E-06  64863.11
  0  0 13  0  0.815275E-07  63813.95
  0  0 14  0  0.181531E-08  63191.93
  0  1  0  1  0.157813E+00  99110.24
  0  1  1  1  0.358857E+00  94954.99
  0  1  2  1  0.313990E+00  91034.93
  0  1  3  1  0.135314E+00  87345.23
  0  1  4  1  0.303949E-01  83882.93
  0  1  5  1  0.344828E-02  80647.03
  0  1  6  1  0.177931E-03  77638.92
  0  1  7  1  0.417907E-05  74862.60
  0  1  8  1  0.278103E-06  72325.56
  0  1  9  1  0.196011E-06  70039.10
  0  1 10  1  0.182242E-06  68019.81
  0  1 11  1  0.212455E-06  66290.94
  0  1 12  1  0.308952E-06  64884.81
  0  1 13  1  0.174667E-06  63846.43
  0  1 14  1  0.396817E-08  63238.22
  0  2  0  2  0.157559E+00  99000.73
  0  2  1  2  0.358705E+00  94857.26
  0  2  2  2  0.314173E+00  90948.79
  0  2  3  2  0.135484E+00  87270.42
  0  2  4  2  0.304358E-01  83819.38
  0  2  5  2  0.345059E-02  80594.80
  0  2  6  2  0.178141E-03  77598.10
  0  2  7  2  0.433300E-05  74833.55
  0  2  8  2  0.373703E-06  72308.74
  0  2  9  2  0.403549E-06  70035.31
  0  2 10  2  0.793955E-06  68030.31
  0  2 11  2  0.211288E-05  66316.98
  0  2 12  2  0.446706E-05  64928.83
  0  2 13  2  0.260061E-05  63912.06
  0  2 14  2  0.615830E-07  63331.96
  0  3  0  3  0.269781E-06  98731.81
  0  3  1  3  0.649147E-06  94605.94
  0  3  2  3  0.636834E-06  90714.65
  0  3  3  3  0.371555E-06  87053.21
  0  3  4  3  0.231173E-06  83619.08
  0  3  5  3  0.490609E-06  80411.34
  0  3  6  3  0.384084E-05  77431.77
  0  3  7  3  0.452300E-04  74684.82
  0  3  8  3  0.532530E-03  72178.37
  0  3  9  3  0.531799E-02  69924.41
  0  3 10  3  0.400505E-01  67940.39
  0  3 11  3  0.197034E+00  66250.80
  0  3 12  3  0.479792E+00  64889.93
  0  3 13  3  0.253860E+00  63906.05
  0  3 14  3  0.966060E-02  63369.43
  0  4  0  4  0.238871E-07  98317.42
  0  4  1  4  0.636350E-07  94214.84
  0  4  2  4  0.760967E-07  90346.34
  0  4  3  4  0.689006E-07  86707.42
  0  4  4  4  0.100352E-06  83295.54
  0  4  5  4  0.448199E-06  80110.21
  0  4  6  4  0.433308E-05  77153.35
  0  4  7  4  0.530644E-04  74429.84
  0  4  8  4  0.629378E-03  71947.76
  0  4  9  4  0.624854E-02  69719.78
  0  4 10  4  0.462440E-01  67764.05
  0  4 11  4  0.219625E+00  66106.10
  0  4 12  4  0.494943E+00  64781.87
  0  4 13  4  0.203114E+00  63842.73
  0  5  0  5  0.516981E-08  97806.95
  0  5  1  5  0.155728E-07  93733.21
  0  5  2  5  0.232527E-07  89893.01
  0  5  3  5  0.315449E-07  86281.89
  0  5  4  5  0.778038E-07  82897.68
  0  5  5  5  0.478232E-06  79740.13
  0  5  6  5  0.512937E-05  76811.55
  0  5  7  5  0.648753E-04  74117.06
  0  5  8  5  0.774616E-03  71665.44
  0  5  9  5  0.762532E-02  69469.94
  0  5 10  5  0.551458E-01  67549.66
  0  5 11  5  0.249942E+00  65931.56
  0  5 12  5  0.506727E+00  64653.88
  0  5 13  5  0.141257E+00  63772.22
  0  6  0  6  0.152185E-08  97205.38
  0  6  1  6  0.528221E-08  93165.86
  0  6  2  6  0.100037E-07  89358.94
  0  6  3  6  0.196006E-07  85780.96
  0  6  4  6  0.709345E-07  82429.78
  0  6  5  6  0.541657E-06  79305.37
  0  6  6  6  0.633165E-05  76410.37
  0  6  7  6  0.826340E-04  73750.60
  0  6  8  6  0.991939E-03  71335.44
  0  6  9  6  0.964963E-02  69178.93
  0  6 10  6  0.677505E-01  67301.38
  0  6 11  6  0.289057E+00  65731.60
  0  6 12  6  0.508150E+00  64510.72
  0  6 13  6  0.760993E-01  63701.11
  0  7  0  7  0.529871E-09  96517.50
  0  7  1  7  0.215483E-08  92517.63
  0  7  2  7  0.522631E-08  88749.39
  0  7  3  7  0.143330E-07  85209.61
  0  7  4  7  0.706831E-07  81896.31
  0  7  5  7  0.644505E-06  78810.13
  0  7  6  7  0.815314E-05  75954.12
  0  7  7  7  0.109628E-03  73334.63
  0  7  8  7  0.132001E-02  70961.93
  0  7  9  7  0.126381E-01  68850.93
  0  7 10  7  0.854850E-01  67023.61
  0  7 11  7  0.337561E+00  65511.01
  0  7 12  7  0.489107E+00  64358.46
  0  7 13  7  0.228389E-01  63638.22
  0  8  0  8  0.207453E-09  95750.09
  0  8  1  8  0.100312E-08  91794.05
  0  8  2  8  0.313371E-08  88069.70
  0  8  3  8  0.117330E-07  84572.94
  0  8  4  8  0.755290E-07  81302.76
  0  8  5  8  0.805103E-06  78259.68
  0  8  6  8  0.109596E-04  75447.92
  0  8  7  8  0.151403E-03  72874.16
  0  8  8  8  0.182281E-02  70549.74
  0  8  9  8  0.170917E-01  68491.03
  0  8 10  8  0.110349E+00  66721.39
  0  8 11  8  0.394626E+00  65275.54
  0  8 12  8  0.437133E+00  64203.81
  0  9  0  9  0.894706E-10  94908.33
  0  9  1  9  0.521154E-09  91002.02
  0  9  2  9  0.210392E-08  87325.50
  0  9  3  9  0.105454E-07  83876.47
  0  9  4  9  0.861239E-07  80653.87
  0  9  5  9  0.105689E-05  77659.09
  0  9  6  9  0.153838E-04  74896.63
  0  9  7  9  0.217489E-03  72374.26
  0  9  8  9  0.260763E-02  70104.22
  0  9  9  9  0.238053E-01  68104.41
  0  9 10  9  0.145030E+00  66400.90
  0  9 11  9  0.456219E+00  65031.66
  0  9 12  9  0.341598E+00  64055.69
  0 10  0 10  0.421708E-10  93999.57
  0 10  1 10  0.299364E-09  90146.59
  0 10  2 10  0.156464E-08  86522.96
  0 10  3 10  0.103303E-07  83126.36
  0 10  4 10  0.104714E-06  79955.93
  0 10  5 10  0.145913E-05  77014.17
  0 10  6 10  0.225444E-04  74306.03
  0 10  7 10  0.324587E-03  71840.27
  0 10  8 10  0.385726E-02  69630.58
  0 10  9 10  0.340429E-01  67696.86
  0 10 10 10  0.192877E+00  66067.70
  0 10 11 10  0.512135E+00  64786.75
  0 10 12 10  0.204674E+00  63925.78
  0 11  0 11  0.216831E-10  93029.87
  0 11  1 11  0.189569E-09  89234.78
  0 11  2 11  0.128362E-08  85668.32
  0 11  3 11  0.110023E-07  82328.07
  0 11  4 11  0.135757E-06  79214.42
  0 11  5 11  0.211878E-05  76330.22
  0 11  6 11  0.344671E-04  73681.30
  0 11  7 11  0.502568E-03  71277.79
  0 11  8 11  0.588709E-02  69134.86
  0 11  9 11  0.498058E-01  67274.25
  0 11 10 11  0.257426E+00  65729.20
  0 11 11 11  0.541962E+00  64549.75
  0 12  0 12  0.121788E-10  92006.11
  0 12  1 12  0.132386E-09  88273.28
  0 12  2 12  0.116069E-08  84767.57
  0 12  3 12  0.127291E-07  81487.94
  0 12  4 12  0.187604E-06  78435.24
  0 12  5 12  0.323392E-05  75612.95
  0 12  6 12  0.549098E-04  73028.35
  0 12  7 12  0.805987E-03  70692.40
  0 12  8 12  0.924903E-02  68622.68
  0 12  9 12  0.742215E-01  66843.49
  0 12 10 12  0.340797E+00  65392.73
  0 12 11 12  0.512119E+00  64331.61
  0 13  0 13  0.749592E-11  90934.85
  0 13  1 13  0.102178E-09  87267.61
  0 13  2 13  0.115721E-08  83826.57
  0 13  3 13  0.159833E-07  80611.59
  0 13  4 13  0.276012E-06  77624.06
  0 13  5 13  0.518157E-05  74868.45
  0 13  6 13  0.910219E-04  72352.85
  0 13  7 13  0.133649E-02  70090.45
  0 13  8 13  0.149185E-01  68100.22
  0 13  9 13  0.112032E+00  66411.03
  0 13 10 13  0.439577E+00  65067.06
  0 14  0 14  0.507685E-11  89822.99
  0 14  1 14  0.874113E-10  86224.51
  0 14  2 14  0.127245E-08  82851.86
  0 14  3 14  0.217454E-07  79705.34
  0 14  4 14  0.431489E-06  76787.03
  0 14  5 14  0.870006E-05  74102.22
  0 14  6 14  0.156746E-03  71660.69
  0 14  7 14  0.228730E-02  69477.30
  0 14  8 14  0.246311E-01  67574.43
  0 14  9 14  0.169973E+00  65984.88
  0 14 10 14  0.535785E+00  64762.88
  0 15  0 15  0.380141E-11  88675.61
  0 15  1 15  0.831155E-10  85149.69
  0 15  2 15  0.154224E-08  81849.00
  0 15  3 15  0.319686E-07  78774.28
  0 15  4 15  0.714840E-06  75928.96
  0 15  5 15  0.152771E-04  73319.63
  0 15  6 15  0.279962E-03  70957.43
  0 15  7 15  0.403265E-02  68859.61
  0 15  8 15  0.414773E-01  67051.58
  0 15  9 15  0.256284E+00  65573.36
  1  0  0  0  0.127430E-06  99363.92
  1  0  1  0  0.261498E-06  95202.78
  1  0  2  0  0.182085E-06  91276.99
  1  0  3  0  0.347492E-07  87581.56
  1  0  4  0  0.111412E-07  84113.61
  1  0  5  0  0.295457E-06  80872.00
  1  0  6  0  0.306896E-05  77858.14
  1  0  7  0  0.355593E-04  75076.01
  1  0  8  0  0.413749E-03  72532.76
  1  0  9  0  0.416175E-02  70239.83
  1  0 10  0  0.321229E-01  68213.45
  1  0 11  0  0.166076E+00  66476.79
  1  0 12  0  0.449615E+00  65061.72
  1  0 13  0  0.326403E+00  64012.56
  1  0 14  0  0.174183E-02  63390.54
  1  1  0  1  0.211587E-06  99257.67
  1  1  1  1  0.446130E-06  95102.42
  1  1  2  1  0.330436E-06  91182.36
  1  1  3  1  0.814143E-07  87492.66
  1  1  4  1  0.337200E-08  84030.36
  1  1  5  1  0.283207E-06  80794.46
  1  1  6  1  0.315523E-05  77786.35
  1  1  7  1  0.369935E-04  75010.03
  1  1  8  1  0.431560E-03  72472.99
  1  1  9  1  0.433642E-02  70186.53
  1  1 10  1  0.333389E-01  68167.24
  1  1 11  1  0.170988E+00  66438.37
  1  1 12  1  0.455162E+00  65032.24
  1  1 13  1  0.314862E+00  63993.86
  1  1 14  1  0.284049E-02  63385.65
  1  2  0  2  0.186399E-05  99046.30
  1  2  1  2  0.414628E-05  94902.83
  1  2  2  2  0.345426E-05  90994.36
  1  2  3  2  0.128020E-05  87315.99
  1  2  4  2  0.118239E-06  83864.95
  1  2  5  2  0.165352E-06  80640.37
  1  2  6  2  0.325377E-05  77643.67
  1  2  7  2  0.399992E-04  74879.12
  1  2  8  2  0.469401E-03  72354.31
  1  2  9  2  0.470641E-02  70080.88
  1  2 10  2  0.358932E-01  68075.88
  1  2 11  2  0.181106E+00  66362.55
  1  2 12  2  0.465672E+00  64974.40
  1  2 13  2  0.291029E+00  63957.63
  1  2 14  2  0.548880E-02  63377.53
  1  3  0  3  0.157174E+00  98837.76
  1  3  1  3  0.358477E+00  94711.89
  1  3  2  3  0.314458E+00  90820.60
  1  3  3  3  0.135750E+00  87159.16
  1  3  4  3  0.305013E-01  83725.03
  1  3  5  3  0.345458E-02  80517.29
  1  3  6  3  0.178200E-03  77537.72
  1  3  7  3  0.436887E-05  74790.77
  1  3  8  3  0.316849E-06  72284.32
  1  3  9  3  0.129683E-06  70030.36
  1  3 10  3  0.388571E-09  68046.34
  1  3 11  3  0.332980E-06  66356.75
  1  3 12  3  0.134235E-05  64995.88
  1  3 13  3  0.863858E-06  64012.00
  1  3 14  3  0.221034E-07  63475.38
  1  4  0  4  0.156644E+00  98623.10
  1  4  1  4  0.358151E+00  94520.52
  1  4  2  4  0.314842E+00  90652.02
  1  4  3  4  0.136120E+00  87013.10
  1  4  4  4  0.305962E-01  83601.22
  1  4  5  4  0.346207E-02  80415.89
  1  4  6  4  0.178945E-03  77459.03
  1  4  7  4  0.466319E-05  74735.52
  1  4  8  4  0.452411E-06  72253.44
  1  4  9  4  0.267883E-06  70025.46
  1  4 10  4  0.744979E-07  68069.73
  1  4 11  4  0.218432E-07  66411.78
  1  4 12  4  0.315433E-06  65087.55
  1  4 13  4  0.256692E-06  64148.41
  1  5  0  5  0.155960E+00  98358.62
  1  5  1  5  0.357717E+00  94284.88
  1  5  2  5  0.315330E+00  90444.68
  1  5  3  5  0.136604E+00  86833.56
  1  5  4  5  0.307265E-01  83449.35
  1  5  5  5  0.347427E-02  80291.80
  1  5  6  5  0.180345E-03  77363.22
  1  5  7  5  0.511563E-05  74668.73
  1  5  8  5  0.673364E-06  72217.11
  1  5  9  5  0.481187E-06  70021.61
  1  5 10  5  0.213939E-06  68101.33
  1  5 11  5  0.475630E-09  66483.23
  1  5 12  5  0.247775E-06  65205.55
  1  5 13  5  0.310439E-06  64323.89
  1  6  0  6  0.155106E+00  98047.03
  1  6  1  6  0.357154E+00  94007.51
  1  6  2  6  0.315926E+00  90200.59
  1  6  3  6  0.137222E+00  86622.61
  1  6  4  6  0.309023E-01  83271.43
  1  6  5  6  0.349483E-02  80147.02
  1  6  6  6  0.183344E-03  77252.02
  1  6  7  6  0.595190E-05  74592.25
  1  6  8  6  0.116402E-05  72177.09
  1  6  9  6  0.109774E-05  70020.58
  1  6 10  6  0.800997E-06  68143.03
  1  6 11  6  0.119895E-06  66573.25
  1  6 12  6  0.492713E-06  65352.37
  1  6 13  6  0.118302E-05  64542.76
  1  7  0  7  0.153673E+00  97690.42
  1  7  1  7  0.355540E+00  93690.55
  1  7  2  7  0.315854E+00  89922.31
  1  7  3  7  0.137666E+00  86382.53
  1  7  4  7  0.310793E-01  83069.23
  1  7  5  7  0.353515E-02  79983.05
  1  7  6  7  0.199531E-03  77127.04
  1  7  7  7  0.158694E-04  74507.55
  1  7  8  7  0.265557E-04  72134.85
  1  7  9  7  0.113717E-03  70023.85
  1  7 10  7  0.334231E-03  68196.53
  1  7 11  7  0.278494E-03  66683.93
  1  7 12  7  0.189938E-03  65531.38
  1  7 13  7  0.105586E-02  64811.14
  1  8  0  8  0.413760E-06  96936.43
  1  8  1  8  0.115568E-05  92980.39
  1  8  2  8  0.148497E-05  89256.04
  1  8  3  8  0.151738E-05  85759.28
  1  8  4  8  0.256500E-05  82489.10
  1  8  5  8  0.118121E-04  79446.02
  1  8  6  8  0.100854E-03  76634.26
  1  8  7  8  0.974953E-03  74060.50
  1  8  8  8  0.812039E-02  71736.08
  1  8  9  8  0.475313E-01  69677.37
  1  8 10  8  0.145602E+00  67907.73
  1  8 11  8  0.868596E-01  66461.88
  1  8 12  8  0.176765E+00  65390.15
  1  9  0  9  0.510142E-07  96092.25
  1  9  1  9  0.175432E-06  92185.94
  1  9  2  9  0.323058E-06  88509.42
  1  9  3  9  0.599041E-06  85060.39
  1  9  4  9  0.199659E-05  81837.79
  1  9  5  9  0.135209E-04  78843.01
  1  9  6  9  0.131546E-03  76080.55
  1  9  7  9  0.131544E-02  73558.18
  1  9  8  9  0.108183E-01  71288.14
  1  9  9  9  0.598129E-01  69288.33
  1  9 10  9  0.158116E+00  67584.82
  1  9 11  9  0.451936E-01  66215.58
  1  9 12  9  0.333327E+00  65239.61
  1 10  0 10  0.120681E-07  95180.76
  1 10  1 10  0.515929E-07  91327.78
  1 10  2 10  0.133352E-06  87704.15
  1 10  3 10  0.390908E-06  84307.55
  1 10  4 10  0.197277E-05  81137.12
  1 10  5 10  0.167949E-04  78195.36
  1 10  6 10  0.179253E-03  75487.22
  1 10  7 10  0.183424E-02  73021.46
  1 10  8 10  0.147534E-01  70811.77
  1 10  9 10  0.757483E-01  68878.05
  1 10 10 10  0.164089E+00  67248.89
  1 10 11 10  0.803443E-02  65967.94
  1 10 12 10  0.489314E+00  65106.97
  1 11  0 11  0.384885E-08  94208.04
  1 11  1 11  0.206279E-07  90412.95
  1 11  2 11  0.736361E-07  86846.49
  1 11  3 11  0.316379E-06  83506.24
  1 11  4 11  0.218398E-05  80392.59
  1 11  5 11  0.221538E-04  77508.39
  1 11  6 11  0.254500E-03  74859.47
  1 11  7 11  0.263747E-02  72455.96
  1 11  8 11  0.205137E-01  70313.03
  1 11  9 11  0.956658E-01  68452.42
  1 11 10 11  0.156585E+00  66907.37
  1 11 11 11  0.694786E-02  65727.92
  1 12  0 12  0.149418E-08  93180.94
  1 12  1 12  0.101143E-07  89448.11
  1 12  2 12  0.492381E-07  85942.40
  1 12  3 12  0.295511E-06  82662.77
  1 12  4 12  0.263842E-05  79610.07
  1 12  5 12  0.308742E-04  76787.78
  1 12  6 12  0.375734E-03  74203.18
  1 12  7 12  0.390042E-02  71867.23
  1 12  8 12  0.289383E-01  69797.51
  1 12  9 12  0.118943E+00  68018.32
  1 12 10 12  0.127486E+00  66567.56
  1 12 11 12  0.939399E-01  65506.44
  1 13  0 13  0.677836E-09  92106.01
  1 13  1 13  0.583457E-08  88438.77
  1 13  2 13  0.383261E-07  84997.73
  1 13  3 13  0.310163E-06  81782.75
  1 13  4 13  0.344334E-05  78795.22
  1 13  5 13  0.453122E-04  76039.61
  1 13  6 13  0.575482E-03  73524.01
  1 13  7 13  0.591300E-02  71261.61
  1 13  8 13  0.411520E-01  69271.38
  1 13  9 13  0.142764E+00  67582.19
  1 13 10 13  0.735759E-01  66238.22
  1 14  0 14  0.352795E-09  90990.14
  1 14  1 14  0.388508E-08  87391.66
  1 14  2 14  0.340890E-07  84019.01
  1 14  3 14  0.361064E-06  80872.49
  1 14  4 14  0.482472E-05  77954.18
  1 14  5 14  0.698117E-04  75269.37
  1 14  6 14  0.911873E-03  72827.84
  1 14  7 14  0.915292E-02  70644.45
  1 14  8 14  0.584842E-01  68741.58
  1 14  9 14  0.160133E+00  67152.03
  1 14 10 14  0.133264E-01  65930.03
  1 15  0 15  0.208938E-09  89838.42
  1 15  1 15  0.295859E-08  86312.50
  1 15  2 15  0.342904E-07  83011.81
  1 15  3 15  0.462176E-06  79937.09
  1 15  4 15  0.721965E-05  77091.77
  1 15  5 15  0.112526E-03  74482.44
  1 15  6 15  0.149010E-02  72120.24
  1 15  7 15  0.143960E-01  70022.42
  1 15  8 15  0.820410E-01  68214.39
  1 15  9 15  0.157865E+00  66736.17
  2  0  0  0  0.116738E-05 100559.59
  2  0  1  0  0.118946E-05  96398.45
  2  0  2  0  0.415930E-07  92472.66
  2  0  3  0  0.843930E-06  88777.23
  2  0  4  0  0.341154E-05  85309.28
  2  0  5  0  0.940664E-05  82067.67
  2  0  6  0  0.423629E-04  79053.81
  2  0  7  0  0.304751E-03  76271.68
  2  0  8  0  0.244010E-02  73728.43
  2  0  9  0  0.165316E-01  71435.50
  2  0 10  0  0.756566E-01  69409.12
  2  0 11  0  0.163012E+00  67672.46
  2  0 12  0  0.314447E-01  66257.39
  2  0 13  0  0.323287E+00  65208.23
  2  0 14  0  0.168733E+00  64586.21
  2  1  0  1  0.106845E-05 100453.09
  2  1  1  1  0.112572E-05  96297.84
  2  1  2  1  0.527827E-07  92377.78
  2  1  3  1  0.721323E-06  88688.08
  2  1  4  1  0.315107E-05  85225.78
  2  1  5  1  0.918557E-05  81989.88
  2  1  6  1  0.429761E-04  78981.77
  2  1  7  1  0.314100E-03  76205.45
  2  1  8  1  0.252484E-02  73668.41
  2  1  9  1  0.170676E-01  71381.95
  2  1 10  1  0.774738E-01  69362.66
  2  1 11  1  0.163442E+00  67633.79
  2  1 12  1  0.273254E-01  66227.66
  2  1 13  1  0.341400E+00  65189.28
  2  1 14  1  0.145965E+00  64581.07
  2  2  0  2  0.918559E-06 100241.23
  2  2  1  2  0.103354E-05  96097.76
  2  2  2  2  0.779603E-07  92189.29
  2  2  3  2  0.528457E-06  88510.92
  2  2  4  2  0.272299E-05  85059.88
  2  2  5  2  0.883378E-05  81835.30
  2  2  6  2  0.443596E-04  78838.60
  2  2  7  2  0.333878E-03  76074.05
  2  2  8  2  0.270309E-02  73549.24
  2  2  9  2  0.181849E-01  71275.81
  2  2 10  2  0.811739E-01  69270.81
  2  2 11  2  0.163937E+00  67557.48
  2  2 12  2  0.196731E-01  66169.33
  2  2 13  2  0.377167E+00  65152.56
  2  2 14  2  0.103871E+00  64572.46
  2  3  0  3  0.779091E-06  99925.97
  2  3  1  3  0.964608E-06  95800.10
  2  3  2  3  0.124763E-06  91908.81
  2  3  3  3  0.327146E-06  88247.37
  2  3  4  3  0.224331E-05  84813.24
  2  3  5  3  0.847772E-05  81605.50
  2  3  6  3  0.468090E-04  78625.93
  2  3  7  3  0.366414E-03  75878.98
  2  3  8  3  0.299380E-02  73372.53
  2  3  9  3  0.199793E-01  71118.57
  2  3 10  3  0.868736E-01  69134.55
  2  3 11  3  0.163702E+00  67444.96
  2  3 12  3  0.100434E-01  66084.09
  2  3 13  3  0.428184E+00  65100.21
  2  3 14  3  0.522407E-01  64563.59
  2  4  0  4  0.702678E-06  99510.56
  2  4  1  4  0.983404E-06  95407.98
  2  4  2  4  0.216808E-06  91539.48
  2  4  3  4  0.154355E-06  87900.56
  2  4  4  4  0.178596E-05  84488.68
  2  4  5  4  0.822545E-05  81303.35
  2  4  6  4  0.507489E-04  78346.49
  2  4  7  4  0.415686E-03  75622.98
  2  4  8  4  0.342933E-02  73140.90
  2  4  9  4  0.226073E-01  70912.92
  2  4 10  4  0.947190E-01  68957.19
  2  4 11  4  0.161421E+00  67299.24
  2  4 12  4  0.179166E-02  65975.01
  2  4 13  4  0.486726E+00  65035.87
  2  5  0  5  0.767064E-06  98998.80
  2  5  1  5  0.124224E-05  94925.06
  2  5  2  5  0.451088E-06  91084.86
  2  5  3  5  0.268312E-07  87473.74
  2  5  4  5  0.135371E-05  84089.53
  2  5  5  5  0.813335E-05  80931.98
  2  5  6  5  0.567728E-04  78003.40
  2  5  7  5  0.487955E-03  75308.91
  2  5  8  5  0.405997E-02  72857.29
  2  5  9  5  0.262971E-01  70661.79
  2  5 10  5  0.104806E+00  68741.51
  2  5 11  5  0.155140E+00  67123.41
  2  5 12  5  0.135269E-02  65845.73
  2  5 13  5  0.534429E+00  64964.07
  2  6  0  6  0.142738E-05  98395.68
  2  6  1  6  0.272888E-05  94356.16
  2  6  2  6  0.156645E-05  90549.24
  2  6  3  6  0.875366E-07  86971.26
  2  6  4  6  0.808592E-06  83620.08
  2  6  5  6  0.811090E-05  80495.67
  2  6  6  6  0.656820E-04  77600.67
  2  6  7  6  0.593075E-03  74940.90
  2  6  8  6  0.496316E-02  72525.74
  2  6  9  6  0.313711E-01  70369.23
  2  6 10  6  0.117073E+00  68491.68
  2  6 11  6  0.142295E+00  66921.90
  2  6 12  6  0.196769E-01  65701.02
  2  6 13  6  0.536976E+00  64891.41
  2  7  0  7  0.392730E-03  97705.99
  2  7  1  7  0.901249E-03  93706.12
  2  7  2  7  0.786798E-03  89937.88
  2  7  3  7  0.325745E-03  86398.10
  2  7  4  7  0.571367E-04  83084.80
  2  7  5  7  0.193974E-07  79998.62
  2  7  6  7  0.679072E-04  77142.61
  2  7  7  7  0.738261E-03  74523.12
  2  7  8  7  0.623246E-02  72150.42
  2  7  9  7  0.381529E-01  70039.42
  2  7 10  7  0.130743E+00  68212.10
  2  7 11  7  0.119817E+00  66699.50
  2  7 12  7  0.724322E-01  65546.95
  2  7 13  7  0.445553E+00  64826.71
  2  8  0  8  0.152822E+00  97292.77
  2  8  1  8  0.355553E+00  93336.73
  2  8  2  8  0.317472E+00  89612.38
  2  8  3  8  0.138930E+00  86115.62
  2  8  4  8  0.314324E-01  82845.44
  2  8  5  8  0.357003E-02  79802.36
  2  8  6  8  0.194909E-03  76990.60
  2  8  7  8  0.873001E-05  74416.84
  2  8  8  8  0.233854E-05  72092.42
  2  8  9  8  0.892614E-06  70033.71
  2  8 10  8  0.132420E-06  68264.07
  2  8 11  8  0.201762E-05  66818.22
  2  8 12  8  0.385308E-06  65746.49
  2  9  0  9  0.151340E+00  96855.94
  2  9  1  9  0.354431E+00  92949.63
  2  9  2  9  0.318414E+00  89273.11
  2  9  3  9  0.140074E+00  85824.08
  2  9  4  9  0.318261E-01  82601.48
  2  9  5  9  0.364255E-02  79606.70
  2  9  6  9  0.210772E-03  76844.24
  2  9  7  9  0.144949E-04  74321.87
  2  9  8  9  0.807056E-05  72051.83
  2  9  9  9  0.707801E-05  70052.02
  2  9 10  9  0.110843E-05  68348.51
  2  9 11  9  0.214932E-05  66979.27
  2  9 12  9  0.203391E-06  66003.30
  2 10  0 10  0.176049E-03  96309.67
  2 10  1 10  0.432308E-03  92456.69
  2 10  2 10  0.425209E-03  88833.06
  2 10  3 10  0.236283E-03  85436.46
  2 10  4 10  0.120148E-03  82266.03
  2 10  5 10  0.169968E-03  79324.27
  2 10  6 10  0.866533E-03  76616.13
  2 10  7 10  0.597863E-02  74150.37
  2 10  8 10  0.326903E-01  71940.68
  2 10  9 10  0.100696E+00  70006.96
  2 10 10 10  0.862971E-01  68377.80
  2 10 11 10  0.677436E-02  67096.85
  2 10 12 10  0.764159E-02  66235.88
  2 11  0 11  0.157218E-05  95334.35
  2 11  1 11  0.497548E-05  91539.26
  2 11  2 11  0.784828E-05  87972.80
  2 11  3 11  0.112409E-04  84632.55
  2 11  4 11  0.276537E-04  81518.90
  2 11  5 11  0.145011E-03  78634.70
  2 11  6 11  0.109603E-02  75985.78
  2 11  7 11  0.796562E-02  73582.27
  2 11  8 11  0.417502E-01  71439.34
  2 11  9 11  0.111965E+00  69578.73
  2 11 10 11  0.598924E-01  68033.68
  2 11 11 11  0.205485E-01  66854.23
  2 12  0 12  0.224402E-06  94304.25
  2 12  1 12  0.918664E-06  90571.42
  2 12  2 12  0.219524E-05  87065.71
  2 12  3 12  0.571312E-05  83786.08
  2 12  4 12  0.248838E-04  80733.38
  2 12  5 12  0.177014E-03  77911.09
  2 12  6 12  0.148622E-02  75326.49
  2 12  7 12  0.108860E-01  72990.54
  2 12  8 12  0.534774E-01  70920.82
  2 12  9 12  0.119212E+00  69141.63
  2 12 10 12  0.297050E-01  67690.87
  2 12 11 12  0.229388E-01  66629.75
  2 13  0 13  0.567400E-07  93225.99
  2 13  1 13  0.301489E-06  89558.75
  2 13  2 13  0.105040E-05  86117.71
  2 13  3 13  0.429402E-05  82902.73
  2 13  4 13  0.269796E-04  79915.20
  2 13  5 13  0.233005E-03  77159.59
  2 13  6 13  0.209448E-02  74643.99
  2 13  7 13  0.151659E-01  72381.59
  2 13  8 13  0.681176E-01  70391.36
  2 13  9 13  0.118183E+00  68702.17
  2 13 10 13  0.609112E-02  67358.20
  2 14  0 14  0.194602E-07  92106.45
  2 14  1 14  0.134646E-06  88507.97
  2 14  2 14  0.665416E-06  85135.32
  2 14  3 14  0.394278E-05  81988.80
  2 14  4 14  0.326510E-04  79070.49
  2 14  5 14  0.325229E-03  76385.68
  2 14  6 14  0.305176E-02  73944.15
  2 14  7 14  0.214166E-01  71760.76
  2 14  8 14  0.852254E-01  69857.89
  2 14  9 14  0.103944E+00  68268.34
  2 14 10 14  0.568290E-03  67046.34
  2 15  0 15  0.829215E-08  90950.71
  2 15  1 15  0.749389E-07  87424.79
  2 15  2 15  0.513993E-06  84124.10
  2 15  3 15  0.417982E-05  81049.38
  2 15  4 15  0.431010E-04  78204.06
  2 15  5 15  0.477636E-03  75594.73
  2 15  6 15  0.457490E-02  73232.53
  2 15  7 15  0.304406E-01  71134.71
  2 15  8 15  0.102909E+00  69326.68
  2 15  9 15  0.741402E-01  67848.46
  3  0  0  0  0.215503E+00 101496.71
  3  0  1  0  0.108212E+00  97335.57
  3  0  2  0  0.222260E-01  93409.78
  3  0  3  0  0.257183E+00  89714.35
  3  0  4  0  0.270473E+00  86246.40
  3  0  5  0  0.104734E+00  83004.79
  3  0  6  0  0.182155E-01  79990.93
  3  0  7  0  0.164557E-02  77208.80
  3  0  8  0  0.217510E-03  74665.55
  3  0  9  0  0.191349E-03  72372.62
  3  0 10  0  0.228484E-03  70346.24
  3  0 11  0  0.675960E-04  68609.58
  3  0 12  0  0.515774E-04  67194.51
  3  0 13  0  0.195702E-05  66145.35
  3  0 14  0  0.597153E-03  65523.33
  3  1  0  1  0.214967E+00 101437.49
  3  1  1  1  0.108153E+00  97282.24
  3  1  2  1  0.220823E-01  93362.18
  3  1  3  1  0.256660E+00  89672.48
  3  1  4  1  0.270273E+00  86210.18
  3  1  5  1  0.104807E+00  82974.28
  3  1  6  1  0.183132E-01  79966.17
  3  1  7  1  0.170733E-02  77189.85
  3  1  8  1  0.266126E-03  74652.81
  3  1  9  1  0.283409E-03  72366.35
  3  1 10  1  0.385509E-03  70347.06
  3  1 11  1  0.141274E-03  68618.19
  3  1 12  1  0.727838E-04  67212.06
  3  1 13  1  0.450110E-05  66173.68
  3  1 14  1  0.102932E-02  65565.47
  3  2  0  2  0.210735E+00 101319.14
  3  2  1  2  0.106496E+00  97175.67
  3  2  2  2  0.214374E-01  93267.20
  3  2  3  2  0.251829E+00  89588.83
  3  2  4  2  0.266134E+00  86137.79
  3  2  5  2  0.103768E+00  82913.21
  3  2  6  2  0.185394E-01  79916.51
  3  2  7  2  0.202206E-02  77151.96
  3  2  8  2  0.624863E-03  74627.15
  3  2  9  2  0.120056E-02  72353.72
  3  2 10  2  0.227248E-02  70348.72
  3  2 11  2  0.125583E-02  68635.39
  3  2 12  2  0.285190E-03  67247.24
  3  2 13  2  0.432671E-04  66230.47
  3  2 14  2  0.665437E-02  65650.37
  3  3  0  3  0.246610E-02 101064.98
  3  3  1  3  0.134160E-02  96939.11
  3  3  2  3  0.195367E-03  93047.82
  3  3  3  3  0.293852E-02  89386.38
  3  3  4  3  0.353584E-02  85952.25
  3  3  5  3  0.191152E-02  82744.51
  3  3  6  3  0.108971E-02  79764.94
  3  3  7  3  0.212249E-02  77017.99
  3  3  8  3  0.983829E-02  74511.54
  3  3  9  3  0.427553E-01  72257.58
  3  3 10  3  0.107728E+00  70273.56
  3  3 11  3  0.730483E-01  68583.97
  3  3 12  3  0.121806E-01  67223.10
  3  3 13  3  0.523261E-03  66239.22
  3  3 14  3  0.313353E+00  65702.60
  3  4  0  4  0.198957E-03 100649.45
  3  4  1  4  0.127049E-03  96546.87
  3  4  2  4  0.712065E-05  92678.37
  3  4  3  4  0.229882E-03  89039.45
  3  4  4  4  0.367301E-03  85627.57
  3  4  5  4  0.344715E-03  82442.24
  3  4  6  4  0.528335E-03  79485.38
  3  4  7  4  0.203121E-02  76761.87
  3  4  8  4  0.108135E-01  74279.79
  3  4  9  4  0.469466E-01  72051.81
  3  4 10  4  0.112510E+00  70096.08
  3  4 11  4  0.636948E-01  68438.13
  3  4 12  4  0.196794E-01  67113.90
  3  4 13  4  0.278294E-02  66174.76
  3  5  0  5  0.509983E-04 100136.79
  3  5  1  5  0.392773E-04  96063.05
  3  5  2  5  0.192987E-06  92222.85
  3  5  3  5  0.537801E-04  88611.73
  3  5  4  5  0.119927E-03  85227.52
  3  5  5  5  0.179954E-03  82069.97
  3  5  6  5  0.458804E-03  79141.39
  3  5  7  5  0.221073E-02  76446.90
  3  5  8  5  0.122581E-01  73995.28
  3  5  9  5  0.521687E-01  71799.78
  3  5 10  5  0.116207E+00  69879.50
  3  5 11  5  0.502988E-01  68261.40
  3  5 12  5  0.292754E-01  66983.72
  3  5 13  5  0.253959E-01  66102.06
  3  6  0  6  0.201966E-04  99532.44
  3  6  1  6  0.191541E-04  95492.92
  3  6  2  6  0.246326E-06  91686.00
  3  6  3  6  0.172044E-04  88108.02
  3  6  4  6  0.571374E-04  84756.84
  3  6  5  6  0.128769E-03  81632.43
  3  6  6  6  0.457824E-03  78737.43
  3  6  7  6  0.251931E-02  76077.66
  3  6  8  6  0.142746E-01  73662.50
  3  6  9  6  0.588715E-01  71505.99
  3  6 10  6  0.118881E+00  69628.44
  3  6 11  6  0.344231E-01  68058.66
  3  6 12  6  0.383204E-01  66837.78
  3  6 13  6  0.869615E-01  66028.17
  3  7  0  7  0.110707E-04  98841.21
  3  7  1  7  0.131316E-04  94841.34
  3  7  2  7  0.127114E-05  91073.10
  3  7  3  7  0.582855E-05  87533.32
  3  7  4  7  0.330484E-04  84220.02
  3  7  5  7  0.107833E-03  81133.84
  3  7  6  7  0.491564E-03  78277.83
  3  7  7  7  0.297672E-02  75658.34
  3  7  8  7  0.170375E-01  73285.64
  3  7  9  7  0.672122E-01  71174.64
  3  7 10  7  0.119195E+00  69347.32
  3  7 11  7  0.180696E-01  67834.72
  3  7 12  7  0.408674E-01  66682.17
  3  7 13  7  0.192416E+00  65961.93
  3  8  0  8  0.897833E-05  98069.89
  3  8  1  8  0.134720E-04  94113.85
  3  8  2  8  0.367718E-05  90389.50
  3  8  3  8  0.128205E-05  86892.74
  3  8  4  8  0.209760E-04  83622.56
  3  8  5  8  0.997678E-04  80579.48
  3  8  6  8  0.557735E-03  77767.72
  3  8  7  8  0.363670E-02  75193.96
  3  8  8  8  0.207940E-01  72869.54
  3  8  9  8  0.772253E-01  70810.83
  3  8 10  8  0.115276E+00  69041.19
  3  8 11  8  0.493754E-02  67595.34
  3  8 12  8  0.296271E-01  66523.61
  3  9  0  9  0.162925E-04  97223.65
  3  9  1  9  0.311805E-04  93317.34
  3  9  2  9  0.174666E-04  89640.82
  3  9  3  9  0.694833E-06  86191.79
  3  9  4  9  0.111507E-04  82969.19
  3  9  5  9  0.972451E-04  79974.41
  3  9  6  9  0.662929E-03  77211.95
  3  9  7  9  0.458492E-02  74689.58
  3  9  8  9  0.258708E-01  72419.54
  3  9  9  9  0.886702E-01  70419.73
  3  9 10  9  0.104952E+00  68716.22
  3  9 11  9  0.221571E-04  67346.98
  3  9 12  9  0.676477E-02  66371.01
  3 10  0 10  0.149441E+00  96384.09
  3 10  1 10  0.352647E+00  92531.11
  3 10  2 10  0.319078E+00  88907.48
  3 10  3 10  0.141226E+00  85510.88
  3 10  4 10  0.322264E-01  82340.45
  3 10  5 10  0.368465E-02  79398.69
  3 10  6 10  0.196795E-03  76690.55
  3 10  7 10  0.209716E-05  74224.79
  3 10  8 10  0.152564E-04  72015.10
  3 10  9 10  0.110362E-03  70081.38
  3 10 10 10  0.151095E-03  68452.22
  3 10 11 10  0.183132E-05  67171.27
  3 10 12 10  0.519013E-05  66310.30
  3 11  0 11  0.147547E+00  95879.40
  3 11  1 11  0.351295E+00  92084.31
  3 11  2 11  0.320640E+00  88517.85
  3 11  3 11  0.143128E+00  85177.60
  3 11  4 11  0.330046E-01  82063.95
  3 11  5 11  0.390159E-02  79179.75
  3 11  6 11  0.270072E-03  76530.83
  3 11  7 11  0.352782E-04  74127.32
  3 11  8 11  0.181657E-04  71984.39
  3 11  9 11  0.153491E-05  70123.78
  3 11 10 11  0.111727E-04  68578.73
  3 11 11 11  0.453634E-05  67399.28
  3 12  0 12  0.137341E+00  95343.81
  3 12  1 12  0.330649E+00  91610.98
  3 12  2 12  0.305475E+00  88105.27
  3 12  3 12  0.138522E+00  84825.64
  3 12  4 12  0.331341E-01  81772.94
  3 12  5 12  0.473341E-02  78950.65
  3 12  6 12  0.104985E-02  76366.05
  3 12  7 12  0.163999E-02  74030.10
  3 12  8 12  0.411129E-02  71960.38
  3 12  9 12  0.397142E-02  70181.19
  3 12 10 12  0.377219E-04  68730.43
  3 12 11 12  0.312319E-02  67669.31
  3 13  0 13  0.153148E-04  94295.16
  3 13  1 13  0.485002E-04  90627.92
  3 13  2 13  0.752210E-04  87186.88
  3 13  3 13  0.102186E-03  83971.90
  3 13  4 13  0.225775E-03  80984.37
  3 13  5 13  0.100006E-02  78228.76
  3 13  6 13  0.588538E-02  75713.16
  3 13  7 13  0.294086E-01  73450.76
  3 13  8 13  0.845245E-01  71460.53
  3 13  9 13  0.660060E-01  69771.34
  3 13 10 13  0.949496E-02  68427.37
  3 14  0 14  0.167818E-05  93172.62
  3 14  1 14  0.710231E-05  89574.14
  3 14  2 14  0.175696E-04  86201.49
  3 14  3 14  0.466092E-04  83054.97
  3 14  4 14  0.194732E-03  80136.66
  3 14  5 14  0.120178E-02  77451.85
  3 14  6 14  0.779564E-02  75010.32
  3 14  7 14  0.379038E-01  72826.93
  3 14  8 14  0.933172E-01  70924.06
  3 14  9 14  0.409016E-01  69334.51
  3 14 10 14  0.340657E-01  68112.51
  3 15  0 15  0.386987E-06  92013.44
  3 15  1 15  0.218624E-05  88487.52
  3 15  2 15  0.815717E-05  85186.83
  3 15  3 15  0.349008E-04  82112.11
  3 15  4 15  0.211766E-03  79266.79
  3 15  5 15  0.157243E-02  76657.46
  3 15  6 15  0.106698E-01  74295.26
  3 15  7 15  0.488500E-01  72197.44
  3 15  8 15  0.970091E-01  70389.41
  3 15  9 15  0.148573E-01  68911.19
  4  0  0  0  0.516866E-03 101701.19
  4  0  1  0  0.215852E-03  97540.05
  4  0  2  0  0.851586E-04  93614.26
  4  0  3  0  0.609187E-03  89918.83
  4  0  4  0  0.448768E-03  86450.88
  4  0  5  0  0.388526E-04  83209.27
  4  0  6  0  0.140564E-03  80195.41
  4  0  7  0  0.141729E-02  77413.28
  4  0  8  0  0.820273E-02  74870.03
  4  0  9  0  0.373423E-01  72577.10
  4  0 10  0  0.102214E+00  70550.72
  4  0 11  0  0.885179E-01  68814.06
  4  0 12  0  0.359806E-02  67398.99
  4  0 13  0  0.137574E-01  66349.83
  4  0 14  0  0.380133E+00  65727.81
  4  1  0  1  0.829815E-03 101594.61
  4  1  1  1  0.362788E-03  97439.36
  4  1  2  1  0.123981E-03  93519.30
  4  1  3  1  0.984055E-03  89829.60
  4  1  4  1  0.791869E-03  86367.30
  4  1  5  1  0.112887E-03  83131.40
  4  1  6  1  0.101414E-03  80123.29
  4  1  7  1  0.140384E-02  77346.97
  4  1  8  1  0.837406E-02  74809.93
  4  1  9  1  0.381227E-01  72523.47
  4  1 10  1  0.103206E+00  70504.18
  4  1 11  1  0.862129E-01  68775.31
  4  1 12  1  0.470525E-02  67369.18
  4  1 13  1  0.107152E-01  66330.80
  4  1 14  1  0.377451E+00  65722.59
  4  2  0  2  0.460026E-02 101383.12
  4  2  1  2  0.219754E-02  97239.65
  4  2  2  2  0.552573E-03  93331.18
  4  2  3  2  0.549508E-02  89652.81
  4  2  4  2  0.522197E-02  86201.77
  4  2  5  2  0.146407E-02  82977.19
  4  2  6  2  0.209701E-05  79980.49
  4  2  7  2  0.119262E-02  77215.94
  4  2  8  2  0.847477E-02  74691.13
  4  2  9  2  0.389959E-01  72417.70
  4  2 10  2  0.103537E+00  70412.70
  4  2 11  2  0.804506E-01  68699.37
  4  2 12  2  0.714156E-02  67311.22
  4  2 13  2  0.539600E-02  66294.45
  4  2 14  2  0.357669E+00  65714.35
  4  3  0  3  0.212146E+00 101146.31
  4  3  1  3  0.107616E+00  97020.44
  4  3  2  3  0.214600E-01  93129.15
  4  3  3  3  0.253864E+00  89467.71
  4  3  4  3  0.268254E+00  86033.58
  4  3  5  3  0.103821E+00  82825.84
  4  3  6  3  0.176678E-01  79846.27
  4  3  7  3  0.126777E-02  77099.32
  4  3  8  3  0.330972E-05  74592.87
  4  3  9  3  0.242439E-03  72338.91
  4  3 10  3  0.118818E-02  70354.89
  4  3 11  3  0.127913E-02  68665.30
  4  3 12  3  0.523714E-04  67304.43
  4  3 13  3  0.436303E-04  66320.55
  4  3 14  3  0.462280E-02  65783.93
  4  4  0  4  0.213365E+00 100914.65
  4  4  1  4  0.109172E+00  96812.07
  4  4  2  4  0.211767E-01  92943.57
  4  4  3  4  0.255762E+00  89304.65
  4  4  4  4  0.271988E+00  85892.77
  4  4  5  4  0.106125E+00  82707.44
  4  4  6  4  0.185755E-01  79750.58
  4  4  7  4  0.163805E-02  77027.07
  4  4  8  4  0.126667E-03  74544.99
  4  4  9  4  0.519561E-05  72317.01
  4  4 10  4  0.635598E-04  70361.28
  4  4 11  4  0.218379E-03  68703.33
  4  4 12  4  0.114528E-05  67379.10
  4  4 13  4  0.520639E-05  66439.96
  4  5  0  5  0.212001E+00 100629.43
  4  5  1  5  0.109637E+00  96555.69
  4  5  2  5  0.205478E-01  92715.49
  4  5  3  5  0.254669E+00  89104.37
  4  5  4  5  0.272853E+00  85720.16
  4  5  5  5  0.107330E+00  82562.61
  4  5  6  5  0.192059E-01  79634.03
  4  5  7  5  0.190964E-02  76939.54
  4  5  8  5  0.267385E-03  74487.92
  4  5  9  5  0.928734E-04  72292.42
  4  5 10  5  0.492435E-07  70372.14
  4  5 11  5  0.135206E-03  68754.04
  4  5 12  5  0.211762E-04  67476.36
  4  5 13  5  0.586498E-06  66594.70
  4  6  0  6  0.209344E+00 100292.33
  4  6  1  6  0.109767E+00  96252.81
  4  6  2  6  0.196424E-01  92445.89
  4  6  3  6  0.252088E+00  88867.91
  4  6  4  6  0.272944E+00  85516.73
  4  6  5  6  0.108768E+00  82392.32
  4  6  6  6  0.202325E-01  79497.32
  4  6  7  6  0.245027E-02  76837.55
  4  6  8  6  0.658467E-03  74422.39
  4  6  9  6  0.495656E-03  72265.88
  4  6 10  6  0.103471E-03  70388.33
  4  6 11  6  0.163928E-03  68818.55
  4  6 12  6  0.147657E-03  67597.67
  4  6 13  6  0.737648E-05  66788.06
  4  7  0  7  0.130460E+00  99890.15
  4  7  1  7  0.705283E-01  95890.28
  4  7  2  7  0.111793E-01  92122.04
  4  7  3  7  0.157402E+00  88582.26
  4  7  4  7  0.177246E+00  85268.96
  4  7  5  7  0.769473E-01  82182.78
  4  7  6  7  0.201146E-01  79326.77
  4  7  7  7  0.904480E-02  76707.28
  4  7  8  7  0.159155E-01  74334.58
  4  7  9  7  0.325180E-01  72223.58
  4  7 10  7  0.227061E-01  70396.26
  4  7 11  7  0.189599E-02  68883.66
  4  7 12  7  0.186444E-01  67731.11
  4  7 13  7  0.602558E-02  67010.87
  4  8  0  8  0.846729E-03  99147.69
  4  8  1  8  0.604612E-03  95191.65
  4  8  2  8  0.132894E-04  91467.30
  4  8  3  8  0.956202E-03  87970.54
  4  8  4  8  0.177173E-02  84700.36
  4  8  5  8  0.197562E-02  81657.28
  4  8  6  8  0.336262E-02  78845.52
  4  8  7  8  0.110693E-01  76271.76
  4  8  8  8  0.401659E-01  73947.34
  4  8  9  8  0.909305E-01  71888.63
  4  8 10  8  0.554082E-01  70118.99
  4  8 11  8  0.123333E-01  68673.14
  4  8 12  8  0.447028E-01  67601.41
  4  9  0  9  0.167015E-03  98301.06
  4  9  1  9  0.161506E-03  94394.75
  4  9  2  9  0.230122E-05  90718.23
  4  9  3  9  0.144266E-03  87269.20
  4  9  4  9  0.474318E-03  84046.60
  4  9  5  9  0.998712E-03  81051.82
  4  9  6  9  0.300766E-02  78289.36
  4  9  7  9  0.125207E-01  75766.99
  4  9  8  9  0.464128E-01  73496.95
  4  9  9  9  0.953171E-01  71497.14
  4  9 10  9  0.389443E-01  69793.63
  4  9 11  9  0.280179E-01  68424.39
  4  9 12  9  0.326725E-01  67448.42
  4 10  0 10  0.783972E-04  97385.87
  4 10  1 10  0.102467E-03  93532.89
  4 10  2 10  0.153128E-04  89909.26
  4 10  3 10  0.313438E-04  86512.66
  4 10  4 10  0.227048E-03  83342.23
  4 10  5 10  0.778526E-03  80400.47
  4 10  6 10  0.320760E-02  77692.33
  4 10  7 10  0.148912E-01  75226.57
  4 10  8 10  0.541882E-01  73016.88
  4 10  9 10  0.968869E-01  71083.16
  4 10 10 10  0.208802E-01  69454.00
  4 10 11 10  0.469207E-01  68173.05
  4 10 12 10  0.267766E-01  67312.08
  4 11  0 11  0.848311E-04  96408.67
  4 11  1 11  0.149380E-03  92613.58
  4 11  2 11  0.648606E-04  89047.12
  4 11  3 11  0.392508E-06  85706.87
  4 11  4 11  0.122820E-03  82593.22
  4 11  5 11  0.713135E-03  79709.02
  4 11  6 11  0.369639E-02  77060.10
  4 11  7 11  0.182651E-01  74656.59
  4 11  8 11  0.634534E-01  72513.66
  4 11  9 11  0.938590E-01  70653.05
  4 11 10 11  0.579495E-02  69108.00
  4 11 11 11  0.618559E-01  67928.55
  4 12  0 12  0.786529E-02  95377.94
  4 12  1 12  0.185819E-01  91645.11
  4 12  2 12  0.164883E-01  88139.40
  4 12  3 12  0.663939E-02  84859.77
  4 12  4 12  0.869279E-03  81807.07
  4 12  5 12  0.174384E-03  78984.78
  4 12  6 12  0.381669E-02  76400.18
  4 12  7 12  0.213771E-01  74064.23
  4 12  8 12  0.697952E-01  71994.51
  4 12  9 12  0.800993E-01  70215.32
  4 12 10 12  0.277134E-04  68764.56
  4 12 11 12  0.629554E-01  67703.44
  4 13  0 13  0.142178E+00  94784.94
  4 13  1 13  0.346039E+00  91117.70
  4 13  2 13  0.322973E+00  87676.66
  4 13  3 13  0.147563E+00  84461.68
  4 13  4 13  0.351077E-01  81474.15
  4 13  5 13  0.450977E-02  78718.54
  4 13  6 13  0.437817E-03  76202.94
  4 13  7 13  0.910468E-04  73940.54
  4 13  8 13  0.111053E-04  71950.31
  4 13  9 13  0.397494E-04  70261.12
  4 13 10 13  0.400452E-04  68917.15
  4 14  0 14  0.424248E-01  94175.78
  4 14  1 14  0.106172E+00  90577.30
  4 14  2 14  0.103588E+00  87204.65
  4 14  3 14  0.522472E-01  84058.13
  4 14  4 14  0.173898E-01  81139.82
  4 14  5 14  0.827258E-02  78455.01
  4 14  6 14  0.144861E-01  76013.48
  4 14  7 14  0.395837E-01  73830.09
  4 14  8 14  0.537811E-01  71927.22
  4 14  9 14  0.296606E-02  70337.67
  4 14 10 14  0.267977E-01  69115.67
  4 15  0 15  0.511166E-04  93025.83
  4 15  1 15  0.175139E-03  89499.91
  4 15  2 15  0.304426E-03  86199.22
  4 15  3 15  0.480731E-03  83124.50
  4 15  4 15  0.116988E-02  80279.18
  4 15  5 15  0.475856E-02  77669.85
  4 15  6 15  0.212830E-01  75307.65
  4 15  7 15  0.649200E-01  73209.83
  4 15  8 15  0.704323E-01  71401.80
  4 15  9 15  0.872417E-04  69923.58
  5  0  0  0  0.786000E-03 102782.64
  5  0  1  0  0.876480E-04  98621.50
  5  0  2  0  0.411592E-03  94695.71
  5  0  3  0  0.550051E-03  91000.28
  5  0  4  0  0.200992E-05  87532.33
  5  0  5  0  0.975635E-03  84290.72
  5  0  6  0  0.301834E-02  81276.86
  5  0  7  0  0.743333E-02  78494.73
  5  0  8  0  0.224964E-01  75951.48
  5  0  9  0  0.628767E-01  73658.55
  5  0 10  0  0.953031E-01  71632.17
  5  0 11  0  0.193434E-01  69895.51
  5  0 12  0  0.426833E-01  68480.44
  5  0 13  0  0.151096E-01  67431.28
  5  0 14  0  0.549636E-01  66809.26
  5  1  0  1  0.735461E-03 102676.06
  5  1  1  1  0.886703E-04  98520.81
  5  1  2  1  0.374816E-03  94600.75
  5  1  3  1  0.534805E-03  90911.05
  5  1  4  1  0.126196E-06  87448.75
  5  1  5  1  0.866388E-03  84212.85
  5  1  6  1  0.286401E-02  81204.74
  5  1  7  1  0.737080E-02  78428.42
  5  1  8  1  0.227680E-01  75891.38
  5  1  9  1  0.636965E-01  73604.92
  5  1 10  1  0.950897E-01  71585.63
  5  1 11  1  0.177167E-01  69856.76
  5  1 12  1  0.445683E-01  68450.63
  5  1 13  1  0.138004E-01  67412.25
  5  1 14  1  0.613373E-01  66804.04
  5  2  0  2  0.661751E-03 102463.99
  5  2  1  2  0.925414E-04  98320.52
  5  2  2  2  0.318124E-03  94412.05
  5  2  3  2  0.517235E-03  90733.68
  5  2  4  2  0.268445E-05  87282.64
  5  2  5  2  0.688673E-03  84058.06
  5  2  6  2  0.260761E-02  81061.36
  5  2  7  2  0.728857E-02  78296.81
  5  2  8  2  0.233544E-01  75772.00
  5  2  9  2  0.653514E-01  73498.57
  5  2 10  2  0.945063E-01  71493.57
  5  2 11  2  0.146013E-01  69780.24
  5  2 12  2  0.481672E-01  68392.09
  5  2 13  2  0.114772E-01  67375.32
  5  2 14  2  0.738310E-01  66795.22
  5  3  0  3  0.602951E-03 102148.31
  5  3  1  3  0.103552E-03  98022.44
  5  3  2  3  0.262569E-03  94131.15
  5  3  3  3  0.519534E-03  90469.71
  5  3  4  3  0.202336E-04  87035.58
  5  3  5  3  0.491089E-03  83827.84
  5  3  6  3  0.231538E-02  80848.27
  5  3  7  3  0.724840E-02  78101.32
  5  3  8  3  0.243307E-01  75594.87
  5  3  9  3  0.678619E-01  73340.91
  5  3 10  3  0.932416E-01  71356.89
  5  3 11  3  0.103473E-01  69667.30
  5  3 12  3  0.530121E-01  68306.43
  5  3 13  3  0.874543E-02  67322.55
  5  3 14  3  0.889470E-01  66785.93
  5  4  0  4  0.601993E-03 101732.21
  5  4  1  4  0.132431E-03  97629.63
  5  4  2  4  0.224185E-03  93761.13
  5  4  3  4  0.579382E-03  90122.21
  5  4  4  4  0.735143E-04  86710.33
  5  4  5  4  0.301432E-03  83525.00
  5  4  6  4  0.202897E-02  80568.14
  5  4  7  4  0.730537E-02  77844.63
  5  4  8  4  0.257902E-01  75362.55
  5  4  9  4  0.712297E-01  73134.57
  5  4 10  4  0.908225E-01  71178.84
  5  4 11  4  0.563862E-02  69520.89
  5  4 12  4  0.581202E-01  68196.66
  5  4 13  4  0.645900E-02  67257.52
  5  5  0  5  0.753679E-03 101219.49
  5  5  1  5  0.218446E-03  97145.75
  5  5  2  5  0.219522E-03  93305.55
  5  5  3  5  0.808218E-03  89694.43
  5  5  4  5  0.241146E-03  86310.22
  5  5  5  5  0.121840E-03  83152.67
  5  5  6  5  0.173940E-02  80224.09
  5  5  7  5  0.748507E-02  77529.60
  5  5  8  5  0.278228E-01  75077.98
  5  5  9  5  0.753826E-01  72882.48
  5  5 10  5  0.866135E-01  70962.20
  5  5 11  5  0.163165E-02  69344.10
  5  5 12  5  0.618083E-01  68066.42
  5  5 13  5  0.562169E-02  67184.76
  5  6  0  6  0.167053E-02 100615.46
  5  6  1  6  0.648556E-03  96575.94
  5  6  2  6  0.326361E-03  92769.02
  5  6  3  6  0.195096E-02  89191.04
  5  6  4  6  0.115223E-02  85839.86
  5  6  5  6  0.460550E-05  82715.45
  5  6  6  6  0.128958E-02  79820.45
  5  6  7  6  0.768142E-02  77160.68
  5  6  8  6  0.303855E-01  74745.52
  5  6  9  6  0.799337E-01  72589.01
  5  6 10  6  0.797719E-01  70711.46
  5  6 11  6  0.529845E-05  69141.68
  5  6 12  6  0.617433E-01  67920.80
  5  6 13  6  0.792647E-02  67111.19
  5  7  0  7  0.782017E-01  99939.79
  5  7  1  7  0.404693E-01  95939.92
  5  7  2  7  0.778916E-02  92171.68
  5  7  3  7  0.945089E-01  88631.90
  5  7  4  7  0.979151E-01  85318.60
  5  7  5  7  0.336845E-01  82232.42
  5  7  6  7  0.241645E-02  79376.41
  5  7  7  7  0.227605E-02  76756.92
  5  7  8  7  0.190773E-01  74384.22
  5  7  9  7  0.532706E-01  72273.22
  5  7 10  7  0.471844E-01  70445.90
  5  7 11  7  0.121052E-02  68933.30
  5  7 12  7  0.377213E-01  67780.75
  5  7 13  7  0.125046E-01  67060.51
  5  8  0  8  0.204242E+00  99477.50
  5  8  1  8  0.110765E+00  95521.46
  5  8  2  8  0.176540E-01  91797.11
  5  8  3  8  0.247365E+00  88300.35
  5  8  4  8  0.274101E+00  85030.17
  5  8  5  8  0.111307E+00  81987.09
  5  8  6  8  0.209970E-01  79175.33
  5  8  7  8  0.224155E-02  76601.57
  5  8  8  8  0.139800E-03  74277.15
  5  8  9  8  0.115319E-03  72218.44
  5  8 10  8  0.844132E-03  70448.80
  5  8 11  8  0.962781E-04  69002.95
  5  8 12  8  0.770368E-03  67931.22
  5  9  0  9  0.196535E+00  98996.41
  5  9  1  9  0.109674E+00  95090.10
  5  9  2  9  0.156230E-01  91413.58
  5  9  3  9  0.238659E+00  87964.55
  5  9  4  9  0.272159E+00  84741.95
  5  9  5  9  0.115818E+00  81747.17
  5  9  6  9  0.254332E-01  78984.71
  5  9  7  9  0.505735E-02  76462.34
  5  9  8  9  0.206155E-02  74192.30
  5  9  9  9  0.503766E-03  72192.49
  5  9 10  9  0.432389E-03  70488.98
  5  9 11  9  0.802086E-03  69119.74
  5  9 12  9  0.106709E-02  68143.77
  5 10  0 10  0.353843E-01  98380.92
  5 10  1 10  0.221389E-01  94527.94
  5 10  2 10  0.170715E-02  90904.31
  5 10  3 10  0.425108E-01  87507.71
  5 10  4 10  0.585621E-01  84337.28
  5 10  5 10  0.371457E-01  81395.52
  5 10  6 10  0.241352E-01  78687.38
  5 10  7 10  0.331444E-01  76221.62
  5 10  8 10  0.607515E-01  74011.93
  5 10  9 10  0.500500E-01  72078.21
  5 10 10 10  0.243089E-03  70449.05
  5 10 11 10  0.327224E-01  69168.10
  5 10 12 10  0.366600E-01  68307.13
  5 11  0 11  0.151873E-02  97423.94
  5 11  1 11  0.135656E-02  93628.85
  5 11  2 11  0.192046E-05  90062.39
  5 11  3 11  0.150118E-02  86722.14
  5 11  4 11  0.397255E-02  83608.49
  5 11  5 11  0.633696E-02  80724.29
  5 11  6 11  0.132872E-01  78075.37
  5 11  7 11  0.366075E-01  75671.86
  5 11  8 11  0.771721E-01  73528.93
  5 11  9 11  0.531702E-01  71668.32
  5 11 10 11  0.446612E-02  70123.27
  5 11 11 11  0.278296E-01  68943.82
  5 12  0 12  0.474732E-03  96393.41
  5 12  1 12  0.603967E-03  92660.58
  5 12  2 12  0.742047E-04  89154.87
  5 12  3 12  0.230764E-03  85875.24
  5 12  4 12  0.140447E-02  82822.54
  5 12  5 12  0.407103E-02  80000.25
  5 12  6 12  0.129569E-01  77415.65
  5 12  7 12  0.411185E-01  75079.70
  5 12  8 12  0.815243E-01  73009.98
  5 12  9 12  0.380137E-01  71230.79
  5 12 10 12  0.163181E-01  69780.03
  5 12 11 12  0.747179E-02  68718.91
  5 13  0 13  0.457474E-03  95312.36
  5 13  1 13  0.817886E-03  91645.12
  5 13  2 13  0.357567E-03  88204.08
  5 13  3 13  0.258387E-05  84989.10
  5 13  4 13  0.671642E-03  82001.57
  5 13  5 13  0.347858E-02  79245.96
  5 13  6 13  0.142626E-01  76730.36
  5 13  7 13  0.474663E-01  74467.96
  5 13  8 13  0.831455E-01  72477.73
  5 13  9 13  0.204148E-01  70788.54
  5 13 10 13  0.317306E-01  69444.57
  5 14  0 14  0.966794E-01  94213.21
  5 14  1 14  0.236882E+00  90614.73
  5 14  2 14  0.221042E+00  87242.08
  5 14  3 14  0.984714E-01  84095.56
  5 14  4 14  0.200268E-01  81177.25
  5 14  5 14  0.513031E-03  78492.44
  5 14  6 14  0.304604E-02  76050.91
  5 14  7 14  0.160367E-01  73867.52
  5 14  8 14  0.264161E-01  71964.65
  5 14  9 14  0.260508E-02  70375.10
  5 14 10 14  0.126241E-01  69153.10
  5 15  0 15  0.133565E+00  93593.55
  5 15  1 15  0.335013E+00  90067.63
  5 15  2 15  0.323257E+00  86766.94
  5 15  3 15  0.153949E+00  83692.22
  5 15  4 15  0.394468E-01  80846.90
  5 15  5 15  0.630145E-02  78237.57
  5 15  6 15  0.111538E-02  75875.37
  5 15  7 15  0.278920E-03  73777.55
  5 15  8 15  0.197777E-04  71969.52
  5 15  9 15  0.379809E-03  70491.30
  6  0  0  0  0.146699E+00 103566.85
  6  0  1  0  0.227614E-02  99405.71
  6  0  2  0  0.103175E+00  95479.92
  6  0  3  0  0.409788E-01  91784.49
  6  0  4  0  0.493995E-01  88316.54
  6  0  5  0  0.233308E+00  85074.93
  6  0  6  0  0.191368E+00  82061.07
  6  0  7  0  0.732893E-01  79278.94
  6  0  8  0  0.252932E-01  76735.69
  6  0  9  0  0.127991E-01  74442.76
  6  0 10  0  0.252757E-02  72416.38
  6  0 11  0  0.341013E-02  70679.72
  6  0 12  0  0.464665E-02  69264.65
  6  0 13  0  0.600137E-02  68215.49
  6  0 14  0  0.104080E-01  67593.47
  6  1  0  1  0.137741E+00 103493.96
  6  1  1  1  0.225830E-02  99338.71
  6  1  2  1  0.965977E-01  95418.65
  6  1  3  1  0.392287E-01  91728.95
  6  1  4  1  0.454188E-01  88266.65
  6  1  5  1  0.219757E+00  85030.75
  6  1  6  1  0.184324E+00  82022.64
  6  1  7  1  0.744257E-01  79246.32
  6  1  8  1  0.289224E-01  76709.28
  6  1  9  1  0.168024E-01  74422.82
  6  1 10  1  0.404791E-02  72403.53
  6  1 11  1  0.368349E-02  70674.66
  6  1 12  1  0.622313E-02  69268.53
  6  1 13  1  0.739696E-02  68230.15
  6  1 14  1  0.141688E-01  67621.94
  6  2  0  2  0.112438E+00 103341.72
  6  2  1  2  0.210784E-02  99198.25
  6  2  2  2  0.782556E-01  95289.78
  6  2  3  2  0.336448E-01  91611.41
  6  2  4  2  0.350010E-01  88160.37
  6  2  5  2  0.180741E+00  84935.79
  6  2  6  2  0.160877E+00  81939.09
  6  2  7  2  0.743499E-01  79174.54
  6  2  8  2  0.377549E-01  76649.73
  6  2  9  2  0.284357E-01  74376.30
  6  2 10  2  0.917440E-02  72371.30
  6  2 11  2  0.442626E-02  70657.97
  6  2 12  2  0.109835E-01  69269.82
  6  2 13  2  0.117683E-01  68253.05
  6  2 14  2  0.260596E-01  67672.95
  6  3  0  3  0.635915E-01 103089.55
  6  3  1  3  0.156697E-02  98963.68
  6  3  2  3  0.434372E-01  95072.39
  6  3  3  3  0.212258E-01  91410.95
  6  3  4  3  0.170674E-01  87976.82
  6  3  5  3  0.103550E+00  84769.08
  6  3  6  3  0.105724E+00  81789.51
  6  3  7  3  0.645392E-01  79042.56
  6  3  8  3  0.503701E-01  76536.11
  6  3  9  3  0.516536E-01  74282.15
  6  3 10  3  0.211657E-01  72298.13
  6  3 11  3  0.592954E-02  70608.54
  6  3 12  3  0.206302E-01  69247.67
  6  3 13  3  0.225697E-01  68263.79
  6  3 14  3  0.517801E-01  67727.17
  6  4  0  4  0.238131E-01 102713.39
  6  4  1  4  0.910731E-03  98610.81
  6  4  2  4  0.156034E-01  94742.31
  6  4  3  4  0.964402E-02  91103.39
  6  4  4  4  0.449492E-02  87691.51
  6  4  5  4  0.390025E-01  84506.18
  6  4  6  4  0.509926E-01  81549.32
  6  4  7  4  0.465030E-01  78825.81
  6  4  8  4  0.561085E-01  76343.73
  6  4  9  4  0.712756E-01  74115.75
  6  4 10  4  0.312840E-01  72160.02
  6  4 11  4  0.849084E-02  70502.07
  6  4 12  4  0.267571E-01  69177.84
  6  4 13  4  0.390559E-01  68238.70
  6  5  0  5  0.917348E-02 102219.56
  6  5  1  5  0.585300E-03  98145.82
  6  5  2  5  0.557607E-02  94305.62
  6  5  3  5  0.474842E-02  90694.50
  6  5  4  5  0.819295E-03  87310.29
  6  5  5  5  0.144016E-01  84152.74
  6  5  6  5  0.259476E-01  81224.16
  6  5  7  5  0.348975E-01  78529.67
  6  5  8  5  0.567206E-01  76078.05
  6  5  9  5  0.789902E-01  73882.55
  6  5 10  5  0.318008E-01  71962.27
  6  5 11  5  0.129666E-01  70344.17
  6  5 12  5  0.237279E-01  69066.49
  6  5 13  5  0.592752E-01  68184.83
  6  6  0  6  0.453398E-02 101624.63
  6  6  1  6  0.481034E-03  97585.11
  6  6  2  6  0.243779E-02  93778.19
  6  6  3  6  0.303214E-02  90200.21
  6  6  4  6  0.520711E-04  86849.03
  6  6  5  6  0.607745E-02  83724.62
  6  6  6  6  0.157874E-01  80829.62
  6  6  7  6  0.293441E-01  78169.85
  6  6  8  6  0.574797E-01  75754.69
  6  6  9  6  0.815381E-01  73598.18
  6  6 10  6  0.266724E-01  71720.63
  6  6 11  6  0.198668E-01  70150.85
  6  6 12  6  0.152744E-01  68929.97
  6  6 13  6  0.850650E-01  68120.36
  6  7  0  7  0.304944E-02 100938.69
  6  7  1  7  0.523516E-03  96938.82
  6  7  2  7  0.134745E-02  93170.58
  6  7  3  7  0.259122E-02  89630.80
  6  7  4  7  0.658775E-04  86317.50
  6  7  5  7  0.272724E-02  83231.32
  6  7  6  7  0.110351E-01  80375.31
  6  7  7  7  0.269021E-01  77755.82
  6  7  8  7  0.593624E-01  75383.12
  6  7  9  7  0.817425E-01  73272.12
  6  7 10  7  0.188818E-01  71444.80
  6  7 11  7  0.288083E-01  69932.20
  6  7 12  7  0.543965E-02  68779.65
  6  7 13  7  0.116488E+00  68059.41
  6  8  0  8  0.312393E-02 100170.90
  6  8  1  8  0.840732E-03  96214.86
  6  8  2  8  0.100251E-02  92490.51
  6  8  3  8  0.324127E-02  88993.75
  6  8  4  8  0.682121E-03  85723.57
  6  8  5  8  0.973908E-03  82680.49
  6  8  6  8  0.826973E-02  79868.73
  6  8  7  8  0.260704E-01  77294.97
  6  8  8  8  0.622060E-01  74970.55
  6  8  9  8  0.798289E-01  72911.84
  6  8 10  8  0.103707E-01  71142.20
  6  8 11  8  0.380259E-01  69696.35
  6  8 12  8  0.106193E-04  68624.62
  6  9  0  9  0.742826E-02  99329.62
  6  9  1  9  0.303537E-02  95423.31
  6  9  2  9  0.136990E-02  91746.79
  6  9  3  9  0.879354E-02  88297.76
  6  9  4  9  0.529891E-02  85075.16
  6  9  5  9  0.247734E-04  82080.38
  6  9  6  9  0.524202E-02  79317.92
  6  9  7  9  0.251288E-01  76795.55
  6  9  8  9  0.645205E-01  74525.51
  6  9  9  9  0.745991E-01  72525.70
  6  9 10  9  0.334960E-02  70822.19
  6  9 11  9  0.434437E-01  69452.95
  6  9 12  9  0.765343E-02  68476.98
  6 10  0 10  0.162754E+00  98512.08
  6 10  1 10  0.908448E-01  94659.10
  6 10  2 10  0.132840E-01  91035.47
  6 10  3 10  0.198619E+00  87638.87
  6 10  4 10  0.219826E+00  84468.44
  6 10  5 10  0.833887E-01  81526.68
  6 10  6 10  0.974059E-02  78818.54
  6 10  7 10  0.617935E-03  76352.78
  6 10  8 10  0.107551E-01  74143.09
  6 10  9 10  0.169037E-01  72209.37
  6 10 10 10  0.849827E-03  70580.21
  6 10 11 10  0.950664E-02  69299.26
  6 10 12 10  0.653543E-02  68438.29
  6 11  0 11  0.183855E+00  97927.76
  6 11  1 11  0.108982E+00  94132.67
  6 11  2 11  0.120775E-01  90566.21
  6 11  3 11  0.224412E+00  87225.96
  6 11  4 11  0.269578E+00  84112.31
  6 11  5 11  0.121257E+00  81228.11
  6 11  6 11  0.284790E-01  78579.19
  6 11  7 11  0.478714E-02  76175.68
  6 11  8 11  0.221461E-03  74032.75
  6 11  9 11  0.134973E-02  72172.14
  6 11 10 11  0.185490E-02  70627.09
  6 11 11 11  0.795944E-03  69447.64
  6 12  0 12  0.901679E-01  97258.64
  6 12  1 12  0.595660E-01  93525.81
  6 12  2 12  0.344417E-02  90020.10
  6 12  3 12  0.108607E+00  86740.47
  6 12  4 12  0.154764E+00  83687.77
  6 12  5 12  0.964980E-01  80865.48
  6 12  6 12  0.513153E-01  78280.88
  6 12  7 12  0.401531E-01  75944.93
  6 12  8 12  0.269898E-01  73875.21
  6 12  9 12  0.164286E-03  72096.02
  6 12 10 12  0.181860E-01  70645.26
  6 12 11 12  0.287944E-03  69584.14
  6 13  0 13  0.584742E-02  96258.18
  6 13  1 13  0.548609E-02  92590.94
  6 13  2 13  0.257455E-04  89149.90
  6 13  3 13  0.567960E-02  85934.92
  6 13  4 13  0.154602E-01  82947.39
  6 13  5 13  0.231060E-01  80191.78
  6 13  6 13  0.382289E-01  77676.18
  6 13  7 13  0.662154E-01  75413.78
  6 13  8 13  0.576957E-01  73423.55
  6 13  9 13  0.112977E-03  71734.36
  6 13 10 13  0.360382E-01  70390.39
  6 14  0 14  0.178315E-02  95144.95
  6 14  1 14  0.245422E-02  91546.47
  6 14  2 14  0.409591E-03  88173.82
  6 14  3 14  0.691172E-03  85027.30
  6 14  4 14  0.501860E-02  82108.99
  6 14  5 14  0.140324E-01  79424.18
  6 14  6 14  0.355420E-01  76982.65
  6 14  7 14  0.697738E-01  74799.26
  6 14  8 14  0.499504E-01  72896.39
  6 14  9 14  0.216672E-02  71306.84
  6 14 10 14  0.294053E-01  70084.84
  6 15  0 15  0.236259E-02  93988.29
  6 15  1 15  0.468667E-02  90462.37
  6 15  2 15  0.261319E-02  87161.68
  6 15  3 15  0.607442E-04  84086.96
  6 15  4 15  0.195759E-02  81241.64
  6 15  5 15  0.113510E-01  78632.31
  6 15  6 15  0.370244E-01  76270.11
  6 15  7 15  0.723589E-01  74172.29
  6 15  8 15  0.357923E-01  72364.26
  6 15  9 15  0.118614E-01  70886.04
  7  0  0  0  0.348681E-01 103852.33
  7  0  1  0  0.929183E-04  99691.19
  7  0  2  0  0.258180E-01  95765.40
  7  0  3  0  0.573281E-02  92069.97
  7  0  4  0  0.180270E-01  88602.02
  7  0  5  0  0.487772E-01  85360.41
  7  0  6  0  0.177892E-01  82346.55
  7  0  7  0  0.394936E-03  79564.42
  7  0  8  0  0.245607E-01  77021.17
  7  0  9  0  0.643330E-01  74728.24
  7  0 10  0  0.566070E-01  72701.86
  7  0 11  0  0.297057E-04  70965.20
  7  0 12  0  0.409493E-01  69550.13
  7  0 13  0  0.815906E-02  68500.97
  7  0 14  0  0.978465E-01  67878.95
  7  1  0  1  0.430896E-01 103753.66
  7  1  1  1  0.162855E-03  99598.41
  7  1  2  1  0.317309E-01  95678.35
  7  1  3  1  0.766687E-02  91988.65
  7  1  4  1  0.212897E-01  88526.35
  7  1  5  1  0.616294E-01  85290.45
  7  1  6  1  0.254672E-01  82282.34
  7  1  7  1  0.681449E-05  79506.02
  7  1  8  1  0.213821E-01  76968.98
  7  1  9  1  0.605276E-01  74682.52
  7  1 10  1  0.539944E-01  72663.23
  7  1 11  1  0.171859E-04  70934.36
  7  1 12  1  0.388809E-01  69528.23
  7  1 13  1  0.887762E-02  68489.85
  7  1 14  1  0.953070E-01  67881.64
  7  2  0  2  0.667594E-01 103564.16
  7  2  1  2  0.422188E-03  99420.69
  7  2  2  2  0.486210E-01  95512.22
  7  2  3  2  0.136023E-01  91833.85
  7  2  4  2  0.301863E-01  88382.81
  7  2  5  2  0.989874E-01  85158.23
  7  2  6  2  0.501452E-01  82161.53
  7  2  7  2  0.172512E-02  79396.98
  7  2  8  2  0.135681E-01  76872.17
  7  2  9  2  0.492714E-01  74598.74
  7  2 10  2  0.466169E-01  72593.74
  7  2 11  2  0.244772E-04  70880.41
  7  2 12  2  0.328271E-01  69492.26
  7  2 13  2  0.922674E-02  68475.49
  7  2 14  2  0.849150E-01  67895.39
  7  3  0  3  0.112663E+00 103306.45
  7  3  1  3  0.113696E-02  99180.58
  7  3  2  3  0.808808E-01  95289.29
  7  3  3  3  0.264890E-01  91627.85
  7  3  4  3  0.455780E-01  88193.72
  7  3  5  3  0.172886E+00  84985.98
  7  3  6  3  0.106996E+00  82006.41
  7  3  7  3  0.144107E-01  79259.46
  7  3  8  3  0.282553E-02  76753.01
  7  3  9  3  0.265837E-01  74499.05
  7  3 10  3  0.310983E-01  72515.03
  7  3 11  3  0.217545E-03  70825.44
  7  3 12  3  0.205065E-01  69464.57
  7  3 13  3  0.666681E-02  68480.69
  7  3 14  3  0.576875E-01  67944.07
  7  4  0  4  0.147280E+00 103007.65
  7  4  1  4  0.204586E-02  98905.07
  7  4  2  4  0.104361E+00  95036.57
  7  4  3  4  0.385317E-01  91397.65
  7  4  4  4  0.541246E-01  87985.77
  7  4  5  4  0.231062E+00  84800.44
  7  4  6  4  0.163581E+00  81843.58
  7  4  7  4  0.372556E-01  79120.07
  7  4  8  4  0.421072E-03  76637.99
  7  4  9  4  0.759783E-02  74410.01
  7  4 10  4  0.160167E-01  72454.28
  7  4 11  4  0.998906E-03  70796.33
  7  4 12  4  0.958994E-02  69472.10
  7  4 13  4  0.311671E-02  68532.96
  7  5  0  5  0.152050E+00 102662.79
  7  5  1  5  0.271208E-02  98589.05
  7  5  2  5  0.106396E+00  94748.85
  7  5  3  5  0.434150E-01  91137.73
  7  5  4  5  0.511678E-01  87753.52
  7  5  5  5  0.242210E+00  84595.97
  7  5  6  5  0.189119E+00  81667.39
  7  5  7  5  0.568820E-01  78972.90
  7  5  8  5  0.608370E-02  76521.28
  7  5  9  5  0.782427E-03  74325.78
  7  5 10  5  0.898483E-02  72405.50
  7  5 11  5  0.254557E-02  70787.40
  7  5 12  5  0.519996E-02  69509.72
  7  5 13  5  0.179388E-02  68628.06
  7  6  0  6  0.134421E+00 102251.29
  7  6  1  6  0.318038E-02  98211.77
  7  6  2  6  0.924088E-01  94404.85
  7  6  3  6  0.427242E-01  90826.87
  7  6  4  6  0.398753E-01  87475.69
  7  6  5  6  0.217361E+00  84351.28
  7  6  6  6  0.191053E+00  81456.28
  7  6  7  6  0.753079E-01  78796.51
  7  6  8  6  0.187493E-01  76381.35
  7  6  9  6  0.860078E-03  74224.84
  7  6 10  6  0.602366E-02  72347.29
  7  6 11  6  0.630715E-02  70777.51
  7  6 12  6  0.406460E-02  69556.63
  7  6 13  6  0.242070E-02  68747.02
  7  7  0  7  0.844878E-01 101734.65
  7  7  1  7  0.304985E-02  97734.78
  7  7  2  7  0.559894E-01  93966.54
  7  7  3  7  0.322040E-01  90426.76
  7  7  4  7  0.188880E-01  87113.46
  7  7  5  7  0.138466E+00  84027.28
  7  7  6  7  0.151026E+00  81171.27
  7  7  7  7  0.889327E-01  78551.78
  7  7  8  7  0.451665E-01  76179.08
  7  7  9  7  0.113039E-01  74068.08
  7  7 10  7  0.440345E-02  72240.76
  7  7 11  7  0.164395E-01  70728.16
  7  7 12  7  0.486284E-02  69575.61
  7  7 13  7  0.101850E-01  68855.37
  7  8  0  8  0.318367E-01 101062.69
  7  8  1  8  0.212473E-02  97106.65
  7  8  2  8  0.193307E-01  93382.30
  7  8  3  8  0.163609E-01  89885.54
  7  8  4  8  0.318061E-02  86615.36
  7  8  5  8  0.503688E-01  83572.28
  7  8  6  8  0.801956E-01  80760.52
  7  8  7  8  0.788540E-01  78186.76
  7  8  8  8  0.687903E-01  75862.34
  7  8  9  8  0.272049E-01  73803.63
  7  8 10  8  0.440351E-02  72033.99
  7  8 11  8  0.269320E-01  70588.14
  7  8 12  8  0.750605E-02  69516.41
  7  9  0  9  0.134929E-01 100257.41
  7  9  1  9  0.171277E-02  96351.10
  7  9  2  9  0.690338E-02  92674.58
  7  9  3  9  0.967347E-02  89225.55
  7  9  4  9  0.460727E-04  86002.95
  7  9  5  9  0.170428E-01  83008.17
  7  9  6  9  0.436316E-01  80245.71
  7  9  7  9  0.654339E-01  77723.34
  7  9  8  9  0.750327E-01  75453.30
  7  9  9  9  0.303566E-01  73453.49
  7  9 10  9  0.761968E-02  71749.98
  7  9 11  9  0.260455E-01  70380.74
  7  9 12  9  0.941077E-02  69404.77
  7 10  0 10  0.947599E-02  99363.57
  7 10  1 10  0.214085E-02  95510.59
  7 10  2 10  0.358820E-02  91886.96
  7 10  3 10  0.903491E-02  88490.36
  7 10  4 10  0.808733E-03  85319.93
  7 10  5 10  0.590363E-02  82378.17
  7 10  6 10  0.282248E-01  79670.03
  7 10  7 10  0.583788E-01  77204.27
  7 10  8 10  0.754718E-01  74994.58
  7 10  9 10  0.253400E-01  73060.86
  7 10 10 10  0.142395E-01  71431.70
  7 10 11 10  0.175810E-01  70150.75
  7 10 12 10  0.441618E-02  69289.78
  7 11  0 11  0.143310E-01  98404.80
  7 11  1 11  0.536685E-02  94609.71
  7 11  2 11  0.316918E-02  91043.25
  7 11  3 11  0.166011E-01  87703.00
  7 11  4 11  0.740302E-02  84589.35
  7 11  5 11  0.481828E-03  81705.15
  7 11  6 11  0.179890E-01  79056.23
  7 11  7 11  0.531324E-01  76652.72
  7 11  8 11  0.728105E-01  74509.79
  7 11  9 11  0.173436E-01  72649.18
  7 11 10 11  0.226160E-01  71104.13
  7 11 11 11  0.721340E-02  69924.68
  7 12  0 12  0.986356E-01  97448.55
  7 12  1 12  0.550860E-01  93715.72
  7 12  2 12  0.856087E-02  90210.01
  7 12  3 12  0.121620E+00  86930.38
  7 12  4 12  0.124694E+00  83877.68
  7 12  5 12  0.342535E-01  81055.39
  7 12  6 12  0.737731E-05  78470.79
  7 12  7 12  0.202641E-01  76134.84
  7 12  8 12  0.415008E-01  74065.12
  7 12  9 12  0.963700E-02  72285.93
  7 12 10 12  0.152927E-01  70835.17
  7 12 11 12  0.175684E-02  69774.05
  7 13  0 13  0.159868E+00  96722.58
  7 13  1 13  0.102576E+00  93055.34
  7 13  2 13  0.770752E-02  89614.30
  7 13  3 13  0.195501E+00  86399.32
  7 13  4 13  0.251911E+00  83411.79
  7 13  5 13  0.120074E+00  80656.18
  7 13  6 13  0.273244E-01  78140.58
  7 13  7 13  0.151359E-02  75878.18
  7 13  8 13  0.268887E-02  73887.95
  7 13  9 13  0.627652E-02  72198.76
  7 13 10 13  0.462054E-03  70854.79
  7 14  0 14  0.696922E-01  95931.35
  7 14  1 14  0.531040E-01  92332.87
  7 14  2 14  0.846743E-03  88960.22
  7 14  3 14  0.813094E-01  85813.70
  7 14  4 14  0.139468E+00  82895.39
  7 14  5 14  0.107247E+00  80210.58
  7 14  6 14  0.663844E-01  77769.05
  7 14  7 14  0.353507E-01  75585.66
  7 14  8 14  0.193453E-02  73682.79
  7 14  9 14  0.163380E-01  72093.24
  7 14 10 14  0.726195E-03  70871.24
  7 15  0 15  0.103107E-01  94865.63
  7 15  1 15  0.112997E-01  91339.71
  7 15  2 15  0.418642E-03  88039.02
  7 15  3 15  0.835809E-02  84964.30
  7 15  4 15  0.289994E-01  82118.98
  7 15  5 15  0.472995E-01  79509.65
  7 15  6 15  0.658832E-01  77147.45
  7 15  7 15  0.603572E-01  75049.63
  7 15  8 15  0.480660E-02  73241.60
  7 15  9 15  0.274945E-01  71763.38
  8  0  0  0  0.207012E-01 104749.30
  8  0  1  0  0.577384E-03 100588.16
  8  0  2  0  0.156811E-01  96662.37
  8  0  3  0  0.424355E-05  92966.94
  8  0  4  0  0.192999E-01  89498.99
  8  0  5  0  0.922853E-02  86257.38
  8  0  6  0  0.580090E-02  83243.52
  8  0  7  0  0.503273E-01  80461.39
  8  0  8  0  0.833175E-01  77918.14
  8  0  9  0  0.704611E-01  75625.21
  8  0 10  0  0.113268E-01  73598.83
  8  0 11  0  0.207469E-01  71862.17
  8  0 12  0  0.145561E-01  70447.10
  8  0 13  0  0.176097E-01  69397.94
  8  0 14  0  0.797466E-01  68775.92
  8  1  0  1  0.202171E-01 104647.48
  8  1  1  1  0.500386E-03 100492.23
  8  1  2  1  0.153588E-01  96572.17
  8  1  3  1  0.196917E-04  92882.47
  8  1  4  1  0.186557E-01  89420.17
  8  1  5  1  0.976043E-02  86184.27
  8  1  6  1  0.477574E-02  83176.16
  8  1  7  1  0.474511E-01  80399.84
  8  1  8  1  0.817794E-01  77862.80
  8  1  9  1  0.705801E-01  75576.34
  8  1 10  1  0.112033E-01  73557.05
  8  1 11  1  0.213462E-01  71828.18
  8  1 12  1  0.138951E-01  70422.05
  8  1 13  1  0.174660E-01  69383.67
  8  1 14  1  0.876109E-01  68775.46
  8  2  0  2  0.195939E-01 104444.39
  8  2  1  2  0.371774E-03 100300.92
  8  2  2  2  0.149565E-01  96392.45
  8  2  3  2  0.837154E-04  92714.08
  8  2  4  2  0.176533E-01  89263.04
  8  2  5  2  0.109814E-01  86038.46
  8  2  6  2  0.306595E-02  83041.76
  8  2  7  2  0.422179E-01  80277.21
  8  2  8  2  0.788697E-01  77752.40
  8  2  9  2  0.706364E-01  75478.97
  8  2 10  2  0.108416E-01  73473.97
  8  2 11  2  0.225710E-01  71760.64
  8  2 12  2  0.124820E-01  70372.49
  8  2 13  2  0.168900E-01  69355.72
  8  2 14  2  0.103275E+00  68775.62
  8  3  0  3  0.194838E-01 104141.28
  8  3  1  3  0.227252E-03 100015.41
  8  3  2  3  0.149395E-01  96124.12
  8  3  3  3  0.267905E-03  92462.68
  8  3  4  3  0.167869E-01  89028.55
  8  3  5  3  0.133376E-01  85820.81
  8  3  6  3  0.123108E-02  82841.24
  8  3  7  3  0.353637E-01  80094.29
  8  3  8  3  0.748193E-01  77587.84
  8  3  9  3  0.703374E-01  75333.88
  8  3 10  3  0.100860E-01  73349.86
  8  3 11  3  0.244163E-01  71660.27
  8  3 12  3  0.102396E-01  70299.40
  8  3 13  3  0.152785E-01  69315.52
  8  3 14  3  0.123623E+00  68778.90
  8  4  0  4  0.209654E-01 103741.39
  8  4  1  4  0.966157E-04  99638.81
  8  4  2  4  0.160886E-01  95770.31
  8  4  3  4  0.733526E-03  92131.39
  8  4  4  4  0.167197E-01  88719.51
  8  4  5  4  0.180054E-01  85534.18
  8  4  6  4  0.446777E-04  82577.32
  8  4  7  4  0.273543E-01  79853.81
  8  4  8  4  0.696323E-01  77371.73
  8  4  9  4  0.693262E-01  75143.75
  8  4 10  4  0.886835E-02  73188.02
  8  4 11  4  0.266948E-01  71530.07
  8  4 12  4  0.729385E-02  70205.84
  8  4 13  4  0.118270E-01  69266.70
  8  5  0  5  0.264032E-01 103250.69
  8  5  1  5  0.826615E-05  99176.95
  8  5  2  5  0.201098E-01  95336.75
  8  5  3  5  0.197689E-02  91725.63
  8  5  4  5  0.185374E-01  88341.42
  8  5  5  5  0.284321E-01  85183.87
  8  5  6  5  0.130650E-02  82255.29
  8  5  7  5  0.179320E-01  79560.80
  8  5  8  5  0.624028E-01  77109.18
  8  5  9  5  0.669917E-01  74913.68
  8  5 10  5  0.735755E-02  72993.40
  8  5 11  5  0.286878E-01  71375.30
  8  5 12  5  0.416575E-02  70097.62
  8  5 13  5  0.623687E-02  69215.96
  8  6  0  6  0.429414E-01 102683.28
  8  6  1  6  0.705279E-04  98643.76
  8  6  2  6  0.320345E-01  94836.84
  8  6  3  6  0.595233E-02  91258.86
  8  6  4  6  0.247335E-01  87907.68
  8  6  5  6  0.561985E-01  84783.27
  8  6  6  6  0.124903E-01  81888.27
  8  6  7  6  0.643126E-02  79228.50
  8  6  8  6  0.493919E-01  76813.34
  8  6  9  6  0.612640E-01  74656.83
  8  6 10  6  0.614201E-02  72779.28
  8  6 11  6  0.281276E-01  71209.50
  8  6 12  6  0.178235E-02  69988.62
  8  6 13  6  0.760386E-03  69179.01
  8  7  0  7  0.859790E-01 102075.13
  8  7  1  7  0.836863E-03  98075.26
  8  7  2  7  0.620036E-01  94307.02
  8  7  3  7  0.188041E-01  90767.24
  8  7  4  7  0.380685E-01  87453.94
  8  7  5  7  0.128242E+00  84367.76
  8  7  6  7  0.611097E-01  81511.75
  8  7  7  7  0.642260E-03  78892.26
  8  7  8  7  0.233071E-01  76519.56
  8  7  9  7  0.449620E-01  74408.56
  8  7 10  7  0.637928E-02  72581.24
  8  7 11  7  0.196899E-01  71068.64
  8  7 12  7  0.932083E-03  69916.09
  8  7 13  7  0.154295E-02  69195.85
  8  8  0  8  0.124222E+00 101476.56
  8  8  1  8  0.258685E-02  97520.52
  8  8  2  8  0.864306E-01  93796.17
  8  8  3  8  0.360449E-01  90299.41
  8  8  4  8  0.424720E-01  87029.23
  8  8  5  8  0.196750E+00  83986.15
  8  8  6  8  0.137150E+00  81174.39
  8  8  7  8  0.230566E-01  78600.63
  8  8  8  8  0.177573E-02  76276.21
  8  8  9  8  0.215177E-01  74217.50
  8  8 10  8  0.858062E-02  72447.86
  8  8 11  8  0.777556E-02  71002.01
  8  8 12  8  0.154555E-02  69930.28
  8  9  0  9  0.112303E+00 100850.70
  8  9  1  9  0.394861E-02  96944.39
  8  9  2  9  0.749564E-01  93267.87
  8  9  3  9  0.408201E-01  89818.84
  8  9  4  9  0.283907E-01  86596.24
  8  9  5  9  0.182495E+00  83601.46
  8  9  6  9  0.166210E+00  80839.00
  8  9  7  9  0.564732E-01  78316.63
  8  9  8  9  0.322467E-02  76046.59
  8  9  9  9  0.837582E-02  74046.78
  8  9 10  9  0.136011E-01  72343.27
  8  9 11  9  0.274545E-02  70974.03
  8  9 12  9  0.384687E-02  69998.06
  8 10  0 10  0.663843E-01 100118.27
  8 10  1 10  0.421486E-02  96265.29
  8 10  2 10  0.409616E-01  92641.66
  8 10  3 10  0.322090E-01  89245.06
  8 10  4 10  0.872607E-02  86074.63
  8 10  5 10  0.106143E+00  83132.87
  8 10  6 10  0.136906E+00  80424.73
  8 10  7 10  0.819856E-01  77958.97
  8 10  8 10  0.208736E-01  75749.28
  8 10  9 10  0.226600E-02  73815.56
  8 10 10 10  0.226025E-01  72186.40
  8 10 11 10  0.146248E-02  70905.45
  8 10 12 10  0.101207E-01  70044.48
  8 11  0 11  0.314417E-01  99241.58
  8 11  1 11  0.389556E-02  95446.49
  8 11  2 11  0.164155E-01  91880.03
  8 11  3 11  0.217314E-01  88539.78
  8 11  4 11  0.367579E-03  85426.13
  8 11  5 11  0.417014E-01  82541.93
  8 11  6 11  0.864179E-01  79893.01
  8 11  7 11  0.840428E-01  77489.50
  8 11  8 11  0.360551E-01  75346.57
  8 11  9 11  0.925804E-03  73485.96
  8 11 10 11  0.290990E-01  71940.91
  8 11 11 11  0.306578E-02  70761.46
  8 12  0 12  0.212018E-01  98260.68
  8 12  1 12  0.490657E-02  94527.85
  8 12  2 12  0.804261E-02  91022.14
  8 12  3 12  0.201658E-01  87742.51
  8 12  4 12  0.150759E-02  84689.81
  8 12  5 12  0.141515E-01  81867.52
  8 12  6 12  0.555396E-01  79282.92
  8 12  7 12  0.772248E-01  76946.97
  8 12  8 12  0.387978E-01  74877.25
  8 12  9 12  0.184770E-02  73098.06
  8 12 10 12  0.290805E-01  71647.30
  8 12 11 12  0.918513E-02  70586.18
  8 13  0 13  0.301688E-01  97222.65
  8 13  1 13  0.119532E-01  93555.41
  8 13  2 13  0.631690E-02  90114.37
  8 13  3 13  0.354434E-01  86899.39
  8 13  4 13  0.159358E-01  83911.86
  8 13  5 13  0.104375E-02  81156.25
  8 13  6 13  0.331516E-01  78640.65
  8 13  7 13  0.675426E-01  76378.25
  8 13  8 13  0.351332E-01  74388.02
  8 13  9 13  0.419454E-02  72698.83
  8 13 10 13  0.226964E-01  71354.86
  8 14  0 14  0.106306E+00  96224.50
  8 14  1 14  0.626095E-01  92626.02
  8 14  2 14  0.813148E-02  89253.37
  8 14  3 14  0.132264E+00  86106.85
  8 14  4 14  0.136086E+00  83188.54
  8 14  5 14  0.327446E-01  80503.73
  8 14  6 14  0.103909E-02  78062.20
  8 14  7 14  0.288992E-01  75878.81
  8 14  8 14  0.247018E-01  73975.94
  8 14  9 14  0.152080E-02  72386.39
  8 14 10 14  0.112422E-01  71164.39
  8 15  0 15  0.124650E+00  95392.75
  8 15  1 15  0.893213E-01  91866.83
  8 15  2 15  0.323554E-02  88566.14
  8 15  3 15  0.150905E+00  85491.42
  8 15  4 15  0.216649E+00  82646.10
  8 15  5 15  0.111502E+00  80036.77
  8 15  6 15  0.220840E-01  77674.57
  8 15  7 15  0.201379E-03  75576.75
  8 15  8 15  0.127868E-01  73768.72
  8 15  9 15  0.136343E-02  72290.50
  9  0  0  0  0.700000E-01 105420.96
  9  0  1  0  0.720977E-02 101259.82
  9  0  2  0  0.479601E-01  97334.03
  9  0  3  0  0.477731E-02  93638.60
  9  0  4  0  0.672518E-01  90170.65
  9  0  5  0  0.195273E-02  86929.04
  9  0  6  0  0.843985E-01  83915.18
  9  0  7  0  0.158456E+00  81133.05
  9  0  8  0  0.702808E-01  78589.80
  9  0  9  0  0.234170E-02  76296.87
  9  0 10  0  0.170314E-01  74270.49
  9  0 11  0  0.162858E-01  72533.83
  9  0 12  0  0.710538E-02  71118.76
  9  0 13  0  0.319674E-02  70069.60
  9  0 14  0  0.660481E-02  69447.58
  9  1  0  1  0.678804E-01 105332.51
  9  1  1  1  0.673086E-02 101177.26
  9  1  2  1  0.467673E-01  97257.20
  9  1  3  1  0.428804E-02  93567.50
  9  1  4  1  0.654379E-01  90105.20
  9  1  5  1  0.231948E-02  86869.30
  9  1  6  1  0.798580E-01  83861.19
  9  1  7  1  0.156016E+00  81084.87
  9  1  8  1  0.729562E-01  78547.83
  9  1  9  1  0.321397E-02  76261.37
  9  1 10  1  0.160835E-01  74242.08
  9  1 11  1  0.170293E-01  72513.21
  9  1 12  1  0.688741E-02  71107.08
  9  1 13  1  0.335972E-02  70068.70
  9  1 14  1  0.842519E-02  69460.49
  9  2  0  2  0.634014E-01 105154.67
  9  2  1  2  0.579618E-02 101011.20
  9  2  2  2  0.441677E-01  97102.73
  9  2  3  2  0.337367E-02  93424.36
  9  2  4  2  0.614913E-01  89973.32
  9  2  5  2  0.312475E-02  86748.74
  9  2  6  2  0.705947E-01  83752.04
  9  2  7  2  0.149838E+00  80987.49
  9  2  8  2  0.775836E-01  78462.68
  9  2  9  2  0.522316E-02  76189.25
  9  2 10  2  0.143850E-01  74184.25
  9  2 11  2  0.184889E-01  72470.92
  9  2 12  2  0.657840E-02  71082.77
  9  2 13  2  0.366861E-02  70066.00
  9  2 14  2  0.130297E-01  69485.90
  9  3  0  3  0.565200E-01 104885.11
  9  3  1  3  0.450676E-02 100759.24
  9  3  2  3  0.400234E-01  96867.95
  9  3  3  3  0.220314E-02  93206.51
  9  3  4  3  0.551915E-01  89772.38
  9  3  5  3  0.448144E-02  86564.64
  9  3  6  3  0.569379E-01  83585.07
  9  3  7  3  0.138193E+00  80838.12
  9  3  8  3  0.826786E-01  78331.67
  9  3  9  3  0.862740E-02  76077.71
  9  3 10  3  0.123078E-01  74093.69
  9  3 11  3  0.205226E-01  72404.10
  9  3 12  3  0.640930E-02  71043.23
  9  3 13  3  0.406618E-02  70059.35
  9  3 14  3  0.223691E-01  69522.73
  9  4  0  4  0.480470E-01 104520.92
  9  4  1  4  0.308850E-02 100418.34
  9  4  2  4  0.347403E-01  96549.84
  9  4  3  4  0.106480E-02  92910.92
  9  4  4  4  0.470823E-01  89499.04
  9  4  5  4  0.650308E-02  86313.71
  9  4  6  4  0.406217E-01  83356.85
  9  4  7  4  0.120579E+00  80633.34
  9  4  8  4  0.862715E-01  78151.26
  9  4  9  4  0.132062E-01  75923.28
  9  4 10  4  0.103433E-01  73967.55
  9  4 11  4  0.227325E-01  72309.60
  9  4 12  4  0.668550E-02  70985.37
  9  4 13  4  0.445277E-02  70046.23
  9  5  0  5  0.398464E-01 104059.78
  9  5  1  5  0.183006E-02  99986.04
  9  5  2  5  0.294862E-01  96145.84
  9  5  3  5  0.267904E-03  92534.72
  9  5  4  5  0.387500E-01  89150.51
  9  5  5  5  0.935785E-02  85992.96
  9  5  6  5  0.246914E-01  83064.38
  9  5  7  5  0.990179E-01  80369.89
  9  5  8  5  0.868482E-01  77918.27
  9  5  9  5  0.179833E-01  75722.77
  9  5 10  5  0.897205E-02  73802.49
  9  5 11  5  0.244218E-01  72184.39
  9  5 12  5  0.774965E-02  70906.71
  9  5 13  5  0.484037E-02  70025.05
  9  6  0  6  0.340796E-01 103503.24
  9  6  1  6  0.912555E-03  99463.72
  9  6  2  6  0.257599E-01  95656.80
  9  6  3  6  0.968384E-06  92078.82
  9  6  4  6  0.321002E-01  88727.64
  9  6  5  6  0.135938E-01  85603.23
  9  6  6  6  0.118049E-01  82708.23
  9  6  7  6  0.769275E-01  80048.46
  9  6  8  6  0.842482E-01  77633.30
  9  6  9  6  0.217052E-01  75476.79
  9  6 10  6  0.847700E-02  73599.24
  9  6 11  6  0.248101E-01  72029.46
  9  6 12  6  0.987329E-02  70808.58
  9  6 13  6  0.584255E-02  69998.97
  9  7  0  7  0.326133E-01 102856.93
  9  7  1  7  0.335117E-03  98857.06
  9  7  2  7  0.249716E-01  95088.82
  9  7  3  7  0.418005E-03  91549.04
  9  7  4  7  0.284723E-01  88235.74
  9  7  5  7  0.209501E-01  85149.56
  9  7  6  7  0.310377E-02  82293.55
  9  7  7  7  0.562583E-01  79674.06
  9  7  8  7  0.791665E-01  77301.36
  9  7  9  7  0.237327E-01  75190.36
  9  7 10  7  0.880000E-02  73363.04
  9  7 11  7  0.233539E-01  71850.44
  9  7 12  7  0.129714E-01  70697.89
  9  7 13  7  0.100282E-01  69977.65
  9  8  0  8  0.382950E-01 102134.28
  9  8  1  8  0.315784E-04  98178.24
  9  8  2  8  0.292292E-01  94453.89
  9  8  3  8  0.217867E-02  90957.13
  9  8  4  8  0.288760E-01  87686.95
  9  8  5  8  0.365479E-01  84643.87
  9  8  6  8  0.107262E-03  81832.11
  9  8  7  8  0.360025E-01  79258.35
  9  8  8  8  0.713976E-01  76933.93
  9  8  9  8  0.244049E-01  74875.22
  9  8 10  8  0.929004E-02  73105.58
  9  8 11  8  0.200127E-01  71659.73
  9  8 12  8  0.161685E-01  70588.00
  9  9  0  9  0.582796E-01 101358.65
  9  9  1  9  0.145222E-03  97452.34
  9  9  2  9  0.433514E-01  93775.82
  9  9  3  9  0.804154E-02  90326.79
  9  9  4  9  0.344324E-01  87104.19
  9  9  5  9  0.741737E-01  84109.41
  9  9  6  9  0.122256E-01  81346.95
  9  9  7  9  0.138720E-01  78824.58
  9  9  8  9  0.572054E-01  76554.54
  9  9  9  9  0.247464E-01  74554.73
  9  9 10  9  0.798110E-02  72851.22
  9  9 11  9  0.155667E-01  71481.98
  9  9 12  9  0.176375E-01  70506.01
  9 10  0 10  0.935995E-01 100575.60
  9 10  1 10  0.143822E-02  96722.62
  9 10  2 10  0.664880E-01  93098.99
  9 10  3 10  0.226203E-01  89702.39
  9 10  4 10  0.395808E-01  86531.96
  9 10  5 10  0.140005E+00  83590.20
  9 10  6 10  0.620746E-01  80882.06
  9 10  7 10  0.101093E-06  78416.30
  9 10  8 10  0.310975E-01  76206.61
  9 10  9 10  0.247309E-01  74272.89
  9 10 10 10  0.314462E-02  72643.73
  9 10 11 10  0.116873E-01  71362.78
  9 10 12 10  0.168568E-01  70501.81
  9 11  0 11  0.102334E+00  99798.22
  9 11  1 11  0.369872E-02  96003.13
  9 11  2 11  0.684726E-01  92436.67
  9 11  3 11  0.359948E-01  89096.42
  9 11  4 11  0.284590E-01  85982.77
  9 11  5 11  0.163100E+00  83098.57
  9 11  6 11  0.119021E+00  80449.65
  9 11  7 11  0.149328E-01  78046.14
  9 11  8 11  0.793214E-02  75903.21
  9 11  9 11  0.238578E-01  74042.60
  9 11 10 11  0.671695E-04  72497.55
  9 11 11 11  0.102871E-01  71318.10
  9 12  0 12  0.722971E-01  98955.18
  9 12  1 12  0.525627E-02  95222.35
  9 12  2 12  0.438467E-01  91716.64
  9 12  3 12  0.363284E-01  88437.01
  9 12  4 12  0.910754E-02  85384.31
  9 12  5 12  0.113059E+00  82562.02
  9 12  6 12  0.127107E+00  79977.42
  9 12  7 12  0.425397E-01  77641.47
  9 12  8 12  0.106797E-03  75571.75
  9 12  9 12  0.240221E-01  73792.56
  9 12 10 12  0.801114E-03  72341.80
  9 12 11 12  0.106401E-01  71280.68
  9 13  0 13  0.425899E-01  97994.88
  9 13  1 13  0.618669E-02  94327.64
  9 13  2 13  0.212143E-01  90886.60
  9 13  3 13  0.312441E-01  87671.62
  9 13  4 13  0.201704E-03  84684.09
  9 13  5 13  0.526191E-01  81928.48
  9 13  6 13  0.980273E-01  79412.88
  9 13  7 13  0.578052E-01  77150.48
  9 13  8 13  0.126396E-02  75160.25
  9 13  9 13  0.250783E-01  73471.06
  9 13 10 13  0.116053E-02  72127.09
  9 14  0 14  0.345619E-01  96944.74
  9 14  1 14  0.941212E-02  93346.26
  9 14  2 14  0.117565E-01  89973.61
  9 14  3 14  0.349435E-01  86827.09
  9 14  4 14  0.407971E-02  83908.78
  9 14  5 14  0.180160E-01  81223.97
  9 14  6 14  0.686893E-01  78782.44
  9 14  7 14  0.590378E-01  76599.05
  9 14  8 14  0.212964E-02  74696.18
  9 14  9 14  0.265333E-01  73106.63
  9 14 10 14  0.884066E-04  71884.63
  9 15  0 15  0.552755E-01  95862.47
  9 15  1 15  0.253813E-01  92336.55
  9 15  2 15  0.918667E-02  89035.86
  9 15  3 15  0.673119E-01  85961.14
  9 15  4 15  0.371459E-01  83115.82
  9 15  5 15  0.163240E-03  80506.49
  9 15  6 15  0.376610E-01  78144.29
  9 15  7 15  0.523351E-01  76046.47
  9 15  8 15  0.237171E-02  74238.44
  9 15  9 15  0.241565E-01  72760.22
 10  0  0  0  0.541752E-01 106003.94
 10  0  1  0  0.108851E-01 101842.80
 10  0  2  0  0.314503E-01  97917.01
 10  0  3  0  0.122725E-01  94221.58
 10  0  4  0  0.435284E-01  90753.63
 10  0  5  0  0.349691E-02  87512.02
 10  0  6  0  0.880527E-01  84498.16
 10  0  7  0  0.469288E-01  81716.03
 10  0  8  0  0.215445E-02  79172.78
 10  0  9  0  0.488738E-01  76879.85
 10  0 10  0  0.241098E-01  74853.47
 10  0 11  0  0.776031E-02  73116.81
 10  0 12  0  0.146943E-01  71701.74
 10  0 13  0  0.152182E-01  70652.58
 10  0 14  0  0.117648E-01  70030.56
 10  1  0  1  0.560162E-01 105911.03
 10  1  1  1  0.109258E-01 101755.78
 10  1  2  1  0.328529E-01  97835.72
 10  1  3  1  0.121568E-01  94146.02
 10  1  4  1  0.455841E-01  90683.72
 10  1  5  1  0.310454E-02  87447.82
 10  1  6  1  0.907338E-01  84439.71
 10  1  7  1  0.517746E-01  81663.39
 10  1  8  1  0.127689E-02  79126.35
 10  1  9  1  0.466491E-01  76839.89
 10  1 10  1  0.244353E-01  74820.60
 10  1 11  1  0.725943E-02  73091.73
 10  1 12  1  0.144362E-01  71685.60
 10  1 13  1  0.150135E-01  70647.22
 10  1 14  1  0.134901E-01  70039.01
 10  2  0  2  0.595741E-01 105727.62
 10  2  1  2  0.109487E-01 101584.15
 10  2  2  2  0.356209E-01  97675.68
 10  2  3  2  0.118491E-01  93997.31
 10  2  4  2  0.496332E-01  90546.27
 10  2  5  2  0.235331E-02  87321.69
 10  2  6  2  0.955997E-01  84324.99
 10  2  7  2  0.618817E-01  81560.44
 10  2  8  2  0.197789E-03  79035.63
 10  2  9  2  0.420862E-01  76762.20
 10  2 10  2  0.250723E-01  74757.20
 10  2 11  2  0.623928E-02  73043.87
 10  2 12  2  0.139710E-01  71655.72
 10  2 13  2  0.145863E-01  70638.95
 10  2 14  2  0.174513E-01  70058.85
 10  3  0  3  0.642605E-01 105457.88
 10  3  1  3  0.107982E-01 101332.01
 10  3  2  3  0.394529E-01  97440.72
 10  3  3  3  0.111690E-01  93779.28
 10  3  4  3  0.552198E-01  90345.15
 10  3  5  3  0.135539E-02  87137.41
 10  3  6  3  0.101095E+00  84157.84
 10  3  7  3  0.773783E-01  81410.89
 10  3  8  3  0.345402E-03  78904.44
 10  3  9  3  0.351497E-01  76650.48
 10  3 10  3  0.259680E-01  74666.46
 10  3 11  3  0.473808E-02  72976.87
 10  3 12  3  0.134081E-01  71616.00
 10  3 13  3  0.139855E-01  70632.12
 10  3 14  3  0.244111E-01  70095.50
 10  4  0  4  0.684954E-01 105107.07
 10  4  1  4  0.101952E-01 101004.49
 10  4  2  4  0.433936E-01  97135.99
 10  4  3  4  0.984672E-02  93497.07
 10  4  4  4  0.609237E-01  90085.19
 10  4  5  4  0.395693E-03  86899.86
 10  4  6  4  0.103866E+00  83943.00
 10  4  7  4  0.965353E-01  81219.49
 10  4  8  4  0.367313E-02  78737.41
 10  4  9  4  0.263021E-01  76509.43
 10  4 10  4  0.270061E-01  74553.70
 10  4 11  4  0.297766E-02  72895.75
 10  4 12  4  0.129120E-01  71571.52
 10  4 13  4  0.135033E-01  70632.38
 10  5  0  5  0.697222E-01 104678.18
 10  5  1  5  0.884800E-02 100604.44
 10  5  2  5  0.457304E-01  96764.24
 10  5  3  5  0.769910E-02  93153.12
 10  5  4  5  0.642026E-01  89768.91
 10  5  5  5  0.639064E-05  86611.36
 10  5  6  5  0.992379E-01  83682.78
 10  5  7  5  0.114330E+00  80988.29
 10  5  8  5  0.116158E-01  78536.67
 10  5  9  5  0.168388E-01  76341.17
 10  5 10  5  0.280362E-01  74420.89
 10  5 11  5  0.138862E-02  72802.79
 10  5 12  5  0.126542E-01  71525.11
 10  5 13  5  0.139109E-01  70643.45
 10  6  0  6  0.658108E-01 104169.79
 10  6  1  6  0.673316E-02 100130.27
 10  6  2  6  0.448098E-01  96323.35
 10  6  3  6  0.492906E-02  92745.37
 10  6  4  6  0.625634E-01  89394.19
 10  6  5  6  0.888695E-03  86269.78
 10  6  6  6  0.840169E-01  83374.78
 10  6  7  6  0.123519E+00  80715.01
 10  6  8  6  0.236097E-01  78299.85
 10  6  9  6  0.861692E-02  76143.34
 10  6 10  6  0.289352E-01  74265.79
 10  6 11  6  0.385586E-03  72696.01
 10  6 12  6  0.126623E-01  71475.13
 10  6 13  6  0.169162E-01  70665.52
 10  7  0  7  0.572952E-01 103575.20
 10  7  1  7  0.430320E-02  99575.33
 10  7  2  7  0.405761E-01  95807.09
 10  7  3  7  0.225294E-02  92267.31
 10  7  4  7  0.557725E-01  88954.01
 10  7  5  7  0.364995E-02  85867.83
 10  7  6  7  0.601997E-01  83011.82
 10  7  7  7  0.119124E+00  80392.33
 10  7  8  7  0.365876E-01  78019.63
 10  7  9  7  0.314505E-02  75908.63
 10  7 10  7  0.295827E-01  74081.31
 10  7 11  7  0.345501E-04  72568.71
 10  7 12  7  0.125375E-01  71416.16
 10  7 13  7  0.268796E-01  70695.92
 10  8  0  8  0.480372E-01 102890.67
 10  8  1  8  0.224398E-02  98934.63
 10  8  2  8  0.353330E-01  95210.28
 10  8  3  8  0.489040E-03  91713.52
 10  8  4  8  0.469093E-01  88443.34
 10  8  5  8  0.868137E-02  85400.26
 10  8  6  8  0.349566E-01  82588.50
 10  8  7  8  0.102902E+00  80014.74
 10  8  8  8  0.465611E-01  77690.32
 10  8  9  8  0.651754E-03  75631.61
 10  8 10  8  0.298869E-01  73861.97
 10  8 11  8  0.465405E-06  72416.12
 10  8 12  8  0.112619E-01  71344.39
 10  9  0  9  0.427422E-01 102118.92
 10  9  1  9  0.898897E-03  98212.61
 10  9  2  9  0.323653E-01  94536.09
 10  9  3  9  0.183296E-04  91087.06
 10  9  4  9  0.401348E-01  87864.46
 10  9  5  9  0.170280E-01  84869.68
 10  9  6  9  0.147808E-01  82107.22
 10  9  7  9  0.813772E-01  79584.85
 10  9  8  9  0.516710E-01  77314.81
 10  9  9  9  0.225135E-04  75315.00
 10  9 10  9  0.297596E-01  73611.49
 10  9 11  9  0.387102E-04  72242.25
 10  9 12  9  0.762220E-02  71266.28
 10 10  0 10  0.451511E-01 101275.25
 10 10  1 10  0.173902E-03  97422.27
 10 10  2 10  0.345400E-01  93798.64
 10 10  3 10  0.120542E-02  90402.04
 10 10  4 10  0.379051E-01  87231.61
 10 10  5 10  0.327186E-01  84289.85
 10 10  6 10  0.222754E-02  81581.71
 10 10  7 10  0.584418E-01  79115.95
 10 10  8 10  0.527061E-01  76906.26
 10 10  9 10  0.793401E-04  74972.54
 10 10 10 10  0.287103E-01  73343.38
 10 10 11 10  0.369611E-03  72062.43
 10 10 12 10  0.180931E-02  71201.46
 10 11  0 11  0.597842E-01 100385.24
 10 11  1 11  0.473770E-04  96590.15
 10 11  2 11  0.449304E-01  93023.69
 10 11  3 11  0.599694E-02  89683.44
 10 11  4 11  0.403542E-01  86569.79
 10 11  5 11  0.657649E-01  83685.59
 10 11  6 11  0.260134E-02  81036.67
 10 11  7 11  0.328457E-01  78633.16
 10 11  8 11  0.501593E-01  76490.23
 10 11  9 11  0.620411E-03  74629.62
 10 11 10 11  0.254988E-01  73084.57
 10 11 11 11  0.882530E-03  71905.12
 10 12  0 12  0.844815E-01  99487.12
 10 12  1 12  0.115451E-02  95754.29
 10 12  2 12  0.605477E-01  92248.58
 10 12  3 12  0.180579E-01  88968.95
 10 12  4 12  0.405003E-01  85916.25
 10 12  5 12  0.118186E+00  83093.96
 10 12  6 12  0.317395E-01  80509.36
 10 12  7 12  0.757697E-02  78173.41
 10 12  8 12  0.411701E-01  76103.69
 10 12  9 12  0.295402E-02  74324.50
 10 12 10 12  0.191651E-01  72873.74
 10 12 11 12  0.570264E-03  71812.62
 10 13  0 13  0.891903E-01  98588.90
 10 13  1 13  0.366268E-02  94921.66
 10 13  2 13  0.592532E-01  91480.62
 10 13  3 13  0.316300E-01  88265.64
 10 13  4 13  0.256524E-01  85278.11
 10 13  5 13  0.137603E+00  82522.50
 10 13  6 13  0.778506E-01  80006.90
 10 13  7 13  0.533342E-03  77744.50
 10 13  8 13  0.265335E-01  75754.27
 10 13  9 13  0.831593E-02  74065.08
 10 13 10 13  0.130228E-01  72721.11
 10 14  0 14  0.660832E-01  97632.72
 10 14  1 14  0.609775E-02  94034.24
 10 14  2 14  0.384325E-01  90661.59
 10 14  3 14  0.363937E-01  87515.07
 10 14  4 14  0.643392E-02  84596.76
 10 14  5 14  0.975001E-01  81911.95
 10 14  6 14  0.952874E-01  79470.42
 10 14  7 14  0.114467E-01  77287.03
 10 14  8 14  0.148084E-01  75384.16
 10 14  9 14  0.140432E-01  73794.61
 10 14 10 14  0.107129E-01  72572.61
 10 15  0 15  0.473359E-01  96584.86
 10 15  1 15  0.892016E-02  93058.94
 10 15  2 15  0.212277E-01  89758.25
 10 15  3 15  0.389752E-01  86683.53
 10 15  4 15  0.539164E-04  83838.21
 10 15  5 15  0.483267E-01  81228.88
 10 15  6 15  0.833334E-01  78866.68
 10 15  7 15  0.217868E-01  76768.86
 10 15  8 15  0.956882E-02  74960.83
 10 15  9 15  0.155855E-01  73482.61
 11  0  0  0  0.359106E-01 106753.72
 11  0  1  0  0.131002E-01 102592.58
 11  0  2  0  0.149012E-01  98666.79
 11  0  3  0  0.180398E-01  94971.36
 11  0  4  0  0.169896E-01  91503.41
 11  0  5  0  0.177398E-01  88261.80
 11  0  6  0  0.455713E-01  85247.94
 11  0  7  0  0.153343E-03  82465.81
 11  0  8  0  0.605641E-01  79922.56
 11  0  9  0  0.519341E-01  77629.63
 11  0 10  0  0.161501E-03  75603.25
 11  0 11  0  0.307929E-01  73866.59
 11  0 12  0  0.299317E-03  72451.52
 11  0 13  0  0.944459E-02  71402.36
 11  0 14  0  0.465492E-01  70780.34
 11  1  0  1  0.362190E-01 106656.26
 11  1  1  1  0.129077E-01 102501.01
 11  1  2  1  0.153067E-01  98580.95
 11  1  3  1  0.177288E-01  94891.25
 11  1  4  1  0.176644E-01  91428.95
 11  1  5  1  0.171005E-01  88193.05
 11  1  6  1  0.469869E-01  85184.94
 11  1  7  1  0.244399E-04  82408.62
 11  1  8  1  0.581414E-01  79871.58
 11  1  9  1  0.521105E-01  77585.12
 11  1 10  1  0.113171E-03  75565.83
 11  1 11  1  0.306127E-01  73836.96
 11  1 12  1  0.328538E-03  72430.83
 11  1 13  1  0.898879E-02  71392.45
 11  1 14  1  0.499304E-01  70784.24
 11  2  0  2  0.370154E-01 106462.43
 11  2  1  2  0.125774E-01 102318.96
 11  2  2  2  0.162079E-01  98410.49
 11  2  3  2  0.171713E-01  94732.12
 11  2  4  2  0.191336E-01  91281.08
 11  2  5  2  0.158800E-01  88056.50
 11  2  6  2  0.500184E-01  85059.80
 11  2  7  2  0.103825E-03  82295.25
 11  2  8  2  0.533392E-01  79770.44
 11  2  9  2  0.523607E-01  77497.01
 11  2 10  2  0.434703E-04  75492.01
 11  2 11  2  0.302185E-01  73778.68
 11  2 12  2  0.392492E-03  72390.53
 11  2 13  2  0.804913E-02  71373.76
 11  2 14  2  0.572752E-01  70793.66
 11  3  0  3  0.386669E-01 106174.43
 11  3  1  3  0.122055E-01 102048.56
 11  3  2  3  0.178044E-01  98157.27
 11  3  3  3  0.164744E-01  94495.83
 11  3  4  3  0.216675E-01  91061.70
 11  3  5  3  0.141653E-01  87853.96
 11  3  6  3  0.550887E-01  84874.39
 11  3  7  3  0.113019E-02  82127.44
 11  3  8  3  0.462415E-01  79620.99
 11  3  9  3  0.524975E-01  77367.03
 11  3 10  3  0.385907E-06  75383.01
 11  3 11  3  0.295360E-01  73693.42
 11  3 12  3  0.497103E-03  72332.55
 11  3 13  3  0.659608E-02  71348.67
 11  3 14  3  0.690977E-01  70812.05
 11  4  0  4  0.417133E-01 105796.51
 11  4  1  4  0.118910E-01 101693.93
 11  4  2  4  0.204287E-01  97825.43
 11  4  3  4  0.157335E-01  94186.51
 11  4  4  4  0.257280E-01  90774.63
 11  4  5  4  0.120185E-01  87589.30
 11  4  6  4  0.628118E-01  84632.44
 11  4  7  4  0.440607E-02  81908.93
 11  4  8  4  0.369872E-01  79426.85
 11  4  9  4  0.522510E-01  77198.87
 11  4 10  4  0.565201E-04  75243.14
 11  4 11  4  0.284383E-01  73585.19
 11  4 12  4  0.633395E-03  72260.96
 11  4 13  4  0.465743E-02  71321.82
 11  5  0  5  0.467171E-01 105334.89
 11  5  1  5  0.116620E-01 101261.15
 11  5  2  5  0.245020E-01  97420.95
 11  5  3  5  0.149326E-01  93809.83
 11  5  4  5  0.319167E-01  90425.62
 11  5  5  5  0.942005E-02  87268.07
 11  5  6  5  0.736349E-01  84339.49
 11  5  7  5  0.120172E-01  81645.00
 11  5  8  5  0.259155E-01  79193.38
 11  5  9  5  0.512010E-01  76997.88
 11  5 10  5  0.345416E-03  75077.60
 11  5 11  5  0.267470E-01  73459.50
 11  5 12  5  0.751206E-03  72181.82
 11  5 13  5  0.241958E-02  71300.16
 11  6  0  6  0.536604E-01 104798.64
 11  6  1  6  0.113474E-01 100759.12
 11  6  2  6  0.301957E-01  96952.20
 11  6  3  6  0.137939E-01  93374.22
 11  6  4  6  0.404921E-01  90023.04
 11  6  5  6  0.631644E-02  86898.63
 11  6  6  6  0.865273E-01  84003.63
 11  6  7  6  0.265359E-01  81343.86
 11  6  8  6  0.141185E-01  78928.70
 11  6  9  6  0.486481E-01  76772.19
 11  6 10  6  0.113294E-02  74894.64
 11  6 11  6  0.243019E-01  73324.86
 11  6 12  6  0.754921E-03  72103.98
 11  6 13  6  0.438203E-03  71294.37
 11  7  0  7  0.606747E-01 104196.23
 11  7  1  7  0.104741E-01 100196.36
 11  7  2  7  0.365466E-01  96428.12
 11  7  3  7  0.117472E-01  92888.34
 11  7  4  7  0.500577E-01  89575.04
 11  7  5  7  0.295584E-02  86488.86
 11  7  6  7  0.965774E-01  83632.85
 11  7  7  7  0.485995E-01  81013.36
 11  7  8  7  0.427716E-02  78640.66
 11  7  9  7  0.437536E-01  76529.66
 11  7 10  7  0.280979E-02  74702.34
 11  7 11  7  0.211928E-01  73189.74
 11  7 12  7  0.590177E-03  72037.19
 11  7 13  7  0.620215E-03  71316.95
 11  8  0  8  0.637489E-01 103532.39
 11  8  1  8  0.854890E-02  99576.35
 11  8  2  8  0.409315E-01  95852.00
 11  8  3  8  0.842388E-02  92355.24
 11  8  4  8  0.567079E-01  89085.06
 11  8  5  8  0.414829E-03  86041.98
 11  8  6  8  0.952072E-01  83230.22
 11  8  7  8  0.726277E-01  80656.46
 11  8  8  8  0.288100E-04  78332.04
 11  8  9  8  0.364224E-01  76273.33
 11  8 10  8  0.556092E-02  74503.69
 11  8 11  8  0.180167E-01  73057.84
 11  8 12  8  0.354746E-03  71986.11
 11  9  0  9  0.602902E-01 102800.31
 11  9  1  9  0.577044E-02  98894.00
 11  9  2  9  0.411047E-01  95217.48
 11  9  3  9  0.448414E-02  91768.45
 11  9  4  9  0.568855E-01  88545.85
 11  9  5  9  0.440341E-03  85551.07
 11  9  6  9  0.778722E-01  82788.61
 11  9  7  9  0.880669E-01  80266.24
 11  9  8  9  0.268534E-02  77996.20
 11  9  9  9  0.280663E-01  75996.39
 11  9 10  9  0.885214E-02  74292.88
 11  9 11  9  0.156293E-01  72923.64
 11  9 12  9  0.178757E-03  71947.67
 11 10  0 10  0.531768E-01 101991.90
 11 10  1 10  0.309382E-02  98138.92
 11 10  2 10  0.382808E-01  94515.29
 11 10  3 10  0.137019E-02  91118.69
 11 10  4 10  0.518602E-01  87948.26
 11 10  5 10  0.443156E-02  85006.50
 11 10  6 10  0.508999E-01  82298.36
 11 10  7 10  0.889465E-01  79832.60
 11 10  8 10  0.938459E-02  77622.91
 11 10  9 10  0.208029E-01  75689.19
 11 10 10 10  0.114117E-01  74060.03
 11 10 11 10  0.145040E-01  72779.08
 11 10 12 10  0.115600E-04  71918.11
 11 11  0 11  0.486833E-01 101107.34
 11 11  1 11  0.124211E-02  97312.25
 11 11  2 11  0.365276E-01  93745.79
 11 11  3 11  0.258708E-04  90405.54
 11 11  4 11  0.467537E-01  87291.89
 11 11  5 11  0.136034E-01  84407.69
 11 11  6 11  0.250659E-01  81758.77
 11 11  7 11  0.786586E-01  79355.26
 11 11  8 11  0.160364E-01  77212.33
 11 11  9 11  0.157182E-01  75351.72
 11 11 10 11  0.121366E-01  73806.67
 11 11 11 11  0.143138E-01  72627.22
 11 12  0 12  0.520808E-01 100162.67
 11 12  1 12  0.230427E-03  96429.84
 11 12  2 12  0.397547E-01  92924.13
 11 12  3 12  0.964834E-03  89644.50
 11 12  4 12  0.453782E-01  86591.80
 11 12  5 12  0.318803E-01  83769.51
 11 12  6 12  0.628953E-02  81184.91
 11 12  7 12  0.626011E-01  78848.96
 11 12  8 12  0.212599E-01  76779.24
 11 12  9 12  0.119879E-01  75000.05
 11 12 10 12  0.111230E-01  73549.29
 11 12 11 12  0.140233E-01  72488.17
 11 13  0 13  0.664494E-01  99186.74
 11 13  1 13  0.724838E-04  95519.50
 11 13  2 13  0.498829E-01  92078.46
 11 13  3 13  0.616489E-02  88863.48
 11 13  4 13  0.466904E-01  85875.95
 11 13  5 13  0.671606E-01  83120.34
 11 13  6 13  0.460628E-03  80604.74
 11 13  7 13  0.414264E-01  78342.34
 11 13  8 13  0.260219E-01  76352.11
 11 13  9 13  0.770243E-02  74662.92
 11 13 10 13  0.957340E-02  73318.95
 11 14  0 14  0.825218E-01  98209.59
 11 14  1 14  0.144140E-02  94611.11
 11 14  2 14  0.587217E-01  91238.46
 11 14  3 14  0.179788E-01  88091.94
 11 14  4 14  0.402226E-01  85173.63
 11 14  5 14  0.109804E+00  82488.82
 11 14  6 14  0.191652E-01  80047.29
 11 14  7 14  0.171794E-01  77863.90
 11 14  8 14  0.296540E-01  75961.03
 11 14  9 14  0.278193E-02  74371.48
 11 14 10 14  0.863221E-02  73149.48
 11 15  0 15  0.770850E-01  97216.38
 11 15  1 15  0.428768E-02  93690.46
 11 15  2 15  0.496993E-01  90389.77
 11 15  3 15  0.303242E-01  87315.05
 11 15  4 15  0.196787E-01  84469.73
 11 15  5 15  0.113030E+00  81860.40
 11 15  6 15  0.500982E-01  79498.20
 11 15  7 15  0.231636E-02  77400.38
 11 15  8 15  0.294854E-01  75592.35
 11 15  9 15  0.287280E-03  74114.13
 12  0  0  0  0.390515E-01 107479.06
 12  0  1  0  0.217721E-01 103317.92
 12  0  2  0  0.978807E-02  99392.13
 12  0  3  0  0.303127E-01  95696.70
 12  0  4  0  0.661475E-02  92228.75
 12  0  5  0  0.385669E-01  88987.14
 12  0  6  0  0.194544E-01  85973.28
 12  0  7  0  0.316249E-01  83191.15
 12  0  8  0  0.875883E-01  80647.90
 12  0  9  0  0.658835E-02  78354.97
 12  0 10  0  0.274278E-01  76328.59
 12  0 11  0  0.103145E-01  74591.93
 12  0 12  0  0.167726E-01  73176.86
 12  0 13  0  0.132155E-03  72127.70
 12  0 14  0  0.437776E-02  71505.68
 12  1  0  1  0.388263E-01 107383.84
 12  1  1  1  0.212951E-01 103228.59
 12  1  2  1  0.998581E-02  99308.53
 12  1  3  1  0.297205E-01  95618.83
 12  1  4  1  0.695718E-02  92156.53
 12  1  5  1  0.377012E-01  88920.63
 12  1  6  1  0.203706E-01  85912.52
 12  1  7  1  0.296840E-01  83136.20
 12  1  8  1  0.872090E-01  80599.16
 12  1  9  1  0.728925E-02  78312.70
 12  1 10  1  0.266289E-01  76293.41
 12  1 11  1  0.105411E-01  74564.54
 12  1 12  1  0.166295E-01  73158.41
 12  1 13  1  0.144022E-03  72120.03
 12  1 14  1  0.596599E-02  71511.82
 12  2  0  2  0.383928E-01 107193.91
 12  2  1  2  0.203632E-01 103050.44
 12  2  2  2  0.103850E-01  99141.97
 12  2  3  2  0.285484E-01  95463.60
 12  2  4  2  0.766272E-02  92012.56
 12  2  5  2  0.359649E-01  88787.98
 12  2  6  2  0.222425E-01  85791.28
 12  2  7  2  0.259037E-01  83026.73
 12  2  8  2  0.861070E-01  80501.92
 12  2  9  2  0.869935E-02  78228.49
 12  2 10  2  0.251079E-01  76223.49
 12  2 11  2  0.109449E-01  74510.16
 12  2 12  2  0.163806E-01  73122.01
 12  2 13  2  0.171940E-03  72105.24
 12  2 14  2  0.102356E-01  71525.14
 12  3  0  3  0.378338E-01 106910.04
 12  3  1  3  0.190466E-01 102784.17
 12  3  2  3  0.110074E-01  98892.88
 12  3  3  3  0.268560E-01  95231.44
 12  3  4  3  0.878193E-02  91797.31
 12  3  5  3  0.333957E-01  88589.57
 12  3  6  3  0.251664E-01  85610.00
 12  3  7  3  0.205629E-01  82863.05
 12  3  8  3  0.837215E-01  80356.60
 12  3  9  3  0.107916E-01  78102.64
 12  3 10  3  0.230139E-01  76118.62
 12  3 11  3  0.114263E-01  74429.03
 12  3 12  3  0.160873E-01  73068.16
 12  3 13  3  0.222196E-03  72084.28
 12  3 14  3  0.198382E-01  71547.66
 12  4  0  4  0.373802E-01 106533.97
 12  4  1  4  0.174895E-01 102431.39
 12  4  2  4  0.119240E-01  98562.89
 12  4  3  4  0.247965E-01  94923.97
 12  4  4  4  0.104220E-01  91512.09
 12  4  5  4  0.301372E-01  88326.76
 12  4  6  4  0.293517E-01  85369.90
 12  4  7  4  0.142206E-01  82646.39
 12  4  8  4  0.795031E-01  80164.31
 12  4  9  4  0.134550E-01  77936.33
 12  4 10  4  0.205519E-01  75980.60
 12  4 11  4  0.118422E-01  74322.65
 12  4 12  4  0.158064E-01  72998.42
 12  4 13  4  0.291377E-03  72059.28
 12  5  0  5  0.374794E-01 106068.24
 12  5  1  5  0.159061E-01 101994.50
 12  5  2  5  0.133036E-01  98154.30
 12  5  3  5  0.226200E-01  94543.18
 12  5  4  5  0.128041E-01  91158.97
 12  5  5  5  0.264352E-01  88001.42
 12  5  6  5  0.352167E-01  85072.84
 12  5  7  5  0.776123E-02  82378.35
 12  5  8  5  0.731261E-01  79926.73
 12  5  9  5  0.165061E-01  77731.23
 12  5 10  5  0.179194E-01  75810.95
 12  5 11  5  0.120399E-01  74192.85
 12  5 12  5  0.155440E-01  72915.17
 12  5 13  5  0.324487E-03  72033.51
 12  6  0  6  0.388063E-01 105517.65
 12  6  1  6  0.145231E-01 101478.13
 12  6  2  6  0.154687E-01  97671.21
 12  6  3  6  0.205926E-01  94093.23
 12  6  4  6  0.163527E-01  90742.05
 12  6  5  6  0.225272E-01  87617.64
 12  6  6  6  0.435086E-01  84722.64
 12  6  7  6  0.242356E-02  82062.87
 12  6  8  6  0.645166E-01  79647.71
 12  6  9  6  0.197816E-01  77491.20
 12  6 10  6  0.152154E-01  75613.65
 12  6 11  6  0.119180E-01  74043.87
 12  6 12  6  0.152040E-01  72822.99
 12  6 13  6  0.165362E-03  72013.38
 12  7  0  7  0.421560E-01 104888.87
 12  7  1  7  0.134683E-01 100889.00
 12  7  2  7  0.189203E-01  97120.76
 12  7  3  7  0.188353E-01  93580.98
 12  7  4  7  0.217690E-01  90267.68
 12  7  5  7  0.184407E-01  87181.50
 12  7  6  7  0.552172E-01  84325.49
 12  7  7  7  0.158873E-05  81706.00
 12  7  8  7  0.536439E-01  79333.30
 12  7  9  7  0.232457E-01  77222.30
 12  7 10  7  0.123595E-01  75394.98
 12  7 11  7  0.115001E-01  73882.38
 12  7 12  7  0.145791E-01  72729.83
 12  7 13  7  0.129782E-03  72009.59
 12  8  0  8  0.479844E-01 104193.04
 12  8  1  8  0.126173E-01 100237.00
 12  8  2  8  0.241459E-01  96512.65
 12  8  3  8  0.170989E-01  93015.89
 12  8  4  8  0.298045E-01  89745.71
 12  8  5  8  0.138650E-01  86702.63
 12  8  6  8  0.705602E-01  83890.87
 12  8  7  8  0.325365E-02  81317.11
 12  8  8  8  0.404508E-01  78992.69
 12  8  9  8  0.269001E-01  76933.98
 12  8 10  8  0.917106E-02  75164.34
 12  8 11  8  0.109511E-01  73718.49
 12  8 12  8  0.134949E-01  72646.76
 12  9  0  9  0.550903E-01 103440.35
 12  9  1  9  0.114323E-01  99534.04
 12  9  2  9  0.307788E-01  95857.52
 12  9  3  9  0.146092E-01  92408.49
 12  9  4  9  0.400553E-01  89185.89
 12  9  5  9  0.845295E-02  86191.11
 12  9  6  9  0.859492E-01  83428.65
 12  9  7  9  0.151425E-01  80906.28
 12  9  8  9  0.256092E-01  78636.24
 12  9  9  9  0.303499E-01  76636.43
 12  9 10  9  0.572048E-02  74932.92
 12  9 11  9  0.104810E-01  73563.68
 12  9 12  9  0.122176E-01  72587.71
 12 10  0 10  0.595155E-01 102637.63
 12 10  1 10  0.921780E-02  98784.65
 12 10  2 10  0.364836E-01  95161.02
 12 10  3 10  0.106074E-01  91764.42
 12 10  4 10  0.491654E-01  88593.99
 12 10  5 10  0.297454E-02  85652.23
 12 10  6 10  0.916623E-01  82944.09
 12 10  7 10  0.344358E-01  80478.33
 12 10  8 10  0.119159E-01  78268.64
 12 10  9 10  0.324640E-01  76334.92
 12 10 10 10  0.271377E-02  74705.76
 12 10 11 10  0.101121E-01  73424.81
 12 10 12 10  0.124357E-01  72563.84
 12 11  0 11  0.579686E-01 101779.00
 12 11  1 11  0.609107E-02  97983.91
 12 11  2 11  0.385685E-01  94417.45
 12 11  3 11  0.571352E-02  91077.20
 12 11  4 11  0.528135E-01  87963.55
 12 11  5 11  0.367023E-04  85079.35
 12 11  6 11  0.796723E-01  82430.43
 12 11  7 11  0.525204E-01  80026.92
 12 11  8 11  0.312785E-02  77883.99
 12 11  9 11  0.322762E-01  76023.38
 12 11 10 11  0.946130E-03  74478.33
 12 11 11 11  0.945686E-02  73298.88
 12 12  0 12  0.532637E-01 100855.84
 12 12  1 12  0.315635E-02  97123.01
 12 12  2 12  0.379887E-01  93617.30
 12 12  3 12  0.178515E-02  90337.67
 12 12  4 12  0.515029E-01  87284.97
 12 12  5 12  0.243881E-02  84462.68
 12 12  6 12  0.549434E-01  81878.08
 12 12  7 12  0.611860E-01  79542.13
 12 12  8 12  0.105586E-03  77472.41
 12 12  9 12  0.301897E-01  75693.22
 12 12 10 12  0.332845E-03  74242.46
 12 12 11 12  0.765013E-02  73181.34
 12 13  0 13  0.520079E-01  99871.51
 12 13  1 13  0.116920E-02  96204.27
 12 13  2 13  0.389480E-01  92763.23
 12 13  3 13  0.373126E-04  89548.25
 12 13  4 13  0.501022E-01  86560.72
 12 13  5 13  0.124201E-01  83805.11
 12 13  6 13  0.288499E-01  81289.51
 12 13  7 13  0.604658E-01  79027.11
 12 13  8 13  0.579955E-03  77036.88
 12 13  9 13  0.272537E-01  75347.69
 12 13 10 13  0.267540E-03  74003.72
 12 14  0 14  0.591346E-01  98846.57
 12 14  1 14  0.127588E-03  95248.09
 12 14  2 14  0.450215E-01  91875.44
 12 14  3 14  0.130607E-02  88728.92
 12 14  4 14  0.514131E-01  85810.61
 12 14  5 14  0.346577E-01  83125.80
 12 14  6 14  0.815075E-02  80684.27
 12 14  7 14  0.536617E-01  78500.88
 12 14  8 14  0.281120E-02  76598.01
 12 14  9 14  0.235855E-01  75008.46
 12 14 10 14  0.373114E-03  73786.46
 12 15  0 15  0.731149E-01  97808.54
 12 15  1 15  0.273628E-03  94282.62
 12 15  2 15  0.543442E-01  90981.93
 12 15  3 15  0.792246E-02  87907.21
 12 15  4 15  0.500724E-01  85061.89
 12 15  5 15  0.719206E-01  82452.56
 12 15  6 15  0.812884E-04  80090.36
 12 15  7 15  0.408123E-01  77992.54
 12 15  8 15  0.712568E-02  76184.51
 12 15  9 15  0.185466E-01  74706.29
 13  0  0  0  0.370091E-01 108160.89
 13  0  1  0  0.282799E-01 103999.75
 13  0  2  0  0.437649E-02 100073.96
 13  0  3  0  0.364400E-01  96378.53
 13  0  4  0  0.478431E-03  92910.58
 13  0  5  0  0.467649E-01  89668.97
 13  0  6  0  0.133839E-02  86655.11
 13  0  7  0  0.675151E-01  83872.98
 13  0  8  0  0.365420E-01  81329.73
 13  0  9  0  0.133476E-01  79036.80
 13  0 10  0  0.356906E-01  77010.42
 13  0 11  0  0.330572E-02  75273.76
 13  0 12  0  0.133298E-01  73858.69
 13  0 13  0  0.116818E-01  72809.53
 13  0 14  0  0.165850E-02  72187.51
 13  1  0  1  0.372818E-01 108066.18
 13  1  1  1  0.281253E-01 103910.93
 13  1  2  1  0.459167E-02  99990.87
 13  1  3  1  0.364246E-01  96301.17
 13  1  4  1  0.591194E-03  92838.87
 13  1  5  1  0.468785E-01  89602.97
 13  1  6  1  0.164184E-02  86594.86
 13  1  7  1  0.669492E-01  83818.54
 13  1  8  1  0.384417E-01  81281.50
 13  1  9  1  0.122045E-01  78995.04
 13  1 10  1  0.358105E-01  76975.75
 13  1 11  1  0.305096E-02  75246.88
 13  1 12  1  0.132697E-01  73840.75
 13  1 13  1  0.115640E-01  72802.37
 13  1 14  1  0.236712E-02  72194.16
 13  2  0  2  0.377411E-01 107877.81
 13  2  1  2  0.277425E-01 103734.34
 13  2  2  2  0.502618E-02  99825.87
 13  2  3  2  0.362848E-01  96147.50
 13  2  4  2  0.851808E-03  92696.46
 13  2  5  2  0.469431E-01  89471.88
 13  2  6  2  0.234153E-02  86475.18
 13  2  7  2  0.654884E-01  83710.63
 13  2  8  2  0.421310E-01  81185.82
 13  2  9  2  0.100822E-01  78912.39
 13  2 10  2  0.359727E-01  76907.39
 13  2 11  2  0.258210E-02  75194.06
 13  2 12  2  0.131452E-01  73805.91
 13  2 13  2  0.113506E-01  72789.14
 13  2 14  2  0.443178E-02  72209.04
 13  3  0  3  0.382115E-01 107597.42
 13  3  1  3  0.269951E-01 103471.55
 13  3  2  3  0.568253E-02  99580.26
 13  3  3  3  0.358074E-01  95918.82
 13  3  4  3  0.132782E-02  92484.69
 13  3  5  3  0.466347E-01  89276.95
 13  3  6  3  0.361741E-02  86297.38
 13  3  7  3  0.625113E-01  83550.43
 13  3  8  3  0.472749E-01  81043.98
 13  3  9  3  0.731618E-02  78790.02
 13  3 10  3  0.360260E-01  76806.00
 13  3 11  3  0.197857E-02  75116.41
 13  3 12  3  0.129435E-01  73755.54
 13  3 13  3  0.110975E-01  72771.66
 13  3 14  3  0.973939E-02  72235.04
 13  4  0  4  0.384617E-01 107227.30
 13  4  1  4  0.257261E-01 103124.72
 13  4  2  4  0.655442E-02  99256.22
 13  4  3  4  0.347256E-01  95617.30
 13  4  4  4  0.211128E-02  92205.42
 13  4  5  4  0.455265E-01  89020.09
 13  4  6  4  0.571934E-02  86063.23
 13  4  7  4  0.572745E-01  83339.72
 13  4  8  4  0.531452E-01  80857.64
 13  4  9  4  0.440913E-02  78629.66
 13  4 10  4  0.357687E-01  76673.93
 13  4 11  4  0.135185E-02  75015.98
 13  4 12  4  0.126320E-01  73691.75
 13  4 13  4  0.109258E-01  72752.61
 13  5  0  5  0.383223E-01 106769.45
 13  5  1  5  0.238580E-01 102695.71
 13  5  2  5  0.763162E-02  98855.51
 13  5  3  5  0.328483E-01  95244.39
 13  5  4  5  0.330757E-02  91860.18
 13  5  5  5  0.432547E-01  88702.63
 13  5  6  5  0.893215E-02  85774.05
 13  5  7  5  0.492816E-01  83079.56
 13  5  8  5  0.585743E-01  80627.94
 13  5  9  5  0.194716E-02  78432.44
 13  5 10  5  0.350106E-01  76512.16
 13  5 11  5  0.818195E-03  74894.06
 13  5 12  5  0.121422E-01  73616.38
 13  5 13  5  0.110974E-01  72734.72
 13  6  0  6  0.378787E-01 106226.32
 13  6  1  6  0.215087E-01 102186.80
 13  6  2  6  0.893635E-02  98379.88
 13  6  3  6  0.302294E-01  94801.90
 13  6  4  6  0.503969E-02  91450.72
 13  6  5  6  0.397550E-01  88326.31
 13  6  6  6  0.135749E-01  85431.31
 13  6  7  6  0.387301E-01  82771.54
 13  6  8  6  0.622366E-01  80356.38
 13  6  9  6  0.413620E-03  78199.87
 13  6 10  6  0.336573E-01  76322.32
 13  6 11  6  0.451498E-03  74752.54
 13  6 12  6  0.113582E-01  73531.66
 13  6 13  6  0.122784E-01  72722.05
 13  7  0  7  0.376378E-01 105600.25
 13  7  1  7  0.190212E-01 101600.38
 13  7  2  7  0.105987E-01  97832.14
 13  7  3  7  0.272451E-01  94292.36
 13  7  4  7  0.750225E-02  90979.06
 13  7  5  7  0.353826E-01  87892.88
 13  7  6  7  0.200920E-01  85036.87
 13  7  7  7  0.267066E-01  82417.38
 13  7  8  7  0.631973E-01  80044.68
 13  7  9  7  0.106188E-04  77933.68
 13  7 10  7  0.317591E-01  76106.36
 13  7 11  7  0.254690E-03  74593.76
 13  7 12  7  0.101255E-01  73441.21
 13  7 13  7  0.168076E-01  72720.97
 13  8  0  8  0.384932E-01 104897.28
 13  8  1  8  0.168100E-01 100941.24
 13  8  2  8  0.129451E-01  97216.89
 13  8  3  8  0.244093E-01  93720.13
 13  8  4  8  0.110898E-01  90449.95
 13  8  5  8  0.306687E-01  87406.87
 13  8  6  8  0.292671E-01  84595.11
 13  8  7  8  0.148697E-01  82021.35
 13  8  8  8  0.612527E-01  79696.93
 13  8  9  8  0.662347E-03  77638.22
 13  8 10  8  0.294362E-01  75868.58
 13  8 11  8  0.177625E-03  74422.73
 13  8 12  8  0.830194E-02  73351.00
 13  9  0  9  0.414498E-01 104124.71
 13  9  1  9  0.151063E-01 100218.40
 13  9  2  9  0.165270E-01  96541.88
 13  9  3  9  0.220037E-01  93092.85
 13  9  4  9  0.165274E-01  89870.25
 13  9  5  9  0.258094E-01  86875.47
 13  9  6  9  0.422641E-01  84113.01
 13  9  7  9  0.515259E-02  81590.64
 13  9  8  9  0.566036E-01  79320.60
 13  9  9  9  0.226250E-02  77320.79
 13  9 10  9  0.267169E-01  75617.28
 13  9 11  9  0.161006E-03  74248.04
 13  9 12  9  0.580086E-02  73272.07
 13 10  0 10  0.469439E-01 103295.12
 13 10  1 10  0.137151E-01  99442.14
 13 10  2 10  0.218707E-01  95818.51
 13 10  3 10  0.196886E-01  92421.91
 13 10  4 10  0.246526E-01  89251.48
 13 10  5 10  0.202603E-01  86309.72
 13 10  6 10  0.594885E-01  83601.58
 13 10  7 10  0.141814E-03  81135.82
 13 10  8 10  0.491589E-01  78926.13
 13 10  9 10  0.492048E-02  76992.41
 13 10 10 10  0.234640E-01  75363.25
 13 10 11 10  0.148251E-03  74082.30
 13 10 12 10  0.244723E-02  73221.33
 13 11  0 11  0.533522E-01 102419.55
 13 11  1 11  0.119075E-01  98624.46
 13 11  2 11  0.284879E-01  95058.00
 13 11  3 11  0.163837E-01  91717.75
 13 11  4 11  0.350452E-01  88604.10
 13 11  5 11  0.131457E-01  85719.90
 13 11  6 11  0.768375E-01  83070.98
 13 11  7 11  0.305054E-02  80667.47
 13 11  8 11  0.385990E-01  78524.54
 13 11  9 11  0.874901E-02  76663.93
 13 11 10 11  0.196180E-01  75118.88
 13 11 11 11  0.104807E-03  73939.43
 13 12  0 12  0.565430E-01 101501.81
 13 12  1 12  0.899565E-02  97768.98
 13 12  2 12  0.339392E-01  94263.27
 13 12  3 12  0.112989E-01  90983.64
 13 12  4 12  0.443035E-01  87930.94
 13 12  5 12  0.526033E-02  85108.65
 13 12  6 12  0.835436E-01  82524.05
 13 12  7 12  0.141021E-01  80188.10
 13 12  8 12  0.261121E-01  78118.38
 13 12  9 12  0.130324E-01  76339.19
 13 12 10 12  0.157131E-01  74888.43
 13 12 11 12  0.616493E-04  73827.31
 13 13  0 13  0.547885E-01 100534.62
 13 13  1 13  0.549010E-02  96867.38
 13 13  2 13  0.363288E-01  93426.34
 13 13  3 13  0.563045E-02  90211.36
 13 13  4 13  0.489877E-01  87223.83
 13 13  5 13  0.294749E-03  84468.22
 13 13  6 13  0.726298E-01  81952.62
 13 13  7 13  0.271806E-01  79690.22
 13 13  8 13  0.150467E-01  77699.99
 13 13  9 13  0.161509E-01  76010.80
 13 13 10 13  0.127408E-01  74666.83
 13 14  0 14  0.526893E-01  99513.86
 13 14  1 14  0.260494E-02  95915.38
 13 14  2 14  0.377954E-01  92542.73
 13 14  3 14  0.150390E-02  89396.21
 13 14  4 14  0.508136E-01  86477.90
 13 14  5 14  0.218805E-02  83793.09
 13 14  6 14  0.506268E-01  81351.56
 13 14  7 14  0.360532E-01  79168.17
 13 14  8 14  0.766290E-02  77265.30
 13 14  9 14  0.171160E-01  75675.75
 13 14 10 14  0.110815E-01  74453.75
 13 15  0 15  0.562712E-01  98450.06
 13 15  1 15  0.768528E-03  94924.14
 13 15  2 15  0.423337E-01  91623.45
 13 15  3 15  0.241306E-05  88548.73
 13 15  4 15  0.537281E-01  85703.41
 13 15  5 15  0.144300E-01  83094.08
 13 15  6 15  0.270942E-01  80731.88
 13 15  7 15  0.402145E-01  78634.06
 13 15  8 15  0.326613E-02  76826.03
 13 15  9 15  0.163474E-01  75347.81
 14  0  0  0  0.288529E-01 108855.25
 14  0  1  0  0.287248E-01 104694.11
 14  0  2  0  0.798295E-03 100768.32
 14  0  3  0  0.320627E-01  97072.89
 14  0  4  0  0.119471E-02  93604.94
 14  0  5  0  0.360828E-01  90363.33
 14  0  6  0  0.347221E-02  87349.47
 14  0  7  0  0.582687E-01  84567.34
 14  0  8  0  0.354089E-03  82024.09
 14  0  9  0  0.496475E-01  79731.16
 14  0 10  0  0.655435E-02  77704.78
 14  0 11  0  0.252428E-01  75968.12
 14  0 12  0  0.291341E-04  74553.05
 14  0 13  0  0.898422E-02  73503.89
 14  0 14  0  0.213717E-01  72881.87
 14  1  0  1  0.292190E-01 108758.46
 14  1  1  1  0.287652E-01 104603.21
 14  1  2  1  0.889314E-03 100683.15
 14  1  3  1  0.323553E-01  96993.45
 14  1  4  1  0.105989E-02  93531.15
 14  1  5  1  0.366885E-01  90295.25
 14  1  6  1  0.313388E-02  87287.14
 14  1  7  1  0.592810E-01  84510.82
 14  1  8  1  0.604772E-03  81973.78
 14  1  9  1  0.486817E-01  79687.32
 14  1 10  1  0.692281E-02  77668.03
 14  1 11  1  0.248560E-01  75939.16
 14  1 12  1  0.304286E-04  74533.03
 14  1 13  1  0.871233E-02  73494.65
 14  1 14  1  0.230964E-01  72886.44
 14  2  0  2  0.299673E-01 108566.13
 14  2  1  2  0.288432E-01 104422.66
 14  2  2  2  0.108790E-02 100514.19
 14  2  3  2  0.329345E-01  96835.82
 14  2  4  2  0.811270E-03  93384.78
 14  2  5  2  0.378927E-01  90160.20
 14  2  6  2  0.249662E-02  87163.50
 14  2  7  2  0.612262E-01  84398.95
 14  2  8  2  0.130590E-02  81874.14
 14  2  9  2  0.467030E-01  79600.71
 14  2 10  2  0.767812E-02  77595.71
 14  2 11  2  0.240809E-01  75882.38
 14  2 12  2  0.332156E-04  74494.23
 14  2 13  2  0.816536E-02  73477.46
 14  2 14  2  0.273128E-01  72897.36
 14  3  0  3  0.311069E-01 108280.48
 14  3  1  3  0.289326E-01 104154.61
 14  3  2  3  0.142731E-02 100263.32
 14  3  3  3  0.337602E-01  96601.88
 14  3  4  3  0.493998E-03  93167.75
 14  3  5  3  0.396448E-01  89960.01
 14  3  6  3  0.164975E-02  86980.44
 14  3  7  3  0.638683E-01  84233.49
 14  3  8  3  0.284633E-02  81727.04
 14  3  9  3  0.436283E-01  79473.08
 14  3 10  3  0.885016E-02  77489.06
 14  3 11  3  0.229164E-01  75799.47
 14  3 12  3  0.379594E-04  74438.60
 14  3 13  3  0.733521E-02  73454.72
 14  3 14  3  0.359526E-01  72918.10
 14  4  0  4  0.325859E-01 107905.07
 14  4  1  4  0.289353E-01 103802.49
 14  4  2  4  0.195543E-02  99933.99
 14  4  3  4  0.346984E-01  96295.07
 14  4  4  4  0.185156E-03  92883.19
 14  4  5  4  0.417704E-01  89697.86
 14  4  6  4  0.757433E-03  86741.00
 14  4  7  4  0.666530E-01  84017.49
 14  4  8  4  0.574760E-02  81535.41
 14  4  9  4  0.393725E-01  79307.43
 14  4 10  4  0.104581E-01  77351.70
 14  4 11  4  0.213700E-01  75693.75
 14  4 12  4  0.452370E-04  74369.52
 14  4 13  4  0.619922E-02  73430.38
 14  5  0  5  0.342164E-01 107443.83
 14  5  1  5  0.286346E-01 103370.09
 14  5  2  5  0.272513E-02  99529.89
 14  5  3  5  0.354466E-01  95918.77
 14  5  4  5  0.595228E-05  92534.56
 14  5  5  5  0.438564E-01  89377.01
 14  5  6  5  0.104487E-03  86448.43
 14  5  7  5  0.685048E-01  83753.94
 14  5  8  5  0.104867E-01  81302.32
 14  5  9  5  0.339266E-01  79106.82
 14  5 10  5  0.124646E-01  77186.54
 14  5 11  5  0.194809E-01  75568.44
 14  5 12  5  0.543897E-04  74290.76
 14  5 13  5  0.469093E-02  73409.10
 14  6  0  6  0.356434E-01 106901.10
 14  6  1  6  0.277134E-01 102861.58
 14  6  2  6  0.377391E-02  99054.66
 14  6  3  6  0.355277E-01  95476.68
 14  6  4  6  0.128677E-03  92125.50
 14  6  5  6  0.452049E-01  89001.09
 14  6  6  6  0.134584E-03  86106.09
 14  6  7  6  0.678103E-01  83446.32
 14  6  8  6  0.171379E-01  81031.16
 14  6  9  6  0.275017E-01  78874.65
 14  6 10  6  0.147063E-01  76997.10
 14  6 11  6  0.173619E-01  75427.32
 14  6 12  6  0.599883E-04  74206.44
 14  6 13  6  0.266799E-02  73396.83
 14  7  0  7  0.364839E-01 106279.57
 14  7  1  7  0.259176E-01 102279.70
 14  7  2  7  0.510742E-02  98511.46
 14  7  3  7  0.344738E-01  94971.68
 14  7  4  7  0.760194E-03  91658.38
 14  7  5  7  0.450353E-01  88572.20
 14  7  6  7  0.143479E-02  85716.19
 14  7  7  7  0.629413E-01  83096.70
 14  7  8  7  0.249855E-01  80724.00
 14  7  9  7  0.206501E-01  78613.00
 14  7 10  7  0.168543E-01  76785.68
 14  7 11  7  0.152228E-01  75273.08
 14  7 12  7  0.495745E-04  74120.53
 14  7 13  7  0.314015E-03  73400.29
 14  8  0  8  0.366987E-01 105582.57
 14  8  1  8  0.233325E-01 101626.53
 14  8  2  8  0.673084E-02  97902.18
 14  8  3  8  0.322105E-01  94405.42
 14  8  4  8  0.210859E-02  91135.24
 14  8  5  8  0.429964E-01  88092.16
 14  8  6  8  0.464682E-02  85280.40
 14  8  7  8  0.533474E-01  82706.64
 14  8  8  8  0.325734E-01  80382.22
 14  8  9  8  0.141938E-01  78323.51
 14  8 10  8  0.184892E-01  76553.87
 14  8 11  8  0.133330E-01  75108.02
 14  8 12  8  0.176935E-04  74036.29
 14  9  0  9  0.369182E-01 104812.00
 14  9  1  9  0.204699E-01 100905.69
 14  9  2  9  0.876113E-02  97229.17
 14  9  3  9  0.292650E-01  93780.14
 14  9  4  9  0.440845E-02  90557.54
 14  9  5  9  0.395189E-01  87562.76
 14  9  6  9  0.104502E-01  84800.30
 14  9  7  9  0.402304E-01  82277.93
 14  9  8  9  0.384914E-01  80007.89
 14  9  9  9  0.884611E-02  78008.08
 14  9 10  9  0.193085E-01  76304.57
 14  9 11  9  0.118852E-01  74935.33
 14  9 12  9  0.714657E-06  73959.36
 14 10  0 10  0.383114E-01 103974.60
 14 10  1 10  0.179446E-01 100121.62
 14 10  2 10  0.115603E-01  96497.99
 14 10  3 10  0.264067E-01  93101.39
 14 10  4 10  0.808244E-02  89930.96
 14 10  5 10  0.353957E-01  86989.20
 14 10  6 10  0.197824E-01  84281.06
 14 10  7 10  0.258661E-01  81815.30
 14 10  8 10  0.421890E-01  79605.61
 14 10  9 10  0.484755E-02  77671.89
 14 10 10 10  0.192878E-01  76042.73
 14 10 11 10  0.108447E-01  74761.78
 14 10 12 10  0.502785E-05  73900.81
 14 11  0 11  0.419646E-01 103079.88
 14 11  1 11  0.159872E-01  99284.79
 14 11  2 11  0.157251E-01  95718.33
 14 11  3 11  0.239339E-01  92378.08
 14 11  4 11  0.139081E-01  89264.43
 14 11  5 11  0.307846E-01  86380.23
 14 11  6 11  0.338589E-01  83731.31
 14 11  7 11  0.125669E-01  81327.80
 14 11  8 11  0.437982E-01  79184.87
 14 11  9 11  0.204500E-02  77324.26
 14 11 10 11  0.186350E-01  75779.21
 14 11 11 11  0.992489E-02  74599.76
 14 12  0 12  0.477147E-01 102140.69
 14 12  1 12  0.141383E-01  98407.86
 14 12  2 12  0.215812E-01  94902.15
 14 12  3 12  0.211260E-01  91622.52
 14 12  4 12  0.225761E-01  88569.82
 14 12  5 12  0.245635E-01  85747.53
 14 12  6 12  0.523095E-01  83162.93
 14 12  7 12  0.294026E-02  80826.98
 14 12  8 12  0.430641E-01  78757.26
 14 12  9 12  0.370904E-03  76978.07
 14 12 10 12  0.175720E-01  75527.31
 14 12 11 12  0.885330E-02  74466.19
 14 13  0 13  0.527242E-01 101165.67
 14 13  1 13  0.114623E-01  97498.43
 14 13  2 13  0.279597E-01  94057.39
 14 13  3 13  0.165851E-01  90842.41
 14 13  4 13  0.329192E-01  87854.88
 14 13  5 13  0.155022E-01  85099.27
 14 13  6 13  0.686516E-01  82583.67
 14 13  7 13  0.760760E-04  80321.27
 14 13  8 13  0.389814E-01  78331.04
 14 13  9 13  0.558414E-04  76641.85
 14 13 10 13  0.161267E-01  75297.88
 14 14  0 14  0.536228E-01 100152.89
 14 14  1 14  0.778226E-02  96554.41
 14 14  2 14  0.325024E-01  93181.76
 14 14  3 14  0.102954E-01  90035.24
 14 14  4 14  0.414753E-01  87116.93
 14 14  5 14  0.562891E-02  84432.12
 14 14  6 14  0.720693E-01  81990.59
 14 14  7 14  0.429350E-02  79807.20
 14 14  8 14  0.317594E-01  77904.33
 14 14  9 14  0.880903E-03  76314.78
 14 14 10 14  0.141546E-01  75092.78
 14 15  0 15  0.523369E-01  99094.62
 14 15  1 15  0.425214E-02  95568.70
 14 15  2 15  0.353735E-01  92268.01
 14 15  3 15  0.443952E-02  89193.29
 14 15  4 15  0.471594E-01  86347.97
 14 15  5 15  0.155197E-03  83738.64
 14 15  6 15  0.607752E-01  81376.44
 14 15  7 15  0.114258E-01  79278.62
 14 15  8 15  0.239234E-01  77470.59
 14 15  9 15  0.175775E-02  75992.37
 15  0  0  0  0.237876E-01 109556.24
 15  0  1  0  0.296617E-01 105395.10
 15  0  2  0  0.185095E-04 101469.31
 15  0  3  0  0.269581E-01  97773.88
 15  0  4  0  0.636400E-02  94305.93
 15  0  5  0  0.231259E-01  91064.32
 15  0  6  0  0.160158E-01  88050.46
 15  0  7  0  0.312529E-01  85268.33
 15  0  8  0  0.152029E-01  82725.08
 15  0  9  0  0.472276E-01  80432.15
 15  0 10  0  0.341026E-02  78405.77
 15  0 11  0  0.236011E-01  76669.11
 15  0 12  0  0.960035E-02  75254.04
 15  0 13  0  0.319755E-03  74204.88
 15  0 14  0  0.615785E-04  73582.86
 15  1  0  1  0.239438E-01 109458.45
 15  1  1  1  0.295698E-01 105303.20
 15  1  2  1  0.871732E-05 101383.14
 15  1  3  1  0.271498E-01  97693.44
 15  1  4  1  0.609738E-02  94231.14
 15  1  5  1  0.235991E-01  90995.24
 15  1  6  1  0.155025E-01  87987.13
 15  1  7  1  0.322530E-01  85210.81
 15  1  8  1  0.141522E-01  82673.77
 15  1  9  1  0.473718E-01  80387.31
 15  1 10  1  0.311645E-02  78368.02
 15  1 11  1  0.235417E-01  76639.15
 15  1 12  1  0.950254E-02  75233.02
 15  1 13  1  0.283430E-03  74194.64
 15  1 14  1  0.287639E-03  73586.43
 15  2  0  2  0.242881E-01 109263.87
 15  2  1  2  0.294157E-01 105120.40
 15  2  2  2  0.579048E-07 101211.93
 15  2  3  2  0.275560E-01  97533.56
 15  2  4  2  0.558094E-02  94082.52
 15  2  5  2  0.245727E-01  90857.94
 15  2  6  2  0.144911E-01  87861.24
 15  2  7  2  0.343005E-01  85096.69
 15  2  8  2  0.121386E-01  82571.88
 15  2  9  2  0.475852E-01  80298.45
 15  2 10  2  0.257726E-02  78293.45
 15  2 11  2  0.234061E-01  76580.12
 15  2 12  2  0.931838E-02  75191.97
 15  2 13  2  0.217100E-03  74175.20
 15  2 14  2  0.141124E-02  73595.10
 15  3  0  3  0.248856E-01 108974.26
 15  3  1  3  0.292576E-01 104848.39
 15  3  2  3  0.149458E-04 100957.10
 15  3  3  3  0.282224E-01  97295.66
 15  3  4  3  0.484692E-02  93861.53
 15  3  5  3  0.261031E-01  90653.79
 15  3  6  3  0.130110E-01  87674.22
 15  3  7  3  0.374830E-01  84927.27
 15  3  8  3  0.935641E-02  82420.82
 15  3  9  3  0.477321E-01  80166.86
 15  3 10  3  0.188052E-02  78182.84
 15  3 11  3  0.231669E-01  76493.25
 15  3 12  3  0.906503E-02  75132.38
 15  3 13  3  0.135245E-03  74148.50
 15  3 14  3  0.565336E-02  73611.88
 15  4  0  4  0.258308E-01 108592.79
 15  4  1  4  0.291671E-01 104490.21
 15  4  2  4  0.890055E-04 100621.71
 15  4  3  4  0.292094E-01  96982.79
 15  4  4  4  0.393995E-02  93570.91
 15  4  5  4  0.282703E-01  90385.58
 15  4  6  4  0.111003E-01  87428.72
 15  4  7  4  0.418993E-01  84705.21
 15  4  8  4  0.613956E-02  82223.13
 15  4  9  4  0.476333E-01  79995.15
 15  4 10  4  0.114067E-02  78039.42
 15  4 11  4  0.227949E-01  76381.47
 15  4 12  4  0.875475E-02  75057.24
 15  4 13  4  0.609654E-04  74118.10
 15  5  0  5  0.272191E-01 108123.42
 15  5  1  5  0.291868E-01 104049.68
 15  5  2  5  0.274648E-03 100209.48
 15  5  3  5  0.305528E-01  96598.36
 15  5  4  5  0.291514E-02  93214.15
 15  5  5  5  0.311413E-01  90056.60
 15  5  6  5  0.880805E-02  87128.02
 15  5  7  5  0.475553E-01  84433.53
 15  5  8  5  0.300323E-02  81981.91
 15  5  9  5  0.470673E-01  79786.41
 15  5 10  5  0.488827E-03  77866.13
 15  5 11  5  0.222654E-01  76248.03
 15  5 12  5  0.838613E-02  74970.35
 15  5 13  5  0.177867E-04  74088.69
 15  6  0  6  0.290718E-01 107571.60
 15  6  1  6  0.292499E-01 103532.08
 15  6  2  6  0.644999E-03  99725.16
 15  6  3  6  0.321724E-01  96147.18
 15  6  4  6  0.184619E-02  92796.00
 15  6  5  6  0.346591E-01  89671.59
 15  6  6  6  0.621174E-02  86776.59
 15  6  7  6  0.541081E-01  84116.82
 15  6  8  6  0.677613E-03  81701.66
 15  6  9  6  0.457423E-01  79545.15
 15  6 10  6  0.721000E-04  77667.60
 15  6 11  6  0.215551E-01  76097.82
 15  6 12  6  0.794588E-02  74876.94
 15  6 13  6  0.136252E-04  74067.33
 15  7  0  7  0.312106E-01 106942.50
 15  7  1  7  0.290846E-01 102942.63
 15  7  2  7  0.128975E-02  99174.39
 15  7  3  7  0.337287E-01  95634.61
 15  7  4  7  0.855320E-03  92321.31
 15  7  5  7  0.384433E-01  89235.13
 15  7  6  7  0.350584E-02  86379.12
 15  7  7  7  0.604363E-01  83759.63
 15  7  8  7  0.533168E-04  81386.93
 15  7  9  7  0.432834E-01  79275.93
 15  7 10  7  0.453676E-04  77448.61
 15  7 11  7  0.206327E-01  75936.01
 15  7 12  7  0.743394E-02  74783.46
 15  7 13  7  0.245896E-03  74063.22
 15  8  0  8  0.331805E-01 106242.28
 15  8  1  8  0.282223E-01 102286.24
 15  8  2  8  0.228944E-02  98561.89
 15  8  3  8  0.345695E-01  95065.13
 15  8  4  8  0.155660E-03  91794.95
 15  8  5  8  0.416383E-01  88751.87
 15  8  6  8  0.115764E-02  85940.11
 15  8  7  8  0.643585E-01  83366.35
 15  8  8  8  0.186600E-02  81041.93
 15  8  9  8  0.393544E-01  78983.22
 15  8 10  8  0.511142E-03  77213.58
 15  8 11  8  0.194586E-01  75767.73
 15  8 12  8  0.690876E-02  74696.00
 15  9  0  9  0.344768E-01 105473.36
 15  9  1  9  0.262962E-01 101567.05
 15  9  2  9  0.368072E-02  97890.53
 15  9  3  9  0.340374E-01  94441.50
 15  9  4  9  0.528220E-04  91218.90
 15  9  5  9  0.431890E-01  88224.12
 15  9  6  9  0.837355E-05  85461.66
 15  9  7  9  0.633286E-01  82939.29
 15  9  8  9  0.610950E-02  80669.25
 15  9  9  9  0.339904E-01  78669.44
 15  9 10  9  0.139417E-02  76965.93
 15  9 11  9  0.180068E-01  75596.69
 15  9 12  9  0.654763E-02  74620.72
 15 10  0 10  0.351404E-01 104638.80
 15 10  1 10  0.234978E-01 100785.82
 15 10  2 10  0.548968E-02  97162.19
 15 10  3 10  0.321047E-01  93765.59
 15 10  4 10  0.873024E-03  90595.16
 15 10  5 10  0.426626E-01  87653.40
 15 10  6 10  0.113444E-02  84945.26
 15 10  7 10  0.562823E-01  82479.50
 15 10  8 10  0.117773E-01  80269.81
 15 10  9 10  0.278359E-01  78336.09
 15 10 10 10  0.238511E-02  76706.93
 15 10 11 10  0.162766E-01  75425.98
 15 10 12 10  0.703581E-02  74565.01
 15 11  0 11  0.361060E-01 103741.67
 15 11  1 11  0.205669E-01  99946.58
 15 11  2 11  0.788510E-02  96380.12
 15 11  3 11  0.295492E-01  93039.87
 15 11  4 11  0.295150E-02  89926.22
 15 11  5 11  0.406637E-01  87042.02
 15 11  6 11  0.565000E-02  84393.10
 15 11  7 11  0.446272E-01  81989.59
 15 11  8 11  0.175797E-01  79846.66
 15 11  9 11  0.217921E-01  77986.05
 15 11 10 11  0.312455E-02  76441.00
 15 11 11 11  0.142282E-01  75261.55
 15 12  0 12  0.387113E-01 102790.08
 15 12  1 12  0.181348E-01  99057.25
 15 12  2 12  0.113196E-01  95551.54
 15 12  3 12  0.271764E-01  92271.91
 15 12  4 12  0.683236E-02  89219.21
 15 12  5 12  0.379213E-01  86396.92
 15 12  6 12  0.148216E-01  83812.32
 15 12  7 12  0.308907E-01  81476.37
 15 12  8 12  0.228975E-01  79406.65
 15 12  9 12  0.163462E-01  77627.46
 15 12 10 12  0.348221E-02  76176.70
 15 12 11 12  0.116573E-01  75115.58
 15 13  0 13  0.435269E-01 101795.93
 15 13  1 13  0.160816E-01  98128.69
 15 13  2 13  0.163186E-01  94687.65
 15 13  3 13  0.247899E-01  91472.67
 15 13  4 13  0.133416E-01  88485.14
 15 13  5 13  0.337811E-01  85729.53
 15 13  6 13  0.296011E-01  83213.93
 15 13  7 13  0.172794E-01  80951.53
 15 13  8 13  0.276014E-01  78961.30
 15 13  9 13  0.114568E-01  77272.11
 15 13 10 13  0.357631E-02  75928.14
 15 14  0 14  0.488147E-01 100770.24
 15 14  1 14  0.134947E-01  97171.76
 15 14  2 14  0.225106E-01  93799.11
 15 14  3 14  0.209471E-01  90652.59
 15 14  4 14  0.225655E-01  87734.28
 15 14  5 14  0.260500E-01  85049.47
 15 14  6 14  0.472739E-01  82607.94
 15 14  7 14  0.628641E-02  80424.55
 15 14  8 14  0.308320E-01  78521.68
 15 14  9 14  0.718475E-02  76932.13
 15 14 10 14  0.346842E-02  75710.13
 15 15  0 15  0.511759E-01  99712.98
 15 15  1 15  0.977871E-02  96187.06
 15 15  2 15  0.280163E-01  92886.37
 15 15  3 15  0.147536E-01  89811.65
 15 15  4 15  0.323532E-01  86966.33
 15 15  5 15  0.144851E-01  84357.00
 15 15  6 15  0.588024E-01  81994.80
 15 15  7 15  0.654595E-03  79896.98
 15 15  8 15  0.309845E-01  78088.95
 15 15  9 15  0.409779E-02  76610.73
 16  0  0  0  0.210584E-01 110239.18
 16  0  1  0  0.317108E-01 106078.04
 16  0  2  0  0.110292E-02 102152.25
 16  0  3  0  0.221646E-01  98456.82
 16  0  4  0  0.134858E-01  94988.87
 16  0  5  0  0.120309E-01  91747.26
 16  0  6  0  0.286007E-01  88733.40
 16  0  7  0  0.885859E-02  85951.27
 16  0  8  0  0.435549E-01  83408.02
 16  0  9  0  0.177796E-01  81115.09
 16  0 10  0  0.263613E-01  79088.71
 16  0 11  0  0.488277E-02  77352.05
 16  0 12  0  0.194790E-01  75936.98
 16  0 13  0  0.442029E-02  74887.82
 16  0 14  0  0.139603E-02  74265.80
 16  1  0  1  0.211398E-01 110141.40
 16  1  1  1  0.315725E-01 105986.15
 16  1  2  1  0.102091E-02 102066.09
 16  1  3  1  0.223481E-01  98376.39
 16  1  4  1  0.131613E-01  94914.09
 16  1  5  1  0.123998E-01  91678.19
 16  1  6  1  0.281831E-01  88670.08
 16  1  7  1  0.944702E-02  85893.76
 16  1  8  1  0.425811E-01  83356.72
 16  1  9  1  0.184282E-01  81070.26
 16  1 10  1  0.256912E-01  79050.97
 16  1 11  1  0.501222E-02  77322.10
 16  1 12  1  0.192755E-01  75915.97
 16  1 13  1  0.443957E-02  74877.59
 16  1 14  1  0.178510E-02  74269.38
 16  2  0  2  0.213048E-01 109946.71
 16  2  1  2  0.312937E-01 105803.24
 16  2  2  2  0.865939E-03 101894.77
 16  2  3  2  0.227096E-01  98216.40
 16  2  4  2  0.125154E-01  94765.36
 16  2  5  2  0.131479E-01  91540.78
 16  2  6  2  0.273277E-01  88544.08
 16  2  7  2  0.106782E-01  85779.53
 16  2  8  2  0.405683E-01  83254.72
 16  2  9  2  0.196874E-01  80981.29
 16  2 10  2  0.243806E-01  78976.29
 16  2 11  2  0.525466E-02  77262.96
 16  2 12  2  0.188729E-01  75874.81
 16  2 13  2  0.448676E-02  74858.04
 16  2 14  2  0.297078E-02  74277.94
 16  3  0  3  0.215678E-01 109656.59
 16  3  1  3  0.308861E-01 105530.72
 16  3  2  3  0.656686E-03 101639.43
 16  3  3  3  0.232479E-01  97977.99
 16  3  4  3  0.115613E-01  94543.86
 16  3  5  3  0.142993E-01  91336.12
 16  3  6  3  0.260079E-01  88356.55
 16  3  7  3  0.126617E-01  85609.60
 16  3  8  3  0.374274E-01  83103.15
 16  3  9  3  0.214758E-01  80849.19
 16  3 10  3  0.224949E-01  78865.17
 16  3 11  3  0.557673E-02  77175.58
 16  3 12  3  0.182795E-01  75814.71
 16  3 13  3  0.457928E-02  74830.83
 16  3 14  3  0.647068E-02  74294.21
 16  4  0  4  0.219732E-01 109273.63
 16  4  1  4  0.303953E-01 105171.05
 16  4  2  4  0.421960E-03 101302.55
 16  4  3  4  0.239845E-01  97663.63
 16  4  4  4  0.103317E-01  94251.75
 16  4  5  4  0.159028E-01  91066.42
 16  4  6  4  0.242120E-01  88109.56
 16  4  7  4  0.155659E-01  85386.05
 16  4  8  4  0.331170E-01  82903.97
 16  4  9  4  0.236687E-01  80675.99
 16  4 10  4  0.201399E-01  78720.26
 16  4 11  4  0.593044E-02  77062.31
 16  4 12  4  0.175061E-01  75738.08
 16  4 13  4  0.474661E-02  74798.94
 16  5  0  5  0.226117E-01 108800.98
 16  5  1  5  0.299150E-01 104727.24
 16  5  2  5  0.200495E-03 100887.04
 16  5  3  5  0.249787E-01  97275.92
 16  5  4  5  0.888077E-02  93891.71
 16  5  5  5  0.180454E-01  90734.16
 16  5  6  5  0.219544E-01  87805.58
 16  5  7  5  0.196206E-01  85111.09
 16  5  8  5  0.277181E-01  82659.47
 16  5  9  5  0.261129E-01  80463.97
 16  5 10  5  0.174529E-01  78543.69
 16  5 11  5  0.626119E-02  76925.59
 16  5 12  5  0.165585E-01  75647.91
 16  5 13  5  0.505375E-02  74766.25
 16  6  0  6  0.236233E-01 108243.28
 16  6  1  6  0.295719E-01 104203.76
 16  6  2  6  0.412322E-04 100396.84
 16  6  3  6  0.263311E-01  96818.86
 16  6  4  6  0.727328E-02  93467.68
 16  6  5  6  0.208626E-01  90343.27
 16  6  6  6  0.192568E-01  87448.27
 16  6  7  6  0.251053E-01  84788.50
 16  6  8  6  0.214833E-01  82373.34
 16  6  9  6  0.286584E-01  80216.83
 16  6 10  6  0.145780E-01  78339.28
 16  6 11  6  0.652558E-02  76769.50
 16  6 12  6  0.154306E-01  75548.62
 16  6 13  6  0.573256E-02  74739.01
 16  7  0  7  0.251516E-01 107605.52
 16  7  1  7  0.294491E-01 103605.65
 16  7  2  7  0.792441E-05  99837.41
 16  7  3  7  0.281200E-01  96297.63
 16  7  4  7  0.556553E-02  92984.33
 16  7  5  7  0.244989E-01  89898.15
 16  7  6  7  0.161021E-01  87042.14
 16  7  7  7  0.322398E-01  84422.65
 16  7  8  7  0.148559E-01  82049.95
 16  7  9  7  0.311533E-01  79938.95
 16  7 10  7  0.116401E-01  78111.63
 16  7 11  7  0.670343E-02  76599.03
 16  7 12  7  0.140947E-01  75446.48
 16  7 13  7  0.799398E-02  74726.24
 16  8  0  8  0.272231E-01 106895.25
 16  8  1  8  0.294446E-01 102939.21
 16  8  2  8  0.188930E-03  99214.86
 16  8  3  8  0.302535E-01  95718.10
 16  8  4  8  0.380701E-02  92447.92
 16  8  5  8  0.289574E-01  89404.84
 16  8  6  8  0.124189E-01  86593.08
 16  8  7  8  0.408340E-01  84019.32
 16  8  8  8  0.850716E-02  81694.90
 16  8  9  8  0.333560E-01  79636.19
 16  8 10  8  0.875315E-02  77866.55
 16  8 11  8  0.678838E-02  76420.70
 16  8 12  8  0.124929E-01  75348.97
 16  9  0  9  0.295655E-01 106118.08
 16  9  1  9  0.291385E-01 102211.77
 16  9  2  9  0.698722E-03  98535.25
 16  9  3  9  0.322570E-01  95086.22
 16  9  4  9  0.209931E-02  91863.62
 16  9  5  9  0.338035E-01  88868.84
 16  9  6  9  0.821892E-02  86106.38
 16  9  7  9  0.496237E-01  83584.01
 16  9  8  9  0.337350E-02  81313.97
 16  9  9  9  0.347887E-01  79314.16
 16  9 10  9  0.607692E-02  77610.65
 16  9 11  9  0.674157E-02  76241.41
 16  9 12  9  0.104738E-01  75265.44
 16 10  0 10  0.315877E-01 105280.00
 16 10  1 10  0.279164E-01 101427.02
 16 10  2 10  0.164564E-02  97803.39
 16 10  3 10  0.332877E-01  94406.79
 16 10  4 10  0.695996E-03  91236.36
 16 10  5 10  0.380083E-01  88294.60
 16 10  6 10  0.394831E-02  85586.46
 16 10  7 10  0.559044E-01  83120.70
 16 10  8 10  0.456616E-03  80911.01
 16 10  9 10  0.347798E-01  78977.29
 16 10 10 10  0.385183E-02  77348.13
 16 10 11 10  0.643790E-02  76067.18
 16 10 12 10  0.730701E-02  75206.21
 16 11  0 11  0.328858E-01 104383.18
 16 11  1 11  0.255412E-01 100588.09
 16 11  2 11  0.309117E-02  97021.63
 16 11  3 11  0.327590E-01  93681.38
 16 11  4 11  0.126091E-04  90567.73
 16 11  5 11  0.405204E-01  87683.53
 16 11  6 11  0.755893E-03  85034.61
 16 11  7 11  0.568141E-01  82631.10
 16 11  8 11  0.208958E-03  80488.17
 16 11  9 11  0.329499E-01  78627.56
 16 11 10 11  0.229094E-02  77082.51
 16 11 11 11  0.568990E-02  75903.06
 16 12  0 12  0.339764E-01 103430.20
 16 12  1 12  0.225916E-01  99697.37
 16 12  2 12  0.512227E-02  96191.66
 16 12  3 12  0.310717E-01  92912.03
 16 12  4 12  0.489492E-03  89859.33
 16 12  5 12  0.412862E-01  87037.04
 16 12  6 12  0.210111E-03  84452.44
 16 12  7 12  0.517468E-01  82116.49
 16 12  8 12  0.214279E-02  80046.77
 16 12  9 12  0.296910E-01  78267.58
 16 12 10 12  0.139777E-02  76816.82
 16 12 11 12  0.442149E-02  75755.70
 16 13  0 13  0.361657E-01 102427.11
 16 13  1 13  0.199246E-01  98759.87
 16 13  2 13  0.804151E-02  95318.83
 16 13  3 13  0.292020E-01  92103.85
 16 13  4 13  0.259321E-02  89116.32
 16 13  5 13  0.410533E-01  86360.71
 16 13  6 13  0.388263E-02  83845.11
 16 13  7 13  0.425220E-01  81582.71
 16 13  8 13  0.541966E-02  79592.48
 16 13  9 13  0.258117E-01  77903.29
 16 13 10 13  0.967514E-03  76559.32
 16 14  0 14  0.403584E-01 101385.13
 16 14  1 14  0.177109E-01  97786.65
 16 14  2 14  0.123520E-01  94414.00
 16 14  3 14  0.273617E-01  91267.48
 16 14  4 14  0.704728E-02  88349.17
 16 14  5 14  0.395852E-01  85664.36
 16 14  6 14  0.132002E-01  83222.83
 16 14  7 14  0.311774E-01  81039.44
 16 14  8 14  0.958669E-02  79136.57
 16 14  9 14  0.217946E-01  77547.02
 16 14 10 14  0.764221E-03  76325.02
 16 15  0 15  0.454374E-01 100314.02
 16 15  1 15  0.151263E-01  96788.10
 16 15  2 15  0.180432E-01  93487.41
 16 15  3 15  0.242367E-01  90412.69
 16 15  4 15  0.144389E-01  87567.37
 16 15  5 15  0.343644E-01  84958.04
 16 15  6 15  0.275795E-01  82595.84
 16 15  7 15  0.192639E-01  80498.02
 16 15  8 15  0.141299E-01  78689.99
 16 15  9 15  0.177349E-01  77211.77
 17  0  0  0  0.181861E-01 110901.41
 17  0  1  0  0.321452E-01 106740.27
 17  0  2  0  0.340303E-02 102814.48
 17  0  3  0  0.162263E-01  99119.05
 17  0  4  0  0.197116E-01  95651.10
 17  0  5  0  0.383768E-02  92409.49
 17  0  6  0  0.338976E-01  89395.63
 17  0  7  0  0.654082E-04  86613.50
 17  0  8  0  0.521680E-01  84070.25
 17  0  9  0  0.165983E-03  81777.32
 17  0 10  0  0.379041E-01  79750.94
 17  0 11  0  0.174956E-02  78014.28
 17  0 12  0  0.115385E-01  76599.21
 17  0 13  0  0.117718E-01  75550.05
 17  0 14  0  0.826903E-02  74928.03
 17  1  0  1  0.183113E-01 110803.33
 17  1  1  1  0.321340E-01 106648.08
 17  1  2  1  0.327975E-02 102728.02
 17  1  3  1  0.164773E-01  99038.32
 17  1  4  1  0.194829E-01  95576.02
 17  1  5  1  0.407434E-02  92340.12
 17  1  6  1  0.338458E-01  89332.01
 17  1  7  1  0.120816E-03  86555.69
 17  1  8  1  0.522110E-01  84018.65
 17  1  9  1  0.267135E-03  81732.19
 17  1 10  1  0.376829E-01  79712.90
 17  1 11  1  0.162078E-02  77984.03
 17  1 12  1  0.114659E-01  76577.90
 17  1 13  1  0.116017E-01  75539.52
 17  1 14  1  0.917296E-02  74931.31
 17  2  0  2  0.185493E-01 110608.17
 17  2  1  2  0.320819E-01 106464.70
 17  2  2  2  0.303586E-02 102556.23
 17  2  3  2  0.169673E-01  98877.86
 17  2  4  2  0.190016E-01  95426.82
 17  2  5  2  0.456488E-02  92202.24
 17  2  6  2  0.336872E-01  89205.54
 17  2  7  2  0.283959E-03  86440.99
 17  2  8  2  0.521496E-01  83916.18
 17  2  9  2  0.534383E-03  81642.75
 17  2 10  2  0.371944E-01  79637.75
 17  2 11  2  0.138538E-02  77924.42
 17  2 12  2  0.113087E-01  76536.27
 17  2 13  2  0.112561E-01  75519.50
 17  2 14  2  0.115645E-01  74939.40
 17  3  0  3  0.188775E-01 110317.56
 17  3  1  3  0.319362E-01 106191.69
 17  3  2  3  0.267889E-02 102300.40
 17  3  3  3  0.176713E-01  98638.96
 17  3  4  3  0.182269E-01  95204.83
 17  3  5  3  0.534116E-02  91997.09
 17  3  6  3  0.333164E-01  89017.52
 17  3  7  3  0.663161E-03  86270.57
 17  3  8  3  0.516949E-01  83764.12
 17  3  9  3  0.108072E-02  81510.16
 17  3 10  3  0.363566E-01  79526.14
 17  3 11  3  0.108424E-02  77836.55
 17  3 12  3  0.110422E-01  76475.68
 17  3 13  3  0.107186E-01  75491.80
 17  3 14  3  0.173626E-01  74955.18
 17  4  0  4  0.192712E-01 109934.15
 17  4  1  4  0.316376E-01 105831.57
 17  4  2  4  0.222541E-02 101963.07
 17  4  3  4  0.185559E-01  98324.15
 17  4  4  4  0.171172E-01  94912.27
 17  4  5  4  0.644600E-02  91726.94
 17  4  6  4  0.326000E-01  88770.08
 17  4  7  4  0.142784E-02  86046.57
 17  4  8  4  0.504526E-01  83564.49
 17  4  9  4  0.203253E-02  81336.51
 17  4 10  4  0.350750E-01  79380.78
 17  4 11  4  0.769025E-03  77722.83
 17  4 12  4  0.106295E-01  76398.60
 17  4 13  4  0.994739E-02  75459.46
 17  5  0  5  0.197248E-01 109460.86
 17  5  1  5  0.311577E-01 105387.12
 17  5  2  5  0.170575E-02 101546.92
 17  5  3  5  0.195946E-01  97935.80
 17  5  4  5  0.156569E-01  94551.59
 17  5  5  5  0.793348E-02  91394.04
 17  5  6  5  0.314152E-01  88465.46
 17  5  7  5  0.281213E-02  85770.97
 17  5  8  5  0.480152E-01  83319.35
 17  5  9  5  0.348287E-02  81123.85
 17  5 10  5  0.332832E-01  79203.57
 17  5 11  5  0.489389E-03  77585.47
 17  5 12  5  0.100253E-01  76307.79
 17  5 13  5  0.882946E-02  75426.13
 17  6  0  6  0.202860E-01 108901.61
 17  6  1  6  0.305473E-01 104862.09
 17  6  2  6  0.116555E-02 101055.17
 17  6  3  6  0.208030E-01  97477.19
 17  6  4  6  0.138825E-01  94126.01
 17  6  5  6  0.987969E-02  91001.60
 17  6  6  6  0.297029E-01  88106.60
 17  6  7  6  0.511773E-02  85446.83
 17  6  8  6  0.441089E-01  83031.67
 17  6  9  6  0.545576E-02  80875.16
 17  6 10  6  0.309868E-01  78997.61
 17  6 11  6  0.277898E-03  77427.83
 17  6 12  6  0.918654E-02  76206.95
 17  6 13  6  0.704854E-02  75397.34
 17  7  0  7  0.210836E-01 108260.27
 17  7  1  7  0.299576E-01 104260.40
 17  7  2  7  0.661511E-03 100492.16
 17  7  3  7  0.222663E-01  96952.38
 17  7  4  7  0.118808E-01  93639.08
 17  7  5  7  0.124076E-01  90552.90
 17  7  6  7  0.274800E-01  87696.89
 17  7  7  7  0.871968E-02  85077.40
 17  7  8  7  0.387175E-01  82704.70
 17  7  9  7  0.791197E-02  80593.70
 17  7 10  7  0.282776E-01  78766.38
 17  7 11  7  0.141175E-03  77253.78
 17  7 12  7  0.809030E-02  76101.23
 17  7 13  7  0.373419E-02  75380.99
 17  8  0  8  0.223101E-01 107543.38
 17  8  1  8  0.295796E-01 103587.34
 17  8  2  8  0.256053E-03  99862.99
 17  8  3  8  0.241275E-01  96366.23
 17  8  4  8  0.974445E-02  93096.05
 17  8  5  8  0.157043E-01  90052.97
 17  8  6  8  0.247646E-01  87241.21
 17  8  7  8  0.140522E-01  84667.45
 17  8  8  8  0.320848E-01  82343.03
 17  8  9  8  0.107933E-01  80284.32
 17  8 10  8  0.252929E-01  78514.68
 17  8 11  8  0.644262E-04  77068.83
 17  8 12  8  0.675518E-02  75997.10
 17  9  0  9  0.241211E-01 106756.75
 17  9  1  9  0.294804E-01 102850.44
 17  9  2  9  0.229777E-04  99173.92
 17  9  3  9  0.264656E-01  95724.89
 17  9  4  9  0.751613E-02  92502.29
 17  9  5  9  0.199594E-01  89507.51
 17  9  6  9  0.214317E-01  86745.05
 17  9  7  9  0.214581E-01  84222.68
 17  9  8  9  0.246232E-01  81952.64
 17  9  9  9  0.140369E-01  79952.83
 17  9 10  9  0.221460E-01  78249.32
 17  9 11  9  0.258436E-04  76880.08
 17  9 12  9  0.527891E-02  75904.11
 17 10  0 10  0.264295E-01 105908.73
 17 10  1 10  0.293838E-01 102055.75
 17 10  2 10  0.668042E-04  98432.12
 17 10  3 10  0.290424E-01  95035.52
 17 10  4 10  0.520024E-02  91865.09
 17 10  5 10  0.251229E-01  88923.33
 17 10  6 10  0.171634E-01  86215.19
 17 10  7 10  0.306548E-01  83749.43
 17 10  8 10  0.168996E-01  81539.74
 17 10  9 10  0.174474E-01  79606.02
 17 10 10 10  0.189097E-01  77976.86
 17 10 11 10  0.913562E-05  76695.91
 17 10 12 10  0.407666E-02  75834.94
 17 11  0 11  0.287401E-01 105005.13
 17 11  1 11  0.286294E-01 101210.04
 17 11  2 11  0.524878E-03  97643.58
 17 11  3 11  0.311067E-01  94303.33
 17 11  4 11  0.290358E-02  91189.68
 17 11  5 11  0.305497E-01  88305.48
 17 11  6 11  0.117820E-01  85656.56
 17 11  7 11  0.398946E-01  83253.05
 17 11  8 11  0.977030E-02  81110.12
 17 11  9 11  0.204749E-01  79249.51
 17 11 10 11  0.157043E-01  77704.46
 17 11 11 11  0.570604E-05  76525.01
 17 12  0 12  0.304703E-01 104049.67
 17 12  1 12  0.266914E-01 100316.84
 17 12  2 12  0.151888E-02  96811.13
 17 12  3 12  0.318020E-01  93531.50
 17 12  4 12  0.998504E-03  90478.80
 17 12  5 12  0.351366E-01  87656.51
 17 12  6 12  0.595326E-02  85071.91
 17 12  7 12  0.461211E-01  82735.96
 17 12  8 12  0.429464E-02  80666.24
 17 12  9 12  0.223019E-01  78887.05
 17 12 10 12  0.128012E-01  77436.29
 17 12 11 12  0.224475E-04  76375.17
 17 13  0 13  0.318114E-01 103044.35
 17 13  1 13  0.239160E-01  99377.11
 17 13  2 13  0.314309E-02  95936.07
 17 13  3 13  0.311413E-01  92721.09
 17 13  4 13  0.342441E-04  89733.56
 17 13  5 13  0.383543E-01  86977.95
 17 13  6 13  0.138848E-02  84462.35
 17 13  7 13  0.472750E-01  82199.95
 17 13  8 13  0.110240E-02  80209.72
 17 13  9 13  0.225019E-01  78520.53
 17 13 10 13  0.105008E-01  77176.56
 17 14  0 14  0.339303E-01 101994.54
 17 14  1 14  0.212287E-01  98396.06
 17 14  2 14  0.561613E-02  95023.41
 17 14  3 14  0.300380E-01  91876.89
 17 14  4 14  0.530784E-03  88958.58
 17 14  5 14  0.406817E-01  86273.77
 17 14  6 14  0.917573E-04  83832.24
 17 14  7 14  0.439317E-01  81648.85
 17 14  8 14  0.131446E-04  79745.98
 17 14  9 14  0.214301E-01  78156.43
 17 14 10 14  0.882598E-02  76934.43
 17 15  0 15  0.378143E-01 100908.97
 17 15  1 15  0.189683E-01  97383.05
 17 15  2 15  0.936886E-02  94082.36
 17 15  3 15  0.288952E-01  91007.64
 17 15  4 15  0.312945E-02  88162.32
 17 15  5 15  0.419970E-01  85552.99
 17 15  6 15  0.382408E-02  83190.79
 17 15  7 15  0.376345E-01  81092.97
 17 15  8 15  0.564573E-03  79284.94
 17 15  9 15  0.196860E-01  77806.72
 18  0  0  0  0.149672E-01 111550.56
 18  0  1  0  0.304175E-01 107389.42
 18  0  2  0  0.611119E-02 103463.63
 18  0  3  0  0.101918E-01  99768.20
 18  0  4  0  0.228724E-01  96300.25
 18  0  5  0  0.215454E-03  93058.64
 18  0  6  0  0.304046E-01  90044.78
 18  0  7  0  0.412293E-02  87262.65
 18  0  8  0  0.373363E-01  84719.40
 18  0  9  0  0.924783E-02  82426.47
 18  0 10  0  0.242704E-01  80400.09
 18  0 11  0  0.163118E-01  78663.43
 18  0 12  0  0.850739E-03  77248.36
 18  0 13  0  0.909695E-02  76199.20
 18  0 14  0  0.194826E-02  75577.18
 18  1  0  1  0.151107E-01 111451.61
 18  1  1  1  0.305097E-01 107296.36
 18  1  2  1  0.598315E-02 103376.30
 18  1  3  1  0.104331E-01  99686.60
 18  1  4  1  0.227967E-01  96224.30
 18  1  5  1  0.271626E-03  92988.40
 18  1  6  1  0.306560E-01  89980.29
 18  1  7  1  0.384893E-02  87203.97
 18  1  8  1  0.380556E-01  84666.93
 18  1  9  1  0.867791E-02  82380.47
 18  1 10  1  0.245554E-01  80361.18
 18  1 11  1  0.159729E-01  78632.31
 18  1 12  1  0.857248E-03  77226.18
 18  1 13  1  0.889331E-02  76187.80
 18  1 14  1  0.143953E-02  75579.59
 18  2  0  2  0.153959E-01 111254.81
 18  2  1  2  0.306808E-01 107111.34
 18  2  2  2  0.572618E-02 103202.87
 18  2  3  2  0.109193E-01  99524.50
 18  2  4  2  0.226246E-01  96073.46
 18  2  5  2  0.404047E-03  92848.88
 18  2  6  2  0.311307E-01  89852.18
 18  2  7  2  0.331810E-02  87087.63
 18  2  8  2  0.394410E-01  84562.82
 18  2  9  2  0.759013E-02  82289.39
 18  2 10  2  0.250951E-01  80284.39
 18  2 11  2  0.153107E-01  78571.06
 18  2 12  2  0.867597E-03  77182.91
 18  2 13  2  0.848752E-02  76166.14
 18  2 14  2  0.527898E-03  75586.04
 18  3  0  3  0.158149E-01 110962.01
 18  3  1  3  0.308964E-01 106836.14
 18  3  2  3  0.533822E-02 102944.85
 18  3  3  3  0.116526E-01  99283.41
 18  3  4  3  0.223100E-01  95849.28
 18  3  5  3  0.653166E-03  92641.54
 18  3  6  3  0.317615E-01  89661.97
 18  3  7  3  0.257085E-02  86915.02
 18  3  8  3  0.413568E-01  84408.57
 18  3  9  3  0.609401E-02  82154.61
 18  3 10  3  0.258220E-01  80170.59
 18  3 11  3  0.143577E-01  78481.00
 18  3 12  3  0.875806E-03  77120.13
 18  3 13  3  0.788399E-02  76136.25
 18  3 14  3  0.636191E-04  75599.63
 18  4  0  4  0.163463E-01 110576.23
 18  4  1  4  0.310892E-01 106473.65
 18  4  2  4  0.481712E-02 102605.15
 18  4  3  4  0.126261E-01  98966.23
 18  4  4  4  0.217760E-01  95554.35
 18  4  5  4  0.107918E-02  92369.02
 18  4  6  4  0.324273E-01  89412.16
 18  4  7  4  0.168537E-02  86688.65
 18  4  8  4  0.435330E-01  84206.57
 18  4  9  4  0.436323E-02  81978.59
 18  4 10  4  0.266191E-01  80022.86
 18  4 11  4  0.131652E-01  78364.91
 18  4 12  4  0.871388E-03  77040.68
 18  4 13  4  0.709527E-02  76101.54
 18  5  0  5  0.169512E-01 110100.77
 18  5  1  5  0.311560E-01 106027.03
 18  5  2  5  0.416575E-02 102186.83
 18  5  3  5  0.138128E-01  98575.71
 18  5  4  5  0.209206E-01  95191.50
 18  5  5  5  0.175893E-02  92033.95
 18  5  6  5  0.329402E-01  89105.37
 18  5  7  5  0.801180E-03  86410.88
 18  5  8  5  0.455171E-01  83959.26
 18  5  9  5  0.263425E-02  81763.76
 18  5 10  5  0.273121E-01  79843.48
 18  5 11  5  0.118083E-01  78225.38
 18  5 12  5  0.837753E-03  76947.70
 18  5 13  5  0.616275E-02  76066.04
 18  6  0  6  0.175863E-01 109539.76
 18  6  1  6  0.309900E-01 105500.24
 18  6  2  6  0.340258E-02 101693.32
 18  6  3  6  0.151704E-01  98115.34
 18  6  4  6  0.196491E-01  94764.16
 18  6  5  6  0.277920E-02  91639.75
 18  6  6  6  0.330777E-01  88744.75
 18  6  7  6  0.147142E-03  86084.98
 18  6  8  6  0.466962E-01  83669.82
 18  6  9  6  0.118032E-02  81513.31
 18  6 10  6  0.276874E-01  79635.76
 18  6 11  6  0.103877E-01  78065.98
 18  6 12  6  0.753407E-03  76845.10
 18  6 13  6  0.524459E-02  76035.49
 18  7  0  7  0.182450E-01 108896.70
 18  7  1  7  0.305565E-01 104896.83
 18  7  2  7  0.257235E-02 101128.59
 18  7  3  7  0.166671E-01  97588.81
 18  7  4  7  0.179324E-01  94275.51
 18  7  5  7  0.423261E-02  91189.33
 18  7  6  7  0.326611E-01  88333.32
 18  7  7  7  0.591969E-04  85713.83
 18  7  8  7  0.464557E-01  83341.13
 18  7  9  7  0.252344E-03  81230.13
 18  7 10  7  0.275536E-01  79402.81
 18  7 11  7  0.902056E-02  77890.21
 18  7 12  7  0.600468E-03  76737.66
 18  7 13  7  0.510447E-02  76017.42
 18  8  0  8  0.190134E-01 108177.04
 18  8  1  8  0.299711E-01 104221.00
 18  8  2  8  0.174488E-02 100496.65
 18  8  3  8  0.183401E-01  96999.89
 18  8  4  8  0.158472E-01  93729.71
 18  8  5  8  0.623192E-02  90686.63
 18  8  6  8  0.316428E-01  87874.87
 18  8  7  8  0.977018E-03  85301.11
 18  8  8  8  0.444345E-01  82976.69
 18  8  9  8  0.106506E-04  80917.98
 18  8 10  8  0.268293E-01  79148.34
 18  8 11  8  0.781180E-02  77702.49
 18  8 12  8  0.383594E-03  76630.76
 18  9  0  9  0.200886E-01 107385.14
 18  9  1  9  0.294826E-01 103478.83
 18  9  2  9  0.997874E-03  99802.31
 18  9  3  9  0.203273E-01  96353.28
 18  9  4  9  0.135369E-01  93130.68
 18  9  5  9  0.894525E-02  90135.90
 18  9  6  9  0.300789E-01  87373.44
 18  9  7  9  0.342862E-02  84851.07
 18  9  8  9  0.406699E-01  82581.03
 18  9  9  9  0.506074E-03  80581.22
 18  9 10  9  0.255834E-01  78877.71
 18  9 11  9  0.681468E-02  77508.47
 18  9 12  9  0.149004E-03  76532.50
 18 10  0 10  0.216951E-01 106528.70
 18 10  1 10  0.292934E-01 102675.72
 18 10  2 10  0.403820E-03  99052.09
 18 10  3 10  0.227899E-01  95655.49
 18 10  4 10  0.110952E-01  92485.06
 18 10  5 10  0.126063E-01  89543.30
 18 10  6 10  0.279109E-01  86835.16
 18 10  7 10  0.797586E-02  84369.40
 18 10  8 10  0.354593E-01  82159.71
 18 10  9 10  0.172989E-02  80225.99
 18 10 10 10  0.239662E-01  78596.83
 18 10 11 10  0.601177E-02  77315.88
 18 10 12 10  0.921517E-08  76454.91
 18 11  0 11  0.238697E-01 105614.99
 18 11  1 11  0.292676E-01 101819.90
 18 11  2 11  0.486364E-04  98253.44
 18 11  3 11  0.256593E-01  94913.19
 18 11  4 11  0.849130E-02  91799.54
 18 11  5 11  0.173734E-01  88915.34
 18 11  6 11  0.247031E-01  86266.42
 18 11  7 11  0.149150E-01  83862.91
 18 11  8 11  0.291121E-01  81719.98
 18 11  9 11  0.363429E-02  79859.37
 18 11 10 11  0.220770E-01  78314.32
 18 11 11 11  0.534127E-02  77134.87
 18 12  0 12  0.262268E-01 104651.24
 18 12  1 12  0.287761E-01 100918.41
 18 12  2 12  0.645780E-04  97412.70
 18 12  3 12  0.283352E-01  94133.07
 18 12  4 12  0.569068E-02  91080.37
 18 12  5 12  0.229686E-01  88258.08
 18 12  6 12  0.197664E-01  85673.48
 18 12  7 12  0.234840E-01  83337.53
 18 12  8 12  0.219985E-01  81267.81
 18 12  9 12  0.598150E-02  79488.62
 18 12 10 12  0.199044E-01  78037.86
 18 12 11 12  0.473952E-02  76976.74
 18 13  0 13  0.281567E-01 103641.48
 18 13  1 13  0.271532E-01  99974.24
 18 13  2 13  0.610110E-03  96533.20
 18 13  3 13  0.299067E-01  93318.22
 18 13  4 13  0.294661E-02  90330.69
 18 13  5 13  0.285379E-01  87575.08
 18 13  6 13  0.130781E-01  85059.48
 18 13  7 13  0.313471E-01  82797.08
 18 13  8 13  0.148996E-01  80806.85
 18 13  9 13  0.816697E-02  79117.66
 18 13 10 13  0.174391E-01  77773.69
 18 14  0 14  0.296992E-01 102588.11
 18 14  1 14  0.245952E-01  98989.63
 18 14  2 14  0.181617E-02  95616.98
 18 14  3 14  0.301662E-01  92470.46
 18 14  4 14  0.849446E-03  89552.15
 18 14  5 14  0.334340E-01  86867.34
 18 14  6 14  0.612050E-02  84425.81
 18 14  7 14  0.361007E-01  82242.42
 18 14  8 14  0.888443E-02  80339.55
 18 14  9 14  0.951519E-02  78750.00
 18 14 10 14  0.147861E-01  77528.00
 18 15  0 15  0.319037E-01 101494.50
 18 15  1 15  0.220309E-01  97968.58
 18 15  2 15  0.387452E-02  94667.89
 18 15  3 15  0.299106E-01  91593.17
 18 15  4 15  0.494492E-06  88747.85
 18 15  5 15  0.378978E-01  86138.52
 18 15  6 15  0.117051E-02  83776.32
 18 15  7 15  0.373812E-01  81678.50
 18 15  8 15  0.452767E-02  79870.47
 18 15  9 15  0.986473E-02  78392.25
 19  0  0  0  0.122310E-01 112188.16
 19  0  1  0  0.281123E-01 108027.02
 19  0  2  0  0.876957E-02 104101.23
 19  0  3  0  0.552493E-02 100405.80
 19  0  4  0  0.233574E-01  96937.85
 19  0  5  0  0.708505E-03  93696.24
 19  0  6  0  0.225169E-01  90682.38
 19  0  7  0  0.131637E-01  87900.25
 19  0  8  0  0.167727E-01  85357.00
 19  0  9  0  0.274867E-01  83064.07
 19  0 10  0  0.580500E-02  81037.69
 19  0 11  0  0.261882E-01  79301.03
 19  0 12  0  0.283219E-02  77885.96
 19  0 13  0  0.192900E-02  76836.80
 19  0 14  0  0.611795E-02  76214.78
 19  1  0  1  0.123419E-01 112088.32
 19  1  1  1  0.281988E-01 107933.07
 19  1  2  1  0.863985E-02 104013.01
 19  1  3  1  0.569790E-02 100323.31
 19  1  4  1  0.233642E-01  96861.01
 19  1  5  1  0.627768E-03  93625.11
 19  1  6  1  0.228416E-01  90617.00
 19  1  7  1  0.128467E-01  87840.68
 19  1  8  1  0.174253E-01  85303.64
 19  1  9  1  0.268615E-01  83017.18
 19  1 10  1  0.606397E-02  80997.89
 19  1 11  1  0.259379E-01  79269.02
 19  1 12  1  0.278760E-02  77862.89
 19  1 13  1  0.184007E-02  76824.51
 19  1 14  1  0.642695E-02  76216.30
 19  2  0  2  0.125703E-01 111889.70
 19  2  1  2  0.283787E-01 107746.23
 19  2  2  2  0.838271E-02 103837.76
 19  2  3  2  0.605355E-02 100159.39
 19  2  4  2  0.233738E-01  96708.35
 19  2  5  2  0.479979E-03  93483.77
 19  2  6  2  0.234930E-01  90487.07
 19  2  7  2  0.122104E-01  87722.52
 19  2  8  2  0.187566E-01  85197.71
 19  2  9  2  0.256111E-01  82924.28
 19  2 10  2  0.658754E-02  80919.28
 19  2 11  2  0.254398E-01  79205.95
 19  2 12  2  0.270381E-02  77817.80
 19  2 13  2  0.166567E-02  76801.03
 19  2 14  2  0.742266E-02  76220.93
 19  3  0  3  0.129276E-01 111594.16
 19  3  1  3  0.286612E-01 107468.29
 19  3  2  3  0.800095E-02 103577.00
 19  3  3  3  0.661036E-02  99915.56
 19  3  4  3  0.233734E-01  96481.43
 19  3  5  3  0.293482E-03  93273.69
 19  3  6  3  0.244691E-01  90294.12
 19  3  7  3  0.112491E-01  87547.17
 19  3  8  3  0.208063E-01  85040.72
 19  3  9  3  0.237426E-01  82786.76
 19  3 10  3  0.738373E-02  80802.74
 19  3 11  3  0.246989E-01  79113.15
 19  3 12  3  0.259049E-02  77752.28
 19  3 13  3  0.141355E-02  76768.40
 19  3 14  3  0.104929E-01  76231.78
 19  4  0  4  0.134238E-01 111204.82
 19  4  1  4  0.290421E-01 107102.24
 19  4  2  4  0.749427E-02 103233.74
 19  4  3  4  0.739268E-02  99594.82
 19  4  4  4  0.233286E-01  96182.94
 19  4  5  4  0.113534E-03  92997.61
 19  4  6  4  0.257514E-01  90040.75
 19  4  7  4  0.995408E-02  87317.24
 19  4  8  4  0.235944E-01  84835.16
 19  4  9  4  0.212825E-01  82607.18
 19  4 10  4  0.845300E-02  80651.45
 19  4 11  4  0.237231E-01  78993.50
 19  4 12  4  0.246003E-02  77669.27
 19  4 13  4  0.109645E-02  76730.13
 19  5  0  5  0.140563E-01 110725.29
 19  5  1  5  0.294802E-01 106651.55
 19  5  2  5  0.685575E-02 102811.35
 19  5  3  5  0.842135E-02  99200.23
 19  5  4  5  0.231654E-01  95816.02
 19  5  5  5  0.572561E-05  92658.47
 19  5  6  5  0.272720E-01  89729.89
 19  5  7  5  0.831982E-02  87035.40
 19  5  8  5  0.270553E-01  84583.78
 19  5  9  5  0.182939E-01  82388.28
 19  5 10  5  0.977067E-02  80468.00
 19  5 11  5  0.225217E-01  78849.90
 19  5 12  5  0.232735E-02  77572.22
 19  5 13  5  0.730403E-03  76690.56
 19  6  0  6  0.147958E-01 110160.21
 19  6  1  6  0.298729E-01 106120.69
 19  6  2  6  0.607320E-02 102313.77
 19  6  3  6  0.970087E-02  98735.79
 19  6  4  6  0.227555E-01  95384.61
 19  6  5  6  0.596881E-04  92260.20
 19  6  6  6  0.288823E-01  89365.20
 19  6  7  6  0.636944E-02  86705.43
 19  6  8  6  0.309375E-01  84290.27
 19  6  9  6  0.149015E-01  82133.76
 19  6 10  6  0.112575E-01  80256.21
 19  6 11  6  0.211067E-01  78686.43
 19  6 12  6  0.221132E-02  77465.55
 19  6 13  6  0.331085E-03  76655.94
 19  7  0  7  0.155849E-01 109513.64
 19  7  1  7  0.300647E-01 105513.77
 19  7  2  7  0.514259E-02 101745.53
 19  7  3  7  0.112026E-01  98205.75
 19  7  4  7  0.219340E-01  94892.45
 19  7  5  7  0.387933E-03  91806.27
 19  7  6  7  0.303397E-01  88950.26
 19  7  7  7  0.421042E-02  86330.77
 19  7  8  7  0.347210E-01  83958.07
 19  7  9  7  0.113183E-01  81847.07
 19  7 10  7  0.127521E-01  80019.75
 19  7 11  7  0.195029E-01  78507.15
 19  7 12  7  0.213695E-02  77354.60
 19  7 13  7  0.997970E-06  76634.36
 19  8  0  8  0.163731E-01 108791.10
 19  8  1  8  0.299293E-01 104835.06
 19  8  2  8  0.409219E-02 101110.71
 19  8  3  8  0.128794E-01  97613.95
 19  8  4  8  0.205773E-01  94343.77
 19  8  5  8  0.111633E-02  91300.69
 19  8  6  8  0.313756E-01  88488.93
 19  8  7  8  0.210571E-02  85915.17
 19  8  8  8  0.376765E-01  83590.75
 19  8  9  8  0.784615E-02  81532.04
 19  8 10  8  0.140224E-01  79762.40
 19  8 11  8  0.177642E-01  78316.55
 19  8 12  8  0.213138E-02  77244.82
 19  9  0  9  0.171953E-01 107996.09
 19  9  1  9  0.295072E-01 104089.78
 19  9  2  9  0.299699E-02 100413.26
 19  9  3  9  0.147232E-01  96964.23
 19  9  4  9  0.187044E-01  93741.63
 19  9  5  9  0.237618E-02  90746.85
 19  9  6  9  0.318400E-01  87984.39
 19  9  7  9  0.509004E-03  85462.02
 19  9  8  9  0.391558E-01  83191.98
 19  9  9  9  0.481205E-02  81192.17
 19  9 10  9  0.148509E-01  79488.66
 19  9 11  9  0.159780E-01  78119.42
 19  9 12  9  0.219367E-02  77143.45
 19 10  0 10  0.182273E-01 107134.74
 19 10  1 10  0.290541E-01 103281.76
 19 10  2 10  0.195636E-02  99658.13
 19 10  3 10  0.168359E-01  96261.53
 19 10  4 10  0.164805E-01  93091.10
 19 10  5 10  0.432519E-02  90149.34
 19 10  6 10  0.317655E-01  87441.20
 19 10  7 10  0.252381E-04  84975.44
 19 10  8 10  0.389215E-01  82765.75
 19 10  9 10  0.245536E-02  80832.03
 19 10 10 10  0.151517E-01  79202.87
 19 10 11 10  0.142246E-01  77921.92
 19 10 12 10  0.207812E-02  77060.95
 19 11  0 11  0.197223E-01 106213.17
 19 11  1 11  0.288610E-01 102418.08
 19 11  2 11  0.105645E-02  98851.62
 19 11  3 11  0.193985E-01  95511.37
 19 11  4 11  0.140617E-01  92397.72
 19 11  5 11  0.718875E-02  89513.52
 19 11  6 11  0.311577E-01  86864.60
 19 11  7 11  0.133450E-02  84461.09
 19 11  8 11  0.371348E-01  82318.16
 19 11  9 11  0.877595E-03  80457.55
 19 11 10 11  0.149923E-01  78912.50
 19 11 11 11  0.125133E-01  77733.05
 19 12  0 12  0.217813E-01 105239.47
 19 12  1 12  0.288880E-01 101506.64
 19 12  2 12  0.371283E-03  98000.93
 19 12  3 12  0.224320E-01  94721.30
 19 12  4 12  0.114189E-01  91668.60
 19 12  5 12  0.112084E-01  88846.31
 19 12  6 12  0.295544E-01  86261.71
 19 12  7 12  0.501990E-02  83925.76
 19 12  8 12  0.339635E-01  81856.04
 19 12  9 12  0.977395E-04  80076.85
 19 12 10 12  0.144582E-01  78626.09
 19 12 11 12  0.107512E-01  77564.97
 19 13  0 13  0.240845E-01 104220.82
 19 13  1 13  0.285336E-01 100553.58
 19 13  2 13  0.168818E-04  97112.54
 19 13  3 13  0.254475E-01  93897.56
 19 13  4 13  0.840992E-02  90910.03
 19 13  5 13  0.163552E-01  88154.42
 19 13  6 13  0.259119E-01  85638.82
 19 13  7 13  0.109953E-01  83376.42
 19 13  8 13  0.293762E-01  81386.19
 19 13  9 13  0.757557E-04  79697.00
 19 13 10 13  0.134760E-01  78353.03
 19 14  0 14  0.260522E-01 103161.82
 19 14  1 14  0.270888E-01  99563.34
 19 14  2 14  0.167040E-03  96190.69
 19 14  3 14  0.275747E-01  93044.17
 19 14  4 14  0.516642E-02  90125.86
 19 14  5 14  0.220839E-01  87441.05
 19 14  6 14  0.195927E-01  84999.52
 19 14  7 14  0.178071E-01  82816.13
 19 14  8 14  0.236015E-01  80913.26
 19 14  9 14  0.573005E-03  79323.71
 19 14 10 14  0.118187E-01  78101.71
 19 15  0 15  0.277212E-01 102063.30
 19 15  1 15  0.247303E-01  98537.38
 19 15  2 15  0.987491E-03  95236.69
 19 15  3 15  0.285607E-01  92161.97
 19 15  4 15  0.228226E-02  89316.65
 19 15  5 15  0.278734E-01  86707.32
 19 15  6 15  0.117303E-01  84345.12
 19 15  7 15  0.234247E-01  82247.30
 19 15  8 15  0.175749E-01  80439.27
 19 15  9 15  0.113293E-02  78961.05
 20  0  0  0  0.101943E-01 112809.90
 20  0  1  0  0.261232E-01 108648.76
 20  0  2  0  0.113036E-01 104722.97
 20  0  3  0  0.245700E-02 101027.54
 20  0  4  0  0.222044E-01  97559.59
 20  0  5  0  0.368228E-02  94317.98
 20  0  6  0  0.141571E-01  91304.12
 20  0  7  0  0.209375E-01  88521.99
 20  0  8  0  0.342245E-02  85978.74
 20  0  9  0  0.368671E-01  83685.81
 20  0 10  0  0.157257E-03  81659.43
 20  0 11  0  0.214667E-01  79922.77
 20  0 12  0  0.124342E-01  78507.70
 20  0 13  0  0.339571E-03  77458.54
 20  0 14  0  0.197178E-04  76836.52
 20  1  0  1  0.102694E-01 112709.44
 20  1  1  1  0.261727E-01 108554.19
 20  1  2  1  0.111659E-01 104634.13
 20  1  3  1  0.256472E-02 100944.43
 20  1  4  1  0.222488E-01  97482.13
 20  1  5  1  0.352188E-02  94246.23
 20  1  6  1  0.144463E-01  91238.12
 20  1  7  1  0.207091E-01  88461.80
 20  1  8  1  0.372195E-02  85924.76
 20  1  9  1  0.365848E-01  83638.30
 20  1 10  1  0.112562E-03  81619.01
 20  1 11  1  0.214153E-01  79890.14
 20  1 12  1  0.122869E-01  78484.01
 20  1 13  1  0.359793E-03  77445.63
 20  1 14  1  0.253829E-06  76837.42
 20  2  0  2  0.104251E-01 112509.52
 20  2  1  2  0.262800E-01 108366.05
 20  2  2  2  0.108942E-01 104457.58
 20  2  3  2  0.278809E-02 100779.21
 20  2  4  2  0.223369E-01  97328.17
 20  2  5  2  0.321001E-02  94103.59
 20  2  6  2  0.150322E-01  91106.89
 20  2  7  2  0.202457E-01  88342.34
 20  2  8  2  0.436069E-02  85817.53
 20  2  9  2  0.359865E-01  83544.10
 20  2 10  2  0.463453E-04  81539.10
 20  2 11  2  0.213001E-01  79825.77
 20  2 12  2  0.120026E-01  78437.62
 20  2 13  2  0.402754E-03  77420.85
 20  2 14  2  0.155714E-03  76840.75
 20  3  0  3  0.106738E-01 112211.88
 20  3  1  3  0.264638E-01 108086.01
 20  3  2  3  0.104960E-01 104194.72
 20  3  3  3  0.314361E-02 100533.28
 20  3  4  3  0.224685E-01  97099.15
 20  3  5  3  0.276517E-02  93891.41
 20  3  6  3  0.159301E-01  90911.84
 20  3  7  3  0.195344E-01  88164.89
 20  3  8  3  0.541804E-02  85658.44
 20  3  9  3  0.350152E-01  83404.48
 20  3 10  3  0.155104E-05  81420.46
 20  3 11  3  0.211013E-01  79730.87
 20  3 12  3  0.115998E-01  78370.00
 20  3 13  3  0.472795E-03  77386.12
 20  3 14  3  0.144500E-02  76849.50
 20  4  0  4  0.110345E-01 111819.49
 20  4  1  4  0.267512E-01 107716.91
 20  4  2  4  0.998103E-02 103848.41
 20  4  3  4  0.365735E-02 100209.49
 20  4  4  4  0.226420E-01  96797.61
 20  4  5  4  0.221657E-02  93612.28
 20  4  6  4  0.171646E-01  90655.42
 20  4  7  4  0.185540E-01  87931.91
 20  4  8  4  0.700911E-02  85449.83
 20  4  9  4  0.336057E-01  83221.85
 20  4 10  4  0.350290E-04  81266.12
 20  4 11  4  0.207977E-01  79608.17
 20  4 12  4  0.111023E-01  78283.94
 20  4 13  4  0.573516E-03  77344.80
 20  5  0  5  0.115300E-01 111335.89
 20  5  1  5  0.271669E-01 107262.15
 20  5  2  5  0.935638E-02 103421.95
 20  5  3  5  0.436432E-02  99810.83
 20  5  4  5  0.228433E-01  96426.62
 20  5  5  5  0.160483E-02  93269.07
 20  5  6  5  0.187576E-01  90340.49
 20  5  7  5  0.172650E-01  87646.00
 20  5  8  5  0.926981E-02  85194.38
 20  5  9  5  0.316972E-01  82998.88
 20  5 10  5  0.209758E-03  81078.60
 20  5 11  5  0.203697E-01  79460.50
 20  5 12  5  0.105329E-01  78182.82
 20  5 13  5  0.698252E-03  77301.16
 20  6  0  6  0.121756E-01 110765.87
 20  6  1  6  0.277048E-01 106726.35
 20  6  2  6  0.861756E-02 102919.43
 20  6  3  6  0.530537E-02  99341.45
 20  6  4  6  0.230210E-01  95990.27
 20  6  5  6  0.985679E-03  92865.86
 20  6  6  6  0.207088E-01  89970.86
 20  6  7  6  0.155974E-01  87311.09
 20  6  8  6  0.123133E-01  84895.93
 20  6  9  6  0.292392E-01  82739.42
 20  6 10  6  0.584293E-03  80861.87
 20  6 11  6  0.197964E-01  79292.09
 20  6 12  6  0.990929E-02  78071.21
 20  6 13  6  0.790768E-03  77261.60
 20  7  0  7  0.129594E-01 110113.97
 20  7  1  7  0.282865E-01 106114.10
 20  7  2  7  0.774275E-02 102345.86
 20  7  3  7  0.651173E-02  98806.08
 20  7  4  7  0.230527E-01  95492.78
 20  7  5  7  0.437636E-03  92406.60
 20  7  6  7  0.229475E-01  89550.59
 20  7  7  7  0.134519E-01  86931.10
 20  7  8  7  0.161351E-01  84558.40
 20  7  9  7  0.261982E-01  82447.40
 20  7 10  7  0.119378E-02  80620.08
 20  7 11  7  0.190418E-01  79107.48
 20  7 12  7  0.923925E-02  77954.93
 20  7 13  7  0.557646E-03  77234.69
 20  8  0  8  0.138266E-01 109386.46
 20  8  1  8  0.287400E-01 105430.42
 20  8  2  8  0.670347E-02 101706.07
 20  8  3  8  0.798505E-02  98209.31
 20  8  4  8  0.227352E-01  94939.13
 20  8  5  8  0.721919E-04  91896.05
 20  8  6  8  0.252869E-01  89084.29
 20  8  7  8  0.107534E-01  86510.53
 20  8  8  8  0.204747E-01  84186.11
 20  8  9  8  0.225919E-01  82127.40
 20  8 10  8  0.201664E-02  80357.76
 20  8 11  8  0.180456E-01  78911.91
 20  8 12  8  0.851889E-02  77840.18
 20  9  0  9  0.147031E-01 108587.28
 20  9  1  9  0.288720E-01 104680.97
 20  9  2  9  0.550125E-02 101004.45
 20  9  3  9  0.968898E-02  97555.42
 20  9  4  9  0.218610E-01  94332.82
 20  9  5  9  0.344912E-04  91338.04
 20  9  6  9  0.274491E-01  88575.58
 20  9  7  9  0.757993E-02  86053.21
 20  9  8  9  0.247495E-01  83783.17
 20  9  9  9  0.185617E-01  81783.36
 20  9 10  9  0.294212E-02  80079.85
 20  9 11  9  0.167392E-01  78710.61
 20  9 12  9  0.773013E-02  77734.64
 20 10  0 10  0.155833E-01 107722.00
 20 10  1 10  0.286467E-01 103869.02
 20 10  2 10  0.420393E-02 100245.39
 20 10  3 10  0.115956E-01  96848.79
 20 10  4 10  0.203702E-01  93678.36
 20 10  5 10  0.486083E-03  90736.60
 20 10  6 10  0.292164E-01  88028.46
 20 10  7 10  0.429417E-02  85562.70
 20 10  8 10  0.282486E-01  83353.01
 20 10  9 10  0.144122E-01  81419.29
 20 10 10 10  0.378836E-02  79790.13
 20 10 11 10  0.150876E-01  78509.18
 20 10 12 10  0.699253E-02  77648.21
 20 11  0 11  0.166198E-01 106795.20
 20 11  1 11  0.283067E-01 103000.11
 20 11  2 11  0.293105E-02  99433.65
 20 11  3 11  0.137752E-01  96093.40
 20 11  4 11  0.184222E-01  92979.75
 20 11  5 11  0.159700E-02  90095.55
 20 11  6 11  0.305796E-01  87446.63
 20 11  7 11  0.153614E-02  85043.12
 20 11  8 11  0.305416E-01  82900.19
 20 11  9 11  0.105198E-01  81039.58
 20 11 10 11  0.439625E-02  79494.53
 20 11 11 11  0.131095E-01  78315.08
 20 12  0 12  0.180705E-01 105813.63
 20 12  1 12  0.281868E-01 102080.80
 20 12  2 12  0.178658E-02  98575.09
 20 12  3 12  0.163992E-01  95295.46
 20 12  4 12  0.162139E-01  92242.76
 20 12  5 12  0.358249E-02  89420.47
 20 12  6 12  0.315595E-01  86835.87
 20 12  7 12  0.737057E-04  84499.92
 20 12  8 12  0.316196E-01  82430.20
 20 12  9 12  0.715677E-02  80651.01
 20 12 10 12  0.471071E-02  79200.25
 20 12 11 12  0.108027E-01  78139.13
 20 13  0 13  0.200526E-01 104785.07
 20 13  1 13  0.282816E-01 101117.83
 20 13  2 13  0.838493E-03  97676.79
 20 13  3 13  0.195165E-01  94461.81
 20 13  4 13  0.137148E-01  91474.28
 20 13  5 13  0.671059E-02  88718.67
 20 13  6 13  0.316589E-01  86203.07
 20 13  7 13  0.634367E-03  83940.67
 20 13  8 13  0.315156E-01  81950.44
 20 13  9 13  0.444659E-02  80261.25
 20 13 10 13  0.473046E-02  78917.28
 20 14  0 14  0.222591E-01 103716.99
 20 14  1 14  0.279777E-01 100118.51
 20 14  2 14  0.186994E-03  96745.86
 20 14  3 14  0.226893E-01  93599.34
 20 14  4 14  0.106943E-01  90681.03
 20 14  5 14  0.111036E-01  87996.22
 20 14  6 14  0.295615E-01  85554.69
 20 14  7 14  0.352736E-02  83371.30
 20 14  8 14  0.299091E-01  81468.43
 20 14  9 14  0.246585E-02  79878.88
 20 14 10 14  0.436396E-02  78656.88
 20 15  0 15  0.241660E-01 102612.06
 20 15  1 15  0.265954E-01  99086.14
 20 15  2 15  0.131819E-04  95785.45
 20 15  3 15  0.251233E-01  92710.73
 20 15  4 15  0.720451E-02  89865.41
 20 15  5 15  0.164905E-01  87256.08
 20 15  6 15  0.242003E-01  84893.88
 20 15  7 15  0.802108E-02  82796.06
 20 15  8 15  0.265531E-01  80988.03
 20 15  9 15  0.124944E-02  79509.81
 21  0  0  0  0.860495E-02 113412.27
 21  0  1  0  0.242794E-01 109251.13
 21  0  2  0  0.135602E-01 105325.34
 21  0  3  0  0.711591E-03 101629.91
 21  0  4  0  0.198471E-01  98161.96
 21  0  5  0  0.765895E-02  94920.35
 21  0  6  0  0.718345E-02  91906.49
 21  0  7  0  0.246732E-01  89124.36
 21  0  8  0  0.590739E-04  86581.11
 21  0  9  0  0.328492E-01  84288.18
 21  0 10  0  0.787043E-02  82261.80
 21  0 11  0  0.927822E-02  80525.14
 21  0 12  0  0.179948E-01  79110.07
 21  0 13  0  0.499906E-02  78060.91
 21  0 14  0  0.230684E-04  77438.89
 21  1  0  1  0.866323E-02 113311.34
 21  1  1  1  0.243219E-01 109156.09
 21  1  2  1  0.134273E-01 105236.03
 21  1  3  1  0.767469E-03 101546.33
 21  1  4  1  0.199341E-01  98084.03
 21  1  5  1  0.746785E-02  94848.13
 21  1  6  1  0.740707E-02  91840.02
 21  1  7  1  0.245880E-01  89063.70
 21  1  8  1  0.299096E-04  86526.66
 21  1  9  1  0.329764E-01  84240.20
 21  1 10  1  0.755644E-02  82220.91
 21  1 11  1  0.936251E-02  80492.04
 21  1 12  1  0.178056E-01  79085.91
 21  1 13  1  0.498720E-02  78047.53
 21  1 14  1  0.721078E-05  77439.32
 21  2  0  2  0.878114E-02 113110.45
 21  2  1  2  0.244060E-01 108966.98
 21  2  2  2  0.131607E-01 105058.51
 21  2  3  2  0.885686E-03 101380.14
 21  2  4  2  0.201016E-01  97929.10
 21  2  5  2  0.708825E-02  94704.52
 21  2  6  2  0.786148E-02  91707.82
 21  2  7  2  0.244037E-01  88943.27
 21  2  8  2  0.977340E-06  86418.46
 21  2  9  2  0.331829E-01  84145.03
 21  2 10  2  0.695182E-02  82140.03
 21  2 11  2  0.951580E-02  80426.70
 21  2 12  2  0.174291E-01  79038.55
 21  2 13  2  0.496443E-02  78021.78
 21  2 14  2  0.133520E-04  77441.68
 21  3  0  3  0.896307E-02 112811.29
 21  3  1  3  0.245345E-01 108685.42
 21  3  2  3  0.127616E-01 104794.13
 21  3  3  3  0.107931E-02 101132.69
 21  3  4  3  0.203403E-01  97698.56
 21  3  5  3  0.652764E-02  94490.82
 21  3  6  3  0.856143E-02  91511.25
 21  3  7  3  0.240963E-01  88764.30
 21  3  8  3  0.340866E-04  86257.85
 21  3  9  3  0.333802E-01  84003.89
 21  3 10  3  0.610298E-02  82019.87
 21  3 11  3  0.970932E-02  80330.28
 21  3 12  3  0.168702E-01  78969.41
 21  3 13  3  0.493106E-02  77985.53
 21  3 14  3  0.445648E-03  77448.91
 21  4  0  4  0.921956E-02 112416.69
 21  4  1  4  0.247214E-01 108314.11
 21  4  2  4  0.122363E-01 104445.61
 21  4  3  4  0.136879E-02 100806.69
 21  4  4  4  0.206431E-01  97394.81
 21  4  5  4  0.580212E-02  94209.48
 21  4  6  4  0.953211E-02  91252.62
 21  4  7  4  0.236378E-01  88529.11
 21  4  8  4  0.228416E-03  86047.03
 21  4  9  4  0.334555E-01  83819.05
 21  4 10  4  0.507801E-02  81863.32
 21  4 11  4  0.990538E-02  80205.37
 21  4 12  4  0.161377E-01  78881.14
 21  4 13  4  0.488388E-02  77942.00
 21  5  0  5  0.957057E-02 111929.97
 21  5  1  5  0.249981E-01 107856.23
 21  5  2  5  0.115987E-01 104016.03
 21  5  3  5  0.178290E-02 100404.91
 21  5  4  5  0.210102E-01  97020.70
 21  5  5  5  0.493803E-02  93863.15
 21  5  6  5  0.108092E-01  90934.57
 21  5  7  5  0.229975E-01  88240.08
 21  5  8  5  0.725019E-03  85788.46
 21  5  9  5  0.332936E-01  83592.96
 21  5 10  5  0.396113E-02  81672.68
 21  5 11  5  0.100646E-01  80054.58
 21  5 12  5  0.152445E-01  78776.90
 21  5 13  5  0.481596E-02  77895.24
 21  6  0  6  0.100451E-01 111355.74
 21  6  1  6  0.254076E-01 107316.22
 21  6  2  6  0.108645E-01 103509.30
 21  6  3  6  0.236120E-02  99931.32
 21  6  4  6  0.214427E-01  96580.14
 21  6  5  6  0.397169E-02  93455.73
 21  6  6  6  0.124408E-01  90560.73
 21  6  7  6  0.221301E-01  87900.96
 21  6  8  6  0.170582E-02  85485.80
 21  6  9  6  0.327939E-01  83329.29
 21  6 10  6  0.284508E-02  81451.74
 21  6 11  6  0.101530E-01  79881.96
 21  6 12  6  0.142028E-01  78661.08
 21  6 13  6  0.475017E-02  77851.47
 21  7  0  7  0.106710E-01 110698.52
 21  7  1  7  0.259747E-01 106698.65
 21  7  2  7  0.100371E-01 102930.41
 21  7  3  7  0.315227E-02  99390.63
 21  7  4  7  0.219154E-01  96077.33
 21  7  5  7  0.294772E-02  92991.15
 21  7  6  7  0.144727E-01  90135.14
 21  7  7  7  0.209418E-01  87515.65
 21  7  8  7  0.337424E-02  85142.95
 21  7  9  7  0.318627E-01  83031.95
 21  7 10  7  0.182297E-02  81204.63
 21  7 11  7  0.101401E-01  79692.03
 21  7 12  7  0.130142E-01  78539.48
 21  7 13  7  0.509587E-02  77819.24
 21  8  0  8  0.114519E-01 109964.95
 21  8  1  8  0.266497E-01 106008.91
 21  8  2  8  0.909160E-02 102284.56
 21  8  3  8  0.420584E-02  98787.80
 21  8  4  8  0.223272E-01  95517.62
 21  8  5  8  0.192418E-02  92474.54
 21  8  6  8  0.169075E-01  89662.78
 21  8  7  8  0.192534E-01  87089.02
 21  8  8  8  0.589160E-02  84764.60
 21  8  9  8  0.303845E-01  82705.89
 21  8 10  8  0.982216E-03  80936.25
 21  8 11  8  0.998303E-02  79490.40
 21  8 12  8  0.116524E-01  78418.67
 21  9  0  9  0.123413E-01 109159.79
 21  9  1  9  0.272613E-01 105253.48
 21  9  2  9  0.797883E-02 101576.96
 21  9  3  9  0.554948E-02  98127.93
 21  9  4  9  0.224634E-01  94905.33
 21  9  5  9  0.990848E-03  91910.55
 21  9  6  9  0.196417E-01  89148.09
 21  9  7  9  0.168196E-01  86625.72
 21  9  8  9  0.924459E-02  84355.68
 21  9  9  9  0.282142E-01  82355.87
 21  9 10  9  0.393402E-03  80652.36
 21  9 11  9  0.960161E-02  79283.12
 21  9 12  9  0.100278E-01  78307.15
 21 10  0 10  0.132553E-01 108289.27
 21 10  1 10  0.275756E-01 104436.29
 21 10  2 10  0.667160E-02 100812.66
 21 10  3 10  0.716873E-02  97416.06
 21 10  4 10  0.220596E-01  94245.63
 21 10  5 10  0.288700E-03  91303.87
 21 10  6 10  0.224505E-01  88595.73
 21 10  7 10  0.134903E-01  86129.97
 21 10  8 10  0.131075E-01  83920.28
 21 10  9 10  0.252683E-01  81986.56
 21 10 10 10  0.822896E-04  80357.40
 21 10 11 10  0.887919E-02  79076.45
 21 10 12 10  0.775008E-02  78215.48
 21 11  0 11  0.141684E-01 107357.63
 21 11  1 11  0.275111E-01 103562.54
 21 11  2 11  0.522873E-02  99996.08
 21 11  3 11  0.903832E-02  96655.83
 21 11  4 11  0.209955E-01  93542.18
 21 11  5 11  0.262724E-06  90657.98
 21 11  6 11  0.251187E-01  88009.06
 21 11  7 11  0.946354E-02  85605.55
 21 11  8 11  0.169091E-01  83462.62
 21 11  9 11  0.216888E-01  81602.01
 21 11 10 11  0.110657E-07  80056.96
 21 11 11 11  0.772048E-02  78877.51
 21 12  0 12  0.152213E-01 106370.13
 21 12  1 12  0.273039E-01 102637.30
 21 12  2 12  0.378531E-02  99131.59
 21 12  3 12  0.112138E-01  95851.96
 21 12  4 12  0.194173E-01  92799.26
 21 12  5 12  0.317029E-03  89976.97
 21 12  6 12  0.276191E-01  87392.37
 21 12  7 12  0.535870E-02  85056.42
 21 12  8 12  0.201849E-01  82986.70
 21 12  9 12  0.178632E-01  81207.51
 21 12 10 12  0.402080E-04  79756.75
 21 12 11 12  0.612860E-02  78695.63
 21 13  0 13  0.166672E-01 105333.23
 21 13  1 13  0.273023E-01 101665.99
 21 13  2 13  0.245984E-02  98224.95
 21 13  3 13  0.138510E-01  95009.97
 21 13  4 13  0.175370E-01  92022.44
 21 13  5 13  0.145296E-02  89266.83
 21 13  6 13  0.299556E-01  86751.23
 21 13  7 13  0.199727E-02  84488.83
 21 13  8 13  0.228018E-01  82498.60
 21 13  9 13  0.141981E-01  80809.41
 21 13 10 13  0.103529E-03  79465.44
 21 14  0 14  0.185960E-01 104255.07
 21 14  1 14  0.274635E-01 100656.59
 21 14  2 14  0.131226E-02  97283.94
 21 14  3 14  0.169838E-01  94137.42
 21 14  4 14  0.152874E-01  91219.11
 21 14  5 14  0.368372E-02  88534.30
 21 14  6 14  0.315356E-01  86092.77
 21 14  7 14  0.168015E-03  83909.38
 21 14  8 14  0.246436E-01  82006.51
 21 14  9 14  0.109265E-01  80416.96
 21 14 10 14  0.130947E-03  79194.96
 21 15  0 15  0.206713E-01 103140.98
 21 15  1 15  0.271237E-01  99615.06
 21 15  2 15  0.432052E-03  96314.37
 21 15  3 15  0.201742E-01  93239.65
 21 15  4 15  0.123600E-01  90394.33
 21 15  5 15  0.722586E-02  87785.00
 21 15  6 15  0.307995E-01  85422.80
 21 15  7 15  0.381354E-03  83324.98
 21 15  8 15  0.251747E-01  81516.95
 21 15  9 15  0.817767E-02  80038.73
 22  0  0  0  0.723332E-02 113994.52
 22  0  1  0  0.222354E-01 109833.38
 22  0  2  0  0.152607E-01 105907.59
 22  0  3  0  0.323760E-04 102212.16
 22  0  4  0  0.165695E-01  98744.21
 22  0  5  0  0.114107E-01  95502.60
 22  0  6  0  0.248449E-02  92488.74
 22  0  7  0  0.239267E-01  89706.61
 22  0  8  0  0.382157E-02  87163.36
 22  0  9  0  0.207343E-01  84870.43
 22  0 10  0  0.194584E-01  82844.05
 22  0 11  0  0.889679E-03  81107.39
 22  0 12  0  0.148707E-01  79692.32
 22  0 13  0  0.100119E-01  78643.16
 22  0 14  0  0.348465E-02  78021.14
 22  1  0  1  0.728796E-02 113893.05
 22  1  1  1  0.222996E-01 109737.80
 22  1  2  1  0.151550E-01 105817.74
 22  1  3  1  0.444938E-04 102128.04
 22  1  4  1  0.167014E-01  98665.74
 22  1  5  1  0.112391E-01  95429.84
 22  1  6  1  0.262226E-02  92421.73
 22  1  7  1  0.239927E-01  89645.41
 22  1  8  1  0.361213E-02  87108.37
 22  1  9  1  0.210872E-01  84821.91
 22  1 10  1  0.191023E-01  82802.62
 22  1 11  1  0.943990E-03  81073.75
 22  1 12  1  0.147453E-01  79667.62
 22  1 13  1  0.989251E-02  78629.24
 22  1 14  1  0.372215E-02  78021.03
 22  2  0  2  0.739628E-02 113691.14
 22  2  1  2  0.224209E-01 109547.67
 22  2  2  2  0.149372E-01 105639.20
 22  2  3  2  0.745718E-04 101960.83
 22  2  4  2  0.169566E-01  98509.79
 22  2  5  2  0.108902E-01  95285.21
 22  2  6  2  0.290735E-02  92288.51
 22  2  7  2  0.241074E-01  89523.96
 22  2  8  2  0.320237E-02  86999.15
 22  2  9  2  0.217635E-01  84725.72
 22  2 10  2  0.183922E-01  82720.72
 22  2 11  2  0.105196E-02  81007.39
 22  2 12  2  0.144862E-01  79619.24
 22  2 13  2  0.965060E-02  78602.47
 22  2 14  2  0.442427E-02  78022.37
 22  3  0  3  0.755698E-02 113390.47
 22  3  1  3  0.225867E-01 109264.60
 22  3  2  3  0.145967E-01 105373.31
 22  3  3  3  0.134356E-03 101711.87
 22  3  4  3  0.173185E-01  98277.74
 22  3  5  3  0.103556E-01  95070.00
 22  3  6  3  0.335800E-02  92090.43
 22  3  7  3  0.242373E-01  89343.48
 22  3  8  3  0.261544E-02  86837.03
 22  3  9  3  0.227004E-01  84583.07
 22  3 10  3  0.173361E-01  82599.05
 22  3 11  3  0.121016E-02  80909.46
 22  3 12  3  0.140774E-01  79548.59
 22  3 13  3  0.927748E-02  78564.71
 22  3 14  3  0.657771E-02  78028.09
 22  4  0  4  0.777052E-02 112993.88
 22  4  1  4  0.227859E-01 108891.30
 22  4  2  4  0.141241E-01 105022.80
 22  4  3  4  0.241663E-03 101383.88
 22  4  4  4  0.177666E-01  97972.00
 22  4  5  4  0.962978E-02  94786.67
 22  4  6  4  0.400089E-02  91829.81
 22  4  7  4  0.243398E-01  89106.30
 22  4  8  4  0.189807E-02  86624.22
 22  4  9  4  0.238011E-01  84396.24
 22  4 10  4  0.159571E-01  82440.51
 22  4 11  4  0.140928E-02  80782.56
 22  4 12  4  0.134983E-01  79458.33
 22  4 13  4  0.875341E-02  78519.19
 22  5  0  5  0.804336E-02 112504.60
 22  5  1  5  0.230206E-01 108430.86
 22  5  2  5  0.135188E-01 104590.66
 22  5  3  5  0.420537E-03 100979.54
 22  5  4  5  0.182840E-01  97595.33
 22  5  5  5  0.871762E-02  94437.78
 22  5  6  5  0.486997E-02  91509.20
 22  5  7  5  0.243718E-01  88814.71
 22  5  8  5  0.113320E-02  86363.09
 22  5  9  5  0.249436E-01  84167.59
 22  5 10  5  0.143011E-01  82247.31
 22  5 11  5  0.163189E-02  80629.21
 22  5 12  5  0.127290E-01  79351.53
 22  5 13  5  0.803202E-02  78469.87
 22  6  0  6  0.839346E-02 111927.02
 22  6  1  6  0.233187E-01 107887.50
 22  6  2  6  0.127955E-01 104080.58
 22  6  3  6  0.702388E-03 100502.60
 22  6  4  6  0.188673E-01  97151.42
 22  6  5  6  0.764026E-02  94027.01
 22  6  6  6  0.601037E-02  91132.01
 22  6  7  6  0.242988E-01  88472.24
 22  6  8  6  0.451967E-03  86057.08
 22  6  9  6  0.260037E-01  83900.57
 22  6 10  6  0.124432E-01  82023.02
 22  6 11  6  0.185388E-02  80453.24
 22  6 12  6  0.117566E-01  79232.36
 22  6 13  6  0.698018E-02  78422.75
 22  7  0  7  0.885243E-02 111265.37
 22  7  1  7  0.237352E-01 107265.50
 22  7  2  7  0.119792E-01 103497.26
 22  7  3  7  0.112757E-02  99957.48
 22  7  4  7  0.195273E-01  96644.18
 22  7  5  7  0.643276E-02  93558.00
 22  7  6  7  0.748178E-02  90701.99
 22  7  7  7  0.240843E-01  88082.50
 22  7  8  7  0.392922E-04  85709.80
 22  7  9  7  0.268784E-01  83598.80
 22  7 10  7  0.104807E-01  81771.48
 22  7 11  7  0.204927E-02  80258.88
 22  7 12  7  0.105778E-01  79106.33
 22  7 13  7  0.500991E-02  78386.09
 22  8  0  8  0.945651E-02 110526.15
 22  8  1  8  0.243194E-01 106570.11
 22  8  2  8  0.110846E-01 102845.76
 22  8  3  8  0.174784E-02  99349.00
 22  8  4  8  0.202610E-01  96078.82
 22  8  5  8  0.513464E-02  93035.74
 22  8  6  8  0.935521E-02  90223.98
 22  8  7  8  0.236403E-01  87650.22
 22  8  8  8  0.126329E-03  85325.80
 22  8  9  8  0.274796E-01  83267.09
 22  8 10  8  0.851876E-02  81497.45
 22  8 11  8  0.219341E-02  80051.60
 22  8 12  8  0.919227E-02  78979.87
 22  9  0  9  0.102200E-01 109714.39
 22  9  1  9  0.250444E-01 105808.08
 22  9  2  9  0.100879E-01 102131.56
 22  9  3  9  0.262151E-02  98682.53
 22  9  4  9  0.209892E-01  95459.93
 22  9  5  9  0.378542E-02  92465.15
 22  9  6  9  0.116832E-01  89702.69
 22  9  7  9  0.227483E-01  87180.32
 22  9  8  9  0.952782E-03  84910.28
 22  9  9  9  0.276775E-01  82910.47
 22  9 10  9  0.665896E-02  81206.96
 22  9 11  9  0.225633E-02  79837.72
 22  9 12  9  0.758887E-02  78861.75
 22 10  0 10  0.111015E-01 108837.15
 22 10  1 10  0.257398E-01 104984.17
 22 10  2 10  0.892184E-02 101360.54
 22 10  3 10  0.379354E-02  97963.94
 22 10  4 10  0.214956E-01  94793.51
 22 10  5 10  0.244542E-02  91851.75
 22 10  6 10  0.144377E-01  89143.61
 22 10  7 10  0.210316E-01  86677.85
 22 10  8 10  0.266703E-02  84468.16
 22 10  9 10  0.272423E-01  82534.44
 22 10 10 10  0.499951E-02  80905.28
 22 10 11 10  0.218802E-02  79624.33
 22 10 12 10  0.584621E-02  78763.36
 22 11  0 11  0.120147E-01 107899.40
 22 11  1 11  0.261502E-01 104104.31
 22 11  2 11  0.753737E-02 100537.85
 22 11  3 11  0.526995E-02  97197.60
 22 11  4 11  0.214841E-01  94083.95
 22 11  5 11  0.123715E-02  91199.75
 22 11  6 11  0.174708E-01  88550.83
 22 11  7 11  0.181335E-01  86147.32
 22 11  8 11  0.517790E-02  84004.39
 22 11  9 11  0.259170E-01  82143.78
 22 11 10 11  0.363479E-02  80598.73
 22 11 11 11  0.192038E-02  79419.28
 22 12  0 12  0.129327E-01 106906.12
 22 12  1 12  0.261866E-01 103173.29
 22 12  2 12  0.599037E-02  99667.58
 22 12  3 12  0.703896E-02  96387.95
 22 12  4 12  0.208083E-01  93335.25
 22 12  5 12  0.352100E-03  90512.96
 22 12  6 12  0.206223E-01  87928.36
 22 12  7 12  0.140881E-01  85592.41
 22 12  8 12  0.812820E-02  83522.69
 22 12  9 12  0.236671E-01  81743.50
 22 12 10 12  0.262499E-02  80292.74
 22 12 11 12  0.141849E-02  79231.62
 22 13  0 13  0.140028E-01 105862.32
 22 13  1 13  0.261057E-01 102195.08
 22 13  2 13  0.443268E-02  98754.04
 22 13  3 13  0.915729E-02  95539.06
 22 13  4 13  0.196189E-01  92551.53
 22 13  5 13  0.199567E-06  89795.92
 22 13  6 13  0.238832E-01  87280.32
 22 13  7 13  0.947848E-02  85017.92
 22 13  8 13  0.111379E-01  83027.69
 22 13  9 13  0.208207E-01  81338.50
 22 13 10 13  0.195736E-02  79994.53
 22 14  0 14  0.154630E-01 104775.00
 22 14  1 14  0.262353E-01 101176.52
 22 14  2 14  0.298617E-02  97803.87
 22 14  3 14  0.117649E-01  94657.35
 22 14  4 14  0.181109E-01  91739.04
 22 14  5 14  0.396188E-03  89054.23
 22 14  6 14  0.272129E-01  86612.70
 22 14  7 14  0.513931E-02  84429.31
 22 14  8 14  0.140147E-01  82526.44
 22 14  9 14  0.178303E-01  80936.89
 22 14 10 14  0.155741E-02  79714.89
 22 15  0 15  0.173338E-01 103650.45
 22 15  1 15  0.264197E-01 100124.53
 22 15  2 15  0.169545E-02  96823.84
 22 15  3 15  0.148464E-01  93749.12
 22 15  4 15  0.161345E-01  90903.80
 22 15  5 15  0.181880E-02  88294.47
 22 15  6 15  0.298444E-01  85932.27
 22 15  7 15  0.184656E-02  83834.45
 22 15  8 15  0.165047E-01  82026.42
 22 15  9 15  0.149522E-01  80548.20
 23  0  0  0  0.601540E-02 114557.07
 23  0  1  0  0.199662E-01 110395.93
 23  0  2  0  0.162568E-01 106470.14
 23  0  3  0  0.167885E-03 102774.71
 23  0  4  0  0.128963E-01  99306.76
 23  0  5  0  0.140995E-01  96065.15
 23  0  6  0  0.282885E-03  93051.29
 23  0  7  0  0.199338E-01  90269.16
 23  0  8  0  0.100589E-01  87725.91
 23  0  9  0  0.862417E-02  85432.98
 23  0 10  0  0.258738E-01  83406.60
 23  0 11  0  0.123747E-02  81669.94
 23  0 12  0  0.717523E-02  80254.87
 23  0 13  0  0.107130E-01  79205.71
 23  0 14  0  0.338737E-02  78583.69
 23  1  0  1  0.606732E-02 114454.95
 23  1  1  1  0.200511E-01 110299.70
 23  1  2  1  0.161863E-01 106379.64
 23  1  3  1  0.145227E-03 102689.94
 23  1  4  1  0.130501E-01  99227.64
 23  1  5  1  0.139798E-01  95991.74
 23  1  6  1  0.329143E-03  92983.63
 23  1  7  1  0.200998E-01  90207.31
 23  1  8  1  0.983452E-02  87670.27
 23  1  9  1  0.894290E-02  85383.81
 23  1 10  1  0.256798E-01  83364.52
 23  1 11  1  0.116344E-02  81635.65
 23  1 12  1  0.713596E-02  80229.52
 23  1 13  1  0.105330E-01  79191.14
 23  1 14  1  0.304192E-02  78582.93
 23  2  0  2  0.617063E-02 114251.74
 23  2  1  2  0.202150E-01 110108.27
 23  2  2  2  0.160380E-01 106199.80
 23  2  3  2  0.104627E-03 102521.43
 23  2  4  2  0.133534E-01  99070.39
 23  2  5  2  0.137308E-01  95845.81
 23  2  6  2  0.432146E-03  92849.11
 23  2  7  2  0.204208E-01  90084.56
 23  2  8  2  0.937726E-02  87559.75
 23  2  9  2  0.958155E-02  85286.32
 23  2 10  2  0.252755E-01  83281.32
 23  2 11  2  0.102572E-02  81567.99
 23  2 12  2  0.704931E-02  80179.84
 23  2 13  2  0.101696E-01  79163.07
 23  2 14  2  0.222689E-02  78582.97
 23  3  0  3  0.632382E-02 113949.23
 23  3  1  3  0.204447E-01 109823.36
 23  3  2  3  0.157970E-01 105932.07
 23  3  3  3  0.558359E-04 102270.63
 23  3  4  3  0.137954E-01  98836.50
 23  3  5  3  0.133339E-01  95628.76
 23  3  6  3  0.612625E-03  92649.19
 23  3  7  3  0.208732E-01  89902.24
 23  3  8  3  0.867255E-02  87395.79
 23  3  9  3  0.105355E-01  85141.83
 23  3 10  3  0.246301E-01  83157.81
 23  3 11  3  0.843614E-03  81468.22
 23  3 12  3  0.689852E-02  80107.35
 23  3 13  3  0.961479E-02  79123.47
 23  3 14  3  0.766819E-03  78586.85
 23  4  0  4  0.652423E-02 113550.31
 23  4  1  4  0.207198E-01 109447.73
 23  4  2  4  0.154421E-01 105579.23
 23  4  3  4  0.141312E-04 101940.31
 23  4  4  4  0.143573E-01  98528.43
 23  4  5  4  0.127641E-01  95343.10
 23  4  6  4  0.900967E-03  92386.24
 23  4  7  4  0.214191E-01  89662.73
 23  4  8  4  0.770675E-02  87180.65
 23  4  9  4  0.117818E-01  84952.67
 23  4 10  4  0.237041E-01  82996.94
 23  4 11  4  0.642511E-03  81338.99
 23  4 12  4  0.665835E-02  80014.76
 23  4 13  4  0.885550E-02  79075.62
 23  5  0  5  0.676948E-02 113058.30
 23  5  1  5  0.210175E-01 108984.56
 23  5  2  5  0.149518E-01 105144.36
 23  5  3  5  0.862237E-06 101533.24
 23  5  4  5  0.150135E-01  98149.03
 23  5  5  5  0.119969E-01  94991.48
 23  5  6  5  0.133539E-02  92062.90
 23  5  7  5  0.220094E-01  89368.41
 23  5  8  5  0.648176E-02  86916.79
 23  5  9  5  0.132669E-01  84721.29
 23  5 10  5  0.224618E-01  82801.01
 23  5 11  5  0.449251E-03  81182.91
 23  5 12  5  0.629722E-02  79905.23
 23  5 13  5  0.787706E-02  79023.57
 23  6  0  6  0.706227E-02 112477.53
 23  6  1  6  0.213275E-01 108438.01
 23  6  2  6  0.143160E-01 104631.09
 23  6  3  6  0.436340E-04 101053.11
 23  6  4  6  0.157400E-01  97701.93
 23  6  5  6  0.110214E-01  94577.52
 23  6  6  6  0.196091E-02  91682.52
 23  6  7  6  0.225953E-01  89022.75
 23  6  8  6  0.503725E-02  86607.59
 23  6  9  6  0.149043E-01  84451.08
 23  6 10  6  0.208932E-01  82573.53
 23  6 11  6  0.286009E-03  81003.75
 23  6 12  6  0.578428E-02  79782.87
 23  6 13  6  0.669553E-02  78973.26
 23  7  0  7  0.741795E-02 111812.00
 23  7  1  7  0.216726E-01 107812.13
 23  7  2  7  0.135483E-01 104043.89
 23  7  3  7  0.176421E-03 100504.11
 23  7  4  7  0.165288E-01  97190.81
 23  7  5  7  0.985145E-02  94104.63
 23  7  6  7  0.282987E-02  91248.62
 23  7  7  7  0.231439E-01  88629.13
 23  7  8  7  0.347359E-02  86256.43
 23  7  9  7  0.165927E-01  84145.43
 23  7 10  7  0.190348E-01  82318.11
 23  7 11  7  0.164944E-03  80805.51
 23  7 12  7  0.510071E-02  79652.96
 23  7 13  7  0.564475E-02  78932.72
 23  8  0  8  0.786941E-02 111067.89
 23  8  1  8  0.221155E-01 107111.85
 23  8  2  8  0.126837E-01 103387.50
 23  8  3  8  0.440903E-03  99890.74
 23  8  4  8  0.173959E-01  96620.56
 23  8  5  8  0.852447E-02  93577.48
 23  8  6  8  0.400724E-02  90765.72
 23  8  7  8  0.236325E-01  88191.96
 23  8  8  8  0.196185E-02  85867.54
 23  8  9  8  0.182451E-01  83808.83
 23  8 10  8  0.169742E-01  82039.19
 23  8 11  8  0.863944E-04  80593.34
 23  8 12  8  0.425027E-02  79521.61
 23  9  0  9  0.845790E-02 110249.99
 23  9  1  9  0.227233E-01 106343.68
 23  9  2  9  0.117489E-01 102667.16
 23  9  3  9  0.889325E-03  99218.13
 23  9  4  9  0.183533E-01  95995.53
 23  9  5  9  0.708043E-02  93000.75
 23  9  6  9  0.557441E-02  90238.29
 23  9  7  9  0.239885E-01  87715.92
 23  9  8  9  0.735227E-03  85445.88
 23  9  9  9  0.197895E-01  83446.07
 23  9 10  9  0.148254E-01  81742.56
 23  9 11  9  0.423244E-04  80373.32
 23  9 12  9  0.325638E-02  79397.35
 23 10  0 10  0.920199E-02 109365.58
 23 10  1 10  0.234791E-01 105512.60
 23 10  2 10  0.107188E-01 101888.97
 23 10  3 10  0.158347E-02  98492.37
 23 10  4 10  0.193341E-01  95321.94
 23 10  5 10  0.554421E-02  92380.18
 23 10  6 10  0.761276E-02  89672.04
 23 10  7 10  0.239703E-01  87206.28
 23 10  8 10  0.601546E-04  84996.59
 23 10  9 10  0.211028E-01  83062.87
 23 10 10 10  0.126940E-01  81433.71
 23 10 11 10  0.224019E-04  80152.76
 23 10 12 10  0.208523E-02  79291.79
 23 11  0 11  0.100593E-01 108420.44
 23 11  1 11  0.242022E-01 104625.35
 23 11  2 11  0.951012E-02 101058.89
 23 11  3 11  0.257789E-02  97718.64
 23 11  4 11  0.201157E-01  94604.99
 23 11  5 11  0.394713E-02  91720.79
 23 11  6 11  0.101482E-01  89071.87
 23 11  7 11  0.230983E-01  86668.36
 23 11  8 11  0.167710E-03  84525.43
 23 11  9 11  0.219190E-01  82664.82
 23 11 10 11  0.106657E-01  81119.77
 23 11 11 11  0.195569E-04  79940.32
 23 12  0 12  0.109435E-01 107420.23
 23 12  1 12  0.246295E-01 103687.40
 23 12  2 12  0.806071E-02 100181.69
 23 12  3 12  0.389345E-02  96902.06
 23 12  4 12  0.203887E-01  93849.36
 23 12  5 12  0.239158E-02  91027.07
 23 12  6 12  0.131109E-01  88442.47
 23 12  7 12  0.208609E-01  86106.52
 23 12  8 12  0.112859E-02  84036.80
 23 12  9 12  0.218853E-01  82257.61
 23 12 10 12  0.882785E-02  80806.85
 23 12 11 12  0.386030E-04  79745.73
 23 13  0 13  0.118453E-01 106369.57
 23 13  1 13  0.247093E-01 102702.33
 23 13  2 13  0.644085E-02  99261.29
 23 13  3 13  0.553436E-02  96046.31
 23 13  4 13  0.200232E-01  93058.78
 23 13  5 13  0.107511E-02  90303.17
 23 13  6 13  0.164175E-01  87787.57
 23 13  7 13  0.171985E-01  85525.17
 23 13  8 13  0.277968E-02  83534.94
 23 13  9 13  0.208604E-01  81845.75
 23 13 10 13  0.727176E-02  80501.78
 23 14  0 14  0.129323E-01 105274.03
 23 14  1 14  0.247404E-01 101675.55
 23 14  2 14  0.481938E-02  98302.90
 23 14  3 14  0.756823E-02  95156.38
 23 14  4 14  0.191924E-01  92238.07
 23 14  5 14  0.217809E-03  89553.26
 23 14  6 14  0.200938E-01  87111.73
 23 14  7 14  0.126873E-01  84928.34
 23 14  8 14  0.486086E-02  83025.47
 23 14  9 14  0.191095E-01  81435.92
 23 14 10 14  0.603326E-02  80213.92
 23 15  0 15  0.144053E-01 104139.17
 23 15  1 15  0.249755E-01 100613.25
 23 15  2 15  0.330304E-02  97312.56
 23 15  3 15  0.101115E-01  94237.84
 23 15  4 15  0.180321E-01  91392.52
 23 15  5 15  0.289226E-04  88783.19
 23 15  6 15  0.240071E-01  86420.99
 23 15  7 15  0.812788E-02  84323.17
 23 15  8 15  0.716341E-02  82515.14
 23 15  9 15  0.170302E-01  81036.92
 24  0  0  0  0.497236E-02 115099.70
 24  0  1  0  0.176831E-01 110938.56
 24  0  2  0  0.166335E-01 107012.77
 24  0  3  0  0.838064E-03 103317.34
 24  0  4  0  0.940375E-02  99849.39
 24  0  5  0  0.154610E-01  96607.78
 24  0  6  0  0.152017E-03  93593.92
 24  0  7  0  0.146085E-01  90811.79
 24  0  8  0  0.151806E-01  88268.54
 24  0  9  0  0.154809E-02  85975.61
 24  0 10  0  0.244904E-01  83949.23
 24  0 11  0  0.746935E-02  82212.57
 24  0 12  0  0.128825E-02  80797.50
 24  0 13  0  0.736265E-02  79748.34
 24  0 14  0  0.525597E-02  79126.32
 24  1  0  1  0.501748E-02 114996.84
 24  1  1  1  0.177702E-01 110841.59
 24  1  2  1  0.165879E-01 106921.53
 24  1  3  1  0.791315E-03 103231.83
 24  1  4  1  0.955076E-02  99769.53
 24  1  5  1  0.153953E-01  96533.63
 24  1  6  1  0.123681E-03  93525.52
 24  1  7  1  0.148026E-01  90749.20
 24  1  8  1  0.150345E-01  88212.16
 24  1  9  1  0.169254E-02  85925.70
 24  1 10  1  0.244933E-01  83906.41
 24  1 11  1  0.729704E-02  82177.54
 24  1 12  1  0.128983E-02  80771.41
 24  1 13  1  0.720047E-02  79733.03
 24  1 14  1  0.524633E-02  79124.82
 24  2  0  2  0.510849E-02 114792.17
 24  2  1  2  0.179436E-01 110648.70
 24  2  2  2  0.164928E-01 106740.23
 24  2  3  2  0.701247E-03 103061.86
 24  2  4  2  0.984551E-02  99610.82
 24  2  5  2  0.152564E-01  96386.24
 24  2  6  2  0.755956E-04  93389.54
 24  2  7  2  0.151890E-01  90624.99
 24  2  8  2  0.147292E-01  88100.18
 24  2  9  2  0.199819E-02  85826.75
 24  2 10  2  0.244820E-01  83821.75
 24  2 11  2  0.696305E-02  82108.42
 24  2 12  2  0.128989E-02  80720.27
 24  2 13  2  0.687519E-02  79703.50
 24  2 14  2  0.540463E-02  79123.40
 24  3  0  3  0.524628E-02 114487.51
 24  3  1  3  0.181988E-01 110361.64
 24  3  2  3  0.163386E-01 106470.35
 24  3  3  3  0.574997E-03 102808.91
 24  3  4  3  0.102876E-01  99374.78
 24  3  5  3  0.150273E-01  96167.04
 24  3  6  3  0.253192E-04  93187.47
 24  3  7  3  0.157619E-01  90440.52
 24  3  8  3  0.142368E-01  87934.07
 24  3  9  3  0.249530E-02  85680.11
 24  3 10  3  0.244204E-01  83696.09
 24  3 11  3  0.648839E-02  82006.50
 24  3 12  3  0.128184E-02  80645.63
 24  3 13  3  0.638452E-02  79661.75
 24  3 14  3  0.651287E-02  79125.13
 24  4  0  4  0.543057E-02 114085.84
 24  4  1  4  0.185237E-01 109983.26
 24  4  2  4  0.161065E-01 106114.76
 24  4  3  4  0.423918E-03 102475.84
 24  4  4  4  0.108717E-01  99063.96
 24  4  5  4  0.146794E-01  95878.63
 24  4  6  4  0.124869E-07  92921.77
 24  4  7  4  0.165069E-01  90198.26
 24  4  8  4  0.135126E-01  87716.18
 24  4  9  4  0.322006E-02  85488.20
 24  4 10  4  0.242512E-01  83532.47
 24  4 11  4  0.590373E-02  81874.52
 24  4 12  4  0.125522E-02  80550.29
 24  4 13  4  0.572380E-02  79611.15
 24  5  0  5  0.565876E-02 113590.58
 24  5  1  5  0.188948E-01 109516.84
 24  5  2  5  0.157678E-01 105676.64
 24  5  3  5  0.264737E-03 102065.52
 24  5  4  5  0.115831E-01  98681.31
 24  5  5  5  0.141730E-01  95523.76
 24  5  6  5  0.368932E-04  92595.18
 24  5  7  5  0.173956E-01  89900.69
 24  5  8  5  0.124987E-01  87449.07
 24  5  9  5  0.420105E-02  85253.57
 24  5 10  5  0.238954E-01  83333.29
 24  5 11  5  0.524856E-02  81715.19
 24  5 12  5  0.119552E-02  80437.51
 24  5 13  5  0.488380E-02  79555.85
 24  6  0  6  0.592671E-02 113006.16
 24  6  1  6  0.192807E-01 108966.64
 24  6  2  6  0.152893E-01 105159.72
 24  6  3  6  0.120657E-03 101581.74
 24  6  4  6  0.123963E-01  98230.56
 24  6  5  6  0.134645E-01  95106.15
 24  6  6  6  0.182522E-03  92211.15
 24  6  7  6  0.183857E-01  89551.38
 24  6  8  6  0.111409E-01  87136.22
 24  6  9  6  0.544184E-02  84979.71
 24  6 10  6  0.232638E-01  83102.16
 24  6 11  6  0.456883E-02  81532.38
 24  6 12  6  0.108603E-02  80311.50
 24  6 13  6  0.383601E-02  79501.89
 24  7  0  7  0.623410E-02 112336.60
 24  7  1  7  0.196606E-01 108336.73
 24  7  2  7  0.146511E-01 104568.49
 24  7  3  7  0.222114E-04 101028.71
 24  7  4  7  0.132834E-01  97715.41
 24  7  5  7  0.125254E-01  94629.23
 24  7  6  7  0.490610E-03  91773.22
 24  7  7  7  0.194328E-01  89153.73
 24  7  8  7  0.942263E-02  86781.03
 24  7  9  7  0.690956E-02  84670.03
 24  7 10  7  0.222862E-01  82842.71
 24  7 11  7  0.391251E-02  81330.11
 24  7 12  7  0.913969E-03  80177.56
 24  7 13  7  0.237724E-02  79457.32
 24  8  0  8  0.659435E-02 111587.84
 24  8  1  8  0.200528E-01 107631.80
 24  8  2  8  0.138663E-01 103907.45
 24  8  3  8  0.649908E-05 100410.69
 24  8  4  8  0.142333E-01  97140.51
 24  8  5  8  0.113629E-01  94097.43
 24  8  6  8  0.102025E-02  91285.67
 24  8  7  8  0.205107E-01  88711.91
 24  8  8  8  0.740466E-02  86387.49
 24  8  9  8  0.854288E-02  84328.78
 24  8 10  8  0.209520E-01  82559.14
 24  8 11  8  0.332193E-02  81113.29
 24  8 12  8  0.681149E-03  80041.56
 24  9  0  9  0.704150E-02 110764.30
 24  9  1  9  0.205275E-01 106857.99
 24  9  2  9  0.129800E-01 103181.47
 24  9  3  9  0.117103E-03  99732.44
 24  9  4  9  0.152649E-01  96509.84
 24  9  5  9  0.100183E-01  93515.06
 24  9  6  9  0.183932E-02  90752.60
 24  9  7  9  0.216115E-01  88230.23
 24  9  8  9  0.524264E-02  85960.19
 24  9  9  9  0.102787E-01  83960.38
 24  9 10  9  0.193308E-01  82256.87
 24  9 11  9  0.282527E-02  80887.63
 24  9 12  9  0.415139E-03  79911.66
 24 10  0 10  0.761890E-02 109872.97
 24 10  1 10  0.211606E-01 106019.99
 24 10  2 10  0.120271E-01 102396.36
 24 10  3 10  0.406657E-03  98999.76
 24 10  4 10  0.163967E-01  95829.33
 24 10  5 10  0.853415E-02  92887.57
 24 10  6 10  0.303269E-02  90179.43
 24 10  7 10  0.226711E-01  87713.67
 24 10  8 10  0.316659E-02  85503.98
 24 10  9 10  0.120573E-01  83570.26
 24 10 10 10  0.175391E-01  81941.10
 24 10 11 10  0.243365E-02  80660.15
 24 10 12 10  0.185193E-03  79799.18
 24 11  0 11  0.834191E-02 108919.87
 24 11  1 11  0.219260E-01 105124.78
 24 11  2 11  0.109748E-01 101558.32
 24 11  3 11  0.938073E-03  98218.07
 24 11  4 11  0.175578E-01  95104.42
 24 11  5 11  0.692041E-02  92220.22
 24 11  6 11  0.469531E-02  89571.30
 24 11  7 11  0.234155E-01  87167.79
 24 11  8 11  0.144442E-02  85024.86
 24 11  9 11  0.137569E-01  83164.25
 24 11 10 11  0.156715E-01  81619.20
 24 11 11 11  0.214787E-02  80439.75
 24 12  0 12  0.915940E-02 107911.44
 24 12  1 12  0.226171E-01 104178.61
 24 12  2 12  0.972089E-02 100672.90
 24 12  3 12  0.177021E-02  97393.27
 24 12  4 12  0.185074E-01  94340.57
 24 12  5 12  0.518246E-02  91518.28
 24 12  6 12  0.689124E-02  88933.68
 24 12  7 12  0.232721E-01  86597.73
 24 12  8 12  0.335898E-03  84528.01
 24 12  9 12  0.150961E-01  82748.82
 24 12 10 12  0.137660E-01  81298.06
 24 12 11 12  0.196522E-02  80236.94
 24 13  0 13  0.999035E-02 106852.85
 24 13  1 13  0.229842E-01 103185.61
 24 13  2 13  0.820898E-02  99744.57
 24 13  3 13  0.293244E-02  96529.59
 24 13  4 13  0.189430E-01  93542.06
 24 13  5 13  0.341426E-02  90786.45
 24 13  6 13  0.961595E-02  88270.85
 24 13  7 13  0.216480E-01  86008.45
 24 13  8 13  0.245163E-05  84018.22
 24 13  9 13  0.156975E-01  82329.03
 24 13 10 13  0.118469E-01  80985.06
 24 14  0 14  0.108624E-01 105748.98
 24 14  1 14  0.230615E-01 102150.50
 24 14  2 14  0.654484E-02  98777.85
 24 14  3 14  0.444518E-02  95631.33
 24 14  4 14  0.187952E-01  92713.02
 24 14  5 14  0.182478E-02  90028.21
 24 14  6 14  0.128641E-01  87586.68
 24 14  7 14  0.185040E-01  85403.29
 24 14  8 14  0.418320E-03  83500.42
 24 14  9 14  0.154020E-01  81910.87
 24 14 10 14  0.996896E-02  80688.87
 24 15  0 15  0.119620E-01 104604.08
 24 15  1 15  0.231796E-01 101078.16
 24 15  2 15  0.490448E-02  97777.47
 24 15  3 15  0.638621E-02  94702.75
 24 15  4 15  0.182573E-01  91857.43
 24 15  5 15  0.631368E-03  89248.10
 24 15  6 15  0.166756E-01  86885.90
 24 15  7 15  0.144431E-01  84788.08
 24 15  8 15  0.142623E-02  82980.05
 24 15  9 15  0.144209E-01  81501.83
 25  0  0  0  0.411369E-02 115620.96
 25  0  1  0  0.155668E-01 111459.82
 25  0  2  0  0.165661E-01 107534.03
 25  0  3  0  0.178970E-02 103838.60
 25  0  4  0  0.644445E-02 100370.65
 25  0  5  0  0.156452E-01  97129.04
 25  0  6  0  0.134481E-02  94115.18
 25  0  7  0  0.948222E-02  91333.05
 25  0  8  0  0.177079E-01  88789.80
 25  0  9  0  0.778192E-04  86496.87
 25  0 10  0  0.179618E-01  84470.49
 25  0 11  0  0.140981E-01  82733.83
 25  0 12  0  0.161890E-03  81318.76
 25  0 13  0  0.306834E-02  80269.60
 25  0 14  0  0.267301E-02  79647.58
 25  1  0  1  0.414983E-02 115517.35
 25  1  1  1  0.156421E-01 111362.10
 25  1  2  1  0.165311E-01 107442.04
 25  1  3  1  0.172742E-02 103752.34
 25  1  4  1  0.656866E-02 100290.04
 25  1  5  1  0.156200E-01  97054.14
 25  1  6  1  0.126743E-02  94046.03
 25  1  7  1  0.965661E-02  91269.71
 25  1  8  1  0.176535E-01  88732.67
 25  1  9  1  0.514764E-04  86446.21
 25  1 10  1  0.180846E-01  84426.92
 25  1 11  1  0.139036E-01  82698.05
 25  1 12  1  0.156066E-03  81291.92
 25  1 13  1  0.297393E-02  80253.54
 25  1 14  1  0.237475E-02  79645.33
 25  2  0  2  0.422356E-02 115311.19
 25  2  1  2  0.157954E-01 111167.72
 25  2  2  2  0.164609E-01 107259.25
 25  2  3  2  0.160554E-02 103580.88
 25  2  4  2  0.682036E-02 100129.84
 25  2  5  2  0.155654E-01  96905.26
 25  2  6  2  0.111874E-02  93908.56
 25  2  7  2  0.100085E-01  91144.01
 25  2  8  2  0.175357E-01  88619.20
 25  2  9  2  0.150221E-04  86345.77
 25  2 10  2  0.183195E-01  84340.77
 25  2 11  2  0.135209E-01  82627.44
 25  2 12  2  0.145634E-03  81239.29
 25  2 13  2  0.278642E-02  80222.52
 25  2 14  2  0.171245E-02  79642.42
 25  3  0  3  0.433741E-02 115004.27
 25  3  1  3  0.160295E-01 110878.40
 25  3  2  3  0.163531E-01 106987.11
 25  3  3  3  0.142952E-02 103325.67
 25  3  4  3  0.720522E-02  99891.54
 25  3  5  3  0.154712E-01  96683.80
 25  3  6  3  0.911322E-03  93704.23
 25  3  7  3  0.105433E-01  90957.28
 25  3  8  3  0.173337E-01  88450.83
 25  3  9  3  0.115170E-05  86196.87
 25  3 10  3  0.186437E-01  84212.85
 25  3 11  3  0.129637E-01  82523.26
 25  3 12  3  0.132834E-03  81162.39
 25  3 13  3  0.250899E-02  80178.51
 25  3 14  3  0.579824E-03  79641.89
 25  4  0  4  0.449408E-02 114599.59
 25  4  1  4  0.163447E-01 110497.01
 25  4  2  4  0.161995E-01 106628.51
 25  4  3  4  0.120759E-02 102989.59
 25  4  4  4  0.772910E-02  99577.71
 25  4  5  4  0.153177E-01  96392.38
 25  4  6  4  0.664917E-03  93435.52
 25  4  7  4  0.112658E-01  90712.01
 25  4  8  4  0.170080E-01  88229.93
 25  4  9  4  0.583782E-04  86001.95
 25  4 10  4  0.190179E-01  84046.22
 25  4 11  4  0.122519E-01  82388.27
 25  4 12  4  0.120561E-03  81064.04
 25  4 13  4  0.214808E-02  80124.90
 25  5  0  5  0.469470E-02 114100.65
 25  5  1  5  0.167318E-01 110026.91
 25  5  2  5  0.159803E-01 106186.71
 25  5  3  5  0.951473E-03 102575.59
 25  5  4  5  0.839352E-02  99191.38
 25  5  5  5  0.150704E-01  96033.83
 25  5  6  5  0.407943E-03  93105.25
 25  5  7  5  0.121754E-01  90410.76
 25  5  8  5  0.164918E-01  87959.14
 25  5  9  5  0.247369E-03  85763.64
 25  5 10  5  0.193792E-01  83843.36
 25  5 11  5  0.114119E-01  82225.26
 25  5 12  5  0.112211E-03  80947.58
 25  5 13  5  0.171633E-02  80065.92
 25  6  0  6  0.493691E-02 113512.01
 25  6  1  6  0.171655E-01 109472.49
 25  6  2  6  0.156601E-01 105665.57
 25  6  3  6  0.677689E-03 102087.59
 25  6  4  6  0.918935E-02  98736.41
 25  6  5  6  0.146773E-01  95612.00
 25  6  6  6  0.179090E-03  92717.00
 25  6  7  6  0.132588E-01  90057.23
 25  6  8  6  0.156888E-01  87642.07
 25  6  9  6  0.631291E-03  85485.56
 25  6 10  6  0.196338E-01  83608.01
 25  6 11  6  0.104758E-01  82038.23
 25  6 12  6  0.111924E-03  80817.35
 25  6 13  6  0.124411E-02  80007.74
 25  7  0  7  0.521512E-02 112837.80
 25  7  1  7  0.176072E-01 108837.93
 25  7  2  7  0.151954E-01 105069.69
 25  7  3  7  0.410196E-03 101529.91
 25  7  4  7  0.100933E-01  98216.61
 25  7  5  7  0.140773E-01  95130.43
 25  7  6  7  0.284034E-04  92274.42
 25  7  7  7  0.144877E-01  89654.93
 25  7  8  7  0.144905E-01  87282.23
 25  7  9  7  0.125906E-02  85171.23
 25  7 10  7  0.196617E-01  83343.91
 25  7 11  7  0.948138E-02  81831.31
 25  7 12  7  0.125512E-03  80678.76
 25  7 13  7  0.865522E-03  79958.52
 25  8  0  8  0.552693E-02 112083.98
 25  8  1  8  0.180281E-01 108127.94
 25  8  2  8  0.145582E-01 104403.59
 25  8  3  8  0.181658E-03 100906.83
 25  8  4  8  0.110765E-01  97636.65
 25  8  5  8  0.132270E-01  94593.57
 25  8  6  8  0.153889E-04  91781.81
 25  8  7  8  0.158297E-01  89208.05
 25  8  8  8  0.128244E-01  86883.63
 25  8  9  8  0.214778E-02  84824.92
 25  8 10  8  0.193509E-01  83055.28
 25  8 11  8  0.847387E-02  81609.43
 25  8 12  8  0.161962E-03  80537.70
 25  9  0  9  0.588539E-02 111254.74
 25  9  1  9  0.184468E-01 107348.43
 25  9  2  9  0.137643E-01 103671.91
 25  9  3  9  0.326476E-04 100222.88
 25  9  4  9  0.121274E-01  97000.28
 25  9  5  9  0.121296E-01  94005.50
 25  9  6  9  0.204718E-03  91243.04
 25  9  7  9  0.172713E-01  88720.67
 25  9  8  9  0.107172E-01  86450.63
 25  9  9  9  0.327936E-02  84450.82
 25  9 10  9  0.186544E-01  82747.31
 25  9 11  9  0.750241E-02  81378.07
 25  9 12  9  0.233864E-03  80402.10
 25 10  0 10  0.632631E-02 110356.65
 25 10  1 10  0.189415E-01 106503.67
 25 10  2 10  0.128693E-01 102880.04
 25 10  3 10  0.923620E-05  99483.44
 25 10  4 10  0.132672E-01  96313.01
 25 10  5 10  0.108329E-01  93371.25
 25 10  6 10  0.666493E-03  90663.11
 25 10  7 10  0.188158E-01  88197.35
 25 10  8 10  0.831640E-02  85987.66
 25 10  9 10  0.461701E-02  84053.94
 25 10 10 10  0.176236E-01  82424.78
 25 10 11 10  0.660817E-02  81143.83
 25 10 12 10  0.366031E-03  80282.86
 25 11  0 11  0.689136E-02 109395.45
 25 11  1 11  0.195849E-01 105600.36
 25 11  2 11  0.119088E-01 102033.90
 25 11  3 11  0.164705E-03  98693.65
 25 11  4 11  0.145110E-01  95580.00
 25 11  5 11  0.937823E-02  92695.80
 25 11  6 11  0.148547E-02  90046.88
 25 11  7 11  0.203899E-01  87643.37
 25 11  8 11  0.584924E-02  85500.44
 25 11  9 11  0.610873E-02  83639.83
 25 11 10 11  0.163608E-01  82094.78
 25 11 11 11  0.580621E-02  80915.33
 25 12  0 12  0.758327E-02 108377.89
 25 12  1 12  0.203152E-01 104645.06
 25 12  2 12  0.108281E-01 101139.35
 25 12  3 12  0.562139E-03  97859.72
 25 12  4 12  0.157622E-01  94807.02
 25 12  5 12  0.775469E-02  91984.73
 25 12  6 12  0.276407E-02  89400.13
 25 12  7 12  0.216582E-01  87064.18
 25 12  8 12  0.356778E-02  84994.46
 25 12  9 12  0.762829E-02  83215.27
 25 12 10 12  0.149184E-01  81764.51
 25 12 11 12  0.506477E-02  80703.39
 25 13  0 13  0.833633E-02 107309.85
 25 13  1 13  0.208910E-01 103642.61
 25 13  2 13  0.951057E-02 100201.57
 25 13  3 13  0.126061E-02  96986.59
 25 13  4 13  0.167529E-01  93999.06
 25 13  5 13  0.595076E-02  91243.45
 25 13  6 13  0.459151E-02  88727.85
 25 13  7 13  0.219643E-01  86465.45
 25 13  8 13  0.172538E-02  84475.22
 25 13  9 13  0.889548E-02  82786.03
 25 13 10 13  0.132548E-01  81442.06
 25 14  0 14  0.908804E-02 106196.43
 25 14  1 14  0.211179E-01 102597.95
 25 14  2 14  0.793578E-02  99225.30
 25 14  3 14  0.229303E-02  96078.78
 25 14  4 14  0.172197E-01  93160.47
 25 14  5 14  0.407569E-02  90475.66
 25 14  6 14  0.701504E-02  88034.13
 25 14  7 14  0.207383E-01  85850.74
 25 14  8 14  0.524542E-03  83947.87
 25 14  9 14  0.956984E-02  82358.32
 25 14 10 14  0.113159E-01  81136.32
 25 15  0 15  0.991715E-02 105040.89
 25 15  1 15  0.211507E-01 101514.97
 25 15  2 15  0.625938E-02  98214.28
 25 15  3 15  0.369251E-02  95139.56
 25 15  4 15  0.171877E-01  92294.24
 25 15  5 15  0.235494E-02  89684.91
 25 15  6 15  0.100853E-01  87322.71
 25 15  7 15  0.180806E-01  85224.89
 25 15  8 15  0.238832E-04  83416.86
 25 15  9 15  0.953630E-02  81938.64
 26  0  0  0  0.341479E-02 116118.58
 26  0  1  0  0.136640E-01 111957.44
 26  0  2  0  0.161717E-01 108031.65
 26  0  3  0  0.282833E-02 104336.22
 26  0  4  0  0.412640E-02 100868.27
 26  0  5  0  0.149277E-01  97626.66
 26  0  6  0  0.313911E-02  94612.80
 26  0  7  0  0.536120E-02  91830.67
 26  0  8  0  0.176919E-01  89287.42
 26  0  9  0  0.227644E-02  86994.49
 26  0 10  0  0.102722E-01  84968.11
 26  0 11  0  0.174859E-01  83231.45
 26  0 12  0  0.284974E-02  81816.38
 26  0 13  0  0.420687E-03  80767.22
 26  0 14  0  0.164869E-02  80145.20
 26  1  0  1  0.344271E-02 116014.23
 26  1  1  1  0.137242E-01 111858.98
 26  1  2  1  0.161397E-01 107938.92
 26  1  3  1  0.275618E-02 104249.22
 26  1  4  1  0.422441E-02 100786.92
 26  1  5  1  0.149304E-01  97551.02
 26  1  6  1  0.303478E-02  94542.91
 26  1  7  1  0.549710E-02  91766.59
 26  1  8  1  0.177072E-01  89229.55
 26  1  9  1  0.214552E-02  86943.09
 26  1 10  1  0.104256E-01  84923.80
 26  1 11  1  0.173284E-01  83194.93
 26  1 12  1  0.280707E-02  81788.80
 26  1 13  1  0.395041E-03  80750.42
 26  1 14  1  0.160272E-02  80142.21
 26  2  0  2  0.349986E-02 115806.57
 26  2  1  2  0.138476E-01 111663.10
 26  2  2  2  0.160767E-01 107754.63
 26  2  3  2  0.261419E-02 104076.26
 26  2  4  2  0.442399E-02 100625.22
 26  2  5  2  0.149332E-01  97400.64
 26  2  6  2  0.283024E-02  94403.94
 26  2  7  2  0.577311E-02  91639.39
 26  2  8  2  0.177334E-01  89114.58
 26  2  9  2  0.189330E-02  86841.15
 26  2 10  2  0.107274E-01  84836.15
 26  2 11  2  0.170141E-01  83122.82
 26  2 12  2  0.272602E-02  81734.67
 26  2 13  2  0.345272E-03  80717.90
 26  2 14  2  0.159432E-02  80137.80
 26  3  0  3  0.358886E-02 115497.37
 26  3  1  3  0.140391E-01 111371.50
 26  3  2  3  0.159838E-01 107480.21
 26  3  3  3  0.240702E-02 103818.77
 26  3  4  3  0.473216E-02 100384.64
 26  3  5  3  0.149300E-01  97176.90
 26  3  6  3  0.253398E-02  94197.33
 26  3  7  3  0.619768E-02  91450.38
 26  3  8  3  0.177599E-01  88943.93
 26  3  9  3  0.154067E-02  86689.97
 26  3 10  3  0.111679E-01  84705.95
 26  3 11  3  0.165455E-01  83016.36
 26  3 12  3  0.261465E-02  81655.49
 26  3 13  3  0.275046E-03  80671.61
 26  3 14  3  0.201442E-02  80134.99
 26  4  0  4  0.371345E-02 115089.60
 26  4  1  4  0.143056E-01 110987.02
 26  4  2  4  0.158611E-01 107118.52
 26  4  3  4  0.214150E-02 103479.60
 26  4  4  4  0.515890E-02 100067.72
 26  4  5  4  0.149098E-01  96882.39
 26  4  6  4  0.215952E-02  93925.53
 26  4  7  4  0.678301E-02  91202.02
 26  4  8  4  0.177649E-01  88719.94
 26  4  9  4  0.112240E-02  86491.96
 26  4 10  4  0.117292E-01  84536.23
 26  4 11  4  0.159292E-01  82878.28
 26  4 12  4  0.248387E-02  81554.05
 26  4 13  4  0.191213E-03  80614.91
 26  5  0  5  0.387756E-02 114586.74
 26  5  1  5  0.146509E-01 110513.00
 26  5  2  5  0.157020E-01 106672.80
 26  5  3  5  0.182663E-02 103061.68
 26  5  4  5  0.571511E-02  99677.47
 26  5  5  5  0.148519E-01  96519.92
 26  5  6  5  0.172617E-02  93591.34
 26  5  7  5  0.754332E-02  90896.85
 26  5  8  5  0.177047E-01  88445.23
 26  5  9  5  0.689346E-03  86249.73
 26  5 10  5  0.123814E-01  84329.45
 26  5 11  5  0.151759E-01  82711.35
 26  5 12  5  0.234633E-02  81433.67
 26  5 13  5  0.104923E-03  80552.01
 26  6  0  6  0.408305E-02 113993.39
 26  6  1  6  0.150667E-01 109953.87
 26  6  2  6  0.154852E-01 106146.95
 26  6  3  6  0.147368E-02 102568.97
 26  6  4  6  0.640762E-02  99217.79
 26  6  5  6  0.147171E-01  96093.38
 26  6  6  6  0.126042E-02  93198.38
 26  6  7  6  0.849019E-02  90538.61
 26  6  8  6  0.174983E-01  88123.45
 26  6  9  6  0.308469E-03  85966.94
 26  6 10  6  0.130703E-01  84089.39
 26  6 11  6  0.142977E-01  82519.61
 26  6 12  6  0.221552E-02  81298.73
 26  6 13  6  0.322595E-04  80489.12
 26  7  0  7  0.432716E-02 113313.82
 26  7  1  7  0.155247E-01 109313.95
 26  7  2  7  0.151685E-01 105545.71
 26  7  3  7  0.109848E-02 102005.93
 26  7  4  7  0.723168E-02  98692.63
 26  7  5  7  0.144424E-01  95606.45
 26  7  6  7  0.799012E-03  92750.44
 26  7  7  7  0.962524E-02  90130.95
 26  7  8  7  0.170181E-01  87758.25
 26  7  9  7  0.574789E-04  85647.25
 26  7 10  7  0.137051E-01  83819.93
 26  7 11  7  0.133050E-01  82307.33
 26  7 12  7  0.210445E-02  81154.78
 26  7 13  7  0.172076E-05  80434.54
 26  8  0  8  0.460267E-02 112554.13
 26  8  1  8  0.159789E-01 108598.09
 26  8  2  8  0.146985E-01 104873.74
 26  8  3  8  0.724819E-03 101376.98
 26  8  4  8  0.816582E-02  98106.80
 26  8  5  8  0.139522E-01  95063.72
 26  8  6  8  0.392217E-03  92251.96
 26  8  7  8  0.109357E-01  89678.20
 26  8  8  8  0.161089E-01  87353.78
 26  8  9  8  0.115252E-04  85295.07
 26  8 10  8  0.141578E-01  83525.43
 26  8 11  8  0.122079E-01  82079.58
 26  8 12  8  0.202267E-02  81007.85
 26  9  0  9  0.490617E-02 111718.50
 26  9  1  9  0.163971E-01 107812.19
 26  9  2  9  0.140441E-01 104135.67
 26  9  3  9  0.387843E-03 100686.64
 26  9  4  9  0.918162E-02  97464.04
 26  9  5  9  0.131930E-01  94469.26
 26  9  6  9  0.103071E-03  91706.80
 26  9  7  9  0.124050E-01  89184.43
 26  9  8  9  0.146568E-01  86914.39
 26  9  9  9  0.223608E-03  84914.58
 26  9 10  9  0.143002E-01  83211.07
 26  9 11  9  0.110265E-01  81841.83
 26  9 12  9  0.196618E-02  80865.86
 26 10  0 10  0.525263E-02 110813.21
 26 10  1 10  0.168056E-01 106960.23
 26 10  2 10  0.132313E-01 103336.60
 26 10  3 10  0.131857E-03  99940.00
 26 10  4 10  0.102704E-01  96769.57
 26 10  5 10  0.121730E-01  93827.81
 26 10  6 10  0.368536E-06  91119.67
 26 10  7 10  0.140345E-01  88653.91
 26 10  8 10  0.126740E-01  86444.22
 26 10  9 10  0.711634E-03  84510.50
 26 10 10 10  0.140712E-01  82881.34
 26 10 11 10  0.979713E-02  81600.39
 26 10 12 10  0.185914E-02  80739.42
 26 11  0 11  0.567947E-02 109843.55
 26 11  1 11  0.172894E-01 106048.46
 26 11  2 11  0.123253E-01 102482.00
 26 11  3 11  0.533384E-05  99141.75
 26 11  4 11  0.114539E-01  96028.10
 26 11  5 11  0.109477E-01  93143.90
 26 11  6 11  0.155058E-03  90494.98
 26 11  7 11  0.158294E-01  88091.47
 26 11  8 11  0.103142E-01  85948.54
 26 11  9 11  0.146266E-02  84087.93
 26 11 10 11  0.135077E-01  82542.88
 26 11 11 11  0.855507E-02  81363.43
 26 12  0 12  0.621950E-02 108816.06
 26 12  1 12  0.178949E-01 105083.23
 26 12  2 12  0.113453E-01 101577.52
 26 12  3 12  0.620019E-04  98297.89
 26 12  4 12  0.127271E-01  95245.19
 26 12  5 12  0.954569E-02  92422.90
 26 12  6 12  0.650994E-03  89838.30
 26 12  7 12  0.176738E-01  87502.35
 26 12  8 12  0.779541E-02  85432.63
 26 12  9 12  0.243107E-02  83653.44
 26 12 10 12  0.126751E-01  82202.68
 26 12 11 12  0.728403E-02  81141.56
 26 13  0 13  0.685110E-02 107736.97
 26 13  1 13  0.184950E-01 104069.73
 26 13  2 13  0.102022E-01 100628.69
 26 13  3 13  0.363962E-03  97413.71
 26 13  4 13  0.139437E-01  94426.18
 26 13  5 13  0.792989E-02  91670.57
 26 13  6 13  0.159472E-02  89154.97
 26 13  7 13  0.191346E-01  86892.57
 26 13  8 13  0.533504E-02  84902.34
 26 13  9 13  0.348875E-02  83213.15
 26 13 10 13  0.115524E-01  81869.18
 26 14  0 14  0.749539E-02 106611.91
 26 14  1 14  0.188280E-01 103013.43
 26 14  2 14  0.878727E-02  99640.78
 26 14  3 14  0.965967E-03  96494.26
 26 14  4 14  0.148132E-01  93575.95
 26 14  5 14  0.609553E-02  90891.14
 26 14  6 14  0.309158E-02  88449.61
 26 14  7 14  0.195093E-01  86266.22
 26 14  8 14  0.316437E-02  84363.35
 26 14  9 14  0.437955E-02  82773.80
 26 14 10 14  0.100212E-01  81551.80
 26 15  0 15  0.812972E-02 105443.83
 26 15  1 15  0.188192E-01 101917.91
 26 15  2 15  0.715709E-02  98617.22
 26 15  3 15  0.189738E-02  95542.50
 26 15  4 15  0.151616E-01  92697.18
 26 15  5 15  0.419953E-02  90087.85
 26 15  6 15  0.521959E-02  87725.65
 26 15  7 15  0.183944E-01  85627.83
 26 15  8 15  0.150882E-02  83819.80
 26 15  9 15  0.484395E-02  82341.58
 27  0  0  0  0.283625E-02 116589.68
 27  0  1  0  0.119312E-01 112428.54
 27  0  2  0  0.154788E-01 108502.75
 27  0  3  0  0.380197E-02 104807.32
 27  0  4  0  0.242472E-02 101339.37
 27  0  5  0  0.135623E-01  98097.76
 27  0  6  0  0.496769E-02  95083.90
 27  0  7  0  0.250005E-02  92301.77
 27  0  8  0  0.158341E-01  89758.52
 27  0  9  0  0.577257E-02  87465.59
 27  0 10  0  0.423816E-02  85439.21
 27  0 11  0  0.168861E-01  83702.55
 27  0 12  0  0.675128E-02  82287.48
 27  0 13  0  0.153356E-03  81238.32
 27  0 14  0  0.208326E-03  80616.30
 27  1  0  1  0.285792E-02 116484.57
 27  1  1  1  0.119790E-01 112329.32
 27  1  2  1  0.154490E-01 108409.26
 27  1  3  1  0.372446E-02 104719.56
 27  1  4  1  0.249834E-02 101257.26
 27  1  5  1  0.135856E-01  98021.36
 27  1  6  1  0.485351E-02  95013.25
 27  1  7  1  0.259384E-02  92236.93
 27  1  8  1  0.158933E-01  89699.89
 27  1  9  1  0.560593E-02  87413.43
 27  1 10  1  0.436067E-02  85394.14
 27  1 11  1  0.167950E-01  83665.27
 27  1 12  1  0.666643E-02  82259.14
 27  1 13  1  0.161743E-03  81220.76
 27  1 14  1  0.156529E-03  80612.55
 27  2  0  2  0.290205E-02 116275.35
 27  2  1  2  0.120763E-01 112131.88
 27  2  2  2  0.153893E-01 108223.41
 27  2  3  2  0.357114E-02 104545.04
 27  2  4  2  0.264876E-02 101094.00
 27  2  5  2  0.136290E-01  97869.42
 27  2  6  2  0.462722E-02  94872.72
 27  2  7  2  0.278567E-02  92108.17
 27  2  8  2  0.160090E-01  89583.36
 27  2  9  2  0.527472E-02  87309.93
 27  2 10  2  0.460582E-02  85304.93
 27  2 11  2  0.166071E-01  83591.60
 27  2 12  2  0.650160E-02  82203.45
 27  2 13  2  0.179639E-03  81186.68
 27  2 14  2  0.599211E-04  80606.58
 27  3  0  3  0.297039E-02 115963.78
 27  3  1  3  0.122261E-01 111837.91
 27  3  2  3  0.152998E-01 107946.62
 27  3  3  3  0.334572E-02 104285.18
 27  3  4  3  0.288237E-02 100851.05
 27  3  5  3  0.136866E-01  97643.31
 27  3  6  3  0.429362E-02  94663.74
 27  3  7  3  0.308414E-02  91916.79
 27  3  8  3  0.161762E-01  89410.34
 27  3  9  3  0.478549E-02  87156.38
 27  3 10  3  0.497337E-02  85172.36
 27  3 11  3  0.163129E-01  83482.77
 27  3 12  3  0.626626E-02  82121.90
 27  3 13  3  0.209231E-03  81138.02
 27  3 14  3  0.173946E-04  80601.40
 27  4  0  4  0.306602E-02 115552.78
 27  4  1  4  0.124348E-01 111450.20
 27  4  2  4  0.151822E-01 107581.70
 27  4  3  4  0.305420E-02 103942.78
 27  4  4  4  0.320901E-02 100530.90
 27  4  5  4  0.137503E-01  97345.57
 27  4  6  4  0.386137E-02  94388.71
 27  4  7  4  0.350218E-02  91665.20
 27  4  8  4  0.163851E-01  89183.12
 27  4  9  4  0.415350E-02  86955.14
 27  4 10  4  0.546122E-02  84999.41
 27  4 11  4  0.159040E-01  83341.46
 27  4 12  4  0.597372E-02  82017.23
 27  4 13  4  0.253440E-03  81078.09
 27  5  0  5  0.319324E-02 115045.75
 27  5  1  5  0.127109E-01 110972.01
 27  5  2  5  0.150376E-01 107131.81
 27  5  3  5  0.270471E-02 103520.69
 27  5  4  5  0.364157E-02 100136.48
 27  5  5  5  0.138083E-01  96978.93
 27  5  6  5  0.334361E-02  94050.35
 27  5  7  5  0.405714E-02  91355.86
 27  5  8  5  0.166156E-01  88904.24
 27  5  9  5  0.340736E-02  86708.74
 27  5 10  5  0.606301E-02  84788.46
 27  5 11  5  0.153761E-01  83170.36
 27  5 12  5  0.563976E-02  81892.68
 27  5 13  5  0.314650E-03  81011.02
 27  6  0  6  0.335638E-02 114447.28
 27  6  1  6  0.130591E-01 110407.76
 27  6  2  6  0.148601E-01 106600.84
 27  6  3  6  0.230671E-02 103022.86
 27  6  4  6  0.419404E-02  99671.68
 27  6  5  6  0.138381E-01  96547.27
 27  6  6  6  0.275810E-02  93652.27
 27  6  7  6  0.476978E-02  90992.50
 27  6  8  6  0.168219E-01  88577.34
 27  6  9  6  0.259245E-02  86420.83
 27  6 10  6  0.676140E-02  84543.28
 27  6 11  6  0.147278E-01  82973.50
 27  6 12  6  0.527996E-02  81752.62
 27  6 13  6  0.388976E-03  80943.01
 27  7  0  7  0.355700E-02 113761.66
 27  7  1  7  0.134693E-01 109761.79
 27  7  2  7  0.146243E-01 105993.55
 27  7  3  7  0.187112E-02 102453.77
 27  7  4  7  0.487608E-02  99140.47
 27  7  5  7  0.137949E-01  96054.29
 27  7  6  7  0.212852E-02  93198.28
 27  7  7  7  0.566037E-02  90578.79
 27  7  8  7  0.169108E-01  88206.09
 27  7  9  7  0.177210E-02  86095.09
 27  7 10  7  0.751546E-02  84267.77
 27  7 11  7  0.139538E-01  82755.17
 27  7 12  7  0.490585E-02  81602.62
 27  7 13  7  0.411037E-03  80882.38
 27  8  0  8  0.379060E-02 112995.11
 27  8  1  8  0.139059E-01 109039.07
 27  8  2  8  0.142790E-01 105314.72
 27  8  3  8  0.141260E-02 101817.96
 27  8  4  8  0.568400E-02  98547.78
 27  8  5  8  0.136043E-01  95504.70
 27  8  6  8  0.148868E-02  92692.94
 27  8  7  8  0.674142E-02  90119.18
 27  8  8  8  0.167260E-01  87794.76
 27  8  9  8  0.102534E-02  85736.05
 27  8 10  8  0.824459E-02  83966.41
 27  8 11  8  0.130376E-01  82520.56
 27  8 12  8  0.451865E-02  81448.83
 27  9  0  9  0.404790E-02 112151.89
 27  9  1  9  0.143156E-01 108245.58
 27  9  2  9  0.137633E-01 104569.06
 27  9  3  9  0.955969E-03 101120.03
 27  9  4  9  0.659572E-02  97897.43
 27  9  5  9  0.131788E-01  94902.65
 27  9  6  9  0.888674E-03  92140.19
 27  9  7  9  0.801321E-02  89617.82
 27  9  8  9  0.160778E-01  87347.78
 27  9  9  9  0.437952E-03  85347.97
 27  9 10  9  0.882800E-02  83644.46
 27  9 11  9  0.119560E-01  82275.22
 27  9 12  9  0.409752E-02  81299.25
 27 10  0 10  0.432597E-02 111238.21
 27 10  1 10  0.146694E-01 107385.23
 27 10  2 10  0.130532E-01 103761.60
 27 10  3 10  0.540159E-03 100365.00
 27 10  4 10  0.758346E-02  97194.57
 27 10  5 10  0.124670E-01  94252.81
 27 10  6 10  0.394771E-03  91544.67
 27 10  7 10  0.947327E-02  89078.91
 27 10  8 10  0.148379E-01  86869.22
 27 10  9 10  0.843027E-04  84935.50
 27 10 10 10  0.914486E-02  83306.34
 27 10 11 10  0.107015E-01  82025.39
 27 10 12 10  0.359702E-02  81164.42
 27 11  0 11  0.464333E-02 110258.97
 27 11  1 11  0.150085E-01 106463.88
 27 11  2 11  0.121934E-01 102897.42
 27 11  3 11  0.213507E-03  99557.17
 27 11  4 11  0.864176E-02  96443.52
 27 11  5 11  0.114928E-01  93559.32
 27 11  6 11  0.787396E-04  90910.40
 27 11  7 11  0.111318E-01  88506.89
 27 11  8 11  0.130365E-01  86363.96
 27 11  9 11  0.788516E-05  84503.35
 27 11 10 11  0.914043E-02  82958.30
 27 11 11 11  0.929721E-02  81778.85
 27 12  0 12  0.503469E-02 109220.22
 27 12  1 12  0.154106E-01 105487.39
 27 12  2 12  0.112479E-01 101981.68
 27 12  3 12  0.256541E-04  98702.05
 27 12  4 12  0.978331E-02  95649.35
 27 12  5 12  0.103133E-01  92827.06
 27 12  6 12  0.100748E-04  90242.46
 27 12  7 12  0.129695E-01  87906.51
 27 12  8 12  0.108413E-01  85836.79
 27 12  9 12  0.214855E-03  84057.60
 27 12 10 12  0.883655E-02  82606.84
 27 12 11 12  0.775623E-02  81545.72
 27 13  0 13  0.550951E-02 108128.06
 27 13  1 13  0.158552E-01 104460.82
 27 13  2 13  0.101951E-01 101019.78
 27 13  3 13  0.295365E-04  97804.80
 27 13  4 13  0.109534E-01  94817.27
 27 13  5 13  0.892742E-02  92061.66
 27 13  6 13  0.271090E-03  89546.06
 27 13  7 13  0.147758E-01  87283.66
 27 13  8 13  0.844098E-02  85293.43
 27 13  9 13  0.666537E-03  83604.24
 27 13 10 13  0.824166E-02  82260.27
 27 14  0 14  0.600961E-02 106988.39
 27 14  1 14  0.161283E-01 103389.91
 27 14  2 14  0.891481E-02 100017.26
 27 14  3 14  0.282660E-03  96870.74
 27 14  4 14  0.119319E-01  93952.43
 27 14  5 14  0.728096E-02  91267.62
 27 14  6 14  0.970041E-03  88826.09
 27 14  7 14  0.159932E-01  86642.70
 27 14  8 14  0.600773E-02  84739.83
 27 14  9 14  0.124050E-02  83150.28
 27 14 10 14  0.726248E-02  81928.28
 27 15  0 15  0.645686E-02 105804.13
 27 15  1 15  0.160078E-01 102278.21
 27 15  2 15  0.736331E-02  98977.52
 27 15  3 15  0.824167E-03  95902.80
 27 15  4 15  0.124421E-01  93057.48
 27 15  5 15  0.542841E-02  90448.15
 27 15  6 15  0.221086E-02  88085.95
 27 15  7 15  0.159816E-01  85988.13
 27 15  8 15  0.377341E-02  84180.10
 27 15  9 15  0.172472E-02  82701.88
 28  0  0  0  0.234193E-02 117030.54
 28  0  1  0  0.103001E-01 112869.40
 28  0  2  0  0.144646E-01 108943.61
 28  0  3  0  0.457818E-02 105248.18
 28  0  4  0  0.126499E-02 101780.23
 28  0  5  0  0.117661E-01  98538.62
 28  0  6  0  0.642124E-02  95524.76
 28  0  7  0  0.832971E-03  92742.63
 28  0  8  0  0.129616E-01  90199.38
 28  0  9  0  0.878437E-02  87906.45
 28  0 10  0  0.919315E-03  85880.07
 28  0 11  0  0.134991E-01  84143.41
 28  0 12  0  0.961924E-02  82728.34
 28  0 13  0  0.152071E-02  81679.18
 28  0 14  0  0.282056E-05  81057.16
 28  1  0  1  0.235899E-02 116924.55
 28  1  1  1  0.103388E-01 112769.30
 28  1  2  1  0.144381E-01 108849.24
 28  1  3  1  0.449940E-02 105159.54
 28  1  4  1  0.131699E-02 101697.24
 28  1  5  1  0.118039E-01  98461.34
 28  1  6  1  0.631004E-02  95453.23
 28  1  7  1  0.887008E-03  92676.91
 28  1  8  1  0.130426E-01  90139.87
 28  1  9  1  0.863067E-02  87853.41
 28  1 10  1  0.982260E-03  85834.12
 28  1 11  1  0.134743E-01  84105.25
 28  1 12  1  0.950804E-02  82699.12
 28  1 13  1  0.152257E-02  81660.74
 28  1 14  1  0.315985E-05  81052.53
 28  2  0  2  0.239335E-02 116713.59
 28  2  1  2  0.104161E-01 112570.12
 28  2  2  2  0.143828E-01 108661.65
 28  2  3  2  0.434260E-02 104983.28
 28  2  4  2  0.142386E-02 101532.24
 28  2  5  2  0.118754E-01  98307.66
 28  2  6  2  0.608740E-02  95310.96
 28  2  7  2  0.999527E-03  92546.41
 28  2  8  2  0.132025E-01  90021.60
 28  2  9  2  0.831868E-02  87748.17
 28  2 10  2  0.111229E-02  85743.17
 28  2 11  2  0.134148E-01  84029.84
 28  2 12  2  0.928828E-02  82641.69
 28  2 13  2  0.152683E-02  81624.92
 28  2 14  2  0.123708E-05  81044.82
 28  3  0  3  0.244577E-02 116399.37
 28  3  1  3  0.105317E-01 112273.50
 28  3  2  3  0.142955E-01 108382.21
 28  3  3  3  0.410993E-02 104720.77
 28  3  4  3  0.159131E-02 101286.64
 28  3  5  3  0.119728E-01  98078.90
 28  3  6  3  0.575394E-02  95099.33
 28  3  7  3  0.117923E-02  92352.38
 28  3  8  3  0.134371E-01  89845.93
 28  3  9  3  0.784199E-02  87591.97
 28  3 10  3  0.131687E-02  85607.95
 28  3 11  3  0.133031E-01  83918.36
 28  3 12  3  0.896564E-02  82557.49
 28  3 13  3  0.153399E-02  81573.61
 28  3 14  3  0.197088E-04  81036.99
 28  4  0  4  0.251789E-02 115984.77
 28  4  1  4  0.106880E-01 111882.19
 28  4  2  4  0.141745E-01 108013.69
 28  4  3  4  0.380581E-02 104374.77
 28  4  4  4  0.182796E-02 100962.89
 28  4  5  4  0.120865E-01  97777.56
 28  4  6  4  0.531316E-02  94820.70
 28  4  7  4  0.143872E-02  92097.19
 28  4  8  4  0.137412E-01  89615.11
 28  4  9  4  0.719750E-02  87387.13
 28  4 10  4  0.160502E-02  85431.40
 28  4 11  4  0.131185E-01  83773.45
 28  4 12  4  0.854927E-02  82449.22
 28  4 13  4  0.154298E-02  81510.08
 28  5  0  5  0.261277E-02 115473.12
 28  5  1  5  0.108910E-01 111399.38
 28  5  2  5  0.140207E-01 107559.18
 28  5  3  5  0.343756E-02 103948.06
 28  5  4  5  0.214547E-02 100563.85
 28  5  5  5  0.122061E-01  97406.30
 28  5  6  5  0.477306E-02  94477.72
 28  5  7  5  0.179451E-02  91783.23
 28  5  8  5  0.141062E-01  89331.61
 28  5  9  5  0.639198E-02  87136.11
 28  5 10  5  0.198532E-02  85215.83
 28  5 11  5  0.128425E-01  83597.73
 28  5 12  5  0.805181E-02  82320.05
 28  5 13  5  0.154846E-02  81438.39
 28  6  0  6  0.273463E-02 114868.91
 28  6  1  6  0.111489E-01 110829.39
 28  6  2  6  0.138358E-01 107022.47
 28  6  3  6  0.301474E-02 103444.49
 28  6  4  6  0.255812E-02 100093.31
 28  6  5  6  0.123181E-01  96968.90
 28  6  6  6  0.414651E-02  94073.90
 28  6  7  6  0.226714E-02  91414.13
 28  6  8  6  0.145120E-01  88998.97
 28  6  9  6  0.544749E-02  86842.46
 28  6 10  6  0.246237E-02  84964.91
 28  6 11  6  0.124619E-01  83395.13
 28  6 12  6  0.748741E-02  82174.25
 28  6 13  6  0.153751E-02  81364.64
 28  7  0  7  0.288715E-02 114176.36
 28  7  1  7  0.114639E-01 110176.49
 28  7  2  7  0.136109E-01 106408.25
 28  7  3  7  0.254767E-02 102868.47
 28  7  4  7  0.308057E-02  99555.17
 28  7  5  7  0.123958E-01  96468.99
 28  7  6  7  0.345029E-02  93612.98
 28  7  7  7  0.288069E-02  90993.49
 28  7  8  7  0.149073E-01  88620.79
 28  7  9  7  0.440360E-02  86509.79
 28  7 10  7  0.302992E-02  84682.47
 28  7 11  7  0.119650E-01  83169.87
 28  7 12  7  0.686643E-02  82017.32
 28  7 13  7  0.153564E-02  81297.08
 28  8  0  8  0.306967E-02 113401.67
 28  8  1  8  0.118178E-01 109445.63
 28  8  2  8  0.133121E-01 105721.28
 28  8  3  8  0.204661E-02 102224.52
 28  8  4  8  0.372113E-02  98954.34
 28  8  5  8  0.123845E-01  95911.26
 28  8  6  8  0.270592E-02  93099.50
 28  8  7  8  0.365941E-02  90525.74
 28  8  8  8  0.151797E-01  88201.32
 28  8  9  8  0.331744E-02  86142.61
 28  8 10  8  0.365767E-02  84372.97
 28  8 11  8  0.113292E-01  82927.12
 28  8 12  8  0.618599E-02  81855.39
 28  9  0  9  0.327386E-02 112549.18
 28  9  1  9  0.121614E-01 108642.87
 28  9  2  9  0.128760E-01 104966.35
 28  9  3  9  0.152680E-02 101517.32
 28  9  4  9  0.447160E-02  98294.72
 28  9  5  9  0.121952E-01  95299.94
 28  9  6  9  0.194623E-02  92537.48
 28  9  7  9  0.462055E-02  90015.11
 28  9  8  9  0.151436E-01  87745.07
 28  9  9  9  0.226365E-02  85745.26
 28  9 10  9  0.427605E-02  84041.75
 28  9 11  9  0.105132E-01  82672.51
 28  9 12  9  0.541512E-02  81696.54
 28 10  0 10  0.348763E-02 111625.06
 28 10  1 10  0.124350E-01 107772.08
 28 10  2 10  0.122418E-01 104148.45
 28 10  3 10  0.101717E-02 100751.85
 28 10  4 10  0.530384E-02  97581.42
 28 10  5 10  0.117365E-01  94639.66
 28 10  6 10  0.122456E-02  91931.52
 28 10  7 10  0.576952E-02  89465.76
 28 10  8 10  0.145933E-01  87256.07
 28 10  9 10  0.133166E-02  85322.35
 28 10 10 10  0.477941E-02  83693.19
 28 10 11 10  0.947147E-02  82412.24
 28 10 12 10  0.443871E-02  81551.27
 28 11  0 11  0.370974E-02 110633.95
 28 11  1 11  0.126215E-01 106838.86
 28 11  2 11  0.114078E-01 103272.40
 28 11  3 11  0.563150E-03  99932.15
 28 11  4 11  0.618725E-02  96818.50
 28 11  5 11  0.109763E-01  93934.30
 28 11  6 11  0.613157E-03  91285.38
 28 11  7 11  0.710671E-02  88881.87
 28 11  8 11  0.134275E-01  86738.94
 28 11  9 11  0.609845E-03  84878.33
 28 11 10 11  0.506936E-02  83333.28
 28 11 11 11  0.819168E-02  82153.83
 28 12  0 12  0.395902E-02 109581.33
 28 12  1 12  0.127693E-01 105848.50
 28 12  2 12  0.104365E-01 102342.79
 28 12  3 12  0.216064E-03  99063.16
 28 12  4 12  0.711017E-02  96010.46
 28 12  5 12  0.995908E-02  93188.17
 28 12  6 12  0.183923E-03  90603.57
 28 12  7 12  0.862370E-02  88267.62
 28 12  8 12  0.117239E-01  86197.90
 28 12  9 12  0.159786E-03  84418.71
 28 12 10 12  0.510601E-02  82967.95
 28 12 11 12  0.669805E-02  81906.83
 28 13  0 13  0.425012E-02 108472.69
 28 13  1 13  0.129008E-01 104805.45
 28 13  2 13  0.936008E-02 101364.41
 28 13  3 13  0.235671E-04  98149.43
 28 13  4 13  0.804170E-02  95161.90
 28 13  5 13  0.872246E-02  92406.29
 28 13  6 13  0.180575E-05  89890.69
 28 13  7 13  0.102145E-01  87628.29
 28 13  8 13  0.964880E-02  85638.06
 28 13  9 13  0.725951E-06  83948.87
 28 13 10 13  0.488701E-02  82604.90
 28 14  0 14  0.454053E-02 107313.64
 28 14  1 14  0.128628E-01 103715.16
 28 14  2 14  0.809489E-02 100342.51
 28 14  3 14  0.330192E-04  97195.99
 28 14  4 14  0.882127E-02  94277.68
 28 14  5 14  0.722496E-02  91592.87
 28 14  6 14  0.145997E-03  89151.34
 28 14  7 14  0.114912E-01  86967.95
 28 14  8 14  0.733942E-02  85065.08
 28 14  9 14  0.968662E-04  83475.53
 28 14 10 14  0.436192E-02  82253.53
 28 15  0 15  0.472213E-02 106106.68
 28 15  1 15  0.123627E-01 102580.76
 28 15  2 15  0.654491E-02  99280.07
 28 15  3 15  0.279345E-03  96205.35
 28 15  4 15  0.913879E-02  93360.03
 28 15  5 15  0.545506E-02  90750.70
 28 15  6 15  0.705385E-03  88388.50
 28 15  7 15  0.117940E-01  86290.68
 28 15  8 15  0.496849E-02  84482.65
 28 15  9 15  0.329346E-03  83004.43
 29  0  0  0  0.190357E-02 117435.66
 29  0  1  0  0.870578E-02 113274.52
 29  0  2  0  0.130834E-01 109348.73
 29  0  3  0  0.503158E-02 105653.30
 29  0  4  0  0.552682E-03 102185.35
 29  0  5  0  0.972585E-02  98943.74
 29  0  6  0  0.722536E-02  95929.88
 29  0  7  0  0.115551E-03  93147.75
 29  0  8  0  0.978924E-02  90604.50
 29  0  9  0  0.103659E-01  88311.57
 29  0 10  0  0.398915E-06  86285.19
 29  0 11  0  0.913883E-02  84548.53
 29  0 12  0  0.104336E-01  83133.46
 29  0 13  0  0.325208E-02  82084.30
 29  0 14  0  0.407517E-03  81462.28
 29  1  0  1  0.191667E-02 117328.62
 29  1  1  1  0.873560E-02 113173.37
 29  1  2  1  0.130581E-01 109253.31
 29  1  3  1  0.495437E-02 105563.61
 29  1  4  1  0.586017E-03 102101.31
 29  1  5  1  0.977012E-02  98865.41
 29  1  6  1  0.712454E-02  95857.30
 29  1  7  1  0.135675E-03  93080.98
 29  1  8  1  0.987353E-02  90543.94
 29  1  9  1  0.102474E-01  88257.48
 29  1 10  1  0.277272E-05  86238.19
 29  1 11  1  0.915882E-02  84509.32
 29  1 12  1  0.103188E-01  83103.19
 29  1 13  1  0.322385E-02  82064.81
 29  1 14  1  0.432730E-03  81456.60
 29  2  0  2  0.194276E-02 117115.54
 29  2  1  2  0.879375E-02 112972.07
 29  2  2  2  0.130037E-01 109063.60
 29  2  3  2  0.479977E-02 105385.23
 29  2  4  2  0.655379E-03 101934.19
 29  2  5  2  0.985388E-02  98709.61
 29  2  6  2  0.692060E-02  95712.91
 29  2  7  2  0.180524E-03  92948.36
 29  2  8  2  0.100400E-01  90423.55
 29  2  9  2  0.100015E-01  88150.12
 29  2 10  2  0.137740E-04  86145.12
 29  2 11  2  0.918892E-02  84431.79
 29  2 12  2  0.100888E-01  83043.64
 29  2 13  2  0.316733E-02  82026.87
 29  2 14  2  0.509040E-03  81446.77
 29  3  0  3  0.198177E-02 116798.12
 29  3  1  3  0.887731E-02 112672.25
 29  3  2  3  0.129136E-01 108780.96
 29  3  3  3  0.456815E-02 105119.52
 29  3  4  3  0.766030E-03 101685.39
 29  3  5  3  0.996799E-02  98477.65
 29  3  6  3  0.661013E-02  95498.08
 29  3  7  3  0.259032E-03  92751.13
 29  3  8  3  0.102846E-01  90244.68
 29  3  9  3  0.961240E-02  87990.72
 29  3 10  3  0.452492E-04  86006.70
 29  3 11  3  0.921035E-02  84317.11
 29  3 12  3  0.974307E-02  82956.24
 29  3 13  3  0.308159E-02  81972.36
 29  3 14  3  0.818359E-03  81435.74
 29  4  0  4  0.203397E-02 116379.18
 29  4  1  4  0.898385E-02 112276.60
 29  4  2  4  0.127807E-01 108408.10
 29  4  3  4  0.426172E-02 104769.18
 29  4  4  4  0.925603E-03 101357.30
 29  4  5  4  0.100999E-01  98171.97
 29  4  6  4  0.619115E-02  95215.11
 29  4  7  4  0.383873E-03  92491.60
 29  4  8  4  0.106021E-01  90009.52
 29  4  9  4  0.906260E-02  87781.54
 29  4 10  4  0.113221E-03  85825.81
 29  4 11  4  0.919785E-02  84167.86
 29  4 12  4  0.928276E-02  82843.63
 29  4 13  4  0.296309E-02  81904.49
 29  5  0  5  0.210050E-02 115861.98
 29  5  1  5  0.911357E-02 111788.24
 29  5  2  5  0.126009E-01 107948.04
 29  5  3  5  0.388605E-02 104336.92
 29  5  4  5  0.114393E-02 100952.71
 29  5  5  5  0.102363E-01  97795.16
 29  5  6  5  0.566593E-02  94866.58
 29  5  7  5  0.570811E-03  92172.09
 29  5  8  5  0.109858E-01  89720.47
 29  5  9  5  0.834032E-02  87524.97
 29  5 10  5  0.235781E-03  85604.69
 29  5 11  5  0.912446E-02  83986.59
 29  5 12  5  0.871246E-02  82708.91
 29  5 13  5  0.280202E-02  81827.25
 29  6  0  6  0.218375E-02 115250.87
 29  6  1  6  0.927022E-02 111211.35
 29  6  2  6  0.123741E-01 107404.43
 29  6  3  6  0.345061E-02 103826.45
 29  6  4  6  0.143288E-02 100475.27
 29  6  5  6  0.103631E-01  97350.86
 29  6  6  6  0.504315E-02  94455.86
 29  6  7  6  0.838262E-03  91796.09
 29  6  8  6  0.114249E-01  89380.93
 29  6  9  6  0.744765E-02  87224.42
 29  6 10  6  0.430240E-03  85346.87
 29  6 11  6  0.896706E-02  83777.09
 29  6 12  6  0.804107E-02  82556.21
 29  6 13  6  0.257278E-02  81746.60
 29  7  0  7  0.228665E-02 114549.92
 29  7  1  7  0.945764E-02 110550.05
 29  7  2  7  0.120987E-01 106781.81
 29  7  3  7  0.296718E-02 103242.03
 29  7  4  7  0.180545E-02  99928.73
 29  7  5  7  0.104614E-01  96842.55
 29  7  6  7  0.433705E-02  93986.54
 29  7  7  7  0.120726E-02  91367.05
 29  7  8  7  0.118918E-01  88994.35
 29  7  9  7  0.640485E-02  86883.35
 29  7 10  7  0.709081E-03  85056.03
 29  7 11  7  0.870760E-02  83543.43
 29  7 12  7  0.727861E-02  82390.88
 29  7 13  7  0.215583E-02  81670.64
 29  8  0  8  0.240975E-02 113765.15
 29  8  1  8  0.966714E-02 109809.11
 29  8  2  8  0.117563E-01 106084.76
 29  8  3  8  0.244682E-02 102588.00
 29  8  4  8  0.227208E-02  99317.82
 29  8  5  8  0.104933E-01  96274.74
 29  8  6  8  0.356498E-02  93462.98
 29  8  7  8  0.170085E-02  90889.22
 29  8  8  8  0.123154E-01  88564.80
 29  8  9  8  0.524902E-02  86506.09
 29  8 10  8  0.107257E-02  84736.45
 29  8 11  8  0.832508E-02  83290.60
 29  8 12  8  0.642654E-02  82218.87
 29  9  0  9  0.254626E-02 112900.80
 29  9  1  9  0.985968E-02 108994.49
 29  9  2  9  0.112953E-01 105317.97
 29  9  3  9  0.190104E-02 101868.94
 29  9  4  9  0.283142E-02  98646.34
 29  9  5  9  0.103839E-01  95651.56
 29  9  6  9  0.274947E-02  92889.10
 29  9  7  9  0.233971E-02  90366.73
 29  9  8  9  0.125491E-01  88096.69
 29  9  9  9  0.403288E-02  86096.88
 29  9 10  9  0.149578E-02  84393.37
 29  9 11  9  0.778142E-02  83024.13
 29  9 12  9  0.546233E-02  82048.16
 29 10  0 10  0.268002E-02 111962.90
 29 10  1 10  0.996361E-02 108109.92
 29 10  2 10  0.106402E-01 104486.29
 29 10  3 10  0.135037E-02 101089.69
 29 10  4 10  0.345867E-02  97919.26
 29 10  5 10  0.100287E-01  94977.50
 29 10  6 10  0.192944E-02  92269.36
 29 10  7 10  0.313245E-02  89803.60
 29 10  8 10  0.123773E-01  87593.91
 29 10  9 10  0.283074E-02  85660.19
 29 10 10 10  0.191622E-02  84031.03
 29 10 11 10  0.702182E-02  82750.08
 29 10 12 10  0.433275E-02  81889.11
 29 11  0 11  0.279363E-02 110955.73
 29 11  1 11  0.991226E-02 107160.64
 29 11  2 11  0.974557E-02 103594.18
 29 11  3 11  0.834477E-03 100253.93
 29 11  4 11  0.410549E-02  97140.28
 29 11  5 11  0.934786E-02  94256.08
 29 11  6 11  0.117111E-02  91607.16
 29 11  7 11  0.406644E-02  89203.65
 29 11  8 11  0.116133E-01  87060.72
 29 11  9 11  0.174286E-02  85200.11
 29 11 10 11  0.224409E-02  83655.06
 29 11 11 11  0.600949E-02  82475.61
 29 12  0 12  0.288048E-02 109884.04
 29 12  1 12  0.968822E-02 106151.21
 29 12  2 12  0.863835E-02 102645.50
 29 12  3 12  0.407092E-03  99365.87
 29 12  4 12  0.471672E-02  96313.17
 29 12  5 12  0.834197E-02  93490.88
 29 12  6 12  0.554247E-03  90906.28
 29 12  7 12  0.509901E-02  88570.33
 29 12  8 12  0.102289E-01  86500.61
 29 12  9 12  0.874904E-03  84721.42
 29 12 10 12  0.240415E-02  83270.66
 29 12 11 12  0.476290E-02  82209.54
 29 13  0 13  0.292960E-02 108752.19
 29 13  1 13  0.926767E-02 105084.95
 29 13  2 13  0.735488E-02 101643.91
 29 13  3 13  0.117351E-03  98428.93
 29 13  4 13  0.521333E-02  95441.40
 29 13  5 13  0.704714E-02  92685.79
 29 13  6 13  0.145718E-03  90170.19
 29 13  7 13  0.609898E-02  87907.79
 29 13  8 13  0.833838E-02  85917.56
 29 13  9 13  0.299472E-03  84228.37
 29 13 10 13  0.235746E-02  82884.40
 29 14  0 14  0.285852E-02 107564.14
 29 14  1 14  0.842713E-02 103965.66
 29 14  2 14  0.581047E-02 100593.01
 29 14  3 14  0.130403E-05  97446.49
 29 14  4 14  0.537042E-02  94528.18
 29 14  5 14  0.542036E-02  91843.37
 29 14  6 14  0.578467E-08  89401.84
 29 14  7 14  0.665700E-02  87218.45
 29 14  8 14  0.604517E-02  85315.58
 29 14  9 14  0.331772E-04  83726.03
 29 14 10 14  0.205242E-02  82504.03
