
          1         2        38       781B   B   BP   
 E STATE HAS LABEL B   
 VIBRATIONAL LEVELS FOR STATE E IN 1/CM FOR J=  0
     -28173.66876    -26855.21229    -25573.70894    -24326.97025
    -23113.94663    -21933.93849    -20786.43031    -19670.96580
    -18587.07286    -17534.28599    -16512.11858    -15520.06328
    -14557.60688    -13624.23001    -12719.40079    -11842.59365
    -10993.30915    -10171.04487     -9375.32749     -8605.71605
     -7861.79846     -7143.22835     -6449.71556     -5781.06757
     -5137.19183     -4518.15937     -3924.27451     -3356.15484
     -2814.79910     -2301.79983     -1819.73054     -1372.60480
      -966.48532      -610.88034      -321.84333      -124.09957
       -38.30596       -13.60159
 PROPORTION OF STATE B   
  0.999993E+00 0.999983E+00 0.999975E+00 0.999967E+00 0.999961E+00
  0.999955E+00 0.999950E+00 0.999946E+00 0.999942E+00 0.999939E+00
  0.999936E+00 0.999934E+00 0.999932E+00 0.999930E+00 0.999929E+00
  0.999928E+00 0.999927E+00 0.999927E+00 0.999927E+00 0.999927E+00
  0.999927E+00 0.999927E+00 0.999928E+00 0.999929E+00 0.999930E+00
  0.999931E+00 0.999933E+00 0.999934E+00 0.999935E+00 0.999939E+00
  0.999941E+00 0.999940E+00 0.999928E+00 0.999844E+00 0.999232E+00
  0.992862E+00 0.565488E+00 0.973810E+00
 PROPORTION OF STATE BP  
  0.672634E-05 0.167498E-04 0.252965E-04 0.326942E-04 0.391407E-04
  0.447774E-04 0.497091E-04 0.540155E-04 0.577616E-04 0.610028E-04
  0.637833E-04 0.661437E-04 0.681204E-04 0.697444E-04 0.710426E-04
  0.720390E-04 0.727570E-04 0.732184E-04 0.734369E-04 0.734276E-04
  0.733226E-04 0.727628E-04 0.721228E-04 0.712773E-04 0.702060E-04
  0.689424E-04 0.673666E-04 0.655362E-04 0.647275E-04 0.611021E-04
  0.590408E-04 0.595518E-04 0.719219E-04 0.155803E-03 0.768047E-03
  0.713793E-02 0.434512E+00 0.261905E-01
 TABLE FOR EMISSION PROBABILITIES   E(J=  0,IE) ==>F(J=  1,IF)
         IE==>      0            1            2            3
        1.00  0.348737E+03 0.385433E+04 0.542099E+06 0.139698E+08
        2.00  0.802118E+03 0.883035E+04 0.124882E+07 0.321058E+08
        3.00  0.118436E+04 0.129870E+05 0.184682E+07 0.473679E+08
        4.00  0.148063E+04 0.161716E+05 0.231240E+07 0.591697E+08
        5.00  0.170683E+04 0.185684E+05 0.266983E+07 0.681545E+08
        6.00  0.188099E+04 0.203819E+05 0.294684E+07 0.750486E+08
        7.00  0.201750E+04 0.217742E+05 0.316562E+07 0.804305E+08
        8.00  0.212671E+04 0.228615E+05 0.334217E+07 0.847164E+08
        9.00  0.221578E+04 0.237239E+05 0.348757E+07 0.881935E+08
       10.00  0.228963E+04 0.244166E+05 0.360939E+07 0.910594E+08
       11.00  0.235167E+04 0.249778E+05 0.371295E+07 0.934516E+08
       12.00  0.240439E+04 0.254351E+05 0.380206E+07 0.954693E+08
       13.00  0.244961E+04 0.258093E+05 0.387958E+07 0.971866E+08
       14.00  0.248877E+04 0.261162E+05 0.394768E+07 0.986600E+08
       15.00  0.252295E+04 0.263679E+05 0.400808E+07 0.999341E+08
       16.00  0.255303E+04 0.265743E+05 0.406213E+07 0.101044E+09
       17.00  0.257969E+04 0.267429E+05 0.411088E+07 0.102016E+09
       18.00  0.260347E+04 0.268797E+05 0.415515E+07 0.102872E+09
       19.00  0.262477E+04 0.269893E+05 0.419560E+07 0.103630E+09
       20.00  0.264394E+04 0.270754E+05 0.423273E+07 0.104301E+09
       21.00  0.266122E+04 0.271409E+05 0.426694E+07 0.104897E+09
       22.00  0.267684E+04 0.271883E+05 0.429857E+07 0.105427E+09
       23.00  0.269098E+04 0.272197E+05 0.432790E+07 0.105897E+09
       24.00  0.270380E+04 0.272367E+05 0.435516E+07 0.106314E+09
       25.00  0.271543E+04 0.272410E+05 0.438058E+07 0.106684E+09
       26.00  0.272599E+04 0.272340E+05 0.440434E+07 0.107011E+09
       27.00  0.273559E+04 0.272167E+05 0.442661E+07 0.107300E+09
       28.00  0.274434E+04 0.271904E+05 0.444753E+07 0.107554E+09
       29.00  0.275232E+04 0.271560E+05 0.446725E+07 0.107778E+09
       30.00  0.275960E+04 0.271143E+05 0.448588E+07 0.107974E+09
       31.00  0.276624E+04 0.270660E+05 0.450351E+07 0.108144E+09
       32.00  0.277230E+04 0.270118E+05 0.452024E+07 0.108291E+09
       33.00  0.277783E+04 0.269521E+05 0.453612E+07 0.108417E+09
       34.00  0.278286E+04 0.268874E+05 0.455123E+07 0.108524E+09
       35.00  0.278743E+04 0.268180E+05 0.456560E+07 0.108611E+09
       36.00  0.279157E+04 0.267444E+05 0.457929E+07 0.108682E+09
       37.00  0.279530E+04 0.266667E+05 0.459234E+07 0.108737E+09
       38.00  0.279864E+04 0.265854E+05 0.460477E+07 0.108776E+09
       39.00  0.280163E+04 0.265006E+05 0.461663E+07 0.108801E+09
       40.00  0.280428E+04 0.264126E+05 0.462796E+07 0.108813E+09
       42.00  0.280864E+04 0.262280E+05 0.464911E+07 0.108799E+09
       44.00  0.281188E+04 0.260333E+05 0.466847E+07 0.108742E+09
       46.00  0.281416E+04 0.258302E+05 0.468626E+07 0.108647E+09
       48.00  0.281558E+04 0.256198E+05 0.470267E+07 0.108519E+09
       50.00  0.281625E+04 0.254033E+05 0.471784E+07 0.108361E+09
       52.00  0.281624E+04 0.251816E+05 0.473188E+07 0.108176E+09
       54.00  0.281560E+04 0.249553E+05 0.474489E+07 0.107968E+09
       56.00  0.281439E+04 0.247249E+05 0.475693E+07 0.107737E+09
       58.00  0.281264E+04 0.244910E+05 0.476806E+07 0.107486E+09
       60.00  0.281039E+04 0.242540E+05 0.477835E+07 0.107216E+09
       62.00  0.280768E+04 0.240144E+05 0.478785E+07 0.106929E+09
       64.00  0.280457E+04 0.237726E+05 0.479663E+07 0.106626E+09
       66.00  0.280108E+04 0.235291E+05 0.480476E+07 0.106310E+09
       68.00  0.279725E+04 0.232843E+05 0.481228E+07 0.105981E+09
       70.00  0.279312E+04 0.230384E+05 0.481926E+07 0.105640E+09
       72.00  0.278871E+04 0.227918E+05 0.482572E+07 0.105290E+09
       74.00  0.278404E+04 0.225447E+05 0.483170E+07 0.104930E+09
       76.00  0.277912E+04 0.222972E+05 0.483722E+07 0.104561E+09
       78.00  0.277396E+04 0.220495E+05 0.484230E+07 0.104184E+09
       80.00  0.276859E+04 0.218018E+05 0.484695E+07 0.103800E+09
       82.00  0.276302E+04 0.215542E+05 0.485121E+07 0.103408E+09
       84.00  0.275724E+04 0.213068E+05 0.485508E+07 0.103009E+09
       86.00  0.275129E+04 0.210598E+05 0.485859E+07 0.102605E+09
       88.00  0.274518E+04 0.208134E+05 0.486176E+07 0.102195E+09
       90.00  0.273892E+04 0.205676E+05 0.486463E+07 0.101780E+09
       92.00  0.273252E+04 0.203226E+05 0.486720E+07 0.101361E+09
       94.00  0.272599E+04 0.200786E+05 0.486950E+07 0.100938E+09
       96.00  0.271936E+04 0.198355E+05 0.487155E+07 0.100511E+09
       98.00  0.271262E+04 0.195936E+05 0.487335E+07 0.100082E+09
      100.00  0.270578E+04 0.193528E+05 0.487493E+07 0.996494E+08
      102.00  0.269886E+04 0.191132E+05 0.487628E+07 0.992143E+08
      104.00  0.269184E+04 0.188748E+05 0.487742E+07 0.987768E+08
      106.00  0.268474E+04 0.186378E+05 0.487835E+07 0.983370E+08
      108.00  0.267756E+04 0.184021E+05 0.487908E+07 0.978952E+08
      110.00  0.267031E+04 0.181678E+05 0.487961E+07 0.974515E+08
      112.00  0.266299E+04 0.179349E+05 0.487996E+07 0.970061E+08
      114.00  0.265561E+04 0.177034E+05 0.488013E+07 0.965594E+08
      116.00  0.264817E+04 0.174735E+05 0.488014E+07 0.961114E+08
      118.00  0.264068E+04 0.172451E+05 0.487999E+07 0.956624E+08
      122.00  0.262557E+04 0.167932E+05 0.487926E+07 0.947625E+08
      126.00  0.261032E+04 0.163480E+05 0.487802E+07 0.938610E+08
      130.00  0.259496E+04 0.159095E+05 0.487629E+07 0.929588E+08
      134.00  0.257949E+04 0.154779E+05 0.487410E+07 0.920565E+08
      138.00  0.256392E+04 0.150532E+05 0.487147E+07 0.911546E+08
      142.00  0.254827E+04 0.146354E+05 0.486841E+07 0.902534E+08
      146.00  0.253256E+04 0.142246E+05 0.486495E+07 0.893536E+08
      150.00  0.251680E+04 0.138208E+05 0.486113E+07 0.884559E+08
      154.00  0.250101E+04 0.134242E+05 0.485697E+07 0.875609E+08
      158.00  0.248520E+04 0.130347E+05 0.485250E+07 0.866690E+08
      162.00  0.246938E+04 0.126523E+05 0.484773E+07 0.857807E+08
      166.00  0.245356E+04 0.122770E+05 0.484267E+07 0.848960E+08
      170.00  0.243773E+04 0.119088E+05 0.483732E+07 0.840149E+08
      174.00  0.242190E+04 0.115475E+05 0.483168E+07 0.831376E+08
      178.00  0.240606E+04 0.111931E+05 0.482576E+07 0.822642E+08
      182.00  0.239024E+04 0.108457E+05 0.481957E+07 0.813949E+08
      186.00  0.237443E+04 0.105051E+05 0.481313E+07 0.805300E+08
      190.00  0.235864E+04 0.101714E+05 0.480645E+07 0.796697E+08
      194.00  0.234288E+04 0.984443E+04 0.479954E+07 0.788143E+08
      198.00  0.232715E+04 0.952425E+04 0.479240E+07 0.779639E+08
      202.00  0.231145E+04 0.921075E+04 0.478505E+07 0.771184E+08
      206.00  0.229579E+04 0.890386E+04 0.477748E+07 0.762780E+08
      210.00  0.228016E+04 0.860353E+04 0.476970E+07 0.754426E+08
      214.00  0.226456E+04 0.830967E+04 0.476170E+07 0.746122E+08
      218.00  0.224900E+04 0.802224E+04 0.475349E+07 0.737869E+08
      222.00  0.223349E+04 0.774118E+04 0.474508E+07 0.729670E+08
      226.00  0.221802E+04 0.746644E+04 0.473649E+07 0.721525E+08
      230.00  0.220260E+04 0.719796E+04 0.472772E+07 0.713436E+08
      234.00  0.218723E+04 0.693567E+04 0.471879E+07 0.705404E+08
      238.00  0.217193E+04 0.667952E+04 0.470969E+07 0.697429E+08
      242.00  0.215668E+04 0.642942E+04 0.470043E+07 0.689512E+08
      246.00  0.214149E+04 0.618532E+04 0.469101E+07 0.681652E+08
      250.00  0.212635E+04 0.594713E+04 0.468144E+07 0.673849E+08
      254.00  0.211128E+04 0.571478E+04 0.467171E+07 0.666104E+08
      258.00  0.209626E+04 0.548822E+04 0.466183E+07 0.658417E+08
      262.00  0.208131E+04 0.526736E+04 0.465181E+07 0.650788E+08
      266.00  0.206642E+04 0.505216E+04 0.464165E+07 0.643218E+08
      270.00  0.205160E+04 0.484253E+04 0.463136E+07 0.635708E+08
      274.00  0.203686E+04 0.463842E+04 0.462095E+07 0.628258E+08
      282.00  0.200757E+04 0.424646E+04 0.459977E+07 0.613539E+08
      290.00  0.197857E+04 0.387570E+04 0.457814E+07 0.599060E+08
      298.00  0.194986E+04 0.352559E+04 0.455604E+07 0.584818E+08
      306.00  0.192143E+04 0.319555E+04 0.453350E+07 0.570811E+08
      314.00  0.189328E+04 0.288506E+04 0.451054E+07 0.557040E+08
      322.00  0.186543E+04 0.259358E+04 0.448719E+07 0.543505E+08
      330.00  0.183787E+04 0.232059E+04 0.446346E+07 0.530203E+08
      338.00  0.181060E+04 0.206556E+04 0.443936E+07 0.517132E+08
      346.00  0.178362E+04 0.182796E+04 0.441488E+07 0.504289E+08
      354.00  0.175691E+04 0.160730E+04 0.439004E+07 0.491671E+08
      362.00  0.173050E+04 0.140308E+04 0.436484E+07 0.479276E+08
      370.00  0.170436E+04 0.121481E+04 0.433931E+07 0.467103E+08
      378.00  0.167851E+04 0.104203E+04 0.431346E+07 0.455152E+08
      386.00  0.165295E+04 0.884254E+03 0.428730E+07 0.443418E+08
      394.00  0.162767E+04 0.741026E+03 0.426084E+07 0.431901E+08
      402.00  0.160267E+04 0.611893E+03 0.423409E+07 0.420596E+08
      410.00  0.157794E+04 0.496411E+03 0.420705E+07 0.409503E+08
      418.00  0.155350E+04 0.394145E+03 0.417976E+07 0.398620E+08
      426.00  0.152934E+04 0.304668E+03 0.415222E+07 0.387946E+08
      434.00  0.150547E+04 0.227560E+03 0.412445E+07 0.377478E+08
      442.00  0.148187E+04 0.162407E+03 0.409647E+07 0.367216E+08
      450.00  0.145856E+04 0.108806E+03 0.406828E+07 0.357155E+08
      458.00  0.143553E+04 0.663618E+02 0.403989E+07 0.347294E+08
      466.00  0.141277E+04 0.346858E+02 0.401131E+07 0.337630E+08
      474.00  0.139029E+04 0.133987E+02 0.398256E+07 0.328161E+08
      482.00  0.136809E+04 0.212852E+01 0.395365E+07 0.318886E+08
      490.00  0.134617E+04 0.511441E+00 0.392459E+07 0.309803E+08
      498.00  0.132452E+04 0.819140E+01 0.389540E+07 0.300908E+08
      506.00  0.130314E+04 0.248201E+02 0.386606E+07 0.292198E+08
      514.00  0.128202E+04 0.500568E+02 0.383660E+07 0.283672E+08
      522.00  0.126118E+04 0.835682E+02 0.380701E+07 0.275326E+08
      530.00  0.124059E+04 0.125028E+03 0.377731E+07 0.267159E+08
      538.00  0.122027E+04 0.174119E+03 0.374750E+07 0.259167E+08
      546.00  0.120020E+04 0.230527E+03 0.371760E+07 0.251350E+08
      554.00  0.118040E+04 0.293950E+03 0.368761E+07 0.243703E+08
      562.00  0.116085E+04 0.364089E+03 0.365753E+07 0.236225E+08
      570.00  0.114155E+04 0.440652E+03 0.362736E+07 0.228913E+08
      578.00  0.112250E+04 0.523355E+03 0.359712E+07 0.221764E+08
      586.00  0.110369E+04 0.611919E+03 0.356681E+07 0.214776E+08
      596.00  0.108053E+04 0.730453E+03 0.352884E+07 0.206265E+08
      606.00  0.105774E+04 0.857205E+03 0.349080E+07 0.197998E+08
      616.00  0.103534E+04 0.991675E+03 0.345269E+07 0.189971E+08
      626.00  0.101331E+04 0.113338E+04 0.341453E+07 0.182179E+08
      636.00  0.991641E+03 0.128184E+04 0.337634E+07 0.174618E+08
      646.00  0.970339E+03 0.143660E+04 0.333812E+07 0.167283E+08
      656.00  0.949398E+03 0.159722E+04 0.329989E+07 0.160170E+08
      666.00  0.928816E+03 0.176327E+04 0.326167E+07 0.153276E+08
      676.00  0.908589E+03 0.193434E+04 0.322347E+07 0.146596E+08
      686.00  0.888713E+03 0.211004E+04 0.318531E+07 0.140125E+08
      696.00  0.869186E+03 0.228997E+04 0.314720E+07 0.133860E+08
      706.00  0.850000E+03 0.247375E+04 0.310915E+07 0.127797E+08
      716.00  0.831154E+03 0.266103E+04 0.307116E+07 0.121930E+08
      726.00  0.812642E+03 0.285145E+04 0.303325E+07 0.116256E+08
      736.00  0.794461E+03 0.304468E+04 0.299544E+07 0.110772E+08
      746.00  0.776608E+03 0.324039E+04 0.295773E+07 0.105472E+08
      756.00  0.759079E+03 0.343828E+04 0.292012E+07 0.100353E+08
      766.00  0.741868E+03 0.363803E+04 0.288264E+07 0.954117E+07
      776.00  0.724971E+03 0.383935E+04 0.284529E+07 0.906428E+07
      786.00  0.708383E+03 0.404196E+04 0.280806E+07 0.860428E+07
      796.00  0.692101E+03 0.424557E+04 0.277098E+07 0.816080E+07
      806.00  0.676121E+03 0.444994E+04 0.273405E+07 0.773347E+07
      816.00  0.660438E+03 0.465481E+04 0.269728E+07 0.732191E+07
      826.00  0.645050E+03 0.485994E+04 0.266067E+07 0.692575E+07
      836.00  0.629951E+03 0.506509E+04 0.262424E+07 0.654463E+07
      846.00  0.615138E+03 0.527004E+04 0.258799E+07 0.617819E+07
      856.00  0.600606E+03 0.547458E+04 0.255193E+07 0.582608E+07
      866.00  0.586351E+03 0.567849E+04 0.251605E+07 0.548793E+07
      876.00  0.572371E+03 0.588158E+04 0.248038E+07 0.516342E+07
      886.00  0.558661E+03 0.608367E+04 0.244492E+07 0.485221E+07
      896.00  0.545218E+03 0.628458E+04 0.240967E+07 0.455397E+07
      906.00  0.532038E+03 0.648415E+04 0.237464E+07 0.426836E+07
      916.00  0.519118E+03 0.668219E+04 0.233984E+07 0.399506E+07
      926.00  0.506453E+03 0.687857E+04 0.230528E+07 0.373375E+07
      936.00  0.494039E+03 0.707312E+04 0.227095E+07 0.348412E+07
      946.00  0.481874E+03 0.726571E+04 0.223686E+07 0.324584E+07
      956.00  0.469953E+03 0.745620E+04 0.220303E+07 0.301863E+07
      966.00  0.458274E+03 0.764448E+04 0.216944E+07 0.280217E+07
      976.00  0.446832E+03 0.783042E+04 0.213612E+07 0.259617E+07
      986.00  0.435623E+03 0.801391E+04 0.210306E+07 0.240035E+07
      996.00  0.424645E+03 0.819484E+04 0.207026E+07 0.221441E+07
     1006.00  0.413894E+03 0.837310E+04 0.203773E+07 0.203806E+07
     1016.00  0.403365E+03 0.854859E+04 0.200548E+07 0.187104E+07
     1026.00  0.393055E+03 0.872123E+04 0.197350E+07 0.171307E+07
     1036.00  0.382961E+03 0.889093E+04 0.194180E+07 0.156388E+07
     1046.00  0.373080E+03 0.905761E+04 0.191037E+07 0.142321E+07
     1056.00  0.363407E+03 0.922119E+04 0.187924E+07 0.129080E+07
     1066.00  0.353941E+03 0.938162E+04 0.184839E+07 0.116640E+07
     1076.00  0.344676E+03 0.953882E+04 0.181783E+07 0.104976E+07
     1086.00  0.335611E+03 0.969273E+04 0.178757E+07 0.940639E+06
     1096.00  0.326740E+03 0.984329E+04 0.175759E+07 0.838791E+06
     1106.00  0.318062E+03 0.999045E+04 0.172791E+07 0.743984E+06
     1116.00  0.309573E+03 0.101342E+05 0.169853E+07 0.655988E+06
     1126.00  0.301270E+03 0.102744E+05 0.166944E+07 0.574577E+06
     1136.00  0.293150E+03 0.104111E+05 0.164066E+07 0.499532E+06
     1146.00  0.285210E+03 0.105443E+05 0.161218E+07 0.430634E+06
     1156.00  0.277447E+03 0.106739E+05 0.158400E+07 0.367672E+06
     1166.00  0.269857E+03 0.107998E+05 0.155613E+07 0.310436E+06
     1176.00  0.262438E+03 0.109222E+05 0.152856E+07 0.258724E+06
     1186.00  0.255187E+03 0.110409E+05 0.150130E+07 0.212336E+06
     1196.00  0.248101E+03 0.111560E+05 0.147435E+07 0.171076E+06
     1206.00  0.241176E+03 0.112673E+05 0.144771E+07 0.134753E+06
     1216.00  0.234411E+03 0.113750E+05 0.142137E+07 0.103181E+06
     1226.00  0.227802E+03 0.114791E+05 0.139535E+07 0.761760E+05
     1236.00  0.221347E+03 0.115794E+05 0.136964E+07 0.535598E+05
     1246.00  0.215042E+03 0.116761E+05 0.134423E+07 0.351573E+05
     1256.00  0.208885E+03 0.117691E+05 0.131914E+07 0.207979E+05
     1266.00  0.202874E+03 0.118584E+05 0.129436E+07 0.103147E+05
     1276.00  0.197005E+03 0.119441E+05 0.126989E+07 0.354480E+04
     1286.00  0.191276E+03 0.120261E+05 0.124572E+07 0.329092E+03
     1296.00  0.185684E+03 0.121045E+05 0.122187E+07 0.512339E+03
     1306.00  0.180227E+03 0.121792E+05 0.119832E+07 0.394304E+04
     1316.00  0.174902E+03 0.122504E+05 0.117508E+07 0.104734E+05
     1326.00  0.169706E+03 0.123179E+05 0.115215E+07 0.199593E+05
     1336.00  0.164638E+03 0.123819E+05 0.112952E+07 0.322602E+05
     1346.00  0.159694E+03 0.124424E+05 0.110720E+07 0.472391E+05
     1356.00  0.154873E+03 0.124993E+05 0.108518E+07 0.647627E+05
     1366.00  0.150171E+03 0.125527E+05 0.106347E+07 0.847009E+05
     1376.00  0.145587E+03 0.126026E+05 0.104205E+07 0.106927E+06
     1386.00  0.141118E+03 0.126491E+05 0.102094E+07 0.131318E+06
     1396.00  0.136761E+03 0.126922E+05 0.100012E+07 0.157754E+06
     1406.00  0.132516E+03 0.127319E+05 0.979604E+06 0.186117E+06
     1416.00  0.128378E+03 0.127683E+05 0.959381E+06 0.216296E+06
     1426.00  0.124347E+03 0.128013E+05 0.939453E+06 0.248179E+06
     1436.00  0.120420E+03 0.128311E+05 0.919819E+06 0.281659E+06
     1446.00  0.116594E+03 0.128577E+05 0.900475E+06 0.316632E+06
     1456.00  0.112869E+03 0.128810E+05 0.881421E+06 0.352998E+06
     1466.00  0.109241E+03 0.129012E+05 0.862655E+06 0.390657E+06
     1476.00  0.105709E+03 0.129182E+05 0.844174E+06 0.429515E+06
     1486.00  0.102271E+03 0.129322E+05 0.825978E+06 0.469478E+06
     1496.00  0.989240E+02 0.129432E+05 0.808063E+06 0.510459E+06
     1506.00  0.956671E+02 0.129511E+05 0.790430E+06 0.552369E+06
     1516.00  0.924982E+02 0.129561E+05 0.773075E+06 0.595126E+06
     1526.00  0.894154E+02 0.129582E+05 0.755997E+06 0.638647E+06
     1536.00  0.864167E+02 0.129575E+05 0.739193E+06 0.682854E+06
     1546.00  0.835004E+02 0.129539E+05 0.722661E+06 0.727671E+06
     1556.00  0.806646E+02 0.129476E+05 0.706400E+06 0.773025E+06
     1566.00  0.779077E+02 0.129386E+05 0.690406E+06 0.818843E+06
     1576.00  0.752277E+02 0.129268E+05 0.674678E+06 0.865057E+06
     1586.00  0.726231E+02 0.129125E+05 0.659213E+06 0.911602E+06
     1596.00  0.700922E+02 0.128955E+05 0.644009E+06 0.958412E+06
     1606.00  0.676333E+02 0.128761E+05 0.629063E+06 0.100543E+07
     1616.00  0.652447E+02 0.128541E+05 0.614374E+06 0.105258E+07
     1626.00  0.629250E+02 0.128298E+05 0.599939E+06 0.109983E+07
     1636.00  0.606725E+02 0.128030E+05 0.585755E+06 0.114711E+07
     1646.00  0.584856E+02 0.127739E+05 0.571820E+06 0.119437E+07
     1656.00  0.563629E+02 0.127425E+05 0.558132E+06 0.124156E+07
     1666.00  0.543028E+02 0.127088E+05 0.544687E+06 0.128862E+07
     1676.00  0.523039E+02 0.126730E+05 0.531484E+06 0.133552E+07
     1686.00  0.503647E+02 0.126350E+05 0.518519E+06 0.138220E+07
     1696.00  0.484838E+02 0.125949E+05 0.505791E+06 0.142863E+07
     1706.00  0.466599E+02 0.125527E+05 0.493296E+06 0.147476E+07
     1716.00  0.448915E+02 0.125086E+05 0.481033E+06 0.152056E+07
     1726.00  0.431774E+02 0.124625E+05 0.468998E+06 0.156597E+07
     1736.00  0.415162E+02 0.124144E+05 0.457189E+06 0.161098E+07
     1746.00  0.399067E+02 0.123646E+05 0.445604E+06 0.165554E+07
     1756.00  0.383475E+02 0.123129E+05 0.434239E+06 0.169963E+07
     1766.00  0.368374E+02 0.122594E+05 0.423093E+06 0.174320E+07
     1776.00  0.353752E+02 0.122042E+05 0.412162E+06 0.178624E+07
     1786.00  0.339598E+02 0.121474E+05 0.401445E+06 0.182871E+07
     1796.00  0.325898E+02 0.120889E+05 0.390937E+06 0.187059E+07
     1806.00  0.312643E+02 0.120289E+05 0.380637E+06 0.191184E+07
     1816.00  0.299819E+02 0.119673E+05 0.370543E+06 0.195246E+07
     1826.00  0.287418E+02 0.119042E+05 0.360651E+06 0.199241E+07
     1836.00  0.275427E+02 0.118397E+05 0.350959E+06 0.203168E+07
     1846.00  0.263836E+02 0.117738E+05 0.341464E+06 0.207024E+07
     1856.00  0.252635E+02 0.117066E+05 0.332164E+06 0.210808E+07
     1866.00  0.241813E+02 0.116380E+05 0.323057E+06 0.214518E+07
     1876.00  0.231360E+02 0.115682E+05 0.314139E+06 0.218152E+07
     1886.00  0.221267E+02 0.114972E+05 0.305407E+06 0.221709E+07
     1896.00  0.211523E+02 0.114250E+05 0.296860E+06 0.225188E+07
     1906.00  0.202120E+02 0.113517E+05 0.288495E+06 0.228587E+07
     1916.00  0.193048E+02 0.112773E+05 0.280309E+06 0.231905E+07
     1926.00  0.184298E+02 0.112019E+05 0.272299E+06 0.235141E+07
     1936.00  0.175861E+02 0.111254E+05 0.264464E+06 0.238294E+07
     1946.00  0.167729E+02 0.110480E+05 0.256800E+06 0.241364E+07
     1956.00  0.159893E+02 0.109696E+05 0.249305E+06 0.244349E+07
     1966.00  0.152345E+02 0.108904E+05 0.241977E+06 0.247249E+07
     1976.00  0.145077E+02 0.108104E+05 0.234812E+06 0.250064E+07
     1986.00  0.138080E+02 0.107295E+05 0.227809E+06 0.252792E+07
     1996.00  0.131347E+02 0.106478E+05 0.220964E+06 0.255433E+07
     2006.00  0.124870E+02 0.105655E+05 0.214277E+06 0.257988E+07
     2016.00  0.118642E+02 0.104824E+05 0.207743E+06 0.260455E+07
     2026.00  0.112655E+02 0.103987E+05 0.201360E+06 0.262835E+07
     2036.00  0.106903E+02 0.103143E+05 0.195127E+06 0.265127E+07
     2046.00  0.101379E+02 0.102294E+05 0.189040E+06 0.267332E+07
     2056.00  0.960747E+01 0.101439E+05 0.183098E+06 0.269449E+07
     2066.00  0.909847E+01 0.100579E+05 0.177297E+06 0.271479E+07
     2076.00  0.861023E+01 0.997143E+04 0.171636E+06 0.273421E+07
     2086.00  0.814209E+01 0.988451E+04 0.166113E+06 0.275277E+07
     2096.00  0.769346E+01 0.979716E+04 0.160724E+06 0.277046E+07
     2106.00  0.726371E+01 0.970943E+04 0.155468E+06 0.278728E+07
     2116.00  0.685226E+01 0.962135E+04 0.150342E+06 0.280324E+07
     2126.00  0.645853E+01 0.953295E+04 0.145345E+06 0.281835E+07
     2136.00  0.608196E+01 0.944425E+04 0.140473E+06 0.283260E+07
     2146.00  0.572199E+01 0.935530E+04 0.135725E+06 0.284600E+07
     2156.00  0.537810E+01 0.926612E+04 0.131098E+06 0.285857E+07
     2166.00  0.504975E+01 0.917673E+04 0.126591E+06 0.287030E+07
     2176.00  0.473644E+01 0.908717E+04 0.122201E+06 0.288121E+07
     2186.00  0.443766E+01 0.899748E+04 0.117926E+06 0.289129E+07
     2196.00  0.415294E+01 0.890766E+04 0.113763E+06 0.290057E+07
     2206.00  0.388179E+01 0.881776E+04 0.109712E+06 0.290903E+07
     2216.00  0.362376E+01 0.872779E+04 0.105769E+06 0.291670E+07
     2226.00  0.337839E+01 0.863779E+04 0.101933E+06 0.292359E+07
     2236.00  0.314525E+01 0.854777E+04 0.982015E+05 0.292969E+07
     2246.00  0.292390E+01 0.845776E+04 0.945727E+05 0.293502E+07
     2256.00  0.271394E+01 0.836779E+04 0.910446E+05 0.293959E+07
     2266.00  0.251495E+01 0.827788E+04 0.876151E+05 0.294341E+07
     2276.00  0.232654E+01 0.818806E+04 0.842824E+05 0.294648E+07
     2286.00  0.214832E+01 0.809834E+04 0.810446E+05 0.294882E+07
     2296.00  0.197992E+01 0.800874E+04 0.778998E+05 0.295045E+07
     2306.00  0.182098E+01 0.791930E+04 0.748460E+05 0.295136E+07
     2316.00  0.167113E+01 0.783003E+04 0.718815E+05 0.295156E+07
     2326.00  0.153005E+01 0.774095E+04 0.690044E+05 0.295108E+07
     2336.00  0.139738E+01 0.765207E+04 0.662129E+05 0.294992E+07
     2346.00  0.127280E+01 0.756343E+04 0.635052E+05 0.294809E+07
     2356.00  0.115600E+01 0.747503E+04 0.608797E+05 0.294561E+07
     2366.00  0.104667E+01 0.738690E+04 0.583344E+05 0.294247E+07
     2376.00  0.944508E+00 0.729905E+04 0.558678E+05 0.293871E+07
     2386.00  0.849220E+00 0.721150E+04 0.534781E+05 0.293431E+07
     2396.00  0.760526E+00 0.712427E+04 0.511637E+05 0.292931E+07
     2406.00  0.678151E+00 0.703737E+04 0.489230E+05 0.292371E+07
     2416.00  0.601830E+00 0.695083E+04 0.467543E+05 0.291751E+07
     2426.00  0.531303E+00 0.686464E+04 0.446560E+05 0.291075E+07
     2436.00  0.466318E+00 0.677884E+04 0.426266E+05 0.290341E+07
     2446.00  0.406634E+00 0.669343E+04 0.406644E+05 0.289553E+07
     2456.00  0.352013E+00 0.660844E+04 0.387681E+05 0.288710E+07
     2466.00  0.302227E+00 0.652386E+04 0.369360E+05 0.287814E+07
     2476.00  0.257053E+00 0.643972E+04 0.351668E+05 0.286867E+07
     2486.00  0.216277E+00 0.635602E+04 0.334588E+05 0.285869E+07
     2496.00  0.179690E+00 0.627279E+04 0.318108E+05 0.284822E+07
     2506.00  0.147091E+00 0.619002E+04 0.302212E+05 0.283726E+07
     2516.00  0.118284E+00 0.610774E+04 0.286887E+05 0.282584E+07
     2526.00  0.930806E-01 0.602596E+04 0.272119E+05 0.281396E+07
     2536.00  0.712973E-01 0.594468E+04 0.257895E+05 0.280163E+07
     2546.00  0.527574E-01 0.586391E+04 0.244202E+05 0.278887E+07
     2556.00  0.372898E-01 0.578367E+04 0.231026E+05 0.277569E+07
     2566.00  0.247293E-01 0.570397E+04 0.218354E+05 0.276209E+07
     2576.00  0.149159E-01 0.562481E+04 0.206174E+05 0.274810E+07
     2586.00  0.769544E-02 0.554621E+04 0.194473E+05 0.273373E+07
     2596.00  0.291884E-02 0.546817E+04 0.183240E+05 0.271897E+07
     2606.00  0.442291E-03 0.539069E+04 0.172461E+05 0.270385E+07
     2616.00  0.127034E-03 0.531380E+04 0.162126E+05 0.268838E+07
     2626.00  0.183925E-02 0.523748E+04 0.152223E+05 0.267257E+07
     2636.00  0.544993E-02 0.516176E+04 0.142740E+05 0.265643E+07
     2646.00  0.108348E-01 0.508663E+04 0.133666E+05 0.263997E+07
     2656.00  0.178740E-01 0.501211E+04 0.124990E+05 0.262320E+07
     2666.00  0.264524E-01 0.493820E+04 0.116701E+05 0.260614E+07
     2676.00  0.364590E-01 0.486490E+04 0.108789E+05 0.258879E+07
     2686.00  0.477871E-01 0.479223E+04 0.101243E+05 0.257116E+07
     2696.00  0.603342E-01 0.472018E+04 0.940534E+04 0.255327E+07
     2706.00  0.740017E-01 0.464876E+04 0.872095E+04 0.253513E+07
     2716.00  0.886949E-01 0.457798E+04 0.807018E+04 0.251674E+07
     2726.00  0.104323E+00 0.450783E+04 0.745204E+04 0.249812E+07
     2736.00  0.120799E+00 0.443832E+04 0.686560E+04 0.247927E+07
     2746.00  0.138039E+00 0.436946E+04 0.630993E+04 0.246021E+07
     2756.00  0.155964E+00 0.430125E+04 0.578410E+04 0.244095E+07
     2766.00  0.174496E+00 0.423369E+04 0.528723E+04 0.242150E+07
     2776.00  0.193562E+00 0.416678E+04 0.481845E+04 0.240186E+07
     2786.00  0.213093E+00 0.410053E+04 0.437689E+04 0.238204E+07
     2796.00  0.233021E+00 0.403494E+04 0.396171E+04 0.236206E+07
     2806.00  0.253282E+00 0.397000E+04 0.357209E+04 0.234193E+07
     2816.00  0.273815E+00 0.390573E+04 0.320722E+04 0.232165E+07
     2826.00  0.294563E+00 0.384213E+04 0.286630E+04 0.230123E+07
     2836.00  0.315470E+00 0.377918E+04 0.254858E+04 0.228068E+07
     2846.00  0.336483E+00 0.371690E+04 0.225327E+04 0.226001E+07
     2856.00  0.357553E+00 0.365529E+04 0.197965E+04 0.223923E+07
     2866.00  0.378631E+00 0.359434E+04 0.172699E+04 0.221835E+07
     2876.00  0.399674E+00 0.353406E+04 0.149458E+04 0.219737E+07
     2886.00  0.420637E+00 0.347444E+04 0.128171E+04 0.217631E+07
     2896.00  0.441482E+00 0.341549E+04 0.108772E+04 0.215516E+07
     2906.00  0.462169E+00 0.335721E+04 0.911933E+03 0.213395E+07
     2916.00  0.482663E+00 0.329959E+04 0.753702E+03 0.211267E+07
     2926.00  0.502931E+00 0.324264E+04 0.612392E+03 0.209134E+07
     2936.00  0.522940E+00 0.318634E+04 0.487381E+03 0.206996E+07
     2946.00  0.542661E+00 0.313072E+04 0.378061E+03 0.204854E+07
     2956.00  0.562066E+00 0.307575E+04 0.283841E+03 0.202708E+07
     2966.00  0.581129E+00 0.302144E+04 0.204141E+03 0.200560E+07
     2976.00  0.599825E+00 0.296780E+04 0.138394E+03 0.198410E+07
     2986.00  0.618132E+00 0.291481E+04 0.860496E+02 0.196259E+07
     2996.00  0.636029E+00 0.286247E+04 0.465679E+02 0.194107E+07
     3006.00  0.653497E+00 0.281079E+04 0.194231E+02 0.191955E+07
     3016.00  0.670518E+00 0.275975E+04 0.410181E+01 0.189803E+07
     3026.00  0.687075E+00 0.270937E+04 0.103559E+00 0.187653E+07
     3036.00  0.703155E+00 0.265963E+04 0.694009E+01 0.185505E+07
     3046.00  0.718742E+00 0.261053E+04 0.241354E+02 0.183359E+07
     3056.00  0.733826E+00 0.256207E+04 0.512255E+02 0.181217E+07
     3066.00  0.748394E+00 0.251425E+04 0.877583E+02 0.179077E+07
     3076.00  0.762439E+00 0.246707E+04 0.133293E+03 0.176942E+07
     3086.00  0.775951E+00 0.242051E+04 0.187401E+03 0.174812E+07
     3096.00  0.788922E+00 0.237459E+04 0.249664E+03 0.172687E+07
     3106.00  0.801347E+00 0.232929E+04 0.319676E+03 0.170568E+07
     3116.00  0.813220E+00 0.228461E+04 0.397041E+03 0.168454E+07
     3126.00  0.824538E+00 0.224055E+04 0.481372E+03 0.166348E+07
     3136.00  0.835296E+00 0.219710E+04 0.572297E+03 0.164249E+07
     3146.00  0.845492E+00 0.215426E+04 0.669450E+03 0.162157E+07
     3156.00  0.855125E+00 0.211203E+04 0.772476E+03 0.160073E+07
     3166.00  0.864194E+00 0.207040E+04 0.881033E+03 0.157998E+07
     3176.00  0.872699E+00 0.202937E+04 0.994784E+03 0.155931E+07
     3186.00  0.880642E+00 0.198893E+04 0.111341E+04 0.153874E+07
     3196.00  0.888023E+00 0.194909E+04 0.123658E+04 0.151826E+07
     3206.00  0.894845E+00 0.190983E+04 0.136401E+04 0.149789E+07
     3216.00  0.901112E+00 0.187115E+04 0.149538E+04 0.147761E+07
     3226.00  0.906826E+00 0.183305E+04 0.163042E+04 0.145745E+07
     3236.00  0.911991E+00 0.179552E+04 0.176884E+04 0.143740E+07
     3246.00  0.916614E+00 0.175856E+04 0.191038E+04 0.141746E+07
     3256.00  0.920698E+00 0.172216E+04 0.205476E+04 0.139764E+07
     3266.00  0.924250E+00 0.168632E+04 0.220174E+04 0.137793E+07
     3276.00  0.927275E+00 0.165104E+04 0.235107E+04 0.135836E+07
     3286.00  0.929781E+00 0.161631E+04 0.250251E+04 0.133890E+07
     3296.00  0.931774E+00 0.158212E+04 0.265583E+04 0.131958E+07
     3306.00  0.933263E+00 0.154847E+04 0.281080E+04 0.130039E+07
     3316.00  0.934254E+00 0.151536E+04 0.296722E+04 0.128133E+07
     3326.00  0.934756E+00 0.148278E+04 0.312487E+04 0.126241E+07
     3336.00  0.934777E+00 0.145072E+04 0.328355E+04 0.124363E+07
     3346.00  0.934327E+00 0.141919E+04 0.344307E+04 0.122499E+07
     3356.00  0.933414E+00 0.138817E+04 0.360324E+04 0.120649E+07
     3366.00  0.932049E+00 0.135766E+04 0.376387E+04 0.118814E+07
     3376.00  0.930239E+00 0.132766E+04 0.392481E+04 0.116993E+07
     3386.00  0.927996E+00 0.129816E+04 0.408587E+04 0.115187E+07
     3396.00  0.925329E+00 0.126915E+04 0.424690E+04 0.113397E+07
     3406.00  0.922248E+00 0.124064E+04 0.440773E+04 0.111622E+07
     3416.00  0.918763E+00 0.121261E+04 0.456823E+04 0.109862E+07
     3426.00  0.914886E+00 0.118506E+04 0.472825E+04 0.108117E+07
     3436.00  0.910625E+00 0.115799E+04 0.488765E+04 0.106388E+07
     3446.00  0.905993E+00 0.113138E+04 0.504629E+04 0.104675E+07
     3456.00  0.901000E+00 0.110525E+04 0.520406E+04 0.102978E+07
     3466.00  0.895656E+00 0.107957E+04 0.536083E+04 0.101297E+07
     3476.00  0.889973E+00 0.105434E+04 0.551648E+04 0.996326E+06
     3486.00  0.883961E+00 0.102957E+04 0.567090E+04 0.979840E+06
     3496.00  0.877632E+00 0.100524E+04 0.582399E+04 0.963517E+06
     3506.00  0.870996E+00 0.981354E+03 0.597565E+04 0.947358E+06
     3516.00  0.864064E+00 0.957900E+03 0.612577E+04 0.931364E+06
     3526.00  0.856847E+00 0.934874E+03 0.627428E+04 0.915536E+06
     3536.00  0.849357E+00 0.912273E+03 0.642107E+04 0.899873E+06
     3546.00  0.841604E+00 0.890090E+03 0.656607E+04 0.884377E+06
     3556.00  0.833599E+00 0.868321E+03 0.670919E+04 0.869049E+06
     3566.00  0.825352E+00 0.846961E+03 0.685037E+04 0.853887E+06
     3576.00  0.816876E+00 0.826004E+03 0.698953E+04 0.838894E+06
     3586.00  0.808179E+00 0.805445E+03 0.712661E+04 0.824068E+06
     3596.00  0.799273E+00 0.785280E+03 0.726154E+04 0.809410E+06
     3606.00  0.790169E+00 0.765503E+03 0.739426E+04 0.794921E+06
     3616.00  0.780876E+00 0.746108E+03 0.752471E+04 0.780600E+06
     3626.00  0.771406E+00 0.727093E+03 0.765285E+04 0.766447E+06
     3636.00  0.761768E+00 0.708450E+03 0.777863E+04 0.752463E+06
     3646.00  0.751972E+00 0.690175E+03 0.790200E+04 0.738647E+06
     3656.00  0.742029E+00 0.672263E+03 0.802292E+04 0.724998E+06
     3666.00  0.731949E+00 0.654710E+03 0.814135E+04 0.711518E+06
     3676.00  0.721741E+00 0.637510E+03 0.825726E+04 0.698206E+06
     3686.00  0.711415E+00 0.620658E+03 0.837061E+04 0.685060E+06
     3696.00  0.700980E+00 0.604150E+03 0.848137E+04 0.672082E+06
     3706.00  0.690446E+00 0.587980E+03 0.858951E+04 0.659271E+06
     3716.00  0.679822E+00 0.572144E+03 0.869501E+04 0.646625E+06
     3726.00  0.669116E+00 0.556637E+03 0.879786E+04 0.634145E+06
     3736.00  0.658339E+00 0.541455E+03 0.889802E+04 0.621830E+06
     3746.00  0.647498E+00 0.526591E+03 0.899548E+04 0.609680E+06
     3756.00  0.636602E+00 0.512043E+03 0.909023E+04 0.597694E+06
     3766.00  0.625659E+00 0.497804E+03 0.918225E+04 0.585871E+06
     3776.00  0.614678E+00 0.483871E+03 0.927154E+04 0.574210E+06
     3786.00  0.603667E+00 0.470239E+03 0.935809E+04 0.562711E+06
     3796.00  0.592633E+00 0.456903E+03 0.944189E+04 0.551374E+06
     3806.00  0.581585E+00 0.443859E+03 0.952293E+04 0.540197E+06
     3816.00  0.570529E+00 0.431102E+03 0.960123E+04 0.529179E+06
     3826.00  0.559474E+00 0.418628E+03 0.967677E+04 0.518320E+06
     3836.00  0.548426E+00 0.406432E+03 0.974956E+04 0.507619E+06
     3846.00  0.537392E+00 0.394509E+03 0.981961E+04 0.497075E+06
     3856.00  0.526380E+00 0.382857E+03 0.988691E+04 0.486687E+06
     3866.00  0.515395E+00 0.371469E+03 0.995148E+04 0.476454E+06
     3876.00  0.504445E+00 0.360343E+03 0.100133E+05 0.466374E+06
     3886.00  0.493535E+00 0.349472E+03 0.100725E+05 0.456448E+06
     3896.00  0.482671E+00 0.338855E+03 0.101289E+05 0.446674E+06
     3906.00  0.471860E+00 0.328485E+03 0.101826E+05 0.437050E+06
     3916.00  0.461107E+00 0.318359E+03 0.102337E+05 0.427576E+06
     3926.00  0.450418E+00 0.308474E+03 0.102821E+05 0.418251E+06
     3936.00  0.439797E+00 0.298824E+03 0.103278E+05 0.409073E+06
     3946.00  0.429251E+00 0.289406E+03 0.103709E+05 0.400042E+06
     3956.00  0.418784E+00 0.280215E+03 0.104114E+05 0.391156E+06
     3966.00  0.408400E+00 0.271249E+03 0.104494E+05 0.382413E+06
     3976.00  0.398105E+00 0.262503E+03 0.104847E+05 0.373814E+06
     3986.00  0.387903E+00 0.253972E+03 0.105176E+05 0.365356E+06
     3996.00  0.377798E+00 0.245654E+03 0.105479E+05 0.357039E+06
     4006.00  0.367794E+00 0.237544E+03 0.105757E+05 0.348860E+06
     4016.00  0.357896E+00 0.229639E+03 0.106010E+05 0.340820E+06
     4026.00  0.348106E+00 0.221935E+03 0.106239E+05 0.332916E+06
     4036.00  0.338429E+00 0.214428E+03 0.106444E+05 0.325147E+06
     4046.00  0.328867E+00 0.207115E+03 0.106625E+05 0.317512E+06
     4056.00  0.319425E+00 0.199992E+03 0.106782E+05 0.310010E+06
     4066.00  0.310105E+00 0.193056E+03 0.106916E+05 0.302639E+06
     4076.00  0.300909E+00 0.186302E+03 0.107026E+05 0.295398E+06
     4086.00  0.291841E+00 0.179728E+03 0.107114E+05 0.288286E+06
     4096.00  0.282904E+00 0.173330E+03 0.107180E+05 0.281301E+06
     4106.00  0.274099E+00 0.167105E+03 0.107223E+05 0.274442E+06
     4116.00  0.265428E+00 0.161049E+03 0.107245E+05 0.267707E+06
     4126.00  0.256895E+00 0.155160E+03 0.107244E+05 0.261096E+06
     4136.00  0.248501E+00 0.149433E+03 0.107223E+05 0.254607E+06
     4146.00  0.240248E+00 0.143866E+03 0.107181E+05 0.248238E+06
     4156.00  0.232137E+00 0.138455E+03 0.107118E+05 0.241988E+06
     4166.00  0.224170E+00 0.133198E+03 0.107035E+05 0.235856E+06
     4176.00  0.216348E+00 0.128091E+03 0.106932E+05 0.229841E+06
     4186.00  0.208672E+00 0.123130E+03 0.106810E+05 0.223940E+06
     4196.00  0.201145E+00 0.118315E+03 0.106668E+05 0.218154E+06
     4206.00  0.193765E+00 0.113640E+03 0.106507E+05 0.212479E+06
     4216.00  0.186536E+00 0.109103E+03 0.106328E+05 0.206915E+06
     4226.00  0.179456E+00 0.104702E+03 0.106130E+05 0.201461E+06
     4236.00  0.172527E+00 0.100433E+03 0.105915E+05 0.196115E+06
     4246.00  0.165748E+00 0.962939E+02 0.105682E+05 0.190876E+06
     4256.00  0.159122E+00 0.922816E+02 0.105432E+05 0.185742E+06
     4266.00  0.152647E+00 0.883934E+02 0.105165E+05 0.180712E+06
     4276.00  0.146323E+00 0.846267E+02 0.104881E+05 0.175784E+06
     4286.00  0.140152E+00 0.809788E+02 0.104582E+05 0.170958E+06
     4296.00  0.134132E+00 0.774470E+02 0.104266E+05 0.166232E+06
     4306.00  0.128263E+00 0.740288E+02 0.103935E+05 0.161604E+06
     4316.00  0.122545E+00 0.707216E+02 0.103589E+05 0.157073E+06
     4326.00  0.116978E+00 0.675229E+02 0.103228E+05 0.152638E+06
     4336.00  0.111561E+00 0.644303E+02 0.102853E+05 0.148298E+06
     4346.00  0.106294E+00 0.614414E+02 0.102463E+05 0.144051E+06
     4356.00  0.101175E+00 0.585536E+02 0.102060E+05 0.139895E+06
     4366.00  0.962043E-01 0.557648E+02 0.101644E+05 0.135830E+06
     4376.00  0.913804E-01 0.530725E+02 0.101214E+05 0.131855E+06
     4386.00  0.867026E-01 0.504745E+02 0.100772E+05 0.127967E+06
     4396.00  0.821697E-01 0.479685E+02 0.100317E+05 0.124165E+06
     4406.00  0.777807E-01 0.455523E+02 0.998497E+04 0.120449E+06
     4416.00  0.735342E-01 0.432238E+02 0.993710E+04 0.116816E+06
     4426.00  0.694291E-01 0.409808E+02 0.988808E+04 0.113267E+06
     4436.00  0.654640E-01 0.388212E+02 0.983796E+04 0.109798E+06
     4446.00  0.616374E-01 0.367429E+02 0.978676E+04 0.106410E+06
     4456.00  0.579478E-01 0.347440E+02 0.973451E+04 0.103100E+06
     4466.00  0.543937E-01 0.328223E+02 0.968125E+04 0.998684E+05
     4476.00  0.509735E-01 0.309760E+02 0.962701E+04 0.967127E+05
     4486.00  0.476855E-01 0.292031E+02 0.957183E+04 0.936321E+05
     4511.00  0.400322E-01 0.250796E+02 0.942990E+04 0.862510E+05
     4536.00  0.331658E-01 0.213743E+02 0.928271E+04 0.793126E+05
     4561.00  0.270561E-01 0.180598E+02 0.913072E+04 0.727982E+05
     4586.00  0.216711E-01 0.151097E+02 0.897438E+04 0.666898E+05
     4611.00  0.169780E-01 0.124990E+02 0.881414E+04 0.609696E+05
     4636.00  0.129423E-01 0.102038E+02 0.865042E+04 0.556204E+05
     4661.00  0.952909E-02 0.820124E+01 0.848363E+04 0.506254E+05
     4686.00  0.670243E-02 0.646974E+01 0.831418E+04 0.459680E+05
     4711.00  0.442603E-02 0.498867E+01 0.814245E+04 0.416323E+05
     4736.00  0.266324E-02 0.373845E+01 0.796881E+04 0.376029E+05
     4761.00  0.137727E-02 0.270052E+01 0.779362E+04 0.338646E+05
     4786.00  0.531378E-03 0.185729E+01 0.761721E+04 0.304028E+05
     4811.00  0.890067E-04 0.119211E+01 0.743992E+04 0.272033E+05
     4836.00  0.139379E-04 0.689241E+00 0.726205E+04 0.242526E+05
     4861.00  0.270439E-03 0.333802E+00 0.708391E+04 0.215374E+05
     4886.00  0.823394E-03 0.111776E+00 0.690578E+04 0.190447E+05
     4911.00  0.163843E-02 0.995211E-02 0.672792E+04 0.167625E+05
     4936.00  0.268201E-02 0.159047E-01 0.655059E+04 0.146786E+05
     4961.00  0.392160E-02 0.117961E+00 0.637403E+04 0.127817E+05
     4986.00  0.532566E-02 0.305174E+00 0.619847E+04 0.110607E+05
     5011.00  0.686386E-02 0.567290E+00 0.602412E+04 0.950516E+04
     5036.00  0.850705E-02 0.894723E+00 0.585117E+04 0.810475E+04
     5061.00  0.102274E-01 0.127853E+01 0.567982E+04 0.684977E+04
     5086.00  0.119984E-01 0.171036E+01 0.551024E+04 0.573088E+04
     5111.00  0.137949E-01 0.218248E+01 0.534259E+04 0.473910E+04
     5136.00  0.155935E-01 0.268769E+01 0.517702E+04 0.386590E+04
     5161.00  0.173719E-01 0.321933E+01 0.501367E+04 0.310308E+04
     5186.00  0.191096E-01 0.377125E+01 0.485267E+04 0.244285E+04
     5211.00  0.207876E-01 0.433778E+01 0.469413E+04 0.187775E+04
     5236.00  0.223884E-01 0.491373E+01 0.453815E+04 0.140071E+04
     5261.00  0.238962E-01 0.549432E+01 0.438484E+04 0.100496E+04
     5286.00  0.252968E-01 0.607521E+01 0.423427E+04 0.684110E+03
     5311.00  0.265775E-01 0.665243E+01 0.408654E+04 0.432064E+03
     5336.00  0.277272E-01 0.722241E+01 0.394169E+04 0.243053E+03
     5361.00  0.287367E-01 0.778192E+01 0.379980E+04 0.111609E+03
     5386.00  0.295979E-01 0.832806E+01 0.366091E+04 0.325622E+02
     5411.00  0.303045E-01 0.885827E+01 0.352507E+04 0.102536E+01
     5436.00  0.308519E-01 0.937025E+01 0.339231E+04 0.123878E+02
     5461.00  0.312366E-01 0.986201E+01 0.326265E+04 0.623043E+02
     5511.00  0.315125E-01 0.107781E+02 0.301275E+04 0.261690E+03
     5561.00  0.311349E-01 0.115956E+02 0.277546E+04 0.569369E+03
     5611.00  0.301281E-01 0.123069E+02 0.255079E+04 0.959175E+03
     5661.00  0.285367E-01 0.129074E+02 0.233864E+04 0.140829E+04
     5711.00  0.264240E-01 0.133950E+02 0.213886E+04 0.189697E+04
     5761.00  0.238701E-01 0.137701E+02 0.195124E+04 0.240828E+04
     5811.00  0.209704E-01 0.140346E+02 0.177550E+04 0.292783E+04
     5861.00  0.178333E-01 0.141922E+02 0.161133E+04 0.344351E+04
     5911.00  0.145787E-01 0.142478E+02 0.145837E+04 0.394532E+04
     5961.00  0.113357E-01 0.142073E+02 0.131623E+04 0.442509E+04
     6011.00  0.824090E-02 0.140774E+02 0.118449E+04 0.487633E+04
     6061.00  0.543622E-02 0.138652E+02 0.106272E+04 0.529400E+04
     6111.00  0.306729E-02 0.135784E+02 0.950469E+03 0.567436E+04
     6161.00  0.128145E-02 0.132249E+02 0.847278E+03 0.601479E+04
     6211.00  0.226059E-03 0.128126E+02 0.752682E+03 0.631367E+04
     6261.00  0.467922E-04 0.123496E+02 0.666214E+03 0.657021E+04
     6311.00  0.886055E-03 0.118435E+02 0.587412E+03 0.678435E+04
     6361.00  0.288150E-02 0.113020E+02 0.515817E+03 0.695664E+04
     6411.00  0.616465E-02 0.107326E+02 0.450976E+03 0.708813E+04
     6461.00  0.108596E-01 0.101420E+02 0.392448E+03 0.718030E+04
     6511.00  0.170820E-01 0.953703E+01 0.339804E+03 0.723495E+04
     6561.00  0.249377E-01 0.892381E+01 0.292627E+03 0.725414E+04
     6611.00  0.345223E-01 0.830809E+01 0.250514E+03 0.724015E+04
     6661.00  0.459200E-01 0.769514E+01 0.213078E+03 0.719536E+04
     6711.00  0.592031E-01 0.708977E+01 0.179951E+03 0.712227E+04
     6761.00  0.744315E-01 0.649630E+01 0.150777E+03 0.702341E+04
     6811.00  0.916521E-01 0.591857E+01 0.125223E+03 0.690132E+04
     6861.00  0.110899E+00 0.535996E+01 0.102968E+03 0.675851E+04
     6911.00  0.132191E+00 0.482337E+01 0.837121E+02 0.659746E+04
     6961.00  0.155537E+00 0.431127E+01 0.671728E+02 0.642056E+04
     7011.00  0.180930E+00 0.382572E+01 0.530840E+02 0.623012E+04
     7061.00  0.208348E+00 0.336832E+01 0.411969E+02 0.602834E+04
     7111.00  0.237761E+00 0.294035E+01 0.312798E+02 0.581732E+04
     7161.00  0.269122E+00 0.254268E+01 0.231170E+02 0.559901E+04
     7211.00  0.302372E+00 0.217586E+01 0.165085E+02 0.537526E+04
     7261.00  0.337441E+00 0.184013E+01 0.112695E+02 0.514778E+04
     7311.00  0.374249E+00 0.153543E+01 0.723014E+01 0.491812E+04
     7361.00  0.412702E+00 0.126146E+01 0.423414E+01 0.468774E+04
     7411.00  0.452697E+00 0.101766E+01 0.213872E+01 0.445794E+04
     7511.00  0.536858E+00 0.617410E+00 0.141100E+00 0.400467E+04
     7611.00  0.625734E+00 0.326549E+00 0.335994E+00 0.356628E+04
     7711.00  0.718211E+00 0.134753E+00 0.199244E+01 0.314890E+04
     7811.00  0.813088E+00 0.301740E-01 0.452882E+01 0.275701E+04
     7911.00  0.909102E+00 0.618016E-04 0.749274E+01 0.239364E+04
     8011.00  0.100496E+01 0.313113E-01 0.105422E+02 0.206058E+04
     8111.00  0.109936E+01 0.110923E+00 0.134283E+02 0.175858E+04
     8211.00  0.119101E+01 0.226386E+00 0.159791E+02 0.148755E+04
     8311.00  0.127868E+01 0.365986E+00 0.180860E+02 0.124669E+04
     8411.00  0.136119E+01 0.519038E+00 0.196906E+02 0.103472E+04
     8511.00  0.143745E+01 0.676060E+00 0.207743E+02 0.849972E+03
     8611.00  0.150648E+01 0.828869E+00 0.213482E+02 0.690497E+03
     8711.00  0.156740E+01 0.970648E+00 0.214456E+02 0.554205E+03
     8811.00  0.161948E+01 0.109594E+01 0.211149E+02 0.438925E+03
     8911.00  0.166211E+01 0.120064E+01 0.204144E+02 0.342480E+03
     9011.00  0.169484E+01 0.128191E+01 0.194070E+02 0.262735E+03
     9111.00  0.171734E+01 0.133809E+01 0.181575E+02 0.197644E+03
     9211.00  0.172945E+01 0.136860E+01 0.167290E+02 0.145275E+03
     9311.00  0.173116E+01 0.137382E+01 0.151814E+02 0.103833E+03
     9411.00  0.172257E+01 0.135495E+01 0.135694E+02 0.716697E+02
     9511.00  0.170395E+01 0.131388E+01 0.119418E+02 0.472935E+02
     9611.00  0.167566E+01 0.125305E+01 0.103409E+02 0.293674E+02
     9711.00  0.163820E+01 0.117532E+01 0.880207E+01 0.167075E+02
     9811.00  0.159217E+01 0.108383E+01 0.735384E+01 0.827660E+01
     9911.00  0.153826E+01 0.981908E+00 0.601823E+01 0.317614E+01
    10011.00  0.147723E+01 0.872935E+00 0.481103E+01 0.636557E+00
    10111.00  0.140992E+01 0.760257E+00 0.374237E+01 0.665860E-02
    10211.00  0.133720E+01 0.647100E+00 0.281728E+01 0.742583E+00
    10311.00  0.126000E+01 0.536490E+00 0.203632E+01 0.239667E+01
    10411.00  0.117926E+01 0.431200E+00 0.139623E+01 0.460658E+01
    10511.00  0.109592E+01 0.333692E+00 0.890590E+00 0.708472E+01
    10611.00  0.101093E+01 0.246091E+00 0.510456E+00 0.960843E+01
    10711.00  0.925224E+00 0.170152E+00 0.244935E+00 0.120106E+02
    10811.00  0.839699E+00 0.107251E+00 0.817613E-01 0.141713E+02
    10911.00  0.755219E+00 0.583779E-01 0.779643E-02 0.160101E+02
    11011.00  0.672596E+00 0.241473E-01 0.948731E-02 0.174786E+02
    11111.00  0.592592E+00 0.480671E-02 0.732632E-01 0.185552E+02
    11211.00  0.515901E+00 0.259161E-03 0.185878E+00 0.192388E+02
    11311.00  0.443149E+00 0.100887E-01 0.334695E+00 0.195443E+02
    11411.00  0.374891E+00 0.335913E-01 0.507921E+00 0.194987E+02
    11511.00  0.311600E+00 0.698088E-01 0.694781E+00 0.191375E+02
    11611.00  0.253674E+00 0.117566E+00 0.885653E+00 0.185014E+02
    11711.00  0.201429E+00 0.175507E+00 0.107215E+01 0.176345E+02
    11811.00  0.155101E+00 0.242139E+00 0.124718E+01 0.165816E+02
    11911.00  0.114846E+00 0.315865E+00 0.140492E+01 0.153871E+02
    12011.00  0.807452E-01 0.395025E+00 0.154085E+01 0.140934E+02
    12111.00  0.528027E-01 0.477932E+00 0.165164E+01 0.127402E+02
    12211.00  0.309541E-01 0.562905E+00 0.173516E+01 0.113636E+02
    12311.00  0.150679E-01 0.648299E+00 0.179031E+01 0.999561E+01
    12411.00  0.495202E-02 0.732538E+00 0.181695E+01 0.866407E+01
    12511.00  0.358309E-03 0.814136E+00 0.181583E+01 0.739237E+01
    12611.00  0.988859E-03 0.891718E+00 0.178840E+01 0.619948E+01
    12711.00  0.650200E-02 0.964044E+00 0.173676E+01 0.510013E+01
    12811.00  0.165186E-01 0.103002E+01 0.166347E+01 0.410501E+01
    12911.00  0.306286E-01 0.108869E+01 0.157148E+01 0.322101E+01
    13011.00  0.483971E-01 0.113930E+01 0.146401E+01 0.245160E+01
    13111.00  0.693714E-01 0.118122E+01 0.134444E+01 0.179714E+01
    13211.00  0.930861E-01 0.121401E+01 0.121619E+01 0.125535E+01
    13311.00  0.119070E+00 0.123741E+01 0.108267E+01 0.821628E+00
    13411.00  0.146853E+00 0.125129E+01 0.947163E+00 0.489474E+00
    13511.00  0.175968E+00 0.125569E+01 0.812784E+00 0.250889E+00
    13611.00  0.205958E+00 0.125081E+01 0.682410E+00 0.967346E-01
    13711.00  0.236383E+00 0.123695E+01 0.558631E+00 0.170855E-01
    13811.00  0.266821E+00 0.121456E+01 0.443724E+00 0.155679E-02
    13911.00  0.296871E+00 0.118419E+01 0.339620E+00 0.395977E-01
    14011.00  0.326159E+00 0.114647E+01 0.247890E+00 0.120755E+00
    14111.00  0.354340E+00 0.110213E+01 0.169741E+00 0.234904E+00
    14211.00  0.381101E+00 0.105195E+01 0.106018E+00 0.372443E+00
    14311.00  0.406158E+00 0.996760E+00 0.572104E-01 0.524453E+00
    14411.00  0.429265E+00 0.937418E+00 0.234700E-01 0.682830E+00
    14511.00  0.450209E+00 0.874807E+00 0.463388E-02 0.840373E+00
    14611.00  0.468810E+00 0.809810E+00 0.249243E-03 0.990850E+00
    14711.00  0.484928E+00 0.743303E+00 0.960409E-02 0.112904E+01
    14811.00  0.498455E+00 0.676141E+00 0.317597E-01 0.125072E+01
    14911.00  0.509314E+00 0.609143E+00 0.655851E-01 0.135269E+01
    15011.00  0.517466E+00 0.543092E+00 0.109793E+00 0.143268E+01
    15111.00  0.522902E+00 0.478714E+00 0.162974E+00 0.148935E+01
    15211.00  0.525640E+00 0.416680E+00 0.223633E+00 0.152219E+01
    15311.00  0.525729E+00 0.357596E+00 0.290225E+00 0.153144E+01
    15411.00  0.523243E+00 0.301998E+00 0.361182E+00 0.151803E+01
    15511.00  0.518277E+00 0.250351E+00 0.434946E+00 0.148343E+01
    15611.00  0.510950E+00 0.203044E+00 0.510000E+00 0.142961E+01
    15711.00  0.501400E+00 0.160390E+00 0.584886E+00 0.135890E+01
    15811.00  0.489778E+00 0.122625E+00 0.658231E+00 0.127391E+01
    15911.00  0.476252E+00 0.899129E-01 0.728765E+00 0.117744E+01
    16011.00  0.460999E+00 0.623415E-01 0.795334E+00 0.107237E+01
    16111.00  0.444205E+00 0.399303E-01 0.856915E+00 0.961602E+00
    16211.00  0.426063E+00 0.226322E-01 0.912622E+00 0.847976E+00
    16311.00  0.406769E+00 0.103378E-01 0.961716E+00 0.734199E+00
    16411.00  0.386521E+00 0.288086E-02 0.100360E+01 0.622797E+00
    16511.00  0.365516E+00 0.431809E-04 0.103783E+01 0.516070E+00
    16611.00  0.343950E+00 0.156057E-02 0.106410E+01 0.416047E+00
    16711.00  0.322011E+00 0.712868E-02 0.108225E+01 0.324471E+00
    16811.00  0.299886E+00 0.164092E-01 0.109225E+01 0.242772E+00
    16911.00  0.277751E+00 0.290360E-01 0.109421E+01 0.172063E+00
    17011.00  0.255773E+00 0.446213E-01 0.108833E+01 0.113142E+00
    17111.00  0.234111E+00 0.627618E-01 0.107494E+01 0.664920E-01
    17211.00  0.212911E+00 0.830447E-01 0.105444E+01 0.323023E-01
    17311.00  0.192308E+00 0.105053E+00 0.102735E+01 0.104823E-01
    17411.00  0.172425E+00 0.128371E+00 0.994208E+00 0.687109E-03
    17511.00  0.153371E+00 0.152589E+00 0.955652E+00 0.234453E-02
    17611.00  0.135241E+00 0.177311E+00 0.912343E+00 0.146848E-01
    17711.00  0.118119E+00 0.202153E+00 0.864977E+00 0.367721E-01
    17811.00  0.102074E+00 0.226751E+00 0.814273E+00 0.675372E-01
    17911.00  0.871604E-01 0.250766E+00 0.760953E+00 0.105810E+00
    18011.00  0.734214E-01 0.273881E+00 0.705741E+00 0.150350E+00
    18111.00  0.608866E-01 0.295810E+00 0.649346E+00 0.199878E+00
    18211.00  0.495736E-01 0.316293E+00 0.592457E+00 0.253107E+00
    18311.00  0.394878E-01 0.335103E+00 0.535731E+00 0.308762E+00
    18411.00  0.306240E-01 0.352047E+00 0.479793E+00 0.365611E+00
    18511.00  0.229663E-01 0.366961E+00 0.425223E+00 0.422482E+00
    18611.00  0.164894E-01 0.379717E+00 0.372550E+00 0.478278E+00
    18711.00  0.111590E-01 0.390217E+00 0.322257E+00 0.531999E+00
    18811.00  0.693298E-02 0.398398E+00 0.274767E+00 0.582749E+00
    18911.00  0.376221E-02 0.404222E+00 0.230449E+00 0.629740E+00
    19011.00  0.159129E-02 0.407687E+00 0.189611E+00 0.672307E+00
    19111.00  0.359570E-03 0.408816E+00 0.152504E+00 0.709903E+00
    19311.00  0.450020E-03 0.404287E+00 0.901896E-01 0.768599E+00
    19511.00  0.347596E-02 0.391307E+00 0.443572E-01 0.803821E+00
    19711.00  0.884986E-02 0.370864E+00 0.150027E-01 0.815278E+00
    19911.00  0.159788E-01 0.344185E+00 0.136386E-02 0.804157E+00
    20111.00  0.242858E-01 0.312655E+00 0.203903E-02 0.772804E+00
    20311.00  0.332283E-01 0.277740E+00 0.151219E-01 0.724405E+00
    20511.00  0.423131E-01 0.240919E+00 0.383429E-01 0.662657E+00
    20711.00  0.511068E-01 0.203611E+00 0.692102E-01 0.591470E+00
    20911.00  0.592438E-01 0.167129E+00 0.105145E+00 0.514722E+00
    21111.00  0.664300E-01 0.132629E+00 0.143606E+00 0.436041E+00
    21311.00  0.724444E-01 0.101082E+00 0.182196E+00 0.358667E+00
    21511.00  0.771365E-01 0.732471E-01 0.218754E+00 0.285346E+00
    21711.00  0.804230E-01 0.496676E-01 0.251428E+00 0.218279E+00
    21911.00  0.822816E-01 0.306673E-01 0.278723E+00 0.159108E+00
    22111.00  0.827437E-01 0.163615E-01 0.299531E+00 0.108935E+00
    22311.00  0.818868E-01 0.667420E-02 0.313149E+00 0.683633E-01
    22511.00  0.798246E-01 0.136106E-02 0.319261E+00 0.375523E-01
    22711.00  0.767002E-01 0.374214E-04 0.317928E+00 0.162830E-01
    22911.00  0.726748E-01 0.220861E-02 0.309541E+00 0.402500E-02
    23111.00  0.679226E-01 0.730153E-02 0.294781E+00 0.305592E-05
    23311.00  0.626208E-01 0.146958E-01 0.274559E+00 0.325926E-02
    23511.00  0.569449E-01 0.237536E-01 0.249960E+00 0.127094E-01
    23711.00  0.510621E-01 0.338462E-01 0.222178E+00 0.271926E-01
    23911.00  0.451272E-01 0.443778E-01 0.192456E+00 0.455143E-01
    24111.00  0.392793E-01 0.548047E-01 0.162026E+00 0.664838E-01
    24311.00  0.336388E-01 0.646504E-01 0.132057E+00 0.889437E-01
    24511.00  0.283065E-01 0.735167E-01 0.103607E+00 0.111799E+00
    24711.00  0.233626E-01 0.810887E-01 0.775874E-01 0.134036E+00
    24911.00  0.188670E-01 0.871386E-01 0.547367E-01 0.154744E+00
    25111.00  0.148601E-01 0.915223E-01 0.355982E-01 0.173132E+00
    25311.00  0.113641E-01 0.941769E-01 0.205157E-01 0.188538E+00
    25511.00  0.838466E-02 0.951112E-01 0.963327E-02 0.200443E+00
    25711.00  0.591310E-02 0.943988E-01 0.290665E-02 0.208480E+00
    25911.00  0.392841E-02 0.921654E-01 0.120622E-03 0.212433E+00
    26111.00  0.239967E-02 0.885793E-01 0.913284E-03 0.212244E+00
    26311.00  0.128822E-02 0.838390E-01 0.480453E-02 0.208004E+00
    26511.00  0.549894E-03 0.781629E-01 0.112275E-01 0.199951E+00
    26711.00  0.137067E-03 0.717780E-01 0.195613E-01 0.188456E+00
    26911.00  0.493543E-06 0.649111E-01 0.291630E-01 0.174004E+00
         IE==>      4            5            6            7
        1.00  0.117782E+07 0.989614E+09 0.150751E+10 0.249669E+10
        2.00  0.277561E+07 0.227821E+10 0.345708E+10 0.577546E+10
        3.00  0.419775E+07 0.336687E+10 0.508934E+10 0.857643E+10
        4.00  0.537362E+07 0.421283E+10 0.634345E+10 0.107829E+11
        5.00  0.634131E+07 0.486074E+10 0.729068E+10 0.125007E+11
        6.00  0.715197E+07 0.536145E+10 0.801049E+10 0.138542E+11
        7.00  0.784853E+07 0.575562E+10 0.856600E+10 0.149435E+11
        8.00  0.846267E+07 0.607253E+10 0.900247E+10 0.158411E+11
        9.00  0.901655E+07 0.633243E+10 0.935117E+10 0.165971E+11
       10.00  0.952543E+07 0.654921E+10 0.963353E+10 0.172462E+11
       11.00  0.999997E+07 0.673257E+10 0.986453E+10 0.178123E+11
       12.00  0.104478E+08 0.688950E+10 0.100549E+11 0.183128E+11
       13.00  0.108747E+08 0.702521E+10 0.102128E+11 0.187607E+11
       14.00  0.112851E+08 0.714371E+10 0.103442E+11 0.191660E+11
       15.00  0.116824E+08 0.724811E+10 0.104541E+11 0.195363E+11
       16.00  0.120695E+08 0.734088E+10 0.105462E+11 0.198778E+11
       17.00  0.124486E+08 0.742395E+10 0.106235E+11 0.201955E+11
       18.00  0.128213E+08 0.749883E+10 0.106882E+11 0.204929E+11
       19.00  0.131889E+08 0.756669E+10 0.107422E+11 0.207732E+11
       20.00  0.135525E+08 0.762848E+10 0.107870E+11 0.210385E+11
       21.00  0.139128E+08 0.768493E+10 0.108236E+11 0.212907E+11
       22.00  0.142705E+08 0.773665E+10 0.108531E+11 0.215313E+11
       23.00  0.146261E+08 0.778415E+10 0.108763E+11 0.217616E+11
       24.00  0.149800E+08 0.782788E+10 0.108937E+11 0.219826E+11
       25.00  0.153327E+08 0.786822E+10 0.109061E+11 0.221954E+11
       26.00  0.156844E+08 0.790552E+10 0.109139E+11 0.224006E+11
       27.00  0.160356E+08 0.794009E+10 0.109177E+11 0.225993E+11
       28.00  0.163865E+08 0.797220E+10 0.109178E+11 0.227919E+11
       29.00  0.167374E+08 0.800210E+10 0.109146E+11 0.229791E+11
       30.00  0.170885E+08 0.803000E+10 0.109086E+11 0.231615E+11
       31.00  0.174400E+08 0.805608E+10 0.108998E+11 0.233394E+11
       32.00  0.177921E+08 0.808049E+10 0.108886E+11 0.235133E+11
       33.00  0.181449E+08 0.810336E+10 0.108752E+11 0.236835E+11
       34.00  0.184984E+08 0.812480E+10 0.108597E+11 0.238503E+11
       35.00  0.188528E+08 0.814490E+10 0.108424E+11 0.240138E+11
       36.00  0.192081E+08 0.816375E+10 0.108232E+11 0.241742E+11
       37.00  0.195644E+08 0.818141E+10 0.108024E+11 0.243318E+11
       38.00  0.199216E+08 0.819797E+10 0.107800E+11 0.244866E+11
       39.00  0.202799E+08 0.821347E+10 0.107562E+11 0.246389E+11
       40.00  0.206392E+08 0.822799E+10 0.107311E+11 0.247888E+11
       42.00  0.213612E+08 0.825429E+10 0.106771E+11 0.250818E+11
       44.00  0.220880E+08 0.827732E+10 0.106188E+11 0.253667E+11
       46.00  0.228199E+08 0.829747E+10 0.105567E+11 0.256446E+11
       48.00  0.235572E+08 0.831510E+10 0.104915E+11 0.259163E+11
       50.00  0.243002E+08 0.833046E+10 0.104235E+11 0.261823E+11
       52.00  0.250489E+08 0.834378E+10 0.103530E+11 0.264433E+11
       54.00  0.258032E+08 0.835520E+10 0.102804E+11 0.266996E+11
       56.00  0.265632E+08 0.836487E+10 0.102058E+11 0.269514E+11
       58.00  0.273287E+08 0.837288E+10 0.101294E+11 0.271989E+11
       60.00  0.280996E+08 0.837936E+10 0.100514E+11 0.274425E+11
       62.00  0.288760E+08 0.838442E+10 0.997199E+10 0.276823E+11
       64.00  0.296579E+08 0.838818E+10 0.989139E+10 0.279186E+11
       66.00  0.304453E+08 0.839076E+10 0.980973E+10 0.281518E+11
       68.00  0.312382E+08 0.839226E+10 0.972718E+10 0.283821E+11
       70.00  0.320367E+08 0.839276E+10 0.964387E+10 0.286096E+11
       72.00  0.328407E+08 0.839234E+10 0.955991E+10 0.288346E+11
       74.00  0.336502E+08 0.839105E+10 0.947538E+10 0.290571E+11
       76.00  0.344650E+08 0.838894E+10 0.939036E+10 0.292774E+11
       78.00  0.352851E+08 0.838605E+10 0.930492E+10 0.294953E+11
       80.00  0.361103E+08 0.838241E+10 0.921911E+10 0.297109E+11
       82.00  0.369405E+08 0.837804E+10 0.913299E+10 0.299244E+11
       84.00  0.377757E+08 0.837301E+10 0.904663E+10 0.301358E+11
       86.00  0.386157E+08 0.836733E+10 0.896008E+10 0.303452E+11
       88.00  0.394606E+08 0.836107E+10 0.887341E+10 0.305527E+11
       90.00  0.403103E+08 0.835425E+10 0.878667E+10 0.307585E+11
       92.00  0.411649E+08 0.834693E+10 0.869993E+10 0.309625E+11
       94.00  0.420242E+08 0.833913E+10 0.861323E+10 0.311649E+11
       96.00  0.428883E+08 0.833089E+10 0.852661E+10 0.313658E+11
       98.00  0.437571E+08 0.832224E+10 0.844012E+10 0.315652E+11
      100.00  0.446305E+08 0.831319E+10 0.835377E+10 0.317631E+11
      102.00  0.455084E+08 0.830375E+10 0.826759E+10 0.319597E+11
      104.00  0.463907E+08 0.829394E+10 0.818161E+10 0.321548E+11
      106.00  0.472773E+08 0.828378E+10 0.809584E+10 0.323486E+11
      108.00  0.481681E+08 0.827327E+10 0.801030E+10 0.325409E+11
      110.00  0.490631E+08 0.826243E+10 0.792501E+10 0.327319E+11
      112.00  0.499621E+08 0.825128E+10 0.784001E+10 0.329216E+11
      114.00  0.508652E+08 0.823983E+10 0.775530E+10 0.331101E+11
      116.00  0.517722E+08 0.822810E+10 0.767091E+10 0.332973E+11
      118.00  0.526832E+08 0.821612E+10 0.758686E+10 0.334833E+11
      122.00  0.545169E+08 0.819144E+10 0.741987E+10 0.338520E+11
      126.00  0.563659E+08 0.816591E+10 0.725446E+10 0.342164E+11
      130.00  0.582297E+08 0.813959E+10 0.709071E+10 0.345766E+11
      134.00  0.601076E+08 0.811253E+10 0.692868E+10 0.349328E+11
      138.00  0.619989E+08 0.808477E+10 0.676842E+10 0.352847E+11
      142.00  0.639029E+08 0.805633E+10 0.660997E+10 0.356326E+11
      146.00  0.658191E+08 0.802727E+10 0.645338E+10 0.359764E+11
      150.00  0.677470E+08 0.799765E+10 0.629870E+10 0.363162E+11
      154.00  0.696863E+08 0.796752E+10 0.614599E+10 0.366523E+11
      158.00  0.716365E+08 0.793693E+10 0.599528E+10 0.369846E+11
      162.00  0.735971E+08 0.790591E+10 0.584659E+10 0.373132E+11
      166.00  0.755674E+08 0.787446E+10 0.569993E+10 0.376381E+11
      170.00  0.775467E+08 0.784260E+10 0.555531E+10 0.379591E+11
      174.00  0.795343E+08 0.781032E+10 0.541272E+10 0.382762E+11
      178.00  0.815297E+08 0.777765E+10 0.527217E+10 0.385893E+11
      182.00  0.835322E+08 0.774461E+10 0.513369E+10 0.388986E+11
      186.00  0.855415E+08 0.771123E+10 0.499727E+10 0.392039E+11
      190.00  0.875571E+08 0.767753E+10 0.486293E+10 0.395054E+11
      194.00  0.895787E+08 0.764353E+10 0.473068E+10 0.398031E+11
      198.00  0.916056E+08 0.760925E+10 0.460052E+10 0.400970E+11
      202.00  0.936373E+08 0.757470E+10 0.447244E+10 0.403870E+11
      206.00  0.956732E+08 0.753988E+10 0.434643E+10 0.406730E+11
      210.00  0.977128E+08 0.750479E+10 0.422250E+10 0.409551E+11
      214.00  0.997554E+08 0.746944E+10 0.410063E+10 0.412331E+11
      218.00  0.101801E+09 0.743385E+10 0.398082E+10 0.415071E+11
      222.00  0.103848E+09 0.739803E+10 0.386308E+10 0.417771E+11
      226.00  0.105897E+09 0.736201E+10 0.374739E+10 0.420432E+11
      230.00  0.107948E+09 0.732579E+10 0.363376E+10 0.423052E+11
      234.00  0.110000E+09 0.728941E+10 0.352219E+10 0.425634E+11
      238.00  0.112053E+09 0.725285E+10 0.341265E+10 0.428177E+11
      242.00  0.114106E+09 0.721614E+10 0.330515E+10 0.430680E+11
      246.00  0.116158E+09 0.717928E+10 0.319968E+10 0.433144E+11
      250.00  0.118211E+09 0.714227E+10 0.309621E+10 0.435568E+11
      254.00  0.120262E+09 0.710511E+10 0.299474E+10 0.437951E+11
      258.00  0.122312E+09 0.706783E+10 0.289526E+10 0.440295E+11
      262.00  0.124360E+09 0.703042E+10 0.279775E+10 0.442598E+11
      266.00  0.126406E+09 0.699290E+10 0.270222E+10 0.444861E+11
      270.00  0.128449E+09 0.695529E+10 0.260864E+10 0.447085E+11
      274.00  0.130490E+09 0.691758E+10 0.251702E+10 0.449270E+11
      282.00  0.134564E+09 0.684196E+10 0.233955E+10 0.453523E+11
      290.00  0.138623E+09 0.676605E+10 0.216970E+10 0.457617E+11
      298.00  0.142664E+09 0.668989E+10 0.200735E+10 0.461553E+11
      306.00  0.146684E+09 0.661349E+10 0.185238E+10 0.465327E+11
      314.00  0.150682E+09 0.653691E+10 0.170467E+10 0.468940E+11
      322.00  0.154655E+09 0.646021E+10 0.156411E+10 0.472394E+11
      330.00  0.158601E+09 0.638340E+10 0.143057E+10 0.475689E+11
      338.00  0.162517E+09 0.630652E+10 0.130392E+10 0.478822E+11
      346.00  0.166400E+09 0.622956E+10 0.118404E+10 0.481792E+11
      354.00  0.170249E+09 0.615254E+10 0.107080E+10 0.484598E+11
      362.00  0.174060E+09 0.607550E+10 0.964062E+09 0.487241E+11
      370.00  0.177832E+09 0.599848E+10 0.863714E+09 0.489722E+11
      378.00  0.181563E+09 0.592150E+10 0.769625E+09 0.492041E+11
      386.00  0.185252E+09 0.584459E+10 0.681667E+09 0.494198E+11
      394.00  0.188897E+09 0.576777E+10 0.599710E+09 0.496192E+11
      402.00  0.192494E+09 0.569104E+10 0.523624E+09 0.498025E+11
      410.00  0.196044E+09 0.561444E+10 0.453283E+09 0.499696E+11
      418.00  0.199544E+09 0.553800E+10 0.388559E+09 0.501208E+11
      426.00  0.202994E+09 0.546177E+10 0.329323E+09 0.502563E+11
      434.00  0.206392E+09 0.538575E+10 0.275448E+09 0.503761E+11
      442.00  0.209738E+09 0.530998E+10 0.226804E+09 0.504805E+11
      450.00  0.213029E+09 0.523447E+10 0.183264E+09 0.505694E+11
      458.00  0.216266E+09 0.515923E+10 0.144699E+09 0.506431E+11
      466.00  0.219445E+09 0.508429E+10 0.110983E+09 0.507015E+11
      474.00  0.222568E+09 0.500968E+10 0.819902E+08 0.507451E+11
      482.00  0.225633E+09 0.493541E+10 0.575942E+08 0.507738E+11
      490.00  0.228640E+09 0.486151E+10 0.376703E+08 0.507881E+11
      498.00  0.231588E+09 0.478798E+10 0.220941E+08 0.507879E+11
      506.00  0.234474E+09 0.471485E+10 0.107426E+08 0.507733E+11
      514.00  0.237300E+09 0.464211E+10 0.349347E+07 0.507446E+11
      522.00  0.240063E+09 0.456978E+10 0.225569E+06 0.507018E+11
      530.00  0.242764E+09 0.449788E+10 0.818697E+06 0.506451E+11
      538.00  0.245401E+09 0.442641E+10 0.515372E+07 0.505747E+11
      546.00  0.247974E+09 0.435541E+10 0.131126E+08 0.504909E+11
      554.00  0.250484E+09 0.428487E+10 0.245784E+08 0.503938E+11
      562.00  0.252928E+09 0.421480E+10 0.394354E+08 0.502835E+11
      570.00  0.255307E+09 0.414521E+10 0.575689E+08 0.501603E+11
      578.00  0.257619E+09 0.407611E+10 0.788653E+08 0.500242E+11
      586.00  0.259865E+09 0.400751E+10 0.103212E+09 0.498755E+11
      596.00  0.262579E+09 0.392249E+10 0.137767E+09 0.496723E+11
      606.00  0.265188E+09 0.383829E+10 0.176701E+09 0.494502E+11
      616.00  0.267694E+09 0.375494E+10 0.219804E+09 0.492097E+11
      626.00  0.270094E+09 0.367245E+10 0.266867E+09 0.489514E+11
      636.00  0.272390E+09 0.359084E+10 0.317688E+09 0.486755E+11
      646.00  0.274580E+09 0.351013E+10 0.372065E+09 0.483825E+11
      656.00  0.276666E+09 0.343032E+10 0.429800E+09 0.480730E+11
      666.00  0.278647E+09 0.335145E+10 0.490702E+09 0.477475E+11
      676.00  0.280526E+09 0.327353E+10 0.554581E+09 0.474066E+11
      686.00  0.282301E+09 0.319657E+10 0.621251E+09 0.470507E+11
      696.00  0.283974E+09 0.312059E+10 0.690531E+09 0.466803E+11
      706.00  0.285544E+09 0.304558E+10 0.762241E+09 0.462959E+11
      716.00  0.287013E+09 0.297157E+10 0.836208E+09 0.458981E+11
      726.00  0.288381E+09 0.289856E+10 0.912259E+09 0.454871E+11
      736.00  0.289649E+09 0.282656E+10 0.990231E+09 0.450638E+11
      746.00  0.290817E+09 0.275557E+10 0.106996E+10 0.446284E+11
      756.00  0.291888E+09 0.268562E+10 0.115129E+10 0.441816E+11
      766.00  0.292861E+09 0.261669E+10 0.123405E+10 0.437238E+11
      776.00  0.293737E+09 0.254879E+10 0.131811E+10 0.432555E+11
      786.00  0.294517E+09 0.248192E+10 0.140331E+10 0.427770E+11
      796.00  0.295201E+09 0.241609E+10 0.148951E+10 0.422889E+11
      806.00  0.295792E+09 0.235130E+10 0.157656E+10 0.417917E+11
      816.00  0.296290E+09 0.228755E+10 0.166434E+10 0.412860E+11
      826.00  0.296697E+09 0.222485E+10 0.175270E+10 0.407721E+11
      836.00  0.297013E+09 0.216320E+10 0.184153E+10 0.402505E+11
      846.00  0.297240E+09 0.210258E+10 0.193069E+10 0.397218E+11
      856.00  0.297378E+09 0.204302E+10 0.202006E+10 0.391863E+11
      866.00  0.297429E+09 0.198449E+10 0.210953E+10 0.386445E+11
      876.00  0.297395E+09 0.192701E+10 0.219898E+10 0.380969E+11
      886.00  0.297277E+09 0.187057E+10 0.228830E+10 0.375441E+11
      896.00  0.297077E+09 0.181517E+10 0.237739E+10 0.369863E+11
      906.00  0.296795E+09 0.176081E+10 0.246615E+10 0.364242E+11
      916.00  0.296434E+09 0.170748E+10 0.255448E+10 0.358581E+11
      926.00  0.295995E+09 0.165518E+10 0.264228E+10 0.352885E+11
      936.00  0.295479E+09 0.160391E+10 0.272946E+10 0.347158E+11
      946.00  0.294888E+09 0.155366E+10 0.281594E+10 0.341404E+11
      956.00  0.294223E+09 0.150443E+10 0.290162E+10 0.335627E+11
      966.00  0.293487E+09 0.145621E+10 0.298644E+10 0.329832E+11
      976.00  0.292680E+09 0.140899E+10 0.307031E+10 0.324023E+11
      986.00  0.291804E+09 0.136277E+10 0.315317E+10 0.318203E+11
      996.00  0.290862E+09 0.131755E+10 0.323493E+10 0.312376E+11
     1006.00  0.289853E+09 0.127331E+10 0.331553E+10 0.306547E+11
     1016.00  0.288779E+09 0.123004E+10 0.339491E+10 0.300717E+11
     1026.00  0.287643E+09 0.118774E+10 0.347300E+10 0.294892E+11
     1036.00  0.286446E+09 0.114641E+10 0.354974E+10 0.289074E+11
     1046.00  0.285189E+09 0.110603E+10 0.362509E+10 0.283267E+11
     1056.00  0.283873E+09 0.106659E+10 0.369898E+10 0.277474E+11
     1066.00  0.282502E+09 0.102808E+10 0.377138E+10 0.271699E+11
     1076.00  0.281075E+09 0.990502E+09 0.384222E+10 0.265944E+11
     1086.00  0.279595E+09 0.953839E+09 0.391148E+10 0.260213E+11
     1096.00  0.278062E+09 0.918081E+09 0.397910E+10 0.254509E+11
     1106.00  0.276479E+09 0.883220E+09 0.404505E+10 0.248834E+11
     1116.00  0.274847E+09 0.849244E+09 0.410929E+10 0.243191E+11
     1126.00  0.273168E+09 0.816144E+09 0.417179E+10 0.237584E+11
     1136.00  0.271443E+09 0.783910E+09 0.423253E+10 0.232014E+11
     1146.00  0.269674E+09 0.752532E+09 0.429147E+10 0.226484E+11
     1156.00  0.267862E+09 0.721998E+09 0.434859E+10 0.220997E+11
     1166.00  0.266009E+09 0.692298E+09 0.440388E+10 0.215556E+11
     1176.00  0.264117E+09 0.663421E+09 0.445729E+10 0.210162E+11
     1186.00  0.262186E+09 0.635355E+09 0.450883E+10 0.204817E+11
     1196.00  0.260219E+09 0.608090E+09 0.455848E+10 0.199524E+11
     1206.00  0.258217E+09 0.581613E+09 0.460621E+10 0.194286E+11
     1216.00  0.256180E+09 0.555914E+09 0.465203E+10 0.189102E+11
     1226.00  0.254112E+09 0.530981E+09 0.469592E+10 0.183977E+11
     1236.00  0.252013E+09 0.506802E+09 0.473787E+10 0.178911E+11
     1246.00  0.249885E+09 0.483367E+09 0.477789E+10 0.173906E+11
     1256.00  0.247730E+09 0.460662E+09 0.481597E+10 0.168964E+11
     1266.00  0.245547E+09 0.438676E+09 0.485211E+10 0.164086E+11
     1276.00  0.243339E+09 0.417397E+09 0.488630E+10 0.159274E+11
     1286.00  0.241108E+09 0.396812E+09 0.491855E+10 0.154528E+11
     1296.00  0.238854E+09 0.376911E+09 0.494886E+10 0.149851E+11
     1306.00  0.236578E+09 0.357681E+09 0.497723E+10 0.145243E+11
     1316.00  0.234283E+09 0.339109E+09 0.500368E+10 0.140705E+11
     1326.00  0.231969E+09 0.321185E+09 0.502821E+10 0.136239E+11
     1336.00  0.229637E+09 0.303896E+09 0.505083E+10 0.131846E+11
     1346.00  0.227290E+09 0.287230E+09 0.507156E+10 0.127526E+11
     1356.00  0.224927E+09 0.271174E+09 0.509040E+10 0.123279E+11
     1366.00  0.222550E+09 0.255718E+09 0.510736E+10 0.119108E+11
     1376.00  0.220161E+09 0.240849E+09 0.512246E+10 0.115012E+11
     1386.00  0.217759E+09 0.226555E+09 0.513572E+10 0.110992E+11
     1396.00  0.215348E+09 0.212824E+09 0.514715E+10 0.107048E+11
     1406.00  0.212927E+09 0.199646E+09 0.515677E+10 0.103182E+11
     1416.00  0.210497E+09 0.187007E+09 0.516460E+10 0.993923E+10
     1426.00  0.208061E+09 0.174896E+09 0.517067E+10 0.956809E+10
     1436.00  0.205618E+09 0.163303E+09 0.517499E+10 0.920474E+10
     1446.00  0.203170E+09 0.152214E+09 0.517758E+10 0.884921E+10
     1456.00  0.200718E+09 0.141620E+09 0.517847E+10 0.850151E+10
     1466.00  0.198263E+09 0.131508E+09 0.517769E+10 0.816165E+10
     1476.00  0.195805E+09 0.121866E+09 0.517524E+10 0.782963E+10
     1486.00  0.193346E+09 0.112685E+09 0.517117E+10 0.750544E+10
     1496.00  0.190887E+09 0.103953E+09 0.516550E+10 0.718909E+10
     1506.00  0.188429E+09 0.956587E+08 0.515825E+10 0.688055E+10
     1516.00  0.185972E+09 0.877913E+08 0.514945E+10 0.657981E+10
     1526.00  0.183518E+09 0.803400E+08 0.513914E+10 0.628685E+10
     1536.00  0.181066E+09 0.732941E+08 0.512734E+10 0.600163E+10
     1546.00  0.178619E+09 0.666430E+08 0.511407E+10 0.572412E+10
     1556.00  0.176177E+09 0.603763E+08 0.509938E+10 0.545429E+10
     1566.00  0.173740E+09 0.544834E+08 0.508327E+10 0.519208E+10
     1576.00  0.171310E+09 0.489542E+08 0.506580E+10 0.493745E+10
     1586.00  0.168886E+09 0.437784E+08 0.504698E+10 0.469036E+10
     1596.00  0.166471E+09 0.389462E+08 0.502685E+10 0.445074E+10
     1606.00  0.164063E+09 0.344475E+08 0.500543E+10 0.421853E+10
     1616.00  0.161665E+09 0.302726E+08 0.498277E+10 0.399368E+10
     1626.00  0.159277E+09 0.264119E+08 0.495889E+10 0.377612E+10
     1636.00  0.156900E+09 0.228558E+08 0.493382E+10 0.356578E+10
     1646.00  0.154533E+09 0.195950E+08 0.490760E+10 0.336258E+10
     1656.00  0.152178E+09 0.166201E+08 0.488025E+10 0.316646E+10
     1666.00  0.149835E+09 0.139221E+08 0.485180E+10 0.297732E+10
     1676.00  0.147505E+09 0.114919E+08 0.482229E+10 0.279509E+10
     1686.00  0.145188E+09 0.932077E+07 0.479176E+10 0.261968E+10
     1696.00  0.142885E+09 0.739993E+07 0.476022E+10 0.245102E+10
     1706.00  0.140597E+09 0.572083E+07 0.472772E+10 0.228900E+10
     1716.00  0.138323E+09 0.427501E+07 0.469428E+10 0.213354E+10
     1726.00  0.136064E+09 0.305419E+07 0.465994E+10 0.198454E+10
     1736.00  0.133821E+09 0.205021E+07 0.462473E+10 0.184191E+10
     1746.00  0.131594E+09 0.125504E+07 0.458868E+10 0.170555E+10
     1756.00  0.129384E+09 0.660811E+06 0.455182E+10 0.157536E+10
     1766.00  0.127191E+09 0.259786E+06 0.451419E+10 0.145125E+10
     1776.00  0.125015E+09 0.443679E+05 0.447581E+10 0.133310E+10
     1786.00  0.122856E+09 0.710283E+04 0.443671E+10 0.122082E+10
     1796.00  0.120716E+09 0.140677E+06 0.439693E+10 0.111430E+10
     1806.00  0.118594E+09 0.437919E+06 0.435649E+10 0.101343E+10
     1816.00  0.116490E+09 0.891797E+06 0.431543E+10 0.918105E+09
     1826.00  0.114406E+09 0.149542E+07 0.427378E+10 0.828219E+09
     1836.00  0.112341E+09 0.224204E+07 0.423157E+10 0.743663E+09
     1846.00  0.110295E+09 0.312505E+07 0.418882E+10 0.664326E+09
     1856.00  0.108269E+09 0.413797E+07 0.414557E+10 0.590096E+09
     1866.00  0.106264E+09 0.527448E+07 0.410185E+10 0.520864E+09
     1876.00  0.104278E+09 0.652838E+07 0.405767E+10 0.456518E+09
     1886.00  0.102313E+09 0.789362E+07 0.401308E+10 0.396945E+09
     1896.00  0.100369E+09 0.936428E+07 0.396809E+10 0.342033E+09
     1906.00  0.984449E+08 0.109346E+08 0.392275E+10 0.291670E+09
     1916.00  0.965422E+08 0.125989E+08 0.387706E+10 0.245744E+09
     1926.00  0.946607E+08 0.143516E+08 0.383106E+10 0.204142E+09
     1936.00  0.928005E+08 0.161875E+08 0.378478E+10 0.166752E+09
     1946.00  0.909616E+08 0.181013E+08 0.373824E+10 0.133462E+09
     1956.00  0.891444E+08 0.200878E+08 0.369147E+10 0.104159E+09
     1966.00  0.873488E+08 0.221420E+08 0.364449E+10 0.787323E+08
     1976.00  0.855749E+08 0.242592E+08 0.359733E+10 0.570706E+08
     1986.00  0.838228E+08 0.264345E+08 0.355001E+10 0.390631E+08
     1996.00  0.820926E+08 0.286634E+08 0.350255E+10 0.245995E+08
     2006.00  0.803842E+08 0.309414E+08 0.345498E+10 0.135703E+08
     2016.00  0.786979E+08 0.332641E+08 0.340731E+10 0.586660E+07
     2026.00  0.770336E+08 0.356273E+08 0.335958E+10 0.138009E+07
     2036.00  0.753913E+08 0.380270E+08 0.331180E+10 0.338357E+04
     2046.00  0.737710E+08 0.404590E+08 0.326400E+10 0.162990E+07
     2056.00  0.721729E+08 0.429196E+08 0.321619E+10 0.615394E+07
     2066.00  0.705968E+08 0.454050E+08 0.316840E+10 0.134708E+08
     2076.00  0.690427E+08 0.479115E+08 0.312065E+10 0.234766E+08
     2086.00  0.675108E+08 0.504356E+08 0.307296E+10 0.360688E+08
     2096.00  0.660008E+08 0.529739E+08 0.302534E+10 0.511458E+08
     2106.00  0.645128E+08 0.555231E+08 0.297781E+10 0.686069E+08
     2116.00  0.630467E+08 0.580800E+08 0.293040E+10 0.883530E+08
     2126.00  0.616026E+08 0.606416E+08 0.288311E+10 0.110286E+09
     2136.00  0.601802E+08 0.632047E+08 0.283598E+10 0.134309E+09
     2146.00  0.587796E+08 0.657666E+08 0.278900E+10 0.160326E+09
     2156.00  0.574007E+08 0.683245E+08 0.274221E+10 0.188244E+09
     2166.00  0.560433E+08 0.708757E+08 0.269561E+10 0.217969E+09
     2176.00  0.547076E+08 0.734177E+08 0.264923E+10 0.249410E+09
     2186.00  0.533932E+08 0.759479E+08 0.260308E+10 0.282477E+09
     2196.00  0.521002E+08 0.784640E+08 0.255716E+10 0.317081E+09
     2206.00  0.508284E+08 0.809638E+08 0.251150E+10 0.353135E+09
     2216.00  0.495778E+08 0.834449E+08 0.246611E+10 0.390554E+09
     2226.00  0.483481E+08 0.859054E+08 0.242101E+10 0.429253E+09
     2236.00  0.471393E+08 0.883432E+08 0.237620E+10 0.469150E+09
     2246.00  0.459512E+08 0.907564E+08 0.233169E+10 0.510163E+09
     2256.00  0.447838E+08 0.931431E+08 0.228751E+10 0.552213E+09
     2266.00  0.436368E+08 0.955016E+08 0.224365E+10 0.595223E+09
     2276.00  0.425101E+08 0.978302E+08 0.220014E+10 0.639115E+09
     2286.00  0.414037E+08 0.100127E+09 0.215698E+10 0.683815E+09
     2296.00  0.403172E+08 0.102392E+09 0.211418E+10 0.729250E+09
     2306.00  0.392506E+08 0.104621E+09 0.207175E+10 0.775348E+09
     2316.00  0.382038E+08 0.106816E+09 0.202971E+10 0.822039E+09
     2326.00  0.371764E+08 0.108973E+09 0.198805E+10 0.869256E+09
     2336.00  0.361685E+08 0.111091E+09 0.194679E+10 0.916931E+09
     2346.00  0.351797E+08 0.113171E+09 0.190594E+10 0.964999E+09
     2356.00  0.342100E+08 0.115210E+09 0.186550E+10 0.101340E+10
     2366.00  0.332591E+08 0.117207E+09 0.182549E+10 0.106206E+10
     2376.00  0.323269E+08 0.119162E+09 0.178590E+10 0.111094E+10
     2386.00  0.314132E+08 0.121074E+09 0.174674E+10 0.115996E+10
     2396.00  0.305177E+08 0.122942E+09 0.170802E+10 0.120907E+10
     2406.00  0.296404E+08 0.124764E+09 0.166975E+10 0.125822E+10
     2416.00  0.287810E+08 0.126542E+09 0.163193E+10 0.130736E+10
     2426.00  0.279393E+08 0.128273E+09 0.159457E+10 0.135642E+10
     2436.00  0.271152E+08 0.129957E+09 0.155767E+10 0.140537E+10
     2446.00  0.263084E+08 0.131594E+09 0.152123E+10 0.145414E+10
     2456.00  0.255187E+08 0.133184E+09 0.148527E+10 0.150271E+10
     2466.00  0.247459E+08 0.134725E+09 0.144977E+10 0.155100E+10
     2476.00  0.239899E+08 0.136218E+09 0.141475E+10 0.159900E+10
     2486.00  0.232504E+08 0.137662E+09 0.138021E+10 0.164664E+10
     2496.00  0.225273E+08 0.139057E+09 0.134615E+10 0.169389E+10
     2506.00  0.218202E+08 0.140403E+09 0.131258E+10 0.174072E+10
     2516.00  0.211291E+08 0.141699E+09 0.127949E+10 0.178707E+10
     2526.00  0.204537E+08 0.142946E+09 0.124689E+10 0.183293E+10
     2536.00  0.197938E+08 0.144142E+09 0.121478E+10 0.187824E+10
     2546.00  0.191492E+08 0.145290E+09 0.118316E+10 0.192298E+10
     2556.00  0.185197E+08 0.146387E+09 0.115203E+10 0.196711E+10
     2566.00  0.179051E+08 0.147435E+09 0.112139E+10 0.201061E+10
     2576.00  0.173051E+08 0.148434E+09 0.109125E+10 0.205344E+10
     2586.00  0.167196E+08 0.149382E+09 0.106160E+10 0.209557E+10
     2596.00  0.161484E+08 0.150282E+09 0.103244E+10 0.213699E+10
     2606.00  0.155912E+08 0.151132E+09 0.100378E+10 0.217766E+10
     2616.00  0.150479E+08 0.151933E+09 0.975608E+09 0.221755E+10
     2626.00  0.145181E+08 0.152686E+09 0.947927E+09 0.225666E+10
     2636.00  0.140018E+08 0.153390E+09 0.920736E+09 0.229495E+10
     2646.00  0.134987E+08 0.154046E+09 0.894034E+09 0.233240E+10
     2656.00  0.130087E+08 0.154654E+09 0.867819E+09 0.236900E+10
     2666.00  0.125314E+08 0.155214E+09 0.842091E+09 0.240473E+10
     2676.00  0.120667E+08 0.155728E+09 0.816847E+09 0.243957E+10
     2686.00  0.116143E+08 0.156194E+09 0.792085E+09 0.247351E+10
     2696.00  0.111742E+08 0.156615E+09 0.767803E+09 0.250653E+10
     2706.00  0.107461E+08 0.156989E+09 0.743998E+09 0.253862E+10
     2716.00  0.103297E+08 0.157318E+09 0.720668E+09 0.256976E+10
     2726.00  0.992487E+07 0.157602E+09 0.697811E+09 0.259995E+10
     2736.00  0.953143E+07 0.157842E+09 0.675422E+09 0.262918E+10
     2746.00  0.914915E+07 0.158038E+09 0.653500E+09 0.265743E+10
     2756.00  0.877785E+07 0.158191E+09 0.632040E+09 0.268470E+10
     2766.00  0.841732E+07 0.158300E+09 0.611040E+09 0.271098E+10
     2776.00  0.806737E+07 0.158368E+09 0.590496E+09 0.273627E+10
     2786.00  0.772780E+07 0.158393E+09 0.570405E+09 0.276056E+10
     2796.00  0.739841E+07 0.158378E+09 0.550762E+09 0.278385E+10
     2806.00  0.707903E+07 0.158322E+09 0.531565E+09 0.280613E+10
     2816.00  0.676945E+07 0.158226E+09 0.512808E+09 0.282740E+10
     2826.00  0.646948E+07 0.158091E+09 0.494488E+09 0.284766E+10
     2836.00  0.617895E+07 0.157918E+09 0.476601E+09 0.286691E+10
     2846.00  0.589765E+07 0.157707E+09 0.459142E+09 0.288515E+10
     2856.00  0.562542E+07 0.157458E+09 0.442107E+09 0.290239E+10
     2866.00  0.536205E+07 0.157173E+09 0.425491E+09 0.291861E+10
     2876.00  0.510739E+07 0.156852E+09 0.409290E+09 0.293383E+10
     2886.00  0.486123E+07 0.156495E+09 0.393499E+09 0.294804E+10
     2896.00  0.462341E+07 0.156104E+09 0.378113E+09 0.296126E+10
     2906.00  0.439376E+07 0.155680E+09 0.363129E+09 0.297348E+10
     2916.00  0.417209E+07 0.155222E+09 0.348540E+09 0.298472E+10
     2926.00  0.395823E+07 0.154731E+09 0.334341E+09 0.299497E+10
     2936.00  0.375202E+07 0.154209E+09 0.320529E+09 0.300424E+10
     2946.00  0.355329E+07 0.153656E+09 0.307097E+09 0.301255E+10
     2956.00  0.336186E+07 0.153073E+09 0.294042E+09 0.301989E+10
     2966.00  0.317759E+07 0.152460E+09 0.281356E+09 0.302629E+10
     2976.00  0.300029E+07 0.151818E+09 0.269036E+09 0.303173E+10
     2986.00  0.282982E+07 0.151148E+09 0.257076E+09 0.303624E+10
     2996.00  0.266601E+07 0.150451E+09 0.245472E+09 0.303982E+10
     3006.00  0.250870E+07 0.149727E+09 0.234216E+09 0.304249E+10
     3016.00  0.235775E+07 0.148976E+09 0.223305E+09 0.304425E+10
     3026.00  0.221299E+07 0.148201E+09 0.212733E+09 0.304511E+10
     3036.00  0.207428E+07 0.147401E+09 0.202494E+09 0.304509E+10
     3046.00  0.194147E+07 0.146577E+09 0.192583E+09 0.304420E+10
     3056.00  0.181441E+07 0.145730E+09 0.182995E+09 0.304245E+10
     3066.00  0.169296E+07 0.144861E+09 0.173725E+09 0.303985E+10
     3076.00  0.157698E+07 0.143969E+09 0.164766E+09 0.303642E+10
     3086.00  0.146631E+07 0.143057E+09 0.156114E+09 0.303216E+10
     3096.00  0.136084E+07 0.142125E+09 0.147763E+09 0.302710E+10
     3106.00  0.126041E+07 0.141172E+09 0.139708E+09 0.302123E+10
     3116.00  0.116490E+07 0.140201E+09 0.131943E+09 0.301459E+10
     3126.00  0.107416E+07 0.139212E+09 0.124462E+09 0.300718E+10
     3136.00  0.988085E+06 0.138205E+09 0.117261E+09 0.299902E+10
     3146.00  0.906527E+06 0.137181E+09 0.110335E+09 0.299011E+10
     3156.00  0.829367E+06 0.136140E+09 0.103677E+09 0.298049E+10
     3166.00  0.756478E+06 0.135084E+09 0.972820E+08 0.297015E+10
     3176.00  0.687740E+06 0.134014E+09 0.911453E+08 0.295911E+10
     3186.00  0.623032E+06 0.132928E+09 0.852613E+08 0.294740E+10
     3196.00  0.562235E+06 0.131830E+09 0.796248E+08 0.293502E+10
     3206.00  0.505234E+06 0.130718E+09 0.742305E+08 0.292199E+10
     3216.00  0.451914E+06 0.129593E+09 0.690731E+08 0.290833E+10
     3226.00  0.402164E+06 0.128457E+09 0.641474E+08 0.289405E+10
     3236.00  0.355872E+06 0.127310E+09 0.594484E+08 0.287917E+10
     3246.00  0.312930E+06 0.126152E+09 0.549709E+08 0.286370E+10
     3256.00  0.273234E+06 0.124984E+09 0.507097E+08 0.284766E+10
     3266.00  0.236677E+06 0.123807E+09 0.466599E+08 0.283106E+10
     3276.00  0.203158E+06 0.122621E+09 0.428164E+08 0.281392E+10
     3286.00  0.172576E+06 0.121427E+09 0.391742E+08 0.279625E+10
     3296.00  0.144832E+06 0.120225E+09 0.357284E+08 0.277808E+10
     3306.00  0.119831E+06 0.119016E+09 0.324742E+08 0.275941E+10
     3316.00  0.974768E+05 0.117800E+09 0.294067E+08 0.274027E+10
     3326.00  0.776771E+05 0.116578E+09 0.265211E+08 0.272066E+10
     3336.00  0.603408E+05 0.115351E+09 0.238126E+08 0.270061E+10
     3346.00  0.453787E+05 0.114119E+09 0.212766E+08 0.268013E+10
     3356.00  0.327034E+05 0.112882E+09 0.189084E+08 0.265923E+10
     3366.00  0.222295E+05 0.111642E+09 0.167034E+08 0.263793E+10
     3376.00  0.138731E+05 0.110398E+09 0.146572E+08 0.261624E+10
     3386.00  0.755231E+04 0.109150E+09 0.127651E+08 0.259419E+10
     3396.00  0.318690E+04 0.107901E+09 0.110228E+08 0.257179E+10
     3406.00  0.698400E+03 0.106649E+09 0.942581E+07 0.254904E+10
     3416.00  0.100785E+02 0.105396E+09 0.796992E+07 0.252598E+10
     3426.00  0.104690E+04 0.104142E+09 0.665082E+07 0.250260E+10
     3436.00  0.373553E+04 0.102887E+09 0.546430E+07 0.247893E+10
     3446.00  0.800428E+04 0.101631E+09 0.440620E+07 0.245498E+10
     3456.00  0.137831E+05 0.100376E+09 0.347242E+07 0.243076E+10
     3466.00  0.210037E+05 0.991218E+08 0.265895E+07 0.240629E+10
     3476.00  0.295992E+05 0.978682E+08 0.196179E+07 0.238159E+10
     3486.00  0.395045E+05 0.966161E+08 0.137703E+07 0.235666E+10
     3496.00  0.506560E+05 0.953656E+08 0.900810E+06 0.233153E+10
     3506.00  0.629915E+05 0.941173E+08 0.529338E+06 0.230620E+10
     3516.00  0.764507E+05 0.928716E+08 0.258876E+06 0.228069E+10
     3526.00  0.909745E+05 0.916286E+08 0.857493E+05 0.225501E+10
     3536.00  0.106505E+06 0.903890E+08 0.634252E+04 0.222917E+10
     3546.00  0.122987E+06 0.891528E+08 0.171033E+05 0.220320E+10
     3556.00  0.140366E+06 0.879206E+08 0.114540E+06 0.217709E+10
     3566.00  0.158588E+06 0.866925E+08 0.295223E+06 0.215087E+10
     3576.00  0.177601E+06 0.854689E+08 0.555783E+06 0.212454E+10
     3586.00  0.197356E+06 0.842502E+08 0.892914E+06 0.209812E+10
     3596.00  0.217803E+06 0.830366E+08 0.130337E+07 0.207162E+10
     3606.00  0.238895E+06 0.818284E+08 0.178397E+07 0.204506E+10
     3616.00  0.260585E+06 0.806258E+08 0.233158E+07 0.201843E+10
     3626.00  0.282829E+06 0.794292E+08 0.294315E+07 0.199176E+10
     3636.00  0.305583E+06 0.782389E+08 0.361568E+07 0.196506E+10
     3646.00  0.328804E+06 0.770549E+08 0.434622E+07 0.193833E+10
     3656.00  0.352452E+06 0.758777E+08 0.513190E+07 0.191159E+10
     3666.00  0.376486E+06 0.747074E+08 0.596990E+07 0.188485E+10
     3676.00  0.400868E+06 0.735444E+08 0.685746E+07 0.185812E+10
     3686.00  0.425559E+06 0.723887E+08 0.779189E+07 0.183141E+10
     3696.00  0.450525E+06 0.712406E+08 0.877054E+07 0.180472E+10
     3706.00  0.475730E+06 0.701003E+08 0.979084E+07 0.177808E+10
     3716.00  0.501139E+06 0.689681E+08 0.108503E+08 0.175148E+10
     3726.00  0.526719E+06 0.678440E+08 0.119463E+08 0.172494E+10
     3736.00  0.552440E+06 0.667283E+08 0.130767E+08 0.169846E+10
     3746.00  0.578269E+06 0.656212E+08 0.142389E+08 0.167206E+10
     3756.00  0.604177E+06 0.645228E+08 0.154308E+08 0.164574E+10
     3766.00  0.630136E+06 0.634332E+08 0.166501E+08 0.161951E+10
     3776.00  0.656118E+06 0.623527E+08 0.178946E+08 0.159339E+10
     3786.00  0.682095E+06 0.612814E+08 0.191621E+08 0.156737E+10
     3796.00  0.708043E+06 0.602194E+08 0.204508E+08 0.154146E+10
     3806.00  0.733937E+06 0.591668E+08 0.217584E+08 0.151568E+10
     3816.00  0.759752E+06 0.581239E+08 0.230831E+08 0.149003E+10
     3826.00  0.785466E+06 0.570906E+08 0.244230E+08 0.146452E+10
     3836.00  0.811057E+06 0.560671E+08 0.257762E+08 0.143915E+10
     3846.00  0.836504E+06 0.550536E+08 0.271409E+08 0.141394E+10
     3856.00  0.861785E+06 0.540501E+08 0.285154E+08 0.138888E+10
     3866.00  0.886883E+06 0.530567E+08 0.298979E+08 0.136398E+10
     3876.00  0.911778E+06 0.520734E+08 0.312870E+08 0.133925E+10
     3886.00  0.936452E+06 0.511005E+08 0.326808E+08 0.131470E+10
     3896.00  0.960889E+06 0.501379E+08 0.340780E+08 0.129033E+10
     3906.00  0.985071E+06 0.491857E+08 0.354770E+08 0.126615E+10
     3916.00  0.100898E+07 0.482440E+08 0.368764E+08 0.124215E+10
     3926.00  0.103261E+07 0.473129E+08 0.382747E+08 0.121835E+10
     3936.00  0.105594E+07 0.463923E+08 0.396707E+08 0.119476E+10
     3946.00  0.107896E+07 0.454824E+08 0.410630E+08 0.117137E+10
     3956.00  0.110166E+07 0.445832E+08 0.424503E+08 0.114819E+10
     3966.00  0.112402E+07 0.436947E+08 0.438315E+08 0.112522E+10
     3976.00  0.114603E+07 0.428170E+08 0.452054E+08 0.110248E+10
     3986.00  0.116768E+07 0.419500E+08 0.465708E+08 0.107995E+10
     3996.00  0.118897E+07 0.410939E+08 0.479267E+08 0.105765E+10
     4006.00  0.120987E+07 0.402486E+08 0.492720E+08 0.103558E+10
     4016.00  0.123039E+07 0.394141E+08 0.506058E+08 0.101374E+10
     4026.00  0.125052E+07 0.385905E+08 0.519270E+08 0.992141E+09
     4036.00  0.127024E+07 0.377777E+08 0.532347E+08 0.970777E+09
     4046.00  0.128956E+07 0.369758E+08 0.545282E+08 0.949655E+09
     4056.00  0.130845E+07 0.361847E+08 0.558064E+08 0.928776E+09
     4066.00  0.132693E+07 0.354045E+08 0.570687E+08 0.908143E+09
     4076.00  0.134497E+07 0.346350E+08 0.583142E+08 0.887758E+09
     4086.00  0.136258E+07 0.338764E+08 0.595422E+08 0.867623E+09
     4096.00  0.137976E+07 0.331286E+08 0.607521E+08 0.847741E+09
     4106.00  0.139649E+07 0.323916E+08 0.619431E+08 0.828112E+09
     4116.00  0.141277E+07 0.316653E+08 0.631146E+08 0.808740E+09
     4126.00  0.142861E+07 0.309497E+08 0.642661E+08 0.789624E+09
     4136.00  0.144399E+07 0.302448E+08 0.653970E+08 0.770766E+09
     4146.00  0.145892E+07 0.295505E+08 0.665068E+08 0.752168E+09
     4156.00  0.147339E+07 0.288668E+08 0.675949E+08 0.733830E+09
     4166.00  0.148740E+07 0.281937E+08 0.686610E+08 0.715754E+09
     4176.00  0.150096E+07 0.275311E+08 0.697045E+08 0.697940E+09
     4186.00  0.151405E+07 0.268790E+08 0.707250E+08 0.680388E+09
     4196.00  0.152668E+07 0.262373E+08 0.717223E+08 0.663099E+09
     4206.00  0.153885E+07 0.256060E+08 0.726959E+08 0.646074E+09
     4216.00  0.155055E+07 0.249850E+08 0.736455E+08 0.629312E+09
     4226.00  0.156180E+07 0.243742E+08 0.745708E+08 0.612813E+09
     4236.00  0.157258E+07 0.237736E+08 0.754716E+08 0.596578E+09
     4246.00  0.158290E+07 0.231831E+08 0.763475E+08 0.580607E+09
     4256.00  0.159277E+07 0.226026E+08 0.771985E+08 0.564899E+09
     4266.00  0.160218E+07 0.220322E+08 0.780243E+08 0.549453E+09
     4276.00  0.161113E+07 0.214717E+08 0.788247E+08 0.534270E+09
     4286.00  0.161963E+07 0.209210E+08 0.795996E+08 0.519348E+09
     4296.00  0.162767E+07 0.203801E+08 0.803488E+08 0.504688E+09
     4306.00  0.163527E+07 0.198489E+08 0.810723E+08 0.490287E+09
     4316.00  0.164242E+07 0.193273E+08 0.817700E+08 0.476146E+09
     4326.00  0.164913E+07 0.188153E+08 0.824418E+08 0.462263E+09
     4336.00  0.165540E+07 0.183127E+08 0.830877E+08 0.448638E+09
     4346.00  0.166124E+07 0.178195E+08 0.837077E+08 0.435268E+09
     4356.00  0.166664E+07 0.173357E+08 0.843017E+08 0.422153E+09
     4366.00  0.167161E+07 0.168610E+08 0.848697E+08 0.409292E+09
     4376.00  0.167616E+07 0.163954E+08 0.854119E+08 0.396682E+09
     4386.00  0.168028E+07 0.159389E+08 0.859282E+08 0.384324E+09
     4396.00  0.168399E+07 0.154913E+08 0.864187E+08 0.372214E+09
     4406.00  0.168728E+07 0.150526E+08 0.868835E+08 0.360351E+09
     4416.00  0.169017E+07 0.146226E+08 0.873227E+08 0.348734E+09
     4426.00  0.169265E+07 0.142014E+08 0.877363E+08 0.337360E+09
     4436.00  0.169474E+07 0.137887E+08 0.881247E+08 0.326229E+09
     4446.00  0.169643E+07 0.133845E+08 0.884877E+08 0.315337E+09
     4456.00  0.169773E+07 0.129887E+08 0.888257E+08 0.304684E+09
     4466.00  0.169865E+07 0.126012E+08 0.891388E+08 0.294266E+09
     4476.00  0.169919E+07 0.122219E+08 0.894272E+08 0.284083E+09
     4486.00  0.169935E+07 0.118507E+08 0.896910E+08 0.274131E+09
     4511.00  0.169817E+07 0.109577E+08 0.902445E+08 0.250251E+09
     4536.00  0.169478E+07 0.101131E+08 0.906493E+08 0.227771E+09
     4561.00  0.168925E+07 0.931567E+07 0.909092E+08 0.206652E+09
     4586.00  0.168170E+07 0.856367E+07 0.910282E+08 0.186857E+09
     4611.00  0.167220E+07 0.785560E+07 0.910109E+08 0.168346E+09
     4636.00  0.166086E+07 0.718993E+07 0.908620E+08 0.151078E+09
     4661.00  0.164776E+07 0.656509E+07 0.905863E+08 0.135011E+09
     4686.00  0.163300E+07 0.597956E+07 0.901890E+08 0.120104E+09
     4711.00  0.161668E+07 0.543180E+07 0.896753E+08 0.106312E+09
     4736.00  0.159888E+07 0.492030E+07 0.890505E+08 0.935930E+08
     4761.00  0.157971E+07 0.444355E+07 0.883202E+08 0.819037E+08
     4786.00  0.155926E+07 0.400009E+07 0.874899E+08 0.712004E+08
     4811.00  0.153761E+07 0.358845E+07 0.865651E+08 0.614398E+08
     4836.00  0.151486E+07 0.320721E+07 0.855516E+08 0.525788E+08
     4861.00  0.149110E+07 0.285495E+07 0.844548E+08 0.445744E+08
     4886.00  0.146641E+07 0.253030E+07 0.832804E+08 0.373844E+08
     4911.00  0.144088E+07 0.223190E+07 0.820339E+08 0.309667E+08
     4936.00  0.141458E+07 0.195845E+07 0.807207E+08 0.252800E+08
     4961.00  0.138761E+07 0.170864E+07 0.793463E+08 0.202839E+08
     4986.00  0.136003E+07 0.148123E+07 0.779159E+08 0.159385E+08
     5011.00  0.133192E+07 0.127501E+07 0.764349E+08 0.122049E+08
     5036.00  0.130336E+07 0.108877E+07 0.749082E+08 0.904485E+07
     5061.00  0.127442E+07 0.921388E+06 0.733409E+08 0.642140E+07
     5086.00  0.124515E+07 0.771736E+06 0.717377E+08 0.429840E+07
     5111.00  0.121564E+07 0.638740E+06 0.701034E+08 0.264081E+07
     5136.00  0.118593E+07 0.521361E+06 0.684425E+08 0.141464E+07
     5161.00  0.115610E+07 0.418597E+06 0.667594E+08 0.587054E+06
     5186.00  0.112619E+07 0.329481E+06 0.650583E+08 0.126313E+06
     5211.00  0.109625E+07 0.253082E+06 0.633433E+08 0.185385E+04
     5236.00  0.106635E+07 0.188509E+06 0.616183E+08 0.184279E+06
     5261.00  0.103653E+07 0.134903E+06 0.598870E+08 0.645370E+06
     5286.00  0.100683E+07 0.914430E+05 0.581530E+08 0.135809E+07
     5311.00  0.977301E+06 0.573439E+05 0.564197E+08 0.229660E+07
     5336.00  0.947979E+06 0.318545E+05 0.546903E+08 0.343623E+07
     5361.00  0.918903E+06 0.142583E+05 0.529678E+08 0.475351E+07
     5386.00  0.890109E+06 0.387256E+04 0.512552E+08 0.622611E+07
     5411.00  0.861629E+06 0.478605E+02 0.495551E+08 0.783287E+07
     5436.00  0.833496E+06 0.216722E+04 0.478700E+08 0.955379E+07
     5461.00  0.805736E+06 0.964545E+04 0.462024E+08 0.113700E+08
     5511.00  0.751439E+06 0.384921E+05 0.429282E+08 0.152180E+08
     5561.00  0.698922E+06 0.825125E+05 0.397482E+08 0.192477E+08
     5611.00  0.648335E+06 0.138089E+06 0.366758E+08 0.233460E+08
     5661.00  0.599796E+06 0.202033E+06 0.337220E+08 0.274157E+08
     5711.00  0.553396E+06 0.271559E+06 0.308956E+08 0.313743E+08
     5761.00  0.509200E+06 0.344254E+06 0.282035E+08 0.351529E+08
     5811.00  0.467249E+06 0.418051E+06 0.256505E+08 0.386953E+08
     5861.00  0.427563E+06 0.491200E+06 0.232400E+08 0.419569E+08
     5911.00  0.390144E+06 0.562242E+06 0.209737E+08 0.449038E+08
     5961.00  0.354976E+06 0.629980E+06 0.188519E+08 0.475116E+08
     6011.00  0.322029E+06 0.693455E+06 0.168735E+08 0.497642E+08
     6061.00  0.291260E+06 0.751922E+06 0.150366E+08 0.516534E+08
     6111.00  0.262613E+06 0.804826E+06 0.133382E+08 0.531773E+08
     6161.00  0.236027E+06 0.851778E+06 0.117745E+08 0.543400E+08
     6211.00  0.211429E+06 0.892539E+06 0.103410E+08 0.551501E+08
     6261.00  0.188742E+06 0.926995E+06 0.903261E+07 0.556207E+08
     6311.00  0.167884E+06 0.955144E+06 0.784387E+07 0.557679E+08
     6361.00  0.148769E+06 0.977077E+06 0.676893E+07 0.556107E+08
     6411.00  0.131309E+06 0.992962E+06 0.580167E+07 0.551702E+08
     6461.00  0.115414E+06 0.100303E+07 0.493583E+07 0.544688E+08
     6511.00  0.100994E+06 0.100758E+07 0.416504E+07 0.535302E+08
     6561.00  0.879596E+05 0.100692E+07 0.348293E+07 0.523784E+08
     6611.00  0.762205E+05 0.100142E+07 0.288315E+07 0.510378E+08
     6661.00  0.656893E+05 0.991459E+06 0.235944E+07 0.495325E+08
     6711.00  0.562805E+05 0.977420E+06 0.190569E+07 0.478863E+08
     6761.00  0.479107E+05 0.959706E+06 0.151594E+07 0.461221E+08
     6811.00  0.404997E+05 0.938716E+06 0.118448E+07 0.442620E+08
     6861.00  0.339700E+05 0.914844E+06 0.905792E+06 0.423270E+08
     6911.00  0.282477E+05 0.888478E+06 0.674640E+06 0.403369E+08
     6961.00  0.232623E+05 0.859991E+06 0.486049E+06 0.383104E+08
     7011.00  0.189469E+05 0.829740E+06 0.335326E+06 0.362644E+08
     7061.00  0.152382E+05 0.798068E+06 0.218068E+06 0.342147E+08
     7111.00  0.120769E+05 0.765295E+06 0.130166E+06 0.321756E+08
     7161.00  0.940721E+04 0.731724E+06 0.677995E+05 0.301600E+08
     7211.00  0.717696E+04 0.697631E+06 0.274415E+05 0.281794E+08
     7261.00  0.533771E+04 0.663275E+06 0.584798E+04 0.262437E+08
     7311.00  0.384457E+04 0.628890E+06 0.532519E+02 0.243616E+08
     7361.00  0.265603E+04 0.594689E+06 0.736034E+04 0.225406E+08
     7411.00  0.173395E+04 0.560862E+06 0.253308E+05 0.207868E+08
     7511.00  0.552316E+03 0.494983E+06 0.847314E+05 0.174998E+08
     7611.00  0.556242E+02 0.432367E+06 0.163464E+06 0.145283E+08
     7711.00  0.438230E+02 0.373822E+06 0.250068E+06 0.118851E+08
     7811.00  0.355871E+03 0.319895E+06 0.335983E+06 0.957064E+07
     7911.00  0.864770E+03 0.270899E+06 0.415113E+06 0.757572E+07
     8011.00  0.147276E+04 0.226957E+06 0.483411E+06 0.588358E+07
     8111.00  0.210680E+04 0.188033E+06 0.538500E+06 0.447210E+07
     8211.00  0.271438E+04 0.153968E+06 0.579317E+06 0.331564E+07
     8311.00  0.325978E+04 0.124512E+06 0.605811E+06 0.238664E+07
     8411.00  0.372074E+04 0.993451E+05 0.618672E+06 0.165688E+07
     8511.00  0.408552E+04 0.781080E+05 0.619103E+06 0.109854E+07
     8611.00  0.435040E+04 0.604158E+05 0.608635E+06 0.684999E+06
     8711.00  0.451760E+04 0.458767E+05 0.588971E+06 0.391429E+06
     8811.00  0.459350E+04 0.341039E+05 0.561871E+06 0.195160E+06
     8911.00  0.458724E+04 0.247258E+05 0.529058E+06 0.759311E+05
     9011.00  0.450956E+04 0.173928E+05 0.492156E+06 0.159809E+05
     9111.00  0.437192E+04 0.117820E+05 0.452641E+06 0.401407E+02
     9211.00  0.418583E+04 0.760059E+04 0.411818E+06 0.152415E+05
     9311.00  0.396236E+04 0.458698E+04 0.370800E+06 0.509693E+05
     9411.00  0.371180E+04 0.251094E+04 0.330516E+06 0.986694E+05
     9511.00  0.344342E+04 0.117286E+04 0.291707E+06 0.151633E+06
     9611.00  0.316537E+04 0.402190E+03 0.254943E+06 0.204773E+06
     9711.00  0.288465E+04 0.553896E+02 0.220637E+06 0.254391E+06
     9811.00  0.260708E+04 0.135583E+02 0.189063E+06 0.297965E+06
     9911.00  0.233736E+04 0.179903E+03 0.160375E+06 0.333933E+06
    10011.00  0.207919E+04 0.477139E+03 0.134626E+06 0.361513E+06
    10111.00  0.183531E+04 0.844935E+03 0.111784E+06 0.380524E+06
    10211.00  0.160766E+04 0.123746E+04 0.917553E+05 0.391241E+06
    10311.00  0.139745E+04 0.162108E+04 0.743941E+05 0.394266E+06
    10411.00  0.120530E+04 0.197230E+04 0.595201E+05 0.390419E+06
    10511.00  0.103133E+04 0.227580E+04 0.469293E+05 0.380650E+06
    10611.00  0.875231E+03 0.252284E+04 0.364046E+05 0.365967E+06
    10711.00  0.736416E+03 0.270972E+04 0.277243E+05 0.347380E+06
    10811.00  0.614037E+03 0.283661E+04 0.206687E+05 0.325856E+06
    10911.00  0.507082E+03 0.290643E+04 0.150262E+05 0.302299E+06
    11011.00  0.414424E+03 0.292401E+04 0.105963E+05 0.277519E+06
    11111.00  0.334875E+03 0.289540E+04 0.719325E+04 0.252227E+06
    11211.00  0.267221E+03 0.282726E+04 0.464720E+04 0.227028E+06
    11311.00  0.210254E+03 0.272646E+04 0.280556E+04 0.202422E+06
    11411.00  0.162801E+03 0.259973E+04 0.153307E+04 0.178807E+06
    11511.00  0.123737E+03 0.245344E+04 0.711582E+03 0.156489E+06
    11611.00  0.920035E+02 0.229343E+04 0.239343E+03 0.135685E+06
    11711.00  0.666158E+02 0.212491E+04 0.299938E+02 0.116539E+06
    11811.00  0.466673E+02 0.195241E+04 0.113729E+02 0.991292E+05
    11911.00  0.313334E+02 0.177978E+04 0.124181E+03 0.834781E+05
    12011.00  0.198708E+02 0.161020E+04 0.320596E+03 0.695638E+05
    12111.00  0.116163E+02 0.144622E+04 0.562874E+03 0.573283E+05
    12211.00  0.598309E+01 0.128979E+04 0.822000E+03 0.466864E+05
    12311.00  0.245692E+01 0.114236E+04 0.107639E+04 0.375330E+05
    12411.00  0.591299E+00 0.100490E+04 0.131068E+04 0.297499E+05
    12511.00  0.220246E-02 0.878010E+03 0.151467E+04 0.232114E+05
    12611.00  0.362712E+00 0.761941E+03 0.168228E+04 0.177887E+05
    12711.00  0.139761E+01 0.656681E+03 0.181070E+04 0.133542E+05
    12811.00  0.287807E+01 0.562000E+03 0.189967E+04 0.978375E+04
    12911.00  0.461656E+01 0.477499E+03 0.195075E+04 0.695978E+04
    13011.00  0.646200E+01 0.402655E+03 0.196685E+04 0.477234E+04
    13111.00  0.829521E+01 0.336859E+03 0.195173E+04 0.312040E+04
    13211.00  0.100247E+02 0.279447E+03 0.190963E+04 0.191245E+04
    13311.00  0.115830E+02 0.229725E+03 0.184502E+04 0.106675E+04
    13411.00  0.129228E+02 0.186993E+03 0.176233E+04 0.511251E+03
    13511.00  0.140140E+02 0.150561E+03 0.166581E+04 0.183299E+03
    13611.00  0.148411E+02 0.119759E+03 0.155941E+04 0.291656E+02
    13711.00  0.154000E+02 0.939504E+02 0.144667E+04 0.342434E+01
    13811.00  0.156963E+02 0.725386E+02 0.133072E+04 0.682624E+02
    13911.00  0.157434E+02 0.549682E+02 0.121426E+04 0.192738E+03
    14011.00  0.155599E+02 0.407297E+02 0.109950E+04 0.352023E+03
    14111.00  0.151693E+02 0.293594E+02 0.988267E+03 0.526650E+03
    14211.00  0.145974E+02 0.204388E+02 0.881965E+03 0.701790E+03
    14311.00  0.138721E+02 0.135934E+02 0.781643E+03 0.866562E+03
    14411.00  0.130221E+02 0.849006E+01 0.688032E+03 0.101340E+04
    14511.00  0.120759E+02 0.483490E+01 0.601580E+03 0.113746E+04
    14611.00  0.110613E+02 0.237003E+01 0.522498E+03 0.123611E+04
    14711.00  0.100048E+02 0.870719E+00 0.450803E+03 0.130847E+04
    14811.00  0.893113E+01 0.142276E+00 0.386351E+03 0.135498E+04
    14911.00  0.786273E+01 0.170987E-01 0.328876E+03 0.137706E+04
    15011.00  0.681979E+01 0.351807E+00 0.278020E+03 0.137686E+04
    15111.00  0.581986E+01 0.102456E+01 0.233359E+03 0.135694E+04
    15211.00  0.487776E+01 0.193258E+01 0.194428E+03 0.132011E+04
    15311.00  0.400559E+01 0.298984E+01 0.160739E+03 0.126929E+04
    15411.00  0.321271E+01 0.412505E+01 0.131798E+03 0.120733E+04
    15511.00  0.250581E+01 0.527974E+01 0.107120E+03 0.113696E+04
    15611.00  0.188909E+01 0.640668E+01 0.862351E+02 0.106071E+04
    15711.00  0.136434E+01 0.746838E+01 0.686968E+02 0.980856E+03
    15811.00  0.931154E+00 0.843578E+01 0.540888E+02 0.899406E+03
    15911.00  0.587190E+00 0.928721E+01 0.420271E+02 0.818088E+03
    16011.00  0.328357E+00 0.100073E+02 0.321613E+02 0.738341E+03
    16111.00  0.149092E+00 0.105863E+02 0.241755E+02 0.661334E+03
    16211.00  0.426184E-01 0.110189E+02 0.177876E+02 0.587981E+03
    16311.00  0.120806E-02 0.113043E+02 0.127477E+02 0.518961E+03
    16411.00  0.164434E-01 0.114447E+02 0.883679E+01 0.454742E+03
    16511.00  0.794711E-01 0.114456E+02 0.586404E+01 0.395609E+03
    16611.00  0.181243E+00 0.113148E+02 0.366465E+01 0.341690E+03
    16711.00  0.312743E+00 0.110624E+02 0.209725E+01 0.292979E+03
    16811.00  0.465191E+00 0.106998E+02 0.104142E+01 0.249364E+03
    16911.00  0.630229E+00 0.102400E+02 0.395259E+00 0.210647E+03
    17011.00  0.800075E+00 0.969679E+01 0.730763E-01 0.176569E+03
    17111.00  0.967661E+00 0.908456E+01 0.324139E-02 0.146821E+03
    17211.00  0.112674E+01 0.841812E+01 0.126215E+00 0.121068E+03
    17311.00  0.127194E+01 0.771226E+01 0.392771E+00 0.989580E+02
    17411.00  0.139887E+01 0.698154E+01 0.762415E+00 0.801343E+02
    17511.00  0.150407E+01 0.624008E+01 0.120199E+01 0.642455E+02
    17611.00  0.158508E+01 0.550124E+01 0.168445E+01 0.509519E+02
    17711.00  0.164036E+01 0.477750E+01 0.218784E+01 0.399316E+02
    17811.00  0.166930E+01 0.408024E+01 0.269441E+01 0.308841E+02
    17911.00  0.167209E+01 0.341959E+01 0.318983E+01 0.235328E+02
    18011.00  0.164972E+01 0.280431E+01 0.366262E+01 0.176266E+02
    18111.00  0.160382E+01 0.224173E+01 0.410363E+01 0.129401E+02
    18211.00  0.153660E+01 0.173761E+01 0.450564E+01 0.927338E+01
    18311.00  0.145074E+01 0.129616E+01 0.486298E+01 0.645101E+01
    18411.00  0.134927E+01 0.920072E+00 0.517139E+01 0.432072E+01
    18511.00  0.123548E+01 0.610468E+00 0.542772E+01 0.275167E+01
    18611.00  0.111277E+01 0.367027E+00 0.562983E+01 0.163262E+01
    18711.00  0.984602E+00 0.188055E+00 0.577650E+01 0.869972E+00
    18811.00  0.854384E+00 0.705954E-01 0.586735E+01 0.385771E+00
    18911.00  0.725367E+00 0.105709E-01 0.590274E+01 0.115791E+00
    19011.00  0.600591E+00 0.293672E-02 0.588378E+01 0.769606E-02
    19111.00  0.482814E+00 0.418493E-01 0.581230E+01 0.193171E-01
    19311.00  0.277562E+00 0.233027E+00 0.552237E+01 0.274610E+00
    19511.00  0.124336E+00 0.528283E+00 0.506041E+01 0.691922E+00
    19711.00  0.312815E-01 0.870643E+00 0.446275E+01 0.115996E+01
    19911.00  0.156694E-04 0.120731E+01 0.377273E+01 0.161762E+01
    20111.00  0.263001E-01 0.149405E+01 0.303795E+01 0.203390E+01
    20311.00  0.101175E+00 0.169834E+01 0.230707E+01 0.239438E+01
    20511.00  0.212382E+00 0.180104E+01 0.162616E+01 0.269260E+01
    20711.00  0.345892E+00 0.179657E+01 0.103513E+01 0.292506E+01
    20911.00  0.487383E+00 0.169185E+01 0.564619E+00 0.308877E+01
    21111.00  0.623530E+00 0.150397E+01 0.233577E+00 0.318038E+01
    21311.00  0.743030E+00 0.125732E+01 0.480604E-01 0.319664E+01
    21511.00  0.837275E+00 0.980153E+00 0.120953E-02 0.313527E+01
    21711.00  0.900715E+00 0.701273E+00 0.745259E-01 0.299631E+01
    21911.00  0.930879E+00 0.447026E+00 0.240266E+00 0.278331E+01
    22111.00  0.928132E+00 0.238887E+00 0.464680E+00 0.250431E+01
    22311.00  0.895248E+00 0.918331E-01 0.711723E+00 0.217220E+01
    22511.00  0.836810E+00 0.135434E-01 0.946807E+00 0.180448E+01
    22711.00  0.758601E+00 0.443549E-02 0.114021E+01 0.142227E+01
    22911.00  0.666957E+00 0.584040E-01 0.126972E+01 0.104876E+01
    23111.00  0.568222E+00 0.164114E+00 0.132240E+01 0.707124E+00
    23311.00  0.468262E+00 0.306644E+00 0.129515E+01 0.418286E+00
    23511.00  0.372130E+00 0.469274E+00 0.119426E+01 0.198770E+00
    23711.00  0.283843E+00 0.635225E+00 0.103395E+01 0.589216E-01
    23911.00  0.206276E+00 0.789173E+00 0.834218E+00 0.178345E-02
    24111.00  0.141181E+00 0.918452E+00 0.618191E+00 0.227628E-01
    24311.00  0.892669E-01 0.101383E+01 0.409403E+00 0.110159E+00
    24511.00  0.503614E-01 0.106990E+01 0.229233E+00 0.246494E+00
    24711.00  0.235895E-01 0.108501E+01 0.947848E-01 0.410483E+00
    24911.00  0.757725E-02 0.106097E+01 0.174113E-01 0.579406E+00
    25111.00  0.642533E-03 0.100238E+01 0.195800E-02 0.731570E+00
    25311.00  0.968672E-03 0.915880E+00 0.467600E-01 0.848614E+00
    25511.00  0.674746E-02 0.809331E+00 0.144308E+00 0.917319E+00
    25711.00  0.162889E-01 0.690997E+00 0.282458E+00 0.930814E+00
    25911.00  0.280963E-01 0.568823E+00 0.445990E+00 0.888974E+00
    26111.00  0.409099E-01 0.449880E+00 0.618346E+00 0.798085E+00
    26311.00  0.537227E-01 0.339949E+00 0.783314E+00 0.669784E+00
    26511.00  0.657758E-01 0.243299E+00 0.926529E+00 0.519479E+00
    26711.00  0.765364E-01 0.162618E+00 0.103663E+01 0.364433E+00
    26911.00  0.856684E-01 0.990983E-01 0.110601E+01 0.221763E+00
         IE==>      8            9           10           11
        1.00  0.112017E+11 0.106673E+10 0.958068E+09 0.168958E+10
        2.00  0.257878E+11 0.243411E+10 0.217859E+10 0.383588E+10
        3.00  0.381109E+11 0.356539E+10 0.317998E+10 0.559011E+10
        4.00  0.476866E+11 0.442142E+10 0.392962E+10 0.689686E+10
        5.00  0.550201E+11 0.505557E+10 0.447733E+10 0.784559E+10
        6.00  0.606872E+11 0.552592E+10 0.487642E+10 0.853124E+10
        7.00  0.651480E+11 0.587816E+10 0.516863E+10 0.902796E+10
        8.00  0.687338E+11 0.614495E+10 0.538366E+10 0.938847E+10
        9.00  0.716739E+11 0.634879E+10 0.554196E+10 0.964901E+10
       10.00  0.741255E+11 0.650510E+10 0.565753E+10 0.983440E+10
       11.00  0.761984E+11 0.662465E+10 0.574015E+10 0.996198E+10
       12.00  0.779717E+11 0.671518E+10 0.579687E+10 0.100442E+11
       13.00  0.795043E+11 0.678248E+10 0.583294E+10 0.100904E+11
       14.00  0.808417E+11 0.683098E+10 0.585237E+10 0.101077E+11
       15.00  0.820191E+11 0.686413E+10 0.585828E+10 0.101015E+11
       16.00  0.830644E+11 0.688463E+10 0.585312E+10 0.100763E+11
       17.00  0.839995E+11 0.689460E+10 0.583881E+10 0.100354E+11
       18.00  0.848414E+11 0.689570E+10 0.581686E+10 0.998144E+10
       19.00  0.856035E+11 0.688925E+10 0.578844E+10 0.991655E+10
       20.00  0.862963E+11 0.687628E+10 0.575451E+10 0.984240E+10
       21.00  0.869282E+11 0.685763E+10 0.571583E+10 0.976032E+10
       22.00  0.875062E+11 0.683399E+10 0.567302E+10 0.967142E+10
       23.00  0.880361E+11 0.680593E+10 0.562661E+10 0.957664E+10
       24.00  0.885227E+11 0.677397E+10 0.557707E+10 0.947680E+10
       25.00  0.889705E+11 0.673853E+10 0.552479E+10 0.937259E+10
       26.00  0.893835E+11 0.670002E+10 0.547012E+10 0.926464E+10
       27.00  0.897652E+11 0.665878E+10 0.541339E+10 0.915350E+10
       28.00  0.901186E+11 0.661511E+10 0.535486E+10 0.903965E+10
       29.00  0.904466E+11 0.656929E+10 0.529479E+10 0.892352E+10
       30.00  0.907515E+11 0.652154E+10 0.523338E+10 0.880547E+10
       31.00  0.910353E+11 0.647208E+10 0.517081E+10 0.868583E+10
       32.00  0.912997E+11 0.642108E+10 0.510725E+10 0.856486E+10
       33.00  0.915463E+11 0.636868E+10 0.504282E+10 0.844281E+10
       34.00  0.917763E+11 0.631502E+10 0.497766E+10 0.831987E+10
       35.00  0.919907E+11 0.626021E+10 0.491185E+10 0.819623E+10
       36.00  0.921905E+11 0.620435E+10 0.484550E+10 0.807204E+10
       37.00  0.923765E+11 0.614754E+10 0.477868E+10 0.794745E+10
       38.00  0.925494E+11 0.608985E+10 0.471148E+10 0.782259E+10
       39.00  0.927101E+11 0.603138E+10 0.464397E+10 0.769758E+10
       40.00  0.928591E+11 0.597218E+10 0.457621E+10 0.757255E+10
       42.00  0.931250E+11 0.585193E+10 0.444021E+10 0.732280E+10
       44.00  0.933522E+11 0.572963E+10 0.430396E+10 0.707413E+10
       46.00  0.935451E+11 0.560573E+10 0.416785E+10 0.682720E+10
       48.00  0.937078E+11 0.548065E+10 0.403224E+10 0.658258E+10
       50.00  0.938432E+11 0.535471E+10 0.389740E+10 0.634072E+10
       52.00  0.939537E+11 0.522817E+10 0.376358E+10 0.610196E+10
       54.00  0.940412E+11 0.510127E+10 0.363096E+10 0.586662E+10
       56.00  0.941071E+11 0.497419E+10 0.349971E+10 0.563494E+10
       58.00  0.941528E+11 0.484711E+10 0.336997E+10 0.540712E+10
       60.00  0.941795E+11 0.472020E+10 0.324189E+10 0.518337E+10
       62.00  0.941886E+11 0.459362E+10 0.311560E+10 0.496387E+10
       64.00  0.941814E+11 0.446752E+10 0.299120E+10 0.474876E+10
       66.00  0.941592E+11 0.434204E+10 0.286882E+10 0.453820E+10
       68.00  0.941232E+11 0.421731E+10 0.274854E+10 0.433229E+10
       70.00  0.940745E+11 0.409344E+10 0.263045E+10 0.413113E+10
       72.00  0.940138E+11 0.397054E+10 0.251462E+10 0.393480E+10
       74.00  0.939418E+11 0.384869E+10 0.240111E+10 0.374336E+10
       76.00  0.938590E+11 0.372797E+10 0.228997E+10 0.355684E+10
       78.00  0.937658E+11 0.360845E+10 0.218124E+10 0.337528E+10
       80.00  0.936626E+11 0.349019E+10 0.207497E+10 0.319870E+10
       82.00  0.935499E+11 0.337327E+10 0.197120E+10 0.302713E+10
       84.00  0.934281E+11 0.325774E+10 0.186996E+10 0.286057E+10
       86.00  0.932977E+11 0.314367E+10 0.177128E+10 0.269904E+10
       88.00  0.931592E+11 0.303111E+10 0.167520E+10 0.254255E+10
       90.00  0.930131E+11 0.292013E+10 0.158174E+10 0.239110E+10
       92.00  0.928599E+11 0.281077E+10 0.149092E+10 0.224467E+10
       94.00  0.927000E+11 0.270309E+10 0.140276E+10 0.210325E+10
       96.00  0.925337E+11 0.259712E+10 0.131729E+10 0.196683E+10
       98.00  0.923613E+11 0.249291E+10 0.123451E+10 0.183539E+10
      100.00  0.921831E+11 0.239049E+10 0.115442E+10 0.170889E+10
      102.00  0.919992E+11 0.228990E+10 0.107705E+10 0.158730E+10
      104.00  0.918099E+11 0.219116E+10 0.100239E+10 0.147060E+10
      106.00  0.916152E+11 0.209432E+10 0.930449E+09 0.135875E+10
      108.00  0.914154E+11 0.199940E+10 0.861230E+09 0.125171E+10
      110.00  0.912106E+11 0.190643E+10 0.794734E+09 0.114944E+10
      112.00  0.910011E+11 0.181543E+10 0.730962E+09 0.105190E+10
      114.00  0.907869E+11 0.172644E+10 0.669914E+09 0.959043E+09
      116.00  0.905684E+11 0.163948E+10 0.611586E+09 0.870835E+09
      118.00  0.903458E+11 0.155458E+10 0.555977E+09 0.787224E+09
      122.00  0.898890E+11 0.139103E+10 0.452894E+09 0.633609E+09
      126.00  0.894178E+11 0.123596E+10 0.360613E+09 0.497799E+09
      130.00  0.889332E+11 0.108953E+10 0.279070E+09 0.379381E+09
      134.00  0.884359E+11 0.951875E+09 0.208183E+09 0.277924E+09
      138.00  0.879263E+11 0.823110E+09 0.147861E+09 0.192987E+09
      142.00  0.874049E+11 0.703353E+09 0.980047E+08 0.124121E+09
      146.00  0.868725E+11 0.592713E+09 0.585042E+08 0.708723E+08
      150.00  0.863297E+11 0.491288E+09 0.292410E+08 0.327780E+08
      154.00  0.857773E+11 0.399170E+09 0.100886E+08 0.937154E+07
      158.00  0.852160E+11 0.316439E+09 0.912977E+06 0.182503E+06
      162.00  0.846461E+11 0.243169E+09 0.157351E+07 0.473820E+07
      166.00  0.840679E+11 0.179425E+09 0.119235E+08 0.225646E+08
      170.00  0.834816E+11 0.125269E+09 0.318107E+08 0.531870E+08
      174.00  0.828874E+11 0.807555E+08 0.610769E+08 0.961303E+08
      178.00  0.822856E+11 0.459330E+08 0.995590E+08 0.150920E+09
      182.00  0.816766E+11 0.208451E+08 0.147089E+09 0.217081E+09
      186.00  0.810608E+11 0.552957E+07 0.203494E+09 0.294144E+09
      190.00  0.804386E+11 0.182938E+05 0.268599E+09 0.381637E+09
      194.00  0.798104E+11 0.433810E+07 0.342222E+09 0.479095E+09
      198.00  0.791764E+11 0.185107E+08 0.424182E+09 0.586054E+09
      202.00  0.785368E+11 0.425530E+08 0.514289E+09 0.702054E+09
      206.00  0.778918E+11 0.764768E+08 0.612353E+09 0.826637E+09
      210.00  0.772416E+11 0.120289E+09 0.718180E+09 0.959349E+09
      214.00  0.765864E+11 0.173992E+09 0.831572E+09 0.109974E+10
      218.00  0.759264E+11 0.237584E+09 0.952331E+09 0.124737E+10
      222.00  0.752620E+11 0.311057E+09 0.108026E+10 0.140180E+10
      226.00  0.745935E+11 0.394400E+09 0.121514E+10 0.156260E+10
      230.00  0.739212E+11 0.487601E+09 0.135679E+10 0.172934E+10
      234.00  0.732453E+11 0.590639E+09 0.150500E+10 0.190160E+10
      238.00  0.725661E+11 0.703492E+09 0.165955E+10 0.207897E+10
      242.00  0.718838E+11 0.826133E+09 0.182024E+10 0.226105E+10
      246.00  0.711985E+11 0.958532E+09 0.198687E+10 0.244743E+10
      250.00  0.705104E+11 0.110065E+10 0.215921E+10 0.263772E+10
      254.00  0.698197E+11 0.125246E+10 0.233705E+10 0.283152E+10
      258.00  0.691265E+11 0.141391E+10 0.252019E+10 0.302846E+10
      262.00  0.684312E+11 0.158495E+10 0.270841E+10 0.322817E+10
      266.00  0.677340E+11 0.176555E+10 0.290150E+10 0.343028E+10
      270.00  0.670350E+11 0.195564E+10 0.309926E+10 0.363444E+10
      274.00  0.663345E+11 0.215518E+10 0.330146E+10 0.384030E+10
      282.00  0.649299E+11 0.258238E+10 0.371838E+10 0.425578E+10
      290.00  0.635212E+11 0.304663E+10 0.415057E+10 0.467407E+10
      298.00  0.621096E+11 0.354739E+10 0.459633E+10 0.509266E+10
      306.00  0.606961E+11 0.408404E+10 0.505397E+10 0.550913E+10
      314.00  0.592821E+11 0.465597E+10 0.552184E+10 0.592125E+10
      322.00  0.578689E+11 0.526248E+10 0.599831E+10 0.632691E+10
      330.00  0.564575E+11 0.590287E+10 0.648176E+10 0.672410E+10
      338.00  0.550490E+11 0.657636E+10 0.697057E+10 0.711096E+10
      346.00  0.536443E+11 0.728210E+10 0.746315E+10 0.748573E+10
      354.00  0.522441E+11 0.801925E+10 0.795792E+10 0.784678E+10
      362.00  0.508497E+11 0.878692E+10 0.845339E+10 0.819263E+10
      370.00  0.494620E+11 0.958419E+10 0.894808E+10 0.852197E+10
      378.00  0.480821E+11 0.104101E+11 0.944055E+10 0.883357E+10
      386.00  0.467109E+11 0.112638E+11 0.992940E+10 0.912634E+10
      394.00  0.453491E+11 0.121441E+11 0.104133E+11 0.939929E+10
      402.00  0.439977E+11 0.130500E+11 0.108908E+11 0.965156E+10
      410.00  0.426574E+11 0.139805E+11 0.113607E+11 0.988242E+10
      418.00  0.413293E+11 0.149345E+11 0.118218E+11 0.100913E+11
      426.00  0.400142E+11 0.159109E+11 0.122729E+11 0.102777E+11
      434.00  0.387130E+11 0.169086E+11 0.127130E+11 0.104412E+11
      442.00  0.374262E+11 0.179266E+11 0.131410E+11 0.105816E+11
      450.00  0.361547E+11 0.189637E+11 0.135557E+11 0.106987E+11
      458.00  0.348991E+11 0.200186E+11 0.139564E+11 0.107924E+11
      466.00  0.336600E+11 0.210903E+11 0.143420E+11 0.108627E+11
      474.00  0.324382E+11 0.221776E+11 0.147118E+11 0.109098E+11
      482.00  0.312343E+11 0.232793E+11 0.150649E+11 0.109338E+11
      490.00  0.300488E+11 0.243944E+11 0.154006E+11 0.109350E+11
      498.00  0.288823E+11 0.255215E+11 0.157183E+11 0.109139E+11
      506.00  0.277353E+11 0.266595E+11 0.160173E+11 0.108707E+11
      514.00  0.266082E+11 0.278072E+11 0.162969E+11 0.108061E+11
      522.00  0.255015E+11 0.289632E+11 0.165567E+11 0.107206E+11
      530.00  0.244157E+11 0.301265E+11 0.167962E+11 0.106148E+11
      538.00  0.233511E+11 0.312959E+11 0.170150E+11 0.104894E+11
      546.00  0.223082E+11 0.324702E+11 0.172127E+11 0.103452E+11
      554.00  0.212874E+11 0.336481E+11 0.173891E+11 0.101829E+11
      562.00  0.202890E+11 0.348284E+11 0.175439E+11 0.100035E+11
      570.00  0.193132E+11 0.360100E+11 0.176768E+11 0.980774E+10
      578.00  0.183604E+11 0.371916E+11 0.177878E+11 0.959659E+10
      586.00  0.174309E+11 0.383721E+11 0.178767E+11 0.937100E+10
      596.00  0.163021E+11 0.398444E+11 0.179567E+11 0.907023E+10
      606.00  0.152105E+11 0.413110E+11 0.180024E+11 0.875046E+10
      616.00  0.141566E+11 0.427697E+11 0.180138E+11 0.841375E+10
      626.00  0.131407E+11 0.442184E+11 0.179912E+11 0.806217E+10
      636.00  0.121630E+11 0.456550E+11 0.179350E+11 0.769783E+10
      646.00  0.112239E+11 0.470773E+11 0.178457E+11 0.732286E+10
      656.00  0.103234E+11 0.484833E+11 0.177240E+11 0.693939E+10
      666.00  0.946178E+10 0.498713E+11 0.175706E+11 0.654958E+10
      676.00  0.863909E+10 0.512394E+11 0.173863E+11 0.615555E+10
      686.00  0.785536E+10 0.525858E+11 0.171721E+11 0.575941E+10
      696.00  0.711058E+10 0.539086E+11 0.169290E+11 0.536321E+10
      706.00  0.640467E+10 0.552061E+11 0.166579E+11 0.496899E+10
      716.00  0.573754E+10 0.564766E+11 0.163601E+11 0.457871E+10
      726.00  0.510902E+10 0.577186E+11 0.160369E+11 0.419431E+10
      736.00  0.451893E+10 0.589305E+11 0.156894E+11 0.381767E+10
      746.00  0.396705E+10 0.601109E+11 0.153191E+11 0.345058E+10
      756.00  0.345308E+10 0.612585E+11 0.149275E+11 0.309476E+10
      766.00  0.297672E+10 0.623717E+11 0.145159E+11 0.275187E+10
      776.00  0.253762E+10 0.634493E+11 0.140858E+11 0.242347E+10
      786.00  0.213539E+10 0.644900E+11 0.136389E+11 0.211103E+10
      796.00  0.176962E+10 0.654927E+11 0.131767E+11 0.181595E+10
      806.00  0.143986E+10 0.664562E+11 0.127009E+11 0.153953E+10
      816.00  0.114563E+10 0.673798E+11 0.122131E+11 0.128296E+10
      826.00  0.886421E+09 0.682623E+11 0.117150E+11 0.104734E+10
      836.00  0.661693E+09 0.691030E+11 0.112084E+11 0.833678E+09
      846.00  0.470879E+09 0.699009E+11 0.106948E+11 0.642857E+09
      856.00  0.313389E+09 0.706554E+11 0.101761E+11 0.475671E+09
      866.00  0.188606E+09 0.713658E+11 0.965402E+10 0.332809E+09
      876.00  0.958908E+08 0.720315E+11 0.913021E+10 0.214851E+09
      886.00  0.345814E+08 0.726521E+11 0.860645E+10 0.122275E+09
      896.00  0.399524E+07 0.732271E+11 0.808444E+10 0.554528E+08
      906.00  0.343062E+07 0.737563E+11 0.756590E+10 0.146529E+08
      916.00  0.321679E+08 0.742394E+11 0.705249E+10 0.420339E+05
      926.00  0.894707E+08 0.746760E+11 0.654588E+10 0.116865E+08
      936.00  0.174587E+09 0.750659E+11 0.604770E+10 0.495538E+08
      946.00  0.286752E+09 0.754092E+11 0.555956E+10 0.113515E+09
      956.00  0.425187E+09 0.757057E+11 0.508304E+10 0.203347E+09
      966.00  0.589102E+09 0.759556E+11 0.461967E+10 0.318735E+09
      976.00  0.777698E+09 0.761590E+11 0.417097E+10 0.459278E+09
      986.00  0.990165E+09 0.763159E+11 0.373838E+10 0.624487E+09
      996.00  0.122569E+10 0.764267E+11 0.332331E+10 0.813793E+09
     1006.00  0.148344E+10 0.764915E+11 0.292714E+10 0.102655E+10
     1016.00  0.176259E+10 0.765106E+11 0.255118E+10 0.126203E+10
     1026.00  0.206230E+10 0.764844E+11 0.219669E+10 0.151944E+10
     1036.00  0.238173E+10 0.764133E+11 0.186489E+10 0.179792E+10
     1046.00  0.272006E+10 0.762978E+11 0.155694E+10 0.209655E+10
     1056.00  0.307642E+10 0.761384E+11 0.127393E+10 0.241435E+10
     1066.00  0.344998E+10 0.759358E+11 0.101690E+10 0.275027E+10
     1076.00  0.383989E+10 0.756905E+11 0.786829E+09 0.310324E+10
     1086.00  0.424532E+10 0.754032E+11 0.584637E+09 0.347212E+10
     1096.00  0.466541E+10 0.750746E+11 0.411175E+09 0.385573E+10
     1106.00  0.509934E+10 0.747053E+11 0.267233E+09 0.425287E+10
     1116.00  0.554625E+10 0.742963E+11 0.153534E+09 0.466230E+10
     1126.00  0.600534E+10 0.738483E+11 0.707374E+08 0.508274E+10
     1136.00  0.647578E+10 0.733622E+11 0.194341E+08 0.551290E+10
     1146.00  0.695674E+10 0.728390E+11 0.149495E+06 0.595147E+10
     1156.00  0.744744E+10 0.722796E+11 0.133416E+08 0.639714E+10
     1166.00  0.794705E+10 0.716850E+11 0.594019E+08 0.684856E+10
     1176.00  0.845479E+10 0.710561E+11 0.138655E+09 0.730439E+10
     1186.00  0.896987E+10 0.703939E+11 0.251358E+09 0.776329E+10
     1196.00  0.949153E+10 0.696996E+11 0.397702E+09 0.822392E+10
     1206.00  0.100190E+11 0.689741E+11 0.577815E+09 0.868494E+10
     1216.00  0.105515E+11 0.682186E+11 0.791755E+09 0.914504E+10
     1226.00  0.110883E+11 0.674342E+11 0.103952E+10 0.960292E+10
     1236.00  0.116288E+11 0.666220E+11 0.132104E+10 0.100573E+11
     1246.00  0.121721E+11 0.657832E+11 0.163619E+10 0.105068E+11
     1256.00  0.127176E+11 0.649190E+11 0.198478E+10 0.109504E+11
     1266.00  0.132645E+11 0.640304E+11 0.236656E+10 0.113867E+11
     1276.00  0.138123E+11 0.631186E+11 0.278120E+10 0.118145E+11
     1286.00  0.143603E+11 0.621848E+11 0.322836E+10 0.122328E+11
     1296.00  0.149077E+11 0.612302E+11 0.370758E+10 0.126403E+11
     1306.00  0.154540E+11 0.602560E+11 0.421841E+10 0.130361E+11
     1316.00  0.159985E+11 0.592634E+11 0.476030E+10 0.134190E+11
     1326.00  0.165407E+11 0.582535E+11 0.533268E+10 0.137881E+11
     1336.00  0.170800E+11 0.572277E+11 0.593489E+10 0.141425E+11
     1346.00  0.176157E+11 0.561870E+11 0.656627E+10 0.144813E+11
     1356.00  0.181474E+11 0.551326E+11 0.722607E+10 0.148035E+11
     1366.00  0.186745E+11 0.540658E+11 0.791352E+10 0.151085E+11
     1376.00  0.191964E+11 0.529876E+11 0.862779E+10 0.153954E+11
     1386.00  0.197127E+11 0.518994E+11 0.936803E+10 0.156635E+11
     1396.00  0.202229E+11 0.508022E+11 0.101333E+11 0.159123E+11
     1406.00  0.207265E+11 0.496972E+11 0.109228E+11 0.161412E+11
     1416.00  0.212231E+11 0.485855E+11 0.117354E+11 0.163496E+11
     1426.00  0.217121E+11 0.474684E+11 0.125702E+11 0.165371E+11
     1436.00  0.221933E+11 0.463470E+11 0.134261E+11 0.167033E+11
     1446.00  0.226661E+11 0.452222E+11 0.143020E+11 0.168479E+11
     1456.00  0.231303E+11 0.440953E+11 0.151970E+11 0.169705E+11
     1466.00  0.235854E+11 0.429674E+11 0.161098E+11 0.170709E+11
     1476.00  0.240310E+11 0.418394E+11 0.170393E+11 0.171489E+11
     1486.00  0.244670E+11 0.407124E+11 0.179844E+11 0.172046E+11
     1496.00  0.248928E+11 0.395875E+11 0.189439E+11 0.172377E+11
     1506.00  0.253083E+11 0.384656E+11 0.199166E+11 0.172483E+11
     1516.00  0.257131E+11 0.373478E+11 0.209014E+11 0.172366E+11
     1526.00  0.261070E+11 0.362351E+11 0.218969E+11 0.172025E+11
     1536.00  0.264898E+11 0.351283E+11 0.229021E+11 0.171463E+11
     1546.00  0.268611E+11 0.340284E+11 0.239156E+11 0.170682E+11
     1556.00  0.272208E+11 0.329363E+11 0.249362E+11 0.169685E+11
     1566.00  0.275687E+11 0.318529E+11 0.259627E+11 0.168475E+11
     1576.00  0.279046E+11 0.307789E+11 0.269939E+11 0.167056E+11
     1586.00  0.282283E+11 0.297152E+11 0.280285E+11 0.165433E+11
     1596.00  0.285396E+11 0.286627E+11 0.290652E+11 0.163610E+11
     1606.00  0.288385E+11 0.276221E+11 0.301029E+11 0.161592E+11
     1616.00  0.291247E+11 0.265941E+11 0.311404E+11 0.159386E+11
     1626.00  0.293983E+11 0.255794E+11 0.321763E+11 0.156997E+11
     1636.00  0.296590E+11 0.245788E+11 0.332095E+11 0.154432E+11
     1646.00  0.299068E+11 0.235930E+11 0.342389E+11 0.151697E+11
     1656.00  0.301416E+11 0.226224E+11 0.352631E+11 0.148801E+11
     1666.00  0.303634E+11 0.216679E+11 0.362811E+11 0.145750E+11
     1676.00  0.305721E+11 0.207298E+11 0.372917E+11 0.142553E+11
     1686.00  0.307677E+11 0.198089E+11 0.382937E+11 0.139218E+11
     1696.00  0.309501E+11 0.189056E+11 0.392860E+11 0.135754E+11
     1706.00  0.311194E+11 0.180204E+11 0.402676E+11 0.132168E+11
     1716.00  0.312756E+11 0.171538E+11 0.412373E+11 0.128471E+11
     1726.00  0.314187E+11 0.163063E+11 0.421942E+11 0.124672E+11
     1736.00  0.315487E+11 0.154782E+11 0.431371E+11 0.120780E+11
     1746.00  0.316657E+11 0.146700E+11 0.440651E+11 0.116805E+11
     1756.00  0.317697E+11 0.138821E+11 0.449772E+11 0.112756E+11
     1766.00  0.318608E+11 0.131147E+11 0.458725E+11 0.108644E+11
     1776.00  0.319390E+11 0.123681E+11 0.467499E+11 0.104479E+11
     1786.00  0.320045E+11 0.116427E+11 0.476087E+11 0.100270E+11
     1796.00  0.320573E+11 0.109387E+11 0.484480E+11 0.960287E+10
     1806.00  0.320976E+11 0.102564E+11 0.492669E+11 0.917644E+10
     1816.00  0.321254E+11 0.959591E+10 0.500647E+11 0.874878E+10
     1826.00  0.321409E+11 0.895744E+10 0.508405E+11 0.832090E+10
     1836.00  0.321442E+11 0.834115E+10 0.515937E+11 0.789384E+10
     1846.00  0.321355E+11 0.774717E+10 0.523235E+11 0.746863E+10
     1856.00  0.321149E+11 0.717561E+10 0.530293E+11 0.704627E+10
     1866.00  0.320825E+11 0.662654E+10 0.537105E+11 0.662779E+10
     1876.00  0.320386E+11 0.610001E+10 0.543664E+11 0.621419E+10
     1886.00  0.319832E+11 0.559607E+10 0.549965E+11 0.580645E+10
     1896.00  0.319166E+11 0.511471E+10 0.556002E+11 0.540555E+10
     1906.00  0.318389E+11 0.465593E+10 0.561771E+11 0.501246E+10
     1916.00  0.317503E+11 0.421970E+10 0.567266E+11 0.462812E+10
     1926.00  0.316511E+11 0.380595E+10 0.572485E+11 0.425346E+10
     1936.00  0.315414E+11 0.341462E+10 0.577422E+11 0.388939E+10
     1946.00  0.314214E+11 0.304560E+10 0.582075E+11 0.353680E+10
     1956.00  0.312913E+11 0.269877E+10 0.586440E+11 0.319655E+10
     1966.00  0.311514E+11 0.237401E+10 0.590515E+11 0.286948E+10
     1976.00  0.310018E+11 0.207115E+10 0.594296E+11 0.255641E+10
     1986.00  0.308428E+11 0.179003E+10 0.597783E+11 0.225812E+10
     1996.00  0.306745E+11 0.153045E+10 0.600972E+11 0.197538E+10
     2006.00  0.304973E+11 0.129220E+10 0.603862E+11 0.170892E+10
     2016.00  0.303113E+11 0.107506E+10 0.606453E+11 0.145944E+10
     2026.00  0.301168E+11 0.878782E+09 0.608744E+11 0.122762E+10
     2036.00  0.299140E+11 0.703122E+09 0.610734E+11 0.101409E+10
     2046.00  0.297031E+11 0.547804E+09 0.612423E+11 0.819464E+09
     2056.00  0.294844E+11 0.412542E+09 0.613812E+11 0.644313E+09
     2066.00  0.292581E+11 0.297040E+09 0.614901E+11 0.489177E+09
     2076.00  0.290245E+11 0.200985E+09 0.615691E+11 0.354562E+09
     2086.00  0.287838E+11 0.124052E+09 0.616182E+11 0.240938E+09
     2096.00  0.285362E+11 0.659070E+08 0.616378E+11 0.148738E+09
     2106.00  0.282820E+11 0.262018E+08 0.616279E+11 0.783626E+08
     2116.00  0.280215E+11 0.457860E+07 0.615888E+11 0.301716E+08
     2126.00  0.277548E+11 0.669411E+06 0.615206E+11 0.449044E+07
     2136.00  0.274823E+11 0.140966E+08 0.614237E+11 0.160712E+07
     2146.00  0.272041E+11 0.444737E+08 0.612983E+11 0.217724E+08
     2156.00  0.269205E+11 0.914056E+08 0.611448E+11 0.651999E+08
     2166.00  0.266318E+11 0.154489E+09 0.609636E+11 0.132066E+09
     2176.00  0.263382E+11 0.233315E+09 0.607549E+11 0.222510E+09
     2186.00  0.260399E+11 0.327466E+09 0.605192E+11 0.336635E+09
     2196.00  0.257372E+11 0.436520E+09 0.602569E+11 0.474505E+09
     2206.00  0.254304E+11 0.560047E+09 0.599685E+11 0.636150E+09
     2216.00  0.251196E+11 0.697615E+09 0.596544E+11 0.821562E+09
     2226.00  0.248051E+11 0.848785E+09 0.593151E+11 0.103070E+10
     2236.00  0.244871E+11 0.101311E+10 0.589511E+11 0.126348E+10
     2246.00  0.241659E+11 0.119016E+10 0.585628E+11 0.151979E+10
     2256.00  0.238417E+11 0.137947E+10 0.581509E+11 0.179948E+10
     2266.00  0.235147E+11 0.158059E+10 0.577159E+11 0.210237E+10
     2276.00  0.231852E+11 0.179308E+10 0.572584E+11 0.242824E+10
     2286.00  0.228533E+11 0.201647E+10 0.567790E+11 0.277684E+10
     2296.00  0.225193E+11 0.225032E+10 0.562782E+11 0.314790E+10
     2306.00  0.221835E+11 0.249416E+10 0.557567E+11 0.354110E+10
     2316.00  0.218460E+11 0.274754E+10 0.552151E+11 0.395609E+10
     2326.00  0.215070E+11 0.301000E+10 0.546541E+11 0.439250E+10
     2336.00  0.211667E+11 0.328109E+10 0.540743E+11 0.484993E+10
     2346.00  0.208255E+11 0.356036E+10 0.534763E+11 0.532795E+10
     2356.00  0.204833E+11 0.384734E+10 0.528608E+11 0.582610E+10
     2366.00  0.201405E+11 0.414159E+10 0.522285E+11 0.634389E+10
     2376.00  0.197973E+11 0.444267E+10 0.515801E+11 0.688082E+10
     2386.00  0.194538E+11 0.475011E+10 0.509162E+11 0.743635E+10
     2396.00  0.191102E+11 0.506349E+10 0.502376E+11 0.800991E+10
     2406.00  0.187667E+11 0.538237E+10 0.495450E+11 0.860094E+10
     2416.00  0.184236E+11 0.570630E+10 0.488391E+11 0.920884E+10
     2426.00  0.180808E+11 0.603485E+10 0.481206E+11 0.983296E+10
     2436.00  0.177388E+11 0.636761E+10 0.473901E+11 0.104727E+11
     2446.00  0.173975E+11 0.670414E+10 0.466485E+11 0.111274E+11
     2456.00  0.170573E+11 0.704403E+10 0.458963E+11 0.117963E+11
     2466.00  0.167181E+11 0.738686E+10 0.451345E+11 0.124788E+11
     2476.00  0.163803E+11 0.773223E+10 0.443635E+11 0.131741E+11
     2486.00  0.160439E+11 0.807974E+10 0.435842E+11 0.138816E+11
     2496.00  0.157091E+11 0.842899E+10 0.427973E+11 0.146005E+11
     2506.00  0.153760E+11 0.877959E+10 0.420035E+11 0.153300E+11
     2516.00  0.150448E+11 0.913117E+10 0.412034E+11 0.160694E+11
     2526.00  0.147157E+11 0.948334E+10 0.403978E+11 0.168180E+11
     2536.00  0.143887E+11 0.983574E+10 0.395874E+11 0.175749E+11
     2546.00  0.140639E+11 0.101880E+11 0.387729E+11 0.183394E+11
     2556.00  0.137416E+11 0.105398E+11 0.379549E+11 0.191107E+11
     2566.00  0.134219E+11 0.108907E+11 0.371342E+11 0.198880E+11
     2576.00  0.131047E+11 0.112405E+11 0.363113E+11 0.206705E+11
     2586.00  0.127903E+11 0.115888E+11 0.354871E+11 0.214574E+11
     2596.00  0.124788E+11 0.119352E+11 0.346620E+11 0.222479E+11
     2606.00  0.121703E+11 0.122795E+11 0.338368E+11 0.230413E+11
     2616.00  0.118648E+11 0.126213E+11 0.330120E+11 0.238366E+11
     2626.00  0.115625E+11 0.129604E+11 0.321884E+11 0.246331E+11
     2636.00  0.112635E+11 0.132965E+11 0.313666E+11 0.254301E+11
     2646.00  0.109678E+11 0.136292E+11 0.305470E+11 0.262267E+11
     2656.00  0.106755E+11 0.139583E+11 0.297304E+11 0.270221E+11
     2666.00  0.103867E+11 0.142836E+11 0.289173E+11 0.278155E+11
     2676.00  0.101015E+11 0.146047E+11 0.281083E+11 0.286063E+11
     2686.00  0.981999E+10 0.149215E+11 0.273039E+11 0.293935E+11
     2696.00  0.954218E+10 0.152337E+11 0.265047E+11 0.301765E+11
     2706.00  0.926817E+10 0.155410E+11 0.257112E+11 0.309544E+11
     2716.00  0.899800E+10 0.158433E+11 0.249239E+11 0.317267E+11
     2726.00  0.873174E+10 0.161403E+11 0.241434E+11 0.324924E+11
     2736.00  0.846943E+10 0.164318E+11 0.233701E+11 0.332509E+11
     2746.00  0.821113E+10 0.167176E+11 0.226045E+11 0.340015E+11
     2756.00  0.795688E+10 0.169976E+11 0.218471E+11 0.347435E+11
     2766.00  0.770673E+10 0.172715E+11 0.210983E+11 0.354762E+11
     2776.00  0.746071E+10 0.175392E+11 0.203585E+11 0.361989E+11
     2786.00  0.721885E+10 0.178005E+11 0.196282E+11 0.369110E+11
     2796.00  0.698120E+10 0.180552E+11 0.189077E+11 0.376118E+11
     2806.00  0.674778E+10 0.183033E+11 0.181975E+11 0.383007E+11
     2816.00  0.651862E+10 0.185446E+11 0.174980E+11 0.389772E+11
     2826.00  0.629373E+10 0.187790E+11 0.168094E+11 0.396406E+11
     2836.00  0.607313E+10 0.190062E+11 0.161322E+11 0.402903E+11
     2846.00  0.585685E+10 0.192264E+11 0.154666E+11 0.409258E+11
     2856.00  0.564489E+10 0.194392E+11 0.148130E+11 0.415466E+11
     2866.00  0.543727E+10 0.196446E+11 0.141717E+11 0.421521E+11
     2876.00  0.523398E+10 0.198426E+11 0.135429E+11 0.427419E+11
     2886.00  0.503504E+10 0.200331E+11 0.129269E+11 0.433154E+11
     2896.00  0.484045E+10 0.202159E+11 0.123240E+11 0.438723E+11
     2906.00  0.465020E+10 0.203910E+11 0.117344E+11 0.444120E+11
     2916.00  0.446429E+10 0.205584E+11 0.111584E+11 0.449341E+11
     2926.00  0.428272E+10 0.207181E+11 0.105960E+11 0.454383E+11
     2936.00  0.410547E+10 0.208699E+11 0.100476E+11 0.459242E+11
     2946.00  0.393253E+10 0.210138E+11 0.951327E+10 0.463914E+11
     2956.00  0.376390E+10 0.211499E+11 0.899319E+10 0.468396E+11
     2966.00  0.359955E+10 0.212780E+11 0.848751E+10 0.472685E+11
     2976.00  0.343946E+10 0.213982E+11 0.799637E+10 0.476778E+11
     2986.00  0.328362E+10 0.215105E+11 0.751986E+10 0.480673E+11
     2996.00  0.313200E+10 0.216149E+11 0.705810E+10 0.484366E+11
     3006.00  0.298457E+10 0.217113E+11 0.661118E+10 0.487855E+11
     3016.00  0.284131E+10 0.217998E+11 0.617916E+10 0.491139E+11
     3026.00  0.270219E+10 0.218805E+11 0.576210E+10 0.494216E+11
     3036.00  0.256718E+10 0.219532E+11 0.536005E+10 0.497083E+11
     3046.00  0.243625E+10 0.220181E+11 0.497305E+10 0.499740E+11
     3056.00  0.230936E+10 0.220752E+11 0.460110E+10 0.502186E+11
     3066.00  0.218647E+10 0.221246E+11 0.424423E+10 0.504419E+11
     3076.00  0.206756E+10 0.221662E+11 0.390241E+10 0.506438E+11
     3086.00  0.195257E+10 0.222001E+11 0.357563E+10 0.508244E+11
     3096.00  0.184147E+10 0.222265E+11 0.326387E+10 0.509836E+11
     3106.00  0.173422E+10 0.222453E+11 0.296706E+10 0.511213E+11
     3116.00  0.163078E+10 0.222566E+11 0.268517E+10 0.512375E+11
     3126.00  0.153109E+10 0.222605E+11 0.241813E+10 0.513324E+11
     3136.00  0.143511E+10 0.222570E+11 0.216584E+10 0.514059E+11
     3146.00  0.134280E+10 0.222463E+11 0.192823E+10 0.514581E+11
     3156.00  0.125411E+10 0.222285E+11 0.170520E+10 0.514890E+11
     3166.00  0.116898E+10 0.222035E+11 0.149664E+10 0.514988E+11
     3176.00  0.108738E+10 0.221715E+11 0.130242E+10 0.514876E+11
     3186.00  0.100924E+10 0.221327E+11 0.112241E+10 0.514556E+11
     3196.00  0.934513E+09 0.220870E+11 0.956488E+09 0.514028E+11
     3206.00  0.863151E+09 0.220346E+11 0.804491E+09 0.513294E+11
     3216.00  0.795097E+09 0.219757E+11 0.666266E+09 0.512357E+11
     3226.00  0.730297E+09 0.219102E+11 0.541647E+09 0.511219E+11
     3236.00  0.668697E+09 0.218384E+11 0.430459E+09 0.509881E+11
     3246.00  0.610241E+09 0.217603E+11 0.332520E+09 0.508346E+11
     3256.00  0.554872E+09 0.216760E+11 0.247642E+09 0.506616E+11
     3266.00  0.502534E+09 0.215857E+11 0.175626E+09 0.504695E+11
     3276.00  0.453170E+09 0.214895E+11 0.116269E+09 0.502584E+11
     3286.00  0.406722E+09 0.213876E+11 0.693601E+08 0.500288E+11
     3296.00  0.363133E+09 0.212799E+11 0.346823E+08 0.497808E+11
     3306.00  0.322345E+09 0.211667E+11 0.120122E+08 0.495148E+11
     3316.00  0.284299E+09 0.210482E+11 0.112090E+07 0.492312E+11
     3326.00  0.248936E+09 0.209243E+11 0.177391E+07 0.489302E+11
     3336.00  0.216198E+09 0.207953E+11 0.137316E+08 0.486123E+11
     3346.00  0.186026E+09 0.206613E+11 0.367494E+08 0.482778E+11
     3356.00  0.158360E+09 0.205224E+11 0.705783E+08 0.479270E+11
     3366.00  0.133142E+09 0.203788E+11 0.114965E+09 0.475604E+11
     3376.00  0.110313E+09 0.202306E+11 0.169652E+09 0.471784E+11
     3386.00  0.898141E+08 0.200779E+11 0.234379E+09 0.467814E+11
     3396.00  0.715855E+08 0.199208E+11 0.308881E+09 0.463697E+11
     3406.00  0.555686E+08 0.197596E+11 0.392891E+09 0.459438E+11
     3416.00  0.417048E+08 0.195944E+11 0.486139E+09 0.455041E+11
     3426.00  0.299355E+08 0.194252E+11 0.588351E+09 0.450511E+11
     3436.00  0.202024E+08 0.192523E+11 0.699254E+09 0.445851E+11
     3446.00  0.124474E+08 0.190757E+11 0.818570E+09 0.441067E+11
     3456.00  0.661262E+07 0.188956E+11 0.946021E+09 0.436163E+11
     3466.00  0.264062E+07 0.187122E+11 0.108133E+10 0.431143E+11
     3476.00  0.474178E+06 0.185256E+11 0.122420E+10 0.426012E+11
     3486.00  0.564753E+05 0.183359E+11 0.137437E+10 0.420775E+11
     3496.00  0.133108E+07 0.181432E+11 0.153155E+10 0.415436E+11
     3506.00  0.424199E+07 0.179478E+11 0.169546E+10 0.410000E+11
     3516.00  0.873362E+07 0.177497E+11 0.186581E+10 0.404471E+11
     3526.00  0.147509E+08 0.175491E+11 0.204231E+10 0.398855E+11
     3536.00  0.222392E+08 0.173460E+11 0.222470E+10 0.393157E+11
     3546.00  0.311444E+08 0.171408E+11 0.241268E+10 0.387380E+11
     3556.00  0.414130E+08 0.169334E+11 0.260597E+10 0.381529E+11
     3566.00  0.529920E+08 0.167241E+11 0.280429E+10 0.375611E+11
     3576.00  0.658290E+08 0.165128E+11 0.300737E+10 0.369628E+11
     3586.00  0.798721E+08 0.162999E+11 0.321492E+10 0.363586E+11
     3596.00  0.950702E+08 0.160854E+11 0.342667E+10 0.357490E+11
     3606.00  0.111373E+09 0.158694E+11 0.364235E+10 0.351344E+11
     3616.00  0.128729E+09 0.156521E+11 0.386168E+10 0.345153E+11
     3626.00  0.147092E+09 0.154336E+11 0.408438E+10 0.338921E+11
     3636.00  0.166410E+09 0.152139E+11 0.431021E+10 0.332654E+11
     3646.00  0.186638E+09 0.149934E+11 0.453888E+10 0.326356E+11
     3656.00  0.207726E+09 0.147719E+11 0.477014E+10 0.320031E+11
     3666.00  0.229631E+09 0.145498E+11 0.500372E+10 0.313685E+11
     3676.00  0.252304E+09 0.143271E+11 0.523937E+10 0.307321E+11
     3686.00  0.275702E+09 0.141038E+11 0.547684E+10 0.300944E+11
     3696.00  0.299780E+09 0.138802E+11 0.571587E+10 0.294558E+11
     3706.00  0.324494E+09 0.136563E+11 0.595622E+10 0.288168E+11
     3716.00  0.349803E+09 0.134323E+11 0.619764E+10 0.281778E+11
     3726.00  0.375663E+09 0.132083E+11 0.643990E+10 0.275392E+11
     3736.00  0.402034E+09 0.129843E+11 0.668275E+10 0.269014E+11
     3746.00  0.428876E+09 0.127604E+11 0.692598E+10 0.262649E+11
     3756.00  0.456149E+09 0.125369E+11 0.716934E+10 0.256301E+11
     3766.00  0.483814E+09 0.123137E+11 0.741261E+10 0.249972E+11
     3776.00  0.511832E+09 0.120910E+11 0.765559E+10 0.243669E+11
     3786.00  0.540168E+09 0.118688E+11 0.789804E+10 0.237393E+11
     3796.00  0.568785E+09 0.116473E+11 0.813976E+10 0.231149E+11
     3806.00  0.597647E+09 0.114266E+11 0.838054E+10 0.224941E+11
     3816.00  0.626719E+09 0.112067E+11 0.862019E+10 0.218773E+11
     3826.00  0.655968E+09 0.109877E+11 0.885850E+10 0.212647E+11
     3836.00  0.685360E+09 0.107698E+11 0.909528E+10 0.206567E+11
     3846.00  0.714863E+09 0.105529E+11 0.933035E+10 0.200536E+11
     3856.00  0.744446E+09 0.103373E+11 0.956352E+10 0.194558E+11
     3866.00  0.774078E+09 0.101229E+11 0.979461E+10 0.188637E+11
     3876.00  0.803729E+09 0.990978E+10 0.100235E+11 0.182774E+11
     3886.00  0.833371E+09 0.969813E+10 0.102499E+11 0.176973E+11
     3896.00  0.862974E+09 0.948795E+10 0.104737E+11 0.171237E+11
     3906.00  0.892512E+09 0.927933E+10 0.106948E+11 0.165569E+11
     3916.00  0.921958E+09 0.907233E+10 0.109131E+11 0.159971E+11
     3926.00  0.951287E+09 0.886702E+10 0.111282E+11 0.154446E+11
     3936.00  0.980472E+09 0.866345E+10 0.113402E+11 0.148996E+11
     3946.00  0.100949E+10 0.846170E+10 0.115489E+11 0.143624E+11
     3956.00  0.103832E+10 0.826182E+10 0.117541E+11 0.138333E+11
     3966.00  0.106693E+10 0.806386E+10 0.119558E+11 0.133124E+11
     3976.00  0.109531E+10 0.786788E+10 0.121537E+11 0.128000E+11
     3986.00  0.112344E+10 0.767394E+10 0.123479E+11 0.122963E+11
     3996.00  0.115128E+10 0.748208E+10 0.125380E+11 0.118014E+11
     4006.00  0.117883E+10 0.729235E+10 0.127242E+11 0.113156E+11
     4016.00  0.120607E+10 0.710480E+10 0.129062E+11 0.108389E+11
     4026.00  0.123297E+10 0.691946E+10 0.130840E+11 0.103717E+11
     4036.00  0.125952E+10 0.673639E+10 0.132574E+11 0.991402E+10
     4046.00  0.128571E+10 0.655562E+10 0.134264E+11 0.946602E+10
     4056.00  0.131151E+10 0.637718E+10 0.135909E+11 0.902785E+10
     4066.00  0.133691E+10 0.620112E+10 0.137509E+11 0.859963E+10
     4076.00  0.136190E+10 0.602746E+10 0.139062E+11 0.818148E+10
     4086.00  0.138646E+10 0.585624E+10 0.140567E+11 0.777351E+10
     4096.00  0.141058E+10 0.568748E+10 0.142025E+11 0.737581E+10
     4106.00  0.143425E+10 0.552122E+10 0.143434E+11 0.698848E+10
     4116.00  0.145746E+10 0.535747E+10 0.144795E+11 0.661160E+10
     4126.00  0.148018E+10 0.519626E+10 0.146106E+11 0.624524E+10
     4136.00  0.150243E+10 0.503762E+10 0.147367E+11 0.588946E+10
     4146.00  0.152417E+10 0.488156E+10 0.148577E+11 0.554431E+10
     4156.00  0.154541E+10 0.472809E+10 0.149737E+11 0.520985E+10
     4166.00  0.156613E+10 0.457725E+10 0.150846E+11 0.488610E+10
     4176.00  0.158634E+10 0.442903E+10 0.151904E+11 0.457309E+10
     4186.00  0.160601E+10 0.428345E+10 0.152911E+11 0.427085E+10
     4196.00  0.162514E+10 0.414052E+10 0.153865E+11 0.397938E+10
     4206.00  0.164373E+10 0.400026E+10 0.154768E+11 0.369869E+10
     4216.00  0.166177E+10 0.386266E+10 0.155619E+11 0.342877E+10
     4226.00  0.167925E+10 0.372773E+10 0.156418E+11 0.316961E+10
     4236.00  0.169618E+10 0.359548E+10 0.157165E+11 0.292118E+10
     4246.00  0.171254E+10 0.346591E+10 0.157860E+11 0.268347E+10
     4256.00  0.172833E+10 0.333903E+10 0.158503E+11 0.245642E+10
     4266.00  0.174355E+10 0.321482E+10 0.159094E+11 0.224001E+10
     4276.00  0.175820E+10 0.309328E+10 0.159633E+11 0.203418E+10
     4286.00  0.177227E+10 0.297443E+10 0.160121E+11 0.183887E+10
     4296.00  0.178576E+10 0.285824E+10 0.160557E+11 0.165402E+10
     4306.00  0.179867E+10 0.274471E+10 0.160942E+11 0.147956E+10
     4316.00  0.181100E+10 0.263384E+10 0.161276E+11 0.131541E+10
     4326.00  0.182275E+10 0.252561E+10 0.161560E+11 0.116148E+10
     4336.00  0.183392E+10 0.242002E+10 0.161793E+11 0.101770E+10
     4346.00  0.184451E+10 0.231706E+10 0.161976E+11 0.883958E+09
     4356.00  0.185452E+10 0.221670E+10 0.162110E+11 0.760159E+09
     4366.00  0.186395E+10 0.211895E+10 0.162195E+11 0.646196E+09
     4376.00  0.187280E+10 0.202377E+10 0.162230E+11 0.541957E+09
     4386.00  0.188108E+10 0.193117E+10 0.162218E+11 0.447325E+09
     4396.00  0.188878E+10 0.184111E+10 0.162157E+11 0.362177E+09
     4406.00  0.189591E+10 0.175359E+10 0.162050E+11 0.286386E+09
     4416.00  0.190248E+10 0.166857E+10 0.161895E+11 0.219821E+09
     4426.00  0.190847E+10 0.158605E+10 0.161695E+11 0.162346E+09
     4436.00  0.191391E+10 0.150600E+10 0.161448E+11 0.113821E+09
     4446.00  0.191879E+10 0.142840E+10 0.161157E+11 0.741002E+08
     4456.00  0.192312E+10 0.135323E+10 0.160821E+11 0.430361E+08
     4466.00  0.192689E+10 0.128045E+10 0.160442E+11 0.204765E+08
     4476.00  0.193013E+10 0.121006E+10 0.160019E+11 0.626562E+07
     4486.00  0.193282E+10 0.114202E+10 0.159554E+11 0.244572E+06
     4511.00  0.193722E+10 0.982049E+09 0.158210E+11 0.199508E+08
     4536.00  0.193838E+10 0.836199E+09 0.156617E+11 0.872096E+08
     4561.00  0.193637E+10 0.704023E+09 0.154785E+11 0.199309E+09
     4586.00  0.193131E+10 0.585055E+09 0.152728E+11 0.353456E+09
     4611.00  0.192331E+10 0.478809E+09 0.150458E+11 0.546790E+09
     4636.00  0.191247E+10 0.384783E+09 0.147989E+11 0.776401E+09
     4661.00  0.189893E+10 0.302464E+09 0.145332E+11 0.103935E+10
     4686.00  0.188280E+10 0.231326E+09 0.142502E+11 0.133267E+10
     4711.00  0.186421E+10 0.170839E+09 0.139513E+11 0.165339E+10
     4736.00  0.184330E+10 0.120465E+09 0.136377E+11 0.199857E+10
     4761.00  0.182019E+10 0.796641E+08 0.133109E+11 0.236526E+10
     4786.00  0.179502E+10 0.478953E+08 0.129723E+11 0.275057E+10
     4811.00  0.176792E+10 0.246190E+08 0.126230E+11 0.315164E+10
     4836.00  0.173904E+10 0.929830E+07 0.122645E+11 0.356569E+10
     4861.00  0.170850E+10 0.140134E+07 0.118982E+11 0.398997E+10
     4886.00  0.167644E+10 0.402528E+06 0.115251E+11 0.442185E+10
     4911.00  0.164299E+10 0.578429E+07 0.111467E+11 0.485875E+10
     4936.00  0.160828E+10 0.170384E+08 0.107641E+11 0.529820E+10
     4961.00  0.157244E+10 0.336672E+08 0.103786E+11 0.573782E+10
     4986.00  0.153560E+10 0.551850E+08 0.999113E+10 0.617535E+10
     5011.00  0.149789E+10 0.811188E+08 0.960296E+10 0.660862E+10
     5036.00  0.145941E+10 0.111009E+09 0.921509E+10 0.703560E+10
     5061.00  0.142030E+10 0.144412E+09 0.882854E+10 0.745434E+10
     5086.00  0.138065E+10 0.180898E+09 0.844427E+10 0.786305E+10
     5111.00  0.134059E+10 0.220054E+09 0.806318E+10 0.826004E+10
     5136.00  0.130022E+10 0.261483E+09 0.768614E+10 0.864376E+10
     5161.00  0.125964E+10 0.304805E+09 0.731397E+10 0.901276E+10
     5186.00  0.121895E+10 0.349657E+09 0.694742E+10 0.936575E+10
     5211.00  0.117824E+10 0.395696E+09 0.658719E+10 0.970155E+10
     5236.00  0.113760E+10 0.442592E+09 0.623395E+10 0.100191E+11
     5261.00  0.109712E+10 0.490037E+09 0.588830E+10 0.103175E+11
     5286.00  0.105687E+10 0.537739E+09 0.555078E+10 0.105958E+11
     5311.00  0.101694E+10 0.585424E+09 0.522190E+10 0.108535E+11
     5336.00  0.977384E+09 0.632835E+09 0.490210E+10 0.110899E+11
     5361.00  0.938280E+09 0.679735E+09 0.459180E+10 0.113046E+11
     5386.00  0.899688E+09 0.725902E+09 0.429133E+10 0.114973E+11
     5411.00  0.861663E+09 0.771131E+09 0.400100E+10 0.116676E+11
     5436.00  0.824261E+09 0.815235E+09 0.372107E+10 0.118155E+11
     5461.00  0.787530E+09 0.858043E+09 0.345175E+10 0.119408E+11
     5511.00  0.716254E+09 0.939166E+09 0.294557E+10 0.121244E+11
     5561.00  0.648145E+09 0.101344E+10 0.248333E+10 0.122197E+11
     5611.00  0.583448E+09 0.108005E+10 0.206526E+10 0.122295E+11
     5661.00  0.522351E+09 0.113838E+10 0.169105E+10 0.121576E+11
     5711.00  0.464983E+09 0.118803E+10 0.135989E+10 0.120087E+11
     5761.00  0.411428E+09 0.122877E+10 0.107052E+10 0.117884E+11
     5811.00  0.361720E+09 0.126054E+10 0.821338E+09 0.115029E+11
     5861.00  0.315852E+09 0.128342E+10 0.610387E+09 0.111588E+11
     5911.00  0.273782E+09 0.129762E+10 0.435473E+09 0.107631E+11
     5961.00  0.235433E+09 0.130346E+10 0.294194E+09 0.103228E+11
     6011.00  0.200701E+09 0.130135E+10 0.183997E+09 0.984535E+10
     6061.00  0.169460E+09 0.129175E+10 0.102229E+09 0.933776E+10
     6111.00  0.141561E+09 0.127522E+10 0.461791E+08 0.880708E+10
     6161.00  0.116841E+09 0.125233E+10 0.131221E+08 0.826007E+10
     6211.00  0.951248E+08 0.122370E+10 0.353639E+06 0.770317E+10
     6261.00  0.762264E+08 0.118996E+10 0.522324E+07 0.714245E+10
     6311.00  0.599553E+08 0.115175E+10 0.251626E+08 0.658352E+10
     6361.00  0.461170E+08 0.110972E+10 0.577093E+08 0.603156E+10
     6411.00  0.345162E+08 0.106448E+10 0.100527E+09 0.549120E+10
     6461.00  0.249589E+08 0.101666E+10 0.151421E+09 0.496658E+10
     6511.00  0.172543E+08 0.966829E+09 0.208353E+09 0.446131E+10
     6561.00  0.112164E+08 0.915557E+09 0.269444E+09 0.397845E+10
     6611.00  0.666550E+07 0.863366E+09 0.332988E+09 0.352055E+10
     6661.00  0.342915E+07 0.810745E+09 0.397448E+09 0.308966E+10
     6711.00  0.134338E+07 0.758144E+09 0.461462E+09 0.268732E+10
     6761.00  0.253248E+06 0.705972E+09 0.523835E+09 0.231464E+10
     6811.00  0.134501E+05 0.654598E+09 0.583541E+09 0.197227E+10
     6861.00  0.488664E+06 0.604349E+09 0.639712E+09 0.166046E+10
     6911.00  0.155378E+07 0.555511E+09 0.691634E+09 0.137912E+10
     6961.00  0.309396E+07 0.508330E+09 0.738738E+09 0.112781E+10
     7011.00  0.500462E+07 0.463014E+09 0.780591E+09 0.905801E+09
     7061.00  0.719124E+07 0.419732E+09 0.816882E+09 0.712106E+09
     7111.00  0.956914E+07 0.378620E+09 0.847420E+09 0.545528E+09
     7161.00  0.120632E+08 0.339779E+09 0.872116E+09 0.404683E+09
     7211.00  0.146072E+08 0.303280E+09 0.890972E+09 0.288040E+09
     7261.00  0.171440E+08 0.269164E+09 0.904076E+09 0.193955E+09
     7311.00  0.196242E+08 0.237447E+09 0.911586E+09 0.120700E+09
     7361.00  0.220064E+08 0.208122E+09 0.913722E+09 0.664960E+08
     7411.00  0.242563E+08 0.181161E+09 0.910755E+09 0.295338E+08
     7511.00  0.282536E+08 0.134123E+09 0.890799E+09 0.116005E+06
     7611.00  0.314633E+08 0.957800E+08 0.854578E+09 0.183153E+08
     7711.00  0.338119E+08 0.653909E+08 0.805233E+09 0.708706E+08
     7811.00  0.352890E+08 0.420973E+08 0.745981E+09 0.145814E+09
     7911.00  0.359319E+08 0.249777E+08 0.679937E+09 0.232746E+09
     8011.00  0.358124E+08 0.130958E+08 0.609993E+09 0.322984E+09
     8111.00  0.350249E+08 0.553859E+07 0.538725E+09 0.409599E+09
     8211.00  0.336767E+08 0.144501E+07 0.468340E+09 0.487361E+09
     8311.00  0.318799E+08 0.268792E+05 0.400649E+09 0.552623E+09
     8411.00  0.297453E+08 0.582202E+06 0.337064E+09 0.603153E+09
     8511.00  0.273778E+08 0.250228E+07 0.278614E+09 0.637938E+09
     8611.00  0.248727E+08 0.527363E+07 0.225977E+09 0.656970E+09
     8711.00  0.223140E+08 0.847578E+07 0.179517E+09 0.661035E+09
     8811.00  0.197731E+08 0.117759E+08 0.139330E+09 0.651510E+09
     8911.00  0.173086E+08 0.149214E+08 0.105292E+09 0.630175E+09
     9011.00  0.149665E+08 0.177308E+08 0.771037E+08 0.599051E+09
     9111.00  0.127808E+08 0.200842E+08 0.543363E+08 0.560253E+09
     9211.00  0.107751E+08 0.219136E+08 0.364725E+08 0.515876E+09
     9311.00  0.896331E+07 0.231930E+08 0.229415E+08 0.467908E+09
     9411.00  0.735126E+07 0.239296E+08 0.131505E+08 0.418160E+09
     9511.00  0.593815E+07 0.241551E+08 0.650946E+07 0.368222E+09
     9611.00  0.471777E+07 0.239194E+08 0.245168E+07 0.319438E+09
     9711.00  0.367985E+07 0.232832E+08 0.448317E+06 0.272897E+09
     9811.00  0.281113E+07 0.223136E+08 0.191232E+05 0.229435E+09
     9911.00  0.209644E+07 0.210792E+08 0.738881E+06 0.189650E+09
    10011.00  0.151948E+07 0.196472E+08 0.224051E+07 0.153920E+09
    10111.00  0.106362E+07 0.180808E+08 0.421536E+07 0.122434E+09
    10211.00  0.712414E+06 0.164372E+08 0.641135E+07 0.952132E+08
    10311.00  0.450097E+06 0.147667E+08 0.862939E+07 0.721478E+08
    10411.00  0.261897E+06 0.131122E+08 0.107187E+08 0.530208E+08
    10511.00  0.134265E+06 0.115091E+08 0.125713E+08 0.375368E+08
    10611.00  0.550151E+05 0.998495E+07 0.141163E+08 0.253474E+08
    10711.00  0.133955E+05 0.856062E+07 0.153140E+08 0.160724E+08
    10811.00  0.901104E+02 0.725044E+07 0.161501E+08 0.931892E+07
    10911.00  0.717940E+04 0.606315E+07 0.166304E+08 0.469717E+07
    11011.00  0.280641E+05 0.500257E+07 0.167758E+08 0.183233E+07
    11111.00  0.573641E+05 0.406849E+07 0.166181E+08 0.374164E+06
    11211.00  0.908018E+05 0.325740E+07 0.161962E+08 0.351483E+04
    11311.00  0.125076E+06 0.256324E+07 0.155528E+08 0.436469E+06
    11411.00  0.157736E+06 0.197809E+07 0.147317E+08 0.142643E+07
    11511.00  0.187053E+06 0.149274E+07 0.137761E+08 0.276446E+07
    11611.00  0.211904E+06 0.109723E+07 0.127267E+08 0.427827E+07
    11711.00  0.231657E+06 0.781295E+06 0.116209E+08 0.583012E+07
    11811.00  0.246072E+06 0.534698E+06 0.104917E+08 0.731398E+07
    11911.00  0.255214E+06 0.347535E+06 0.936753E+07 0.865225E+07
    12011.00  0.259368E+06 0.210444E+06 0.827216E+07 0.979209E+07
    12111.00  0.258977E+06 0.114757E+06 0.722455E+07 0.107018E+08
    12211.00  0.254586E+06 0.526040E+05 0.623926E+07 0.113671E+08
    12311.00  0.246791E+06 0.169645E+05 0.532669E+07 0.117878E+08
    12411.00  0.236210E+06 0.168855E+04 0.449361E+07 0.119746E+08
    12511.00  0.223448E+06 0.148252E+04 0.374355E+07 0.119461E+08
    12611.00  0.209079E+06 0.118741E+05 0.307729E+07 0.117265E+08
    12711.00  0.193633E+06 0.291595E+05 0.249340E+07 0.113431E+08
    12811.00  0.177580E+06 0.503396E+05 0.198863E+07 0.108250E+08
    12911.00  0.161334E+06 0.730479E+05 0.155838E+07 0.102011E+08
    13011.00  0.145242E+06 0.954764E+05 0.119710E+07 0.949948E+07
    13111.00  0.129592E+06 0.116300E+06 0.898564E+06 0.874612E+07
    13211.00  0.114611E+06 0.134604E+06 0.656249E+06 0.796461E+07
    13311.00  0.100473E+06 0.149814E+06 0.463523E+06 0.717565E+07
    13411.00  0.873012E+05 0.161635E+06 0.313864E+06 0.639688E+07
    13511.00  0.751756E+05 0.169990E+06 0.201012E+06 0.564288E+07
    13611.00  0.641385E+05 0.174973E+06 0.119089E+06 0.492522E+07
    13711.00  0.542002E+05 0.176798E+06 0.626795E+05 0.425265E+07
    13811.00  0.453449E+05 0.175768E+06 0.268823E+05 0.363131E+07
    13911.00  0.375362E+05 0.172239E+06 0.733728E+04 0.306507E+07
    14011.00  0.307216E+05 0.166594E+06 0.230496E+03 0.255577E+07
    14111.00  0.248372E+05 0.159224E+06 0.228283E+04 0.210355E+07
    14211.00  0.198110E+05 0.150509E+06 0.107253E+05 0.170716E+07
    14311.00  0.155668E+05 0.140810E+06 0.232650E+05 0.136426E+07
    14411.00  0.120263E+05 0.130456E+06 0.380448E+05 0.107164E+07
    14511.00  0.911167E+04 0.119744E+06 0.535990E+05 0.825516E+06
    14611.00  0.674725E+04 0.108929E+06 0.688070E+05 0.621713E+06
    14711.00  0.486087E+04 0.982314E+05 0.828474E+05 0.455854E+06
    14811.00  0.338482E+04 0.878302E+05 0.951535E+05 0.323514E+06
    14911.00  0.225659E+04 0.778691E+05 0.105371E+06 0.220348E+06
    15011.00  0.141921E+04 0.684577E+05 0.113318E+06 0.142184E+06
    15111.00  0.821453E+03 0.596748E+05 0.118951E+06 0.851004E+05
    15211.00  0.417866E+03 0.515718E+05 0.122334E+06 0.454781E+05
    15311.00  0.168592E+03 0.441769E+05 0.123606E+06 0.200332E+05
    15411.00  0.391398E+02 0.374978E+05 0.122965E+06 0.583484E+04
    15511.00  0.499019E-01 0.315257E+05 0.120642E+06 0.309151E+03
    15611.00  0.265141E+02 0.262389E+05 0.116885E+06 0.123297E+04
    15711.00  0.979579E+02 0.216050E+05 0.111950E+06 0.671869E+04
    15811.00  0.197609E+03 0.175842E+05 0.106087E+06 0.151932E+05
    15911.00  0.312068E+03 0.141314E+05 0.995339E+05 0.253727E+05
    16011.00  0.430881E+03 0.111983E+05 0.925091E+05 0.362341E+05
    16111.00  0.546140E+03 0.873517E+04 0.852099E+05 0.469864E+05
    16211.00  0.652103E+03 0.669227E+04 0.778099E+05 0.570406E+05
    16311.00  0.744842E+03 0.502085E+04 0.704573E+05 0.659807E+05
    16411.00  0.821927E+03 0.367420E+04 0.632759E+05 0.735368E+05
    16511.00  0.882138E+03 0.260827E+04 0.563658E+05 0.795588E+05
    16611.00  0.925213E+03 0.178208E+04 0.498050E+05 0.839937E+05
    16711.00  0.951622E+03 0.115810E+04 0.436509E+05 0.868636E+05
    16811.00  0.962387E+03 0.702333E+03 0.379430E+05 0.882484E+05
    16911.00  0.958906E+03 0.384406E+03 0.327046E+05 0.882686E+05
    17011.00  0.942825E+03 0.177480E+03 0.279455E+05 0.870722E+05
    17111.00  0.915926E+03 0.581360E+02 0.236640E+05 0.848234E+05
    17211.00  0.880037E+03 0.619041E+01 0.198490E+05 0.816932E+05
    17311.00  0.836957E+03 0.447147E+01 0.164821E+05 0.778515E+05
    17411.00  0.788408E+03 0.385728E+02 0.135390E+05 0.734625E+05
    17511.00  0.735995E+03 0.965930E+02 0.109918E+05 0.686798E+05
    17611.00  0.681173E+03 0.168870E+03 0.880957E+04 0.636432E+05
    17711.00  0.625237E+03 0.247721E+03 0.695999E+04 0.584778E+05
    17811.00  0.569311E+03 0.327185E+03 0.541029E+04 0.532923E+05
    17911.00  0.514346E+03 0.402789E+03 0.412798E+04 0.481791E+05
    18011.00  0.461126E+03 0.471316E+03 0.308155E+04 0.432145E+05
    18111.00  0.410278E+03 0.530608E+03 0.224094E+04 0.384597E+05
    18211.00  0.362277E+03 0.579371E+03 0.157795E+04 0.339615E+05
    18311.00  0.317466E+03 0.617013E+03 0.106642E+04 0.297540E+05
    18411.00  0.276067E+03 0.643496E+03 0.682488E+03 0.258599E+05
    18511.00  0.238198E+03 0.659206E+03 0.404552E+03 0.222917E+05
    18611.00  0.203885E+03 0.664840E+03 0.213347E+03 0.190535E+05
    18711.00  0.173082E+03 0.661317E+03 0.918717E+02 0.161421E+05
    18811.00  0.145681E+03 0.649696E+03 0.252973E+02 0.135486E+05
    18911.00  0.121525E+03 0.631110E+03 0.846196E+00 0.112596E+05
    19011.00  0.100422E+03 0.606716E+03 0.764799E+01 0.925814E+04
    19111.00  0.821553E+02 0.577655E+03 0.365809E+02 0.752475E+04
    19311.00  0.531905E+02 0.509811E+03 0.132100E+03 0.477727E+04
    19511.00  0.327119E+02 0.435332E+03 0.243098E+03 0.284236E+04
    19711.00  0.188640E+02 0.360425E+03 0.342797E+03 0.154866E+04
    19911.00  0.998152E+01 0.289640E+03 0.417316E+03 0.740065E+03
    20111.00  0.465548E+01 0.225965E+03 0.461721E+03 0.282122E+03
    20311.00  0.175486E+01 0.171038E+03 0.476862E+03 0.644903E+02
    20511.00  0.415597E+00 0.125418E+03 0.466925E+03 0.619176E+00
    20711.00  0.100553E-01 0.888672E+02 0.437660E+03 0.256716E+02
    20911.00  0.106457E+00 0.606088E+02 0.395157E+03 0.934855E+02
    21111.00  0.425948E+00 0.395540E+02 0.345073E+03 0.173172E+03
    21311.00  0.802330E+00 0.244809E+02 0.292201E+03 0.245763E+03
    21511.00  0.114746E+01 0.141682E+02 0.240280E+03 0.301147E+03
    21711.00  0.142357E+01 0.748690E+01 0.191983E+03 0.335452E+03
    21911.00  0.162265E+01 0.345472E+01 0.149006E+03 0.348903E+03
    22111.00  0.175197E+01 0.126071E+01 0.112219E+03 0.344161E+03
    22311.00  0.182483E+01 0.268005E+00 0.818416E+02 0.325095E+03
    22511.00  0.185505E+01 0.950764E-03 0.576139E+02 0.295917E+03
    22711.00  0.185418E+01 0.123323E+00 0.389614E+02 0.260629E+03
    22911.00  0.183042E+01 0.412312E+00 0.251273E+02 0.222690E+03
    23111.00  0.178862E+01 0.732151E+00 0.152833E+02 0.184865E+03
    23311.00  0.173076E+01 0.100990E+01 0.860975E+01 0.149190E+03
    23511.00  0.165674E+01 0.121489E+01 0.435139E+01 0.117021E+03
    23711.00  0.156534E+01 0.134248E+01 0.185086E+01 0.891195E+02
    23911.00  0.145515E+01 0.140203E+01 0.564122E+00 0.657673E+02
    24111.00  0.132543E+01 0.140870E+01 0.622491E-01 0.468838E+02
    24311.00  0.117689E+01 0.137834E+01 0.236925E-01 0.321346E+02
    24511.00  0.101226E+01 0.132474E+01 0.220568E+00 0.210291E+02
    24711.00  0.836502E+00 0.125844E+01 0.502029E+00 0.129990E+02
    24911.00  0.656776E+00 0.118659E+01 0.777061E+00 0.746047E+01
    25111.00  0.481965E+00 0.111331E+01 0.998354E+00 0.385827E+01
    25311.00  0.321914E+00 0.104033E+01 0.114834E+01 0.169530E+01
    25511.00  0.186389E+00 0.967655E+00 0.122786E+01 0.548549E+00
    25711.00  0.839452E-01 0.894239E+00 0.124764E+01 0.752223E-01
    25911.00  0.208139E-01 0.818544E+00 0.122226E+01 0.108576E-01
    26111.00  0.207392E-05 0.739094E+00 0.116642E+01 0.162265E+00
    26311.00  0.207259E-01 0.654911E+00 0.109274E+01 0.397247E+00
    26511.00  0.782841E-01 0.565890E+00 0.101095E+01 0.632905E+00
    26711.00  0.164408E+00 0.473034E+00 0.927735E+00 0.823888E+00
    26911.00  0.268057E+00 0.378567E+00 0.847113E+00 0.951574E+00
         IE==>     12           13           14           15
        1.00  0.976571E+09 0.519271E+08 0.157706E+10 0.443125E+10
        2.00  0.229868E+10 0.131169E+09 0.369941E+10 0.103012E+11
        3.00  0.347243E+10 0.211744E+09 0.556919E+10 0.153704E+11
        4.00  0.443997E+10 0.288216E+09 0.709642E+10 0.194146E+11
        5.00  0.523343E+10 0.360387E+09 0.833571E+10 0.226092E+11
        6.00  0.589559E+10 0.429307E+09 0.935784E+10 0.251669E+11
        7.00  0.646223E+10 0.496146E+09 0.102216E+11 0.272607E+11
        8.00  0.695975E+10 0.561872E+09 0.109702E+11 0.290168E+11
        9.00  0.740658E+10 0.627187E+09 0.116337E+11 0.305225E+11
       10.00  0.781541E+10 0.692578E+09 0.122329E+11 0.318381E+11
       11.00  0.819510E+10 0.758369E+09 0.127821E+11 0.330054E+11
       12.00  0.855202E+10 0.824789E+09 0.132919E+11 0.340548E+11
       13.00  0.889092E+10 0.892000E+09 0.137698E+11 0.350087E+11
       14.00  0.921549E+10 0.960131E+09 0.142220E+11 0.358845E+11
       15.00  0.952862E+10 0.102928E+10 0.146530E+11 0.366958E+11
       16.00  0.983262E+10 0.109953E+10 0.150667E+11 0.374533E+11
       17.00  0.101293E+11 0.117093E+10 0.154660E+11 0.381655E+11
       18.00  0.104200E+11 0.124353E+10 0.158530E+11 0.388389E+11
       19.00  0.107059E+11 0.131734E+10 0.162296E+11 0.394786E+11
       20.00  0.109878E+11 0.139237E+10 0.165970E+11 0.400886E+11
       21.00  0.112662E+11 0.146862E+10 0.169563E+11 0.406721E+11
       22.00  0.115419E+11 0.154606E+10 0.173085E+11 0.412315E+11
       23.00  0.118150E+11 0.162470E+10 0.176540E+11 0.417690E+11
       24.00  0.120861E+11 0.170449E+10 0.179935E+11 0.422865E+11
       25.00  0.123555E+11 0.178543E+10 0.183276E+11 0.427856E+11
       26.00  0.126233E+11 0.186751E+10 0.186567E+11 0.432676E+11
       27.00  0.128900E+11 0.195070E+10 0.189813E+11 0.437341E+11
       28.00  0.131557E+11 0.203499E+10 0.193016E+11 0.441860E+11
       29.00  0.134207E+11 0.212035E+10 0.196181E+11 0.446245E+11
       30.00  0.136851E+11 0.220679E+10 0.199310E+11 0.450504E+11
       31.00  0.139491E+11 0.229426E+10 0.202406E+11 0.454644E+11
       32.00  0.142128E+11 0.238276E+10 0.205469E+11 0.458673E+11
       33.00  0.144763E+11 0.247225E+10 0.208503E+11 0.462595E+11
       34.00  0.147396E+11 0.256271E+10 0.211508E+11 0.466415E+11
       35.00  0.150029E+11 0.265411E+10 0.214484E+11 0.470136E+11
       36.00  0.152660E+11 0.274642E+10 0.217432E+11 0.473761E+11
       37.00  0.155292E+11 0.283961E+10 0.220354E+11 0.477293E+11
       38.00  0.157924E+11 0.293364E+10 0.223248E+11 0.480734E+11
       39.00  0.160556E+11 0.302849E+10 0.226116E+11 0.484086E+11
       40.00  0.163188E+11 0.312414E+10 0.228958E+11 0.487353E+11
       42.00  0.168455E+11 0.331768E+10 0.234566E+11 0.493636E+11
       44.00  0.173728E+11 0.351408E+10 0.240076E+11 0.499601E+11
       46.00  0.179008E+11 0.371312E+10 0.245490E+11 0.505264E+11
       48.00  0.184297E+11 0.391463E+10 0.250813E+11 0.510640E+11
       50.00  0.189596E+11 0.411839E+10 0.256044E+11 0.515739E+11
       52.00  0.194905E+11 0.432422E+10 0.261184E+11 0.520569E+11
       54.00  0.200224E+11 0.453187E+10 0.266233E+11 0.525135E+11
       56.00  0.205550E+11 0.474115E+10 0.271190E+11 0.529442E+11
       58.00  0.210883E+11 0.495182E+10 0.276052E+11 0.533493E+11
       60.00  0.216222E+11 0.516367E+10 0.280820E+11 0.537293E+11
       62.00  0.221566E+11 0.537652E+10 0.285491E+11 0.540845E+11
       64.00  0.226914E+11 0.559018E+10 0.290067E+11 0.544156E+11
       66.00  0.232266E+11 0.580447E+10 0.294548E+11 0.547232E+11
       68.00  0.237622E+11 0.601922E+10 0.298932E+11 0.550076E+11
       70.00  0.242981E+11 0.623427E+10 0.303221E+11 0.552695E+11
       72.00  0.248342E+11 0.644945E+10 0.307414E+11 0.555091E+11
       74.00  0.253704E+11 0.666458E+10 0.311509E+11 0.557267E+11
       76.00  0.259066E+11 0.687948E+10 0.315506E+11 0.559227E+11
       78.00  0.264427E+11 0.709399E+10 0.319403E+11 0.560972E+11
       80.00  0.269783E+11 0.730792E+10 0.323199E+11 0.562504E+11
       82.00  0.275136E+11 0.752111E+10 0.326894E+11 0.563827E+11
       84.00  0.280482E+11 0.773341E+10 0.330487E+11 0.564942E+11
       86.00  0.285821E+11 0.794468E+10 0.333977E+11 0.565854E+11
       88.00  0.291152E+11 0.815476E+10 0.337364E+11 0.566566E+11
       90.00  0.296475E+11 0.836354E+10 0.340648E+11 0.567081E+11
       92.00  0.301789E+11 0.857088E+10 0.343829E+11 0.567404E+11
       94.00  0.307093E+11 0.877667E+10 0.346908E+11 0.567538E+11
       96.00  0.312386E+11 0.898077E+10 0.349883E+11 0.567486E+11
       98.00  0.317667E+11 0.918307E+10 0.352756E+11 0.567251E+11
      100.00  0.322935E+11 0.938343E+10 0.355526E+11 0.566836E+11
      102.00  0.328188E+11 0.958175E+10 0.358191E+11 0.566244E+11
      104.00  0.333426E+11 0.977788E+10 0.360753E+11 0.565477E+11
      106.00  0.338647E+11 0.997173E+10 0.363210E+11 0.564539E+11
      108.00  0.343850E+11 0.101632E+11 0.365562E+11 0.563430E+11
      110.00  0.349034E+11 0.103521E+11 0.367810E+11 0.562156E+11
      112.00  0.354197E+11 0.105384E+11 0.369953E+11 0.560718E+11
      114.00  0.359340E+11 0.107220E+11 0.371992E+11 0.559120E+11
      116.00  0.364460E+11 0.109028E+11 0.373926E+11 0.557366E+11
      118.00  0.369559E+11 0.110808E+11 0.375758E+11 0.555458E+11
      122.00  0.379684E+11 0.114277E+11 0.379112E+11 0.551197E+11
      126.00  0.389710E+11 0.117622E+11 0.382058E+11 0.546364E+11
      130.00  0.399629E+11 0.120836E+11 0.384599E+11 0.540984E+11
      134.00  0.409433E+11 0.123914E+11 0.386737E+11 0.535080E+11
      138.00  0.419113E+11 0.126850E+11 0.388476E+11 0.528674E+11
      142.00  0.428662E+11 0.129639E+11 0.389818E+11 0.521792E+11
      146.00  0.438073E+11 0.132277E+11 0.390770E+11 0.514457E+11
      150.00  0.447340E+11 0.134760E+11 0.391338E+11 0.506697E+11
      154.00  0.456458E+11 0.137086E+11 0.391529E+11 0.498537E+11
      158.00  0.465420E+11 0.139252E+11 0.391351E+11 0.490003E+11
      162.00  0.474222E+11 0.141255E+11 0.390809E+11 0.481119E+11
      166.00  0.482856E+11 0.143093E+11 0.389912E+11 0.471909E+11
      170.00  0.491316E+11 0.144763E+11 0.388667E+11 0.462397E+11
      174.00  0.499595E+11 0.146265E+11 0.387080E+11 0.452605E+11
      178.00  0.507688E+11 0.147597E+11 0.385160E+11 0.442558E+11
      182.00  0.515590E+11 0.148759E+11 0.382917E+11 0.432279E+11
      186.00  0.523296E+11 0.149750E+11 0.380360E+11 0.421794E+11
      190.00  0.530803E+11 0.150572E+11 0.377500E+11 0.411126E+11
      194.00  0.538108E+11 0.151224E+11 0.374347E+11 0.400297E+11
      198.00  0.545205E+11 0.151708E+11 0.370910E+11 0.389332E+11
      202.00  0.552091E+11 0.152024E+11 0.367201E+11 0.378251E+11
      206.00  0.558762E+11 0.152174E+11 0.363228E+11 0.367075E+11
      210.00  0.565213E+11 0.152159E+11 0.359003E+11 0.355827E+11
      214.00  0.571442E+11 0.151982E+11 0.354536E+11 0.344526E+11
      218.00  0.577445E+11 0.151644E+11 0.349839E+11 0.333193E+11
      222.00  0.583220E+11 0.151148E+11 0.344923E+11 0.321849E+11
      226.00  0.588766E+11 0.150498E+11 0.339799E+11 0.310512E+11
      230.00  0.594082E+11 0.149697E+11 0.334480E+11 0.299203E+11
      234.00  0.599165E+11 0.148747E+11 0.328976E+11 0.287939E+11
      238.00  0.604014E+11 0.147653E+11 0.323300E+11 0.276739E+11
      242.00  0.608628E+11 0.146418E+11 0.317463E+11 0.265618E+11
      246.00  0.613006E+11 0.145046E+11 0.311475E+11 0.254594E+11
      250.00  0.617145E+11 0.143540E+11 0.305349E+11 0.243681E+11
      254.00  0.621045E+11 0.141906E+11 0.299094E+11 0.232895E+11
      258.00  0.624705E+11 0.140148E+11 0.292723E+11 0.222251E+11
      262.00  0.628125E+11 0.138269E+11 0.286246E+11 0.211761E+11
      266.00  0.631306E+11 0.136276E+11 0.279675E+11 0.201441E+11
      270.00  0.634249E+11 0.134173E+11 0.273021E+11 0.191301E+11
      274.00  0.636953E+11 0.131964E+11 0.266295E+11 0.181354E+11
      282.00  0.641648E+11 0.127252E+11 0.252668E+11 0.162083E+11
      290.00  0.645396E+11 0.122182E+11 0.238877E+11 0.143708E+11
      298.00  0.648203E+11 0.116794E+11 0.224999E+11 0.126299E+11
      306.00  0.650078E+11 0.111133E+11 0.211112E+11 0.109916E+11
      314.00  0.651033E+11 0.105242E+11 0.197289E+11 0.946100E+10
      322.00  0.651086E+11 0.991673E+10 0.183599E+11 0.804206E+10
      330.00  0.650255E+11 0.929526E+10 0.170107E+11 0.673788E+10
      338.00  0.648555E+11 0.866425E+10 0.156875E+11 0.555058E+10
      346.00  0.646006E+11 0.802809E+10 0.143959E+11 0.448141E+10
      354.00  0.642630E+11 0.739115E+10 0.131411E+11 0.353079E+10
      362.00  0.638451E+11 0.675773E+10 0.119280E+11 0.269837E+10
      370.00  0.633497E+11 0.613206E+10 0.107609E+11 0.198301E+10
      378.00  0.627796E+11 0.551824E+10 0.964383E+10 0.138289E+10
      386.00  0.621376E+11 0.492021E+10 0.858023E+10 0.895517E+09
      394.00  0.614267E+11 0.434181E+10 0.757309E+10 0.517792E+09
      402.00  0.606497E+11 0.378668E+10 0.662499E+10 0.246069E+09
      410.00  0.598100E+11 0.325831E+10 0.573806E+10 0.761966E+08
      418.00  0.589110E+11 0.276004E+10 0.491402E+10 0.357726E+07
      426.00  0.579562E+11 0.229496E+10 0.415417E+10 0.232148E+08
      434.00  0.569489E+11 0.186600E+10 0.345937E+10 0.129771E+09
      442.00  0.558926E+11 0.147585E+10 0.283011E+10 0.317614E+09
      450.00  0.547907E+11 0.112699E+10 0.226647E+10 0.580875E+09
      458.00  0.536466E+11 0.821680E+09 0.176821E+10 0.913487E+09
      466.00  0.524639E+11 0.561970E+09 0.133470E+10 0.130924E+10
      474.00  0.512460E+11 0.349670E+09 0.965046E+09 0.176183E+10
      482.00  0.499966E+11 0.186365E+09 0.658000E+09 0.226489E+10
      490.00  0.487190E+11 0.734099E+08 0.412051E+09 0.281205E+10
      498.00  0.474166E+11 0.119327E+08 0.225419E+09 0.339695E+10
      506.00  0.460927E+11 0.283457E+07 0.960841E+08 0.401330E+10
      514.00  0.447506E+11 0.467924E+08 0.218057E+08 0.465489E+10
      522.00  0.433934E+11 0.144261E+09 0.143120E+06 0.531565E+10
      530.00  0.420244E+11 0.295476E+09 0.284768E+08 0.598967E+10
      538.00  0.406468E+11 0.500460E+09 0.104029E+09 0.667122E+10
      546.00  0.392635E+11 0.759026E+09 0.223886E+09 0.735480E+10
      554.00  0.378776E+11 0.107078E+10 0.385016E+09 0.803512E+10
      562.00  0.364918E+11 0.143515E+10 0.584294E+09 0.870714E+10
      570.00  0.351090E+11 0.185133E+10 0.818513E+09 0.936609E+10
      578.00  0.337318E+11 0.231838E+10 0.108441E+10 0.100075E+11
      586.00  0.323627E+11 0.283514E+10 0.137870E+10 0.106272E+11
      596.00  0.306667E+11 0.354901E+10 0.178140E+10 0.113653E+11
      606.00  0.289922E+11 0.433562E+10 0.221679E+10 0.120567E+11
      616.00  0.273434E+11 0.519172E+10 0.267842E+10 0.126953E+11
      626.00  0.257244E+11 0.611372E+10 0.315995E+10 0.132758E+11
      636.00  0.241392E+11 0.709773E+10 0.365517E+10 0.137938E+11
      646.00  0.225910E+11 0.813958E+10 0.415806E+10 0.142456E+11
      656.00  0.210834E+11 0.923486E+10 0.466282E+10 0.146285E+11
      666.00  0.196191E+11 0.103790E+11 0.516390E+10 0.149404E+11
      676.00  0.182010E+11 0.115671E+11 0.565604E+10 0.151800E+11
      686.00  0.168313E+11 0.127944E+11 0.613429E+10 0.153469E+11
      696.00  0.155121E+11 0.140557E+11 0.659404E+10 0.154410E+11
      706.00  0.142453E+11 0.153459E+11 0.703102E+10 0.154632E+11
      716.00  0.130324E+11 0.166596E+11 0.744133E+10 0.154149E+11
      726.00  0.118745E+11 0.179918E+11 0.782149E+10 0.152981E+11
      736.00  0.107728E+11 0.193370E+11 0.816839E+10 0.151152E+11
      746.00  0.972787E+10 0.206900E+11 0.847933E+10 0.148694E+11
      756.00  0.874031E+10 0.220457E+11 0.875203E+10 0.145641E+11
      766.00  0.781031E+10 0.233987E+11 0.898460E+10 0.142030E+11
      776.00  0.693789E+10 0.247441E+11 0.917554E+10 0.137904E+11
      786.00  0.612284E+10 0.260768E+11 0.932377E+10 0.133306E+11
      796.00  0.536475E+10 0.273920E+11 0.942862E+10 0.128285E+11
      806.00  0.466300E+10 0.286849E+11 0.948980E+10 0.122888E+11
      816.00  0.401680E+10 0.299511E+11 0.950739E+10 0.117167E+11
      826.00  0.342518E+10 0.311861E+11 0.948184E+10 0.111172E+11
      836.00  0.288697E+10 0.323859E+11 0.941394E+10 0.104956E+11
      846.00  0.240089E+10 0.335463E+11 0.930480E+10 0.985707E+10
      856.00  0.196549E+10 0.346637E+11 0.915586E+10 0.920674E+10
      866.00  0.157921E+10 0.357345E+11 0.896884E+10 0.854973E+10
      876.00  0.124036E+10 0.367555E+11 0.874574E+10 0.789104E+10
      886.00  0.947133E+09 0.377236E+11 0.848883E+10 0.723550E+10
      896.00  0.697650E+09 0.386362E+11 0.820058E+10 0.658781E+10
      906.00  0.489935E+09 0.394906E+11 0.788367E+10 0.595242E+10
      916.00  0.321942E+09 0.402847E+11 0.754098E+10 0.533358E+10
      926.00  0.191564E+09 0.410165E+11 0.717551E+10 0.473527E+10
      936.00  0.966485E+08 0.416841E+11 0.679042E+10 0.416120E+10
      946.00  0.350023E+08 0.422863E+11 0.638898E+10 0.361480E+10
      956.00  0.440544E+07 0.428217E+11 0.597455E+10 0.309918E+10
      966.00  0.262053E+07 0.432894E+11 0.555054E+10 0.261715E+10
      976.00  0.274027E+08 0.436889E+11 0.512043E+10 0.217118E+10
      986.00  0.765092E+08 0.440197E+11 0.468769E+10 0.176341E+10
      996.00  0.147708E+09 0.442816E+11 0.425578E+10 0.139565E+10
     1006.00  0.238788E+09 0.444746E+11 0.382817E+10 0.106935E+10
     1016.00  0.347565E+09 0.445991E+11 0.340826E+10 0.785645E+09
     1026.00  0.471889E+09 0.446556E+11 0.299940E+10 0.545335E+09
     1036.00  0.609657E+09 0.446447E+11 0.260486E+10 0.348886E+09
     1046.00  0.758811E+09 0.445676E+11 0.222781E+10 0.196444E+09
     1056.00  0.917355E+09 0.444254E+11 0.187129E+10 0.878450E+08
     1066.00  0.108335E+10 0.442194E+11 0.153825E+10 0.226247E+08
     1076.00  0.125493E+10 0.439511E+11 0.123146E+10 0.307811E+05
     1086.00  0.143029E+10 0.436223E+11 0.953556E+09 0.190380E+08
     1096.00  0.160773E+10 0.432348E+11 0.706989E+09 0.783631E+08
     1106.00  0.178559E+10 0.427906E+11 0.494046E+09 0.176482E+09
     1116.00  0.196232E+10 0.422919E+11 0.316827E+09 0.311645E+09
     1126.00  0.213647E+10 0.417409E+11 0.177233E+09 0.481899E+09
     1136.00  0.230665E+10 0.411401E+11 0.769676E+08 0.685105E+09
     1146.00  0.247159E+10 0.404920E+11 0.175262E+08 0.918955E+09
     1156.00  0.263010E+10 0.397991E+11 0.194568E+06 0.118100E+10
     1166.00  0.278109E+10 0.390642E+11 0.260452E+08 0.146865E+10
     1176.00  0.292356E+10 0.382898E+11 0.959355E+08 0.177923E+10
     1186.00  0.305662E+10 0.374788E+11 0.210507E+09 0.210997E+10
     1196.00  0.317947E+10 0.366341E+11 0.370187E+09 0.245803E+10
     1206.00  0.329141E+10 0.357584E+11 0.575187E+09 0.282052E+10
     1216.00  0.339183E+10 0.348547E+11 0.825508E+09 0.319454E+10
     1226.00  0.348023E+10 0.339257E+11 0.112095E+10 0.357718E+10
     1236.00  0.355619E+10 0.329746E+11 0.146109E+10 0.396553E+10
     1246.00  0.361938E+10 0.320040E+11 0.184533E+10 0.435672E+10
     1256.00  0.366958E+10 0.310168E+11 0.227286E+10 0.474792E+10
     1266.00  0.370664E+10 0.300158E+11 0.274271E+10 0.513636E+10
     1276.00  0.373051E+10 0.290039E+11 0.325370E+10 0.551937E+10
     1286.00  0.374120E+10 0.279837E+11 0.380449E+10 0.589433E+10
     1296.00  0.373883E+10 0.269579E+11 0.439359E+10 0.625877E+10
     1306.00  0.372357E+10 0.259291E+11 0.501935E+10 0.661032E+10
     1316.00  0.369570E+10 0.248998E+11 0.567997E+10 0.694673E+10
     1326.00  0.365553E+10 0.238727E+11 0.637353E+10 0.726591E+10
     1336.00  0.360346E+10 0.228499E+11 0.709797E+10 0.756591E+10
     1346.00  0.353995E+10 0.218339E+11 0.785114E+10 0.784493E+10
     1356.00  0.346552E+10 0.208267E+11 0.863075E+10 0.810134E+10
     1366.00  0.338073E+10 0.198306E+11 0.943446E+10 0.833369E+10
     1376.00  0.328622E+10 0.188475E+11 0.102598E+11 0.854069E+10
     1386.00  0.318266E+10 0.178794E+11 0.111043E+11 0.872123E+10
     1396.00  0.307076E+10 0.169280E+11 0.119654E+11 0.887440E+10
     1406.00  0.295127E+10 0.159950E+11 0.128405E+11 0.899945E+10
     1416.00  0.282499E+10 0.150820E+11 0.137269E+11 0.909583E+10
     1426.00  0.269274E+10 0.141905E+11 0.146220E+11 0.916318E+10
     1436.00  0.255536E+10 0.133218E+11 0.155230E+11 0.920129E+10
     1446.00  0.241372E+10 0.124771E+11 0.164274E+11 0.921016E+10
     1456.00  0.226870E+10 0.116576E+11 0.173323E+11 0.918995E+10
     1466.00  0.212121E+10 0.108642E+11 0.182352E+11 0.914099E+10
     1476.00  0.197216E+10 0.100979E+11 0.191335E+11 0.906379E+10
     1486.00  0.182246E+10 0.935939E+10 0.200244E+11 0.895900E+10
     1496.00  0.167304E+10 0.864935E+10 0.209055E+11 0.882745E+10
     1506.00  0.152480E+10 0.796833E+10 0.217743E+11 0.867009E+10
     1516.00  0.137866E+10 0.731675E+10 0.226284E+11 0.848805E+10
     1526.00  0.123553E+10 0.669497E+10 0.234653E+11 0.828255E+10
     1536.00  0.109629E+10 0.610318E+10 0.242828E+11 0.805495E+10
     1546.00  0.961825E+09 0.554153E+10 0.250787E+11 0.780672E+10
     1556.00  0.832983E+09 0.501002E+10 0.258509E+11 0.753944E+10
     1566.00  0.710601E+09 0.450859E+10 0.265974E+11 0.725478E+10
     1576.00  0.595491E+09 0.403707E+10 0.273162E+11 0.695450E+10
     1586.00  0.488435E+09 0.359522E+10 0.280055E+11 0.664042E+10
     1596.00  0.390187E+09 0.318269E+10 0.286637E+11 0.631445E+10
     1606.00  0.301468E+09 0.279907E+10 0.292892E+11 0.597854E+10
     1616.00  0.222965E+09 0.244387E+10 0.298804E+11 0.563467E+10
     1626.00  0.155329E+09 0.211653E+10 0.304361E+11 0.528489E+10
     1636.00  0.991718E+08 0.181642E+10 0.309551E+11 0.493124E+10
     1646.00  0.550650E+08 0.154283E+10 0.314362E+11 0.457578E+10
     1656.00  0.235392E+08 0.129503E+10 0.318784E+11 0.422058E+10
     1666.00  0.508197E+07 0.107222E+10 0.322810E+11 0.386770E+10
     1676.00  0.136351E+06 0.873527E+09 0.326431E+11 0.351920E+10
     1686.00  0.910019E+07 0.698071E+09 0.329643E+11 0.317708E+10
     1696.00  0.323251E+08 0.544913E+09 0.332440E+11 0.284334E+10
     1706.00  0.701157E+08 0.413085E+09 0.334819E+11 0.251992E+10
     1716.00  0.122729E+09 0.301588E+09 0.336778E+11 0.220872E+10
     1726.00  0.190375E+09 0.209397E+09 0.338317E+11 0.191156E+10
     1736.00  0.273213E+09 0.135467E+09 0.339434E+11 0.163022E+10
     1746.00  0.371358E+09 0.787369E+08 0.340133E+11 0.136639E+10
     1756.00  0.484873E+09 0.381328E+08 0.340415E+11 0.112168E+10
     1766.00  0.613776E+09 0.125736E+08 0.340283E+11 0.897626E+09
     1776.00  0.758035E+09 0.974267E+06 0.339744E+11 0.695663E+09
     1786.00  0.917573E+09 0.225031E+07 0.338803E+11 0.517133E+09
     1796.00  0.109226E+10 0.153214E+08 0.337466E+11 0.363277E+09
     1806.00  0.128194E+10 0.391154E+08 0.335741E+11 0.235230E+09
     1816.00  0.148638E+10 0.725714E+08 0.333638E+11 0.134021E+09
     1826.00  0.170533E+10 0.114644E+09 0.331165E+11 0.605655E+08
     1836.00  0.193849E+10 0.164306E+09 0.328334E+11 0.156666E+08
     1846.00  0.218552E+10 0.220552E+09 0.325155E+11 0.116360E+05
     1856.00  0.244602E+10 0.282400E+09 0.321640E+11 0.141708E+08
     1866.00  0.271958E+10 0.348896E+09 0.317801E+11 0.585967E+08
     1876.00  0.300575E+10 0.419116E+09 0.313653E+11 0.133624E+09
     1886.00  0.330401E+10 0.492168E+09 0.309208E+11 0.239468E+09
     1896.00  0.361385E+10 0.567194E+09 0.304481E+11 0.376227E+09
     1906.00  0.393469E+10 0.643373E+09 0.299486E+11 0.543885E+09
     1916.00  0.426596E+10 0.719921E+09 0.294238E+11 0.742307E+09
     1926.00  0.460701E+10 0.796097E+09 0.288753E+11 0.971246E+09
     1936.00  0.495722E+10 0.871198E+09 0.283047E+11 0.123035E+10
     1946.00  0.531590E+10 0.944566E+09 0.277135E+11 0.151914E+10
     1956.00  0.568236E+10 0.101559E+10 0.271034E+11 0.183706E+10
     1966.00  0.605588E+10 0.108369E+10 0.264759E+11 0.218343E+10
     1976.00  0.643572E+10 0.114835E+10 0.258327E+11 0.255748E+10
     1986.00  0.682112E+10 0.120909E+10 0.251755E+11 0.295834E+10
     1996.00  0.721133E+10 0.126548E+10 0.245058E+11 0.338506E+10
     2006.00  0.760555E+10 0.131713E+10 0.238252E+11 0.383659E+10
     2016.00  0.800299E+10 0.136370E+10 0.231354E+11 0.431182E+10
     2026.00  0.840286E+10 0.140491E+10 0.224380E+11 0.480954E+10
     2036.00  0.880434E+10 0.144051E+10 0.217345E+11 0.532849E+10
     2046.00  0.920662E+10 0.147030E+10 0.210266E+11 0.586733E+10
     2056.00  0.960889E+10 0.149412E+10 0.203156E+11 0.642468E+10
     2066.00  0.100103E+11 0.151188E+10 0.196032E+11 0.699907E+10
     2076.00  0.104101E+11 0.152350E+10 0.188907E+11 0.758902E+10
     2086.00  0.108075E+11 0.152897E+10 0.181796E+11 0.819298E+10
     2096.00  0.112016E+11 0.152830E+10 0.174713E+11 0.880937E+10
     2106.00  0.115916E+11 0.152157E+10 0.167670E+11 0.943660E+10
     2116.00  0.119768E+11 0.150887E+10 0.160681E+11 0.100730E+11
     2126.00  0.123564E+11 0.149033E+10 0.153758E+11 0.107170E+11
     2136.00  0.127296E+11 0.146615E+10 0.146913E+11 0.113668E+11
     2146.00  0.130956E+11 0.143653E+10 0.140157E+11 0.120208E+11
     2156.00  0.134538E+11 0.140172E+10 0.133501E+11 0.126773E+11
     2166.00  0.138034E+11 0.136200E+10 0.126955E+11 0.133347E+11
     2176.00  0.141437E+11 0.131767E+10 0.120528E+11 0.139912E+11
     2186.00  0.144741E+11 0.126908E+10 0.114230E+11 0.146453E+11
     2196.00  0.147939E+11 0.121658E+10 0.108069E+11 0.152952E+11
     2206.00  0.151024E+11 0.116056E+10 0.102053E+11 0.159393E+11
     2216.00  0.153991E+11 0.110145E+10 0.961885E+10 0.165762E+11
     2226.00  0.156833E+11 0.103965E+10 0.904824E+10 0.172041E+11
     2236.00  0.159546E+11 0.975636E+09 0.849406E+10 0.178216E+11
     2246.00  0.162124E+11 0.909862E+09 0.795683E+10 0.184273E+11
     2256.00  0.164561E+11 0.842810E+09 0.743701E+10 0.190196E+11
     2266.00  0.166854E+11 0.774975E+09 0.693503E+10 0.195973E+11
     2276.00  0.168998E+11 0.706860E+09 0.645121E+10 0.201588E+11
     2286.00  0.170989E+11 0.638978E+09 0.598586E+10 0.207031E+11
     2296.00  0.172823E+11 0.571847E+09 0.553918E+10 0.212289E+11
     2306.00  0.174497E+11 0.505990E+09 0.511135E+10 0.217349E+11
     2316.00  0.176008E+11 0.441932E+09 0.470249E+10 0.222202E+11
     2326.00  0.177353E+11 0.380201E+09 0.431265E+10 0.226837E+11
     2336.00  0.178529E+11 0.321319E+09 0.394183E+10 0.231244E+11
     2346.00  0.179535E+11 0.265809E+09 0.358998E+10 0.235414E+11
     2356.00  0.180369E+11 0.214186E+09 0.325701E+10 0.239339E+11
     2366.00  0.181030E+11 0.166960E+09 0.294276E+10 0.243012E+11
     2376.00  0.181516E+11 0.124632E+09 0.264706E+10 0.246425E+11
     2386.00  0.181827E+11 0.876908E+08 0.236965E+10 0.249573E+11
     2396.00  0.181962E+11 0.566158E+08 0.211026E+10 0.252451E+11
     2406.00  0.181922E+11 0.318719E+08 0.186857E+10 0.255054E+11
     2416.00  0.181707E+11 0.139090E+08 0.164422E+10 0.257378E+11
     2426.00  0.181318E+11 0.316079E+07 0.143682E+10 0.259420E+11
     2436.00  0.180755E+11 0.431382E+05 0.124595E+10 0.261178E+11
     2446.00  0.180021E+11 0.495304E+07 0.107114E+10 0.262651E+11
     2456.00  0.179116E+11 0.182673E+08 0.911915E+09 0.263837E+11
     2466.00  0.178043E+11 0.403413E+08 0.767759E+09 0.264736E+11
     2476.00  0.176804E+11 0.715084E+08 0.638138E+09 0.265349E+11
     2486.00  0.175402E+11 0.112078E+09 0.522497E+09 0.265677E+11
     2496.00  0.173840E+11 0.162336E+09 0.420260E+09 0.265723E+11
     2506.00  0.172120E+11 0.222544E+09 0.330838E+09 0.265488E+11
     2516.00  0.170247E+11 0.292935E+09 0.253624E+09 0.264976E+11
     2526.00  0.168225E+11 0.373718E+09 0.188003E+09 0.264191E+11
     2536.00  0.166057E+11 0.465076E+09 0.133349E+09 0.263138E+11
     2546.00  0.163747E+11 0.567162E+09 0.890293E+08 0.261820E+11
     2556.00  0.161301E+11 0.680103E+09 0.544064E+08 0.260245E+11
     2566.00  0.158723E+11 0.803997E+09 0.288407E+08 0.258417E+11
     2576.00  0.156018E+11 0.938915E+09 0.116923E+08 0.256344E+11
     2586.00  0.153192E+11 0.108490E+10 0.232311E+07 0.254033E+11
     2596.00  0.150250E+11 0.124196E+10 0.988571E+05 0.251491E+11
     2606.00  0.147197E+11 0.141008E+10 0.439116E+07 0.248726E+11
     2616.00  0.144040E+11 0.158922E+10 0.145794E+08 0.245746E+11
     2626.00  0.140784E+11 0.177931E+10 0.300524E+08 0.242560E+11
     2636.00  0.137437E+11 0.198024E+10 0.502106E+08 0.239177E+11
     2646.00  0.134003E+11 0.219188E+10 0.744672E+08 0.235606E+11
     2656.00  0.130490E+11 0.241409E+10 0.102250E+09 0.231856E+11
     2666.00  0.126904E+11 0.264668E+10 0.133003E+09 0.227938E+11
     2676.00  0.123252E+11 0.288943E+10 0.166188E+09 0.223861E+11
     2686.00  0.119541E+11 0.314212E+10 0.201284E+09 0.219636E+11
     2696.00  0.115778E+11 0.340449E+10 0.237793E+09 0.215272E+11
     2706.00  0.111970E+11 0.367623E+10 0.275236E+09 0.210780E+11
     2716.00  0.108124E+11 0.395706E+10 0.313156E+09 0.206170E+11
     2726.00  0.104246E+11 0.424663E+10 0.351120E+09 0.201453E+11
     2736.00  0.100345E+11 0.454459E+10 0.388720E+09 0.196640E+11
     2746.00  0.964267E+10 0.485056E+10 0.425570E+09 0.191740E+11
     2756.00  0.924993E+10 0.516415E+10 0.461313E+09 0.186764E+11
     2766.00  0.885696E+10 0.548493E+10 0.495615E+09 0.181723E+11
     2776.00  0.846449E+10 0.581248E+10 0.528170E+09 0.176627E+11
     2786.00  0.807324E+10 0.614633E+10 0.558699E+09 0.171486E+11
     2796.00  0.768392E+10 0.648602E+10 0.586949E+09 0.166311E+11
     2806.00  0.729725E+10 0.683107E+10 0.612696E+09 0.161110E+11
     2816.00  0.691394E+10 0.718096E+10 0.635742E+09 0.155895E+11
     2826.00  0.653469E+10 0.753520E+10 0.655917E+09 0.150674E+11
     2836.00  0.616018E+10 0.789325E+10 0.673080E+09 0.145457E+11
     2846.00  0.579110E+10 0.825458E+10 0.687115E+09 0.140252E+11
     2856.00  0.542814E+10 0.861864E+10 0.697934E+09 0.135069E+11
     2866.00  0.507195E+10 0.898488E+10 0.705476E+09 0.129917E+11
     2876.00  0.472319E+10 0.935273E+10 0.709707E+09 0.124803E+11
     2886.00  0.438249E+10 0.972162E+10 0.710619E+09 0.119735E+11
     2896.00  0.405050E+10 0.100910E+11 0.708227E+09 0.114721E+11
     2906.00  0.372781E+10 0.104602E+11 0.702574E+09 0.109769E+11
     2916.00  0.341504E+10 0.108288E+11 0.693726E+09 0.104886E+11
     2926.00  0.311276E+10 0.111961E+11 0.681773E+09 0.100077E+11
     2936.00  0.282155E+10 0.115616E+11 0.666828E+09 0.953496E+10
     2946.00  0.254194E+10 0.119246E+11 0.649024E+09 0.907096E+10
     2956.00  0.227448E+10 0.122847E+11 0.628518E+09 0.861623E+10
     2966.00  0.201968E+10 0.126411E+11 0.605486E+09 0.817130E+10
     2976.00  0.177802E+10 0.129934E+11 0.580123E+09 0.773665E+10
     2986.00  0.154999E+10 0.133410E+11 0.552642E+09 0.731272E+10
     2996.00  0.133604E+10 0.136834E+11 0.523274E+09 0.689992E+10
     3006.00  0.113659E+10 0.140199E+11 0.492266E+09 0.649860E+10
     3016.00  0.952073E+09 0.143500E+11 0.459880E+09 0.610910E+10
     3026.00  0.782865E+09 0.146733E+11 0.426393E+09 0.573170E+10
     3036.00  0.629336E+09 0.149892E+11 0.392092E+09 0.536665E+10
     3046.00  0.491831E+09 0.152971E+11 0.357279E+09 0.501418E+10
     3056.00  0.370673E+09 0.155966E+11 0.322264E+09 0.467446E+10
     3066.00  0.266161E+09 0.158872E+11 0.287369E+09 0.434763E+10
     3076.00  0.178570E+09 0.161685E+11 0.252922E+09 0.403379E+10
     3086.00  0.108151E+09 0.164400E+11 0.219258E+09 0.373302E+10
     3096.00  0.551344E+08 0.167012E+11 0.186719E+09 0.344534E+10
     3106.00  0.197227E+08 0.169517E+11 0.155650E+09 0.317078E+10
     3116.00  0.209647E+07 0.171912E+11 0.126401E+09 0.290929E+10
     3126.00  0.241189E+07 0.174192E+11 0.993230E+08 0.266081E+10
     3136.00  0.208009E+08 0.176354E+11 0.747687E+08 0.242525E+10
     3146.00  0.573713E+08 0.178395E+11 0.530902E+08 0.220250E+10
     3156.00  0.112207E+09 0.180311E+11 0.346384E+08 0.199240E+10
     3166.00  0.185367E+09 0.182099E+11 0.197619E+08 0.179479E+10
     3176.00  0.276888E+09 0.183756E+11 0.880568E+07 0.160945E+10
     3186.00  0.386782E+09 0.185280E+11 0.211001E+07 0.143616E+10
     3196.00  0.515037E+09 0.186668E+11 0.959170E+04 0.127468E+10
     3206.00  0.661618E+09 0.187919E+11 0.283237E+07 0.112474E+10
     3216.00  0.826466E+09 0.189030E+11 0.108986E+08 0.986047E+09
     3226.00  0.100950E+10 0.189999E+11 0.245198E+08 0.858294E+09
     3236.00  0.121062E+10 0.190826E+11 0.439980E+08 0.741155E+09
     3246.00  0.142970E+10 0.191508E+11 0.696246E+08 0.634289E+09
     3256.00  0.166658E+10 0.192045E+11 0.101680E+09 0.537342E+09
     3266.00  0.192111E+10 0.192437E+11 0.140431E+09 0.449944E+09
     3276.00  0.219308E+10 0.192681E+11 0.186134E+09 0.371715E+09
     3286.00  0.248229E+10 0.192779E+11 0.239030E+09 0.302266E+09
     3296.00  0.278850E+10 0.192730E+11 0.299344E+09 0.241199E+09
     3306.00  0.311147E+10 0.192535E+11 0.367290E+09 0.188106E+09
     3316.00  0.345092E+10 0.192193E+11 0.443063E+09 0.142578E+09
     3326.00  0.380656E+10 0.191705E+11 0.526843E+09 0.104197E+09
     3336.00  0.417808E+10 0.191072E+11 0.618793E+09 0.725466E+08
     3346.00  0.456515E+10 0.190296E+11 0.719060E+09 0.472047E+08
     3356.00  0.496744E+10 0.189377E+11 0.827770E+09 0.277512E+08
     3366.00  0.538458E+10 0.188317E+11 0.945035E+09 0.137664E+08
     3376.00  0.581619E+10 0.187118E+11 0.107095E+10 0.483309E+07
     3386.00  0.626189E+10 0.185782E+11 0.120558E+10 0.537256E+06
     3396.00  0.672126E+10 0.184310E+11 0.134898E+10 0.469745E+06
     3406.00  0.719388E+10 0.182706E+11 0.150120E+10 0.422720E+07
     3416.00  0.767932E+10 0.180972E+11 0.166224E+10 0.114132E+08
     3426.00  0.817713E+10 0.179110E+11 0.183210E+10 0.216393E+08
     3436.00  0.868685E+10 0.177124E+11 0.201076E+10 0.345260E+08
     3446.00  0.920801E+10 0.175017E+11 0.219818E+10 0.497039E+08
     3456.00  0.974011E+10 0.172792E+11 0.239429E+10 0.668143E+08
     3466.00  0.102827E+11 0.170452E+11 0.259902E+10 0.855104E+08
     3476.00  0.108352E+11 0.168001E+11 0.281227E+10 0.105458E+09
     3486.00  0.113972E+11 0.165443E+11 0.303392E+10 0.126336E+09
     3496.00  0.119681E+11 0.162782E+11 0.326383E+10 0.147837E+09
     3506.00  0.125473E+11 0.160022E+11 0.350184E+10 0.169669E+09
     3516.00  0.131345E+11 0.157168E+11 0.374778E+10 0.191555E+09
     3526.00  0.137289E+11 0.154223E+11 0.400147E+10 0.213234E+09
     3536.00  0.143301E+11 0.151192E+11 0.426268E+10 0.234460E+09
     3546.00  0.149376E+11 0.148080E+11 0.453120E+10 0.255005E+09
     3556.00  0.155507E+11 0.144892E+11 0.480678E+10 0.274658E+09
     3566.00  0.161689E+11 0.141632E+11 0.508917E+10 0.293226E+09
     3576.00  0.167916E+11 0.138306E+11 0.537808E+10 0.310531E+09
     3586.00  0.174183E+11 0.134918E+11 0.567323E+10 0.326415E+09
     3596.00  0.180484E+11 0.131473E+11 0.597432E+10 0.340738E+09
     3606.00  0.186813E+11 0.127977E+11 0.628102E+10 0.353379E+09
     3616.00  0.193165E+11 0.124436E+11 0.659300E+10 0.364231E+09
     3626.00  0.199533E+11 0.120853E+11 0.690992E+10 0.373210E+09
     3636.00  0.205913E+11 0.117235E+11 0.723142E+10 0.380248E+09
     3646.00  0.212299E+11 0.113587E+11 0.755714E+10 0.385294E+09
     3656.00  0.218685E+11 0.109914E+11 0.788669E+10 0.388317E+09
     3666.00  0.225065E+11 0.106222E+11 0.821969E+10 0.389301E+09
     3676.00  0.231433E+11 0.102517E+11 0.855574E+10 0.388251E+09
     3686.00  0.237785E+11 0.988032E+10 0.889442E+10 0.385185E+09
     3696.00  0.244115E+11 0.950869E+10 0.923534E+10 0.380141E+09
     3706.00  0.250417E+11 0.913734E+10 0.957806E+10 0.373171E+09
     3716.00  0.256686E+11 0.876681E+10 0.992216E+10 0.364345E+09
     3726.00  0.262916E+11 0.839764E+10 0.102672E+11 0.353747E+09
     3736.00  0.269103E+11 0.803039E+10 0.106128E+11 0.341477E+09
     3746.00  0.275241E+11 0.766558E+10 0.109584E+11 0.327649E+09
     3756.00  0.281325E+11 0.730375E+10 0.113036E+11 0.312390E+09
     3766.00  0.287350E+11 0.694543E+10 0.116480E+11 0.295843E+09
     3776.00  0.293311E+11 0.659114E+10 0.119911E+11 0.278161E+09
     3786.00  0.299203E+11 0.624140E+10 0.123325E+11 0.259511E+09
     3796.00  0.305021E+11 0.589672E+10 0.126718E+11 0.240071E+09
     3806.00  0.310761E+11 0.555760E+10 0.130084E+11 0.220030E+09
     3816.00  0.316418E+11 0.522453E+10 0.133419E+11 0.199585E+09
     3826.00  0.321988E+11 0.489801E+10 0.136720E+11 0.178946E+09
     3836.00  0.327467E+11 0.457850E+10 0.139980E+11 0.158328E+09
     3846.00  0.332849E+11 0.426647E+10 0.143197E+11 0.137958E+09
     3856.00  0.338132E+11 0.396238E+10 0.146366E+11 0.118066E+09
     3866.00  0.343310E+11 0.366667E+10 0.149482E+11 0.988899E+08
     3876.00  0.348381E+11 0.337977E+10 0.152542E+11 0.806747E+08
     3886.00  0.353339E+11 0.310210E+10 0.155540E+11 0.636685E+08
     3896.00  0.358183E+11 0.283408E+10 0.158474E+11 0.481239E+08
     3906.00  0.362907E+11 0.257610E+10 0.161339E+11 0.342969E+08
     3916.00  0.367510E+11 0.232853E+10 0.164131E+11 0.224458E+08
     3926.00  0.371987E+11 0.209175E+10 0.166847E+11 0.128307E+08
     3936.00  0.376335E+11 0.186612E+10 0.169482E+11 0.571235E+07
     3946.00  0.380551E+11 0.165196E+10 0.172034E+11 0.135194E+07
     3956.00  0.384634E+11 0.144961E+10 0.174498E+11 0.982549E+04
     3966.00  0.388579E+11 0.125938E+10 0.176872E+11 0.194501E+07
     3976.00  0.392384E+11 0.108156E+10 0.179151E+11 0.741432E+07
     3986.00  0.396048E+11 0.916418E+09 0.181334E+11 0.166717E+08
     3996.00  0.399567E+11 0.764232E+09 0.183416E+11 0.299675E+08
     4006.00  0.402939E+11 0.625243E+09 0.185396E+11 0.475478E+08
     4016.00  0.406164E+11 0.499681E+09 0.187270E+11 0.696535E+08
     4026.00  0.409237E+11 0.387760E+09 0.189036E+11 0.965200E+08
     4036.00  0.412159E+11 0.289677E+09 0.190692E+11 0.128376E+09
     4046.00  0.414927E+11 0.205612E+09 0.192235E+11 0.165444E+09
     4056.00  0.417540E+11 0.135729E+09 0.193663E+11 0.207938E+09
     4066.00  0.419996E+11 0.801733E+08 0.194974E+11 0.256065E+09
     4076.00  0.422295E+11 0.390757E+08 0.196167E+11 0.310021E+09
     4086.00  0.424436E+11 0.125484E+08 0.197239E+11 0.369996E+09
     4096.00  0.426417E+11 0.686713E+06 0.198190E+11 0.436167E+09
     4106.00  0.428238E+11 0.356914E+07 0.199017E+11 0.508702E+09
     4116.00  0.429898E+11 0.212571E+08 0.199721E+11 0.587760E+09
     4126.00  0.431398E+11 0.537950E+08 0.200300E+11 0.673485E+09
     4136.00  0.432736E+11 0.101211E+09 0.200753E+11 0.766014E+09
     4146.00  0.433912E+11 0.163515E+09 0.201079E+11 0.865467E+09
     4156.00  0.434927E+11 0.240701E+09 0.201279E+11 0.971956E+09
     4166.00  0.435780E+11 0.332747E+09 0.201351E+11 0.108558E+10
     4176.00  0.436473E+11 0.439615E+09 0.201297E+11 0.120642E+10
     4186.00  0.437004E+11 0.561249E+09 0.201115E+11 0.133455E+10
     4196.00  0.437375E+11 0.697578E+09 0.200807E+11 0.147002E+10
     4206.00  0.437586E+11 0.848515E+09 0.200372E+11 0.161289E+10
     4216.00  0.437638E+11 0.101396E+10 0.199811E+11 0.176318E+10
     4226.00  0.437532E+11 0.119379E+10 0.199125E+11 0.192090E+10
     4236.00  0.437269E+11 0.138787E+10 0.198315E+11 0.208607E+10
     4246.00  0.436849E+11 0.159606E+10 0.197381E+11 0.225867E+10
     4256.00  0.436275E+11 0.181819E+10 0.196326E+11 0.243867E+10
     4266.00  0.435547E+11 0.205409E+10 0.195151E+11 0.262603E+10
     4276.00  0.434667E+11 0.230357E+10 0.193856E+11 0.282070E+10
     4286.00  0.433637E+11 0.256641E+10 0.192445E+11 0.302261E+10
     4296.00  0.432458E+11 0.284241E+10 0.190918E+11 0.323168E+10
     4306.00  0.431131E+11 0.313133E+10 0.189278E+11 0.344781E+10
     4316.00  0.429659E+11 0.343292E+10 0.187527E+11 0.367089E+10
     4326.00  0.428044E+11 0.374694E+10 0.185667E+11 0.390080E+10
     4336.00  0.426288E+11 0.407311E+10 0.183701E+11 0.413740E+10
     4346.00  0.424392E+11 0.441116E+10 0.181631E+11 0.438053E+10
     4356.00  0.422359E+11 0.476079E+10 0.179460E+11 0.463004E+10
     4366.00  0.420192E+11 0.512171E+10 0.177191E+11 0.488574E+10
     4376.00  0.417892E+11 0.549359E+10 0.174826E+11 0.514746E+10
     4386.00  0.415463E+11 0.587613E+10 0.172369E+11 0.541497E+10
     4396.00  0.412906E+11 0.626898E+10 0.169823E+11 0.568808E+10
     4406.00  0.410224E+11 0.667181E+10 0.167192E+11 0.596655E+10
     4416.00  0.407420E+11 0.708428E+10 0.164478E+11 0.625015E+10
     4426.00  0.404497E+11 0.750601E+10 0.161685E+11 0.653863E+10
     4436.00  0.401457E+11 0.793666E+10 0.158817E+11 0.683173E+10
     4446.00  0.398304E+11 0.837584E+10 0.155877E+11 0.712918E+10
     4456.00  0.395040E+11 0.882318E+10 0.152870E+11 0.743071E+10
     4466.00  0.391668E+11 0.927830E+10 0.149798E+11 0.773603E+10
     4476.00  0.388191E+11 0.974079E+10 0.146667E+11 0.804484E+10
     4486.00  0.384613E+11 0.102103E+11 0.143479E+11 0.835685E+10
     4511.00  0.375242E+11 0.114119E+11 0.135291E+11 0.914873E+10
     4536.00  0.365305E+11 0.126483E+11 0.126842E+11 0.995352E+10
     4561.00  0.354851E+11 0.139129E+11 0.118198E+11 0.107659E+11
     4586.00  0.343933E+11 0.151992E+11 0.109426E+11 0.115804E+11
     4611.00  0.332602E+11 0.165004E+11 0.100595E+11 0.123915E+11
     4636.00  0.320912E+11 0.178099E+11 0.917729E+10 0.131934E+11
     4661.00  0.308914E+11 0.191211E+11 0.830262E+10 0.139805E+11
     4686.00  0.296662E+11 0.204274E+11 0.744221E+10 0.147471E+11
     4711.00  0.284208E+11 0.217223E+11 0.660257E+10 0.154878E+11
     4736.00  0.271603E+11 0.229997E+11 0.579002E+10 0.161970E+11
     4761.00  0.258897E+11 0.242533E+11 0.501068E+10 0.168696E+11
     4786.00  0.246141E+11 0.254773E+11 0.427036E+10 0.175006E+11
     4811.00  0.233380E+11 0.266660E+11 0.357459E+10 0.180854E+11
     4836.00  0.220664E+11 0.278141E+11 0.292853E+10 0.186196E+11
     4861.00  0.208035E+11 0.289164E+11 0.233699E+10 0.190991E+11
     4886.00  0.195538E+11 0.299682E+11 0.180436E+10 0.195205E+11
     4911.00  0.183212E+11 0.309651E+11 0.133459E+10 0.198806E+11
     4936.00  0.171097E+11 0.319029E+11 0.931217E+09 0.201767E+11
     4961.00  0.159230E+11 0.327780E+11 0.597280E+09 0.204065E+11
     4986.00  0.147644E+11 0.335871E+11 0.335357E+09 0.205684E+11
     5011.00  0.136371E+11 0.343271E+11 0.147534E+09 0.206611E+11
     5036.00  0.125442E+11 0.349955E+11 0.354056E+08 0.206839E+11
     5061.00  0.114883E+11 0.355901E+11 0.705117E+05 0.206367E+11
     5086.00  0.104718E+11 0.361092E+11 0.421347E+08 0.205196E+11
     5111.00  0.949697E+10 0.365513E+11 0.161715E+09 0.203337E+11
     5136.00  0.856570E+10 0.369156E+11 0.358448E+09 0.200801E+11
     5161.00  0.767969E+10 0.372013E+11 0.631500E+09 0.197607E+11
     5186.00  0.684037E+10 0.374083E+11 0.979581E+09 0.193778E+11
     5211.00  0.604892E+10 0.375368E+11 0.140096E+10 0.189340E+11
     5236.00  0.530630E+10 0.375871E+11 0.189350E+10 0.184327E+11
     5261.00  0.461321E+10 0.375603E+11 0.245463E+10 0.178771E+11
     5286.00  0.397011E+10 0.374573E+11 0.308144E+10 0.172714E+11
     5311.00  0.337726E+10 0.372799E+11 0.377066E+10 0.166196E+11
     5336.00  0.283469E+10 0.370297E+11 0.451867E+10 0.159264E+11
     5361.00  0.234223E+10 0.367088E+11 0.532160E+10 0.151965E+11
     5386.00  0.189950E+10 0.363196E+11 0.617527E+10 0.144350E+11
     5411.00  0.150593E+10 0.358646E+11 0.707530E+10 0.136470E+11
     5436.00  0.116079E+10 0.353468E+11 0.801706E+10 0.128379E+11
     5461.00  0.863164E+09 0.347690E+11 0.899579E+10 0.120131E+11
     5511.00  0.406033E+09 0.334465E+11 0.110443E+11 0.103390E+11
     5561.00  0.124308E+09 0.319248E+11 0.131804E+11 0.866881E+10
     5611.00  0.578685E+07 0.302329E+11 0.153626E+11 0.704644E+10
     5661.00  0.366625E+08 0.284013E+11 0.175496E+11 0.551370E+10
     5711.00  0.201888E+09 0.264613E+11 0.197014E+11 0.410960E+10
     5761.00  0.485530E+09 0.244439E+11 0.217794E+11 0.286933E+10
     5811.00  0.871105E+09 0.223797E+11 0.237479E+11 0.182352E+10
     5861.00  0.134190E+10 0.202982E+11 0.255744E+11 0.997586E+09
     5911.00  0.188126E+10 0.182274E+11 0.272298E+11 0.411303E+09
     5961.00  0.247287E+10 0.161934E+11 0.286894E+11 0.784768E+08
     6011.00  0.310097E+10 0.142202E+11 0.299330E+11 0.683405E+07
     6061.00  0.375056E+10 0.123291E+11 0.309446E+11 0.198044E+09
     6111.00  0.440759E+10 0.105389E+11 0.317133E+11 0.647895E+09
     6161.00  0.505909E+10 0.886571E+10 0.322326E+11 0.134660E+10
     6211.00  0.569329E+10 0.732250E+10 0.325005E+11 0.227923E+10
     6261.00  0.629969E+10 0.591958E+10 0.325194E+11 0.342623E+10
     6311.00  0.686910E+10 0.466441E+10 0.322958E+11 0.476403E+10
     6361.00  0.739370E+10 0.356170E+10 0.318397E+11 0.626572E+10
     6411.00  0.786701E+10 0.261356E+10 0.311646E+11 0.790174E+10
     6461.00  0.828390E+10 0.181965E+10 0.302867E+11 0.964063E+10
     6511.00  0.864051E+10 0.117741E+10 0.292247E+11 0.114498E+11
     6561.00  0.893424E+10 0.682217E+09 0.279994E+11 0.132961E+11
     6611.00  0.916363E+10 0.327658E+09 0.266329E+11 0.151467E+11
     6661.00  0.932831E+10 0.105760E+09 0.251483E+11 0.169696E+11
     6711.00  0.942892E+10 0.723364E+07 0.235694E+11 0.187344E+11
     6761.00  0.946696E+10 0.217293E+08 0.219199E+11 0.204126E+11
     6811.00  0.944474E+10 0.138077E+09 0.202234E+11 0.219781E+11
     6861.00  0.936524E+10 0.344527E+09 0.185028E+11 0.234076E+11
     6911.00  0.923203E+10 0.628974E+09 0.167799E+11 0.246811E+11
     6961.00  0.904917E+10 0.979170E+09 0.150755E+11 0.257819E+11
     7011.00  0.882105E+10 0.138292E+10 0.134087E+11 0.266968E+11
     7061.00  0.855237E+10 0.182828E+10 0.117967E+11 0.274159E+11
     7111.00  0.824803E+10 0.230366E+10 0.102552E+11 0.279333E+11
     7161.00  0.791300E+10 0.279805E+10 0.879772E+10 0.282463E+11
     7211.00  0.755228E+10 0.330105E+10 0.743561E+10 0.283555E+11
     7261.00  0.717082E+10 0.380303E+10 0.617826E+10 0.282648E+11
     7311.00  0.677346E+10 0.429519E+10 0.503295E+10 0.279809E+11
     7361.00  0.636486E+10 0.476959E+10 0.400488E+10 0.275131E+11
     7411.00  0.594946E+10 0.521925E+10 0.309729E+10 0.268732E+11
     7511.00  0.511473E+10 0.602101E+10 0.164715E+10 0.251334E+11
     7611.00  0.429913E+10 0.666337E+10 0.672958E+09 0.228891E+11
     7711.00  0.352717E+10 0.712385E+10 0.141640E+09 0.202834E+11
     7811.00  0.281776E+10 0.739335E+10 0.190787E+07 0.174646E+11
     7911.00  0.218423E+10 0.747444E+10 0.189811E+09 0.145766E+11
     8011.00  0.163468E+10 0.737923E+10 0.634157E+09 0.117508E+11
     8111.00  0.117246E+10 0.712715E+10 0.126148E+10 0.910005E+10
     8211.00  0.796909E+09 0.674271E+10 0.200036E+10 0.671492E+10
     8311.00  0.504043E+09 0.625340E+10 0.278487E+10 0.466117E+10
     8411.00  0.287340E+09 0.568778E+10 0.355723E+10 0.297953E+10
     8511.00  0.138480E+09 0.507389E+10 0.426953E+10 0.168690E+10
     8611.00  0.480303E+08 0.443792E+10 0.488461E+10 0.778721E+09
     8711.00  0.605712E+07 0.380328E+10 0.537626E+10 0.232225E+09
     8811.00  0.264040E+07 0.318993E+10 0.572876E+10 0.102707E+08
     8911.00  0.282918E+08 0.261401E+10 0.593597E+10 0.653591E+08
     9011.00  0.742715E+08 0.208777E+10 0.600008E+10 0.343618E+09
     9111.00  0.132811E+09 0.161961E+10 0.593009E+10 0.788515E+09
     9211.00  0.197249E+09 0.121440E+10 0.574030E+10 0.134413E+10
     9311.00  0.262090E+09 0.873814E+09 0.544866E+10 0.195787E+10
     9411.00  0.323008E+09 0.596860E+09 0.507537E+10 0.258261E+10
     9511.00  0.376785E+09 0.380334E+09 0.464147E+10 0.317811E+10
     9611.00  0.421227E+09 0.219358E+09 0.416777E+10 0.371198E+10
     9711.00  0.455048E+09 0.107869E+09 0.367386E+10 0.416000E+10
     9811.00  0.477734E+09 0.390780E+08 0.317743E+10 0.450594E+10
     9911.00  0.489412E+09 0.587554E+07 0.269379E+10 0.474112E+10
    10011.00  0.490705E+09 0.117472E+07 0.223552E+10 0.486359E+10
    10111.00  0.482610E+09 0.181911E+08 0.181243E+10 0.487709E+10
    10211.00  0.466373E+09 0.506563E+08 0.143154E+10 0.479001E+10
    10311.00  0.443385E+09 0.929690E+08 0.109726E+10 0.461419E+10
    10411.00  0.415098E+09 0.140291E+09 0.811637E+09 0.436386E+10
    10511.00  0.382941E+09 0.188590E+09 0.574643E+09 0.405454E+10
    10611.00  0.348273E+09 0.234646E+09 0.384550E+09 0.370217E+10
    10711.00  0.312333E+09 0.276016E+09 0.238270E+09 0.332228E+10
    10811.00  0.276214E+09 0.310979E+09 0.131711E+09 0.292942E+10
    10911.00  0.240846E+09 0.338464E+09 0.601117E+08 0.253662E+10
    11011.00  0.206988E+09 0.357957E+09 0.183415E+08 0.215510E+10
    11111.00  0.175232E+09 0.369414E+09 0.116059E+07 0.179411E+10
    11211.00  0.146009E+09 0.373164E+09 0.344080E+07 0.146081E+10
    11311.00  0.119602E+09 0.369824E+09 0.203389E+08 0.116032E+10
    11411.00  0.961618E+08 0.360215E+09 0.474276E+08 0.895859E+09
    11511.00  0.757283E+08 0.345282E+09 0.807855E+08 0.668928E+09
    11611.00  0.582458E+08 0.326037E+09 0.117050E+09 0.479507E+09
    11711.00  0.435836E+08 0.303503E+09 0.153437E+09 0.326320E+09
    11811.00  0.315537E+08 0.278666E+09 0.187738E+09 0.207090E+09
    11911.00  0.219276E+08 0.252446E+09 0.218292E+09 0.118791E+09
    12011.00  0.144509E+08 0.225673E+09 0.243939E+09 0.578837E+08
    12111.00  0.885648E+07 0.199067E+09 0.263969E+09 0.205400E+08
    12211.00  0.487534E+07 0.173237E+09 0.278062E+09 0.282816E+07
    12311.00  0.224540E+07 0.148671E+09 0.286219E+09 0.875782E+06
    12411.00  0.718435E+06 0.125745E+09 0.288700E+09 0.109991E+08
    12511.00  0.650808E+05 0.104727E+09 0.285964E+09 0.298023E+08
    12611.00  0.783229E+05 0.857848E+08 0.278609E+09 0.542470E+08
    12711.00  0.575480E+06 0.690025E+08 0.267323E+09 0.816967E+08
    12811.00  0.139901E+07 0.543884E+08 0.252838E+09 0.109937E+09
    12911.00  0.241632E+07 0.418895E+08 0.235893E+09 0.137176E+09
    13011.00  0.351880E+07 0.314039E+08 0.217205E+09 0.162029E+09
    13111.00  0.462024E+07 0.227927E+08 0.197441E+09 0.183493E+09
    13211.00  0.565485E+07 0.158910E+08 0.177210E+09 0.200908E+09
    13311.00  0.657506E+07 0.105177E+08 0.157041E+09 0.213914E+09
    13411.00  0.734910E+07 0.648394E+07 0.137386E+09 0.222408E+09
    13511.00  0.795864E+07 0.360014E+07 0.118610E+09 0.226497E+09
    13611.00  0.839642E+07 0.168211E+07 0.101001E+09 0.226454E+09
    13711.00  0.866406E+07 0.555366E+06 0.847662E+08 0.222671E+09
    13811.00  0.877004E+07 0.585305E+05 0.700436E+08 0.215627E+09
    13911.00  0.872785E+07 0.456308E+05 0.569075E+08 0.205848E+09
    14011.00  0.855439E+07 0.387439E+06 0.453776E+08 0.193881E+09
    14111.00  0.826864E+07 0.972028E+06 0.354274E+08 0.180268E+09
    14211.00  0.789044E+07 0.170468E+07 0.269933E+08 0.165528E+09
    14311.00  0.743962E+07 0.250724E+07 0.199829E+08 0.150141E+09
    14411.00  0.693529E+07 0.331714E+07 0.142828E+08 0.134536E+09
    14511.00  0.639522E+07 0.408605E+07 0.976557E+07 0.119089E+09
    14611.00  0.583551E+07 0.477841E+07 0.629631E+07 0.104113E+09
    14711.00  0.527038E+07 0.536986E+07 0.373764E+07 0.898627E+08
    14811.00  0.471198E+07 0.584560E+07 0.195425E+07 0.765355E+08
    14911.00  0.417039E+07 0.619879E+07 0.816370E+06 0.642722E+08
    15011.00  0.365371E+07 0.642910E+07 0.202520E+06 0.531642E+08
    15111.00  0.316810E+07 0.654127E+07 0.137013E+04 0.432583E+08
    15211.00  0.271799E+07 0.654381E+07 0.113027E+06 0.345624E+08
    15311.00  0.230622E+07 0.644797E+07 0.449686E+06 0.270524E+08
    15411.00  0.193426E+07 0.626665E+07 0.935799E+06 0.206783E+08
    15511.00  0.160241E+07 0.601366E+07 0.150784E+07 0.153696E+08
    15611.00  0.130997E+07 0.570302E+07 0.211375E+07 0.110415E+08
    15711.00  0.105549E+07 0.534841E+07 0.271216E+07 0.759938E+07
    15811.00  0.836893E+06 0.496276E+07 0.327140E+07 0.494329E+07
    15911.00  0.651668E+06 0.455795E+07 0.376849E+07 0.297181E+07
    16011.00  0.497005E+06 0.414461E+07 0.418797E+07 0.158504E+07
    16111.00  0.369928E+06 0.373199E+07 0.452084E+07 0.687097E+06
    16211.00  0.267395E+06 0.332794E+07 0.476346E+07 0.188055E+06
    16311.00  0.186391E+06 0.293886E+07 0.491648E+07 0.531209E+04
    16411.00  0.123997E+06 0.256982E+07 0.498396E+07 0.644996E+05
    16511.00  0.774461E+05 0.222463E+07 0.497246E+07 0.299976E+06
    16611.00  0.441616E+05 0.190591E+07 0.489031E+07 0.654973E+06
    16711.00  0.217852E+05 0.161526E+07 0.474693E+07 0.108146E+07
    16811.00  0.819265E+04 0.135339E+07 0.455230E+07 0.153976E+07
    16911.00  0.150008E+04 0.112025E+07 0.431650E+07 0.199805E+07
    17011.00  0.629461E+02 0.915155E+06 0.404932E+07 0.243165E+07
    17111.00  0.246863E+04 0.736915E+06 0.376003E+07 0.282230E+07
    17211.00  0.752445E+04 0.583968E+06 0.345711E+07 0.315739E+07
    17311.00  0.142422E+05 0.454471E+06 0.314819E+07 0.342915E+07
    17411.00  0.218203E+05 0.346406E+06 0.283989E+07 0.363389E+07
    17511.00  0.296253E+05 0.257655E+06 0.253787E+07 0.377124E+07
    17611.00  0.371714E+05 0.186070E+06 0.224674E+07 0.384346E+07
    17711.00  0.441019E+05 0.129534E+06 0.197020E+07 0.385483E+07
    17811.00  0.501697E+05 0.860058E+05 0.171102E+07 0.381108E+07
    17911.00  0.552201E+05 0.535527E+05 0.147115E+07 0.371888E+07
    18011.00  0.591736E+05 0.303788E+05 0.125180E+07 0.358545E+07
    18111.00  0.620116E+05 0.148412E+05 0.105355E+07 0.341820E+07
    18211.00  0.637625E+05 0.545987E+04 0.876426E+06 0.322445E+07
    18311.00  0.644901E+05 0.921799E+03 0.719981E+06 0.301117E+07
    18411.00  0.642834E+05 0.795185E+02 0.583417E+06 0.278489E+07
    18511.00  0.632479E+05 0.194591E+04 0.465648E+06 0.255151E+07
    18611.00  0.614981E+05 0.568590E+04 0.365379E+06 0.231626E+07
    18711.00  0.591522E+05 0.106058E+05 0.281174E+06 0.208365E+07
    18811.00  0.563271E+05 0.161414E+05 0.211518E+06 0.185747E+07
    18911.00  0.531348E+05 0.218448E+05 0.154861E+06 0.164079E+07
    19011.00  0.496798E+05 0.273709E+05 0.109667E+06 0.143602E+07
    19111.00  0.460576E+05 0.324648E+05 0.744454E+05 0.124493E+07
    19311.00  0.386400E+05 0.407072E+05 0.283286E+05 0.908073E+06
    19511.00  0.314297E+05 0.458553E+05 0.632481E+04 0.634168E+06
    19711.00  0.248035E+05 0.478891E+05 0.330684E+02 0.421187E+06
    19911.00  0.189862E+05 0.472060E+05 0.292001E+04 0.263158E+06
    20111.00  0.140787E+05 0.444084E+05 0.102069E+05 0.151899E+06
    20311.00  0.100882E+05 0.401549E+05 0.186402E+05 0.784094E+05
    20511.00  0.695731E+04 0.350636E+05 0.262083E+05 0.338780E+05
    20711.00  0.458887E+04 0.296578E+05 0.318493E+05 0.103413E+05
    20911.00  0.286635E+04 0.243434E+05 0.351809E+05 0.104989E+04
    21111.00  0.166864E+04 0.194062E+05 0.362678E+05 0.603891E+03
    21311.00  0.880537E+03 0.150239E+05 0.354376E+05 0.492510E+04
    21511.00  0.399034E+03 0.112842E+05 0.331397E+05 0.111241E+05
    21711.00  0.136656E+03 0.820533E+04 0.298493E+05 0.173109E+05
    21911.00  0.223775E+02 0.575655E+04 0.260045E+05 0.223857E+05
    22111.00  0.100510E+01 0.387551E+04 0.219725E+05 0.258360E+05
    22311.00  0.315593E+02 0.248300E+04 0.180357E+05 0.275564E+05
    22511.00  0.851575E+02 0.149401E+04 0.143918E+05 0.276980E+05
    22711.00  0.142733E+03 0.825632E+03 0.111625E+05 0.265518E+05
    22911.00  0.192826E+03 0.402166E+03 0.840669E+04 0.244628E+05
    23111.00  0.229596E+03 0.157973E+03 0.613507E+04 0.217727E+05
    23311.00  0.251124E+03 0.386247E+02 0.432399E+04 0.187841E+05
    23511.00  0.258041E+03 0.839820E+00 0.292796E+04 0.157429E+05
    23711.00  0.252459E+03 0.116370E+02 0.188968E+04 0.128328E+05
    23911.00  0.237188E+03 0.470303E+02 0.114782E+04 0.101779E+05
    24111.00  0.215190E+03 0.905316E+02 0.642529E+03 0.785080E+04
    24311.00  0.189227E+03 0.131633E+03 0.318993E+03 0.588191E+04
    24511.00  0.161661E+03 0.164391E+03 0.129507E+03 0.427032E+04
    24711.00  0.134362E+03 0.186179E+03 0.342924E+02 0.299312E+04
    24911.00  0.108700E+03 0.196642E+03 0.150254E+01 0.201394E+04
    25111.00  0.855768E+02 0.196851E+03 0.665590E+01 0.128956E+04
    25311.00  0.654948E+02 0.188664E+03 0.317502E+02 0.774982E+03
    25511.00  0.486341E+02 0.174248E+03 0.642258E+02 0.427018E+03
    25711.00  0.349324E+02 0.155763E+03 0.959073E+02 0.206526E+03
    25911.00  0.241583E+02 0.135148E+03 0.122004E+03 0.796638E+02
    26111.00  0.159756E+02 0.114020E+03 0.140224E+03 0.183451E+02
    26311.00  0.999561E+01 0.936189E+02 0.150019E+03 0.152920E+00
    26511.00  0.581781E+01 0.748233E+02 0.151972E+03 0.789155E+01
    26711.00  0.305869E+01 0.581780E+02 0.147323E+03 0.289354E+02
    26911.00  0.137132E+01 0.439498E+02 0.137609E+03 0.544888E+02
         IE==>     16           17           18           19
        1.00  0.220629E+10 0.101115E+11 0.529512E+10 0.128419E+11
        2.00  0.513799E+10 0.233652E+11 0.122022E+11 0.295017E+11
        3.00  0.767903E+10 0.346554E+11 0.180470E+11 0.435002E+11
        4.00  0.971430E+10 0.435136E+11 0.225936E+11 0.542966E+11
        5.00  0.113287E+11 0.503733E+11 0.260765E+11 0.624824E+11
        6.00  0.126264E+11 0.557403E+11 0.287650E+11 0.687254E+11
        7.00  0.136930E+11 0.600218E+11 0.308755E+11 0.735582E+11
        8.00  0.145905E+11 0.635125E+11 0.325637E+11 0.773635E+11
        9.00  0.153622E+11 0.664164E+11 0.339375E+11 0.804062E+11
       10.00  0.160379E+11 0.688736E+11 0.350712E+11 0.828679E+11
       11.00  0.166382E+11 0.709820E+11 0.360163E+11 0.848754E+11
       12.00  0.171781E+11 0.728120E+11 0.368103E+11 0.865205E+11
       13.00  0.176687E+11 0.744162E+11 0.374809E+11 0.878713E+11
       14.00  0.181186E+11 0.758351E+11 0.380498E+11 0.889804E+11
       15.00  0.185345E+11 0.771003E+11 0.385335E+11 0.898889E+11
       16.00  0.189218E+11 0.782368E+11 0.389454E+11 0.906292E+11
       17.00  0.192845E+11 0.792641E+11 0.392957E+11 0.912265E+11
       18.00  0.196259E+11 0.801976E+11 0.395928E+11 0.917010E+11
       19.00  0.199485E+11 0.810492E+11 0.398429E+11 0.920682E+11
       20.00  0.202543E+11 0.818283E+11 0.400512E+11 0.923408E+11
       21.00  0.205448E+11 0.825424E+11 0.402218E+11 0.925288E+11
       22.00  0.208213E+11 0.831978E+11 0.403579E+11 0.926404E+11
       23.00  0.210848E+11 0.837995E+11 0.404626E+11 0.926828E+11
       24.00  0.213362E+11 0.843521E+11 0.405382E+11 0.926620E+11
       25.00  0.215763E+11 0.848595E+11 0.405870E+11 0.925836E+11
       26.00  0.218059E+11 0.853253E+11 0.406110E+11 0.924525E+11
       27.00  0.220255E+11 0.857526E+11 0.406119E+11 0.922729E+11
       28.00  0.222357E+11 0.861444E+11 0.405914E+11 0.920489E+11
       29.00  0.224371E+11 0.865031E+11 0.405510E+11 0.917840E+11
       30.00  0.226301E+11 0.868310E+11 0.404918E+11 0.914812E+11
       31.00  0.228151E+11 0.871298E+11 0.404150E+11 0.911431E+11
       32.00  0.229924E+11 0.874014E+11 0.403216E+11 0.907722E+11
       33.00  0.231622E+11 0.876469E+11 0.402124E+11 0.903705E+11
       34.00  0.233248E+11 0.878676E+11 0.400881E+11 0.899398E+11
       35.00  0.234803E+11 0.880645E+11 0.399495E+11 0.894817E+11
       36.00  0.236289E+11 0.882385E+11 0.397970E+11 0.889976E+11
       37.00  0.237708E+11 0.883905E+11 0.396313E+11 0.884890E+11
       38.00  0.239060E+11 0.885210E+11 0.394530E+11 0.879570E+11
       39.00  0.240347E+11 0.886310E+11 0.392624E+11 0.874028E+11
       40.00  0.241571E+11 0.887211E+11 0.390602E+11 0.868278E+11
       42.00  0.243831E+11 0.888442E+11 0.386226E+11 0.856193E+11
       44.00  0.245851E+11 0.888958E+11 0.381439E+11 0.843400E+11
       46.00  0.247640E+11 0.888806E+11 0.376276E+11 0.829979E+11
       48.00  0.249206E+11 0.888030E+11 0.370769E+11 0.815999E+11
       50.00  0.250556E+11 0.886665E+11 0.364945E+11 0.801522E+11
       52.00  0.251696E+11 0.884741E+11 0.358830E+11 0.786603E+11
       54.00  0.252630E+11 0.882283E+11 0.352446E+11 0.771287E+11
       56.00  0.253361E+11 0.879312E+11 0.345813E+11 0.755620E+11
       58.00  0.253895E+11 0.875849E+11 0.338952E+11 0.739641E+11
       60.00  0.254234E+11 0.871914E+11 0.331884E+11 0.723392E+11
       62.00  0.254384E+11 0.867530E+11 0.324627E+11 0.706911E+11
       64.00  0.254349E+11 0.862718E+11 0.317202E+11 0.690237E+11
       66.00  0.254135E+11 0.857499E+11 0.309628E+11 0.673405E+11
       68.00  0.253745E+11 0.851893E+11 0.301923E+11 0.656450E+11
       70.00  0.253186E+11 0.845919E+11 0.294103E+11 0.639405E+11
       72.00  0.252461E+11 0.839594E+11 0.286186E+11 0.622298E+11
       74.00  0.251575E+11 0.832934E+11 0.278188E+11 0.605157E+11
       76.00  0.250530E+11 0.825952E+11 0.270122E+11 0.588006E+11
       78.00  0.249332E+11 0.818663E+11 0.262004E+11 0.570871E+11
       80.00  0.247983E+11 0.811080E+11 0.253847E+11 0.553775E+11
       82.00  0.246489E+11 0.803217E+11 0.245665E+11 0.536738E+11
       84.00  0.244852E+11 0.795087E+11 0.237472E+11 0.519784E+11
       86.00  0.243078E+11 0.786704E+11 0.229280E+11 0.502934E+11
       88.00  0.241172E+11 0.778083E+11 0.221103E+11 0.486206E+11
       90.00  0.239137E+11 0.769238E+11 0.212953E+11 0.469620E+11
       92.00  0.236978E+11 0.760182E+11 0.204843E+11 0.453195E+11
       94.00  0.234701E+11 0.750928E+11 0.196783E+11 0.436947E+11
       96.00  0.232309E+11 0.741489E+11 0.188785E+11 0.420891E+11
       98.00  0.229806E+11 0.731877E+11 0.180860E+11 0.405043E+11
      100.00  0.227198E+11 0.722103E+11 0.173017E+11 0.389415E+11
      102.00  0.224489E+11 0.712177E+11 0.165266E+11 0.374021E+11
      104.00  0.221681E+11 0.702110E+11 0.157616E+11 0.358871E+11
      106.00  0.218781E+11 0.691913E+11 0.150077E+11 0.343977E+11
      108.00  0.215791E+11 0.681595E+11 0.142657E+11 0.329350E+11
      110.00  0.212716E+11 0.671168E+11 0.135364E+11 0.314999E+11
      112.00  0.209561E+11 0.660640E+11 0.128207E+11 0.300932E+11
      114.00  0.206330E+11 0.650023E+11 0.121192E+11 0.287159E+11
      116.00  0.203027E+11 0.639326E+11 0.114328E+11 0.273687E+11
      118.00  0.199657E+11 0.628560E+11 0.107620E+11 0.260524E+11
      122.00  0.192732E+11 0.606856E+11 0.947031E+10 0.235146E+11
      126.00  0.185590E+11 0.584983E+11 0.824883E+10 0.211069E+11
      130.00  0.178264E+11 0.563010E+11 0.710183E+10 0.188324E+11
      134.00  0.170785E+11 0.540997E+11 0.603298E+10 0.166934E+11
      138.00  0.163185E+11 0.519005E+11 0.504548E+10 0.146913E+11
      142.00  0.155495E+11 0.497088E+11 0.414203E+10 0.128269E+11
      146.00  0.147746E+11 0.475303E+11 0.332487E+10 0.111000E+11
      150.00  0.139967E+11 0.453701E+11 0.259578E+10 0.951007E+10
      154.00  0.132189E+11 0.432331E+11 0.195608E+10 0.805573E+10
      158.00  0.124438E+11 0.411239E+11 0.140668E+10 0.673504E+10
      162.00  0.116744E+11 0.390467E+11 0.948022E+09 0.554550E+10
      166.00  0.109131E+11 0.370052E+11 0.580201E+09 0.448414E+10
      170.00  0.101625E+11 0.350029E+11 0.302917E+09 0.354754E+10
      174.00  0.942492E+10 0.330433E+11 0.115516E+09 0.273186E+10
      178.00  0.870277E+10 0.311292E+11 0.170037E+08 0.203294E+10
      182.00  0.799824E+10 0.292635E+11 0.606298E+07 0.144630E+10
      186.00  0.731347E+10 0.274488E+11 0.810716E+08 0.967160E+09
      190.00  0.665045E+10 0.256873E+11 0.240123E+09 0.590512E+09
      194.00  0.601109E+10 0.239812E+11 0.481044E+09 0.311138E+09
      198.00  0.539714E+10 0.223320E+11 0.801419E+09 0.123652E+09
      202.00  0.481025E+10 0.207413E+11 0.119860E+10 0.225362E+08
      206.00  0.425195E+10 0.192104E+11 0.166973E+10 0.217468E+07
      210.00  0.372366E+10 0.177402E+11 0.221177E+10 0.568816E+08
      214.00  0.322668E+10 0.163316E+11 0.282149E+10 0.180932E+09
      218.00  0.276221E+10 0.149852E+11 0.349553E+10 0.368589E+09
      222.00  0.233131E+10 0.137015E+11 0.423037E+10 0.614133E+09
      226.00  0.193494E+10 0.124807E+11 0.502240E+10 0.911886E+09
      230.00  0.157395E+10 0.113228E+11 0.586790E+10 0.125623E+10
      234.00  0.124905E+10 0.102276E+11 0.676308E+10 0.164166E+10
      238.00  0.960858E+09 0.919493E+10 0.770406E+10 0.206273E+10
      242.00  0.709876E+09 0.822419E+10 0.868694E+10 0.251417E+10
      246.00  0.496497E+09 0.731475E+10 0.970774E+10 0.299082E+10
      250.00  0.321010E+09 0.646582E+10 0.107625E+11 0.348769E+10
      254.00  0.183602E+09 0.567649E+10 0.118472E+11 0.399996E+10
      258.00  0.843587E+08 0.494572E+10 0.129579E+11 0.452299E+10
      262.00  0.232674E+08 0.427233E+10 0.140906E+11 0.505236E+10
      266.00  0.220367E+06 0.365506E+10 0.152414E+11 0.558383E+10
      270.00  0.150178E+08 0.309254E+10 0.164065E+11 0.611339E+10
      274.00  0.673711E+08 0.258329E+10 0.175820E+11 0.663726E+10
      282.00  0.283167E+09 0.171833E+10 0.199493E+11 0.765388E+10
      290.00  0.643647E+09 0.104686E+10 0.223142E+11 0.860798E+10
      298.00  0.114364E+10 0.554619E+09 0.246489E+11 0.947757E+10
      306.00  0.177687E+10 0.226602E+09 0.269274E+11 0.102445E+11
      314.00  0.253606E+10 0.473061E+08 0.291255E+11 0.108944E+11
      322.00  0.341309E+10 0.927985E+06 0.312212E+11 0.114167E+11
      330.00  0.439907E+10 0.715629E+08 0.331947E+11 0.118041E+11
      338.00  0.548443E+10 0.243387E+09 0.350283E+11 0.120529E+11
      346.00  0.665907E+10 0.500819E+09 0.367064E+11 0.121625E+11
      354.00  0.791244E+10 0.828668E+09 0.382161E+11 0.121350E+11
      362.00  0.923369E+10 0.121227E+10 0.395467E+11 0.119753E+11
      370.00  0.106118E+11 0.163761E+10 0.406901E+11 0.116909E+11
      378.00  0.120355E+11 0.209143E+10 0.416403E+11 0.112911E+11
      386.00  0.134937E+11 0.256128E+10 0.423936E+11 0.107869E+11
      394.00  0.149751E+11 0.303564E+10 0.429481E+11 0.101911E+11
      402.00  0.164688E+11 0.350394E+10 0.433042E+11 0.951733E+10
      410.00  0.179640E+11 0.395663E+10 0.434642E+11 0.878036E+10
      418.00  0.194502E+11 0.438521E+10 0.434323E+11 0.799549E+10
      426.00  0.209173E+11 0.478224E+10 0.432142E+11 0.717836E+10
      434.00  0.223558E+11 0.514135E+10 0.428171E+11 0.634469E+10
      442.00  0.237564E+11 0.545720E+10 0.422494E+11 0.551003E+10
      450.00  0.251105E+11 0.572553E+10 0.415208E+11 0.468953E+10
      458.00  0.264098E+11 0.594309E+10 0.406419E+11 0.389782E+10
      466.00  0.276470E+11 0.610761E+10 0.396241E+11 0.314873E+10
      474.00  0.288153E+11 0.621781E+10 0.384797E+11 0.245523E+10
      482.00  0.299083E+11 0.627328E+10 0.372213E+11 0.182921E+10
      490.00  0.309206E+11 0.627448E+10 0.358622E+11 0.128141E+10
      498.00  0.318473E+11 0.622267E+10 0.344156E+11 0.821327E+09
      506.00  0.326842E+11 0.611983E+10 0.328949E+11 0.457143E+09
      514.00  0.334276E+11 0.596860E+10 0.313133E+11 0.195668E+09
      522.00  0.340749E+11 0.577227E+10 0.296843E+11 0.423162E+08
      530.00  0.346237E+11 0.553466E+10 0.280207E+11 0.109032E+07
      538.00  0.350727E+11 0.526005E+10 0.263354E+11 0.745853E+08
      546.00  0.354209E+11 0.495314E+10 0.246404E+11 0.264010E+09
      554.00  0.356682E+11 0.461897E+10 0.229474E+11 0.569225E+09
      562.00  0.358149E+11 0.426283E+10 0.212674E+11 0.988788E+09
      570.00  0.358619E+11 0.389021E+10 0.196109E+11 0.152001E+10
      578.00  0.358107E+11 0.350676E+10 0.179875E+11 0.215905E+10
      586.00  0.356633E+11 0.311820E+10 0.164060E+11 0.290096E+10
      596.00  0.353477E+11 0.263404E+10 0.145005E+11 0.396389E+10
      606.00  0.348918E+11 0.216195E+10 0.126871E+11 0.516466E+10
      616.00  0.343025E+11 0.171274E+10 0.109778E+11 0.648786E+10
      626.00  0.335877E+11 0.129682E+10 0.938238E+10 0.791647E+10
      636.00  0.327559E+11 0.924056E+09 0.790848E+10 0.943224E+10
      646.00  0.318165E+11 0.603632E+09 0.656179E+10 0.110160E+11
      656.00  0.307792E+11 0.343963E+09 0.534601E+10 0.126480E+11
      666.00  0.296544E+11 0.152596E+09 0.426291E+10 0.143082E+11
      676.00  0.284528E+11 0.361403E+08 0.331252E+10 0.159766E+11
      686.00  0.271852E+11 0.207439E+06 0.249314E+10 0.176337E+11
      696.00  0.258624E+11 0.493721E+08 0.180159E+10 0.192601E+11
      706.00  0.244955E+11 0.187143E+09 0.123326E+10 0.208377E+11
      716.00  0.230954E+11 0.415947E+09 0.782345E+09 0.223492E+11
      726.00  0.216726E+11 0.737133E+09 0.441953E+09 0.237786E+11
      736.00  0.202377E+11 0.115098E+10 0.204292E+09 0.251111E+11
      746.00  0.188009E+11 0.165673E+10 0.608209E+08 0.263338E+11
      756.00  0.173718E+11 0.225260E+10 0.242029E+07 0.274350E+11
      766.00  0.159597E+11 0.293586E+10 0.195488E+08 0.284051E+11
      776.00  0.145733E+11 0.370286E+10 0.102398E+09 0.292360E+11
      786.00  0.132208E+11 0.454908E+10 0.241041E+09 0.299215E+11
      796.00  0.119097E+11 0.546923E+10 0.425570E+09 0.304571E+11
      806.00  0.106471E+11 0.645733E+10 0.646229E+09 0.308402E+11
      816.00  0.943922E+10 0.750673E+10 0.893539E+09 0.310700E+11
      826.00  0.829160E+10 0.861026E+10 0.115840E+10 0.311471E+11
      836.00  0.720914E+10 0.976025E+10 0.143220E+10 0.310741E+11
      846.00  0.619601E+10 0.109487E+11 0.170689E+10 0.308548E+11
      856.00  0.525566E+10 0.121672E+11 0.197507E+10 0.304944E+11
      866.00  0.439087E+10 0.134072E+11 0.223004E+10 0.299995E+11
      876.00  0.360370E+10 0.146600E+11 0.246587E+10 0.293778E+11
      886.00  0.289552E+10 0.159170E+11 0.267741E+10 0.286380E+11
      896.00  0.226707E+10 0.171694E+11 0.286035E+10 0.277898E+11
      906.00  0.171842E+10 0.184087E+11 0.301121E+10 0.268433E+11
      916.00  0.124905E+10 0.196265E+11 0.312734E+10 0.258096E+11
      926.00  0.857853E+09 0.208145E+11 0.320692E+10 0.246999E+11
      936.00  0.543187E+09 0.219651E+11 0.324897E+10 0.235257E+11
      946.00  0.302901E+09 0.230706E+11 0.325328E+10 0.222989E+11
      956.00  0.134379E+09 0.241241E+11 0.322040E+10 0.210311E+11
      966.00  0.345791E+08 0.251189E+11 0.315162E+10 0.197340E+11
      976.00  0.772233E+05 0.260492E+11 0.304888E+10 0.184189E+11
      986.00  0.271086E+08 0.269093E+11 0.291473E+10 0.170971E+11
      996.00  0.111613E+09 0.276944E+11 0.275230E+10 0.157789E+11
     1006.00  0.249278E+09 0.284000E+11 0.256521E+10 0.144746E+11
     1016.00  0.435584E+09 0.290225E+11 0.235749E+10 0.131935E+11
     1026.00  0.665844E+09 0.295588E+11 0.213359E+10 0.119444E+11
     1036.00  0.935252E+09 0.300065E+11 0.189821E+10 0.107354E+11
     1046.00  0.123892E+10 0.303638E+11 0.165630E+10 0.957358E+10
     1056.00  0.157192E+10 0.306295E+11 0.141299E+10 0.846547E+10
     1066.00  0.192931E+10 0.308032E+11 0.117348E+10 0.741657E+10
     1076.00  0.230622E+10 0.308849E+11 0.942998E+09 0.643154E+10
     1086.00  0.269780E+10 0.308753E+11 0.726761E+09 0.551417E+10
     1096.00  0.309935E+10 0.307756E+11 0.529873E+09 0.466740E+10
     1106.00  0.350627E+10 0.305877E+11 0.357290E+09 0.389329E+10
     1116.00  0.391415E+10 0.303140E+11 0.213760E+09 0.319306E+10
     1126.00  0.431875E+10 0.299572E+11 0.103774E+09 0.256715E+10
     1136.00  0.471605E+10 0.295207E+11 0.315190E+08 0.201522E+10
     1146.00  0.510227E+10 0.290082E+11 0.837391E+06 0.153619E+10
     1156.00  0.547389E+10 0.284238E+11 0.151900E+08 0.112833E+10
     1166.00  0.582763E+10 0.277719E+11 0.776251E+08 0.789266E+09
     1176.00  0.616052E+10 0.270573E+11 0.190752E+09 0.516066E+09
     1186.00  0.646987E+10 0.262849E+11 0.356719E+09 0.305298E+09
     1196.00  0.675329E+10 0.254599E+11 0.577197E+09 0.153088E+09
     1206.00  0.700870E+10 0.245878E+11 0.853370E+09 0.551837E+08
     1216.00  0.723433E+10 0.236741E+11 0.118593E+10 0.702549E+07
     1226.00  0.742873E+10 0.227244E+11 0.157506E+10 0.380715E+07
     1236.00  0.759076E+10 0.217444E+11 0.202047E+10 0.405434E+08
     1246.00  0.771956E+10 0.207398E+11 0.252138E+10 0.112133E+09
     1256.00  0.781460E+10 0.197161E+11 0.307652E+10 0.213423E+09
     1266.00  0.787563E+10 0.186791E+11 0.368418E+10 0.339262E+09
     1276.00  0.790268E+10 0.176342E+11 0.434219E+10 0.484567E+09
     1286.00  0.789606E+10 0.165867E+11 0.504799E+10 0.644368E+09
     1296.00  0.785636E+10 0.155419E+11 0.579861E+10 0.813862E+09
     1306.00  0.778439E+10 0.145049E+11 0.659073E+10 0.988459E+09
     1316.00  0.768121E+10 0.134803E+11 0.742067E+10 0.116382E+10
     1326.00  0.754811E+10 0.124729E+11 0.828449E+10 0.133592E+10
     1336.00  0.738656E+10 0.114869E+11 0.917796E+10 0.150101E+10
     1346.00  0.719823E+10 0.105263E+11 0.100966E+11 0.165575E+10
     1356.00  0.698495E+10 0.959494E+10 0.110358E+11 0.179713E+10
     1366.00  0.674871E+10 0.869620E+10 0.119907E+11 0.192257E+10
     1376.00  0.649161E+10 0.783321E+10 0.129564E+11 0.202986E+10
     1386.00  0.621589E+10 0.700878E+10 0.139279E+11 0.211725E+10
     1396.00  0.592386E+10 0.622537E+10 0.149002E+11 0.218338E+10
     1406.00  0.561792E+10 0.548511E+10 0.158681E+11 0.222733E+10
     1416.00  0.530053E+10 0.478979E+10 0.168267E+11 0.224858E+10
     1426.00  0.497416E+10 0.414085E+10 0.177709E+11 0.224702E+10
     1436.00  0.464132E+10 0.353943E+10 0.186960E+11 0.222297E+10
     1446.00  0.430453E+10 0.298632E+10 0.195971E+11 0.217708E+10
     1456.00  0.396627E+10 0.248197E+10 0.204698E+11 0.211041E+10
     1466.00  0.362901E+10 0.202655E+10 0.213095E+11 0.202433E+10
     1476.00  0.329515E+10 0.161992E+10 0.221121E+11 0.192053E+10
     1486.00  0.296706E+10 0.126164E+10 0.228737E+11 0.180101E+10
     1496.00  0.264699E+10 0.950996E+09 0.235906E+11 0.166801E+10
     1506.00  0.233715E+10 0.687022E+09 0.242593E+11 0.152401E+10
     1516.00  0.203962E+10 0.468498E+09 0.248769E+11 0.137170E+10
     1526.00  0.175636E+10 0.293977E+09 0.254405E+11 0.121391E+10
     1536.00  0.148923E+10 0.161802E+09 0.259476E+11 0.105364E+10
     1546.00  0.123995E+10 0.701225E+08 0.263960E+11 0.893950E+09
     1556.00  0.101010E+10 0.169155E+08 0.267841E+11 0.738007E+09
     1566.00  0.801100E+09 0.331584E+04 0.271104E+11 0.588989E+09
     1576.00  0.614243E+09 0.170741E+08 0.273736E+11 0.450085E+09
     1586.00  0.450653E+09 0.657012E+08 0.275732E+11 0.324451E+09
     1596.00  0.311293E+09 0.143363E+09 0.277086E+11 0.215184E+09
     1606.00  0.196966E+09 0.247462E+09 0.277799E+11 0.125291E+09
     1616.00  0.108310E+09 0.375345E+09 0.277872E+11 0.576607E+08
     1626.00  0.457978E+08 0.524322E+09 0.277313E+11 0.150390E+08
     1636.00  0.973848E+07 0.691685E+09 0.276129E+11 0.309024E+04
     1646.00  0.278272E+06 0.874724E+09 0.274333E+11 0.149395E+08
     1656.00  0.174027E+08 0.107075E+10 0.271941E+11 0.620238E+08
     1666.00  0.609399E+08 0.127710E+10 0.268969E+11 0.143202E+09
     1676.00  0.130565E+09 0.149116E+10 0.265438E+11 0.260177E+09
     1686.00  0.225803E+09 0.171040E+10 0.261371E+11 0.414391E+09
     1696.00  0.346037E+09 0.193234E+10 0.256794E+11 0.607018E+09
     1706.00  0.490513E+09 0.215461E+10 0.251732E+11 0.838952E+09
     1716.00  0.658345E+09 0.237493E+10 0.246215E+11 0.111081E+10
     1726.00  0.848528E+09 0.259116E+10 0.240274E+11 0.142290E+10
     1736.00  0.105994E+10 0.280125E+10 0.233940E+11 0.177527E+10
     1746.00  0.129134E+10 0.300331E+10 0.227247E+11 0.216765E+10
     1756.00  0.154142E+10 0.319557E+10 0.220229E+11 0.259951E+10
     1766.00  0.180875E+10 0.337643E+10 0.212920E+11 0.307001E+10
     1776.00  0.209183E+10 0.354443E+10 0.205356E+11 0.357806E+10
     1786.00  0.238909E+10 0.369825E+10 0.197573E+11 0.412228E+10
     1796.00  0.269892E+10 0.383677E+10 0.189607E+11 0.470107E+10
     1806.00  0.301962E+10 0.395899E+10 0.181494E+11 0.531254E+10
     1816.00  0.334948E+10 0.406411E+10 0.173269E+11 0.595462E+10
     1826.00  0.368674E+10 0.415146E+10 0.164968E+11 0.662499E+10
     1836.00  0.402963E+10 0.422057E+10 0.156625E+11 0.732115E+10
     1846.00  0.437636E+10 0.427109E+10 0.148274E+11 0.804043E+10
     1856.00  0.472514E+10 0.430286E+10 0.139949E+11 0.877997E+10
     1866.00  0.507419E+10 0.431586E+10 0.131680E+11 0.953680E+10
     1876.00  0.542174E+10 0.431020E+10 0.123499E+11 0.103078E+11
     1886.00  0.576604E+10 0.428618E+10 0.115434E+11 0.110898E+11
     1896.00  0.610539E+10 0.424420E+10 0.107514E+11 0.118794E+11
     1906.00  0.643812E+10 0.418481E+10 0.997637E+10 0.126734E+11
     1916.00  0.676260E+10 0.410867E+10 0.922087E+10 0.134684E+11
     1926.00  0.707726E+10 0.401657E+10 0.848713E+10 0.142608E+11
     1936.00  0.738062E+10 0.390941E+10 0.777723E+10 0.150475E+11
     1946.00  0.767123E+10 0.378818E+10 0.709309E+10 0.158249E+11
     1956.00  0.794774E+10 0.365397E+10 0.643640E+10 0.165897E+11
     1966.00  0.820887E+10 0.350793E+10 0.580869E+10 0.173387E+11
     1976.00  0.845343E+10 0.335132E+10 0.521125E+10 0.180687E+11
     1986.00  0.868032E+10 0.318544E+10 0.464522E+10 0.187765E+11
     1996.00  0.888854E+10 0.301164E+10 0.411151E+10 0.194593E+11
     2006.00  0.907718E+10 0.283131E+10 0.361085E+10 0.201141E+11
     2016.00  0.924543E+10 0.264591E+10 0.314377E+10 0.207382E+11
     2026.00  0.939259E+10 0.245688E+10 0.271060E+10 0.213290E+11
     2036.00  0.951808E+10 0.226570E+10 0.231151E+10 0.218843E+11
     2046.00  0.962139E+10 0.207384E+10 0.194647E+10 0.224017E+11
     2056.00  0.970215E+10 0.188279E+10 0.161529E+10 0.228794E+11
     2066.00  0.976009E+10 0.169400E+10 0.131760E+10 0.233154E+11
     2076.00  0.979504E+10 0.150892E+10 0.105287E+10 0.237081E+11
     2086.00  0.980695E+10 0.132896E+10 0.820437E+09 0.240562E+11
     2096.00  0.979586E+10 0.115549E+10 0.619477E+09 0.243585E+11
     2106.00  0.976192E+10 0.989843E+09 0.449043E+09 0.246140E+11
     2116.00  0.970541E+10 0.833293E+09 0.308062E+09 0.248220E+11
     2126.00  0.962667E+10 0.687059E+09 0.195351E+09 0.249819E+11
     2136.00  0.952616E+10 0.552297E+09 0.109623E+09 0.250935E+11
     2146.00  0.940444E+10 0.430087E+09 0.494992E+08 0.251566E+11
     2156.00  0.926214E+10 0.321439E+09 0.135205E+08 0.251713E+11
     2166.00  0.910000E+10 0.227277E+09 0.158539E+06 0.251381E+11
     2176.00  0.891883E+10 0.148444E+09 0.782591E+07 0.250575E+11
     2186.00  0.871954E+10 0.856946E+08 0.348876E+08 0.249302E+11
     2196.00  0.850307E+10 0.396902E+08 0.796718E+08 0.247571E+11
     2206.00  0.827047E+10 0.109999E+08 0.140480E+09 0.245393E+11
     2216.00  0.802284E+10 0.967778E+05 0.215600E+09 0.242782E+11
     2226.00  0.776134E+10 0.735694E+07 0.303312E+09 0.239753E+11
     2236.00  0.748718E+10 0.330584E+08 0.401901E+09 0.236320E+11
     2246.00  0.720162E+10 0.773807E+08 0.509669E+09 0.232501E+11
     2256.00  0.690597E+10 0.140405E+09 0.624939E+09 0.228316E+11
     2266.00  0.660157E+10 0.222116E+09 0.746066E+09 0.223785E+11
     2276.00  0.628979E+10 0.322400E+09 0.871450E+09 0.218928E+11
     2286.00  0.597202E+10 0.441051E+09 0.999534E+09 0.213767E+11
     2296.00  0.564968E+10 0.577767E+09 0.112882E+10 0.208326E+11
     2306.00  0.532421E+10 0.732158E+09 0.125788E+10 0.202628E+11
     2316.00  0.499703E+10 0.903746E+09 0.138534E+10 0.196697E+11
     2326.00  0.466959E+10 0.109197E+10 0.150991E+10 0.190558E+11
     2336.00  0.434332E+10 0.129618E+10 0.163039E+10 0.184236E+11
     2346.00  0.401965E+10 0.151567E+10 0.174564E+10 0.177755E+11
     2356.00  0.369998E+10 0.174963E+10 0.185463E+10 0.171142E+11
     2366.00  0.338572E+10 0.199721E+10 0.195642E+10 0.164420E+11
     2376.00  0.307823E+10 0.225748E+10 0.205015E+10 0.157615E+11
     2386.00  0.277884E+10 0.252947E+10 0.213507E+10 0.150751E+11
     2396.00  0.248887E+10 0.281212E+10 0.221053E+10 0.143853E+11
     2406.00  0.220958E+10 0.310437E+10 0.227597E+10 0.136945E+11
     2416.00  0.194219E+10 0.340509E+10 0.233094E+10 0.130050E+11
     2426.00  0.168787E+10 0.371311E+10 0.237508E+10 0.123189E+11
     2436.00  0.144776E+10 0.402724E+10 0.240814E+10 0.116385E+11
     2446.00  0.122293E+10 0.434626E+10 0.242996E+10 0.109659E+11
     2456.00  0.101437E+10 0.466892E+10 0.244047E+10 0.103030E+11
     2466.00  0.823061E+09 0.499399E+10 0.243970E+10 0.965175E+10
     2476.00  0.649876E+09 0.532019E+10 0.242779E+10 0.901389E+10
     2486.00  0.495642E+09 0.564626E+10 0.240494E+10 0.839112E+10
     2496.00  0.361114E+09 0.597093E+10 0.237144E+10 0.778497E+10
     2506.00  0.246978E+09 0.629296E+10 0.232768E+10 0.719689E+10
     2516.00  0.153847E+09 0.661111E+10 0.227410E+10 0.662818E+10
     2526.00  0.822615E+08 0.692415E+10 0.221124E+10 0.608002E+10
     2536.00  0.326878E+08 0.723089E+10 0.213969E+10 0.555347E+10
     2546.00  0.551745E+07 0.753016E+10 0.206011E+10 0.504945E+10
     2556.00  0.106615E+07 0.782083E+10 0.197320E+10 0.456876E+10
     2566.00  0.195740E+08 0.810180E+10 0.187973E+10 0.411206E+10
     2576.00  0.612054E+08 0.837202E+10 0.178053E+10 0.367989E+10
     2586.00  0.126049E+09 0.863047E+10 0.167643E+10 0.327266E+10
     2596.00  0.214119E+09 0.887621E+10 0.156833E+10 0.289065E+10
     2606.00  0.325354E+09 0.910833E+10 0.145714E+10 0.253403E+10
     2616.00  0.459621E+09 0.932598E+10 0.134381E+10 0.220283E+10
     2626.00  0.616714E+09 0.952836E+10 0.122930E+10 0.189698E+10
     2636.00  0.796356E+09 0.971477E+10 0.111457E+10 0.161630E+10
     2646.00  0.998202E+09 0.988453E+10 0.100060E+10 0.136048E+10
     2656.00  0.122184E+10 0.100371E+11 0.888366E+09 0.112914E+10
     2666.00  0.146679E+10 0.101718E+11 0.778842E+09 0.921782E+09
     2676.00  0.173251E+10 0.102884E+11 0.672990E+09 0.737814E+09
     2686.00  0.201841E+10 0.103863E+11 0.571752E+09 0.576569E+09
     2696.00  0.232382E+10 0.104653E+11 0.476055E+09 0.437294E+09
     2706.00  0.264803E+10 0.105252E+11 0.386798E+09 0.319167E+09
     2716.00  0.299027E+10 0.105658E+11 0.304848E+09 0.221297E+09
     2726.00  0.334972E+10 0.105869E+11 0.231040E+09 0.142732E+09
     2736.00  0.372553E+10 0.105887E+11 0.166169E+09 0.824680E+08
     2746.00  0.411678E+10 0.105710E+11 0.110988E+09 0.394556E+08
     2756.00  0.452254E+10 0.105341E+11 0.662013E+08 0.126048E+08
     2766.00  0.494181E+10 0.104781E+11 0.324665E+08 0.793339E+06
     2776.00  0.537359E+10 0.104033E+11 0.103868E+08 0.287309E+07
     2786.00  0.581682E+10 0.103100E+11 0.510410E+06 0.176772E+08
     2796.00  0.627043E+10 0.101986E+11 0.332741E+07 0.440264E+08
     2806.00  0.673333E+10 0.100697E+11 0.192681E+08 0.807358E+08
     2816.00  0.720440E+10 0.992358E+10 0.487009E+08 0.126621E+09
     2826.00  0.768251E+10 0.976097E+10 0.919311E+08 0.180505E+09
     2836.00  0.816652E+10 0.958247E+10 0.149200E+09 0.241224E+09
     2846.00  0.865527E+10 0.938877E+10 0.220682E+09 0.307630E+09
     2856.00  0.914760E+10 0.918061E+10 0.306488E+09 0.378603E+09
     2866.00  0.964236E+10 0.895877E+10 0.406662E+09 0.453050E+09
     2876.00  0.101384E+11 0.872409E+10 0.521182E+09 0.529912E+09
     2886.00  0.106345E+11 0.847742E+10 0.649961E+09 0.608171E+09
     2896.00  0.111296E+11 0.821970E+10 0.792847E+09 0.686849E+09
     2906.00  0.116225E+11 0.795185E+10 0.949623E+09 0.765019E+09
     2916.00  0.121121E+11 0.767485E+10 0.112001E+10 0.841801E+09
     2926.00  0.125973E+11 0.738971E+10 0.130367E+10 0.916371E+09
     2936.00  0.130769E+11 0.709744E+10 0.150021E+10 0.987962E+09
     2946.00  0.135500E+11 0.679910E+10 0.170917E+10 0.105586E+10
     2956.00  0.140155E+11 0.649574E+10 0.193003E+10 0.111943E+10
     2966.00  0.144724E+11 0.618843E+10 0.216224E+10 0.117809E+10
     2976.00  0.149197E+11 0.587825E+10 0.240518E+10 0.123130E+10
     2986.00  0.153564E+11 0.556629E+10 0.265818E+10 0.127864E+10
     2996.00  0.157817E+11 0.525364E+10 0.292056E+10 0.131969E+10
     3006.00  0.161946E+11 0.494136E+10 0.319155E+10 0.135416E+10
     3016.00  0.165942E+11 0.463056E+10 0.347037E+10 0.138178E+10
     3026.00  0.169799E+11 0.432228E+10 0.375621E+10 0.140237E+10
     3036.00  0.173508E+11 0.401759E+10 0.404822E+10 0.141582E+10
     3046.00  0.177062E+11 0.371752E+10 0.434552E+10 0.142206E+10
     3056.00  0.180455E+11 0.342309E+10 0.464720E+10 0.142111E+10
     3066.00  0.183679E+11 0.313531E+10 0.495235E+10 0.141305E+10
     3076.00  0.186730E+11 0.285513E+10 0.526004E+10 0.139799E+10
     3086.00  0.189601E+11 0.258351E+10 0.556930E+10 0.137615E+10
     3096.00  0.192288E+11 0.232135E+10 0.587918E+10 0.134775E+10
     3106.00  0.194787E+11 0.206953E+10 0.618872E+10 0.131310E+10
     3116.00  0.197093E+11 0.182890E+10 0.649695E+10 0.127256E+10
     3126.00  0.199203E+11 0.160026E+10 0.680290E+10 0.122653E+10
     3136.00  0.201115E+11 0.138436E+10 0.710563E+10 0.117543E+10
     3146.00  0.202824E+11 0.118194E+10 0.740417E+10 0.111977E+10
     3156.00  0.204330E+11 0.993660E+09 0.769760E+10 0.106007E+10
     3166.00  0.205632E+11 0.820162E+09 0.798500E+10 0.996872E+09
     3176.00  0.206727E+11 0.662024E+09 0.826546E+10 0.930776E+09
     3186.00  0.207616E+11 0.519781E+09 0.853812E+10 0.862395E+09
     3196.00  0.208298E+11 0.393918E+09 0.880211E+10 0.792366E+09
     3206.00  0.208774E+11 0.284870E+09 0.905663E+10 0.721348E+09
     3216.00  0.209044E+11 0.193018E+09 0.930087E+10 0.650015E+09
     3226.00  0.209110E+11 0.118692E+09 0.953409E+10 0.579050E+09
     3236.00  0.208974E+11 0.621710E+08 0.975556E+10 0.509147E+09
     3246.00  0.208637E+11 0.236789E+08 0.996460E+10 0.441003E+09
     3256.00  0.208103E+11 0.338743E+07 0.101606E+11 0.375315E+09
     3266.00  0.207374E+11 0.141547E+07 0.103429E+11 0.312778E+09
     3276.00  0.206453E+11 0.178289E+08 0.105110E+11 0.254078E+09
     3286.00  0.205344E+11 0.526414E+08 0.106644E+11 0.199891E+09
     3296.00  0.204052E+11 0.105814E+09 0.108027E+11 0.150881E+09
     3306.00  0.202580E+11 0.177258E+09 0.109254E+11 0.107691E+09
     3316.00  0.200933E+11 0.266833E+09 0.110321E+11 0.709469E+08
     3326.00  0.199116E+11 0.374349E+09 0.111226E+11 0.412491E+08
     3336.00  0.197135E+11 0.499568E+09 0.111967E+11 0.191720E+08
     3346.00  0.194995E+11 0.642205E+09 0.112540E+11 0.526085E+07
     3356.00  0.192701E+11 0.801929E+09 0.112946E+11 0.290059E+05
     3366.00  0.190260E+11 0.978363E+09 0.113182E+11 0.395563E+07
     3376.00  0.187678E+11 0.117109E+10 0.113249E+11 0.174835E+08
     3386.00  0.184962E+11 0.137965E+10 0.113147E+11 0.410168E+08
     3396.00  0.182117E+11 0.160354E+10 0.112876E+11 0.749198E+08
     3406.00  0.179151E+11 0.184222E+10 0.112437E+11 0.119514E+09
     3416.00  0.176071E+11 0.209513E+10 0.111833E+11 0.175080E+09
     3426.00  0.172883E+11 0.236165E+10 0.111065E+11 0.241850E+09
     3436.00  0.169595E+11 0.264114E+10 0.110136E+11 0.320014E+09
     3446.00  0.166213E+11 0.293294E+10 0.109049E+11 0.409713E+09
     3456.00  0.162745E+11 0.323634E+10 0.107808E+11 0.511044E+09
     3466.00  0.159199E+11 0.355064E+10 0.106418E+11 0.624054E+09
     3476.00  0.155581E+11 0.387507E+10 0.104881E+11 0.748743E+09
     3486.00  0.151898E+11 0.420888E+10 0.103205E+11 0.885065E+09
     3496.00  0.148158E+11 0.455128E+10 0.101393E+11 0.103292E+10
     3506.00  0.144369E+11 0.490147E+10 0.994515E+10 0.119218E+10
     3516.00  0.140537E+11 0.525863E+10 0.973868E+10 0.136264E+10
     3526.00  0.136669E+11 0.562194E+10 0.952052E+10 0.154408E+10
     3536.00  0.132773E+11 0.599056E+10 0.929133E+10 0.173622E+10
     3546.00  0.128855E+11 0.636364E+10 0.905183E+10 0.193873E+10
     3556.00  0.124923E+11 0.674034E+10 0.880274E+10 0.215125E+10
     3566.00  0.120982E+11 0.711981E+10 0.854481E+10 0.237337E+10
     3576.00  0.117040E+11 0.750119E+10 0.827882E+10 0.260466E+10
     3586.00  0.113103E+11 0.788364E+10 0.800558E+10 0.284462E+10
     3596.00  0.109177E+11 0.826630E+10 0.772587E+10 0.309274E+10
     3606.00  0.105268E+11 0.864834E+10 0.744055E+10 0.334848E+10
     3616.00  0.101383E+11 0.902893E+10 0.715043E+10 0.361124E+10
     3626.00  0.975262E+10 0.940725E+10 0.685638E+10 0.388041E+10
     3636.00  0.937040E+10 0.978248E+10 0.655924E+10 0.415535E+10
     3646.00  0.899215E+10 0.101538E+11 0.625988E+10 0.443540E+10
     3656.00  0.861838E+10 0.105205E+11 0.595915E+10 0.471988E+10
     3666.00  0.824958E+10 0.108818E+11 0.565791E+10 0.500806E+10
     3676.00  0.788622E+10 0.112369E+11 0.535702E+10 0.529923E+10
     3686.00  0.752872E+10 0.115851E+11 0.505732E+10 0.559266E+10
     3696.00  0.717751E+10 0.119257E+11 0.475967E+10 0.588757E+10
     3706.00  0.683298E+10 0.122581E+11 0.446488E+10 0.618322E+10
     3716.00  0.649549E+10 0.125815E+11 0.417377E+10 0.647884E+10
     3726.00  0.616538E+10 0.128955E+11 0.388716E+10 0.677365E+10
     3736.00  0.584298E+10 0.131992E+11 0.360581E+10 0.706687E+10
     3746.00  0.552856E+10 0.134923E+11 0.333051E+10 0.735775E+10
     3756.00  0.522240E+10 0.137741E+11 0.306199E+10 0.764549E+10
     3766.00  0.492473E+10 0.140442E+11 0.280097E+10 0.792934E+10
     3776.00  0.463577E+10 0.143020E+11 0.254816E+10 0.820855E+10
     3786.00  0.435571E+10 0.145471E+11 0.230421E+10 0.848236E+10
     3796.00  0.408470E+10 0.147791E+11 0.206978E+10 0.875006E+10
     3806.00  0.382289E+10 0.149977E+11 0.184548E+10 0.901092E+10
     3816.00  0.357039E+10 0.152024E+11 0.163188E+10 0.926425E+10
     3826.00  0.332728E+10 0.153930E+11 0.142953E+10 0.950936E+10
     3836.00  0.309364E+10 0.155692E+11 0.123895E+10 0.974562E+10
     3846.00  0.286950E+10 0.157308E+11 0.106061E+10 0.997238E+10
     3856.00  0.265489E+10 0.158774E+11 0.894974E+09 0.101891E+11
     3866.00  0.244979E+10 0.160090E+11 0.742433E+09 0.103950E+11
     3876.00  0.225419E+10 0.161254E+11 0.603362E+09 0.105898E+11
     3886.00  0.206804E+10 0.162265E+11 0.478094E+09 0.107729E+11
     3896.00  0.189127E+10 0.163122E+11 0.366924E+09 0.109437E+11
     3906.00  0.172379E+10 0.163825E+11 0.270106E+09 0.111019E+11
     3916.00  0.156550E+10 0.164374E+11 0.187857E+09 0.112470E+11
     3926.00  0.141627E+10 0.164769E+11 0.120356E+09 0.113787E+11
     3936.00  0.127597E+10 0.165010E+11 0.677399E+08 0.114966E+11
     3946.00  0.114443E+10 0.165098E+11 0.301083E+08 0.116004E+11
     3956.00  0.102148E+10 0.165035E+11 0.752122E+07 0.116898E+11
     3966.00  0.906938E+09 0.164822E+11 0.280945E+01 0.117647E+11
     3976.00  0.800598E+09 0.164461E+11 0.752756E+07 0.118249E+11
     3986.00  0.702245E+09 0.163953E+11 0.300489E+08 0.118702E+11
     3996.00  0.611653E+09 0.163301E+11 0.674716E+08 0.119005E+11
     4006.00  0.528583E+09 0.162508E+11 0.119667E+09 0.119157E+11
     4016.00  0.452787E+09 0.161577E+11 0.186469E+09 0.119159E+11
     4026.00  0.384009E+09 0.160510E+11 0.267678E+09 0.119011E+11
     4036.00  0.321982E+09 0.159310E+11 0.363059E+09 0.118713E+11
     4046.00  0.266435E+09 0.157982E+11 0.472345E+09 0.118267E+11
     4056.00  0.217087E+09 0.156528E+11 0.595234E+09 0.117673E+11
     4066.00  0.173655E+09 0.154954E+11 0.731397E+09 0.116934E+11
     4076.00  0.135850E+09 0.153262E+11 0.880472E+09 0.116051E+11
     4086.00  0.103380E+09 0.151457E+11 0.104207E+10 0.115028E+11
     4096.00  0.759493E+08 0.149544E+11 0.121577E+10 0.113867E+11
     4106.00  0.532624E+08 0.147526E+11 0.140113E+10 0.112571E+11
     4116.00  0.350219E+08 0.145410E+11 0.159769E+10 0.111145E+11
     4126.00  0.209307E+08 0.143199E+11 0.180494E+10 0.109592E+11
     4136.00  0.106926E+08 0.140898E+11 0.202239E+10 0.107915E+11
     4146.00  0.401365E+07 0.138513E+11 0.224950E+10 0.106121E+11
     4156.00  0.602052E+06 0.136048E+11 0.248570E+10 0.104214E+11
     4166.00  0.169708E+06 0.133509E+11 0.273045E+10 0.102198E+11
     4176.00  0.243266E+07 0.130900E+11 0.298315E+10 0.100079E+11
     4186.00  0.711189E+07 0.128227E+11 0.324320E+10 0.978630E+10
     4196.00  0.139340E+08 0.125496E+11 0.351000E+10 0.955554E+10
     4206.00  0.226321E+08 0.122711E+11 0.378292E+10 0.931624E+10
     4216.00  0.329460E+08 0.119878E+11 0.406134E+10 0.906901E+10
     4226.00  0.446234E+08 0.117002E+11 0.434461E+10 0.881448E+10
     4236.00  0.574201E+08 0.114088E+11 0.463209E+10 0.855331E+10
     4246.00  0.711006E+08 0.111141E+11 0.492315E+10 0.828617E+10
     4256.00  0.854388E+08 0.108168E+11 0.521712E+10 0.801372E+10
     4266.00  0.100218E+09 0.105172E+11 0.551336E+10 0.773665E+10
     4276.00  0.115233E+09 0.102158E+11 0.581122E+10 0.745566E+10
     4286.00  0.130287E+09 0.991332E+10 0.611006E+10 0.717144E+10
     4296.00  0.145197E+09 0.961006E+10 0.640922E+10 0.688469E+10
     4306.00  0.159789E+09 0.930656E+10 0.670807E+10 0.659612E+10
     4316.00  0.173902E+09 0.900328E+10 0.700598E+10 0.630642E+10
     4326.00  0.187386E+09 0.870070E+10 0.730232E+10 0.601630E+10
     4336.00  0.200105E+09 0.839924E+10 0.759648E+10 0.572646E+10
     4346.00  0.211933E+09 0.809936E+10 0.788786E+10 0.543758E+10
     4356.00  0.222760E+09 0.780148E+10 0.817585E+10 0.515035E+10
     4366.00  0.232484E+09 0.750600E+10 0.845990E+10 0.486545E+10
     4376.00  0.241020E+09 0.721331E+10 0.873942E+10 0.458353E+10
     4386.00  0.248295E+09 0.692381E+10 0.901387E+10 0.430526E+10
     4396.00  0.254247E+09 0.663785E+10 0.928272E+10 0.403126E+10
     4406.00  0.258828E+09 0.635578E+10 0.954545E+10 0.376217E+10
     4416.00  0.262004E+09 0.607793E+10 0.980156E+10 0.349859E+10
     4426.00  0.263752E+09 0.580463E+10 0.100506E+11 0.324110E+10
     4436.00  0.264064E+09 0.553616E+10 0.102920E+11 0.299028E+10
     4446.00  0.262942E+09 0.527280E+10 0.105255E+11 0.274667E+10
     4456.00  0.260401E+09 0.501483E+10 0.107506E+11 0.251080E+10
     4466.00  0.256471E+09 0.476249E+10 0.109669E+11 0.228318E+10
     4476.00  0.251190E+09 0.451600E+10 0.111740E+11 0.206429E+10
     4486.00  0.244610E+09 0.427557E+10 0.113716E+11 0.185457E+10
     4511.00  0.222918E+09 0.370223E+10 0.118218E+11 0.137320E+10
     4536.00  0.194814E+09 0.317042E+10 0.122063E+11 0.957783E+09
     4561.00  0.161984E+09 0.268191E+10 0.125215E+11 0.613189E+09
     4586.00  0.126475E+09 0.223781E+10 0.127650E+11 0.343150E+09
     4611.00  0.906555E+08 0.183857E+10 0.129353E+11 0.150222E+09
     4636.00  0.571663E+08 0.148399E+10 0.130319E+11 0.357911E+08
     4661.00  0.288718E+08 0.117330E+10 0.130552E+11 0.754816E+05
     4686.00  0.880714E+07 0.905194E+09 0.130065E+11 0.421599E+08
     4711.00  0.125205E+06 0.677879E+09 0.128878E+11 0.160039E+09
     4736.00  0.604214E+07 0.489131E+09 0.127022E+11 0.350678E+09
     4761.00  0.297835E+08 0.336364E+09 0.124531E+11 0.610087E+09
     4786.00  0.745309E+08 0.216686E+09 0.121449E+11 0.933404E+09
     4811.00  0.143370E+09 0.126969E+09 0.117822E+11 0.131499E+10
     4836.00  0.239243E+09 0.639106E+08 0.113703E+11 0.174855E+10
     4861.00  0.364898E+09 0.241023E+08 0.109148E+11 0.222721E+10
     4886.00  0.522848E+09 0.408948E+07 0.104216E+11 0.274365E+10
     4911.00  0.715331E+09 0.433905E+06 0.989659E+10 0.329023E+10
     4936.00  0.944272E+09 0.977150E+07 0.934608E+10 0.385908E+10
     4961.00  0.121125E+10 0.288664E+08 0.877620E+10 0.444225E+10
     4986.00  0.151749E+10 0.546610E+08 0.819307E+10 0.503179E+10
     5011.00  0.186380E+10 0.843208E+08 0.760265E+10 0.561987E+10
     5036.00  0.225059E+10 0.115275E+09 0.701070E+10 0.619891E+10
     5061.00  0.267786E+10 0.145248E+09 0.642270E+10 0.676161E+10
     5086.00  0.314517E+10 0.172293E+09 0.584378E+10 0.730111E+10
     5111.00  0.365164E+10 0.194810E+09 0.527872E+10 0.781103E+10
     5136.00  0.419600E+10 0.211562E+09 0.473183E+10 0.828552E+10
     5161.00  0.477651E+10 0.221689E+09 0.420699E+10 0.871939E+10
     5186.00  0.539108E+10 0.224710E+09 0.370756E+10 0.910806E+10
     5211.00  0.603718E+10 0.220520E+09 0.323641E+10 0.944769E+10
     5236.00  0.671195E+10 0.209388E+09 0.279588E+10 0.973512E+10
     5261.00  0.741218E+10 0.191939E+09 0.238780E+10 0.996795E+10
     5286.00  0.813431E+10 0.169139E+09 0.201345E+10 0.101445E+11
     5311.00  0.887456E+10 0.142278E+09 0.167363E+10 0.102639E+11
     5336.00  0.962884E+10 0.112934E+09 0.136864E+10 0.103259E+11
     5361.00  0.103929E+11 0.829548E+08 0.109831E+10 0.103310E+11
     5386.00  0.111623E+11 0.544172E+08 0.862040E+09 0.102803E+11
     5411.00  0.119324E+11 0.295959E+08 0.658808E+09 0.101756E+11
     5436.00  0.126985E+11 0.109251E+08 0.487242E+09 0.100192E+11
     5461.00  0.134559E+11 0.959843E+06 0.345639E+09 0.981406E+10
     5511.00  0.149258E+11 0.177314E+08 0.144155E+09 0.927093E+10
     5561.00  0.163046E+11 0.101247E+09 0.359561E+08 0.857718E+10
     5611.00  0.175565E+11 0.272222E+09 0.402731E+06 0.776813E+10
     5661.00  0.186487E+11 0.549535E+09 0.161258E+08 0.688132E+10
     5711.00  0.195524E+11 0.949133E+09 0.624491E+08 0.595452E+10
     5761.00  0.202436E+11 0.148309E+10 0.120664E+09 0.502384E+10
     5811.00  0.207038E+11 0.215886E+10 0.175099E+09 0.412207E+10
     5861.00  0.209207E+11 0.297875E+10 0.213947E+09 0.327744E+10
     5911.00  0.208883E+11 0.393965E+10 0.229820E+09 0.251260E+10
     5961.00  0.206074E+11 0.503295E+10 0.220030E+09 0.184407E+10
     6011.00  0.200848E+11 0.624472E+10 0.186594E+09 0.128197E+10
     6061.00  0.193339E+11 0.755608E+10 0.135979E+09 0.830204E+09
     6111.00  0.183735E+11 0.894381E+10 0.786245E+08 0.486843E+09
     6161.00  0.172277E+11 0.103811E+11 0.282666E+08 0.244871E+09
     6211.00  0.159248E+11 0.118382E+11 0.111452E+07 0.930787E+08
     6261.00  0.144968E+11 0.132837E+11 0.149240E+08 0.171218E+08
     6311.00  0.129782E+11 0.146854E+11 0.880140E+08 0.663043E+06
     6361.00  0.114055E+11 0.160111E+11 0.238276E+09 0.265261E+08
     6411.00  0.981552E+10 0.172300E+11 0.482219E+09 0.778115E+08
     6461.00  0.824533E+10 0.183132E+11 0.834089E+09 0.138920E+09
     6511.00  0.673077E+10 0.192350E+11 0.130511E+10 0.196438E+09
     6561.00  0.530582E+10 0.199732E+11 0.190284E+10 0.239854E+09
     6611.00  0.400183E+10 0.205101E+11 0.263071E+10 0.262080E+09
     6661.00  0.284686E+10 0.208327E+11 0.348775E+10 0.259765E+09
     6711.00  0.186516E+10 0.209333E+11 0.446842E+10 0.233403E+09
     6761.00  0.107670E+10 0.208092E+11 0.556270E+10 0.187233E+09
     6811.00  0.496908E+09 0.204633E+11 0.675634E+10 0.128955E+09
     6861.00  0.136422E+09 0.199035E+11 0.803116E+10 0.692853E+08
     6911.00  0.107255E+07 0.191427E+11 0.936564E+10 0.213668E+08
     6961.00  0.918964E+08 0.181983E+11 0.107355E+11 0.860012E+05
     7011.00  0.405295E+09 0.170916E+11 0.121145E+11 0.213145E+08
     7061.00  0.933278E+09 0.158474E+11 0.134750E+11 0.101120E+09
     7111.00  0.166379E+10 0.144932E+11 0.147891E+11 0.254978E+09
     7161.00  0.258113E+10 0.130587E+11 0.160291E+11 0.497019E+09
     7211.00  0.366637E+10 0.115748E+11 0.171683E+11 0.839334E+09
     7261.00  0.489792E+10 0.100728E+11 0.181823E+11 0.129138E+10
     7311.00  0.625202E+10 0.858424E+10 0.190488E+11 0.185948E+10
     7361.00  0.770330E+10 0.713947E+10 0.197490E+11 0.254645E+10
     7411.00  0.922536E+10 0.576748E+10 0.202673E+11 0.335139E+10
     7511.00  0.123742E+11 0.334682E+10 0.207172E+11 0.529242E+10
     7611.00  0.154866E+11 0.150363E+10 0.203595E+11 0.760036E+10
     7711.00  0.183661E+11 0.365723E+09 0.192243E+11 0.101407E+11
     7811.00  0.208444E+11 0.502343E+06 0.174075E+11 0.127408E+11
     7911.00  0.227900E+11 0.413715E+09 0.150590E+11 0.152083E+11
     8011.00  0.241139E+11 0.155338E+10 0.123684E+11 0.173519E+11
     8111.00  0.247709E+11 0.331798E+10 0.954634E+10 0.190009E+11
     8211.00  0.247587E+11 0.556774E+10 0.680643E+10 0.200230E+11
     8311.00  0.241132E+11 0.813771E+10 0.434750E+10 0.203362E+11
     8411.00  0.229025E+11 0.108515E+11 0.233857E+10 0.199159E+11
     8511.00  0.212191E+11 0.135345E+11 0.907609E+09 0.187964E+11
     8611.00  0.191720E+11 0.160253E+11 0.134360E+09 0.170659E+11
     8711.00  0.168782E+11 0.181852E+11 0.476863E+08 0.148574E+11
     8811.00  0.144552E+11 0.199054E+11 0.627061E+09 0.123363E+11
     8911.00  0.120146E+11 0.211106E+11 0.180767E+10 0.968544E+10
     9011.00  0.965607E+10 0.217607E+11 0.348834E+10 0.709017E+10
     9111.00  0.746404E+10 0.218497E+11 0.554134E+10 0.472400E+10
     9211.00  0.550476E+10 0.214025E+11 0.782316E+10 0.273627E+10
     9311.00  0.382518E+10 0.204703E+11 0.101852E+11 0.124276E+10
     9411.00  0.245316E+10 0.191248E+11 0.124840E+11 0.319506E+09
     9511.00  0.139852E+10 0.174518E+11 0.145896E+11 0.230060E+06
     9611.00  0.655039E+09 0.155451E+11 0.163925E+11 0.276990E+09
     9711.00  0.202990E+09 0.135005E+11 0.178084E+11 0.110383E+10
     9811.00  0.120297E+08 0.114102E+11 0.187810E+11 0.240274E+10
     9911.00  0.442217E+08 0.935839E+10 0.192821E+11 0.407132E+10
    10011.00  0.256991E+09 0.741823E+10 0.193109E+11 0.599130E+10
    10111.00  0.605872E+09 0.564909E+10 0.188909E+11 0.803732E+10
    10211.00  0.104693E+10 0.409547E+10 0.180662E+11 0.100853E+11
    10311.00  0.153877E+10 0.278670E+10 0.168970E+11 0.120196E+11
    10411.00  0.204411E+10 0.173747E+10 0.154542E+11 0.137397E+11
    10511.00  0.253093E+10 0.949087E+09 0.138151E+11 0.151640E+11
    10611.00  0.297310E+10 0.411229E+09 0.120582E+11 0.162331E+11
    10711.00  0.335073E+10 0.104047E+09 0.102590E+11 0.169108E+11
    10811.00  0.365003E+10 0.436293E+06 0.848718E+10 0.171839E+11
    10911.00  0.386307E+10 0.683342E+08 0.680309E+10 0.170605E+11
    11011.00  0.398712E+10 0.272923E+09 0.525646E+10 0.165676E+11
    11111.00  0.402400E+10 0.578633E+09 0.388515E+10 0.157472E+11
    11211.00  0.397925E+10 0.950879E+09 0.271488E+10 0.146531E+11
    11311.00  0.386126E+10 0.135748E+10 0.175963E+10 0.133466E+11
    11411.00  0.368049E+10 0.176974E+10 0.102249E+10 0.118923E+11
    11511.00  0.344861E+10 0.216322E+10 0.497008E+09 0.103550E+11
    11611.00  0.317786E+10 0.251815E+10 0.168793E+09 0.879641E+10
    11711.00  0.288040E+10 0.281960E+10 0.172339E+08 0.727242E+10
    11811.00  0.256777E+10 0.305735E+10 0.173101E+08 0.583123E+10
    11911.00  0.225057E+10 0.322565E+10 0.141325E+09 0.451210E+10
    12011.00  0.193811E+10 0.332272E+10 0.360512E+09 0.334457E+10
    12111.00  0.163824E+10 0.335022E+10 0.646448E+09 0.234841E+10
    12211.00  0.135731E+10 0.331263E+10 0.972243E+09 0.153396E+10
    12311.00  0.110006E+10 0.321659E+10 0.131347E+10 0.902918E+09
    12411.00  0.869802E+09 0.307030E+10 0.164884E+10 0.449390E+09
    12511.00  0.668425E+09 0.288293E+10 0.196065E+10 0.161200E+09
    12611.00  0.496600E+09 0.266403E+10 0.223498E+10 0.212605E+08
    12711.00  0.353940E+09 0.242313E+10 0.246170E+10 0.899295E+07
    12811.00  0.239178E+09 0.216934E+10 0.263430E+10 0.101692E+09
    12911.00  0.150366E+09 0.191099E+10 0.274962E+10 0.275791E+09
    13011.00  0.850481E+08 0.165550E+10 0.280745E+10 0.507977E+09
    13111.00  0.404405E+08 0.140916E+10 0.281004E+10 0.776125E+09
    13211.00  0.135796E+08 0.117711E+10 0.276168E+10 0.106004E+10
    13311.00  0.145866E+07 0.963292E+09 0.266816E+10 0.134202E+10
    13411.00  0.113888E+07 0.770487E+09 0.253632E+10 0.160719E+10
    13511.00  0.983994E+07 0.600409E+09 0.237357E+10 0.184368E+10
    13611.00  0.250079E+08 0.453804E+09 0.218754E+10 0.204268E+10
    13711.00  0.443630E+08 0.330568E+09 0.198574E+10 0.219831E+10
    13811.00  0.659284E+08 0.229894E+09 0.177523E+10 0.230738E+10
    13911.00  0.880439E+08 0.150411E+09 0.156248E+10 0.236915E+10
    14011.00  0.109364E+09 0.903192E+08 0.135318E+10 0.238493E+10
    14111.00  0.128846E+09 0.475263E+08 0.115212E+10 0.235777E+10
    14211.00  0.145732E+09 0.197641E+08 0.963205E+09 0.229199E+10
    14311.00  0.159516E+09 0.469543E+07 0.789390E+09 0.219286E+10
    14411.00  0.169921E+09 0.398742E+04 0.632757E+09 0.206624E+10
    14511.00  0.176858E+09 0.346795E+07 0.494556E+09 0.191824E+10
    14611.00  0.180396E+09 0.130177E+08 0.375297E+09 0.175495E+10
    14711.00  0.180731E+09 0.267778E+08 0.274845E+09 0.158223E+10
    14811.00  0.178151E+09 0.430951E+08 0.192526E+09 0.140549E+10
    14911.00  0.173010E+09 0.605533E+08 0.127235E+09 0.122957E+10
    15011.00  0.165700E+09 0.779779E+08 0.775435E+08 0.105866E+10
    15111.00  0.156634E+09 0.944307E+08 0.417949E+08 0.896227E+09
    15211.00  0.146221E+09 0.109198E+09 0.181991E+08 0.745005E+09
    15311.00  0.134859E+09 0.121772E+09 0.491166E+07 0.607013E+09
    15411.00  0.122915E+09 0.131830E+09 0.102597E+06 0.483592E+09
    15511.00  0.110723E+09 0.139212E+09 0.201292E+07 0.375458E+09
    15611.00  0.985776E+08 0.143892E+09 0.899895E+07 0.282782E+09
    15711.00  0.867279E+08 0.145956E+09 0.195651E+08 0.205259E+09
    15811.00  0.753794E+08 0.145577E+09 0.323860E+08 0.142198E+09
    15911.00  0.646940E+08 0.142992E+09 0.463189E+08 0.926037E+08
    16011.00  0.547917E+08 0.138481E+09 0.604077E+08 0.552546E+08
    16111.00  0.457544E+08 0.132352E+09 0.738801E+08 0.287798E+08
    16211.00  0.376293E+08 0.124920E+09 0.861394E+08 0.117262E+08
    16311.00  0.304333E+08 0.116500E+09 0.967515E+08 0.261710E+07
    16411.00  0.241578E+08 0.107391E+09 0.105429E+09 0.264943E+04
    16511.00  0.187728E+08 0.978716E+08 0.112012E+09 0.250027E+07
    16611.00  0.142317E+08 0.881938E+08 0.116454E+09 0.882621E+07
    16711.00  0.104753E+08 0.785778E+08 0.118796E+09 0.178185E+08
    16811.00  0.743542E+07 0.692113E+08 0.119152E+09 0.284518E+08
    16911.00  0.503851E+07 0.602481E+08 0.117693E+09 0.398455E+08
    17011.00  0.320849E+07 0.518093E+08 0.114626E+09 0.512653E+08
    17111.00  0.186929E+07 0.439851E+08 0.110185E+09 0.621203E+08
    17211.00  0.946840E+06 0.368367E+08 0.104614E+09 0.719555E+08
    17311.00  0.370714E+06 0.303996E+08 0.981596E+08 0.804414E+08
    17411.00  0.753565E+05 0.246863E+08 0.910597E+08 0.873615E+08
    17511.00  0.921428E+03 0.196904E+08 0.835397E+08 0.925988E+08
    17611.00  0.938167E+05 0.153892E+08 0.758050E+08 0.961201E+08
    17711.00  0.306964E+06 0.117474E+08 0.680388E+08 0.979627E+08
    17811.00  0.599825E+06 0.872012E+07 0.603996E+08 0.982193E+08
    17911.00  0.938244E+06 0.625562E+07 0.530201E+08 0.970247E+08
    18011.00  0.129413E+07 0.429785E+07 0.460075E+08 0.945435E+08
    18111.00  0.164505E+07 0.278870E+07 0.394446E+08 0.909597E+08
    18211.00  0.197372E+07 0.166983E+07 0.333912E+08 0.864661E+08
    18311.00  0.226743E+07 0.884255E+06 0.278857E+08 0.812567E+08
    18411.00  0.251753E+07 0.377581E+06 0.229480E+08 0.755206E+08
    18511.00  0.271882E+07 0.989265E+05 0.185816E+08 0.694359E+08
    18611.00  0.286899E+07 0.161820E+04 0.147763E+08 0.631658E+08
    18711.00  0.296808E+07 0.436244E+05 0.115106E+08 0.568564E+08
    18811.00  0.301803E+07 0.187787E+06 0.875411E+07 0.506349E+08
    18911.00  0.302219E+07 0.401879E+06 0.646995E+07 0.446081E+08
    19011.00  0.298491E+07 0.658511E+06 0.461661E+07 0.388635E+08
    19111.00  0.291124E+07 0.934934E+06 0.314992E+07 0.334692E+08
    19311.00  0.267653E+07 0.147752E+07 0.119529E+07 0.239141E+08
    19511.00  0.236169E+07 0.192787E+07 0.252222E+06 0.161533E+08
    19711.00  0.200687E+07 0.223492E+07 0.222025E+01 0.101885E+08
    19911.00  0.164537E+07 0.238505E+07 0.169385E+06 0.587452E+07
    20111.00  0.130224E+07 0.238965E+07 0.550010E+06 0.297588E+07
    20311.00  0.994241E+06 0.227473E+07 0.989751E+06 0.121565E+07
    20511.00  0.730755E+06 0.207272E+07 0.138873E+07 0.312984E+06
    20711.00  0.515100E+06 0.181646E+07 0.169040E+07 0.923720E+04
    20911.00  0.346081E+06 0.153551E+07 0.187149E+07 0.837383E+05
    21111.00  0.219454E+06 0.125388E+07 0.193231E+07 0.360900E+06
    21311.00  0.129223E+06 0.989389E+06 0.188807E+07 0.710839E+06
    21511.00  0.686719E+05 0.753679E+06 0.176188E+07 0.104554E+07
    21711.00  0.311386E+05 0.553033E+06 0.157938E+07 0.131245E+07
    21911.00  0.105272E+05 0.389372E+06 0.136506E+07 0.148685E+07
    22111.00  0.160700E+04 0.261395E+06 0.114002E+07 0.156435E+07
    22311.00  0.136769E+03 0.165655E+06 0.920815E+06 0.155394E+07
    22511.00  0.286411E+04 0.974877E+05 0.719193E+06 0.147225E+07
    22711.00  0.744101E+04 0.517620E+05 0.542446E+06 0.133908E+07
    22911.00  0.122920E+05 0.234262E+05 0.394037E+06 0.117415E+07
    23111.00  0.164630E+05 0.787822E+04 0.274442E+06 0.995056E+06
    23311.00  0.194708E+05 0.117498E+04 0.181981E+06 0.816099E+06
    23511.00  0.211660E+05 0.119207E+03 0.113600E+06 0.647905E+06
    23711.00  0.216173E+05 0.225573E+04 0.655245E+05 0.497500E+06
    23911.00  0.210190E+05 0.580747E+04 0.337739E+05 0.368733E+06
    24111.00  0.196224E+05 0.957727E+04 0.145286E+05 0.262877E+06
    24311.00  0.176873E+05 0.128355E+05 0.436898E+04 0.179264E+06
    24511.00  0.154518E+05 0.152080E+05 0.404931E+03 0.115915E+06
    24711.00  0.131151E+05 0.165742E+05 0.319801E+03 0.700769E+05
    24911.00  0.108315E+05 0.169804E+05 0.235378E+04 0.386703E+05
    25111.00  0.870961E+04 0.165702E+05 0.524771E+04 0.186161E+05
    25311.00  0.681801E+04 0.155325E+05 0.816545E+04 0.706748E+04
    25511.00  0.519113E+04 0.140648E+05 0.106084E+05 0.154524E+04
    25711.00  0.383722E+04 0.123495E+05 0.123325E+05 0.323896E+01
    25911.00  0.274550E+04 0.105411E+05 0.132730E+05 0.837216E+03
    26111.00  0.189270E+04 0.876006E+04 0.134818E+05 0.285615E+04
    26311.00  0.124845E+04 0.709304E+04 0.130773E+05 0.523040E+04
    26511.00  0.779448E+03 0.559576E+04 0.122074E+05 0.742868E+04
    26711.00  0.452586E+03 0.429791E+04 0.110231E+05 0.915270E+04
    26911.00  0.236973E+03 0.320869E+04 0.966230E+04 0.102758E+05
         IE==>     20           21           22           23
        1.00  0.119417E+11 0.148668E+11 0.215373E+11 0.192544E+11
        2.00  0.273019E+11 0.338539E+11 0.488639E+11 0.433334E+11
        3.00  0.400612E+11 0.494753E+11 0.711485E+11 0.625789E+11
        4.00  0.497583E+11 0.612016E+11 0.876863E+11 0.764810E+11
        5.00  0.569750E+11 0.697912E+11 0.996212E+11 0.861516E+11
        6.00  0.623522E+11 0.760626E+11 0.108167E+12 0.927312E+11
        7.00  0.663968E+11 0.806592E+11 0.114273E+12 0.970994E+11
        8.00  0.694716E+11 0.840398E+11 0.118613E+12 0.998781E+11
        9.00  0.718271E+11 0.865208E+11 0.121650E+12 0.101494E+12
       10.00  0.736351E+11 0.883190E+11 0.123704E+12 0.102239E+12
       11.00  0.750157E+11 0.895865E+11 0.124996E+12 0.102318E+12
       12.00  0.760558E+11 0.904326E+11 0.125689E+12 0.101879E+12
       13.00  0.768202E+11 0.909394E+11 0.125900E+12 0.101033E+12
       14.00  0.773585E+11 0.911696E+11 0.125724E+12 0.998635E+11
       15.00  0.777097E+11 0.911726E+11 0.125232E+12 0.984371E+11
       16.00  0.779044E+11 0.909867E+11 0.124479E+12 0.968054E+11
       17.00  0.779668E+11 0.906427E+11 0.123512E+12 0.950092E+11
       18.00  0.779159E+11 0.901645E+11 0.122365E+12 0.930807E+11
       19.00  0.777667E+11 0.895712E+11 0.121065E+12 0.910460E+11
       20.00  0.775312E+11 0.888782E+11 0.119637E+12 0.889257E+11
       21.00  0.772194E+11 0.880981E+11 0.118097E+12 0.867371E+11
       22.00  0.768392E+11 0.872413E+11 0.116461E+12 0.844946E+11
       23.00  0.763977E+11 0.863169E+11 0.114743E+12 0.822104E+11
       24.00  0.759010E+11 0.853325E+11 0.112955E+12 0.798953E+11
       25.00  0.753545E+11 0.842954E+11 0.111105E+12 0.775588E+11
       26.00  0.747630E+11 0.832115E+11 0.109204E+12 0.752090E+11
       27.00  0.741309E+11 0.820866E+11 0.107259E+12 0.728534E+11
       28.00  0.734621E+11 0.809256E+11 0.105278E+12 0.704986E+11
       29.00  0.727601E+11 0.797330E+11 0.103267E+12 0.681502E+11
       30.00  0.720279E+11 0.785128E+11 0.101231E+12 0.658133E+11
       31.00  0.712682E+11 0.772683E+11 0.991762E+11 0.634923E+11
       32.00  0.704836E+11 0.760028E+11 0.971063E+11 0.611911E+11
       33.00  0.696761E+11 0.747191E+11 0.950253E+11 0.589132E+11
       34.00  0.688477E+11 0.734194E+11 0.929368E+11 0.566616E+11
       35.00  0.680000E+11 0.721062E+11 0.908439E+11 0.544390E+11
       36.00  0.671346E+11 0.707815E+11 0.887494E+11 0.522478E+11
       37.00  0.662531E+11 0.694471E+11 0.866560E+11 0.500903E+11
       38.00  0.653568E+11 0.681049E+11 0.845662E+11 0.479685E+11
       39.00  0.644471E+11 0.667566E+11 0.824822E+11 0.458842E+11
       40.00  0.635252E+11 0.654038E+11 0.804063E+11 0.438391E+11
       42.00  0.616496E+11 0.626907E+11 0.762864E+11 0.398724E+11
       44.00  0.597393E+11 0.599771E+11 0.722216E+11 0.360789E+11
       46.00  0.578028E+11 0.572732E+11 0.682247E+11 0.324670E+11
       48.00  0.558474E+11 0.545880E+11 0.643068E+11 0.290432E+11
       50.00  0.538799E+11 0.519294E+11 0.604772E+11 0.258120E+11
       52.00  0.519061E+11 0.493042E+11 0.567438E+11 0.227768E+11
       54.00  0.499312E+11 0.467186E+11 0.531132E+11 0.199395E+11
       56.00  0.479601E+11 0.441778E+11 0.495910E+11 0.173009E+11
       58.00  0.459972E+11 0.416868E+11 0.461820E+11 0.148612E+11
       60.00  0.440469E+11 0.392501E+11 0.428905E+11 0.126195E+11
       62.00  0.421132E+11 0.368718E+11 0.397200E+11 0.105742E+11
       64.00  0.401999E+11 0.345557E+11 0.366733E+11 0.872315E+10
       66.00  0.383105E+11 0.323050E+11 0.337529E+11 0.706344E+10
       68.00  0.364484E+11 0.301227E+11 0.309604E+11 0.559160E+10
       70.00  0.346166E+11 0.280114E+11 0.282970E+11 0.430366E+10
       72.00  0.328177E+11 0.259731E+11 0.257634E+11 0.319517E+10
       74.00  0.310543E+11 0.240098E+11 0.233596E+11 0.226129E+10
       76.00  0.293287E+11 0.221229E+11 0.210856E+11 0.149683E+10
       78.00  0.276429E+11 0.203136E+11 0.189406E+11 0.896301E+09
       80.00  0.259988E+11 0.185831E+11 0.169238E+11 0.453926E+09
       82.00  0.243982E+11 0.169320E+11 0.150339E+11 0.163710E+09
       84.00  0.228428E+11 0.153610E+11 0.132694E+11 0.194516E+08
       86.00  0.213340E+11 0.138704E+11 0.116286E+11 0.147790E+08
       88.00  0.198732E+11 0.124603E+11 0.101094E+11 0.143182E+09
       90.00  0.184615E+11 0.111308E+11 0.870964E+10 0.398039E+09
       92.00  0.171000E+11 0.988161E+10 0.742684E+10 0.772651E+09
       94.00  0.157896E+11 0.871231E+10 0.625835E+10 0.126026E+10
       96.00  0.145310E+11 0.762234E+10 0.520133E+10 0.185409E+10
       98.00  0.133249E+11 0.661095E+10 0.425281E+10 0.254734E+10
      100.00  0.121718E+11 0.567728E+10 0.340967E+10 0.333322E+10
      102.00  0.110721E+11 0.482030E+10 0.266868E+10 0.420499E+10
      104.00  0.100259E+11 0.403887E+10 0.202648E+10 0.515594E+10
      106.00  0.903361E+10 0.333177E+10 0.147966E+10 0.617941E+10
      108.00  0.809515E+10 0.269761E+10 0.102472E+10 0.726886E+10
      110.00  0.721055E+10 0.213496E+10 0.658073E+09 0.841779E+10
      112.00  0.637970E+10 0.164226E+10 0.376109E+09 0.961986E+10
      114.00  0.560241E+10 0.121787E+10 0.175160E+09 0.108688E+11
      116.00  0.487840E+10 0.860098E+09 0.515307E+08 0.121586E+11
      118.00  0.420730E+10 0.567143E+09 0.150343E+07 0.134832E+11
      122.00  0.302202E+10 0.168229E+09 0.107346E+09 0.162139E+11
      126.00  0.204216E+10 0.565459E+07 0.462914E+09 0.190165E+11
      130.00  0.126227E+10 0.632067E+08 0.103869E+10 0.218494E+11
      134.00  0.675958E+09 0.324118E+09 0.180567E+10 0.246738E+11
      138.00  0.276011E+09 0.771233E+09 0.273552E+10 0.274540E+11
      142.00  0.544946E+08 0.138715E+10 0.380083E+10 0.301573E+11
      146.00  0.284128E+07 0.215439E+10 0.497522E+10 0.327546E+11
      150.00  0.111942E+09 0.305549E+10 0.623352E+10 0.352199E+11
      154.00  0.372238E+09 0.407319E+10 0.755188E+10 0.375305E+11
      158.00  0.773805E+09 0.519047E+10 0.890786E+10 0.396669E+11
      162.00  0.130644E+10 0.639070E+10 0.102805E+11 0.416126E+11
      166.00  0.195972E+10 0.765769E+10 0.116503E+11 0.433542E+11
      170.00  0.272308E+10 0.897576E+10 0.129994E+11 0.448809E+11
      174.00  0.358588E+10 0.103299E+11 0.143114E+11 0.461851E+11
      178.00  0.453746E+10 0.117056E+11 0.155718E+11 0.472614E+11
      182.00  0.556723E+10 0.130892E+11 0.167673E+11 0.481076E+11
      186.00  0.666467E+10 0.144680E+11 0.178866E+11 0.487232E+11
      190.00  0.781947E+10 0.158297E+11 0.189198E+11 0.491104E+11
      194.00  0.902148E+10 0.171631E+11 0.198585E+11 0.492733E+11
      198.00  0.102608E+11 0.184579E+11 0.206958E+11 0.492175E+11
      202.00  0.115278E+11 0.197044E+11 0.214263E+11 0.489505E+11
      206.00  0.128132E+11 0.208939E+11 0.220459E+11 0.484811E+11
      210.00  0.141080E+11 0.220187E+11 0.225518E+11 0.478196E+11
      214.00  0.154037E+11 0.230718E+11 0.229426E+11 0.469773E+11
      218.00  0.166919E+11 0.240472E+11 0.232178E+11 0.459665E+11
      222.00  0.179651E+11 0.249396E+11 0.233784E+11 0.448004E+11
      226.00  0.192158E+11 0.257447E+11 0.234260E+11 0.434928E+11
      230.00  0.204374E+11 0.264591E+11 0.233635E+11 0.420578E+11
      234.00  0.216233E+11 0.270800E+11 0.231946E+11 0.405102E+11
      238.00  0.227676E+11 0.276054E+11 0.229234E+11 0.388645E+11
      242.00  0.238650E+11 0.280342E+11 0.225552E+11 0.371357E+11
      246.00  0.249104E+11 0.283657E+11 0.220956E+11 0.353383E+11
      250.00  0.258994E+11 0.286000E+11 0.215507E+11 0.334869E+11
      254.00  0.268279E+11 0.287380E+11 0.209272E+11 0.315957E+11
      258.00  0.276924E+11 0.287810E+11 0.202321E+11 0.296786E+11
      262.00  0.284899E+11 0.287309E+11 0.194727E+11 0.277492E+11
      266.00  0.292178E+11 0.285902E+11 0.186567E+11 0.258202E+11
      270.00  0.298740E+11 0.283618E+11 0.177918E+11 0.239040E+11
      274.00  0.304568E+11 0.280491E+11 0.168857E+11 0.220121E+11
      282.00  0.313974E+11 0.271859E+11 0.149814E+11 0.183442E+11
      290.00  0.320345E+11 0.260345E+11 0.130058E+11 0.148943E+11
      298.00  0.323685E+11 0.246328E+11 0.110188E+11 0.117269E+11
      306.00  0.324057E+11 0.230222E+11 0.907680E+10 0.889334E+10
      314.00  0.321575E+11 0.212458E+11 0.723143E+10 0.643128E+10
      322.00  0.316395E+11 0.193478E+11 0.552868E+10 0.436517E+10
      330.00  0.308710E+11 0.173721E+11 0.400810E+10 0.270682E+10
      338.00  0.298743E+11 0.153613E+11 0.270233E+10 0.145635E+10
      346.00  0.286740E+11 0.133565E+11 0.163687E+10 0.603289E+09
      354.00  0.272968E+11 0.113961E+11 0.829991E+09 0.127862E+09
      362.00  0.257706E+11 0.951532E+10 0.292809E+09 0.232951E+07
      370.00  0.241238E+11 0.774603E+10 0.295378E+08 0.192427E+09
      378.00  0.223854E+11 0.611602E+10 0.378734E+08 0.658830E+09
      386.00  0.205835E+11 0.464888E+10 0.309493E+09 0.135859E+10
      394.00  0.187460E+11 0.336389E+10 0.830640E+09 0.224650E+10
      402.00  0.168992E+11 0.227592E+10 0.158277E+10 0.327646E+10
      410.00  0.150682E+11 0.139549E+10 0.254327E+10 0.440262E+10
      418.00  0.132764E+11 0.728834E+09 0.368617E+10 0.558054E+10
      426.00  0.115452E+11 0.278065E+09 0.498292E+10 0.676810E+10
      434.00  0.989366E+10 0.414198E+08 0.640311E+10 0.792638E+10
      442.00  0.833858E+10 0.135359E+08 0.791518E+10 0.902026E+10
      450.00  0.689437E+10 0.185765E+09 0.948710E+10 0.100190E+11
      458.00  0.557298E+10 0.546522E+09 0.110871E+11 0.108965E+11
      466.00  0.438388E+10 0.108166E+10 0.126840E+11 0.116320E+11
      474.00  0.333409E+10 0.177484E+10 0.142483E+11 0.122093E+11
      482.00  0.242823E+10 0.260798E+10 0.157520E+11 0.126180E+11
      490.00  0.166862E+10 0.356157E+10 0.171695E+11 0.128521E+11
      498.00  0.105537E+10 0.461512E+10 0.184777E+11 0.129106E+11
      506.00  0.586568E+09 0.574751E+10 0.196563E+11 0.127972E+11
      514.00  0.258377E+09 0.693736E+10 0.206879E+11 0.125192E+11
      522.00  0.652429E+08 0.816338E+10 0.215585E+11 0.120881E+11
      530.00  0.642188E+05 0.940467E+10 0.222574E+11 0.115183E+11
      538.00  0.543817E+08 0.106410E+11 0.227768E+11 0.108270E+11
      546.00  0.218577E+09 0.118533E+11 0.231127E+11 0.100336E+11
      554.00  0.482073E+09 0.130233E+11 0.232636E+11 0.915921E+10
      562.00  0.833529E+09 0.141344E+11 0.232315E+11 0.822588E+10
      570.00  0.126104E+10 0.151716E+11 0.230208E+11 0.725639E+10
      578.00  0.175233E+10 0.161212E+11 0.226389E+11 0.627357E+10
      586.00  0.229492E+10 0.169719E+11 0.220954E+11 0.529994E+10
      596.00  0.302631E+10 0.178812E+11 0.212066E+11 0.412879E+10
      606.00  0.379439E+10 0.186057E+11 0.201105E+11 0.304554E+10
      616.00  0.457599E+10 0.191354E+11 0.188374E+11 0.208600E+10
      626.00  0.534921E+10 0.194645E+11 0.174201E+11 0.128122E+10
      636.00  0.609373E+10 0.195921E+11 0.158934E+11 0.656860E+09
      646.00  0.679116E+10 0.195210E+11 0.142927E+11 0.232745E+09
      656.00  0.742527E+10 0.192582E+11 0.126533E+11 0.225633E+08
      666.00  0.798218E+10 0.188143E+11 0.110100E+11 0.338089E+08
      676.00  0.845050E+10 0.182028E+11 0.939574E+10 0.267862E+09
      686.00  0.882140E+10 0.174399E+11 0.784138E+10 0.720236E+09
      696.00  0.908861E+10 0.165438E+11 0.637507E+10 0.138095E+10
      706.00  0.924841E+10 0.155347E+11 0.502174E+10 0.223502E+10
      716.00  0.929962E+10 0.144337E+11 0.380285E+10 0.326305E+10
      726.00  0.924340E+10 0.132629E+11 0.273603E+10 0.444191E+10
      736.00  0.908320E+10 0.120445E+11 0.183501E+10 0.574541E+10
      746.00  0.882453E+10 0.108006E+11 0.110949E+10 0.714510E+10
      756.00  0.847474E+10 0.955278E+10 0.565175E+09 0.861097E+10
      766.00  0.804287E+10 0.832152E+10 0.203891E+09 0.101122E+11
      776.00  0.753935E+10 0.712622E+10 0.237448E+08 0.116180E+11
      786.00  0.697579E+10 0.598468E+10 0.193606E+08 0.130981E+11
      796.00  0.636474E+10 0.491292E+10 0.182166E+09 0.145236E+11
      806.00  0.571942E+10 0.392501E+10 0.500731E+09 0.158672E+11
      816.00  0.505345E+10 0.303290E+10 0.961133E+09 0.171044E+11
      826.00  0.438063E+10 0.224629E+10 0.154736E+10 0.182129E+11
      836.00  0.371471E+10 0.157264E+10 0.224172E+10 0.191740E+11
      846.00  0.306912E+10 0.101709E+10 0.302526E+10 0.199722E+11
      856.00  0.245683E+10 0.582554E+09 0.387818E+10 0.205953E+11
      866.00  0.189010E+10 0.269718E+09 0.478027E+10 0.210351E+11
      876.00  0.138036E+10 0.771826E+08 0.571128E+10 0.212869E+11
      886.00  0.938018E+09 0.157351E+07 0.665130E+10 0.213497E+11
      896.00  0.572351E+09 0.376964E+08 0.758113E+10 0.212259E+11
      906.00  0.291398E+09 0.178714E+09 0.848256E+10 0.209212E+11
      916.00  0.101875E+09 0.416340E+09 0.933866E+10 0.204444E+11
      926.00  0.911405E+07 0.741043E+09 0.101340E+11 0.198070E+11
      936.00  0.170293E+08 0.114226E+10 0.108550E+11 0.190229E+11
      946.00  0.128096E+09 0.160864E+10 0.114897E+11 0.181081E+11
      956.00  0.343357E+09 0.212821E+10 0.120285E+11 0.170803E+11
      966.00  0.662444E+09 0.268867E+10 0.124636E+11 0.159586E+11
      976.00  0.108362E+10 0.327755E+10 0.127895E+11 0.147630E+11
      986.00  0.160385E+10 0.388245E+10 0.130026E+11 0.135137E+11
      996.00  0.221886E+10 0.449122E+10 0.131017E+11 0.122315E+11
     1006.00  0.292320E+10 0.509212E+10 0.130872E+11 0.109367E+11
     1016.00  0.371040E+10 0.567405E+10 0.129617E+11 0.964902E+10
     1026.00  0.457304E+10 0.622662E+10 0.127297E+11 0.838741E+10
     1036.00  0.550286E+10 0.674035E+10 0.123969E+11 0.716959E+10
     1046.00  0.649092E+10 0.720674E+10 0.119709E+11 0.601188E+10
     1056.00  0.752766E+10 0.761840E+10 0.114603E+11 0.492895E+10
     1066.00  0.860311E+10 0.796906E+10 0.108751E+11 0.393368E+10
     1076.00  0.970694E+10 0.825369E+10 0.102258E+11 0.303697E+10
     1086.00  0.108287E+11 0.846847E+10 0.952377E+10 0.224770E+10
     1096.00  0.119577E+11 0.861085E+10 0.878092E+10 0.157266E+10
     1106.00  0.130834E+11 0.867953E+10 0.800931E+10 0.101649E+10
     1116.00  0.141956E+11 0.867444E+10 0.722111E+10 0.581765E+09
     1126.00  0.152841E+11 0.859666E+10 0.642835E+10 0.268975E+09
     1136.00  0.163392E+11 0.844845E+10 0.564274E+10 0.766542E+08
     1146.00  0.173518E+11 0.823309E+10 0.487553E+10 0.147361E+07
     1156.00  0.183131E+11 0.795486E+10 0.413731E+10 0.383769E+08
     1166.00  0.192151E+11 0.761891E+10 0.343791E+10 0.180738E+09
     1176.00  0.200505E+11 0.723119E+10 0.278628E+10 0.420536E+09
     1186.00  0.208127E+11 0.679833E+10 0.219036E+10 0.748542E+09
     1196.00  0.214960E+11 0.632755E+10 0.165704E+10 0.115452E+10
     1206.00  0.220955E+11 0.582650E+10 0.119207E+10 0.162741E+10
     1216.00  0.226072E+11 0.530319E+10 0.799998E+09 0.215560E+10
     1226.00  0.230278E+11 0.476586E+10 0.484202E+09 0.272704E+10
     1236.00  0.233552E+11 0.422285E+10 0.246837E+09 0.332954E+10
     1246.00  0.235878E+11 0.368250E+10 0.888635E+08 0.395088E+10
     1256.00  0.237253E+11 0.315304E+10 0.100763E+08 0.457907E+10
     1266.00  0.237679E+11 0.264248E+10 0.914594E+07 0.520250E+10
     1276.00  0.237167E+11 0.215852E+10 0.836772E+08 0.581007E+10
     1286.00  0.235737E+11 0.170847E+10 0.230279E+09 0.639141E+10
     1296.00  0.233415E+11 0.129916E+10 0.444644E+09 0.693693E+10
     1306.00  0.230235E+11 0.936845E+09 0.721643E+09 0.743800E+10
     1316.00  0.226237E+11 0.627179E+09 0.105542E+10 0.788700E+10
     1326.00  0.221466E+11 0.375132E+09 0.143949E+10 0.827741E+10
     1336.00  0.215972E+11 0.184957E+09 0.186688E+10 0.860388E+10
     1346.00  0.209812E+11 0.601515E+08 0.233018E+10 0.886223E+10
     1356.00  0.203044E+11 0.343470E+07 0.282172E+10 0.904949E+10
     1366.00  0.195730E+11 0.167300E+08 0.333364E+10 0.916389E+10
     1376.00  0.187934E+11 0.101160E+09 0.385801E+10 0.920486E+10
     1386.00  0.179724E+11 0.257050E+09 0.438695E+10 0.917298E+10
     1396.00  0.171167E+11 0.483940E+09 0.491272E+10 0.906991E+10
     1406.00  0.162331E+11 0.780605E+09 0.542784E+10 0.889838E+10
     1416.00  0.153284E+11 0.114509E+10 0.592513E+10 0.866206E+10
     1426.00  0.144092E+11 0.157472E+10 0.639785E+10 0.836550E+10
     1436.00  0.134823E+11 0.206620E+10 0.683974E+10 0.801401E+10
     1446.00  0.125539E+11 0.261558E+10 0.724510E+10 0.761361E+10
     1456.00  0.116303E+11 0.321839E+10 0.760885E+10 0.717086E+10
     1466.00  0.107173E+11 0.386964E+10 0.792655E+10 0.669278E+10
     1476.00  0.982043E+10 0.456391E+10 0.819448E+10 0.618675E+10
     1486.00  0.894493E+10 0.529540E+10 0.840966E+10 0.566037E+10
     1496.00  0.809558E+10 0.605801E+10 0.856981E+10 0.512136E+10
     1506.00  0.727676E+10 0.684540E+10 0.867346E+10 0.457744E+10
     1516.00  0.649240E+10 0.765103E+10 0.871986E+10 0.403623E+10
     1526.00  0.574599E+10 0.846830E+10 0.870900E+10 0.350515E+10
     1536.00  0.504053E+10 0.929051E+10 0.864161E+10 0.299134E+10
     1546.00  0.437855E+10 0.101110E+11 0.851911E+10 0.250154E+10
     1556.00  0.376208E+10 0.109233E+11 0.834359E+10 0.204203E+10
     1566.00  0.319271E+10 0.117209E+11 0.811776E+10 0.161856E+10
     1576.00  0.267152E+10 0.124977E+11 0.784490E+10 0.123630E+10
     1586.00  0.219915E+10 0.132475E+11 0.752884E+10 0.899750E+09
     1596.00  0.177578E+10 0.139649E+11 0.717385E+10 0.612750E+09
     1606.00  0.140118E+10 0.146445E+11 0.678465E+10 0.378411E+09
     1616.00  0.107468E+10 0.152814E+11 0.636628E+10 0.199108E+09
     1626.00  0.795248E+09 0.158711E+11 0.592407E+10 0.764702E+08
     1636.00  0.561477E+09 0.164095E+11 0.546356E+10 0.113740E+08
     1646.00  0.371635E+09 0.168931E+11 0.499045E+10 0.395600E+07
     1656.00  0.223689E+09 0.173189E+11 0.451054E+10 0.536280E+08
     1666.00  0.115334E+09 0.176842E+11 0.402963E+10 0.159103E+09
     1676.00  0.440312E+08 0.179870E+11 0.355347E+10 0.318426E+09
     1686.00  0.703766E+07 0.182259E+11 0.308773E+10 0.529019E+09
     1696.00  0.144310E+07 0.183998E+11 0.263791E+10 0.787723E+09
     1706.00  0.242034E+08 0.185083E+11 0.220927E+10 0.109085E+10
     1716.00  0.721755E+08 0.185514E+11 0.180684E+10 0.143425E+10
     1726.00  0.142151E+09 0.185297E+11 0.143530E+10 0.181334E+10
     1736.00  0.230891E+09 0.184443E+11 0.109898E+10 0.222323E+10
     1746.00  0.335157E+09 0.182966E+11 0.801819E+09 0.265871E+10
     1756.00  0.451740E+09 0.180885E+11 0.547319E+09 0.311438E+10
     1766.00  0.577497E+09 0.178224E+11 0.338527E+09 0.358468E+10
     1776.00  0.709372E+09 0.175010E+11 0.178011E+09 0.406398E+10
     1786.00  0.844427E+09 0.171273E+11 0.678417E+08 0.454665E+10
     1796.00  0.979862E+09 0.167046E+11 0.958170E+07 0.502707E+10
     1806.00  0.111304E+10 0.162366E+11 0.427999E+07 0.549979E+10
     1816.00  0.124152E+10 0.157271E+11 0.524703E+08 0.595950E+10
     1826.00  0.136303E+10 0.151803E+11 0.154176E+09 0.640113E+10
     1836.00  0.147555E+10 0.146003E+11 0.308916E+09 0.681987E+10
     1846.00  0.157727E+10 0.139914E+11 0.515725E+09 0.721128E+10
     1856.00  0.166661E+10 0.133581E+11 0.773163E+09 0.757125E+10
     1866.00  0.174227E+10 0.127048E+11 0.107934E+10 0.789609E+10
     1876.00  0.180316E+10 0.120360E+11 0.143195E+10 0.818255E+10
     1886.00  0.184849E+10 0.113561E+11 0.182829E+10 0.842785E+10
     1896.00  0.187769E+10 0.106694E+11 0.226528E+10 0.862968E+10
     1906.00  0.189047E+10 0.998038E+10 0.273952E+10 0.878624E+10
     1916.00  0.188677E+10 0.929303E+10 0.324733E+10 0.889623E+10
     1926.00  0.186681E+10 0.861138E+10 0.378476E+10 0.895888E+10
     1936.00  0.183101E+10 0.793925E+10 0.434764E+10 0.897391E+10
     1946.00  0.178004E+10 0.728025E+10 0.493163E+10 0.894155E+10
     1956.00  0.171480E+10 0.663776E+10 0.553228E+10 0.886252E+10
     1966.00  0.163636E+10 0.601491E+10 0.614500E+10 0.873802E+10
     1976.00  0.154602E+10 0.541459E+10 0.676519E+10 0.856969E+10
     1986.00  0.144524E+10 0.483938E+10 0.738820E+10 0.835960E+10
     1996.00  0.133562E+10 0.429160E+10 0.800944E+10 0.811023E+10
     2006.00  0.121893E+10 0.377327E+10 0.862435E+10 0.782441E+10
     2016.00  0.109706E+10 0.328611E+10 0.922851E+10 0.750532E+10
     2026.00  0.971987E+09 0.283153E+10 0.981759E+10 0.715641E+10
     2036.00  0.845796E+09 0.241066E+10 0.103875E+11 0.678142E+10
     2046.00  0.720627E+09 0.202429E+10 0.109342E+11 0.638426E+10
     2056.00  0.598667E+09 0.167296E+10 0.114541E+11 0.596905E+10
     2066.00  0.482132E+09 0.135687E+10 0.119437E+11 0.554002E+10
     2076.00  0.373245E+09 0.107599E+10 0.123997E+11 0.510149E+10
     2086.00  0.274218E+09 0.829977E+09 0.128193E+11 0.465782E+10
     2096.00  0.187232E+09 0.618257E+09 0.132000E+11 0.421337E+10
     2106.00  0.114422E+09 0.440004E+09 0.135394E+11 0.377248E+10
     2116.00  0.578542E+08 0.294163E+09 0.138356E+11 0.333940E+10
     2126.00  0.195156E+08 0.179472E+09 0.140870E+11 0.291825E+10
     2136.00  0.129383E+07 0.944742E+08 0.142924E+11 0.251301E+10
     2146.00  0.496399E+07 0.375414E+08 0.144509E+11 0.212749E+10
     2156.00  0.321752E+08 0.689112E+07 0.145619E+11 0.176525E+10
     2166.00  0.844377E+08 0.608500E+06 0.146253E+11 0.142962E+10
     2176.00  0.163112E+09 0.166666E+08 0.146412E+11 0.112367E+10
     2186.00  0.269399E+09 0.529476E+08 0.146100E+11 0.850164E+09
     2196.00  0.404330E+09 0.107264E+09 0.145325E+11 0.611543E+09
     2206.00  0.568762E+09 0.177380E+09 0.144097E+11 0.409935E+09
     2216.00  0.763367E+09 0.261031E+09 0.142432E+11 0.247118E+09
     2226.00  0.988633E+09 0.355945E+09 0.140344E+11 0.124520E+09
     2236.00  0.124486E+10 0.459862E+09 0.137854E+11 0.432092E+08
     2246.00  0.153214E+10 0.570555E+09 0.134981E+11 0.389458E+07
     2256.00  0.185041E+10 0.685843E+09 0.131750E+11 0.692261E+07
     2266.00  0.219936E+10 0.803614E+09 0.128185E+11 0.522822E+08
     2276.00  0.257854E+10 0.921838E+09 0.124314E+11 0.139611E+09
     2286.00  0.298729E+10 0.103858E+10 0.120164E+11 0.268204E+09
     2296.00  0.342477E+10 0.115203E+10 0.115765E+11 0.437025E+09
     2306.00  0.388996E+10 0.126048E+10 0.111147E+11 0.644722E+09
     2316.00  0.438167E+10 0.136238E+10 0.106341E+11 0.889644E+09
     2326.00  0.489855E+10 0.145631E+10 0.101379E+11 0.116986E+10
     2336.00  0.543909E+10 0.154101E+10 0.962912E+10 0.148317E+10
     2346.00  0.600164E+10 0.161539E+10 0.911102E+10 0.182715E+10
     2356.00  0.658442E+10 0.167850E+10 0.858668E+10 0.219914E+10
     2366.00  0.718551E+10 0.172959E+10 0.805918E+10 0.259632E+10
     2376.00  0.780287E+10 0.176807E+10 0.753152E+10 0.301569E+10
     2386.00  0.843439E+10 0.179352E+10 0.700661E+10 0.345410E+10
     2396.00  0.907784E+10 0.180571E+10 0.648725E+10 0.390830E+10
     2406.00  0.973093E+10 0.180457E+10 0.597614E+10 0.437498E+10
     2416.00  0.103913E+11 0.179021E+10 0.547580E+10 0.485073E+10
     2426.00  0.110565E+11 0.176290E+10 0.498862E+10 0.533215E+10
     2436.00  0.117242E+11 0.172307E+10 0.451682E+10 0.581582E+10
     2446.00  0.123918E+11 0.167131E+10 0.406244E+10 0.629834E+10
     2456.00  0.130569E+11 0.160835E+10 0.362734E+10 0.677638E+10
     2466.00  0.137170E+11 0.153508E+10 0.321317E+10 0.724665E+10
     2476.00  0.143696E+11 0.145249E+10 0.282140E+10 0.770599E+10
     2486.00  0.150122E+11 0.136172E+10 0.245326E+10 0.815135E+10
     2496.00  0.156426E+11 0.126399E+10 0.210982E+10 0.857980E+10
     2506.00  0.162583E+11 0.116066E+10 0.179190E+10 0.898858E+10
     2516.00  0.168570E+11 0.105313E+10 0.150014E+10 0.937512E+10
     2526.00  0.174366E+11 0.942899E+09 0.123496E+10 0.973702E+10
     2536.00  0.179949E+11 0.831537E+09 0.996579E+09 0.100721E+11
     2546.00  0.185298E+11 0.720647E+09 0.785017E+09 0.103784E+11
     2556.00  0.190396E+11 0.611875E+09 0.600106E+09 0.106541E+11
     2566.00  0.195222E+11 0.506889E+09 0.441492E+09 0.108978E+11
     2576.00  0.199761E+11 0.407369E+09 0.308647E+09 0.111081E+11
     2586.00  0.203997E+11 0.314995E+09 0.200875E+09 0.112840E+11
     2596.00  0.207915E+11 0.231429E+09 0.117326E+09 0.114249E+11
     2606.00  0.211502E+11 0.158308E+09 0.570035E+08 0.115300E+11
     2616.00  0.214746E+11 0.972319E+08 0.187809E+08 0.115991E+11
     2626.00  0.217638E+11 0.497487E+08 0.141128E+07 0.116322E+11
     2636.00  0.220169E+11 0.173462E+08 0.354154E+07 0.116295E+11
     2646.00  0.222331E+11 0.144088E+07 0.237258E+08 0.115913E+11
     2656.00  0.224119E+11 0.336812E+07 0.604393E+08 0.115183E+11
     2666.00  0.225529E+11 0.243730E+08 0.112093E+09 0.114114E+11
     2676.00  0.226557E+11 0.656018E+08 0.177046E+09 0.112715E+11
     2686.00  0.227204E+11 0.128095E+09 0.253622E+09 0.111001E+11
     2696.00  0.227469E+11 0.212779E+09 0.340123E+09 0.108983E+11
     2706.00  0.227355E+11 0.320461E+09 0.434841E+09 0.106680E+11
     2716.00  0.226864E+11 0.451824E+09 0.536073E+09 0.104107E+11
     2726.00  0.226001E+11 0.607423E+09 0.642134E+09 0.101283E+11
     2736.00  0.224773E+11 0.787677E+09 0.751371E+09 0.982287E+10
     2746.00  0.223186E+11 0.992873E+09 0.862171E+09 0.949645E+10
     2756.00  0.221250E+11 0.122316E+10 0.972977E+09 0.915120E+10
     2766.00  0.218973E+11 0.147855E+10 0.108230E+10 0.878936E+10
     2776.00  0.216368E+11 0.175890E+10 0.118872E+10 0.841322E+10
     2786.00  0.213446E+11 0.206397E+10 0.129090E+10 0.802510E+10
     2796.00  0.210220E+11 0.239334E+10 0.138760E+10 0.762734E+10
     2806.00  0.206704E+11 0.274648E+10 0.147769E+10 0.722230E+10
     2816.00  0.202913E+11 0.312271E+10 0.156014E+10 0.681228E+10
     2826.00  0.198863E+11 0.352125E+10 0.163401E+10 0.639960E+10
     2836.00  0.194569E+11 0.394118E+10 0.169851E+10 0.598650E+10
     2846.00  0.190049E+11 0.438147E+10 0.175297E+10 0.557519E+10
     2856.00  0.185319E+11 0.484095E+10 0.179682E+10 0.516779E+10
     2866.00  0.180399E+11 0.531839E+10 0.182963E+10 0.476634E+10
     2876.00  0.175304E+11 0.581241E+10 0.185110E+10 0.437279E+10
     2886.00  0.170056E+11 0.632159E+10 0.186107E+10 0.398898E+10
     2896.00  0.164670E+11 0.684439E+10 0.185948E+10 0.361663E+10
     2906.00  0.159167E+11 0.737920E+10 0.184642E+10 0.325737E+10
     2916.00  0.153565E+11 0.792434E+10 0.182208E+10 0.291264E+10
     2926.00  0.147883E+11 0.847809E+10 0.178679E+10 0.258380E+10
     2936.00  0.142138E+11 0.903865E+10 0.174099E+10 0.227203E+10
     2946.00  0.136350E+11 0.960419E+10 0.168523E+10 0.197838E+10
     2956.00  0.130536E+11 0.101729E+11 0.162016E+10 0.170374E+10
     2966.00  0.124713E+11 0.107428E+11 0.154655E+10 0.144886E+10
     2976.00  0.118900E+11 0.113120E+11 0.146523E+10 0.121434E+10
     2986.00  0.113112E+11 0.118787E+11 0.137716E+10 0.100061E+10
     2996.00  0.107366E+11 0.124410E+11 0.128334E+10 0.807971E+09
     3006.00  0.101677E+11 0.129968E+11 0.118486E+10 0.636554E+09
     3016.00  0.960606E+10 0.135445E+11 0.108287E+10 0.486358E+09
     3026.00  0.905301E+10 0.140820E+11 0.978566E+09 0.357238E+09
     3036.00  0.850993E+10 0.146077E+11 0.873202E+09 0.248914E+09
     3046.00  0.797810E+10 0.151198E+11 0.768061E+09 0.160972E+09
     3056.00  0.745868E+10 0.156166E+11 0.664453E+09 0.928758E+08
     3066.00  0.695280E+10 0.160963E+11 0.563710E+09 0.439729E+08
     3076.00  0.646145E+10 0.165576E+11 0.467169E+09 0.135004E+08
     3086.00  0.598558E+10 0.169987E+11 0.376169E+09 0.594661E+06
     3096.00  0.552601E+10 0.174184E+11 0.292038E+09 0.430007E+07
     3106.00  0.508350E+10 0.178152E+11 0.216090E+09 0.235779E+08
     3116.00  0.465870E+10 0.181880E+11 0.149609E+09 0.573159E+08
     3126.00  0.425218E+10 0.185356E+11 0.938467E+08 0.104338E+09
     3136.00  0.386441E+10 0.188568E+11 0.500111E+08 0.163415E+09
     3146.00  0.349578E+10 0.191509E+11 0.192607E+08 0.233272E+09
     3156.00  0.314657E+10 0.194168E+11 0.269634E+07 0.312602E+09
     3166.00  0.281700E+10 0.196539E+11 0.135483E+07 0.400076E+09
     3176.00  0.250719E+10 0.198615E+11 0.162024E+08 0.494347E+09
     3186.00  0.221716E+10 0.200391E+11 0.481287E+08 0.594068E+09
     3196.00  0.194688E+10 0.201864E+11 0.979419E+08 0.697898E+09
     3206.00  0.169621E+10 0.203029E+11 0.166363E+09 0.804509E+09
     3216.00  0.146496E+10 0.203885E+11 0.254024E+09 0.912599E+09
     3226.00  0.125285E+10 0.204431E+11 0.361458E+09 0.102090E+10
     3236.00  0.105955E+10 0.204668E+11 0.489106E+09 0.112819E+10
     3246.00  0.884627E+09 0.204596E+11 0.637304E+09 0.123328E+10
     3256.00  0.727628E+09 0.204220E+11 0.806288E+09 0.133505E+10
     3266.00  0.588019E+09 0.203540E+11 0.996190E+09 0.143246E+10
     3276.00  0.465220E+09 0.202564E+11 0.120704E+10 0.152450E+10
     3286.00  0.358600E+09 0.201295E+11 0.143875E+10 0.161027E+10
     3296.00  0.267486E+09 0.199740E+11 0.169115E+10 0.168894E+10
     3306.00  0.191163E+09 0.197907E+11 0.196394E+10 0.175977E+10
     3316.00  0.128882E+09 0.195803E+11 0.225675E+10 0.182209E+10
     3326.00  0.798629E+08 0.193438E+11 0.256908E+10 0.187534E+10
     3336.00  0.433008E+08 0.190821E+11 0.290035E+10 0.191905E+10
     3346.00  0.183689E+08 0.187963E+11 0.324987E+10 0.195286E+10
     3356.00  0.422431E+07 0.184874E+11 0.361687E+10 0.197648E+10
     3366.00  0.119923E+05 0.181567E+11 0.400050E+10 0.198974E+10
     3376.00  0.486971E+07 0.178053E+11 0.439981E+10 0.199255E+10
     3386.00  0.179323E+08 0.174346E+11 0.481378E+10 0.198495E+10
     3396.00  0.383359E+08 0.170458E+11 0.524131E+10 0.196705E+10
     3406.00  0.652225E+08 0.166403E+11 0.568123E+10 0.193904E+10
     3416.00  0.977434E+08 0.162194E+11 0.613233E+10 0.190125E+10
     3426.00  0.135064E+09 0.157846E+11 0.659331E+10 0.185406E+10
     3436.00  0.176366E+09 0.153373E+11 0.706285E+10 0.179794E+10
     3446.00  0.220854E+09 0.148789E+11 0.753955E+10 0.173346E+10
     3456.00  0.267755E+09 0.144108E+11 0.802201E+10 0.166125E+10
     3466.00  0.316324E+09 0.139346E+11 0.850876E+10 0.158201E+10
     3476.00  0.365847E+09 0.134515E+11 0.899834E+10 0.149653E+10
     3486.00  0.415642E+09 0.129631E+11 0.948924E+10 0.140564E+10
     3496.00  0.465064E+09 0.124708E+11 0.997997E+10 0.131023E+10
     3506.00  0.513507E+09 0.119760E+11 0.104690E+11 0.121125E+10
     3516.00  0.560401E+09 0.114799E+11 0.109548E+11 0.110967E+10
     3526.00  0.605223E+09 0.109840E+11 0.114360E+11 0.100653E+10
     3536.00  0.647490E+09 0.104896E+11 0.119109E+11 0.902872E+09
     3546.00  0.686765E+09 0.999789E+10 0.123781E+11 0.799778E+09
     3556.00  0.722657E+09 0.951012E+10 0.128363E+11 0.698339E+09
     3566.00  0.754821E+09 0.902746E+10 0.132839E+11 0.599659E+09
     3576.00  0.782962E+09 0.855103E+10 0.137195E+11 0.504846E+09
     3586.00  0.806829E+09 0.808192E+10 0.141420E+11 0.415001E+09
     3596.00  0.826221E+09 0.762112E+10 0.145499E+11 0.331220E+09
     3606.00  0.840986E+09 0.716960E+10 0.149421E+11 0.254579E+09
     3616.00  0.851017E+09 0.672826E+10 0.153173E+11 0.186132E+09
     3626.00  0.856256E+09 0.629792E+10 0.156745E+11 0.126904E+09
     3636.00  0.856690E+09 0.587936E+10 0.160126E+11 0.778874E+08
     3646.00  0.852354E+09 0.547329E+10 0.163306E+11 0.400307E+08
     3656.00  0.843324E+09 0.508033E+10 0.166277E+11 0.142386E+08
     3666.00  0.829720E+09 0.470107E+10 0.169029E+11 0.136453E+07
     3676.00  0.811705E+09 0.433601E+10 0.171556E+11 0.220624E+07
     3686.00  0.789480E+09 0.398557E+10 0.173850E+11 0.175015E+08
     3696.00  0.763286E+09 0.365014E+10 0.175906E+11 0.479238E+08
     3706.00  0.733398E+09 0.333001E+10 0.177719E+11 0.940793E+08
     3716.00  0.700126E+09 0.302542E+10 0.179285E+11 0.156503E+09
     3726.00  0.663812E+09 0.273654E+10 0.180599E+11 0.235655E+09
     3736.00  0.624829E+09 0.246347E+10 0.181660E+11 0.331922E+09
     3746.00  0.583574E+09 0.220626E+10 0.182466E+11 0.445609E+09
     3756.00  0.540472E+09 0.196489E+10 0.183016E+11 0.576942E+09
     3766.00  0.495967E+09 0.173929E+10 0.183310E+11 0.726067E+09
     3776.00  0.450526E+09 0.152931E+10 0.183349E+11 0.893048E+09
     3786.00  0.404631E+09 0.133478E+10 0.183134E+11 0.107786E+10
     3796.00  0.358778E+09 0.115546E+10 0.182668E+11 0.128042E+10
     3806.00  0.313476E+09 0.991050E+09 0.181955E+11 0.150052E+10
     3816.00  0.269241E+09 0.841219E+09 0.180997E+11 0.173791E+10
     3826.00  0.226596E+09 0.705585E+09 0.179801E+11 0.199224E+10
     3836.00  0.186069E+09 0.583727E+09 0.178371E+11 0.226310E+10
     3846.00  0.148185E+09 0.475187E+09 0.176713E+11 0.254998E+10
     3856.00  0.113471E+09 0.379472E+09 0.174834E+11 0.285231E+10
     3866.00  0.824463E+08 0.296055E+09 0.172742E+11 0.316946E+10
     3876.00  0.556256E+08 0.224384E+09 0.170444E+11 0.350070E+10
     3886.00  0.335127E+08 0.163881E+09 0.167949E+11 0.384526E+10
     3896.00  0.165995E+08 0.113947E+09 0.165265E+11 0.420231E+10
     3906.00  0.536376E+07 0.739631E+08 0.162403E+11 0.457094E+10
     3916.00  0.266500E+06 0.432984E+08 0.159371E+11 0.495022E+10
     3926.00  0.175010E+07 0.213090E+08 0.156179E+11 0.533914E+10
     3936.00  0.102361E+08 0.734313E+07 0.152839E+11 0.573665E+10
     3946.00  0.261232E+08 0.744126E+06 0.149361E+11 0.614168E+10
     3956.00  0.497857E+08 0.853707E+06 0.145756E+11 0.655311E+10
     3966.00  0.815714E+08 0.701496E+07 0.142034E+11 0.696979E+10
     3976.00  0.121800E+09 0.185754E+08 0.138208E+11 0.739053E+10
     3986.00  0.170764E+09 0.348899E+08 0.134289E+11 0.781414E+10
     3996.00  0.228721E+09 0.553235E+08 0.130287E+11 0.823941E+10
     4006.00  0.295900E+09 0.792543E+08 0.126215E+11 0.866511E+10
     4016.00  0.372498E+09 0.106075E+09 0.122084E+11 0.909002E+10
     4026.00  0.458674E+09 0.135199E+09 0.117905E+11 0.951289E+10
     4036.00  0.554558E+09 0.166055E+09 0.113690E+11 0.993250E+10
     4046.00  0.660239E+09 0.198099E+09 0.109449E+11 0.103476E+11
     4056.00  0.775775E+09 0.230809E+09 0.105194E+11 0.107571E+11
     4066.00  0.901186E+09 0.263691E+09 0.100935E+11 0.111596E+11
     4076.00  0.103646E+10 0.296275E+09 0.966824E+10 0.115541E+11
     4086.00  0.118153E+10 0.328126E+09 0.924468E+10 0.119395E+11
     4096.00  0.133633E+10 0.358837E+09 0.882379E+10 0.123145E+11
     4106.00  0.150072E+10 0.388032E+09 0.840652E+10 0.126782E+11
     4116.00  0.167454E+10 0.415372E+09 0.799379E+10 0.130295E+11
     4126.00  0.185761E+10 0.440548E+09 0.758647E+10 0.133674E+11
     4136.00  0.204968E+10 0.463289E+09 0.718539E+10 0.136909E+11
     4146.00  0.225051E+10 0.483358E+09 0.679135E+10 0.139992E+11
     4156.00  0.245979E+10 0.500553E+09 0.640509E+10 0.142915E+11
     4166.00  0.267719E+10 0.514710E+09 0.602732E+10 0.145668E+11
     4176.00  0.290235E+10 0.525698E+09 0.565867E+10 0.148246E+11
     4186.00  0.313490E+10 0.533424E+09 0.529976E+10 0.150641E+11
     4196.00  0.337441E+10 0.537831E+09 0.495113E+10 0.152847E+11
     4206.00  0.362043E+10 0.538895E+09 0.461329E+10 0.154859E+11
     4216.00  0.387250E+10 0.536628E+09 0.428668E+10 0.156671E+11
     4226.00  0.413013E+10 0.531076E+09 0.397171E+10 0.158280E+11
     4236.00  0.439280E+10 0.522318E+09 0.366871E+10 0.159683E+11
     4246.00  0.465997E+10 0.510463E+09 0.337797E+10 0.160875E+11
     4256.00  0.493109E+10 0.495655E+09 0.309975E+10 0.161855E+11
     4266.00  0.520558E+10 0.478063E+09 0.283424E+10 0.162622E+11
     4276.00  0.548287E+10 0.457888E+09 0.258157E+10 0.163175E+11
     4286.00  0.576234E+10 0.435356E+09 0.234184E+10 0.163513E+11
     4296.00  0.604338E+10 0.410719E+09 0.211508E+10 0.163637E+11
     4306.00  0.632538E+10 0.384254E+09 0.190131E+10 0.163547E+11
     4316.00  0.660770E+10 0.356258E+09 0.170047E+10 0.163247E+11
     4326.00  0.688970E+10 0.327049E+09 0.151246E+10 0.162737E+11
     4336.00  0.717075E+10 0.296966E+09 0.133715E+10 0.162022E+11
     4346.00  0.745020E+10 0.266360E+09 0.117438E+10 0.161104E+11
     4356.00  0.772741E+10 0.235601E+09 0.102391E+10 0.159988E+11
     4366.00  0.800175E+10 0.205070E+09 0.885511E+09 0.158678E+11
     4376.00  0.827258E+10 0.175159E+09 0.758885E+09 0.157179E+11
     4386.00  0.853926E+10 0.146270E+09 0.643720E+09 0.155498E+11
     4396.00  0.880118E+10 0.118809E+09 0.539666E+09 0.153640E+11
     4406.00  0.905772E+10 0.931893E+08 0.446349E+09 0.151611E+11
     4416.00  0.930828E+10 0.698268E+08 0.363369E+09 0.149419E+11
     4426.00  0.955228E+10 0.491375E+08 0.290301E+09 0.147071E+11
     4436.00  0.978915E+10 0.315363E+08 0.226704E+09 0.144575E+11
     4446.00  0.100183E+11 0.174351E+08 0.172114E+09 0.141938E+11
     4456.00  0.102393E+11 0.724094E+07 0.126056E+09 0.139169E+11
     4466.00  0.104514E+11 0.135358E+07 0.880384E+08 0.136276E+11
     4476.00  0.106544E+11 0.164180E+06 0.575624E+08 0.133268E+11
     4486.00  0.108476E+11 0.405333E+07 0.341194E+08 0.130155E+11
     4511.00  0.112852E+11 0.383771E+08 0.290541E+07 0.121966E+11
     4536.00  0.116529E+11 0.112047E+09 0.437373E+07 0.113314E+11
     4561.00  0.119455E+11 0.229714E+09 0.305744E+08 0.104345E+11
     4586.00  0.121587E+11 0.395206E+09 0.738755E+08 0.951995E+10
     4611.00  0.122896E+11 0.611425E+09 0.127154E+09 0.860174E+10
     4636.00  0.123366E+11 0.880260E+09 0.183965E+09 0.769287E+10
     4661.00  0.122992E+11 0.120253E+10 0.238677E+09 0.680546E+10
     4686.00  0.121783E+11 0.157794E+10 0.286591E+09 0.595041E+10
     4711.00  0.119759E+11 0.200510E+10 0.324020E+09 0.513733E+10
     4736.00  0.116951E+11 0.248149E+10 0.348340E+09 0.437435E+10
     4761.00  0.113404E+11 0.300357E+10 0.358016E+09 0.366809E+10
     4786.00  0.109171E+11 0.356677E+10 0.352593E+09 0.302354E+10
     4811.00  0.104313E+11 0.416562E+10 0.332662E+09 0.244416E+10
     4836.00  0.989030E+10 0.479382E+10 0.299802E+09 0.193181E+10
     4861.00  0.930171E+10 0.544439E+10 0.256496E+09 0.148688E+10
     4886.00  0.867387E+10 0.610973E+10 0.206028E+09 0.110834E+10
     4911.00  0.801551E+10 0.678185E+10 0.152366E+09 0.793918E+09
     4936.00  0.733561E+10 0.745242E+10 0.100027E+09 0.540186E+09
     4961.00  0.664334E+10 0.811299E+10 0.539366E+08 0.342759E+09
     4986.00  0.594782E+10 0.875508E+10 0.192796E+08 0.196457E+09
     5011.00  0.525808E+10 0.937038E+10 0.134893E+07 0.954917E+08
     5036.00  0.458286E+10 0.995085E+10 0.539644E+07 0.336552E+08
     5061.00  0.393053E+10 0.104889E+11 0.364873E+08 0.450661E+07
     5086.00  0.330896E+10 0.109773E+11 0.993617E+08 0.155432E+07
     5111.00  0.272543E+10 0.114098E+11 0.198307E+09 0.184295E+08
     5136.00  0.218654E+10 0.117807E+11 0.337043E+09 0.490467E+08
     5161.00  0.169812E+10 0.120851E+11 0.518619E+09 0.877498E+08
     5186.00  0.126520E+10 0.123191E+11 0.745335E+09 0.129439E+09
     5211.00  0.891917E+09 0.124799E+11 0.101867E+10 0.169678E+09
     5236.00  0.581513E+09 0.125653E+11 0.133923E+10 0.204779E+09
     5261.00  0.336305E+09 0.125745E+11 0.170673E+10 0.231868E+09
     5286.00  0.157678E+09 0.125076E+11 0.211998E+10 0.248924E+09
     5311.00  0.460937E+08 0.123658E+11 0.257690E+10 0.254794E+09
     5336.00  0.111212E+07 0.121510E+11 0.307451E+10 0.249192E+09
     5361.00  0.214212E+08 0.118663E+11 0.360904E+10 0.232672E+09
     5386.00  0.104882E+09 0.115157E+11 0.417593E+10 0.206582E+09
     5411.00  0.248584E+09 0.111039E+11 0.476993E+10 0.172999E+09
     5436.00  0.448905E+09 0.106362E+11 0.538520E+10 0.134656E+09
     5461.00  0.701582E+09 0.101189E+11 0.601535E+10 0.948439E+08
     5511.00  0.134423E+10 0.896225E+10 0.729295E+10 0.261504E+08
     5561.00  0.213268E+10 0.769167E+10 0.854573E+10 0.358496E+06
     5611.00  0.301817E+10 0.636857E+10 0.971566E+10 0.526754E+08
     5661.00  0.394986E+10 0.505452E+10 0.107474E+11 0.216339E+09
     5711.00  0.487756E+10 0.380795E+10 0.115917E+11 0.519179E+09
     5761.00  0.575422E+10 0.268124E+10 0.122083E+11 0.980744E+09
     5811.00  0.653807E+10 0.171829E+10 0.125682E+11 0.161018E+10
     5861.00  0.719439E+10 0.952658E+09 0.126552E+11 0.240502E+10
     5911.00  0.769668E+10 0.406454E+09 0.124667E+11 0.335086E+10
     5961.00  0.802738E+10 0.898142E+08 0.120132E+11 0.442201E+10
     6011.00  0.817812E+10 0.110782E+07 0.113178E+11 0.558290E+10
     6061.00  0.814939E+10 0.127720E+09 0.104146E+11 0.679022E+10
     6111.00  0.794988E+10 0.447360E+09 0.934612E+10 0.799557E+10
     6161.00  0.759540E+10 0.929779E+09 0.816138E+10 0.914833E+10
     6211.00  0.710760E+10 0.153877E+10 0.691280E+10 0.101987E+11
     6261.00  0.651242E+10 0.223436E+10 0.565356E+10 0.111006E+11
     6311.00  0.583854E+10 0.297498E+10 0.443488E+10 0.118143E+11
     6361.00  0.511578E+10 0.371962E+10 0.330362E+10 0.123086E+11
     6411.00  0.437353E+10 0.442977E+10 0.230017E+10 0.125622E+11
     6461.00  0.363946E+10 0.507109E+10 0.145686E+10 0.125652E+11
     6511.00  0.293828E+10 0.561479E+10 0.796836E+09 0.123189E+11
     6561.00  0.229085E+10 0.603856E+10 0.333482E+09 0.118356E+11
     6611.00  0.171350E+10 0.632717E+10 0.703566E+08 0.111380E+11
     6661.00  0.121765E+10 0.647270E+10 0.163378E+07 0.102574E+11
     6711.00  0.809723E+09 0.647432E+10 0.112972E+09 0.923208E+10
     6761.00  0.491269E+09 0.633783E+10 0.382745E+09 0.810526E+10
     6811.00  0.259377E+09 0.607483E+10 0.783541E+09 0.692266E+10
     6861.00  0.107237E+09 0.570177E+10 0.128384E+10 0.573035E+10
     6911.00  0.248795E+08 0.523879E+10 0.184978E+10 0.457261E+10
     6961.00  0.462815E+04 0.470845E+10 0.244688E+10 0.348990E+10
     7011.00  0.188831E+08 0.413451E+10 0.304173E+10 0.251723E+10
     7061.00  0.672603E+08 0.354074E+10 0.360343E+10 0.168282E+10
     7111.00  0.131231E+09 0.294975E+10 0.410486E+10 0.100727E+10
     7161.00  0.198043E+09 0.238205E+10 0.452366E+10 0.502993E+09
     7211.00  0.256794E+09 0.185527E+10 0.484289E+10 0.174207E+09
     7261.00  0.299005E+09 0.138356E+10 0.505144E+10 0.172516E+08
     7311.00  0.319034E+09 0.977201E+09 0.514407E+10 0.212665E+08
     7361.00  0.314340E+09 0.642458E+09 0.512122E+10 0.169165E+09
     7411.00  0.285581E+09 0.381623E+09 0.498856E+10 0.438829E+09
     7511.00  0.173972E+09 0.725333E+08 0.443841E+10 0.123798E+10
     7611.00  0.475322E+08 0.154382E+07 0.361455E+10 0.219364E+10
     7711.00  0.299883E+07 0.860100E+08 0.266677E+10 0.308815E+10
     7811.00  0.152614E+09 0.231290E+09 0.174311E+10 0.374749E+10
     7911.00  0.603955E+09 0.352717E+09 0.964105E+09 0.406470E+10
     8011.00  0.144077E+10 0.393514E+09 0.405593E+09 0.400838E+10
     8111.00  0.270761E+10 0.336016E+09 0.920500E+08 0.361690E+10
     8211.00  0.440025E+10 0.204983E+09 0.315557E+04 0.298137E+10
     8311.00  0.646286E+10 0.631402E+08 0.696906E+08 0.222213E+10
     8411.00  0.879194E+10 0.303758E+06 0.221914E+09 0.146345E+10
     8511.00  0.112462E+11 0.118247E+09 0.376614E+09 0.811298E+09
     8611.00  0.136606E+11 0.513874E+09 0.469852E+09 0.337341E+09
     8711.00  0.158632E+11 0.126325E+10 0.466553E+09 0.711280E+08
     8811.00  0.176920E+11 0.240871E+10 0.367331E+09 0.677291E+06
     8911.00  0.190106E+11 0.395058E+10 0.208810E+09 0.803212E+08
     9011.00  0.197204E+11 0.584437E+10 0.578947E+08 0.243626E+09
     9111.00  0.197694E+11 0.800357E+10 0.128340E+07 0.418697E+09
     9211.00  0.191555E+11 0.103073E+11 0.132062E+09 0.543122E+09
     9311.00  0.179259E+11 0.126116E+11 0.535456E+09 0.576191E+09
     9411.00  0.161712E+11 0.147634E+11 0.127574E+10 0.506700E+09
     9511.00  0.140174E+11 0.166145E+11 0.238599E+10 0.355497E+09
     9611.00  0.116143E+11 0.180357E+11 0.386178E+10 0.172771E+09
     9711.00  0.912359E+10 0.189274E+11 0.565949E+10 0.308237E+08
     9811.00  0.670596E+10 0.192280E+11 0.769915E+10 0.136318E+08
     9911.00  0.450994E+10 0.189188E+11 0.987126E+10 0.204812E+09
    10011.00  0.266204E+10 0.180236E+11 0.120466E+11 0.675673E+09
    10111.00  0.125947E+10 0.166066E+11 0.140881E+11 0.147488E+10
    10211.00  0.365491E+09 0.147656E+11 0.158626E+11 0.262096E+10
    10311.00  0.757550E+07 0.126235E+11 0.172530E+11 0.409830E+10
    10411.00  0.178221E+09 0.103187E+11 0.181674E+11 0.585717E+10
    10511.00  0.838069E+09 0.799418E+10 0.185467E+11 0.781725E+10
    10611.00  0.192088E+10 0.578779E+10 0.183681E+11 0.987442E+10
    10711.00  0.333980E+10 0.382302E+10 0.176466E+11 0.119097E+11
    10811.00  0.499434E+10 0.220175E+10 0.164323E+11 0.137996E+11
    10911.00  0.677760E+10 0.999095E+09 0.148061E+11 0.154264E+11
    11011.00  0.858306E+10 0.260409E+09 0.128721E+11 0.166879E+11
    11111.00  0.103107E+11 0.561340E+06 0.107501E+11 0.175052E+11
    11211.00  0.118723E+11 0.205307E+09 0.856639E+10 0.178288E+11
    11311.00  0.131949E+11 0.834401E+09 0.644501E+10 0.176412E+11
    11411.00  0.142236E+11 0.182608E+10 0.450013E+10 0.169577E+11
    11511.00  0.149228E+11 0.310248E+10 0.282922E+10 0.158244E+11
    11611.00  0.152761E+11 0.457547E+10 0.150807E+10 0.143136E+11
    11711.00  0.152852E+11 0.615264E+10 0.587669E+09 0.125181E+11
    11811.00  0.149680E+11 0.774277E+10 0.928506E+08 0.105440E+11
    11911.00  0.143559E+11 0.926086E+10 0.227826E+08 0.850347E+10
    12011.00  0.134910E+11 0.106321E+11 0.352989E+09 0.650706E+10
    12111.00  0.124227E+11 0.117951E+11 0.103865E+10 0.465702E+10
    12211.00  0.112044E+11 0.127035E+11 0.201881E+10 0.304165E+10
    12311.00  0.989079E+10 0.133271E+11 0.322116E+10 0.173085E+10
    12411.00  0.853493E+10 0.136520E+11 0.456700E+10 0.773275E+09
    12511.00  0.718605E+10 0.136793E+11 0.597609E+10 0.195085E+09
    12611.00  0.588772E+10 0.134236E+11 0.737109E+10 0.759222E+05
    12711.00  0.467661E+10 0.129110E+11 0.868138E+10 0.171231E+09
    12811.00  0.358166E+10 0.121765E+11 0.984610E+10 0.673323E+09
    12911.00  0.262380E+10 0.112615E+11 0.108163E+11 0.145635E+10
    13011.00  0.181603E+10 0.102109E+11 0.115564E+11 0.245948E+10
    13111.00  0.116390E+10 0.907090E+10 0.120445E+11 0.361525E+10
    13211.00  0.666207E+09 0.788669E+10 0.122720E+11 0.485367E+10
    13311.00  0.316000E+09 0.670048E+10 0.122429E+11 0.610613E+10
    13411.00  0.101592E+09 0.555006E+10 0.119722E+11 0.730873E+10
    13511.00  0.771591E+07 0.446760E+10 0.114840E+11 0.840510E+10
    13611.00  0.166407E+08 0.347903E+10 0.108093E+11 0.934849E+10
    13711.00  0.109243E+09 0.260364E+10 0.998412E+10 0.101031E+11
    13811.00  0.265983E+09 0.185412E+10 0.904713E+10 0.106448E+11
    13911.00  0.467751E+09 0.123689E+10 0.803763E+10 0.109609E+11
    14011.00  0.696576E+09 0.752597E+09 0.699381E+10 0.110500E+11
    14111.00  0.936176E+09 0.396888E+09 0.595126E+10 0.109206E+11
    14211.00  0.117236E+10 0.161228E+09 0.494166E+10 0.105894E+11
    14311.00  0.139326E+10 0.338072E+08 0.399197E+10 0.100805E+11
    14411.00  0.158949E+10 0.463770E+06 0.312389E+10 0.942267E+10
    14511.00  0.175410E+10 0.455654E+08 0.235356E+10 0.864802E+10
    14611.00  0.188248E+10 0.152832E+09 0.169162E+10 0.779016E+10
    14711.00  0.197222E+10 0.306064E+09 0.114349E+10 0.688259E+10
    14811.00  0.202282E+10 0.489763E+09 0.709803E+09 0.595725E+10
    14911.00  0.203542E+10 0.689625E+09 0.386990E+09 0.504343E+10
    15011.00  0.201254E+10 0.892925E+09 0.168002E+09 0.416684E+10
    15111.00  0.195772E+10 0.108877E+10 0.430287E+08 0.334897E+10
    15211.00  0.187525E+10 0.126824E+10 0.258301E+06 0.260676E+10
    15311.00  0.176990E+10 0.142444E+10 0.266020E+08 0.195250E+10
    15411.00  0.164663E+10 0.155244E+10 0.108371E+09 0.139389E+10
    15511.00  0.151042E+10 0.164919E+10 0.231881E+09 0.934315E+09
    15611.00  0.136603E+10 0.171332E+10 0.383963E+09 0.573298E+09
    15711.00  0.121791E+10 0.174496E+10 0.552392E+09 0.306992E+09
    15811.00  0.107004E+10 0.174548E+10 0.726197E+09 0.128779E+09
    15911.00  0.925885E+09 0.171727E+10 0.895897E+09 0.298876E+08
    16011.00  0.788336E+09 0.166348E+10 0.105363E+10 0.739243E+04
    16111.00  0.659703E+09 0.158777E+10 0.119319E+10 0.278855E+08
    16211.00  0.541719E+09 0.149414E+10 0.131003E+10 0.101871E+09
    16311.00  0.435567E+09 0.138669E+10 0.140117E+10 0.210400E+09
    16411.00  0.341924E+09 0.126947E+10 0.146506E+10 0.342404E+09
    16511.00  0.261019E+09 0.114635E+10 0.150144E+10 0.487644E+09
    16611.00  0.192687E+09 0.102089E+10 0.151112E+10 0.636962E+09
    16711.00  0.136441E+09 0.896267E+09 0.149583E+10 0.782454E+09
    16811.00  0.915314E+08 0.775235E+09 0.145797E+10 0.917574E+09
    16911.00  0.570155E+08 0.660076E+09 0.140047E+10 0.103717E+10
    17011.00  0.318135E+08 0.552596E+09 0.132654E+10 0.113744E+10
    17111.00  0.147649E+08 0.454144E+09 0.123958E+10 0.121591E+10
    17211.00  0.467686E+07 0.365628E+09 0.114297E+10 0.127128E+10
    17311.00  0.365189E+06 0.287551E+09 0.104000E+10 0.130332E+10
    17411.00  0.689046E+06 0.220062E+09 0.933744E+09 0.131269E+10
    17511.00  0.457792E+07 0.162999E+09 0.826987E+09 0.130081E+10
    17611.00  0.110520E+08 0.115941E+09 0.722176E+09 0.126967E+10
    17711.00  0.192363E+08 0.782652E+08 0.621390E+09 0.122169E+10
    17811.00  0.283688E+08 0.491915E+08 0.526321E+09 0.115957E+10
    17911.00  0.378037E+08 0.278345E+08 0.438276E+09 0.108612E+10
    18011.00  0.470106E+08 0.132444E+08 0.358194E+09 0.100419E+10
    18111.00  0.555705E+08 0.444612E+07 0.286669E+09 0.916535E+09
    18211.00  0.631678E+08 0.471954E+06 0.223981E+09 0.825758E+09
    18311.00  0.695820E+08 0.388724E+06 0.170136E+09 0.734216E+09
    18411.00  0.746770E+08 0.331945E+07 0.124908E+09 0.644002E+09
    18511.00  0.783899E+08 0.845962E+07 0.878748E+08 0.556903E+09
    18611.00  0.807193E+08 0.150885E+08 0.584682E+08 0.474386E+09
    18711.00  0.817145E+08 0.225758E+08 0.360075E+08 0.397603E+09
    18811.00  0.814641E+08 0.303850E+08 0.197390E+08 0.327399E+09
    18911.00  0.800859E+08 0.380723E+08 0.886866E+07 0.264328E+09
    19011.00  0.777182E+08 0.452836E+08 0.259138E+07 0.208681E+09
    19111.00  0.745111E+08 0.517494E+08 0.116023E+06 0.160517E+09
    19311.00  0.661983E+08 0.617442E+08 0.359304E+07 0.858969E+08
    19511.00  0.563496E+08 0.672951E+08 0.139121E+08 0.375293E+08
    19711.00  0.460227E+08 0.684614E+08 0.267773E+08 0.108613E+08
    19911.00  0.360555E+08 0.658443E+08 0.390895E+08 0.656274E+06
    20111.00  0.270393E+08 0.603382E+08 0.488899E+08 0.172537E+07
    20311.00  0.193288E+08 0.529333E+08 0.551980E+08 0.943953E+07
    20511.00  0.130748E+08 0.445706E+08 0.577969E+08 0.200280E+08
    20711.00  0.826791E+07 0.360516E+08 0.570046E+08 0.306960E+08
    20911.00  0.478656E+07 0.279919E+08 0.534631E+08 0.396033E+08
    21111.00  0.244052E+07 0.208106E+08 0.479598E+08 0.457488E+08
    21311.00  0.100855E+07 0.147443E+08 0.412932E+08 0.488040E+08
    21511.00  0.266997E+06 0.987614E+07 0.341799E+08 0.489271E+08
    21711.00  0.997791E+04 0.617212E+07 0.272014E+08 0.465868E+08
    21911.00  0.614544E+05 0.351765E+07 0.207827E+08 0.424090E+08
    22111.00  0.280794E+06 0.175129E+07 0.151938E+08 0.370572E+08
    22311.00  0.563313E+06 0.692635E+06 0.105678E+08 0.311484E+08
    22511.00  0.837391E+06 0.163323E+06 0.692685E+07 0.252001E+08
    22711.00  0.105955E+07 0.151485E+04 0.421165E+07 0.196062E+08
    22911.00  0.120860E+07 0.703026E+05 0.231008E+07 0.146326E+08
    23111.00  0.127977E+07 0.261257E+06 0.108211E+07 0.104280E+08
    23311.00  0.127927E+07 0.494315E+06 0.379802E+06 0.704293E+07
    23511.00  0.121978E+07 0.715195E+06 0.619911E+05 0.445255E+07
    23711.00  0.111681E+07 0.891380E+06 0.388606E+04 0.258016E+07
    23911.00  0.986108E+06 0.100749E+07 0.102206E+06 0.131831E+07
    24111.00  0.841950E+06 0.106070E+07 0.276840E+06 0.546652E+06
    24311.00  0.696136E+06 0.105653E+07 0.469949E+06 0.145530E+06
    24511.00  0.557606E+06 0.100538E+07 0.643440E+06 0.556304E+04
    24711.00  0.432439E+06 0.919720E+06 0.775530E+06 0.333566E+05
    24911.00  0.324161E+06 0.812155E+06 0.857057E+06 0.154092E+06
    25111.00  0.234163E+06 0.694040E+06 0.887882E+06 0.311686E+06
    25311.00  0.162221E+06 0.574774E+06 0.873753E+06 0.467274E+06
    25511.00  0.106968E+06 0.461470E+06 0.823662E+06 0.596682E+06
    25711.00  0.663391E+05 0.358989E+06 0.747850E+06 0.687477E+06
    25911.00  0.379345E+05 0.270153E+06 0.656340E+06 0.735967E+06
    26111.00  0.192949E+05 0.196104E+06 0.558022E+06 0.744481E+06
    26311.00  0.810055E+04 0.136685E+06 0.460125E+06 0.719037E+06
    26511.00  0.229541E+04 0.908291E+05 0.368041E+06 0.667504E+06
    26711.00  0.152381E+03 0.569032E+05 0.285370E+06 0.598215E+06
    26911.00  0.291819E+03 0.329956E+05 0.214125E+06 0.519009E+06
         IE==>     24           25           26           27
        1.00  0.335083E+11 0.289881E+11 0.502468E+11 0.499473E+11
        2.00  0.752921E+11 0.643619E+11 0.111425E+12 0.109210E+12
        3.00  0.108562E+12 0.916723E+11 0.158520E+12 0.153125E+12
        4.00  0.132478E+12 0.110471E+12 0.190820E+12 0.181576E+12
        5.00  0.149008E+12 0.122664E+12 0.211669E+12 0.198312E+12
        6.00  0.160158E+12 0.130110E+12 0.224311E+12 0.206809E+12
        7.00  0.167470E+12 0.134213E+12 0.231194E+12 0.209641E+12
        8.00  0.172031E+12 0.135957E+12 0.234027E+12 0.208587E+12
        9.00  0.174587E+12 0.136011E+12 0.233972E+12 0.204849E+12
       10.00  0.175650E+12 0.134834E+12 0.231826E+12 0.199244E+12
       11.00  0.175576E+12 0.132746E+12 0.228143E+12 0.192340E+12
       12.00  0.174624E+12 0.129978E+12 0.223321E+12 0.184544E+12
       13.00  0.172985E+12 0.126702E+12 0.217657E+12 0.176155E+12
       14.00  0.170807E+12 0.123047E+12 0.211374E+12 0.167396E+12
       15.00  0.168205E+12 0.119116E+12 0.204647E+12 0.158438E+12
       16.00  0.165267E+12 0.114987E+12 0.197608E+12 0.149411E+12
       17.00  0.162065E+12 0.110722E+12 0.190363E+12 0.140413E+12
       18.00  0.158653E+12 0.106368E+12 0.182991E+12 0.131522E+12
       19.00  0.155076E+12 0.101965E+12 0.175559E+12 0.122794E+12
       20.00  0.151371E+12 0.975430E+11 0.168116E+12 0.114276E+12
       21.00  0.147565E+12 0.931272E+11 0.160704E+12 0.106003E+12
       22.00  0.143683E+12 0.887383E+11 0.153355E+12 0.980002E+11
       23.00  0.139746E+12 0.843936E+11 0.146098E+12 0.902902E+11
       24.00  0.135772E+12 0.801079E+11 0.138956E+12 0.828889E+11
       25.00  0.131776E+12 0.758935E+11 0.131947E+12 0.758084E+11
       26.00  0.127772E+12 0.717612E+11 0.125088E+12 0.690574E+11
       27.00  0.123772E+12 0.677199E+11 0.118392E+12 0.626420E+11
       28.00  0.119786E+12 0.637772E+11 0.111870E+12 0.565656E+11
       29.00  0.115824E+12 0.599395E+11 0.105531E+12 0.508296E+11
       30.00  0.111893E+12 0.562120E+11 0.993812E+11 0.454334E+11
       31.00  0.108000E+12 0.525990E+11 0.934267E+11 0.403751E+11
       32.00  0.104151E+12 0.491040E+11 0.876711E+11 0.356514E+11
       33.00  0.100352E+12 0.457296E+11 0.821173E+11 0.312578E+11
       34.00  0.966056E+11 0.424780E+11 0.767669E+11 0.271891E+11
       35.00  0.929171E+11 0.393507E+11 0.716209E+11 0.234393E+11
       36.00  0.892896E+11 0.363490E+11 0.666795E+11 0.200017E+11
       37.00  0.857260E+11 0.334737E+11 0.619424E+11 0.168691E+11
       38.00  0.822290E+11 0.307250E+11 0.574086E+11 0.140339E+11
       39.00  0.788009E+11 0.281032E+11 0.530768E+11 0.114880E+11
       40.00  0.754438E+11 0.256081E+11 0.489451E+11 0.922319E+10
       42.00  0.689500E+11 0.209959E+11 0.412732E+11 0.550178E+10
       44.00  0.627595E+11 0.168823E+11 0.343716E+11 0.279822E+10
       46.00  0.568807E+11 0.132579E+11 0.282147E+11 0.103876E+10
       48.00  0.513189E+11 0.101103E+11 0.227730E+11 0.148463E+09
       50.00  0.460767E+11 0.742513E+10 0.180144E+11 0.521987E+08
       52.00  0.411543E+11 0.518604E+10 0.139045E+11 0.675399E+09
       54.00  0.365500E+11 0.337529E+10 0.104080E+11 0.194466E+10
       56.00  0.322605E+11 0.197397E+10 0.748806E+10 0.378821E+10
       58.00  0.282814E+11 0.962279E+09 0.510787E+10 0.613628E+10
       60.00  0.246071E+11 0.319694E+09 0.323017E+10 0.892148E+10
       62.00  0.212309E+11 0.251567E+08 0.181783E+10 0.120790E+11
       64.00  0.181454E+11 0.572310E+08 0.834006E+09 0.155470E+11
       66.00  0.153423E+11 0.394256E+09 0.242381E+09 0.192667E+11
       68.00  0.128127E+11 0.101449E+10 0.733184E+07 0.231823E+11
       70.00  0.105470E+11 0.189622E+10 0.941072E+08 0.272417E+11
       72.00  0.853524E+10 0.301788E+10 0.468965E+09 0.313956E+11
       74.00  0.676702E+10 0.435817E+10 0.109929E+10 0.355983E+11
       76.00  0.523164E+10 0.589606E+10 0.195366E+10 0.398075E+11
       78.00  0.391817E+10 0.761093E+10 0.300197E+10 0.439840E+11
       80.00  0.281554E+10 0.948261E+10 0.421543E+10 0.480919E+11
       82.00  0.191257E+10 0.114914E+11 0.556668E+10 0.520986E+11
       84.00  0.119803E+10 0.136183E+11 0.702975E+10 0.559748E+11
       86.00  0.660677E+09 0.158447E+11 0.858019E+10 0.596943E+11
       88.00  0.289303E+09 0.181528E+11 0.101950E+11 0.632337E+11
       90.00  0.727746E+08 0.205257E+11 0.118527E+11 0.665731E+11
       92.00  0.736711E+05 0.229468E+11 0.135333E+11 0.696948E+11
       94.00  0.603328E+08 0.254005E+11 0.152183E+11 0.725844E+11
       96.00  0.242867E+09 0.278719E+11 0.168906E+11 0.752295E+11
       98.00  0.537203E+09 0.303470E+11 0.185347E+11 0.776206E+11
      100.00  0.933103E+09 0.328123E+11 0.201364E+11 0.797501E+11
      102.00  0.142059E+10 0.352553E+11 0.216827E+11 0.816127E+11
      104.00  0.198994E+10 0.376641E+11 0.231623E+11 0.832053E+11
      106.00  0.263177E+10 0.400276E+11 0.245650E+11 0.845266E+11
      108.00  0.333695E+10 0.423357E+11 0.258818E+11 0.855771E+11
      110.00  0.409671E+10 0.445789E+11 0.271052E+11 0.863590E+11
      112.00  0.490261E+10 0.467484E+11 0.282285E+11 0.868761E+11
      114.00  0.574653E+10 0.488363E+11 0.292465E+11 0.871336E+11
      116.00  0.662075E+10 0.508355E+11 0.301548E+11 0.871381E+11
      118.00  0.751785E+10 0.527396E+11 0.309502E+11 0.868972E+11
      122.00  0.935304E+10 0.562399E+11 0.321941E+11 0.857152E+11
      126.00  0.112003E+11 0.592997E+11 0.329706E+11 0.836678E+11
      130.00  0.130138E+11 0.618916E+11 0.332847E+11 0.808459E+11
      134.00  0.147533E+11 0.639976E+11 0.331525E+11 0.773486E+11
      138.00  0.163843E+11 0.656087E+11 0.325997E+11 0.732795E+11
      142.00  0.178781E+11 0.667242E+11 0.316598E+11 0.687451E+11
      146.00  0.192110E+11 0.673506E+11 0.303727E+11 0.638516E+11
      150.00  0.203648E+11 0.675014E+11 0.287830E+11 0.587035E+11
      154.00  0.213260E+11 0.671958E+11 0.269389E+11 0.534012E+11
      158.00  0.220854E+11 0.664577E+11 0.248907E+11 0.480395E+11
      162.00  0.226382E+11 0.653151E+11 0.226896E+11 0.427063E+11
      166.00  0.229835E+11 0.637994E+11 0.203868E+11 0.374822E+11
      170.00  0.231236E+11 0.619446E+11 0.180324E+11 0.324390E+11
      174.00  0.230640E+11 0.597867E+11 0.156748E+11 0.276398E+11
      178.00  0.228131E+11 0.573633E+11 0.133600E+11 0.231389E+11
      182.00  0.223819E+11 0.547127E+11 0.111308E+11 0.189811E+11
      186.00  0.217832E+11 0.518737E+11 0.902659E+10 0.152018E+11
      190.00  0.210318E+11 0.488847E+11 0.708265E+10 0.118280E+11
      194.00  0.201437E+11 0.457832E+11 0.533008E+10 0.887732E+10
      198.00  0.191362E+11 0.426058E+11 0.379553E+10 0.635969E+10
      202.00  0.180272E+11 0.393875E+11 0.250108E+10 0.427714E+10
      206.00  0.168352E+11 0.361616E+11 0.146425E+10 0.262467E+10
      210.00  0.155790E+11 0.329592E+11 0.697976E+09 0.139092E+10
      214.00  0.142774E+11 0.298094E+11 0.210761E+09 0.558813E+09
      218.00  0.129490E+11 0.267389E+11 0.678246E+07 0.106284E+09
      222.00  0.116121E+11 0.237718E+11 0.860987E+08 0.703484E+07
      226.00  0.102843E+11 0.209295E+11 0.444889E+09 0.231259E+09
      230.00  0.898235E+10 0.182310E+11 0.107573E+10 0.746371E+09
      234.00  0.772231E+10 0.156922E+11 0.196789E+10 0.151771E+10
      238.00  0.651906E+10 0.133266E+11 0.310765E+10 0.250923E+10
      242.00  0.538637E+10 0.111450E+11 0.447866E+10 0.368411E+10
      246.00  0.433681E+10 0.915540E+10 0.606223E+10 0.500539E+10
      250.00  0.338167E+10 0.736359E+10 0.783775E+10 0.643647E+10
      254.00  0.253091E+10 0.577285E+10 0.978298E+10 0.794166E+10
      258.00  0.179311E+10 0.438420E+10 0.118744E+11 0.948662E+10
      262.00  0.117548E+10 0.319657E+10 0.140877E+11 0.110388E+11
      266.00  0.683825E+09 0.220688E+10 0.163977E+11 0.125676E+11
      270.00  0.322579E+09 0.141025E+10 0.187793E+11 0.140450E+11
      274.00  0.948063E+08 0.800160E+09 0.212072E+11 0.154454E+11
      282.00  0.453545E+08 0.106235E+09 0.261026E+11 0.179275E+11
      290.00  0.534289E+09 0.464649E+08 0.308922E+11 0.198678E+11
      298.00  0.154169E+10 0.526950E+09 0.354000E+11 0.211686E+11
      306.00  0.303110E+10 0.144393E+10 0.394712E+11 0.217804E+11
      314.00  0.495199E+10 0.268885E+10 0.429773E+11 0.216987E+11
      322.00  0.724253E+10 0.415305E+10 0.458178E+11 0.209596E+11
      330.00  0.983230E+10 0.573178E+10 0.479221E+11 0.196334E+11
      338.00  0.126451E+11 0.732766E+10 0.492491E+11 0.178182E+11
      346.00  0.156015E+11 0.885345E+10 0.497864E+11 0.156320E+11
      354.00  0.186216E+11 0.102342E+11 0.495484E+11 0.132058E+11
      362.00  0.216271E+11 0.114088E+11 0.485737E+11 0.106764E+11
      370.00  0.245438E+11 0.123306E+11 0.469215E+11 0.817907E+10
      378.00  0.273027E+11 0.129680E+11 0.446683E+11 0.584241E+10
      386.00  0.298421E+11 0.133037E+11 0.419032E+11 0.378269E+10
      394.00  0.321082E+11 0.133347E+11 0.387248E+11 0.210001E+10
      402.00  0.340565E+11 0.130702E+11 0.352367E+11 0.875189E+09
      410.00  0.356517E+11 0.125314E+11 0.315443E+11 0.167810E+09
      418.00  0.368688E+11 0.117489E+11 0.277513E+11 0.151385E+08
      426.00  0.376923E+11 0.107615E+11 0.239563E+11 0.432077E+09
      434.00  0.381163E+11 0.961379E+10 0.202506E+11 0.141194E+10
      442.00  0.381438E+11 0.835486E+10 0.167159E+11 0.292794E+10
      450.00  0.377864E+11 0.703604E+10 0.134225E+11 0.493528E+10
      458.00  0.370631E+11 0.570925E+10 0.104289E+11 0.737372E+10
      466.00  0.359996E+11 0.442535E+10 0.778013E+10 0.101705E+11
      474.00  0.346275E+11 0.323269E+10 0.550825E+10 0.132432E+11
      482.00  0.329828E+11 0.217572E+10 0.363219E+10 0.165036E+11
      490.00  0.311053E+11 0.129397E+10 0.215837E+10 0.198599E+11
      498.00  0.290370E+11 0.621131E+09 0.108155E+10 0.232203E+11
      506.00  0.268213E+11 0.184416E+09 0.385941E+09 0.264958E+11
      514.00  0.245024E+11 0.410424E+07 0.464976E+08 0.296025E+11
      522.00  0.221236E+11 0.933150E+08 0.303975E+08 0.324639E+11
      530.00  0.197271E+11 0.457968E+09 0.298572E+09 0.350126E+11
      538.00  0.173530E+11 0.109694E+10 0.807304E+09 0.371922E+11
      546.00  0.150384E+11 0.200237E+10 0.150982E+10 0.389576E+11
      554.00  0.128171E+11 0.316014E+10 0.235784E+10 0.402760E+11
      562.00  0.107193E+11 0.455046E+10 0.330301E+10 0.411270E+11
      570.00  0.877070E+10 0.614851E+10 0.429828E+10 0.415026E+11
      578.00  0.699284E+10 0.792526E+10 0.529910E+10 0.414066E+11
      586.00  0.540263E+10 0.984825E+10 0.626446E+10 0.408540E+11
      596.00  0.369720E+10 0.124041E+11 0.736607E+10 0.395600E+11
      606.00  0.231826E+10 0.150617E+11 0.829548E+10 0.376604E+11
      616.00  0.126950E+10 0.177476E+11 0.900658E+10 0.352407E+11
      626.00  0.544823E+09 0.203889E+11 0.946804E+10 0.323994E+11
      636.00  0.129235E+09 0.229161E+11 0.966338E+10 0.292434E+11
      646.00  0.439757E+05 0.252647E+11 0.959060E+10 0.258832E+11
      656.00  0.128105E+09 0.273771E+11 0.926119E+10 0.224288E+11
      666.00  0.479182E+09 0.292036E+11 0.869873E+10 0.189858E+11
      676.00  0.101534E+10 0.307042E+11 0.793711E+10 0.156514E+11
      686.00  0.169635E+10 0.318486E+11 0.701854E+10 0.125121E+11
      696.00  0.248098E+10 0.326167E+11 0.599138E+10 0.964098E+10
      706.00  0.332832E+10 0.329988E+11 0.490791E+10 0.709660E+10
      716.00  0.419889E+10 0.329953E+11 0.382213E+10 0.492173E+10
      726.00  0.505568E+10 0.326161E+11 0.278761E+10 0.314324E+10
      736.00  0.586507E+10 0.318798E+11 0.185556E+10 0.177239E+10
      746.00  0.659751E+10 0.308128E+11 0.107299E+10 0.805644E+09
      756.00  0.722809E+10 0.294483E+11 0.481297E+09 0.226001E+09
      766.00  0.773695E+10 0.278247E+11 0.114954E+09 0.465209E+07
      776.00  0.810946E+10 0.259848E+11 0.631495E+06 0.102921E+09
      786.00  0.833639E+10 0.239740E+11 0.156560E+09 0.474394E+09
      796.00  0.841376E+10 0.218394E+11 0.592214E+09 0.106715E+10
      806.00  0.834268E+10 0.196285E+11 0.130829E+10 0.182599E+10
      816.00  0.812901E+10 0.173877E+11 0.229695E+10 0.269465E+10
      826.00  0.778291E+10 0.151616E+11 0.354234E+10 0.361784E+10
      836.00  0.731839E+10 0.129915E+11 0.502129E+10 0.454310E+10
      846.00  0.675267E+10 0.109154E+11 0.670418E+10 0.542243E+10
      856.00  0.610559E+10 0.896636E+10 0.855601E+10 0.621370E+10
      866.00  0.539899E+10 0.717286E+10 0.105375E+11 0.688166E+10
      876.00  0.465599E+10 0.555782E+10 0.126064E+11 0.739877E+10
      886.00  0.390038E+10 0.413867E+10 0.147186E+11 0.774563E+10
      896.00  0.315595E+10 0.292719E+10 0.168292E+11 0.791116E+10
      906.00  0.244592E+10 0.192964E+10 0.188942E+11 0.789249E+10
      916.00  0.179234E+10 0.114693E+10 0.208709E+11 0.769456E+10
      926.00  0.121564E+10 0.574956E+09 0.227194E+11 0.732959E+10
      936.00  0.734165E+09 0.205049E+09 0.244036E+11 0.681620E+10
      946.00  0.363810E+09 0.244343E+08 0.258912E+11 0.617859E+10
      956.00  0.117731E+09 0.168215E+08 0.271552E+11 0.544537E+10
      966.00  0.612212E+07 0.163016E+09 0.281738E+11 0.464847E+10
      976.00  0.360726E+08 0.441562E+09 0.289310E+11 0.382199E+10
      986.00  0.211499E+09 0.829397E+09 0.294166E+11 0.300099E+10
      996.00  0.533145E+09 0.130251E+10 0.296260E+11 0.222033E+10
     1006.00  0.998654E+09 0.183656E+10 0.295606E+11 0.151366E+10
     1016.00  0.160270E+10 0.240749E+10 0.292270E+11 0.912367E+09
     1026.00  0.233717E+10 0.299210E+10 0.286371E+11 0.444726E+09
     1036.00  0.319141E+10 0.356851E+10 0.278072E+11 0.135144E+09
     1046.00  0.415249E+10 0.411666E+10 0.267577E+11 0.355556E+07
     1056.00  0.520556E+10 0.461864E+10 0.255126E+11 0.649637E+08
     1066.00  0.633410E+10 0.505903E+10 0.240986E+11 0.329142E+09
     1076.00  0.752039E+10 0.542511E+10 0.225443E+11 0.800486E+09
     1086.00  0.874576E+10 0.570703E+10 0.208799E+11 0.147801E+10
     1096.00  0.999106E+10 0.589789E+10 0.191364E+11 0.235549E+10
     1106.00  0.112370E+11 0.599379E+10 0.173445E+11 0.342172E+10
     1116.00  0.124643E+11 0.599372E+10 0.155347E+11 0.466094E+10
     1126.00  0.136546E+11 0.589949E+10 0.137361E+11 0.605326E+10
     1136.00  0.147900E+11 0.571554E+10 0.119762E+11 0.757527E+10
     1146.00  0.158539E+11 0.544875E+10 0.102801E+11 0.920065E+10
     1156.00  0.168311E+11 0.510813E+10 0.867049E+10 0.109009E+11
     1166.00  0.177080E+11 0.470458E+10 0.716724E+10 0.126459E+11
     1176.00  0.184727E+11 0.425053E+10 0.578691E+10 0.144047E+11
     1186.00  0.191153E+11 0.375963E+10 0.454285E+10 0.161464E+11
     1196.00  0.196280E+11 0.324637E+10 0.344498E+10 0.178405E+11
     1206.00  0.200049E+11 0.272578E+10 0.249982E+10 0.194578E+11
     1216.00  0.202425E+11 0.221302E+10 0.171057E+10 0.209709E+11
     1226.00  0.203394E+11 0.172311E+10 0.107718E+10 0.223545E+11
     1236.00  0.202961E+11 0.127053E+10 0.596564E+09 0.235863E+11
     1246.00  0.201152E+11 0.869023E+09 0.262844E+09 0.246471E+11
     1256.00  0.198014E+11 0.531243E+09 0.676097E+08 0.255209E+11
     1266.00  0.193608E+11 0.268563E+09 0.241453E+06 0.261958E+11
     1276.00  0.188016E+11 0.908545E+08 0.482539E+08 0.266632E+11
     1286.00  0.181330E+11 0.632785E+07 0.197656E+09 0.269185E+11
     1296.00  0.173657E+11 0.213976E+08 0.433324E+09 0.269610E+11
     1306.00  0.165116E+11 0.140593E+09 0.739377E+09 0.267935E+11
     1316.00  0.155831E+11 0.366505E+09 0.109955E+10 0.264222E+11
     1326.00  0.145935E+11 0.699773E+09 0.149754E+10 0.258569E+11
     1336.00  0.135565E+11 0.113910E+10 0.191738E+10 0.251100E+11
     1346.00  0.124860E+11 0.168132E+10 0.234372E+10 0.241967E+11
     1356.00  0.113957E+11 0.232146E+10 0.276212E+10 0.231342E+11
     1366.00  0.102993E+11 0.305289E+10 0.315933E+10 0.219419E+11
     1376.00  0.921014E+10 0.386743E+10 0.352348E+10 0.206402E+11
     1386.00  0.814087E+10 0.475554E+10 0.384428E+10 0.192508E+11
     1396.00  0.710348E+10 0.570649E+10 0.411317E+10 0.177958E+11
     1406.00  0.610908E+10 0.670855E+10 0.432339E+10 0.162975E+11
     1416.00  0.516777E+10 0.774923E+10 0.447006E+10 0.147779E+11
     1426.00  0.428857E+10 0.881542E+10 0.455020E+10 0.132582E+11
     1436.00  0.347932E+10 0.989371E+10 0.456272E+10 0.117589E+11
     1446.00  0.274657E+10 0.109705E+11 0.450834E+10 0.102991E+11
     1456.00  0.209564E+10 0.120323E+11 0.438954E+10 0.889605E+10
     1466.00  0.153047E+10 0.130659E+11 0.421041E+10 0.756555E+10
     1476.00  0.105373E+10 0.140585E+11 0.397655E+10 0.632118E+10
     1486.00  0.666754E+09 0.149980E+11 0.369486E+10 0.517443E+10
     1496.00  0.369619E+09 0.158731E+11 0.337339E+10 0.413453E+10
     1506.00  0.161172E+09 0.166735E+11 0.302113E+10 0.320844E+10
     1516.00  0.390986E+08 0.173899E+11 0.264780E+10 0.240077E+10
     1526.00  0.653615E+04 0.180143E+11 0.226365E+10 0.171390E+10
     1536.00  0.395094E+08 0.185399E+11 0.187923E+10 0.114801E+10
     1546.00  0.152329E+09 0.189613E+11 0.150518E+10 0.701162E+09
     1556.00  0.332402E+09 0.192745E+11 0.115203E+10 0.369520E+09
     1566.00  0.572996E+09 0.194769E+11 0.830000E+09 0.147455E+09
     1576.00  0.866826E+09 0.195673E+11 0.548804E+09 0.277637E+08
     1586.00  0.120618E+10 0.195460E+11 0.317485E+09 0.188088E+07
     1596.00  0.158303E+10 0.194144E+11 0.144259E+09 0.601040E+08
     1606.00  0.198917E+10 0.191755E+11 0.363768E+08 0.191830E+09
     1616.00  0.241633E+10 0.188334E+11 0.873279E+04 0.385799E+09
     1626.00  0.285628E+10 0.183934E+11 0.401519E+08 0.630332E+09
     1636.00  0.330096E+10 0.178618E+11 0.160556E+09 0.913571E+09
     1646.00  0.374257E+10 0.172457E+11 0.363677E+09 0.122371E+10
     1656.00  0.417366E+10 0.165534E+11 0.650645E+09 0.154921E+10
     1666.00  0.458723E+10 0.157934E+11 0.102126E+10 0.187900E+10
     1676.00  0.497681E+10 0.149752E+11 0.147403E+10 0.220268E+10
     1686.00  0.533654E+10 0.141085E+11 0.200616E+10 0.251065E+10
     1696.00  0.566117E+10 0.132031E+11 0.261365E+10 0.279430E+10
     1706.00  0.594620E+10 0.122694E+11 0.329137E+10 0.304610E+10
     1716.00  0.618782E+10 0.113175E+11 0.403312E+10 0.325968E+10
     1726.00  0.638302E+10 0.103575E+11 0.483176E+10 0.342996E+10
     1736.00  0.652953E+10 0.939921E+10 0.567929E+10 0.355314E+10
     1746.00  0.662588E+10 0.845212E+10 0.656703E+10 0.362673E+10
     1756.00  0.667138E+10 0.752527E+10 0.748571E+10 0.364959E+10
     1766.00  0.666608E+10 0.662717E+10 0.842560E+10 0.362183E+10
     1776.00  0.661077E+10 0.576568E+10 0.937670E+10 0.354484E+10
     1786.00  0.650693E+10 0.494794E+10 0.103288E+11 0.342116E+10
     1796.00  0.635672E+10 0.418032E+10 0.112718E+11 0.325445E+10
     1806.00  0.616288E+10 0.346839E+10 0.121955E+11 0.304935E+10
     1816.00  0.592874E+10 0.281682E+10 0.130901E+11 0.281137E+10
     1826.00  0.565809E+10 0.222942E+10 0.139462E+11 0.254679E+10
     1836.00  0.535518E+10 0.170909E+10 0.147548E+11 0.226250E+10
     1846.00  0.502462E+10 0.125779E+10 0.155075E+11 0.196586E+10
     1856.00  0.467130E+10 0.876637E+09 0.161967E+11 0.166460E+10
     1866.00  0.430035E+10 0.565828E+09 0.168155E+11 0.136661E+10
     1876.00  0.391706E+10 0.324727E+09 0.173579E+11 0.107985E+10
     1886.00  0.352679E+10 0.151890E+09 0.178186E+11 0.812172E+09
     1896.00  0.313494E+10 0.451079E+08 0.181936E+11 0.571220E+09
     1906.00  0.274683E+10 0.146866E+07 0.184796E+11 0.364277E+09
     1916.00  0.236767E+10 0.174160E+08 0.186746E+11 0.198158E+09
     1926.00  0.200250E+10 0.888181E+08 0.187772E+11 0.790985E+08
     1936.00  0.165613E+10 0.211040E+09 0.187875E+11 0.126592E+08
     1946.00  0.133305E+10 0.379019E+09 0.187062E+11 0.364371E+07
     1956.00  0.103745E+10 0.587344E+09 0.185352E+11 0.560274E+08
     1966.00  0.773114E+09 0.830334E+09 0.182771E+11 0.172903E+09
     1976.00  0.543418E+09 0.110212E+10 0.179354E+11 0.356437E+09
     1986.00  0.351287E+09 0.139672E+10 0.175147E+11 0.607849E+09
     1996.00  0.199176E+09 0.170812E+10 0.170199E+11 0.927392E+09
     2006.00  0.890408E+08 0.203035E+10 0.164569E+11 0.131436E+10
     2016.00  0.223359E+08 0.235756E+10 0.158318E+11 0.176711E+10
     2026.00  0.120932E+02 0.268409E+10 0.151517E+11 0.228307E+10
     2036.00  0.224579E+08 0.300450E+10 0.144235E+11 0.285880E+10
     2046.00  0.896246E+08 0.331368E+10 0.136549E+11 0.349005E+10
     2056.00  0.200916E+09 0.360688E+10 0.128536E+11 0.417181E+10
     2066.00  0.355262E+09 0.387974E+10 0.120273E+11 0.489837E+10
     2076.00  0.551132E+09 0.412836E+10 0.111840E+11 0.566343E+10
     2086.00  0.786555E+09 0.434932E+10 0.103314E+11 0.646017E+10
     2096.00  0.105915E+10 0.453968E+10 0.947719E+10 0.728134E+10
     2106.00  0.136616E+10 0.469705E+10 0.862881E+10 0.811936E+10
     2116.00  0.170448E+10 0.481959E+10 0.779337E+10 0.896642E+10
     2126.00  0.207071E+10 0.490596E+10 0.697764E+10 0.981455E+10
     2136.00  0.246119E+10 0.495541E+10 0.618793E+10 0.106558E+11
     2146.00  0.287204E+10 0.496769E+10 0.543007E+10 0.114822E+11
     2156.00  0.329919E+10 0.494311E+10 0.470938E+10 0.122860E+11
     2166.00  0.373847E+10 0.488246E+10 0.403057E+10 0.130596E+11
     2176.00  0.418560E+10 0.478702E+10 0.339775E+10 0.137960E+11
     2186.00  0.463626E+10 0.465852E+10 0.281440E+10 0.144882E+11
     2196.00  0.508615E+10 0.449911E+10 0.228334E+10 0.151299E+11
     2206.00  0.553100E+10 0.431133E+10 0.180674E+10 0.157155E+11
     2216.00  0.596664E+10 0.409805E+10 0.138611E+10 0.162396E+11
     2226.00  0.638903E+10 0.386244E+10 0.102230E+10 0.166979E+11
     2236.00  0.679427E+10 0.360795E+10 0.715512E+09 0.170865E+11
     2246.00  0.717871E+10 0.333820E+10 0.465342E+09 0.174022E+11
     2256.00  0.753888E+10 0.305700E+10 0.270785E+09 0.176427E+11
     2266.00  0.787162E+10 0.276825E+10 0.130278E+09 0.178064E+11
     2276.00  0.817402E+10 0.247593E+10 0.417330E+08 0.178925E+11
     2286.00  0.844351E+10 0.218402E+10 0.258176E+07 0.179009E+11
     2296.00  0.867784E+10 0.189649E+10 0.982064E+07 0.178321E+11
     2306.00  0.887511E+10 0.161722E+10 0.600605E+08 0.176877E+11
     2316.00  0.903377E+10 0.134997E+10 0.149579E+09 0.174696E+11
     2326.00  0.915266E+10 0.109835E+10 0.274374E+09 0.171805E+11
     2336.00  0.923096E+10 0.865764E+09 0.430218E+09 0.168238E+11
     2346.00  0.926826E+10 0.655391E+09 0.612718E+09 0.164033E+11
     2356.00  0.926450E+10 0.470144E+09 0.817366E+09 0.159235E+11
     2366.00  0.921998E+10 0.312646E+09 0.103960E+10 0.153892E+11
     2376.00  0.913538E+10 0.185203E+09 0.127484E+10 0.148056E+11
     2386.00  0.901171E+10 0.897878E+08 0.151858E+10 0.141783E+11
     2396.00  0.885032E+10 0.280189E+08 0.176640E+10 0.135131E+11
     2406.00  0.865287E+10 0.115183E+07 0.201401E+10 0.128161E+11
     2416.00  0.842131E+10 0.100694E+08 0.225735E+10 0.120934E+11
     2426.00  0.815787E+10 0.552777E+08 0.249255E+10 0.113513E+11
     2436.00  0.786503E+10 0.136906E+09 0.271602E+10 0.105960E+11
     2446.00  0.754548E+10 0.254710E+09 0.292449E+10 0.983363E+10
     2456.00  0.720212E+10 0.408080E+09 0.311499E+10 0.907031E+10
     2466.00  0.683800E+10 0.596050E+09 0.328492E+10 0.831189E+10
     2476.00  0.645633E+10 0.817313E+09 0.343205E+10 0.756402E+10
     2486.00  0.606041E+10 0.107024E+10 0.355451E+10 0.683204E+10
     2496.00  0.565364E+10 0.135289E+10 0.365086E+10 0.612100E+10
     2506.00  0.523946E+10 0.166305E+10 0.372005E+10 0.543557E+10
     2516.00  0.482132E+10 0.199825E+10 0.376141E+10 0.478000E+10
     2526.00  0.440267E+10 0.235579E+10 0.377470E+10 0.415815E+10
     2536.00  0.398694E+10 0.273276E+10 0.376005E+10 0.357337E+10
     2546.00  0.357746E+10 0.312608E+10 0.371797E+10 0.302858E+10
     2556.00  0.317749E+10 0.353254E+10 0.364934E+10 0.252619E+10
     2566.00  0.279018E+10 0.394882E+10 0.355536E+10 0.206811E+10
     2576.00  0.241852E+10 0.437152E+10 0.343758E+10 0.165575E+10
     2586.00  0.206535E+10 0.479718E+10 0.329784E+10 0.129005E+10
     2596.00  0.173334E+10 0.522236E+10 0.313822E+10 0.971412E+09
     2606.00  0.142493E+10 0.564360E+10 0.296108E+10 0.699806E+09
     2616.00  0.114237E+10 0.605753E+10 0.276895E+10 0.474722E+09
     2626.00  0.887662E+09 0.646082E+10 0.256456E+10 0.295214E+09
     2636.00  0.662584E+09 0.685028E+10 0.235077E+10 0.159922E+09
     2646.00  0.468649E+09 0.722284E+10 0.213055E+10 0.671045E+08
     2656.00  0.307114E+09 0.757557E+10 0.190694E+10 0.146642E+08
     2666.00  0.178969E+09 0.790576E+10 0.168300E+10 0.185674E+06
     2676.00  0.849388E+08 0.821088E+10 0.146182E+10 0.209709E+08
     2686.00  0.254783E+08 0.848863E+10 0.124645E+10 0.740775E+08
     2696.00  0.774445E+06 0.873695E+10 0.103986E+10 0.156358E+09
     2706.00  0.107496E+08 0.895402E+10 0.844954E+09 0.264500E+09
     2716.00  0.550669E+08 0.913831E+10 0.664487E+09 0.395066E+09
     2726.00  0.133137E+09 0.928853E+10 0.501075E+09 0.544538E+09
     2736.00  0.244127E+09 0.940371E+10 0.357156E+09 0.709351E+09
     2746.00  0.386972E+09 0.948315E+10 0.234966E+09 0.885938E+09
     2756.00  0.560384E+09 0.952642E+10 0.136522E+09 0.107077E+10
     2766.00  0.762869E+09 0.953342E+10 0.636022E+08 0.126037E+10
     2776.00  0.992741E+09 0.950428E+10 0.177292E+08 0.145140E+10
     2786.00  0.124813E+10 0.943946E+10 0.160290E+06 0.164062E+10
     2796.00  0.152703E+10 0.933965E+10 0.118756E+08 0.182500E+10
     2806.00  0.182725E+10 0.920584E+10 0.535715E+08 0.200168E+10
     2816.00  0.214652E+10 0.903924E+10 0.125657E+09 0.216801E+10
     2826.00  0.248243E+10 0.884132E+10 0.228251E+09 0.232162E+10
     2836.00  0.283250E+10 0.861374E+10 0.361186E+09 0.246036E+10
     2846.00  0.319419E+10 0.835841E+10 0.524009E+09 0.258238E+10
     2856.00  0.356489E+10 0.807739E+10 0.715992E+09 0.268611E+10
     2866.00  0.394199E+10 0.777292E+10 0.936137E+09 0.277028E+10
     2876.00  0.432285E+10 0.744740E+10 0.118319E+10 0.283392E+10
     2886.00  0.470485E+10 0.710335E+10 0.145565E+10 0.287637E+10
     2896.00  0.508538E+10 0.674339E+10 0.175180E+10 0.289726E+10
     2906.00  0.546191E+10 0.637025E+10 0.206970E+10 0.289653E+10
     2916.00  0.583194E+10 0.598668E+10 0.240723E+10 0.287442E+10
     2926.00  0.619306E+10 0.559551E+10 0.276208E+10 0.283144E+10
     2936.00  0.654297E+10 0.519958E+10 0.313181E+10 0.276837E+10
     2946.00  0.687946E+10 0.480172E+10 0.351385E+10 0.268626E+10
     2956.00  0.720044E+10 0.440473E+10 0.390551E+10 0.258639E+10
     2966.00  0.750396E+10 0.401139E+10 0.430403E+10 0.247026E+10
     2976.00  0.778821E+10 0.362439E+10 0.470660E+10 0.233956E+10
     2986.00  0.805154E+10 0.324635E+10 0.511036E+10 0.219619E+10
     2996.00  0.829245E+10 0.287979E+10 0.551247E+10 0.204217E+10
     3006.00  0.850962E+10 0.252711E+10 0.591007E+10 0.187966E+10
     3016.00  0.870191E+10 0.219057E+10 0.630037E+10 0.171094E+10
     3026.00  0.886832E+10 0.187231E+10 0.668061E+10 0.153836E+10
     3036.00  0.900808E+10 0.157426E+10 0.704813E+10 0.136430E+10
     3046.00  0.912058E+10 0.129822E+10 0.740038E+10 0.119122E+10
     3056.00  0.920539E+10 0.104580E+10 0.773492E+10 0.102152E+10
     3066.00  0.926226E+10 0.818405E+09 0.804944E+10 0.857637E+09
     3076.00  0.929114E+10 0.617258E+09 0.834181E+10 0.701918E+09
     3086.00  0.929213E+10 0.443374E+09 0.861006E+10 0.556660E+09
     3096.00  0.926552E+10 0.297560E+09 0.885241E+10 0.424060E+09
     3106.00  0.921177E+10 0.180418E+09 0.906726E+10 0.306205E+09
     3116.00  0.913147E+10 0.923396E+08 0.925323E+10 0.205048E+09
     3126.00  0.902541E+10 0.335102E+08 0.940917E+10 0.122389E+09
     3136.00  0.889448E+10 0.390826E+07 0.953413E+10 0.598640E+08
     3146.00  0.873973E+10 0.331131E+07 0.962738E+10 0.189243E+08
     3156.00  0.856233E+10 0.313003E+08 0.968844E+10 0.828402E+06
     3166.00  0.836357E+10 0.872660E+08 0.971705E+10 0.662960E+07
     3176.00  0.814483E+10 0.170417E+09 0.971318E+10 0.371679E+08
     3186.00  0.790761E+10 0.279788E+09 0.967703E+10 0.930635E+08
     3196.00  0.765346E+10 0.414251E+09 0.960901E+10 0.174712E+09
     3206.00  0.738403E+10 0.572523E+09 0.950976E+10 0.282284E+09
     3216.00  0.710100E+10 0.753181E+09 0.938011E+10 0.415720E+09
     3226.00  0.680612E+10 0.954671E+09 0.922113E+10 0.574740E+09
     3236.00  0.650116E+10 0.117533E+10 0.903402E+10 0.758838E+09
     3246.00  0.618792E+10 0.141337E+10 0.882021E+10 0.967294E+09
     3256.00  0.586819E+10 0.166695E+10 0.858127E+10 0.119918E+10
     3266.00  0.554379E+10 0.193412E+10 0.831893E+10 0.145336E+10
     3276.00  0.521650E+10 0.221290E+10 0.803505E+10 0.172853E+10
     3286.00  0.488808E+10 0.250123E+10 0.773162E+10 0.202318E+10
     3296.00  0.456027E+10 0.279704E+10 0.741073E+10 0.233566E+10
     3306.00  0.423475E+10 0.309825E+10 0.707457E+10 0.266415E+10
     3316.00  0.391314E+10 0.340277E+10 0.672541E+10 0.300672E+10
     3326.00  0.359702E+10 0.370850E+10 0.636554E+10 0.336129E+10
     3336.00  0.328787E+10 0.401339E+10 0.599734E+10 0.372571E+10
     3346.00  0.298711E+10 0.431542E+10 0.562318E+10 0.409773E+10
     3356.00  0.269607E+10 0.461263E+10 0.524544E+10 0.447503E+10
     3366.00  0.241597E+10 0.490311E+10 0.486650E+10 0.485527E+10
     3376.00  0.214796E+10 0.518502E+10 0.448871E+10 0.523604E+10
     3386.00  0.189306E+10 0.545662E+10 0.411437E+10 0.561497E+10
     3396.00  0.165219E+10 0.571624E+10 0.374574E+10 0.598965E+10
     3406.00  0.142617E+10 0.596234E+10 0.338499E+10 0.635774E+10
     3416.00  0.121569E+10 0.619347E+10 0.303422E+10 0.671690E+10
     3426.00  0.102134E+10 0.640831E+10 0.269542E+10 0.706488E+10
     3436.00  0.843580E+09 0.660565E+10 0.237048E+10 0.739951E+10
     3446.00  0.682766E+09 0.678443E+10 0.206116E+10 0.771869E+10
     3456.00  0.539132E+09 0.694371E+10 0.176911E+10 0.802045E+10
     3466.00  0.412801E+09 0.708268E+10 0.149581E+10 0.830292E+10
     3476.00  0.303781E+09 0.720068E+10 0.124262E+10 0.856438E+10
     3486.00  0.211972E+09 0.729720E+10 0.101075E+10 0.880325E+10
     3496.00  0.137169E+09 0.737185E+10 0.801214E+09 0.901809E+10
     3506.00  0.790629E+08 0.742440E+10 0.614909E+09 0.920764E+10
     3516.00  0.372476E+08 0.745474E+10 0.452543E+09 0.937080E+10
     3526.00  0.112241E+08 0.746291E+10 0.314663E+09 0.950665E+10
     3536.00  0.406284E+06 0.744908E+10 0.201647E+09 0.961446E+10
     3546.00  0.412635E+07 0.741356E+10 0.113708E+09 0.969367E+10
     3556.00  0.216413E+08 0.735677E+10 0.508933E+08 0.974390E+10
     3566.00  0.521394E+08 0.727926E+10 0.130867E+08 0.976497E+10
     3576.00  0.947472E+08 0.718170E+10 0.143542E+05 0.975689E+10
     3586.00  0.148537E+09 0.706485E+10 0.112480E+08 0.971985E+10
     3596.00  0.212532E+09 0.692960E+10 0.462110E+08 0.965420E+10
     3606.00  0.285718E+09 0.677689E+10 0.104185E+09 0.956049E+10
     3616.00  0.367046E+09 0.660780E+10 0.184317E+09 0.943944E+10
     3626.00  0.455443E+09 0.642345E+10 0.285627E+09 0.929191E+10
     3636.00  0.549820E+09 0.622504E+10 0.407018E+09 0.911895E+10
     3646.00  0.649076E+09 0.601382E+10 0.547283E+09 0.892173E+10
     3656.00  0.752110E+09 0.579112E+10 0.705117E+09 0.870156E+10
     3666.00  0.857822E+09 0.555828E+10 0.879128E+09 0.845988E+10
     3676.00  0.965129E+09 0.531669E+10 0.106784E+10 0.819826E+10
     3686.00  0.107296E+10 0.506776E+10 0.126972E+10 0.791835E+10
     3696.00  0.118028E+10 0.481292E+10 0.148317E+10 0.762190E+10
     3706.00  0.128608E+10 0.455359E+10 0.170655E+10 0.731075E+10
     3716.00  0.138939E+10 0.429121E+10 0.193819E+10 0.698680E+10
     3726.00  0.148927E+10 0.402718E+10 0.217639E+10 0.665198E+10
     3736.00  0.158485E+10 0.376291E+10 0.241945E+10 0.630830E+10
     3746.00  0.167531E+10 0.349976E+10 0.266565E+10 0.595776E+10
     3756.00  0.175988E+10 0.323907E+10 0.291330E+10 0.560239E+10
     3766.00  0.183786E+10 0.298212E+10 0.316072E+10 0.524423E+10
     3776.00  0.190860E+10 0.273015E+10 0.340628E+10 0.488528E+10
     3786.00  0.197155E+10 0.248434E+10 0.364835E+10 0.452754E+10
     3796.00  0.202620E+10 0.224582E+10 0.388540E+10 0.417296E+10
     3806.00  0.207214E+10 0.201563E+10 0.411593E+10 0.382342E+10
     3816.00  0.210901E+10 0.179476E+10 0.433849E+10 0.348079E+10
     3826.00  0.213656E+10 0.158411E+10 0.455175E+10 0.314682E+10
     3836.00  0.215458E+10 0.138450E+10 0.475443E+10 0.282319E+10
     3846.00  0.216298E+10 0.119666E+10 0.494534E+10 0.251152E+10
     3856.00  0.216171E+10 0.102126E+10 0.512339E+10 0.221329E+10
     3866.00  0.215083E+10 0.858845E+09 0.528758E+10 0.192990E+10
     3876.00  0.213045E+10 0.709895E+09 0.543702E+10 0.166261E+10
     3886.00  0.210077E+10 0.574789E+09 0.557093E+10 0.141260E+10
     3896.00  0.206206E+10 0.453817E+09 0.568862E+10 0.118089E+10
     3906.00  0.201466E+10 0.347178E+09 0.578954E+10 0.968379E+09
     3916.00  0.195898E+10 0.254980E+09 0.587321E+10 0.775850E+09
     3926.00  0.189549E+10 0.177240E+09 0.593931E+10 0.603935E+09
     3936.00  0.182474E+10 0.113891E+09 0.598760E+10 0.453137E+09
     3946.00  0.174732E+10 0.647785E+08 0.601795E+10 0.323819E+09
     3956.00  0.166388E+10 0.296661E+08 0.603036E+10 0.216209E+09
     3966.00  0.157512E+10 0.823853E+07 0.602493E+10 0.130401E+09
     3976.00  0.148178E+10 0.104417E+06 0.600186E+10 0.663536E+08
     3986.00  0.138466E+10 0.480086E+07 0.596145E+10 0.238955E+08
     3996.00  0.128458E+10 0.217975E+08 0.590411E+10 0.272829E+07
     4006.00  0.118239E+10 0.505010E+08 0.583034E+10 0.243080E+07
     4016.00  0.107898E+10 0.902602E+08 0.574071E+10 0.224637E+08
     4026.00  0.975246E+09 0.140371E+09 0.563590E+10 0.621751E+08
     4036.00  0.872115E+09 0.200082E+09 0.551666E+10 0.120807E+09
     4046.00  0.770515E+09 0.268600E+09 0.538379E+10 0.197501E+09
     4056.00  0.671384E+09 0.345095E+09 0.523820E+10 0.291308E+09
     4066.00  0.575657E+09 0.428706E+09 0.508082E+10 0.401191E+09
     4076.00  0.484269E+09 0.518549E+09 0.491264E+10 0.526038E+09
     4086.00  0.398142E+09 0.613718E+09 0.473471E+10 0.664668E+09
     4096.00  0.318183E+09 0.713298E+09 0.454810E+10 0.815839E+09
     4106.00  0.245282E+09 0.816365E+09 0.435393E+10 0.978258E+09
     4116.00  0.180304E+09 0.921991E+09 0.415334E+10 0.115059E+10
     4126.00  0.124083E+09 0.102926E+10 0.394746E+10 0.133146E+10
     4136.00  0.774218E+08 0.113725E+10 0.373746E+10 0.151948E+10
     4146.00  0.410860E+08 0.124508E+10 0.352451E+10 0.171324E+10
     4156.00  0.157995E+08 0.135186E+10 0.330977E+10 0.191132E+10
     4166.00  0.224109E+07 0.145674E+10 0.309438E+10 0.211229E+10
     4176.00  0.104163E+07 0.155891E+10 0.287947E+10 0.231477E+10
     4186.00  0.127804E+08 0.165758E+10 0.266615E+10 0.251735E+10
     4196.00  0.379824E+08 0.175200E+10 0.245549E+10 0.271868E+10
     4206.00  0.771156E+08 0.184147E+10 0.224855E+10 0.291743E+10
     4216.00  0.130589E+09 0.192534E+10 0.204631E+10 0.311231E+10
     4226.00  0.198750E+09 0.200299E+10 0.184973E+10 0.330208E+10
     4236.00  0.281884E+09 0.207387E+10 0.165972E+10 0.348556E+10
     4246.00  0.380211E+09 0.213749E+10 0.147712E+10 0.366162E+10
     4256.00  0.493887E+09 0.219339E+10 0.130273E+10 0.382922E+10
     4266.00  0.623001E+09 0.224122E+10 0.113727E+10 0.398736E+10
     4276.00  0.767576E+09 0.228063E+10 0.981401E+09 0.413513E+10
     4286.00  0.927570E+09 0.231139E+10 0.835724E+09 0.427170E+10
     4296.00  0.110287E+10 0.233329E+10 0.700762E+09 0.439633E+10
     4306.00  0.129331E+10 0.234620E+10 0.576966E+09 0.450835E+10
     4316.00  0.149863E+10 0.235007E+10 0.464716E+09 0.460718E+10
     4326.00  0.171855E+10 0.234489E+10 0.364319E+09 0.469235E+10
     4336.00  0.195269E+10 0.233073E+10 0.276005E+09 0.476346E+10
     4346.00  0.220062E+10 0.230772E+10 0.199932E+09 0.482021E+10
     4356.00  0.246186E+10 0.227603E+10 0.136185E+09 0.486239E+10
     4366.00  0.273587E+10 0.223592E+10 0.847734E+08 0.488988E+10
     4376.00  0.302204E+10 0.218770E+10 0.456381E+08 0.490265E+10
     4386.00  0.331973E+10 0.213172E+10 0.186485E+08 0.490075E+10
     4396.00  0.362824E+10 0.206840E+10 0.360655E+07 0.488434E+10
     4406.00  0.394682E+10 0.199820E+10 0.248876E+06 0.485364E+10
     4416.00  0.427469E+10 0.192165E+10 0.824930E+07 0.480897E+10
     4426.00  0.461102E+10 0.183930E+10 0.272220E+08 0.475070E+10
     4436.00  0.495493E+10 0.175175E+10 0.567246E+08 0.467930E+10
     4446.00  0.530555E+10 0.165963E+10 0.962619E+08 0.459531E+10
     4456.00  0.566193E+10 0.156364E+10 0.145290E+09 0.449932E+10
     4466.00  0.602314E+10 0.146446E+10 0.203219E+09 0.439198E+10
     4476.00  0.638819E+10 0.136283E+10 0.269418E+09 0.427401E+10
     4486.00  0.675610E+10 0.125950E+10 0.343222E+09 0.414617E+10
     4511.00  0.768176E+10 0.998887E+09 0.556342E+09 0.378880E+10
     4536.00  0.860309E+10 0.744959E+09 0.800953E+09 0.338851E+10
     4561.00  0.950418E+10 0.510300E+09 0.106485E+10 0.295989E+10
     4586.00  0.103695E+11 0.307271E+09 0.133564E+10 0.251795E+10
     4611.00  0.111842E+11 0.147624E+09 0.160124E+10 0.207760E+10
     4636.00  0.119346E+11 0.421502E+08 0.185021E+10 0.165310E+10
     4661.00  0.126080E+11 0.356181E+06 0.207221E+10 0.125760E+10
     4686.00  0.131937E+11 0.301909E+08 0.225830E+10 0.902726E+09
     4711.00  0.136825E+11 0.137818E+09 0.240117E+10 0.598249E+09
     4736.00  0.140671E+11 0.327447E+09 0.249543E+10 0.351809E+09
     4761.00  0.143424E+11 0.601215E+09 0.253768E+10 0.168748E+09
     4786.00  0.145053E+11 0.959141E+09 0.252659E+10 0.520181E+08
     4811.00  0.145547E+11 0.139912E+10 0.246296E+10 0.217167E+07
     4836.00  0.144918E+11 0.191699E+10 0.234957E+10 0.174409E+08
     4861.00  0.143196E+11 0.250665E+10 0.219114E+10 0.938862E+08
     4886.00  0.140429E+11 0.316020E+10 0.199408E+10 0.225613E+09
     4911.00  0.136682E+11 0.386816E+10 0.176630E+10 0.405045E+09
     4936.00  0.132036E+11 0.461971E+10 0.151694E+10 0.623238E+09
     4961.00  0.126583E+11 0.540295E+10 0.125609E+10 0.870236E+09
     4986.00  0.120426E+11 0.620518E+10 0.994420E+09 0.113543E+10
     5011.00  0.113677E+11 0.701321E+10 0.742915E+09 0.140796E+10
     5036.00  0.106452E+11 0.781365E+10 0.512512E+09 0.167705E+10
     5061.00  0.988690E+10 0.859321E+10 0.313795E+09 0.193238E+10
     5086.00  0.910479E+10 0.933902E+10 0.156690E+09 0.216444E+10
     5111.00  0.831056E+10 0.100388E+11 0.501892E+08 0.236477E+10
     5136.00  0.751547E+10 0.106813E+11 0.210669E+07 0.252626E+10
     5161.00  0.673017E+10 0.112564E+11 0.188710E+08 0.264332E+10
     5186.00  0.596446E+10 0.117551E+11 0.105358E+09 0.271203E+10
     5211.00  0.522721E+10 0.121701E+11 0.264772E+09 0.273025E+10
     5236.00  0.452618E+10 0.124957E+11 0.498564E+09 0.269763E+10
     5261.00  0.386795E+10 0.127276E+11 0.806409E+09 0.261559E+10
     5286.00  0.325787E+10 0.128636E+11 0.118622E+10 0.248729E+10
     5311.00  0.270000E+10 0.129028E+11 0.163420E+10 0.231745E+10
     5336.00  0.219714E+10 0.128464E+11 0.214496E+10 0.211221E+10
     5361.00  0.175081E+10 0.126968E+11 0.271164E+10 0.187897E+10
     5386.00  0.136134E+10 0.124581E+11 0.332609E+10 0.162609E+10
     5411.00  0.102794E+10 0.121358E+11 0.397906E+10 0.136266E+10
     5436.00  0.748778E+09 0.117366E+11 0.466042E+10 0.109828E+10
     5461.00  0.521095E+09 0.112681E+11 0.535937E+10 0.842726E+09
     5511.00  0.205347E+09 0.101582E+11 0.676517E+10 0.396558E+09
     5561.00  0.453653E+08 0.888103E+10 0.810646E+10 0.962521E+08
     5611.00  0.341632E+05 0.751577E+10 0.929812E+10 0.103641E+07
     5661.00  0.271215E+08 0.613923E+10 0.102667E+11 0.151358E+09
     5711.00  0.875545E+08 0.482064E+10 0.109556E+11 0.565091E+09
     5761.00  0.148987E+09 0.361725E+10 0.113288E+11 0.123611E+10
     5811.00  0.188416E+09 0.257133E+10 0.113726E+11 0.213521E+10
     5861.00  0.193710E+09 0.170877E+10 0.110954E+11 0.321309E+10
     5911.00  0.164013E+09 0.103899E+10 0.105253E+11 0.440509E+10
     5961.00  0.109075E+09 0.556332E+09 0.970754E+10 0.563699E+10
     6011.00  0.476541E+08 0.242444E+09 0.869925E+10 0.683136E+10
     6061.00  0.519371E+07 0.695499E+08 0.756486E+10 0.791389E+10
     6111.00  0.110014E+08 0.410751E+07 0.637077E+10 0.881902E+10
     6161.00  0.952072E+08 0.106180E+08 0.518048E+10 0.949465E+10
     6211.00  0.285748E+09 0.552144E+08 0.405035E+10 0.990535E+10
     6261.00  0.605617E+09 0.108769E+09 0.302627E+10 0.100341E+11
     6311.00  0.107058E+10 0.149303E+09 0.214153E+10 0.988267E+10
     6361.00  0.168749E+10 0.163561E+09 0.141574E+10 0.947001E+10
     6411.00  0.245335E+10 0.147689E+09 0.855038E+09 0.883005E+10
     6461.00  0.335506E+10 0.107031E+09 0.453246E+09 0.800819E+10
     6511.00  0.436995E+10 0.551173E+08 0.193948E+09 0.705725E+10
     6561.00  0.546695E+10 0.119989E+08 0.531374E+08 0.603324E+10
     6611.00  0.660829E+10 0.208089E+07 0.224271E+07 0.499124E+10
     6661.00  0.775166E+10 0.516733E+08 0.112273E+08 0.398169E+10
     6711.00  0.885261E+10 0.186455E+09 0.515230E+08 0.304740E+10
     6761.00  0.986703E+10 0.429053E+09 0.985773E+08 0.222130E+10
     6811.00  0.107536E+11 0.796908E+09 0.133846E+09 0.152526E+10
     6861.00  0.114758E+11 0.130058E+10 0.146118E+09 0.969746E+09
     6911.00  0.120044E+11 0.194257E+10 0.132114E+09 0.554431E+09
     6961.00  0.123180E+11 0.271676E+10 0.963744E+08 0.269523E+09
     7011.00  0.124047E+11 0.360846E+10 0.504798E+08 0.977195E+08
     7061.00  0.122624E+11 0.459498E+10 0.117165E+08 0.165448E+08
     7111.00  0.118984E+11 0.564681E+10 0.131856E+07 0.876998E+06
     7161.00  0.113291E+11 0.672918E+10 0.424431E+08 0.254536E+08
     7211.00  0.105789E+11 0.780387E+10 0.158044E+09 0.671706E+08
     7261.00  0.967882E+10 0.883132E+10 0.368805E+09 0.107016E+09
     7311.00  0.866487E+10 0.977267E+10 0.691278E+09 0.131518E+09
     7361.00  0.757615E+10 0.105918E+11 0.113635E+10 0.133641E+09
     7411.00  0.645303E+10 0.112572E+11 0.170813E+10 0.113092E+09
     7511.00  0.426050E+10 0.120322E+11 0.321107E+10 0.344128E+08
     7611.00  0.236907E+10 0.119855E+11 0.508592E+10 0.579530E+07
     7711.00  0.981501E+09 0.111354E+11 0.711997E+10 0.183491E+09
     7811.00  0.196754E+09 0.962180E+10 0.904367E+10 0.715768E+09
     7911.00  0.622400E+07 0.767474E+10 0.105847E+11 0.169261E+10
     8011.00  0.309046E+09 0.556967E+10 0.115209E+11 0.311206E+10
     8111.00  0.941191E+09 0.357835E+10 0.117214E+11 0.487060E+10
     8211.00  0.171140E+10 0.192554E+10 0.111674E+11 0.677864E+10
     8311.00  0.243681E+10 0.758276E+09 0.995101E+10 0.859576E+10
     8411.00  0.297210E+10 0.131933E+09 0.825347E+10 0.100767E+11
     8511.00  0.322824E+10 0.131500E+08 0.630989E+10 0.110175E+11
     8611.00  0.317901E+10 0.297120E+09 0.436739E+10 0.112917E+11
     8711.00  0.285607E+10 0.834306E+09 0.264569E+10 0.108705E+11
     8811.00  0.233490E+10 0.146085E+10 0.130635E+10 0.982372E+10
     8911.00  0.171547E+10 0.202710E+10 0.435050E+09 0.830332E+10
     9011.00  0.110138E+10 0.241974E+10 0.383281E+08 0.651409E+10
     9111.00  0.581308E+09 0.257488E+10 0.534239E+08 0.467775E+10
     9211.00  0.215524E+09 0.248110E+10 0.367815E+09 0.299793E+10
     9311.00  0.289426E+08 0.217351E+10 0.843985E+09 0.163174E+10
     9411.00  0.111530E+08 0.172087E+10 0.134466E+10 0.671990E+09
     9511.00  0.122525E+09 0.120903E+10 0.175441E+10 0.141892E+09
     9611.00  0.304742E+09 0.723705E+09 0.199465E+10 0.124980E+07
     9711.00  0.493607E+09 0.335547E+09 0.203063E+10 0.161800E+09
     9811.00  0.631863E+09 0.896584E+08 0.187038E+10 0.507867E+09
     9911.00  0.680047E+09 0.627736E+06 0.155693E+10 0.918316E+09
    10011.00  0.623866E+09 0.532981E+08 0.115597E+10 0.128613E+10
    10111.00  0.477266E+09 0.208487E+09 0.741482E+09 0.153290E+10
    10211.00  0.281045E+09 0.412254E+09 0.381830E+09 0.161665E+10
    10311.00  0.974657E+08 0.606918E+09 0.128555E+09 0.153281E+10
    10411.00  0.186578E+07 0.741999E+09 0.919264E+07 0.130915E+10
    10511.00  0.725079E+08 0.783404E+09 0.248403E+08 0.996263E+09
    10611.00  0.380083E+09 0.719665E+09 0.152342E+09 0.655786E+09
    10711.00  0.978169E+09 0.564506E+09 0.350292E+09 0.348342E+09
    10811.00  0.189575E+10 0.355619E+09 0.567587E+09 0.123175E+09
    10911.00  0.313255E+10 0.150034E+09 0.753043E+09 0.107957E+08
    11011.00  0.465760E+10 0.168790E+08 0.864543E+09 0.194278E+08
    11111.00  0.641100E+10 0.285798E+08 0.876435E+09 0.135366E+09
    11211.00  0.830859E+10 0.251677E+09 0.784235E+09 0.326823E+09
    11311.00  0.102489E+11 0.738362E+09 0.606118E+09 0.550384E+09
    11411.00  0.121214E+11 0.151968E+10 0.381195E+09 0.758917E+09
    11511.00  0.138158E+11 0.260107E+10 0.164944E+09 0.909715E+09
    11611.00  0.152308E+11 0.396062E+10 0.225134E+08 0.971701E+09
    11711.00  0.162815E+11 0.555013E+10 0.208348E+08 0.930768E+09
    11811.00  0.169060E+11 0.729857E+10 0.220523E+09 0.792629E+09
    11911.00  0.170691E+11 0.911783E+10 0.668523E+09 0.582911E+09
    12011.00  0.167647E+11 0.109096E+11 0.139229E+10 0.344592E+09
    12111.00  0.160148E+11 0.125734E+11 0.239603E+10 0.133220E+09
    12211.00  0.148676E+11 0.140139E+11 0.365939E+10 0.105524E+08
    12311.00  0.133928E+11 0.151483E+11 0.513843E+10 0.374264E+08
    12411.00  0.116767E+11 0.159123E+11 0.676888E+10 0.266715E+09
    12511.00  0.981599E+10 0.162640E+11 0.847112E+10 0.737134E+09
    12611.00  0.791068E+10 0.161862E+11 0.101564E+11 0.146854E+10
    12711.00  0.605846E+10 0.156876E+11 0.117334E+11 0.245917E+10
    12811.00  0.434877E+10 0.148005E+11 0.131155E+11 0.368499E+10
    12911.00  0.285811E+10 0.135784E+11 0.142263E+11 0.510114E+10
    13011.00  0.164655E+10 0.120918E+11 0.150055E+11 0.664530E+10
    13111.00  0.755424E+09 0.104228E+11 0.154120E+11 0.824238E+10
    13211.00  0.206444E+09 0.865998E+10 0.154267E+11 0.981031E+10
    13311.00  0.197025E+07 0.689257E+10 0.150528E+11 0.112662E+11
    13411.00  0.126411E+09 0.520532E+10 0.143151E+11 0.125321E+11
    13511.00  0.548518E+09 0.367394E+10 0.132573E+11 0.135407E+11
    13611.00  0.122435E+10 0.236146E+10 0.119390E+11 0.142395E+11
    13711.00  0.210063E+10 0.131557E+10 0.104313E+11 0.145937E+11
    13811.00  0.311833E+10 0.567139E+09 0.881216E+10 0.145883E+11
    13911.00  0.421619E+10 0.129832E+09 0.716152E+10 0.142281E+11
    14011.00  0.533396E+10 0.690726E+06 0.555681E+10 0.135367E+11
    14111.00  0.641530E+10 0.161637E+09 0.406882E+10 0.125544E+11
    14211.00  0.741019E+10 0.581664E+09 0.275822E+10 0.113351E+11
    14311.00  0.827669E+10 0.121952E+10 0.167301E+10 0.994228E+10
    14411.00  0.898220E+10 0.202668E+10 0.846837E+09 0.844563E+10
    14511.00  0.950402E+10 0.295043E+10 0.298254E+09 0.691632E+10
    14611.00  0.982943E+10 0.393680E+10 0.309316E+08 0.542338E+10
    14711.00  0.995527E+10 0.493336E+10 0.346149E+08 0.403015E+10
    14811.00  0.988709E+10 0.589153E+10 0.286780E+09 0.279135E+10
    14911.00  0.963799E+10 0.676851E+10 0.754792E+09 0.175083E+10
    15011.00  0.922726E+10 0.752876E+10 0.139839E+10 0.940103E+09
    15111.00  0.867887E+10 0.814488E+10 0.217236E+10 0.377617E+09
    15211.00  0.801993E+10 0.859803E+10 0.302914E+10 0.688185E+08
    15311.00  0.727923E+10 0.887796E+10 0.392134E+10 0.685185E+07
    15411.00  0.648580E+10 0.898251E+10 0.480397E+10 0.173855E+09
    15511.00  0.566771E+10 0.891694E+10 0.563630E+10 0.542712E+09
    15611.00  0.485106E+10 0.869289E+10 0.638331E+10 0.107912E+10
    15711.00  0.405910E+10 0.832723E+10 0.701671E+10 0.174386E+10
    15811.00  0.331169E+10 0.784076E+10 0.751554E+10 0.249503E+10
    15911.00  0.262491E+10 0.725697E+10 0.786634E+10 0.329036E+10
    16011.00  0.201086E+10 0.660076E+10 0.806292E+10 0.408910E+10
    16111.00  0.147773E+10 0.589723E+10 0.810591E+10 0.485385E+10
    16211.00  0.102993E+10 0.517075E+10 0.800199E+10 0.555192E+10
    16311.00  0.668450E+09 0.444398E+10 0.776295E+10 0.615632E+10
    16411.00  0.391212E+09 0.373722E+10 0.740466E+10 0.664643E+10
    16511.00  0.193584E+09 0.306791E+10 0.694602E+10 0.700824E+10
    16611.00  0.688664E+08 0.245027E+10 0.640782E+10 0.723428E+10
    16711.00  0.882033E+07 0.189513E+10 0.581173E+10 0.732320E+10
    16811.00  0.417289E+07 0.140998E+10 0.517941E+10 0.727924E+10
    16911.00  0.450929E+08 0.999073E+09 0.453158E+10 0.711139E+10
    17011.00  0.121620E+09 0.663663E+09 0.388742E+10 0.683246E+10
    17111.00  0.224040E+09 0.402358E+09 0.326397E+10 0.645822E+10
    17211.00  0.343189E+09 0.211505E+09 0.267577E+10 0.600636E+10
    17311.00  0.470706E+09 0.856186E+08 0.213461E+10 0.549561E+10
    17411.00  0.599206E+09 0.178208E+08 0.164938E+10 0.494492E+10
    17511.00  0.722399E+09 0.274008E+06 0.122615E+10 0.437268E+10
    17611.00  0.835150E+09 0.245893E+08 0.868226E+09 0.379615E+10
    17711.00  0.933487E+09 0.821975E+08 0.576424E+09 0.323090E+10
    17811.00  0.101457E+10 0.164674E+09 0.349313E+09 0.269052E+10
    17911.00  0.107662E+10 0.264013E+09 0.183558E+09 0.218631E+10
    18011.00  0.111882E+10 0.372838E+09 0.742873E+08 0.172717E+10
    18111.00  0.114121E+10 0.484574E+09 0.154610E+08 0.131960E+10
    18211.00  0.114452E+10 0.593548E+09 0.237248E+06 0.967713E+09
    18311.00  0.113009E+10 0.695054E+09 0.213216E+08 0.673422E+09
    18411.00  0.109971E+10 0.785370E+09 0.712828E+08 0.436611E+09
    18511.00  0.105547E+10 0.861738E+09 0.142831E+09 0.255392E+09
    18611.00  0.999691E+09 0.922313E+09 0.229047E+09 0.126382E+09
    18711.00  0.934755E+09 0.966090E+09 0.323572E+09 0.450060E+08
    18811.00  0.863055E+09 0.992814E+09 0.420739E+09 0.579533E+07
    18911.00  0.786894E+09 0.100287E+10 0.515667E+09 0.268842E+07
    19011.00  0.708427E+09 0.997179E+09 0.604307E+09 0.293120E+08
    19111.00  0.629611E+09 0.977094E+09 0.683458E+09 0.792388E+08
    19311.00  0.477558E+09 0.900602E+09 0.804550E+09 0.224343E+09
    19511.00  0.341389E+09 0.788713E+09 0.868839E+09 0.393181E+09
    19711.00  0.227594E+09 0.657405E+09 0.876269E+09 0.550635E+09
    19911.00  0.138891E+09 0.521205E+09 0.834020E+09 0.673096E+09
    20111.00  0.749487E+08 0.391824E+09 0.753629E+09 0.748217E+09
    20311.00  0.332546E+08 0.277545E+09 0.648454E+09 0.773232E+09
    20511.00  0.998255E+07 0.183170E+09 0.531627E+09 0.752512E+09
    20711.00  0.749182E+06 0.110424E+09 0.414603E+09 0.694937E+09
    20911.00  0.120983E+07 0.585948E+08 0.306295E+09 0.611544E+09
    21111.00  0.747488E+07 0.252810E+08 0.212713E+09 0.513637E+09
    21311.00  0.163555E+08 0.711019E+07 0.137043E+09 0.411473E+09
    21511.00  0.254642E+08 0.352684E+06 0.800194E+08 0.313441E+09
    21711.00  0.332037E+08 0.138934E+07 0.404902E+08 0.225682E+09
    21911.00  0.386792E+08 0.702578E+07 0.160466E+08 0.152023E+09
    22111.00  0.415652E+08 0.146676E+08 0.362434E+07 0.941503E+08
    22311.00  0.419564E+08 0.223833E+08 0.547109E+04 0.519562E+08
    22511.00  0.402200E+08 0.288840E+08 0.218520E+07 0.239782E+08
    22711.00  0.368682E+08 0.334493E+08 0.759986E+07 0.788383E+07
    22911.00  0.324547E+08 0.358206E+08 0.142328E+08 0.934043E+06
    23111.00  0.275018E+08 0.360830E+08 0.206283E+08 0.377948E+06
    23311.00  0.224531E+08 0.345486E+08 0.258458E+08 0.374279E+07
    23511.00  0.176518E+08 0.316516E+08 0.293815E+08 0.900684E+07
    23711.00  0.133348E+08 0.278627E+08 0.310776E+08 0.146637E+08
    23911.00  0.964152E+07 0.236258E+08 0.310314E+08 0.197023E+08
    24111.00  0.662800E+07 0.193173E+08 0.295107E+08 0.235354E+08
    24311.00  0.428577E+07 0.152257E+08 0.268780E+08 0.259054E+08
    24511.00  0.256046E+07 0.115483E+08 0.235274E+08 0.267923E+08
    24711.00  0.136894E+07 0.839859E+07 0.198336E+08 0.263332E+08
    24911.00  0.614065E+06 0.582055E+07 0.161169E+08 0.247621E+08
    25111.00  0.196279E+06 0.380540E+07 0.126224E+08 0.223623E+08
    25311.00  0.221465E+05 0.230794E+07 0.951430E+07 0.194327E+08
    25511.00  0.995036E+04 0.126062E+07 0.688105E+07 0.162596E+08
    25711.00  0.927012E+05 0.584940E+06 0.474881E+07 0.130944E+08
    25911.00  0.219007E+06 0.200117E+06 0.309792E+07 0.101375E+08
    26111.00  0.352319E+06 0.293339E+05 0.187966E+07 0.752839E+07
    26311.00  0.469094E+06 0.403393E+04 0.103027E+07 0.534434E+07
    26511.00  0.556365E+06 0.665880E+05 0.481330E+06 0.360649E+07
    26711.00  0.609159E+06 0.171571E+06 0.166422E+06 0.229219E+07
    26911.00  0.628065E+06 0.285831E+06 0.248419E+05 0.135007E+07
         IE==>     28           29           30           31
        1.00  0.817335E+11 0.989561E+11 0.154888E+12 0.216602E+12
        2.00  0.178054E+12 0.212416E+12 0.329622E+12 0.453238E+12
        3.00  0.248737E+12 0.292229E+12 0.449472E+12 0.607205E+12
        4.00  0.293873E+12 0.339799E+12 0.517897E+12 0.686788E+12
        5.00  0.319787E+12 0.363675E+12 0.549108E+12 0.714119E+12
        6.00  0.332274E+12 0.371389E+12 0.555351E+12 0.707549E+12
        7.00  0.335603E+12 0.368385E+12 0.545376E+12 0.679913E+12
        8.00  0.332709E+12 0.358363E+12 0.525073E+12 0.639705E+12
        9.00  0.325571E+12 0.343790E+12 0.498341E+12 0.592457E+12
       10.00  0.315532E+12 0.326325E+12 0.467775E+12 0.541784E+12
       11.00  0.303518E+12 0.307103E+12 0.435135E+12 0.490080E+12
       12.00  0.290190E+12 0.286923E+12 0.401638E+12 0.438953E+12
       13.00  0.276032E+12 0.266357E+12 0.368143E+12 0.389487E+12
       14.00  0.261402E+12 0.245821E+12 0.335258E+12 0.342407E+12
       15.00  0.246570E+12 0.225619E+12 0.303413E+12 0.298186E+12
       16.00  0.231740E+12 0.205972E+12 0.272907E+12 0.257110E+12
       17.00  0.217065E+12 0.187037E+12 0.243943E+12 0.219337E+12
       18.00  0.202660E+12 0.168929E+12 0.216653E+12 0.184925E+12
       19.00  0.188613E+12 0.151723E+12 0.191114E+12 0.153866E+12
       20.00  0.174987E+12 0.135471E+12 0.167365E+12 0.126101E+12
       21.00  0.161832E+12 0.120204E+12 0.145415E+12 0.101534E+12
       22.00  0.149183E+12 0.105939E+12 0.125253E+12 0.800469E+11
       23.00  0.137066E+12 0.926808E+11 0.106849E+12 0.615014E+11
       24.00  0.125500E+12 0.804251E+11 0.901614E+11 0.457478E+11
       25.00  0.114497E+12 0.691602E+11 0.751391E+11 0.326276E+11
       26.00  0.104063E+12 0.588685E+11 0.617231E+11 0.219777E+11
       27.00  0.942010E+11 0.495276E+11 0.498489E+11 0.136323E+11
       28.00  0.849089E+11 0.411112E+11 0.394477E+11 0.742524E+10
       29.00  0.761823E+11 0.335900E+11 0.304478E+11 0.319167E+10
       30.00  0.680139E+11 0.269322E+11 0.227756E+11 0.769415E+09
       31.00  0.603941E+11 0.211042E+11 0.163563E+11 0.932899E+04
       32.00  0.533115E+11 0.160713E+11 0.111152E+11 0.729492E+09
       33.00  0.467535E+11 0.117976E+11 0.697753E+10 0.280904E+10
       34.00  0.407059E+11 0.824663E+10 0.386945E+10 0.609538E+10
       35.00  0.351540E+11 0.538186E+10 0.171822E+10 0.104512E+11
       36.00  0.300822E+11 0.316649E+10 0.452550E+09 0.157452E+11
       37.00  0.254742E+11 0.156389E+10 0.279276E+07 0.218524E+11
       38.00  0.213134E+11 0.537667E+09 0.301179E+09 0.286542E+11
       39.00  0.175828E+11 0.518243E+08 0.128195E+10 0.360385E+11
       40.00  0.142654E+11 0.708660E+08 0.288149E+10 0.438995E+11
       42.00  0.880028E+10 0.148472E+10 0.769376E+10 0.606603E+11
       44.00  0.477869E+10 0.450879E+10 0.142755E+11 0.782176E+11
       46.00  0.206189E+10 0.888588E+10 0.222030E+11 0.959502E+11
       48.00  0.513491E+09 0.143736E+11 0.310926E+11 0.113330E+12
       50.00  0.794741E+06 0.207456E+11 0.405997E+11 0.129917E+12
       52.00  0.395826E+09 0.277918E+11 0.504184E+11 0.145352E+12
       54.00  0.157608E+10 0.353187E+11 0.602800E+11 0.159349E+12
       56.00  0.342506E+10 0.431497E+11 0.699513E+11 0.171692E+12
       58.00  0.583267E+10 0.511247E+11 0.792332E+11 0.182225E+12
       60.00  0.869551E+10 0.590999E+11 0.879588E+11 0.190849E+12
       62.00  0.119171E+11 0.669476E+11 0.959914E+11 0.197514E+12
       64.00  0.154078E+11 0.745558E+11 0.103223E+12 0.202215E+12
       66.00  0.190854E+11 0.818271E+11 0.109570E+12 0.204982E+12
       68.00  0.228745E+11 0.886787E+11 0.114974E+12 0.205878E+12
       70.00  0.267065E+11 0.950408E+11 0.119398E+12 0.204995E+12
       72.00  0.305198E+11 0.100857E+12 0.122823E+12 0.202444E+12
       74.00  0.342592E+11 0.106080E+12 0.125249E+12 0.198354E+12
       76.00  0.378758E+11 0.110678E+12 0.126688E+12 0.192868E+12
       78.00  0.413271E+11 0.114625E+12 0.127169E+12 0.186137E+12
       80.00  0.445760E+11 0.117907E+12 0.126730E+12 0.178321E+12
       82.00  0.475915E+11 0.120517E+12 0.125420E+12 0.169581E+12
       84.00  0.503476E+11 0.122457E+12 0.123296E+12 0.160081E+12
       86.00  0.528234E+11 0.123736E+12 0.120420E+12 0.149982E+12
       88.00  0.550031E+11 0.124369E+12 0.116863E+12 0.139442E+12
       90.00  0.568748E+11 0.124376E+12 0.112695E+12 0.128612E+12
       92.00  0.584312E+11 0.123784E+12 0.107993E+12 0.117639E+12
       94.00  0.596686E+11 0.122621E+12 0.102832E+12 0.106657E+12
       96.00  0.605865E+11 0.120921E+12 0.972905E+11 0.957939E+11
       98.00  0.611880E+11 0.118719E+12 0.914438E+11 0.851670E+11
      100.00  0.614788E+11 0.116054E+12 0.853672E+11 0.748821E+11
      102.00  0.614671E+11 0.112967E+12 0.791339E+11 0.650341E+11
      104.00  0.611636E+11 0.109497E+12 0.728141E+11 0.557067E+11
      106.00  0.605809E+11 0.105688E+12 0.664754E+11 0.469722E+11
      108.00  0.597335E+11 0.101582E+12 0.601813E+11 0.388914E+11
      110.00  0.586373E+11 0.972211E+11 0.539919E+11 0.315144E+11
      112.00  0.573096E+11 0.926483E+11 0.479624E+11 0.248799E+11
      114.00  0.557688E+11 0.879051E+11 0.421440E+11 0.190167E+11
      116.00  0.540341E+11 0.830324E+11 0.365829E+11 0.139432E+11
      118.00  0.521252E+11 0.780696E+11 0.313204E+11 0.966841E+10
      122.00  0.478665E+11 0.680244E+11 0.218326E+11 0.350733E+10
      126.00  0.431565E+11 0.580533E+11 0.139138E+11 0.439374E+09
      130.00  0.381581E+11 0.484085E+11 0.772031E+10 0.259894E+09
      134.00  0.330287E+11 0.393075E+11 0.333600E+10 0.267591E+10
      138.00  0.279168E+11 0.309313E+11 0.777686E+09 0.732821E+10
      142.00  0.229591E+11 0.234241E+11 0.230150E+07 0.138126E+11
      146.00  0.182782E+11 0.168930E+11 0.914716E+09 0.216996E+11
      150.00  0.139812E+11 0.114095E+11 0.337622E+10 0.305529E+11
      154.00  0.101582E+11 0.701191E+10 0.721322E+10 0.399449E+11
      158.00  0.688210E+10 0.370719E+10 0.122259E+11 0.494700E+11
      162.00  0.420834E+10 0.147467E+10 0.181964E+11 0.587560E+11
      166.00  0.217525E+10 0.269211E+09 0.248967E+11 0.674719E+11
      170.00  0.804728E+09 0.247945E+08 0.320958E+11 0.753347E+11
      174.00  0.103144E+09 0.658172E+09 0.395660E+11 0.821130E+11
      178.00  0.624435E+08 0.207247E+10 0.470887E+11 0.876292E+11
      182.00  0.661468E+09 0.416072E+10 0.544595E+11 0.917599E+11
      186.00  0.186740E+10 0.680929E+10 0.614915E+11 0.944339E+11
      190.00  0.363729E+10 0.990106E+10 0.680192E+11 0.956300E+11
      194.00  0.591968E+10 0.133183E+11 0.739002E+11 0.953724E+11
      198.00  0.865617E+10 0.169454E+11 0.790165E+11 0.937261E+11
      202.00  0.117830E+11 0.206711E+11 0.832757E+11 0.907916E+11
      206.00  0.152325E+11 0.243905E+11 0.866109E+11 0.866990E+11
      210.00  0.189349E+11 0.280068E+11 0.889801E+11 0.816023E+11
      214.00  0.228190E+11 0.314325E+11 0.903654E+11 0.756732E+11
      218.00  0.268145E+11 0.345909E+11 0.907716E+11 0.690950E+11
      222.00  0.308521E+11 0.374163E+11 0.902243E+11 0.620574E+11
      226.00  0.348655E+11 0.398548E+11 0.887676E+11 0.547509E+11
      230.00  0.387917E+11 0.418644E+11 0.864620E+11 0.473617E+11
      234.00  0.425720E+11 0.434148E+11 0.833820E+11 0.400681E+11
      238.00  0.461527E+11 0.444874E+11 0.796132E+11 0.330359E+11
      242.00  0.494854E+11 0.450742E+11 0.752499E+11 0.264161E+11
      246.00  0.525279E+11 0.451782E+11 0.703929E+11 0.203422E+11
      250.00  0.552437E+11 0.448115E+11 0.651466E+11 0.149280E+11
      254.00  0.576032E+11 0.439953E+11 0.596173E+11 0.102668E+11
      258.00  0.595827E+11 0.427586E+11 0.539104E+11 0.643049E+10
      262.00  0.611654E+11 0.411370E+11 0.481290E+11 0.346918E+10
      266.00  0.623404E+11 0.391718E+11 0.423719E+11 0.141178E+10
      270.00  0.631030E+11 0.369091E+11 0.367319E+11 0.266571E+09
      274.00  0.634542E+11 0.343983E+11 0.312946E+11 0.223777E+08
      282.00  0.629534E+11 0.288412E+11 0.213283E+11 0.210385E+10
      290.00  0.609466E+11 0.229265E+11 0.129786E+11 0.723801E+10
      298.00  0.576079E+11 0.170724E+11 0.659033E+10 0.148092E+11
      306.00  0.531615E+11 0.116643E+11 0.234351E+10 0.240730E+11
      314.00  0.478645E+11 0.703389E+10 0.261289E+09 0.342253E+11
      322.00  0.419915E+11 0.344406E+10 0.226497E+09 0.444667E+11
      330.00  0.358187E+11 0.108015E+10 0.200518E+10 0.540576E+11
      338.00  0.296111E+11 0.462299E+08 0.527427E+10 0.623633E+11
      346.00  0.236116E+11 0.366428E+09 0.965122E+10 0.688848E+11
      354.00  0.180316E+11 0.199037E+10 0.147235E+11 0.732789E+11
      362.00  0.130451E+11 0.480200E+10 0.200766E+11 0.753642E+11
      370.00  0.878452E+10 0.863096E+10 0.253183E+11 0.751171E+11
      378.00  0.533892E+10 0.132655E+11 0.300994E+11 0.726573E+11
      386.00  0.275447E+10 0.184660E+11 0.341293E+11 0.682270E+11
      394.00  0.103674E+10 0.239788E+11 0.371867E+11 0.621647E+11
      402.00  0.154394E+09 0.295493E+11 0.391252E+11 0.548766E+11
      410.00  0.441039E+08 0.349333E+11 0.398749E+11 0.468070E+11
      418.00  0.616265E+09 0.399080E+11 0.394387E+11 0.384093E+11
      426.00  0.176123E+10 0.442795E+11 0.378865E+11 0.301203E+11
      434.00  0.335573E+10 0.478897E+11 0.353450E+11 0.223371E+11
      442.00  0.526921E+10 0.506197E+11 0.319870E+11 0.153997E+11
      450.00  0.736975E+10 0.523924E+11 0.280186E+11 0.957784E+10
      458.00  0.952961E+10 0.531724E+11 0.236667E+11 0.506306E+10
      466.00  0.116300E+11 0.529646E+11 0.191658E+11 0.196550E+10
      474.00  0.135649E+11 0.518108E+11 0.147463E+11 0.315305E+09
      482.00  0.152444E+11 0.497855E+11 0.106241E+11 0.679561E+08
      490.00  0.165970E+11 0.469908E+11 0.699076E+10 0.111281E+10
      498.00  0.175705E+11 0.435500E+11 0.400709E+10 0.328408E+10
      506.00  0.181330E+11 0.396020E+11 0.179752E+10 0.637352E+10
      514.00  0.182722E+11 0.352947E+11 0.447061E+09 0.101439E+11
      522.00  0.179948E+11 0.307792E+11 0.482547E+05 0.143426E+11
      530.00  0.173248E+11 0.262039E+11 0.460718E+09 0.187151E+11
      538.00  0.163015E+11 0.217093E+11 0.179546E+10 0.230165E+11
      546.00  0.149767E+11 0.174241E+11 0.393642E+10 0.270227E+11
      554.00  0.134126E+11 0.134608E+11 0.678628E+10 0.305388E+11
      562.00  0.116786E+11 0.991357E+10 0.102238E+11 0.334056E+11
      570.00  0.984831E+10 0.685607E+10 0.141097E+11 0.355044E+11
      578.00  0.799720E+10 0.434055E+10 0.182935E+11 0.367596E+11
      586.00  0.619954E+10 0.239755E+10 0.226192E+11 0.371384E+11
      596.00  0.413490E+10 0.786341E+09 0.279904E+11 0.363969E+11
      606.00  0.238906E+10 0.580845E+08 0.330548E+11 0.344038E+11
      616.00  0.106775E+10 0.145069E+09 0.375557E+11 0.313394E+11
      626.00  0.253214E+09 0.944043E+09 0.412788E+11 0.274451E+11
      636.00  0.144599E+07 0.232463E+10 0.440607E+11 0.230038E+11
      646.00  0.340916E+09 0.413830E+10 0.457940E+11 0.183192E+11
      656.00  0.127263E+10 0.622748E+10 0.464287E+11 0.136950E+11
      666.00  0.277140E+10 0.843422E+10 0.459713E+11 0.941702E+10
      676.00  0.478823E+10 0.106081E+11 0.444798E+11 0.573687E+10
      686.00  0.725349E+10 0.126133E+11 0.420576E+11 0.285988E+10
      696.00  0.100808E+11 0.143337E+11 0.388451E+11 0.936069E+09
      706.00  0.131714E+11 0.156776E+11 0.350105E+11 0.552616E+08
      716.00  0.164184E+11 0.165798E+11 0.307395E+11 0.245823E+09
      726.00  0.197118E+11 0.170036E+11 0.262255E+11 0.147688E+10
      736.00  0.229423E+11 0.169396E+11 0.216603E+11 0.366358E+10
      746.00  0.260060E+11 0.164050E+11 0.172249E+11 0.667475E+10
      756.00  0.288074E+11 0.154410E+11 0.130821E+11 0.103424E+11
      766.00  0.312626E+11 0.141090E+11 0.937090E+10 0.144726E+11
      776.00  0.333021E+11 0.124867E+11 0.620157E+10 0.188562E+11
      786.00  0.348719E+11 0.106639E+11 0.365305E+10 0.232807E+11
      796.00  0.359350E+11 0.873756E+10 0.177176E+10 0.275401E+11
      806.00  0.364719E+11 0.680717E+10 0.571912E+09 0.314446E+11
      816.00  0.364799E+11 0.497031E+10 0.372924E+08 0.348285E+11
      826.00  0.359726E+11 0.331853E+10 0.124197E+09 0.375568E+11
      836.00  0.349784E+11 0.193380E+10 0.765351E+09 0.395288E+11
      846.00  0.335391E+11 0.885521E+09 0.187453E+10 0.406812E+11
      856.00  0.317072E+11 0.228226E+09 0.335163E+10 0.409886E+11
      866.00  0.295443E+11 0.304304E+05 0.508797E+10 0.404622E+11
      876.00  0.271183E+11 0.221776E+09 0.697154E+10 0.391474E+11
      886.00  0.245010E+11 0.896904E+09 0.889200E+10 0.371195E+11
      896.00  0.217656E+11 0.201199E+10 0.107452E+11 0.344787E+11
      906.00  0.189844E+11 0.353785E+10 0.124373E+11 0.313449E+11
      916.00  0.162266E+11 0.543120E+10 0.138879E+11 0.278506E+11
      926.00  0.135564E+11 0.763672E+10 0.150325E+11 0.241357E+11
      936.00  0.110316E+11 0.100894E+11 0.158244E+11 0.203404E+11
      946.00  0.870213E+10 0.127170E+11 0.162354E+11 0.166002E+11
      956.00  0.660884E+10 0.154431E+11 0.162558E+11 0.130405E+11
      966.00  0.478326E+10 0.181893E+11 0.158940E+11 0.977227E+10
      976.00  0.324703E+10 0.208784E+11 0.151750E+11 0.688850E+10
      986.00  0.201202E+10 0.234361E+11 0.141385E+11 0.446180E+10
      996.00  0.108055E+10 0.257939E+11 0.128367E+11 0.254282E+10
     1006.00  0.446048E+09 0.278908E+11 0.113315E+11 0.115968E+10
     1016.00  0.937736E+08 0.296744E+11 0.969167E+10 0.318343E+09
     1026.00  0.184371E+07 0.311029E+11 0.799009E+10 0.378705E+07
     1036.00  0.142351E+09 0.321453E+11 0.630060E+10 0.181910E+09
     1046.00  0.482601E+09 0.327821E+11 0.469528E+10 0.802053E+09
     1056.00  0.986410E+09 0.330055E+11 0.324188E+10 0.179997E+10
     1066.00  0.161542E+10 0.328186E+11 0.200148E+10 0.310113E+10
     1076.00  0.233039E+10 0.322354E+11 0.102658E+10 0.462415E+10
     1086.00  0.309244E+10 0.312796E+11 0.359578E+09 0.628432E+10
     1096.00  0.386418E+10 0.299834E+11 0.316029E+08 0.799694E+10
     1106.00  0.461077E+10 0.283866E+11 0.618819E+08 0.968056E+10
     1116.00  0.530081E+10 0.265347E+11 0.457465E+09 0.112598E+11
     1126.00  0.590709E+10 0.244775E+11 0.121339E+10 0.126677E+11
     1136.00  0.640714E+10 0.222678E+11 0.231326E+10 0.138479E+11
     1146.00  0.678371E+10 0.199595E+11 0.373007E+10 0.147562E+11
     1156.00  0.702493E+10 0.176060E+11 0.542745E+10 0.153610E+11
     1166.00  0.712445E+10 0.152594E+11 0.736108E+10 0.156447E+11
     1176.00  0.708134E+10 0.129686E+11 0.948025E+10 0.156025E+11
     1186.00  0.689983E+10 0.107783E+11 0.117296E+11 0.152431E+11
     1196.00  0.658902E+10 0.872825E+10 0.140510E+11 0.145869E+11
     1206.00  0.616233E+10 0.685244E+10 0.163850E+11 0.136650E+11
     1216.00  0.563701E+10 0.517835E+10 0.186732E+11 0.125178E+11
     1226.00  0.503343E+10 0.372679E+10 0.208591E+11 0.111930E+11
     1236.00  0.437442E+10 0.251165E+10 0.228903E+11 0.974368E+10
     1246.00  0.368452E+10 0.153996E+10 0.247192E+11 0.822636E+10
     1256.00  0.298927E+10 0.812120E+09 0.263047E+11 0.669882E+10
     1266.00  0.231443E+10 0.322287E+09 0.276126E+11 0.521826E+10
     1276.00  0.168532E+10 0.588691E+08 0.286165E+11 0.383937E+10
     1286.00  0.112612E+10 0.519159E+07 0.292980E+11 0.261264E+10
     1296.00  0.659265E+09 0.140230E+09 0.296474E+11 0.158292E+10
     1306.00  0.304899E+09 0.439422E+09 0.296628E+11 0.788122E+09
     1316.00  0.804149E+08 0.875527E+09 0.293504E+11 0.258324E+09
     1326.00  0.618457E+05 0.141950E+10 0.287241E+11 0.150374E+08
     1336.00  0.746595E+08 0.204137E+10 0.278043E+11 0.708379E+08
     1346.00  0.311395E+09 0.271110E+10 0.266175E+11 0.429253E+09
     1356.00  0.713717E+09 0.339937E+10 0.251953E+11 0.108493E+10
     1366.00  0.128131E+10 0.407834E+10 0.235736E+11 0.202404E+10
     1376.00  0.201019E+10 0.472233E+10 0.217911E+11 0.322493E+10
     1386.00  0.289281E+10 0.530834E+10 0.198885E+11 0.465898E+10
     1396.00  0.391832E+10 0.581660E+10 0.179075E+11 0.629156E+10
     1406.00  0.507286E+10 0.623090E+10 0.158896E+11 0.808320E+10
     1416.00  0.633988E+10 0.653883E+10 0.138751E+11 0.999080E+10
     1426.00  0.770056E+10 0.673201E+10 0.119022E+11 0.119689E+11
     1436.00  0.913422E+10 0.680606E+10 0.100063E+11 0.139708E+11
     1446.00  0.106188E+11 0.676057E+10 0.821942E+10 0.159501E+11
     1456.00  0.121312E+11 0.659895E+10 0.656907E+10 0.178617E+11
     1466.00  0.136481E+11 0.632822E+10 0.507842E+10 0.196630E+11
     1476.00  0.151458E+11 0.595864E+10 0.376566E+10 0.213146E+11
     1486.00  0.166015E+11 0.550336E+10 0.264393E+10 0.227817E+11
     1496.00  0.179930E+11 0.497799E+10 0.172124E+10 0.240343E+11
     1506.00  0.192993E+11 0.440011E+10 0.100055E+10 0.250483E+11
     1516.00  0.205014E+11 0.378875E+10 0.480008E+09 0.258052E+11
     1526.00  0.215818E+11 0.316394E+10 0.153189E+09 0.262931E+11
     1536.00  0.225255E+11 0.254609E+10 0.954331E+07 0.265060E+11
     1546.00  0.233198E+11 0.195556E+10 0.348439E+08 0.264443E+11
     1556.00  0.239545E+11 0.141214E+10 0.211730E+09 0.261145E+11
     1566.00  0.244224E+11 0.934589E+09 0.520289E+09 0.255283E+11
     1576.00  0.247186E+11 0.540216E+09 0.938667E+09 0.247027E+11
     1586.00  0.248413E+11 0.244507E+09 0.144370E+10 0.236594E+11
     1596.00  0.247912E+11 0.608075E+08 0.201153E+10 0.224237E+11
     1606.00  0.245717E+11 0.525996E+05 0.261823E+10 0.210239E+11
     1616.00  0.241885E+11 0.705684E+08 0.324039E+10 0.194909E+11
     1626.00  0.236499E+11 0.277929E+09 0.385563E+10 0.178571E+11
     1636.00  0.229660E+11 0.624881E+09 0.444314E+10 0.161555E+11
     1646.00  0.221488E+11 0.111132E+10 0.498407E+10 0.144193E+11
     1656.00  0.212119E+11 0.173434E+10 0.546190E+10 0.126809E+11
     1666.00  0.201701E+11 0.248833E+10 0.586277E+10 0.109711E+11
     1676.00  0.190395E+11 0.336512E+10 0.617567E+10 0.931898E+10
     1686.00  0.178367E+11 0.435419E+10 0.639259E+10 0.775080E+10
     1696.00  0.165786E+11 0.544288E+10 0.650860E+10 0.628990E+10
     1706.00  0.152826E+11 0.661670E+10 0.652186E+10 0.495620E+10
     1716.00  0.139656E+11 0.785961E+10 0.643352E+10 0.376593E+10
     1726.00  0.126444E+11 0.915432E+10 0.624760E+10 0.273146E+10
     1736.00  0.113348E+11 0.104827E+11 0.597079E+10 0.186123E+10
     1746.00  0.100519E+11 0.118260E+11 0.561223E+10 0.115974E+10
     1756.00  0.880984E+10 0.131652E+11 0.518318E+10 0.627651E+09
     1766.00  0.762128E+10 0.144817E+11 0.469671E+10 0.261957E+09
     1776.00  0.649757E+10 0.157569E+11 0.416737E+10 0.562282E+08
     1786.00  0.544851E+10 0.169734E+11 0.361079E+10 0.924394E+06
     1796.00  0.448231E+10 0.181145E+11 0.304329E+10 0.837578E+08
     1806.00  0.360548E+10 0.191650E+11 0.248154E+10 0.290099E+09
     1816.00  0.282288E+10 0.201111E+11 0.194213E+10 0.603413E+09
     1826.00  0.213762E+10 0.209407E+11 0.144125E+10 0.100572E+10
     1836.00  0.155121E+10 0.216436E+11 0.994310E+09 0.147808E+10
     1846.00  0.106350E+10 0.222117E+11 0.615652E+09 0.200102E+10
     1856.00  0.672850E+09 0.226388E+11 0.318245E+09 0.255503E+10
     1866.00  0.376184E+09 0.229209E+11 0.113447E+09 0.312100E+10
     1876.00  0.169122E+09 0.230561E+11 0.107909E+08 0.368060E+10
     1886.00  0.461174E+08 0.230444E+11 0.178217E+08 0.421669E+10
     1896.00  0.603827E+06 0.228882E+11 0.139971E+09 0.471363E+10
     1906.00  0.251555E+08 0.225916E+11 0.380478E+09 0.515757E+10
     1916.00  0.111652E+09 0.221606E+11 0.740360E+09 0.553669E+10
     1926.00  0.251450E+09 0.216028E+11 0.121842E+10 0.584140E+10
     1936.00  0.435551E+09 0.209273E+11 0.181128E+10 0.606442E+10
     1946.00  0.654773E+09 0.201447E+11 0.251351E+10 0.620090E+10
     1956.00  0.899916E+09 0.192665E+11 0.331772E+10 0.624842E+10
     1966.00  0.116192E+10 0.183052E+11 0.421474E+10 0.620697E+10
     1976.00  0.143200E+10 0.172740E+11 0.519376E+10 0.607885E+10
     1986.00  0.170182E+10 0.161866E+11 0.624262E+10 0.586856E+10
     1996.00  0.196358E+10 0.150569E+11 0.734796E+10 0.558263E+10
     2006.00  0.221014E+10 0.138989E+11 0.849552E+10 0.522941E+10
     2016.00  0.243513E+10 0.127264E+11 0.967034E+10 0.481887E+10
     2026.00  0.263301E+10 0.115529E+11 0.108571E+11 0.436230E+10
     2036.00  0.279914E+10 0.103913E+11 0.120402E+11 0.387205E+10
     2046.00  0.292983E+10 0.925370E+10 0.132044E+11 0.336127E+10
     2056.00  0.302238E+10 0.815155E+10 0.143344E+11 0.284359E+10
     2066.00  0.307506E+10 0.709517E+10 0.154159E+11 0.233282E+10
     2076.00  0.308712E+10 0.609380E+10 0.164351E+11 0.184268E+10
     2086.00  0.305881E+10 0.515551E+10 0.173794E+11 0.138655E+10
     2096.00  0.299126E+10 0.428711E+10 0.182371E+11 0.977124E+09
     2106.00  0.288654E+10 0.349409E+10 0.189980E+11 0.626265E+09
     2116.00  0.274749E+10 0.278064E+10 0.196533E+11 0.344725E+09
     2126.00  0.257774E+10 0.214960E+10 0.201957E+11 0.141976E+09
     2136.00  0.238156E+10 0.160250E+10 0.206197E+11 0.260433E+08
     2146.00  0.216384E+10 0.113963E+10 0.209212E+11 0.337535E+07
     2156.00  0.192991E+10 0.760003E+09 0.210979E+11 0.787441E+08
     2166.00  0.168552E+10 0.461531E+09 0.211492E+11 0.255180E+09
     2176.00  0.143669E+10 0.241040E+09 0.210760E+11 0.533938E+09
     2186.00  0.118962E+10 0.943930E+08 0.208810E+11 0.914500E+09
     2196.00  0.950605E+09 0.165946E+08 0.205683E+11 0.139460E+10
     2206.00  0.725878E+09 0.190830E+07 0.201432E+11 0.197030E+10
     2216.00  0.521567E+09 0.439783E+08 0.196125E+11 0.263604E+10
     2226.00  0.343571E+09 0.135957E+09 0.189841E+11 0.338481E+10
     2236.00  0.197477E+09 0.270636E+09 0.182670E+11 0.420822E+10
     2246.00  0.884758E+08 0.440571E+09 0.174709E+11 0.509672E+10
     2256.00  0.212878E+08 0.638215E+09 0.166062E+11 0.603972E+10
     2266.00  0.938607E+05 0.856040E+09 0.156839E+11 0.702578E+10
     2276.00  0.284786E+08 0.108666E+10 0.147153E+11 0.804283E+10
     2286.00  0.109381E+09 0.132292E+10 0.137119E+11 0.907835E+10
     2296.00  0.245058E+09 0.155805E+10 0.126853E+11 0.101196E+11
     2306.00  0.437051E+09 0.178571E+10 0.116468E+11 0.111536E+11
     2316.00  0.686176E+09 0.200009E+10 0.106074E+11 0.121679E+11
     2326.00  0.992507E+09 0.219599E+10 0.957802E+10 0.131499E+11
     2336.00  0.135538E+10 0.236888E+10 0.856860E+10 0.140880E+11
     2346.00  0.177342E+10 0.251493E+10 0.758861E+10 0.149708E+11
     2356.00  0.224453E+10 0.263109E+10 0.664673E+10 0.157881E+11
     2366.00  0.276595E+10 0.271506E+10 0.575074E+10 0.165304E+11
     2376.00  0.333428E+10 0.276533E+10 0.490751E+10 0.171894E+11
     2386.00  0.394554E+10 0.278119E+10 0.412290E+10 0.177579E+11
     2396.00  0.459520E+10 0.276267E+10 0.340175E+10 0.182300E+11
     2406.00  0.527825E+10 0.271059E+10 0.274783E+10 0.186011E+11
     2416.00  0.598927E+10 0.262646E+10 0.216385E+10 0.188679E+11
     2426.00  0.672248E+10 0.251246E+10 0.165148E+10 0.190283E+11
     2436.00  0.747182E+10 0.237141E+10 0.121133E+10 0.190819E+11
     2446.00  0.823102E+10 0.220666E+10 0.843029E+09 0.190293E+11
     2456.00  0.899367E+10 0.202208E+10 0.545252E+09 0.188725E+11
     2466.00  0.975329E+10 0.182195E+10 0.315788E+09 0.186146E+11
     2476.00  0.105034E+11 0.161090E+10 0.151607E+09 0.182600E+11
     2486.00  0.112376E+11 0.139383E+10 0.489410E+08 0.178142E+11
     2496.00  0.119498E+11 0.117583E+10 0.337167E+07 0.172833E+11
     2506.00  0.126337E+11 0.962091E+09 0.992036E+07 0.166746E+11
     2516.00  0.132837E+11 0.757835E+09 0.631468E+08 0.159960E+11
     2526.00  0.138944E+11 0.568234E+09 0.157248E+09 0.152560E+11
     2536.00  0.144607E+11 0.398332E+09 0.286161E+09 0.144635E+11
     2546.00  0.149780E+11 0.252970E+09 0.443659E+09 0.136279E+11
     2556.00  0.154422E+11 0.136721E+09 0.623456E+09 0.127585E+11
     2566.00  0.158497E+11 0.538253E+08 0.819301E+09 0.118651E+11
     2576.00  0.161973E+11 0.813230E+07 0.102507E+10 0.109570E+11
     2586.00  0.164825E+11 0.304964E+07 0.123484E+10 0.100437E+11
     2596.00  0.167035E+11 0.414988E+08 0.144301E+10 0.913416E+10
     2606.00  0.168587E+11 0.125878E+09 0.164432E+10 0.823710E+10
     2616.00  0.169476E+11 0.258030E+09 0.183395E+10 0.736067E+10
     2626.00  0.169698E+11 0.439226E+09 0.200757E+10 0.651247E+10
     2636.00  0.169258E+11 0.670143E+09 0.216140E+10 0.569943E+10
     2646.00  0.168166E+11 0.950865E+09 0.229222E+10 0.492777E+10
     2656.00  0.166437E+11 0.128088E+10 0.239744E+10 0.420293E+10
     2666.00  0.164090E+11 0.165908E+10 0.247506E+10 0.352954E+10
     2676.00  0.161152E+11 0.208379E+10 0.252375E+10 0.291139E+10
     2686.00  0.157652E+11 0.255280E+10 0.254281E+10 0.235141E+10
     2696.00  0.153623E+11 0.306335E+10 0.253215E+10 0.185167E+10
     2706.00  0.149105E+11 0.361220E+10 0.249233E+10 0.141338E+10
     2716.00  0.144137E+11 0.419568E+10 0.242446E+10 0.103694E+10
     2726.00  0.138763E+11 0.480968E+10 0.233024E+10 0.721918E+09
     2736.00  0.133030E+11 0.544976E+10 0.221187E+10 0.467135E+09
     2746.00  0.126986E+11 0.611116E+10 0.207202E+10 0.270691E+09
     2756.00  0.120681E+11 0.678886E+10 0.191381E+10 0.130028E+09
     2766.00  0.114164E+11 0.747765E+10 0.174069E+10 0.419876E+08
     2776.00  0.107487E+11 0.817219E+10 0.155646E+10 0.288339E+07
     2786.00  0.100700E+11 0.886702E+10 0.136515E+10 0.857274E+07
     2796.00  0.938542E+10 0.955668E+10 0.117097E+10 0.545326E+08
     2806.00  0.869980E+10 0.102357E+11 0.978263E+09 0.135938E+09
     2816.00  0.801794E+10 0.108988E+11 0.791439E+09 0.247744E+09
     2826.00  0.734443E+10 0.115408E+11 0.614892E+09 0.384760E+09
     2836.00  0.668367E+10 0.121565E+11 0.452955E+09 0.541734E+09
     2846.00  0.603976E+10 0.127412E+11 0.309834E+09 0.713427E+09
     2856.00  0.541656E+10 0.132904E+11 0.189555E+09 0.894687E+09
     2866.00  0.481759E+10 0.137999E+11 0.959044E+08 0.108052E+10
     2876.00  0.424606E+10 0.142658E+11 0.323870E+08 0.126615E+10
     2886.00  0.370480E+10 0.146848E+11 0.217550E+07 0.144708E+10
     2896.00  0.319629E+10 0.150538E+11 0.807313E+07 0.161916E+10
     2906.00  0.272264E+10 0.153701E+11 0.524784E+08 0.177863E+10
     2916.00  0.228555E+10 0.156318E+11 0.137356E+09 0.192212E+10
     2926.00  0.188635E+10 0.158370E+11 0.264215E+09 0.204677E+10
     2936.00  0.152597E+10 0.159847E+11 0.434088E+09 0.215016E+10
     2946.00  0.120497E+10 0.160742E+11 0.647525E+09 0.223040E+10
     2956.00  0.923522E+09 0.161052E+11 0.904582E+09 0.228612E+10
     2966.00  0.681429E+09 0.160779E+11 0.120483E+10 0.231645E+10
     2976.00  0.478153E+09 0.159933E+11 0.154734E+10 0.232106E+10
     2986.00  0.312822E+09 0.158523E+11 0.193074E+10 0.230013E+10
     2996.00  0.184247E+09 0.156566E+11 0.235317E+10 0.225432E+10
     3006.00  0.909510E+08 0.154082E+11 0.281236E+10 0.218477E+10
     3016.00  0.311899E+08 0.151095E+11 0.330561E+10 0.209306E+10
     3026.00  0.297973E+07 0.147632E+11 0.382986E+10 0.198121E+10
     3036.00  0.412420E+07 0.143725E+11 0.438170E+10 0.185158E+10
     3046.00  0.322439E+08 0.139405E+11 0.495742E+10 0.170688E+10
     3056.00  0.848060E+08 0.134711E+11 0.555303E+10 0.155012E+10
     3066.00  0.159154E+09 0.129678E+11 0.616432E+10 0.138454E+10
     3076.00  0.252541E+09 0.124348E+11 0.678692E+10 0.121357E+10
     3086.00  0.362154E+09 0.118762E+11 0.741630E+10 0.104081E+10
     3096.00  0.485153E+09 0.112961E+11 0.804784E+10 0.869920E+09
     3106.00  0.618692E+09 0.106988E+11 0.867690E+10 0.704629E+09
     3116.00  0.759952E+09 0.100886E+11 0.929883E+10 0.548645E+09
     3126.00  0.906170E+09 0.946987E+10 0.990901E+10 0.405621E+09
     3136.00  0.105466E+10 0.884670E+10 0.105029E+11 0.279103E+09
     3146.00  0.120285E+10 0.822325E+10 0.110762E+11 0.172487E+09
     3156.00  0.134827E+10 0.760351E+10 0.116247E+11 0.889757E+08
     3166.00  0.148864E+10 0.699134E+10 0.121442E+11 0.315378E+08
     3176.00  0.162180E+10 0.639039E+10 0.126312E+11 0.287219E+07
     3186.00  0.174582E+10 0.580410E+10 0.130821E+11 0.537594E+07
     3196.00  0.185893E+10 0.523571E+10 0.134938E+11 0.411157E+08
     3206.00  0.195960E+10 0.468816E+10 0.138633E+11 0.111804E+09
     3216.00  0.204651E+10 0.416414E+10 0.141883E+11 0.218780E+09
     3226.00  0.211855E+10 0.366607E+10 0.144666E+11 0.362995E+09
     3236.00  0.217488E+10 0.319603E+10 0.146964E+11 0.544999E+09
     3246.00  0.221487E+10 0.275583E+10 0.148763E+11 0.764943E+09
     3256.00  0.223813E+10 0.234695E+10 0.150056E+11 0.102257E+10
     3266.00  0.224450E+10 0.197054E+10 0.150835E+11 0.131722E+10
     3276.00  0.223407E+10 0.162746E+10 0.151099E+11 0.164784E+10
     3286.00  0.220714E+10 0.131825E+10 0.150851E+11 0.201300E+10
     3296.00  0.216422E+10 0.104312E+10 0.150097E+11 0.241090E+10
     3306.00  0.210603E+10 0.802022E+09 0.148847E+11 0.283940E+10
     3316.00  0.203349E+10 0.594586E+09 0.147115E+11 0.329604E+10
     3326.00  0.194770E+10 0.420183E+09 0.144916E+11 0.377804E+10
     3336.00  0.184991E+10 0.277922E+09 0.142272E+11 0.428238E+10
     3346.00  0.174155E+10 0.166671E+09 0.139206E+11 0.480580E+10
     3356.00  0.162415E+10 0.850734E+08 0.135742E+11 0.534482E+10
     3366.00  0.149937E+10 0.315708E+08 0.131909E+11 0.589581E+10
     3376.00  0.136897E+10 0.442335E+07 0.127738E+11 0.645500E+10
     3386.00  0.123479E+10 0.173270E+07 0.123261E+11 0.701852E+10
     3396.00  0.109870E+10 0.214648E+08 0.118510E+11 0.758244E+10
     3406.00  0.962650E+09 0.614742E+08 0.113522E+11 0.814281E+10
     3416.00  0.828576E+09 0.119527E+09 0.108331E+11 0.869571E+10
     3426.00  0.698426E+09 0.193328E+09 0.102974E+11 0.923724E+10
     3436.00  0.574128E+09 0.280539E+09 0.974872E+10 0.976362E+10
     3446.00  0.457569E+09 0.378809E+09 0.919076E+10 0.102711E+11
     3456.00  0.350582E+09 0.485793E+09 0.862712E+10 0.107563E+11
     3466.00  0.254925E+09 0.599174E+09 0.806134E+10 0.112157E+11
     3476.00  0.172269E+09 0.716688E+09 0.749689E+10 0.116463E+11
     3486.00  0.104180E+09 0.836142E+09 0.693712E+10 0.120451E+11
     3496.00  0.521046E+08 0.955430E+09 0.638524E+10 0.124094E+11
     3506.00  0.173596E+08 0.107256E+10 0.584429E+10 0.127369E+11
     3516.00  0.111982E+07 0.118565E+10 0.531714E+10 0.130255E+11
     3526.00  0.440782E+07 0.129298E+10 0.480644E+10 0.132735E+11
     3536.00  0.280857E+08 0.139295E+10 0.431464E+10 0.134792E+11
     3546.00  0.728483E+08 0.148415E+10 0.384395E+10 0.136417E+11
     3556.00  0.139217E+09 0.156533E+10 0.339634E+10 0.137600E+11
     3566.00  0.227537E+09 0.163541E+10 0.297354E+10 0.138337E+11
     3576.00  0.337974E+09 0.169352E+10 0.257701E+10 0.138626E+11
     3586.00  0.470512E+09 0.173894E+10 0.220794E+10 0.138470E+11
     3596.00  0.624958E+09 0.177119E+10 0.186729E+10 0.137872E+11
     3606.00  0.800940E+09 0.178993E+10 0.155573E+10 0.136842E+11
     3616.00  0.997911E+09 0.179504E+10 0.127369E+10 0.135389E+11
     3626.00  0.121516E+10 0.178658E+10 0.102133E+10 0.133527E+11
     3636.00  0.145180E+10 0.176478E+10 0.798571E+09 0.131274E+11
     3646.00  0.170680E+10 0.173006E+10 0.605104E+09 0.128647E+11
     3656.00  0.197898E+10 0.168300E+10 0.440387E+09 0.125669E+11
     3666.00  0.226703E+10 0.162434E+10 0.303664E+09 0.122362E+11
     3676.00  0.256948E+10 0.155496E+10 0.193981E+09 0.118751E+11
     3686.00  0.288479E+10 0.147587E+10 0.110199E+09 0.114863E+11
     3696.00  0.321129E+10 0.138823E+10 0.510125E+08 0.110726E+11
     3706.00  0.354721E+10 0.129328E+10 0.149643E+08 0.106369E+11
     3716.00  0.389073E+10 0.119237E+10 0.465104E+06 0.101823E+11
     3726.00  0.423994E+10 0.108694E+10 0.581235E+07 0.971167E+10
     3736.00  0.459289E+10 0.978472E+09 0.292090E+08 0.922820E+10
     3746.00  0.494761E+10 0.868522E+09 0.687834E+08 0.873497E+10
     3756.00  0.530208E+10 0.758672E+09 0.122608E+09 0.823505E+10
     3766.00  0.565429E+10 0.650524E+09 0.188721E+09 0.773149E+10
     3776.00  0.600224E+10 0.545686E+09 0.265142E+09 0.722725E+10
     3786.00  0.634394E+10 0.445756E+09 0.349893E+09 0.672523E+10
     3796.00  0.667744E+10 0.352305E+09 0.441017E+09 0.622822E+10
     3806.00  0.700084E+10 0.266867E+09 0.536594E+09 0.573887E+10
     3816.00  0.731230E+10 0.190921E+09 0.634760E+09 0.525971E+10
     3826.00  0.761006E+10 0.125880E+09 0.733717E+09 0.479310E+10
     3836.00  0.789242E+10 0.730773E+08 0.831757E+09 0.434124E+10
     3846.00  0.815781E+10 0.337570E+08 0.927266E+09 0.390614E+10
     3856.00  0.840473E+10 0.906186E+07 0.101874E+10 0.348961E+10
     3866.00  0.863182E+10 0.240997E+05 0.110480E+10 0.309327E+10
     3876.00  0.883783E+10 0.755681E+07 0.118419E+10 0.271853E+10
     3886.00  0.902164E+10 0.324465E+08 0.125581E+10 0.236658E+10
     3896.00  0.918228E+10 0.753468E+08 0.131868E+10 0.203841E+10
     3906.00  0.931890E+10 0.136773E+09 0.137199E+10 0.173478E+10
     3916.00  0.943081E+10 0.217099E+09 0.141508E+10 0.145623E+10
     3926.00  0.951746E+10 0.316552E+09 0.144745E+10 0.120310E+10
     3936.00  0.957846E+10 0.435214E+09 0.146873E+10 0.975528E+09
     3946.00  0.961356E+10 0.573021E+09 0.147876E+10 0.773426E+09
     3956.00  0.962267E+10 0.729758E+09 0.147749E+10 0.596530E+09
     3966.00  0.960584E+10 0.905071E+09 0.146504E+10 0.444384E+09
     3976.00  0.956329E+10 0.109846E+10 0.144167E+10 0.316358E+09
     3986.00  0.949537E+10 0.130929E+10 0.140779E+10 0.211658E+09
     3996.00  0.940257E+10 0.153679E+10 0.136394E+10 0.129336E+09
     4006.00  0.928553E+10 0.178007E+10 0.131079E+10 0.683070E+08
     4016.00  0.914501E+10 0.203810E+10 0.124913E+10 0.273622E+08
     4026.00  0.898190E+10 0.230976E+10 0.117986E+10 0.518198E+07
     4036.00  0.879722E+10 0.259382E+10 0.110396E+10 0.352084E+06
     4046.00  0.859207E+10 0.288894E+10 0.102252E+10 0.113792E+08
     4056.00  0.836769E+10 0.319370E+10 0.936710E+09 0.367066E+08
     4066.00  0.812540E+10 0.350663E+10 0.847740E+09 0.747296E+08
     4076.00  0.786660E+10 0.382616E+10 0.756889E+09 0.123812E+09
     4086.00  0.759277E+10 0.415068E+10 0.665472E+09 0.182300E+09
     4096.00  0.730545E+10 0.447854E+10 0.574830E+09 0.248539E+09
     4106.00  0.700624E+10 0.480805E+10 0.486320E+09 0.320889E+09
     4116.00  0.669679E+10 0.513750E+10 0.401300E+09 0.397736E+09
     4126.00  0.637878E+10 0.546519E+10 0.321118E+09 0.477507E+09
     4136.00  0.605391E+10 0.578940E+10 0.247098E+09 0.558686E+09
     4146.00  0.572391E+10 0.610842E+10 0.180531E+09 0.639820E+09
     4156.00  0.539048E+10 0.642059E+10 0.122663E+09 0.719534E+09
     4166.00  0.505535E+10 0.672427E+10 0.746832E+08 0.796541E+09
     4176.00  0.472021E+10 0.701785E+10 0.377150E+08 0.869650E+09
     4186.00  0.438673E+10 0.729982E+10 0.128062E+08 0.937777E+09
     4196.00  0.405654E+10 0.756869E+10 0.920187E+06 0.999945E+09
     4206.00  0.373124E+10 0.782306E+10 0.292840E+07 0.105530E+10
     4216.00  0.341235E+10 0.806162E+10 0.196030E+08 0.110310E+10
     4226.00  0.310134E+10 0.828314E+10 0.516108E+08 0.114275E+10
     4236.00  0.279963E+10 0.848649E+10 0.995079E+08 0.117376E+10
     4246.00  0.250853E+10 0.867065E+10 0.163735E+09 0.119578E+10
     4256.00  0.222929E+10 0.883469E+10 0.244615E+09 0.120858E+10
     4266.00  0.196306E+10 0.897783E+10 0.342349E+09 0.121208E+10
     4276.00  0.171090E+10 0.909936E+10 0.457016E+09 0.120631E+10
     4286.00  0.147377E+10 0.919872E+10 0.588571E+09 0.119142E+10
     4296.00  0.125253E+10 0.927548E+10 0.736847E+09 0.116769E+10
     4306.00  0.104793E+10 0.932931E+10 0.901555E+09 0.113551E+10
     4316.00  0.860615E+09 0.936002E+10 0.108229E+10 0.109537E+10
     4326.00  0.691119E+09 0.936754E+10 0.127851E+10 0.104788E+10
     4336.00  0.539863E+09 0.935193E+10 0.148960E+10 0.993738E+09
     4346.00  0.407161E+09 0.931337E+10 0.171480E+10 0.933715E+09
     4356.00  0.293211E+09 0.925216E+10 0.195326E+10 0.868674E+09
     4366.00  0.198102E+09 0.916872E+10 0.220404E+10 0.799544E+09
     4376.00  0.121817E+09 0.906357E+10 0.246610E+10 0.727313E+09
     4386.00  0.642290E+08 0.893737E+10 0.273831E+10 0.653019E+09
     4396.00  0.251081E+08 0.879085E+10 0.301948E+10 0.577741E+09
     4406.00  0.412396E+07 0.862487E+10 0.330835E+10 0.502585E+09
     4416.00  0.849549E+06 0.844035E+10 0.360358E+10 0.428680E+09
     4426.00  0.147653E+08 0.823833E+10 0.390382E+10 0.357163E+09
     4436.00  0.452639E+08 0.801990E+10 0.420763E+10 0.289170E+09
     4446.00  0.916557E+08 0.778625E+10 0.451358E+10 0.225827E+09
     4456.00  0.153174E+09 0.753861E+10 0.482019E+10 0.168238E+09
     4466.00  0.228982E+09 0.727828E+10 0.512597E+10 0.117480E+09
     4476.00  0.318177E+09 0.700661E+10 0.542945E+10 0.745899E+08
     4486.00  0.419800E+09 0.672499E+10 0.572913E+10 0.405565E+08
     4511.00  0.721476E+09 0.598676E+10 0.645217E+10 0.194212E+06
     4536.00  0.107749E+10 0.521790E+10 0.712025E+10 0.335797E+08
     4561.00  0.146990E+10 0.444117E+10 0.771301E+10 0.150357E+09
     4586.00  0.188041E+10 0.367867E+10 0.821251E+10 0.356616E+09
     4611.00  0.229099E+10 0.295110E+10 0.860393E+10 0.654589E+09
     4636.00  0.268459E+10 0.227712E+10 0.887603E+10 0.104254E+10
     4661.00  0.304559E+10 0.167280E+10 0.902148E+10 0.151484E+10
     4686.00  0.336037E+10 0.115117E+10 0.903702E+10 0.206216E+10
     4711.00  0.361766E+10 0.721974E+09 0.892352E+10 0.267191E+10
     4736.00  0.380883E+10 0.391413E+09 0.868581E+10 0.332871E+10
     4761.00  0.392809E+10 0.162157E+09 0.833245E+10 0.401503E+10
     4786.00  0.397253E+10 0.333973E+08 0.787531E+10 0.471186E+10
     4811.00  0.394210E+10 0.104738E+07 0.732909E+10 0.539947E+10
     4836.00  0.383953E+10 0.580389E+08 0.671070E+10 0.605813E+10
     4861.00  0.367002E+10 0.194708E+09 0.603870E+10 0.666884E+10
     4886.00  0.344104E+10 0.399251E+09 0.533257E+10 0.721402E+10
     4911.00  0.316190E+10 0.658231E+09 0.461206E+10 0.767810E+10
     4936.00  0.284340E+10 0.957117E+09 0.389654E+10 0.804806E+10
     4961.00  0.249735E+10 0.128083E+10 0.320440E+10 0.831382E+10
     4986.00  0.213616E+10 0.161430E+10 0.255246E+10 0.846852E+10
     5011.00  0.177234E+10 0.194295E+10 0.195552E+10 0.850873E+10
     5036.00  0.141811E+10 0.225320E+10 0.142596E+10 0.843444E+10
     5061.00  0.108497E+10 0.253286E+10 0.973460E+09 0.824901E+10
     5086.00  0.783322E+09 0.277149E+10 0.604810E+09 0.795896E+10
     5111.00  0.522194E+09 0.296068E+10 0.323821E+09 0.757368E+10
     5136.00  0.308951E+09 0.309423E+10 0.131353E+09 0.710506E+10
     5161.00  0.149122E+09 0.316828E+10 0.254339E+08 0.656701E+10
     5186.00  0.462709E+08 0.318130E+10 0.145881E+07 0.597495E+10
     5211.00  0.194788E+07 0.313407E+10 0.524783E+08 0.534532E+10
     5236.00  0.157031E+08 0.302953E+10 0.169543E+09 0.469495E+10
     5261.00  0.851666E+08 0.287260E+10 0.342098E+09 0.404062E+10
     5286.00  0.206186E+09 0.266994E+10 0.558413E+09 0.339844E+10
     5311.00  0.373018E+09 0.242960E+10 0.806028E+09 0.278347E+10
     5336.00  0.578564E+09 0.216077E+10 0.107220E+10 0.220923E+10
     5361.00  0.814635E+09 0.187335E+10 0.134436E+10 0.168739E+10
     5386.00  0.107225E+10 0.157763E+10 0.161046E+10 0.122747E+10
     5411.00  0.134195E+10 0.128392E+10 0.185944E+10 0.836672E+09
     5436.00  0.161411E+10 0.100220E+10 0.208146E+10 0.519744E+09
     5461.00  0.187923E+10 0.741808E+09 0.226822E+10 0.278964E+09
     5511.00  0.235289E+10 0.317391E+09 0.251153E+10 0.229997E+08
     5561.00  0.270049E+10 0.624587E+08 0.255951E+10 0.413837E+08
     5611.00  0.287793E+10 0.468828E+07 0.241284E+10 0.277554E+09
     5661.00  0.286402E+10 0.145477E+09 0.210001E+10 0.655674E+09
     5711.00  0.266233E+10 0.461134E+09 0.167134E+10 0.109195E+10
     5761.00  0.230004E+10 0.907036E+09 0.119075E+10 0.150585E+10
     5811.00  0.182427E+10 0.142403E+10 0.726574E+09 0.182987E+10
     5861.00  0.129650E+10 0.194618E+10 0.342397E+09 0.201673E+10
     5911.00  0.785606E+09 0.240888E+10 0.892877E+08 0.204354E+10
     5961.00  0.360476E+09 0.275641E+10 0.860574E+04 0.191246E+10
     6011.00  0.829715E+08 0.294807E+10 0.858482E+08 0.164830E+10
     6061.00  0.185297E+07 0.296234E+10 0.336205E+09 0.129358E+10
     6111.00  0.148254E+09 0.279888E+10 0.720775E+09 0.901764E+09
     6161.00  0.533031E+09 0.247793E+10 0.119390E+10 0.529703E+09
     6211.00  0.114612E+10 0.203782E+10 0.170047E+10 0.230254E+09
     6261.00  0.195782E+10 0.153049E+10 0.218252E+10 0.458422E+08
     6311.00  0.292179E+10 0.101599E+10 0.258591E+10 0.370017E+07
     6361.00  0.397930E+10 0.556218E+09 0.286623E+10 0.113175E+09
     6411.00  0.506442E+10 0.208899E+09 0.299339E+10 0.365264E+09
     6461.00  0.610945E+10 0.220723E+08 0.295446E+10 0.734275E+09
     6511.00  0.705023E+10 0.297811E+08 0.275472E+10 0.118129E+10
     6561.00  0.783090E+10 0.249208E+09 0.241666E+10 0.165891E+10
     6611.00  0.840765E+10 0.679457E+09 0.197740E+10 0.211676E+10
     6661.00  0.875132E+10 0.130198E+10 0.148471E+10 0.250699E+10
     6711.00  0.884872E+10 0.208255E+10 0.992190E+09 0.278938E+10
     6761.00  0.870261E+10 0.297441E+10 0.554055E+09 0.293534E+10
     6811.00  0.833051E+10 0.392239E+10 0.220094E+09 0.293064E+10
     6861.00  0.776246E+10 0.486748E+10 0.312236E+08 0.277653E+10
     6911.00  0.703809E+10 0.575147E+10 0.160117E+08 0.248938E+10
     6961.00  0.620317E+10 0.652128E+10 0.188443E+09 0.209873E+10
     7011.00  0.530602E+10 0.713263E+10 0.547035E+09 0.164428E+10
     7061.00  0.439401E+10 0.755283E+10 0.107531E+10 0.117199E+10
     7111.00  0.351051E+10 0.776252E+10 0.174351E+10 0.729721E+09
     7161.00  0.269230E+10 0.775626E+10 0.251128E+10 0.362941E+09
     7211.00  0.196779E+10 0.754207E+10 0.333117E+10 0.110740E+09
     7261.00  0.135596E+10 0.714001E+10 0.415237E+10 0.260434E+07
     7311.00  0.866069E+09 0.658002E+10 0.492472E+10 0.561184E+08
     7361.00  0.498202E+09 0.589913E+10 0.560225E+10 0.275784E+09
     7411.00  0.244319E+09 0.513848E+10 0.614632E+10 0.652965E+09
     7511.00  0.158283E+08 0.354446E+10 0.672961E+10 0.178673E+10
     7611.00  0.223866E+08 0.209790E+10 0.658047E+10 0.318598E+10
     7711.00  0.991530E+08 0.100201E+10 0.578244E+10 0.451068E+10
     7811.00  0.130623E+09 0.331642E+09 0.455334E+10 0.545213E+10
     7911.00  0.835870E+08 0.418397E+08 0.317204E+10 0.581343E+10
     8011.00  0.111710E+08 0.762377E+07 0.190042E+10 0.554983E+10
     8111.00  0.304036E+08 0.790159E+08 0.922176E+09 0.476272E+10
     8211.00  0.282179E+09 0.133920E+09 0.312494E+09 0.365566E+10
     8311.00  0.885789E+09 0.114829E+09 0.416895E+08 0.246973E+10
     8411.00  0.190011E+10 0.417178E+08 0.635832E+07 0.141903E+10
     8511.00  0.330063E+10 0.724098E+06 0.753821E+08 0.643388E+09
     8611.00  0.497676E+10 0.114391E+09 0.136203E+09 0.188251E+09
     8711.00  0.674906E+10 0.503038E+09 0.129001E+09 0.127525E+08
     8811.00  0.840121E+10 0.124776E+10 0.613417E+08 0.193597E+08
     8911.00  0.971938E+10 0.236396E+10 0.189546E+07 0.939742E+08
     9011.00  0.105303E+11 0.379088E+10 0.571691E+08 0.144355E+09
     9111.00  0.107304E+11 0.539847E+10 0.338871E+09 0.127039E+09
     9211.00  0.103016E+11 0.700903E+10 0.930797E+09 0.572628E+08
     9311.00  0.931072E+10 0.842824E+10 0.186320E+10 0.139540E+07
     9411.00  0.789510E+10 0.947881E+10 0.310010E+10 0.557036E+08
     9511.00  0.623702E+10 0.100300E+11 0.454141E+10 0.318045E+09
     9611.00  0.453323E+10 0.100180E+11 0.603867E+10 0.859916E+09
     9711.00  0.296483E+10 0.945347E+10 0.742021E+10 0.170533E+10
     9811.00  0.167262E+10 0.841726E+10 0.852016E+10 0.282079E+10
     9911.00  0.741550E+09 0.704413E+10 0.920581E+10 0.411777E+10
    10011.00  0.195593E+09 0.549977E+10 0.939791E+10 0.546635E+10
    10111.00  0.270764E+07 0.395488E+10 0.908138E+10 0.671674E+10
    10211.00  0.877844E+08 0.256076E+10 0.830484E+10 0.772381E+10
    10311.00  0.350447E+09 0.143037E+10 0.717020E+10 0.837022E+10
    10411.00  0.684233E+09 0.627182E+09 0.581479E+10 0.858387E+10
    10511.00  0.993923E+09 0.162664E+09 0.438957E+10 0.834724E+10
    10611.00  0.120856E+10 0.192067E+07 0.303738E+10 0.769766E+10
    10711.00  0.128872E+10 0.754763E+08 0.187445E+10 0.671910E+10
    10811.00  0.122776E+10 0.294710E+09 0.977823E+09 0.552767E+10
    10911.00  0.104771E+10 0.568059E+09 0.379923E+09 0.425354E+10
    11011.00  0.791142E+09 0.815388E+09 0.702050E+08 0.302247E+10
    11111.00  0.510980E+09 0.978569E+09 0.288181E+07 0.193977E+10
    11211.00  0.259946E+09 0.102713E+10 0.108753E+09 0.107879E+10
    11311.00  0.813949E+08 0.958769E+09 0.308869E+09 0.475285E+09
    11411.00  0.271852E+07 0.795381E+09 0.527733E+09 0.127732E+09
    11511.00  0.319921E+08 0.575732E+09 0.704119E+09 0.287868E+07
    11611.00  0.158003E+09 0.346442E+09 0.798198E+09 0.451348E+08
    11711.00  0.353300E+09 0.152805E+09 0.794385E+09 0.187915E+09
    11811.00  0.579541E+09 0.309204E+08 0.700047E+09 0.365034E+09
    11911.00  0.794189E+09 0.214313E+07 0.540802E+09 0.520475E+09
    12011.00  0.957520E+09 0.704483E+08 0.353561E+09 0.615274E+09
    12111.00  0.103900E+10 0.222780E+09 0.178641E+09 0.630877E+09
    12211.00  0.102222E+10 0.432038E+09 0.522606E+08 0.568920E+09
    12311.00  0.907853E+09 0.662031E+09 0.479368E+06 0.447896E+09
    12411.00  0.714320E+09 0.873529E+09 0.353416E+08 0.297618E+09
    12511.00  0.476270E+09 0.103050E+10 0.153557E+09 0.152559E+09
    12611.00  0.241022E+09 0.110569E+10 0.337664E+09 0.452043E+08
    12711.00  0.635338E+08 0.108486E+10 0.559295E+09 0.412360E+06
    12811.00  0.445499E+06 0.969262E+09 0.783900E+09 0.315107E+08
    12911.00  0.103906E+09 0.776066E+09 0.976179E+09 0.138532E+09
    13011.00  0.415818E+09 0.536937E+09 0.110545E+10 0.308641E+09
    13111.00  0.963083E+09 0.294855E+09 0.115025E+10 0.518501E+09
    13211.00  0.175431E+10 0.997080E+08 0.110165E+10 0.738083E+09
    13311.00  0.277827E+10 0.313638E+07 0.964920E+09 0.935298E+09
    13411.00  0.400412E+10 0.531807E+08 0.759500E+09 0.108076E+10
    13511.00  0.538348E+10 0.289292E+09 0.517237E+09 0.115208E+10
    13611.00  0.685389E+10 0.738161E+09 0.279296E+09 0.113713E+10
    13711.00  0.834346E+10 0.141073E+10 0.920375E+08 0.103603E+10
    13811.00  0.977618E+10 0.230065E+10 0.236692E+07 0.861575E+09
    13911.00  0.110774E+11 0.338420E+10 0.530328E+08 0.638265E+09
    14011.00  0.121790E+11 0.462171E+10 0.278334E+09 0.399990E+09
    14111.00  0.130241E+11 0.596028E+10 0.700625E+09 0.186776E+09
    14211.00  0.135703E+11 0.733753E+10 0.132791E+10 0.408924E+08
    14311.00  0.137922E+11 0.868594E+10 0.215269E+10 0.277597E+07
    14411.00  0.136826E+11 0.993761E+10 0.315213E+10 0.107144E+09
    14511.00  0.132519E+11 0.110289E+11 0.428952E+10 0.379646E+09
    14611.00  0.125269E+11 0.119044E+11 0.551666E+10 0.834335E+09
    14711.00  0.115487E+11 0.125207E+11 0.677735E+10 0.147214E+10
    14811.00  0.103692E+11 0.128487E+11 0.801112E+10 0.228043E+10
    14911.00  0.904812E+10 0.128750E+11 0.915738E+10 0.323364E+10
    15011.00  0.764893E+10 0.126024E+11 0.101594E+11 0.429495E+10
    15111.00  0.623544E+10 0.120488E+11 0.109680E+11 0.541868E+10
    15211.00  0.486839E+10 0.112459E+11 0.115442E+11 0.655339E+10
    15311.00  0.360265E+10 0.102365E+11 0.118616E+11 0.764531E+10
    15411.00  0.248479E+10 0.907191E+10 0.119078E+11 0.864176E+10
    15511.00  0.155145E+10 0.780818E+10 0.116841E+11 0.949455E+10
    15611.00  0.828279E+09 0.650331E+10 0.112055E+11 0.101629E+11
    15711.00  0.329524E+09 0.521380E+10 0.104991E+11 0.106157E+11
    15811.00  0.582554E+08 0.399198E+10 0.960196E+10 0.108331E+11
    15911.00  0.709195E+07 0.288367E+10 0.855859E+10 0.108078E+11
    16011.00  0.159379E+09 0.192632E+10 0.741838E+10 0.105443E+11
    16111.00  0.490705E+09 0.114791E+10 0.623261E+10 0.100588E+11
    16211.00  0.970655E+09 0.566315E+09 0.505177E+10 0.937775E+10
    16311.00  0.156469E+10 0.189311E+09 0.392306E+10 0.853572E+10
    16411.00  0.223604E+10 0.150430E+08 0.288827E+10 0.757335E+10
    16511.00  0.294759E+10 0.329379E+08 0.198217E+10 0.653484E+10
    16611.00  0.366350E+10 0.224934E+09 0.123137E+10 0.546550E+10
    16711.00  0.435074E+10 0.566946E+09 0.653673E+09 0.440937E+10
    16811.00  0.498025E+10 0.103046E+10 0.257997E+09 0.340714E+10
    16911.00  0.552790E+10 0.158417E+10 0.446601E+08 0.249442E+10
    17011.00  0.597501E+10 0.219559E+10 0.611136E+07 0.170036E+10
    17111.00  0.630867E+10 0.283255E+10 0.127943E+09 0.104686E+10
    17211.00  0.652176E+10 0.346453E+10 0.390127E+09 0.548060E+09
    17311.00  0.661256E+10 0.406379E+10 0.768396E+09 0.210373E+09
    17411.00  0.658438E+10 0.460628E+10 0.123567E+10 0.328626E+08
    17511.00  0.644482E+10 0.507230E+10 0.176348E+10 0.792099E+07
    17611.00  0.620499E+10 0.544688E+10 0.232329E+10 0.122203E+09
    17711.00  0.587871E+10 0.571998E+10 0.288772E+10 0.357724E+09
    17811.00  0.548160E+10 0.588640E+10 0.343158E+10 0.693060E+09
    17911.00  0.503027E+10 0.594552E+10 0.393268E+10 0.110456E+10
    18011.00  0.454154E+10 0.590085E+10 0.437245E+10 0.156756E+10
    18111.00  0.403183E+10 0.575955E+10 0.473640E+10 0.205747E+10
    18211.00  0.351648E+10 0.553167E+10 0.501425E+10 0.255077E+10
    18311.00  0.300941E+10 0.522951E+10 0.519992E+10 0.302586E+10
    18411.00  0.252274E+10 0.486688E+10 0.529142E+10 0.346376E+10
    18511.00  0.206658E+10 0.445841E+10 0.529047E+10 0.384858E+10
    18611.00  0.164895E+10 0.401886E+10 0.520203E+10 0.416783E+10
    18711.00  0.127574E+10 0.356260E+10 0.503382E+10 0.441264E+10
    18811.00  0.950827E+09 0.310305E+10 0.479574E+10 0.457772E+10
    18911.00  0.676126E+09 0.265232E+10 0.449920E+10 0.466117E+10
    19011.00  0.451838E+09 0.222093E+10 0.415656E+10 0.466431E+10
    19111.00  0.276634E+09 0.181761E+10 0.378060E+10 0.459125E+10
    19311.00  0.619468E+08 0.112068E+10 0.297854E+10 0.424432E+10
    19511.00  0.557688E+04 0.594183E+09 0.218475E+10 0.369183E+10
    19711.00  0.497011E+08 0.244129E+09 0.147173E+10 0.301926E+10
    19911.00  0.167801E+09 0.556631E+08 0.887518E+09 0.231153E+10
    20111.00  0.314529E+09 0.452752E+04 0.455132E+09 0.164148E+10
    20311.00  0.457453E+09 0.412755E+08 0.175602E+09 0.106277E+10
    20511.00  0.573576E+09 0.142355E+09 0.331130E+08 0.607208E+09
    20711.00  0.649725E+09 0.269345E+09 0.994772E+06 0.285778E+09
    20911.00  0.681585E+09 0.394545E+09 0.474920E+08 0.923287E+08
    21111.00  0.671789E+09 0.497989E+09 0.140644E+09 0.854602E+07
    21311.00  0.627616E+09 0.567773E+09 0.251925E+09 0.916325E+07
    21511.00  0.558710E+09 0.599369E+09 0.358549E+09 0.665957E+08
    21711.00  0.475195E+09 0.594266E+09 0.444545E+09 0.154573E+09
    21911.00  0.386314E+09 0.558212E+09 0.500789E+09 0.250631E+09
    22111.00  0.299631E+09 0.499367E+09 0.524251E+09 0.337524E+09
    22311.00  0.220711E+09 0.426653E+09 0.516746E+09 0.403733E+09
    22511.00  0.153117E+09 0.348438E+09 0.483421E+09 0.443242E+09
    22711.00  0.986245E+08 0.271687E+09 0.431266E+09 0.454811E+09
    22911.00  0.575260E+08 0.201540E+09 0.367785E+09 0.440904E+09
    23111.00  0.289714E+08 0.141261E+09 0.299977E+09 0.406473E+09
    23311.00  0.113103E+08 0.924301E+08 0.233668E+09 0.357741E+09
    23511.00  0.241902E+07 0.552727E+08 0.173177E+09 0.301134E+09
    23711.00  0.449578E+03 0.290245E+08 0.121261E+09 0.242467E+09
    23911.00  0.184025E+07 0.122753E+08 0.792578E+08 0.186414E+09
    24111.00  0.600340E+07 0.326102E+07 0.473466E+08 0.136288E+09
    24311.00  0.109569E+08 0.959136E+05 0.248470E+08 0.940377E+08
    24511.00  0.156156E+08 0.951732E+06 0.105167E+08 0.604377E+08
    24711.00  0.193195E+08 0.418951E+07 0.280999E+07 0.353435E+08
    24911.00  0.217639E+08 0.844954E+07 0.888412E+05 0.179788E+08
    25111.00  0.229048E+08 0.127008E+08 0.783022E+06 0.718851E+07
    25311.00  0.228644E+08 0.162511E+08 0.350220E+07 0.164573E+07
    25511.00  0.218518E+08 0.187219E+08 0.710530E+07 0.297822E+04
    25711.00  0.201063E+08 0.199943E+08 0.107321E+08 0.997950E+06
    25911.00  0.178633E+08 0.201393E+08 0.138028E+08 0.352311E+07
    26111.00  0.153379E+08 0.193452E+08 0.159914E+08 0.666876E+07
    26311.00  0.127180E+08 0.178524E+08 0.171813E+08 0.974489E+07
    26511.00  0.101621E+08 0.159050E+08 0.174117E+08 0.122841E+08
    26711.00  0.779790E+07 0.137195E+08 0.168218E+08 0.140268E+08
    26911.00  0.571891E+07 0.114714E+08 0.156025E+08 0.148898E+08
         IE==>     32           33           34           35
        1.00  0.340529E+12 0.584200E+12 0.124389E+13 0.387738E+13
        2.00  0.699777E+12 0.116819E+13 0.238028E+13 0.669123E+13
        3.00  0.919879E+12 0.149182E+13 0.289945E+13 0.727447E+13
        4.00  0.101990E+13 0.160381E+13 0.296194E+13 0.654475E+13
        5.00  0.103841E+13 0.157994E+13 0.275991E+13 0.527796E+13
        6.00  0.100621E+13 0.147757E+13 0.242787E+13 0.392465E+13
        7.00  0.944308E+12 0.133444E+13 0.204851E+13 0.270774E+13
        8.00  0.866328E+12 0.117408E+13 0.166958E+13 0.171806E+13
        9.00  0.780934E+12 0.101085E+13 0.131720E+13 0.975980E+12
       10.00  0.693633E+12 0.853336E+12 0.100461E+13 0.466789E+12
       11.00  0.607937E+12 0.706574E+12 0.737360E+12 0.159976E+12
       12.00  0.526083E+12 0.573358E+12 0.516517E+12 0.195347E+11
       13.00  0.449469E+12 0.455049E+12 0.340448E+12 0.938105E+10
       14.00  0.378922E+12 0.352066E+12 0.205979E+12 0.961217E+11
       15.00  0.314879E+12 0.264212E+12 0.109102E+12 0.250342E+12
       16.00  0.257497E+12 0.190887E+12 0.454352E+11 0.447053E+12
       17.00  0.206742E+12 0.131235E+12 0.105190E+11 0.665669E+12
       18.00  0.162449E+12 0.842492E+11 0.199428E+07 0.889709E+12
       19.00  0.124359E+12 0.488411E+11 0.975742E+10 0.110639E+13
       20.00  0.921546E+11 0.238912E+11 0.359499E+11 0.130616E+13
       21.00  0.654812E+11 0.828195E+10 0.750704E+11 0.148225E+13
       22.00  0.439602E+11 0.920193E+09 0.123951E+12 0.163023E+13
       23.00  0.272019E+11 0.752901E+09 0.179764E+12 0.174758E+13
       24.00  0.148133E+11 0.677747E+10 0.240020E+12 0.183339E+13
       25.00  0.640405E+10 0.180487E+11 0.302547E+12 0.188800E+13
       26.00  0.159093E+10 0.336831E+11 0.365480E+12 0.191271E+13
       27.00  0.168512E+07 0.528614E+11 0.427237E+12 0.190956E+13
       28.00  0.127741E+10 0.748296E+11 0.486502E+12 0.188110E+13
       29.00  0.507461E+10 0.988982E+11 0.542198E+12 0.183025E+13
       30.00  0.110665E+11 0.124442E+12 0.593467E+12 0.176008E+13
       31.00  0.189440E+11 0.150896E+12 0.639652E+12 0.167379E+13
       32.00  0.284161E+11 0.177756E+12 0.680268E+12 0.157451E+13
       33.00  0.392101E+11 0.204574E+12 0.714989E+12 0.146532E+13
       34.00  0.510716E+11 0.230956E+12 0.743628E+12 0.134912E+13
       35.00  0.637645E+11 0.256556E+12 0.766116E+12 0.122863E+13
       36.00  0.770703E+11 0.281079E+12 0.782490E+12 0.110634E+13
       37.00  0.907881E+11 0.304273E+12 0.792879E+12 0.984497E+12
       38.00  0.104734E+12 0.325928E+12 0.797484E+12 0.865090E+12
       39.00  0.118740E+12 0.345872E+12 0.796572E+12 0.749852E+12
       40.00  0.132655E+12 0.363970E+12 0.790462E+12 0.640259E+12
       42.00  0.159680E+12 0.394247E+12 0.764117E+12 0.442656E+12
       44.00  0.184892E+12 0.416285E+12 0.721649E+12 0.279252E+12
       46.00  0.207585E+12 0.430006E+12 0.666506E+12 0.153627E+12
       48.00  0.227243E+12 0.435654E+12 0.602165E+12 0.665165E+11
       50.00  0.243519E+12 0.433718E+12 0.531980E+12 0.163888E+11
       52.00  0.256211E+12 0.424873E+12 0.459059E+12 0.136360E+08
       54.00  0.265240E+12 0.409927E+12 0.386191E+12 0.129808E+11
       56.00  0.270637E+12 0.389773E+12 0.315791E+12 0.501595E+11
       58.00  0.272520E+12 0.365348E+12 0.249876E+12 0.106089E+12
       60.00  0.271080E+12 0.337605E+12 0.190057E+12 0.175298E+12
       62.00  0.266566E+12 0.307479E+12 0.137547E+12 0.252558E+12
       64.00  0.259272E+12 0.275867E+12 0.931788E+11 0.333072E+12
       66.00  0.249522E+12 0.243609E+12 0.574366E+11 0.412605E+12
       68.00  0.237661E+12 0.211476E+12 0.304875E+11 0.487564E+12
       70.00  0.224043E+12 0.180158E+12 0.122223E+11 0.555036E+12
       72.00  0.209027E+12 0.150256E+12 0.229567E+10 0.612792E+12
       74.00  0.192962E+12 0.122286E+12 0.167748E+09 0.659265E+12
       76.00  0.176190E+12 0.966711E+11 0.514364E+10 0.693503E+12
       78.00  0.159036E+12 0.737463E+11 0.164118E+11 0.715112E+12
       80.00  0.141802E+12 0.537609E+11 0.330797E+11 0.724188E+12
       82.00  0.124772E+12 0.368827E+11 0.542063E+11 0.721246E+12
       84.00  0.108200E+12 0.232035E+11 0.788315E+11 0.707142E+12
       86.00  0.923156E+11 0.127448E+11 0.106002E+12 0.682999E+12
       88.00  0.773176E+11 0.546517E+10 0.134793E+12 0.650138E+12
       90.00  0.633775E+11 0.126692E+10 0.164328E+12 0.610006E+12
       92.00  0.506372E+11 0.381930E+07 0.193793E+12 0.564122E+12
       94.00  0.392103E+11 0.148837E+10 0.222448E+12 0.514020E+12
       96.00  0.291829E+11 0.549913E+10 0.249635E+12 0.461203E+12
       98.00  0.206144E+11 0.117878E+11 0.274786E+12 0.407107E+12
      100.00  0.135397E+11 0.200859E+11 0.297424E+12 0.353067E+12
      102.00  0.797003E+10 0.301110E+11 0.317162E+12 0.300295E+12
      104.00  0.389529E+10 0.415730E+11 0.333707E+12 0.249863E+12
      106.00  0.128571E+10 0.541790E+11 0.346854E+12 0.202690E+12
      108.00  0.938558E+08 0.676384E+11 0.356481E+12 0.159537E+12
      110.00  0.256652E+09 0.816677E+11 0.362547E+12 0.121004E+12
      112.00  0.169740E+10 0.959936E+11 0.365080E+12 0.875335E+11
      114.00  0.432780E+10 0.110357E+12 0.364176E+12 0.594186E+11
      116.00  0.804996E+10 0.124515E+12 0.359989E+12 0.368081E+11
      118.00  0.127583E+11 0.138245E+12 0.352722E+12 0.197199E+11
      122.00  0.246840E+11 0.163630E+12 0.329960E+12 0.160241E+10
      126.00  0.391752E+11 0.185159E+12 0.298215E+12 0.309067E+10
      130.00  0.552875E+11 0.201851E+12 0.260115E+12 0.210031E+11
      134.00  0.721054E+11 0.213095E+12 0.218383E+12 0.514132E+11
      138.00  0.887782E+11 0.218631E+12 0.175648E+12 0.900722E+11
      142.00  0.104548E+12 0.218519E+12 0.134307E+12 0.132771E+12
      146.00  0.118768E+12 0.213092E+12 0.964107E+11 0.175630E+12
      150.00  0.130919E+12 0.202907E+12 0.635957E+11 0.215311E+12
      154.00  0.140612E+12 0.188692E+12 0.370491E+11 0.249148E+12
      158.00  0.147588E+12 0.171289E+12 0.175018E+11 0.275220E+12
      162.00  0.151716E+12 0.151609E+12 0.524867E+10 0.292354E+12
      166.00  0.152981E+12 0.130579E+12 0.187567E+09 0.300083E+12
      170.00  0.151473E+12 0.109103E+12 0.187330E+10 0.298572E+12
      174.00  0.147376E+12 0.880269E+11 0.958020E+10 0.288517E+12
      178.00  0.140946E+12 0.681126E+11 0.223698E+11 0.271032E+12
      182.00  0.132502E+12 0.500128E+11 0.391592E+11 0.247526E+12
      186.00  0.122406E+12 0.342581E+11 0.587875E+11 0.219586E+12
      190.00  0.111045E+12 0.212492E+11 0.800759E+11 0.188870E+12
      194.00  0.988189E+11 0.112539E+11 0.101882E+12 0.157012E+12
      198.00  0.861266E+11 0.441051E+10 0.123146E+12 0.125536E+12
      202.00  0.733519E+11 0.735018E+09 0.142923E+12 0.957994E+11
      206.00  0.608544E+11 0.131876E+09 0.160414E+12 0.689424E+11
      210.00  0.489605E+11 0.240748E+10 0.174982E+12 0.458625E+11
      214.00  0.379567E+11 0.728555E+10 0.186161E+12 0.271995E+11
      218.00  0.280846E+11 0.144237E+11 0.193657E+12 0.133358E+11
      222.00  0.195375E+11 0.234304E+11 0.197342E+12 0.440857E+10
      226.00  0.124589E+11 0.338821E+11 0.197245E+12 0.331049E+09
      230.00  0.694281E+10 0.453393E+11 0.193534E+12 0.820823E+09
      234.00  0.303480E+10 0.573614E+11 0.186496E+12 0.543301E+10
      238.00  0.734714E+09 0.695208E+11 0.176518E+12 0.135961E+11
      242.00  0.200915E+06 0.814145E+11 0.164063E+12 0.246483E+11
      246.00  0.751058E+09 0.926741E+11 0.149646E+12 0.378738E+11
      250.00  0.287412E+10 0.102974E+12 0.133812E+12 0.525355E+11
      254.00  0.622860E+10 0.112038E+12 0.117120E+12 0.679064E+11
      258.00  0.106516E+11 0.119641E+12 0.100113E+12 0.832957E+11
      262.00  0.159639E+11 0.125617E+12 0.833136E+11 0.980708E+11
      266.00  0.219754E+11 0.129851E+12 0.671990E+11 0.111675E+12
      270.00  0.284903E+11 0.132287E+12 0.521952E+11 0.123640E+12
      274.00  0.353126E+11 0.132920E+12 0.386660E+11 0.133595E+12
      282.00  0.491207E+11 0.128987E+12 0.171424E+11 0.146489E+12
      290.00  0.619865E+11 0.118892E+12 0.412972E+10 0.149368E+12
      298.00  0.727347E+11 0.103990E+12 0.191424E+07 0.142672E+12
      306.00  0.804987E+11 0.859593E+11 0.412790E+10 0.127969E+12
      314.00  0.847568E+11 0.665968E+11 0.150824E+11 0.107585E+12
      322.00  0.853333E+11 0.476390E+11 0.309056E+11 0.842003E+11
      330.00  0.823724E+11 0.306125E+11 0.493757E+11 0.604895E+11
      338.00  0.762903E+11 0.167258E+11 0.682642E+11 0.388246E+11
      346.00  0.677130E+11 0.680281E+10 0.855524E+11 0.210641E+11
      354.00  0.574060E+11 0.125902E+10 0.995956E+11 0.843359E+10
      362.00  0.462032E+11 0.113872E+09 0.109228E+12 0.149217E+10
      370.00  0.349382E+11 0.303395E+10 0.113807E+12 0.172459E+09
      378.00  0.243852E+11 0.939861E+10 0.113208E+12 0.387587E+10
      386.00  0.152107E+11 0.183796E+11 0.107770E+12 0.116041E+11
      394.00  0.793783E+10 0.290263E+11 0.982121E+11 0.221073E+11
      402.00  0.292503E+10 0.403498E+11 0.855311E+11 0.340325E+11
      410.00  0.357578E+09 0.513994E+11 0.708858E+11 0.460585E+11
      418.00  0.251246E+09 0.613276E+11 0.554871E+11 0.570076E+11
      426.00  0.246643E+10 0.694394E+11 0.404962E+11 0.659283E+11
      434.00  0.673044E+10 0.752255E+11 0.269406E+11 0.721465E+11
      442.00  0.126656E+11 0.783795E+11 0.156508E+11 0.752863E+11
      450.00  0.198208E+11 0.787981E+11 0.721925E+10 0.752634E+11
      458.00  0.277039E+11 0.765699E+11 0.198185E+10 0.722567E+11
      466.00  0.358138E+11 0.719512E+11 0.203054E+08 0.666628E+11
      474.00  0.436692E+11 0.653346E+11 0.118183E+10 0.590400E+11
      482.00  0.508341E+11 0.572120E+11 0.511311E+10 0.500474E+11
      490.00  0.569379E+11 0.481349E+11 0.113040E+11 0.403846E+11
      498.00  0.616897E+11 0.386760E+11 0.191366E+11 0.307367E+11
      506.00  0.648880E+11 0.293930E+11 0.279364E+11 0.217270E+11
      514.00  0.664239E+11 0.207966E+11 0.370212E+11 0.138798E+11
      522.00  0.662794E+11 0.133254E+11 0.457450E+11 0.759530E+10
      530.00  0.645217E+11 0.732558E+10 0.535356E+11 0.313502E+10
      538.00  0.612932E+11 0.303972E+10 0.599230E+11 0.619014E+09
      546.00  0.567985E+11 0.600905E+09 0.645591E+11 0.321728E+08
      554.00  0.512900E+11 0.341783E+08 0.672276E+11 0.123873E+10
      562.00  0.450522E+11 0.126345E+10 0.678456E+11 0.400269E+10
      570.00  0.383857E+11 0.412313E+10 0.664565E+11 0.801211E+10
      578.00  0.315922E+11 0.837349E+10 0.632177E+11 0.129055E+11
      586.00  0.249605E+11 0.137184E+11 0.583815E+11 0.182980E+11
      596.00  0.172964E+11 0.214289E+11 0.505907E+11 0.251592E+11
      606.00  0.107290E+11 0.296421E+11 0.415535E+11 0.315134E+11
      616.00  0.558516E+10 0.376845E+11 0.320540E+11 0.367822E+11
      626.00  0.207126E+10 0.449438E+11 0.228538E+11 0.405373E+11
      636.00  0.269819E+09 0.509081E+11 0.146324E+11 0.425204E+11
      646.00  0.144871E+09 0.551943E+11 0.794128E+10 0.426470E+11
      656.00  0.155449E+10 0.575643E+11 0.317202E+10 0.409954E+11
      666.00  0.426901E+10 0.579294E+11 0.541058E+09 0.377833E+11
      676.00  0.799315E+10 0.563434E+11 0.888321E+08 0.333363E+11
      686.00  0.123901E+11 0.529875E+11 0.169243E+10 0.280519E+11
      696.00  0.171060E+11 0.481468E+11 0.508882E+10 0.223614E+11
      706.00  0.217932E+11 0.421840E+11 0.990591E+10 0.166938E+11
      716.00  0.261310E+11 0.355086E+11 0.156982E+11 0.114444E+11
      726.00  0.298432E+11 0.285473E+11 0.219841E+11 0.694791E+10
      736.00  0.327106E+11 0.217157E+11 0.282822E+11 0.346035E+10
      746.00  0.345805E+11 0.153928E+11 0.341434E+11 0.114727E+10
      756.00  0.353698E+11 0.990081E+10 0.391789E+11 0.802093E+08
      766.00  0.350655E+11 0.549000E+10 0.430802E+11 0.239815E+09
      776.00  0.337200E+11 0.232923E+10 0.456331E+11 0.152493E+10
      786.00  0.314436E+11 0.502275E+09 0.467236E+11 0.376628E+10
      796.00  0.283949E+11 0.942584E+07 0.463371E+11 0.674336E+10
      806.00  0.247680E+11 0.773898E+09 0.445519E+11 0.102031E+11
      816.00  0.207805E+11 0.265212E+10 0.415264E+11 0.138789E+11
      826.00  0.166597E+11 0.544695E+10 0.374838E+11 0.175087E+11
      836.00  0.126300E+11 0.892285E+10 0.326935E+11 0.208510E+11
      846.00  0.890159E+10 0.128218E+11 0.274513E+11 0.236987E+11
      856.00  0.566033E+10 0.168795E+11 0.220606E+11 0.258886E+11
      866.00  0.305966E+10 0.208397E+11 0.168138E+11 0.273081E+11
      876.00  0.121486E+10 0.244685E+11 0.119766E+11 0.278986E+11
      886.00  0.199440E+09 0.275646E+11 0.777477E+10 0.276539E+11
      896.00  0.438985E+08 0.299679E+11 0.438465E+10 0.266177E+11
      906.00  0.736636E+09 0.315655E+11 0.192683E+10 0.248766E+11
      916.00  0.222677E+10 0.322941E+11 0.463715E+09 0.225521E+11
      926.00  0.442859E+10 0.321400E+11 0.313036E+06 0.197915E+11
      936.00  0.722736E+10 0.311368E+11 0.488111E+09 0.167574E+11
      946.00  0.104860E+11 0.293606E+11 0.183146E+10 0.136176E+11
      956.00  0.140525E+11 0.269235E+11 0.389594E+10 0.105357E+11
      966.00  0.177670E+11 0.239658E+11 0.651812E+10 0.766228E+10
      976.00  0.214698E+11 0.206476E+11 0.951598E+10 0.512775E+10
      986.00  0.250074E+11 0.171397E+11 0.126995E+11 0.303679E+10
      996.00  0.282392E+11 0.136147E+11 0.158810E+11 0.146463E+10
     1006.00  0.310423E+11 0.102393E+11 0.188840E+11 0.455070E+09
     1016.00  0.333161E+11 0.716600E+10 0.215518E+11 0.204178E+08
     1026.00  0.349848E+11 0.452759E+10 0.237534E+11 0.142945E+09
     1036.00  0.359991E+11 0.243171E+10 0.253889E+11 0.777829E+09
     1046.00  0.363371E+11 0.957515E+09 0.263914E+11 0.185722E+10
     1056.00  0.360035E+11 0.153624E+09 0.267291E+11 0.329519E+10
     1066.00  0.350279E+11 0.375544E+08 0.264041E+11 0.499316E+10
     1076.00  0.334623E+11 0.596576E+09 0.254500E+11 0.684558E+10
     1086.00  0.313782E+11 0.178979E+10 0.239293E+11 0.874556E+10
     1096.00  0.288623E+11 0.355126E+10 0.219278E+11 0.105901E+11
     1106.00  0.260131E+11 0.579404E+10 0.195500E+11 0.122848E+11
     1116.00  0.229359E+11 0.841479E+10 0.169130E+11 0.137477E+11
     1126.00  0.197389E+11 0.112988E+11 0.141407E+11 0.149127E+11
     1136.00  0.165290E+11 0.143251E+11 0.113578E+11 0.157311E+11
     1146.00  0.134080E+11 0.173717E+11 0.868445E+10 0.161735E+11
     1156.00  0.104691E+11 0.203204E+11 0.623101E+10 0.162292E+11
     1166.00  0.779426E+10 0.230609E+11 0.409419E+10 0.159063E+11
     1176.00  0.545162E+10 0.254952E+11 0.235346E+10 0.152296E+11
     1186.00  0.349412E+10 0.275402E+11 0.106868E+10 0.142390E+11
     1196.00  0.195835E+10 0.291302E+11 0.278627E+09 0.129866E+11
     1206.00  0.864302E+09 0.302187E+11 0.468249E+06 0.115336E+11
     1216.00  0.215535E+09 0.307790E+11 0.230161E+09 0.994762E+10
     1226.00  0.516036E+05 0.308041E+11 0.943667E+09 0.829883E+10
     1236.00  0.191585E+09 0.303060E+11 0.209890E+10 0.665721E+10
     1246.00  0.751329E+09 0.293143E+11 0.363823E+10 0.508951E+10
     1256.00  0.162999E+10 0.278745E+11 0.549152E+10 0.365662E+10
     1266.00  0.277006E+10 0.260450E+11 0.757934E+10 0.241144E+10
     1276.00  0.410829E+10 0.238951E+11 0.981649E+10 0.139707E+10
     1286.00  0.557811E+10 0.215015E+11 0.121154E+11 0.645651E+09
     1296.00  0.711215E+10 0.189455E+11 0.143895E+11 0.177634E+09
     1306.00  0.864451E+10 0.163101E+11 0.165565E+11 0.157160E+07
     1316.00  0.101129E+11 0.136768E+11 0.185407E+11 0.114406E+09
     1326.00  0.114608E+11 0.111231E+11 0.202761E+11 0.502174E+09
     1336.00  0.126385E+11 0.872023E+10 0.217075E+11 0.114110E+10
     1346.00  0.136051E+11 0.653074E+10 0.227925E+11 0.199898E+10
     1356.00  0.143290E+11 0.460730E+10 0.235022E+11 0.303680E+10
     1366.00  0.147885E+11 0.299124E+10 0.238213E+11 0.421055E+10
     1376.00  0.149723E+11 0.171190E+10 0.237483E+11 0.547303E+10
     1386.00  0.148792E+11 0.786225E+09 0.232948E+11 0.677574E+10
     1396.00  0.145178E+11 0.218958E+09 0.224841E+11 0.807067E+10
     1406.00  0.139058E+11 0.307930E+07 0.213506E+11 0.931200E+10
     1416.00  0.130687E+11 0.120675E+09 0.199372E+11 0.104575E+11
     1426.00  0.120392E+11 0.544092E+09 0.182943E+11 0.114700E+11
     1436.00  0.108558E+11 0.123733E+10 0.164773E+11 0.123181E+11
     1446.00  0.956079E+10 0.215764E+10 0.145444E+11 0.129774E+11
     1456.00  0.819957E+10 0.325723E+10 0.125552E+11 0.134304E+11
     1466.00  0.681866E+10 0.448503E+10 0.105682E+11 0.136673E+11
     1476.00  0.546441E+10 0.578849E+10 0.863903E+10 0.136856E+11
     1486.00  0.418157E+10 0.711534E+10 0.681919E+10 0.134898E+11
     1496.00  0.301204E+10 0.841516E+10 0.515422E+10 0.130912E+11
     1506.00  0.199372E+10 0.964090E+10 0.368278E+10 0.125069E+11
     1516.00  0.115951E+10 0.107502E+11 0.243575E+10 0.117589E+11
     1526.00  0.536556E+09 0.117065E+11 0.143565E+10 0.108737E+11
     1536.00  0.145622E+09 0.124798E+11 0.696401E+09 0.988046E+10
     1546.00  0.709164E+06 0.130474E+11 0.223280E+09 0.881063E+10
     1556.00  0.108864E+09 0.133942E+11 0.132320E+08 0.769644E+10
     1566.00  0.470181E+09 0.135129E+11 0.553664E+08 0.657008E+10
     1576.00  0.107800E+10 0.134038E+11 0.331682E+09 0.546263E+10
     1586.00  0.191925E+10 0.130745E+11 0.817970E+09 0.440317E+10
     1596.00  0.297503E+10 0.125395E+11 0.148485E+10 0.341805E+10
     1606.00  0.422120E+10 0.118192E+11 0.229892E+10 0.253020E+10
     1616.00  0.562915E+10 0.109394E+11 0.322395E+10 0.175861E+10
     1626.00  0.716672E+10 0.993013E+10 0.422210E+10 0.111799E+10
     1636.00  0.879901E+10 0.882477E+10 0.525514E+10 0.618510E+09
     1646.00  0.104894E+11 0.765882E+10 0.628560E+10 0.265760E+09
     1656.00  0.122004E+11 0.646891E+10 0.727784E+10 0.607980E+08
     1666.00  0.138947E+11 0.529170E+10 0.819902E+10 0.339677E+06
     1676.00  0.155361E+11 0.416284E+10 0.901995E+10 0.770696E+08
     1686.00  0.170899E+11 0.311604E+10 0.971577E+10 0.280048E+09
     1696.00  0.185243E+11 0.218219E+10 0.102665E+11 0.595201E+09
     1706.00  0.198108E+11 0.138860E+10 0.106574E+11 0.100588E+10
     1716.00  0.209244E+11 0.758389E+09 0.108791E+11 0.149344E+10
     1726.00  0.218446E+11 0.309978E+09 0.109280E+11 0.203791E+10
     1736.00  0.225554E+11 0.567472E+08 0.108054E+11 0.261857E+10
     1746.00  0.230456E+11 0.683298E+07 0.105181E+11 0.321462E+10
     1756.00  0.233089E+11 0.163064E+09 0.100774E+11 0.380573E+10
     1766.00  0.233437E+11 0.523036E+09 0.949914E+10 0.437264E+10
     1776.00  0.231533E+11 0.107932E+10 0.880241E+10 0.489761E+10
     1786.00  0.227454E+11 0.181977E+10 0.800949E+10 0.536486E+10
     1796.00  0.221319E+11 0.272798E+10 0.714488E+10 0.576096E+10
     1806.00  0.213284E+11 0.378377E+10 0.623457E+10 0.607508E+10
     1816.00  0.203536E+11 0.496377E+10 0.530533E+10 0.629918E+10
     1826.00  0.192293E+11 0.624210E+10 0.438392E+10 0.642812E+10
     1836.00  0.179793E+11 0.759100E+10 0.349641E+10 0.645972E+10
     1846.00  0.166288E+11 0.898157E+10 0.266751E+10 0.639466E+10
     1856.00  0.152044E+11 0.103844E+11 0.191997E+10 0.623638E+10
     1866.00  0.137328E+11 0.117704E+11 0.127403E+10 0.599091E+10
     1876.00  0.122406E+11 0.131112E+11 0.747015E+09 0.566657E+10
     1886.00  0.107539E+11 0.143801E+11 0.352948E+09 0.527370E+10
     1896.00  0.929722E+10 0.155522E+11 0.102310E+09 0.482430E+10
     1906.00  0.789375E+10 0.166052E+11 0.187739E+07 0.433168E+10
     1916.00  0.656444E+10 0.175198E+11 0.546584E+08 0.381005E+10
     1926.00  0.532782E+10 0.182799E+11 0.259926E+09 0.327415E+10
     1936.00  0.419979E+10 0.188727E+11 0.613339E+09 0.273881E+10
     1946.00  0.319330E+10 0.192894E+11 0.110714E+10 0.221859E+10
     1956.00  0.231830E+10 0.195246E+11 0.173044E+10 0.172746E+10
     1966.00  0.158163E+10 0.195766E+11 0.246955E+10 0.127837E+10
     1976.00  0.987019E+09 0.194477E+11 0.330838E+10 0.883053E+09
     1986.00  0.535177E+09 0.191432E+11 0.422885E+10 0.551696E+09
     1996.00  0.223898E+09 0.186717E+11 0.521138E+10 0.292770E+09
     2006.00  0.482435E+08 0.180450E+11 0.623537E+10 0.112857E+09
     2016.00  0.772928E+06 0.172773E+11 0.727964E+10 0.165402E+08
     2026.00  0.718089E+08 0.163848E+11 0.832297E+10 0.634635E+07
     2036.00  0.249741E+09 0.153859E+11 0.934453E+10 0.827389E+08
     2046.00  0.521357E+09 0.143002E+11 0.103243E+11 0.244160E+09
     2056.00  0.872184E+09 0.131480E+11 0.112435E+11 0.487115E+09
     2066.00  0.128685E+10 0.119504E+11 0.120851E+11 0.806308E+09
     2076.00  0.174946E+10 0.107285E+11 0.128336E+11 0.119480E+10
     2086.00  0.224390E+10 0.950274E+10 0.134760E+11 0.164422E+10
     2096.00  0.275426E+10 0.829318E+10 0.140015E+11 0.214497E+10
     2106.00  0.326508E+10 0.711854E+10 0.144020E+11 0.268649E+10
     2116.00  0.376172E+10 0.599616E+10 0.146718E+11 0.325750E+10
     2126.00  0.423058E+10 0.494163E+10 0.148079E+11 0.384627E+10
     2136.00  0.465938E+10 0.396863E+10 0.148100E+11 0.444090E+10
     2146.00  0.503737E+10 0.308864E+10 0.146801E+11 0.502955E+10
     2156.00  0.535544E+10 0.231092E+10 0.144229E+11 0.560072E+10
     2166.00  0.560631E+10 0.164233E+10 0.140451E+11 0.614347E+10
     2176.00  0.578461E+10 0.108738E+10 0.135555E+11 0.664763E+10
     2186.00  0.588688E+10 0.648170E+09 0.129647E+11 0.710399E+10
     2196.00  0.591162E+10 0.324504E+09 0.122848E+11 0.750448E+10
     2206.00  0.585925E+10 0.113975E+09 0.115290E+11 0.784228E+10
     2216.00  0.573203E+10 0.121078E+08 0.107116E+11 0.811192E+10
     2226.00  0.553395E+10 0.125417E+08 0.984747E+10 0.830939E+10
     2236.00  0.527063E+10 0.107234E+09 0.895171E+10 0.843210E+10
     2246.00  0.494914E+10 0.286691E+09 0.803948E+10 0.847898E+10
     2256.00  0.457782E+10 0.540221E+09 0.712566E+10 0.845037E+10
     2266.00  0.416608E+10 0.856190E+09 0.622457E+10 0.834800E+10
     2276.00  0.372419E+10 0.122230E+10 0.534974E+10 0.817495E+10
     2286.00  0.326306E+10 0.162585E+10 0.451366E+10 0.793545E+10
     2296.00  0.279402E+10 0.205400E+10 0.372763E+10 0.763487E+10
     2306.00  0.232855E+10 0.249408E+10 0.300154E+10 0.727947E+10
     2316.00  0.187813E+10 0.293374E+10 0.234379E+10 0.687633E+10
     2326.00  0.145395E+10 0.336129E+10 0.176116E+10 0.643314E+10
     2336.00  0.106673E+10 0.376580E+10 0.125878E+10 0.595805E+10
     2346.00  0.726560E+09 0.413739E+10 0.840083E+09 0.545948E+10
     2356.00  0.442664E+09 0.446731E+10 0.506796E+09 0.494598E+10
     2366.00  0.223291E+09 0.474812E+10 0.259016E+09 0.442604E+10
     2376.00  0.755643E+08 0.497374E+10 0.952493E+08 0.390792E+10
     2386.00  0.536937E+07 0.513959E+10 0.125167E+08 0.339955E+10
     2396.00  0.172698E+08 0.524258E+10 0.646803E+07 0.290836E+10
     2406.00  0.114444E+09 0.528114E+10 0.715230E+08 0.244116E+10
     2416.00  0.298650E+09 0.525519E+10 0.201027E+09 0.200405E+10
     2426.00  0.570211E+09 0.516613E+10 0.387422E+09 0.160234E+10
     2436.00  0.928027E+09 0.501673E+10 0.622425E+09 0.124047E+10
     2446.00  0.136961E+10 0.481106E+10 0.897216E+09 0.921979E+09
     2456.00  0.189116E+10 0.455438E+10 0.120263E+10 0.649461E+09
     2466.00  0.248759E+10 0.425299E+10 0.152933E+10 0.424574E+09
     2476.00  0.315269E+10 0.391411E+10 0.186802E+10 0.248036E+09
     2486.00  0.387919E+10 0.354569E+10 0.220958E+10 0.119660E+09
     2496.00  0.465889E+10 0.315627E+10 0.254527E+10 0.383953E+08
     2506.00  0.548284E+10 0.275482E+10 0.286686E+10 0.237961E+07
     2516.00  0.634141E+10 0.235051E+10 0.316678E+10 0.901324E+07
     2526.00  0.722452E+10 0.195259E+10 0.343823E+10 0.550369E+08
     2536.00  0.812175E+10 0.157022E+10 0.367527E+10 0.136621E+09
     2546.00  0.902250E+10 0.121226E+10 0.387295E+10 0.249460E+09
     2556.00  0.991617E+10 0.887175E+09 0.402732E+10 0.388873E+09
     2566.00  0.107923E+11 0.602850E+09 0.413549E+10 0.549906E+09
     2576.00  0.116406E+11 0.366481E+09 0.419565E+10 0.727437E+09
     2586.00  0.124514E+11 0.184457E+09 0.420708E+10 0.916273E+09
     2596.00  0.132154E+11 0.622599E+08 0.417013E+10 0.111125E+10
     2606.00  0.139241E+11 0.438892E+07 0.408615E+10 0.130734E+10
     2616.00  0.145697E+11 0.142946E+08 0.395751E+10 0.149971E+10
     2626.00  0.151452E+11 0.943373E+08 0.378744E+10 0.168383E+10
     2636.00  0.156446E+11 0.245762E+09 0.358001E+10 0.185554E+10
     2646.00  0.160630E+11 0.468693E+09 0.334002E+10 0.201111E+10
     2656.00  0.163963E+11 0.762144E+09 0.307289E+10 0.214727E+10
     2666.00  0.166418E+11 0.112405E+10 0.278455E+10 0.226131E+10
     2676.00  0.167975E+11 0.155130E+10 0.248132E+10 0.235103E+10
     2686.00  0.168629E+11 0.203983E+10 0.216980E+10 0.241485E+10
     2696.00  0.168381E+11 0.258465E+10 0.185673E+10 0.245174E+10
     2706.00  0.167247E+11 0.317997E+10 0.154890E+10 0.246129E+10
     2716.00  0.165250E+11 0.381927E+10 0.125298E+10 0.244364E+10
     2726.00  0.162424E+11 0.449542E+10 0.975453E+09 0.239948E+10
     2736.00  0.158809E+11 0.520078E+10 0.722502E+09 0.233006E+10
     2746.00  0.154457E+11 0.592732E+10 0.499884E+09 0.223708E+10
     2756.00  0.149424E+11 0.666675E+10 0.312864E+09 0.212271E+10
     2766.00  0.143774E+11 0.741063E+10 0.166122E+09 0.198951E+10
     2776.00  0.137574E+11 0.815047E+10 0.636933E+08 0.184039E+10
     2786.00  0.130898E+11 0.887789E+10 0.890423E+07 0.167853E+10
     2796.00  0.123822E+11 0.958470E+10 0.433242E+07 0.150735E+10
     2806.00  0.116423E+11 0.102630E+11 0.517741E+08 0.133042E+10
     2816.00  0.108780E+11 0.109053E+11 0.152226E+09 0.115139E+10
     2826.00  0.100973E+11 0.115047E+11 0.305879E+09 0.973969E+09
     2836.00  0.930800E+10 0.120547E+11 0.512125E+09 0.801823E+09
     2846.00  0.851776E+10 0.125496E+11 0.769579E+09 0.638530E+09
     2856.00  0.773395E+10 0.129844E+11 0.107610E+10 0.487518E+09
     2866.00  0.696360E+10 0.133548E+11 0.142885E+10 0.352019E+09
     2876.00  0.621332E+10 0.136573E+11 0.182432E+10 0.235014E+09
     2886.00  0.548922E+10 0.138893E+11 0.225840E+10 0.139190E+09
     2896.00  0.479686E+10 0.140490E+11 0.272647E+10 0.669070E+08
     2906.00  0.414120E+10 0.141355E+11 0.322342E+10 0.201587E+08
     2916.00  0.352657E+10 0.141488E+11 0.374376E+10 0.551804E+06
     2926.00  0.295664E+10 0.140894E+11 0.428173E+10 0.928408E+07
     2936.00  0.243436E+10 0.139591E+11 0.483131E+10 0.471320E+08
     2946.00  0.196203E+10 0.137600E+11 0.538638E+10 0.114444E+09
     2956.00  0.154120E+10 0.134951E+11 0.594074E+10 0.211141E+09
     2966.00  0.117278E+10 0.131682E+11 0.648825E+10 0.336721E+09
     2976.00  0.856956E+09 0.127834E+11 0.702288E+10 0.490272E+09
     2986.00  0.593306E+09 0.123455E+11 0.753878E+10 0.670490E+09
     2996.00  0.380768E+09 0.118597E+11 0.803037E+10 0.875701E+09
     3006.00  0.217705E+09 0.113317E+11 0.849241E+10 0.110389E+10
     3016.00  0.101947E+09 0.107674E+11 0.892004E+10 0.135273E+10
     3026.00  0.308384E+08 0.101728E+11 0.930888E+10 0.161961E+10
     3036.00  0.129299E+07 0.955422E+10 0.965501E+10 0.190171E+10
     3046.00  0.985267E+07 0.891800E+10 0.995506E+10 0.219597E+10
     3056.00  0.527475E+08 0.827043E+10 0.102062E+11 0.249923E+10
     3066.00  0.125958E+09 0.761773E+10 0.104063E+11 0.280818E+10
     3076.00  0.225279E+09 0.696596E+10 0.105537E+11 0.311945E+10
     3086.00  0.346384E+09 0.632095E+10 0.106473E+11 0.342967E+10
     3096.00  0.484884E+09 0.568823E+10 0.106869E+11 0.373547E+10
     3106.00  0.636395E+09 0.507299E+10 0.106726E+11 0.403357E+10
     3116.00  0.796594E+09 0.448004E+10 0.106052E+11 0.432078E+10
     3126.00  0.961273E+09 0.391372E+10 0.104860E+11 0.459406E+10
     3136.00  0.112640E+10 0.337793E+10 0.103171E+11 0.485055E+10
     3146.00  0.128815E+10 0.287604E+10 0.101006E+11 0.508760E+10
     3156.00  0.144299E+10 0.241091E+10 0.983953E+10 0.530281E+10
     3166.00  0.158765E+10 0.198486E+10 0.953708E+10 0.549405E+10
     3176.00  0.171924E+10 0.159964E+10 0.919683E+10 0.565948E+10
     3186.00  0.183521E+10 0.125647E+10 0.882271E+10 0.579756E+10
     3196.00  0.193342E+10 0.956043E+09 0.841888E+10 0.590709E+10
     3206.00  0.201212E+10 0.698489E+09 0.798970E+10 0.598716E+10
     3216.00  0.206999E+10 0.483448E+09 0.753966E+10 0.603724E+10
     3226.00  0.210613E+10 0.310069E+09 0.707334E+10 0.605711E+10
     3236.00  0.212010E+10 0.177046E+09 0.659537E+10 0.604688E+10
     3246.00  0.211183E+10 0.826505E+08 0.611031E+10 0.600699E+10
     3256.00  0.208171E+10 0.247698E+08 0.562268E+10 0.593818E+10
     3266.00  0.203050E+10 0.949696E+06 0.513685E+10 0.584149E+10
     3276.00  0.195935E+10 0.843842E+07 0.465703E+10 0.571823E+10
     3286.00  0.186975E+10 0.442331E+08 0.418719E+10 0.556997E+10
     3296.00  0.176354E+10 0.105128E+09 0.373106E+10 0.539851E+10
     3306.00  0.164284E+10 0.187763E+09 0.329208E+10 0.520584E+10
     3316.00  0.151002E+10 0.288674E+09 0.287338E+10 0.499414E+10
     3326.00  0.136771E+10 0.404340E+09 0.247770E+10 0.476572E+10
     3336.00  0.121869E+10 0.531231E+09 0.210747E+10 0.452302E+10
     3346.00  0.106591E+10 0.665858E+09 0.176471E+10 0.426856E+10
     3356.00  0.912421E+09 0.804812E+09 0.145105E+10 0.400489E+10
     3366.00  0.761332E+09 0.944808E+09 0.116772E+10 0.373460E+10
     3376.00  0.615782E+09 0.108272E+10 0.915587E+09 0.346026E+10
     3386.00  0.478894E+09 0.121564E+10 0.695093E+09 0.318442E+10
     3396.00  0.353733E+09 0.134086E+10 0.506318E+09 0.290953E+10
     3406.00  0.243272E+09 0.145595E+10 0.348971E+09 0.263798E+10
     3416.00  0.150352E+09 0.155877E+10 0.222413E+09 0.237200E+10
     3426.00  0.776484E+08 0.164746E+10 0.125677E+09 0.211373E+10
     3436.00  0.276433E+08 0.172050E+10 0.574922E+08 0.186509E+10
     3446.00  0.259173E+07 0.177669E+10 0.163137E+08 0.162788E+10
     3456.00  0.449838E+07 0.181515E+10 0.348386E+06 0.140366E+10
     3466.00  0.350944E+08 0.183538E+10 0.758846E+07 0.119381E+10
     3476.00  0.958184E+08 0.183717E+10 0.358443E+08 0.999489E+09
     3486.00  0.187801E+09 0.182068E+10 0.827782E+08 0.821638E+09
     3496.00  0.311852E+09 0.178636E+10 0.145939E+09 0.660973E+09
     3506.00  0.468453E+09 0.173499E+10 0.222798E+09 0.517987E+09
     3516.00  0.657752E+09 0.166763E+10 0.310781E+09 0.392952E+09
     3526.00  0.879565E+09 0.158561E+10 0.407307E+09 0.285924E+09
     3536.00  0.113337E+10 0.149052E+10 0.509814E+09 0.196750E+09
     3546.00  0.141833E+10 0.138416E+10 0.615799E+09 0.125078E+09
     3556.00  0.173329E+10 0.126854E+10 0.722841E+09 0.703698E+08
     3566.00  0.207677E+10 0.114582E+10 0.828633E+09 0.319134E+08
     3576.00  0.244704E+10 0.101831E+10 0.931006E+09 0.883884E+07
     3586.00  0.284206E+10 0.888418E+09 0.102795E+10 0.135030E+06
     3596.00  0.325957E+10 0.758635E+09 0.111765E+10 0.466762E+07
     3606.00  0.369707E+10 0.631487E+09 0.119847E+10 0.211978E+08
     3616.00  0.415186E+10 0.509512E+09 0.126901E+10 0.484016E+08
     3626.00  0.462105E+10 0.395228E+09 0.132808E+10 0.848900E+08
     3636.00  0.510164E+10 0.291100E+09 0.137473E+10 0.129228E+09
     3646.00  0.559046E+10 0.199512E+09 0.140826E+10 0.179956E+09
     3656.00  0.608430E+10 0.122740E+09 0.142821E+10 0.235608E+09
     3666.00  0.657985E+10 0.629218E+08 0.143436E+10 0.294729E+09
     3676.00  0.707378E+10 0.220392E+08 0.142673E+10 0.355895E+09
     3686.00  0.756278E+10 0.189007E+07 0.140557E+10 0.417732E+09
     3696.00  0.804354E+10 0.407128E+07 0.137138E+10 0.478927E+09
     3706.00  0.851283E+10 0.299608E+08 0.132484E+10 0.538246E+09
     3716.00  0.896748E+10 0.807031E+08 0.126686E+10 0.594544E+09
     3726.00  0.940446E+10 0.157197E+09 0.119853E+10 0.646782E+09
     3736.00  0.982086E+10 0.260087E+09 0.112109E+10 0.694031E+09
     3746.00  0.102139E+11 0.389757E+09 0.103596E+10 0.735484E+09
     3756.00  0.105811E+11 0.546325E+09 0.944678E+09 0.770462E+09
     3766.00  0.109200E+11 0.729646E+09 0.848884E+09 0.798417E+09
     3776.00  0.112284E+11 0.939308E+09 0.750318E+09 0.818937E+09
     3786.00  0.115046E+11 0.117464E+10 0.650779E+09 0.831748E+09
     3796.00  0.117467E+11 0.143474E+10 0.552113E+09 0.836709E+09
     3806.00  0.119534E+11 0.171842E+10 0.456183E+09 0.833818E+09
     3816.00  0.121235E+11 0.202430E+10 0.364852E+09 0.823202E+09
     3826.00  0.122561E+11 0.235078E+10 0.279955E+09 0.805113E+09
     3836.00  0.123507E+11 0.269604E+10 0.203285E+09 0.779924E+09
     3846.00  0.124068E+11 0.305810E+10 0.136567E+09 0.748123E+09
     3856.00  0.124244E+11 0.343479E+10 0.814397E+08 0.710299E+09
     3866.00  0.124038E+11 0.382383E+10 0.394376E+08 0.667137E+09
     3876.00  0.123453E+11 0.422278E+10 0.119749E+08 0.619406E+09
     3886.00  0.122498E+11 0.462914E+10 0.329195E+06 0.567948E+09
     3896.00  0.121180E+11 0.504030E+10 0.562834E+07 0.513667E+09
     3906.00  0.119513E+11 0.545362E+10 0.288386E+08 0.457519E+09
     3916.00  0.117511E+11 0.586641E+10 0.707545E+08 0.400493E+09
     3926.00  0.115189E+11 0.627599E+10 0.131991E+09 0.343607E+09
     3936.00  0.112566E+11 0.667969E+10 0.212978E+09 0.287891E+09
     3946.00  0.109660E+11 0.707487E+10 0.313955E+09 0.234374E+09
     3956.00  0.106495E+11 0.745896E+10 0.434970E+09 0.184076E+09
     3966.00  0.103091E+11 0.782948E+10 0.575879E+09 0.137994E+09
     3976.00  0.994720E+10 0.818402E+10 0.736346E+09 0.970884E+08
     3986.00  0.956633E+10 0.852033E+10 0.915852E+09 0.622786E+08
     3996.00  0.916896E+10 0.883626E+10 0.111369E+10 0.344282E+08
     4006.00  0.875768E+10 0.912984E+10 0.132899E+10 0.143376E+08
     4016.00  0.833506E+10 0.939924E+10 0.156071E+10 0.273620E+07
     4026.00  0.790372E+10 0.964285E+10 0.180764E+10 0.274424E+06
     4036.00  0.746624E+10 0.985921E+10 0.206845E+10 0.751754E+07
     4046.00  0.702520E+10 0.100471E+11 0.234166E+10 0.249402E+08
     4056.00  0.658310E+10 0.102054E+11 0.262569E+10 0.529220E+08
     4066.00  0.614239E+10 0.103334E+11 0.291883E+10 0.917441E+08
     4076.00  0.570542E+10 0.104304E+11 0.321930E+10 0.141587E+09
     4086.00  0.527447E+10 0.104960E+11 0.352526E+10 0.202527E+09
     4096.00  0.485168E+10 0.105301E+11 0.383478E+10 0.274541E+09
     4106.00  0.443908E+10 0.105327E+11 0.414593E+10 0.357501E+09
     4116.00  0.403854E+10 0.105040E+11 0.445673E+10 0.451180E+09
     4126.00  0.365180E+10 0.104445E+11 0.476521E+10 0.555251E+09
     4136.00  0.328045E+10 0.103549E+11 0.506940E+10 0.669293E+09
     4146.00  0.292589E+10 0.102359E+11 0.536736E+10 0.792796E+09
     4156.00  0.258938E+10 0.100886E+11 0.565720E+10 0.925160E+09
     4166.00  0.227197E+10 0.991418E+10 0.593708E+10 0.106571E+10
     4176.00  0.197456E+10 0.971400E+10 0.620524E+10 0.121369E+10
     4186.00  0.169786E+10 0.948952E+10 0.645999E+10 0.136828E+10
     4196.00  0.144242E+10 0.924238E+10 0.669977E+10 0.152860E+10
     4206.00  0.120858E+10 0.897430E+10 0.692309E+10 0.169372E+10
     4216.00  0.996531E+09 0.868712E+10 0.712860E+10 0.186267E+10
     4226.00  0.806295E+09 0.838274E+10 0.731509E+10 0.203442E+10
     4236.00  0.637722E+09 0.806317E+10 0.748147E+10 0.220794E+10
     4246.00  0.490508E+09 0.773043E+10 0.762680E+10 0.238217E+10
     4256.00  0.364200E+09 0.738659E+10 0.775029E+10 0.255604E+10
     4266.00  0.258204E+09 0.703376E+10 0.785129E+10 0.272848E+10
     4276.00  0.171798E+09 0.667402E+10 0.792934E+10 0.289842E+10
     4286.00  0.104138E+09 0.630947E+10 0.798410E+10 0.306481E+10
     4296.00  0.542699E+08 0.594216E+10 0.801541E+10 0.322662E+10
     4306.00  0.211445E+08 0.557410E+10 0.802326E+10 0.338285E+10
     4316.00  0.362590E+07 0.520726E+10 0.800780E+10 0.353256E+10
     4326.00  0.505432E+06 0.484355E+10 0.796930E+10 0.367482E+10
     4336.00  0.105143E+08 0.448476E+10 0.790823E+10 0.380878E+10
     4346.00  0.323360E+08 0.413264E+10 0.782514E+10 0.393363E+10
     4356.00  0.646194E+08 0.378880E+10 0.772077E+10 0.404863E+10
     4366.00  0.105991E+09 0.345476E+10 0.759594E+10 0.415311E+10
     4376.00  0.155069E+09 0.313191E+10 0.745160E+10 0.424647E+10
     4386.00  0.210473E+09 0.282154E+10 0.728883E+10 0.432820E+10
     4396.00  0.270838E+09 0.252478E+10 0.710878E+10 0.439784E+10
     4406.00  0.334823E+09 0.224265E+10 0.691270E+10 0.445504E+10
     4416.00  0.401127E+09 0.197601E+10 0.670190E+10 0.449952E+10
     4426.00  0.468494E+09 0.172559E+10 0.647779E+10 0.453109E+10
     4436.00  0.535725E+09 0.149198E+10 0.624180E+10 0.454964E+10
     4446.00  0.601688E+09 0.127563E+10 0.599541E+10 0.455514E+10
     4456.00  0.665322E+09 0.107686E+10 0.574014E+10 0.454766E+10
     4466.00  0.725649E+09 0.895820E+09 0.547753E+10 0.452733E+10
     4476.00  0.781778E+09 0.732558E+09 0.520911E+10 0.449439E+10
     4486.00  0.832910E+09 0.586979E+09 0.493643E+10 0.444912E+10
     4511.00  0.934531E+09 0.298664E+09 0.424597E+10 0.428467E+10
     4536.00  0.992681E+09 0.112640E+09 0.356118E+10 0.405339E+10
     4561.00  0.100334E+10 0.184554E+08 0.290303E+10 0.376518E+10
     4586.00  0.966609E+09 0.256567E+07 0.228981E+10 0.343170E+10
     4611.00  0.886445E+09 0.492638E+08 0.173648E+10 0.306576E+10
     4636.00  0.770299E+09 0.141642E+09 0.125429E+10 0.268068E+10
     4661.00  0.628533E+09 0.262546E+09 0.850531E+09 0.228972E+10
     4686.00  0.473748E+09 0.395476E+09 0.528542E+09 0.190549E+10
     4711.00  0.320026E+09 0.525391E+09 0.287865E+09 0.153941E+10
     4736.00  0.182133E+09 0.639393E+09 0.124588E+09 0.120134E+10
     4761.00  0.747148E+08 0.727258E+09 0.318072E+08 0.899179E+09
     4786.00  0.115328E+08 0.781804E+09 0.210705E+06 0.638700E+09
     4811.00  0.476334E+07 0.799084E+09 0.187250E+08 0.423422E+09
     4836.00  0.643943E+08 0.778415E+09 0.752014E+08 0.254626E+09
     4861.00  0.197739E+09 0.722235E+09 0.157105E+09 0.131468E+09
     4886.00  0.409084E+09 0.635827E+09 0.252172E+09 0.511977E+08
     4911.00  0.699481E+09 0.526908E+09 0.349011E+09 0.943971E+07
     4936.00  0.106668E+10 0.405123E+09 0.437623E+09 0.546275E+06
     4961.00  0.150522E+10 0.281470E+09 0.509814E+09 0.179802E+08
     4986.00  0.200663E+10 0.167680E+09 0.559506E+09 0.547165E+08
     5011.00  0.255977E+10 0.755920E+08 0.582917E+09 0.103638E+09
     5036.00  0.315125E+10 0.165364E+08 0.578628E+09 0.157908E+09
     5061.00  0.376599E+10 0.771006E+06 0.547525E+09 0.211299E+09
     5086.00  0.438771E+10 0.369781E+08 0.492642E+09 0.258476E+09
     5111.00  0.499961E+10 0.131848E+09 0.418904E+09 0.295204E+09
     5136.00  0.558494E+10 0.289761E+09 0.332797E+09 0.318495E+09
     5161.00  0.612759E+10 0.512580E+09 0.241972E+09 0.326683E+09
     5186.00  0.661265E+10 0.799552E+09 0.154817E+09 0.319427E+09
     5211.00  0.702691E+10 0.114732E+10 0.800102E+08 0.297650E+09
     5236.00  0.735929E+10 0.155006E+10 0.260730E+08 0.263421E+09
     5261.00  0.760113E+10 0.199968E+10 0.946470E+06 0.219791E+09
     5286.00  0.774650E+10 0.248614E+10 0.116062E+08 0.170587E+09
     5311.00  0.779227E+10 0.299781E+10 0.637304E+08 0.120190E+09
     5336.00  0.773821E+10 0.352193E+10 0.161433E+09 0.732871E+08
     5361.00  0.758687E+10 0.404503E+10 0.307068E+09 0.346337E+08
     5386.00  0.734349E+10 0.455345E+10 0.501120E+09 0.881370E+07
     5411.00  0.701571E+10 0.503376E+10 0.742161E+09 0.235923E+05
     5436.00  0.661331E+10 0.547328E+10 0.102690E+10 0.118795E+08
     5461.00  0.614779E+10 0.586042E+10 0.135029E+10 0.472560E+08
     5511.00  0.507979E+10 0.643912E+10 0.208531E+10 0.195647E+09
     5561.00  0.392284E+10 0.671224E+10 0.288024E+10 0.449576E+09
     5611.00  0.278845E+10 0.665664E+10 0.365675E+10 0.797617E+09
     5661.00  0.177555E+10 0.628512E+10 0.433594E+10 0.121405E+10
     5711.00  0.960140E+09 0.564310E+10 0.484871E+10 0.166233E+10
     5761.00  0.388578E+09 0.480150E+10 0.514432E+10 0.209995E+10
     5811.00  0.750923E+08 0.384696E+10 0.519616E+10 0.248391E+10
     5861.00  0.333477E+07 0.287087E+10 0.500398E+10 0.277613E+10
     5911.00  0.131457E+09 0.195875E+10 0.459273E+10 0.294802E+10
     5961.00  0.399750E+09 0.118109E+10 0.400832E+10 0.298375E+10
     6011.00  0.739682E+09 0.586866E+09 0.331109E+10 0.288185E+10
     6061.00  0.108312E+10 0.200089E+09 0.256810E+10 0.265490E+10
     6111.00  0.137063E+10 0.195789E+08 0.184518E+10 0.232756E+10
     6161.00  0.155790E+10 0.217264E+08 0.119979E+10 0.193319E+10
     6211.00  0.161984E+10 0.165586E+09 0.675510E+09 0.150955E+10
     6261.00  0.155190E+10 0.399504E+09 0.298583E+09 0.109428E+10
     6311.00  0.136887E+10 0.668350E+09 0.767750E+08 0.720668E+09
     6361.00  0.110147E+10 0.920461E+09 0.461382E+06 0.414234E+09
     6411.00  0.791248E+09 0.111352E+10 0.455753E+08 0.190622E+09
     6461.00  0.484634E+09 0.121876E+10 0.177913E+09 0.548179E+08
     6511.00  0.226836E+09 0.122325E+10 0.358171E+09 0.176482E+07
     6561.00  0.562749E+08 0.113002E+10 0.547065E+09 0.181045E+08
     6611.00  0.178591E+06 0.956359E+09 0.709964E+09 0.847259E+08
     6661.00  0.717190E+08 0.730575E+09 0.820536E+09 0.179700E+09
     6711.00  0.268909E+09 0.487671E+09 0.863116E+09 0.281204E+09
     6761.00  0.575256E+09 0.264591E+09 0.833622E+09 0.370078E+09
     6811.00  0.961979E+09 0.955393E+08 0.739055E+09 0.431777E+09
     6861.00  0.139147E+10 0.792845E+07 0.595761E+09 0.457569E+09
     6911.00  0.182153E+10 0.193270E+08 0.426731E+09 0.444939E+09
     6961.00  0.220995E+10 0.135684E+09 0.258341E+09 0.397269E+09
     7011.00  0.251885E+10 0.350932E+09 0.116905E+09 0.322902E+09
     7061.00  0.271846E+10 0.647915E+09 0.254597E+08 0.233764E+09
     7111.00  0.278993E+10 0.100047E+10 0.109865E+07 0.143718E+09
     7161.00  0.272699E+10 0.137638E+10 0.531186E+08 0.668354E+08
     7211.00  0.253630E+10 0.174081E+10 0.182121E+09 0.157511E+08
     7261.00  0.223658E+10 0.205990E+10 0.380102E+09 0.256636E+06
     7311.00  0.185670E+10 0.230415E+10 0.631470E+09 0.262401E+08
     7361.00  0.143283E+10 0.245120E+10 0.914815E+09 0.950639E+08
     7411.00  0.100507E+10 0.248788E+10 0.120522E+10 0.203424E+09
     7511.00  0.296830E+09 0.222886E+10 0.170539E+10 0.504695E+09
     7611.00  0.818090E+06 0.162221E+10 0.195820E+10 0.833596E+09
     7711.00  0.254272E+09 0.883250E+09 0.187793E+10 0.107795E+10
     7811.00  0.102600E+10 0.271015E+09 0.149485E+10 0.115343E+10
     7911.00  0.213430E+10 0.258419E+07 0.940940E+09 0.103503E+10
     8011.00  0.330812E+10 0.186918E+09 0.402708E+09 0.764721E+09
     8111.00  0.426835E+10 0.797115E+09 0.595987E+08 0.434236E+09
     8211.00  0.480317E+10 0.168568E+10 0.291059E+08 0.152014E+09
     8311.00  0.481665E+10 0.263362E+10 0.334723E+09 0.798818E+07
     8411.00  0.434058E+10 0.341516E+10 0.904157E+09 0.482506E+08
     8511.00  0.351118E+10 0.385789E+10 0.159532E+10 0.265632E+09
     8611.00  0.252182E+10 0.388179E+10 0.223969E+10 0.606034E+09
     8711.00  0.156790E+10 0.350936E+10 0.268899E+10 0.986111E+09
     8811.00  0.799626E+09 0.284775E+10 0.285146E+10 0.131629E+10
     8911.00  0.293750E+09 0.205155E+10 0.270921E+10 0.152315E+10
     9011.00  0.489198E+08 0.127888E+10 0.231407E+10 0.156610E+10
     9111.00  0.212720E+07 0.653047E+09 0.176606E+10 0.144470E+10
     9211.00  0.588621E+08 0.239022E+09 0.118269E+10 0.119520E+10
     9311.00  0.127119E+09 0.385658E+08 0.668343E+09 0.877839E+09
     9411.00  0.145907E+09 0.244024E+07 0.291779E+09 0.558837E+09
     9511.00  0.101639E+09 0.540897E+08 0.760953E+08 0.293027E+09
     9611.00  0.296751E+08 0.117052E+09 0.184536E+07 0.111961E+09
     9711.00  0.228002E+07 0.138566E+09 0.205022E+08 0.203496E+08
     9811.00  0.107301E+09 0.103849E+09 0.734378E+08 0.461147E+06
     9911.00  0.423535E+09 0.385412E+08 0.110942E+09 0.217672E+08
    10011.00  0.998804E+09 0.793791E+04 0.106543E+09 0.521725E+08
    10111.00  0.183548E+10 0.607220E+08 0.636053E+08 0.676460E+08
    10211.00  0.288612E+10 0.288386E+09 0.133586E+08 0.583128E+08
    10311.00  0.405943E+10 0.727649E+09 0.562159E+07 0.303425E+08
    10411.00  0.523478E+10 0.138737E+10 0.950755E+08 0.387533E+07
    10511.00  0.628180E+10 0.223576E+10 0.326670E+09 0.776781E+07
    10611.00  0.708126E+10 0.320393E+10 0.723575E+09 0.723083E+08
    10711.00  0.754326E+10 0.419648E+10 0.128015E+10 0.221375E+09
    10811.00  0.761978E+10 0.510679E+10 0.196106E+10 0.465720E+09
    10911.00  0.731018E+10 0.583380E+10 0.270625E+10 0.798982E+09
    11011.00  0.665886E+10 0.629727E+10 0.344037E+10 0.119743E+10
    11111.00  0.574666E+10 0.644900E+10 0.408457E+10 0.162357E+10
    11211.00  0.467741E+10 0.627854E+10 0.456852E+10 0.203255E+10
    11311.00  0.356253E+10 0.581284E+10 0.484047E+10 0.237985E+10
    11411.00  0.250593E+10 0.511045E+10 0.487406E+10 0.262831E+10
    11511.00  0.159151E+10 0.425169E+10 0.467096E+10 0.275318E+10
    11611.00  0.874837E+09 0.332657E+10 0.425933E+10 0.274465E+10
    11711.00  0.379653E+09 0.242256E+10 0.368854E+10 0.260787E+10
    11811.00  0.992182E+08 0.161384E+10 0.302134E+10 0.236105E+10
    11911.00  0.172262E+07 0.953603E+09 0.232482E+10 0.203227E+10
    12011.00  0.384790E+08 0.470024E+09 0.166152E+10 0.165558E+10
    12111.00  0.153390E+09 0.166101E+09 0.108214E+10 0.126679E+10
    12211.00  0.292170E+09 0.229426E+08 0.620652E+09 0.899315E+09
    12311.00  0.410021E+09 0.561393E+07 0.292269E+09 0.580412E+09
    12411.00  0.476857E+09 0.704226E+08 0.942178E+08 0.328395E+09
    12511.00  0.479617E+09 0.172443E+09 0.886177E+07 0.151182E+09
    12611.00  0.421696E+09 0.272189E+09 0.839789E+07 0.464701E+08
    12711.00  0.319940E+09 0.340584E+09 0.602742E+08 0.347779E+07
    12811.00  0.199923E+09 0.361739E+09 0.132489E+09 0.582517E+07
    12911.00  0.904075E+08 0.333394E+09 0.198069E+09 0.349167E+08
    13011.00  0.179012E+08 0.265235E+09 0.238221E+09 0.731285E+08
    13111.00  0.208048E+07 0.175592E+09 0.243896E+09 0.106268E+09
    13211.00  0.526794E+08 0.871662E+08 0.215728E+09 0.125036E+09
    13311.00  0.168148E+09 0.225334E+08 0.162523E+09 0.125485E+09
    13411.00  0.336120E+09 0.879240E+05 0.986808E+08 0.108655E+09
    13511.00  0.535485E+09 0.309880E+08 0.410078E+08 0.796118E+08
    13611.00  0.739651E+09 0.117443E+09 0.546135E+07 0.461237E+08
    13711.00  0.920482E+09 0.252478E+09 0.431027E+07 0.171346E+08
    13811.00  0.105236E+10 0.421085E+09 0.440984E+08 0.118693E+07
    13911.00  0.111583E+10 0.602515E+09 0.124641E+09 0.494390E+07
    14011.00  0.110040E+10 0.773304E+09 0.239109E+09 0.319934E+08
    14111.00  0.100625E+10 0.910612E+09 0.375098E+09 0.821242E+08
    14211.00  0.844574E+09 0.995410E+09 0.516452E+09 0.151223E+09
    14311.00  0.636813E+09 0.101514E+10 0.645539E+09 0.231835E+09
    14411.00  0.412646E+09 0.965548E+09 0.745671E+09 0.314304E+09
    14511.00  0.207199E+09 0.851517E+09 0.803349E+09 0.388252E+09
    14611.00  0.577094E+08 0.686855E+09 0.810096E+09 0.444144E+09
    14711.00  0.336051E+04 0.493122E+09 0.763699E+09 0.474631E+09
    14811.00  0.651293E+08 0.297637E+09 0.668725E+09 0.475508E+09
    14911.00  0.276450E+09 0.130938E+09 0.536308E+09 0.446199E+09
    15011.00  0.647428E+09 0.239477E+08 0.383238E+09 0.389819E+09
    15111.00  0.118026E+10 0.513412E+07 0.230454E+09 0.312867E+09
    15211.00  0.186543E+10 0.979232E+08 0.101124E+09 0.224686E+09
    15311.00  0.268223E+10 0.318576E+09 0.185159E+08 0.136735E+09
    15411.00  0.360002E+10 0.674690E+09 0.386398E+07 0.617137E+08
    15511.00  0.458033E+10 0.116441E+10 0.744523E+08 0.125602E+08
    15611.00  0.557938E+10 0.177640E+10 0.242071E+09 0.135484E+07
    15711.00  0.655090E+10 0.249050E+10 0.511966E+09 0.381988E+08
    15811.00  0.744913E+10 0.327902E+10 0.882329E+09 0.130185E+09
    15911.00  0.823164E+10 0.410857E+10 0.134435E+10 0.280600E+09
    16011.00  0.886179E+10 0.494217E+10 0.188276E+10 0.488480E+09
    16111.00  0.931083E+10 0.574161E+10 0.247680E+10 0.748604E+09
    16211.00  0.955940E+10 0.646984E+10 0.310158E+10 0.105191E+10
    16311.00  0.959829E+10 0.709310E+10 0.372957E+10 0.138627E+10
    16411.00  0.942869E+10 0.758291E+10 0.433234E+10 0.173742E+10
    16511.00  0.906176E+10 0.791758E+10 0.488228E+10 0.209005E+10
    16611.00  0.851757E+10 0.808328E+10 0.535416E+10 0.242870E+10
    16711.00  0.782371E+10 0.807456E+10 0.572663E+10 0.273860E+10
    16811.00  0.701346E+10 0.789440E+10 0.598337E+10 0.300635E+10
    16911.00  0.612383E+10 0.755373E+10 0.611389E+10 0.322046E+10
    17011.00  0.519344E+10 0.707053E+10 0.611395E+10 0.337176E+10
    17111.00  0.426057E+10 0.646863E+10 0.598562E+10 0.345388E+10
    17211.00  0.336129E+10 0.577618E+10 0.573688E+10 0.346354E+10
    17311.00  0.252788E+10 0.502399E+10 0.538094E+10 0.340078E+10
    17411.00  0.178758E+10 0.424392E+10 0.493530E+10 0.326906E+10
    17511.00  0.116171E+10 0.346723E+10 0.442066E+10 0.307510E+10
    17611.00  0.665108E+09 0.272310E+10 0.385969E+10 0.282841E+10
    17711.00  0.306006E+09 0.203742E+10 0.327582E+10 0.254076E+10
    17811.00  0.862103E+08 0.143178E+10 0.269211E+10 0.222528E+10
    17911.00  0.156411E+07 0.922817E+09 0.213021E+10 0.189565E+10
    18011.00  0.426577E+08 0.521848E+09 0.160945E+10 0.156523E+10
    18111.00  0.195707E+09 0.234781E+09 0.114614E+10 0.124638E+10
    18211.00  0.443541E+09 0.623228E+08 0.753067E+09 0.949964E+09
    18311.00  0.766644E+09 0.403398E+06 0.439154E+09 0.684959E+09
    18411.00  0.114419E+10 0.407835E+08 0.209381E+09 0.458358E+09
    18511.00  0.155503E+10 0.171792E+09 0.648669E+08 0.275100E+09
    18611.00  0.197857E+10 0.379140E+09 0.314537E+07 0.138110E+09
    18711.00  0.239556E+10 0.646766E+09 0.185856E+08 0.483732E+08
    18811.00  0.278874E+10 0.957669E+09 0.102927E+09 0.502679E+07
    18911.00  0.314330E+10 0.129468E+10 0.245884E+09 0.548418E+07
    19011.00  0.344722E+10 0.164117E+10 0.435777E+09 0.456061E+08
    19111.00  0.369149E+10 0.198166E+10 0.660153E+09 0.119938E+09
    19311.00  0.398004E+10 0.259121E+10 0.116211E+10 0.344749E+09
    19511.00  0.399531E+10 0.303790E+10 0.165706E+10 0.623025E+09
    19711.00  0.376312E+10 0.327373E+10 0.206762E+10 0.900077E+09
    19911.00  0.333758E+10 0.328776E+10 0.234132E+10 0.113265E+10
    20111.00  0.278807E+10 0.310055E+10 0.245332E+10 0.129256E+10
    20311.00  0.218683E+10 0.275536E+10 0.240501E+10 0.136600E+10
    20511.00  0.159879E+10 0.230793E+10 0.221889E+10 0.135137E+10
    20711.00  0.107462E+10 0.181666E+10 0.193137E+10 0.125772E+10
    20911.00  0.647358E+09 0.133439E+10 0.158494E+10 0.110307E+10
    21111.00  0.332177E+09 0.902719E+09 0.122121E+10 0.911298E+09
    21311.00  0.128696E+09 0.549047E+09 0.875810E+09 0.707374E+09
    21511.00  0.247216E+08 0.286287E+09 0.575358E+09 0.512712E+09
    21711.00  0.579626E+06 0.114598E+09 0.336168E+09 0.342453E+09
    21911.00  0.332518E+08 0.244297E+08 0.164506E+09 0.205249E+09
    22111.00  0.998160E+08 0.628192E+05 0.580193E+08 0.104505E+09
    22311.00  0.179948E+09 0.229942E+08 0.801645E+07 0.396762E+08
    22511.00  0.257445E+09 0.747325E+08 0.208139E+07 0.705057E+07
    22711.00  0.320885E+09 0.138809E+09 0.265100E+08 0.381362E+06
    22911.00  0.363589E+09 0.201989E+09 0.681879E+08 0.119238E+08
    23111.00  0.383092E+09 0.254801E+09 0.115803E+09 0.338764E+08
    23311.00  0.380310E+09 0.291520E+09 0.160495E+09 0.596530E+08
    23511.00  0.358559E+09 0.309778E+09 0.196108E+09 0.844450E+08
    23711.00  0.322566E+09 0.309945E+09 0.219161E+09 0.105059E+09
    23911.00  0.277579E+09 0.294393E+09 0.228566E+09 0.119475E+09
    24111.00  0.228640E+09 0.266743E+09 0.225153E+09 0.126591E+09
    24311.00  0.180073E+09 0.231160E+09 0.211049E+09 0.126240E+09
    24511.00  0.135187E+09 0.191762E+09 0.189076E+09 0.119265E+09
    24711.00  0.961804E+08 0.152164E+09 0.162230E+09 0.107343E+09
    24911.00  0.642049E+08 0.115200E+09 0.133339E+09 0.925102E+08
    25111.00  0.395268E+08 0.827970E+08 0.104817E+09 0.766184E+08
    25311.00  0.217480E+08 0.560069E+08 0.785437E+08 0.610165E+08
    25511.00  0.100291E+08 0.351263E+08 0.557843E+08 0.465420E+08
    25711.00  0.329162E+07 0.198830E+08 0.371988E+08 0.337068E+08
    25911.00  0.379747E+06 0.962806E+07 0.229120E+08 0.228687E+08
    26111.00  0.178172E+06 0.350912E+07 0.126467E+08 0.142713E+08
    26311.00  0.168988E+07 0.606872E+06 0.587641E+07 0.797607E+07
    26511.00  0.408085E+07 0.308212E+05 0.196107E+07 0.380501E+07
    26711.00  0.669978E+07 0.979627E+06 0.241009E+06 0.138081E+07
    26911.00  0.907939E+07 0.277420E+07 0.903898E+05 0.250325E+06
         IE==>     36           37
        1.00  0.187248E+14 0.407650E+14
        2.00  0.255138E+14 0.289247E+14
        3.00  0.213373E+14 0.790469E+13
        4.00  0.142149E+14 0.892395E+11
        5.00  0.799611E+13 0.269599E+13
        6.00  0.373988E+13 0.850162E+13
        7.00  0.131518E+13 0.128742E+14
        8.00  0.234919E+12 0.142544E+14
        9.00  0.284081E+10 0.129657E+14
       10.00  0.227047E+12 0.100808E+14
       11.00  0.636346E+12 0.671735E+13
       12.00  0.106228E+13 0.371068E+13
       13.00  0.141307E+13 0.152974E+13
       14.00  0.164939E+13 0.321010E+12
       15.00  0.176494E+13 0.289926E+10
       16.00  0.177227E+13 0.365133E+12
       17.00  0.169294E+13 0.115100E+13
       18.00  0.155119E+13 0.211498E+13
       19.00  0.137021E+13 0.305647E+13
       20.00  0.117006E+13 0.383419E+13
       21.00  0.966890E+12 0.436683E+13
       22.00  0.772763E+12 0.462526E+13
       23.00  0.596003E+12 0.462058E+13
       24.00  0.441691E+12 0.439108E+13
       25.00  0.312272E+12 0.399014E+13
       26.00  0.208144E+12 0.347627E+13
       27.00  0.128213E+12 0.290557E+13
       28.00  0.703674E+11 0.232687E+13
       29.00  0.318663E+11 0.177895E+13
       30.00  0.965837E+10 0.128968E+13
       31.00  0.618775E+09 0.876332E+12
       32.00  0.172431E+10 0.546910E+12
       33.00  0.101743E+11 0.301812E+12
       34.00  0.234678E+11 0.135737E+12
       35.00  0.394455E+11 0.395204E+11
       36.00  0.563068E+11 0.176384E+10
       37.00  0.726057E+11 0.101996E+11
       38.00  0.872339E+11 0.527405E+11
       39.00  0.993950E+11 0.118231E+12
       40.00  0.108571E+12 0.196925E+12
       42.00  0.117085E+12 0.363291E+12
       44.00  0.112873E+12 0.507308E+12
       46.00  0.982653E+11 0.607979E+12
       48.00  0.768638E+11 0.661141E+12
       50.00  0.527648E+11 0.672441E+12
       52.00  0.299788E+11 0.651710E+12
       54.00  0.120283E+11 0.609263E+12
       56.00  0.170025E+10 0.553924E+12
       58.00  0.925120E+09 0.492318E+12
       60.00  0.107538E+11 0.428923E+12
       62.00  0.314084E+11 0.366493E+12
       64.00  0.623843E+11 0.306594E+12
       66.00  0.102582E+12 0.250096E+12
       68.00  0.150454E+12 0.197569E+12
       70.00  0.204153E+12 0.149552E+12
       72.00  0.261672E+12 0.106695E+12
       74.00  0.320970E+12 0.698124E+11
       76.00  0.380071E+12 0.398331E+11
       78.00  0.437155E+12 0.177021E+11
       80.00  0.490613E+12 0.424259E+10
       82.00  0.539091E+12 0.120523E+08
       84.00  0.581513E+12 0.517592E+10
       86.00  0.617083E+12 0.194206E+11
       88.00  0.645277E+12 0.419190E+11
       90.00  0.665832E+12 0.713541E+11
       92.00  0.678711E+12 0.105997E+12
       94.00  0.684080E+12 0.143828E+12
       96.00  0.682273E+12 0.182689E+12
       98.00  0.673763E+12 0.220439E+12
      100.00  0.659125E+12 0.255110E+12
      102.00  0.639012E+12 0.285032E+12
      104.00  0.614129E+12 0.308927E+12
      106.00  0.585205E+12 0.325962E+12
      108.00  0.552977E+12 0.335762E+12
      110.00  0.518174E+12 0.338382E+12
      112.00  0.481498E+12 0.334256E+12
      114.00  0.443618E+12 0.324114E+12
      116.00  0.405160E+12 0.308901E+12
      118.00  0.366697E+12 0.289680E+12
      122.00  0.291784E+12 0.243591E+12
      126.00  0.222346E+12 0.193936E+12
      130.00  0.160915E+12 0.146862E+12
      134.00  0.109117E+12 0.106062E+12
      138.00  0.677543E+11 0.730204E+11
      142.00  0.369035E+11 0.476620E+11
      146.00  0.160447E+11 0.290555E+11
      150.00  0.419556E+10 0.159883E+11
      154.00  0.498668E+08 0.733406E+10
      158.00  0.211237E+10 0.222924E+10
      162.00  0.882103E+10 0.107876E+09
      166.00  0.186517E+11 0.646463E+09
      170.00  0.302013E+11 0.365947E+10
      174.00  0.422474E+11 0.897703E+10
      178.00  0.537846E+11 0.163316E+11
      182.00  0.640399E+11 0.252778E+11
      186.00  0.724695E+11 0.351650E+11
      190.00  0.787426E+11 0.451695E+11
      194.00  0.827151E+11 0.543813E+11
      198.00  0.843983E+11 0.619258E+11
      202.00  0.839258E+11 0.670903E+11
      206.00  0.815215E+11 0.694274E+11
      210.00  0.774697E+11 0.688120E+11
      214.00  0.720898E+11 0.654424E+11
      218.00  0.657148E+11 0.597875E+11
      222.00  0.586736E+11 0.524978E+11
      226.00  0.512779E+11 0.442986E+11
      230.00  0.438121E+11 0.358886E+11
      234.00  0.365261E+11 0.278600E+11
      238.00  0.296310E+11 0.206507E+11
      242.00  0.232962E+11 0.145280E+11
      246.00  0.176488E+11 0.960138E+10
      250.00  0.127745E+11 0.585320E+10
      254.00  0.871923E+10 0.317849E+10
      258.00  0.549221E+10 0.142471E+10
      262.00  0.307026E+10 0.425369E+09
      266.00  0.140241E+10 0.243058E+08
      270.00  0.415283E+09 0.901821E+08
      274.00  0.187741E+08 0.522412E+09
      282.00  0.587874E+09 0.222985E+10
      290.00  0.226658E+10 0.484409E+10
      298.00  0.427504E+10 0.822031E+10
      306.00  0.600415E+10 0.121279E+11
      314.00  0.706887E+10 0.160952E+11
      322.00  0.731154E+10 0.194158E+11
      330.00  0.676847E+10 0.213318E+11
      338.00  0.561650E+10 0.213156E+11
      346.00  0.411467E+10 0.192995E+11
      354.00  0.255124E+10 0.157273E+11
      362.00  0.120125E+10 0.113958E+11
      370.00  0.295723E+09 0.717411E+10
      378.00  0.168772E+07 0.373823E+10
      386.00  0.411155E+09 0.142776E+10
      394.00  0.153782E+10 0.254105E+09
      402.00  0.332061E+10 0.130644E+08
      410.00  0.563362E+10 0.425663E+09
      418.00  0.830150E+10 0.124597E+10
      426.00  0.111190E+11 0.231135E+10
      434.00  0.138726E+11 0.354239E+10
      442.00  0.163613E+11 0.491331E+10
      450.00  0.184147E+11 0.641251E+10
      458.00  0.199064E+11 0.800602E+10
      466.00  0.207607E+11 0.961250E+10
      474.00  0.209536E+11 0.110962E+11
      482.00  0.205089E+11 0.122821E+11
      490.00  0.194900E+11 0.129914E+11
      498.00  0.179901E+11 0.130875E+11
      506.00  0.161213E+11 0.125170E+11
      514.00  0.140054E+11 0.113306E+11
      522.00  0.117648E+11 0.967542E+10
      530.00  0.951551E+10 0.776185E+10
      538.00  0.736227E+10 0.581575E+10
      546.00  0.539406E+10 0.403282E+10
      554.00  0.368157E+10 0.254745E+10
      562.00  0.227542E+10 0.142245E+10
      570.00  0.120533E+10 0.657714E+09
      578.00  0.480328E+09 0.210629E+09
      586.00  0.898493E+08 0.193923E+08
      596.00  0.280685E+08 0.473688E+08
      606.00  0.358771E+09 0.287698E+09
      616.00  0.973183E+09 0.687982E+09
      626.00  0.175216E+10 0.122699E+10
      636.00  0.257896E+10 0.189567E+10
      646.00  0.335024E+10 0.267543E+10
      656.00  0.398398E+10 0.352044E+10
      666.00  0.442392E+10 0.435021E+10
      676.00  0.464051E+10 0.505732E+10
      686.00  0.462906E+10 0.552999E+10
      696.00  0.440601E+10 0.568234E+10
      706.00  0.400409E+10 0.548080E+10
      716.00  0.346740E+10 0.495558E+10
      726.00  0.284649E+10 0.419258E+10
      736.00  0.219413E+10 0.330936E+10
      746.00  0.156149E+10 0.242482E+10
      756.00  0.994920E+09 0.163385E+10
      766.00  0.533215E+09 0.993818E+09
      776.00  0.205482E+09 0.524549E+09
      786.00  0.296313E+08 0.217951E+09
      796.00  0.116513E+08 0.514315E+08
      806.00  0.145765E+09 0.587331E+04
      816.00  0.415486E+09 0.442272E+08
      826.00  0.795493E+09 0.173341E+09
      836.00  0.125413E+10 0.384390E+09
      846.00  0.175625E+10 0.678396E+09
      856.00  0.226611E+10 0.105480E+10
      866.00  0.275001E+10 0.150549E+10
      876.00  0.317841E+10 0.201011E+10
      886.00  0.352750E+10 0.253427E+10
      896.00  0.378006E+10 0.303200E+10
      906.00  0.392573E+10 0.345231E+10
      916.00  0.396087E+10 0.374848E+10
      926.00  0.388797E+10 0.388737E+10
      936.00  0.371493E+10 0.385610E+10
      946.00  0.345416E+10 0.366413E+10
      956.00  0.312165E+10 0.334023E+10
      966.00  0.273602E+10 0.292561E+10
      976.00  0.231755E+10 0.246540E+10
      986.00  0.188715E+10 0.200085E+10
      996.00  0.146546E+10 0.156396E+10
     1006.00  0.107178E+10 0.117535E+10
     1016.00  0.723227E+09 0.844913E+09
     1026.00  0.433890E+09 0.574377E+09
     1036.00  0.214191E+09 0.360682E+09
     1046.00  0.704673E+08 0.199137E+09
     1056.00  0.480417E+07 0.858717E+08
     1066.00  0.151459E+08 0.192673E+08
     1076.00  0.956572E+08 0.332936E+06
     1086.00  0.237301E+09 0.320714E+08
     1096.00  0.428570E+09 0.117989E+09
     1106.00  0.656298E+09 0.260035E+09
     1116.00  0.906483E+09 0.456415E+09
     1126.00  0.116506E+10 0.699851E+09
     1136.00  0.141860E+10 0.976829E+09
     1146.00  0.165481E+10 0.126821E+10
     1156.00  0.186302E+10 0.155120E+10
     1166.00  0.203447E+10 0.180241E+10
     1176.00  0.216244E+10 0.200119E+10
     1186.00  0.224245E+10 0.213263E+10
     1196.00  0.227220E+10 0.218943E+10
     1206.00  0.225155E+10 0.217239E+10
     1216.00  0.218244E+10 0.208940E+10
     1226.00  0.206876E+10 0.195343E+10
     1236.00  0.191608E+10 0.177996E+10
     1246.00  0.173147E+10 0.158453E+10
     1256.00  0.152314E+10 0.138080E+10
     1266.00  0.130009E+10 0.117939E+10
     1276.00  0.107171E+10 0.987550E+09
     1286.00  0.847400E+09 0.809431E+09
     1296.00  0.636078E+09 0.646853E+09
     1306.00  0.445858E+09 0.500228E+09
     1316.00  0.283680E+09 0.369516E+09
     1326.00  0.155051E+09 0.255032E+09
     1336.00  0.638659E+08 0.158024E+09
     1346.00  0.123171E+08 0.809495E+08
     1356.00  0.899085E+06 0.273966E+08
     1366.00  0.284954E+08 0.165321E+07
     1376.00  0.925338E+08 0.796626E+07
     1386.00  0.189193E+09 0.496087E+08
     1396.00  0.313639E+09 0.127927E+09
     1406.00  0.460285E+09 0.241577E+09
     1416.00  0.623035E+09 0.386128E+09
     1426.00  0.795536E+09 0.554167E+09
     1436.00  0.971392E+09 0.735908E+09
     1446.00  0.114437E+10 0.920232E+09
     1456.00  0.130859E+10 0.109594E+10
     1466.00  0.145864E+10 0.125302E+10
     1476.00  0.158978E+10 0.138368E+10
     1486.00  0.169799E+10 0.148298E+10
     1496.00  0.178010E+10 0.154904E+10
     1506.00  0.183386E+10 0.158271E+10
     1516.00  0.185800E+10 0.158706E+10
     1526.00  0.185221E+10 0.156652E+10
     1536.00  0.181717E+10 0.152608E+10
     1546.00  0.175451E+10 0.147061E+10
     1556.00  0.166671E+10 0.140430E+10
     1566.00  0.155699E+10 0.133031E+10
     1576.00  0.142922E+10 0.125073E+10
     1586.00  0.128771E+10 0.116663E+10
     1596.00  0.113703E+10 0.107829E+10
     1606.00  0.981898E+09 0.985522E+09
     1616.00  0.826938E+09 0.888034E+09
     1626.00  0.676546E+09 0.785817E+09
     1636.00  0.534744E+09 0.679476E+09
     1646.00  0.405063E+09 0.570468E+09
     1656.00  0.290457E+09 0.461210E+09
     1666.00  0.193244E+09 0.355023E+09
     1676.00  0.115077E+09 0.255901E+09
     1686.00  0.569478E+08 0.168129E+09
     1696.00  0.192020E+08 0.958148E+08
     1706.00  0.157972E+07 0.423871E+08
     1716.00  0.326784E+07 0.101572E+08
     1726.00  0.229606E+08 0.153188E+05
     1736.00  0.589270E+08 0.113118E+08
     1746.00  0.109081E+09 0.419408E+08
     1756.00  0.171052E+09 0.886081E+08
     1766.00  0.242261E+09 0.147232E+09
     1776.00  0.319988E+09 0.213410E+09
     1786.00  0.401449E+09 0.282871E+09
     1796.00  0.483865E+09 0.351851E+09
     1806.00  0.564534E+09 0.417356E+09
     1816.00  0.640899E+09 0.477279E+09
     1826.00  0.710614E+09 0.530389E+09
     1836.00  0.771606E+09 0.576210E+09
     1846.00  0.822125E+09 0.614836E+09
     1856.00  0.860787E+09 0.646710E+09
     1866.00  0.886610E+09 0.672409E+09
     1876.00  0.899030E+09 0.692454E+09
     1886.00  0.897906E+09 0.707166E+09
     1896.00  0.883511E+09 0.716585E+09
     1906.00  0.856508E+09 0.720433E+09
     1916.00  0.817916E+09 0.718146E+09
     1926.00  0.769060E+09 0.708955E+09
     1936.00  0.711521E+09 0.692009E+09
     1946.00  0.647072E+09 0.666543E+09
     1956.00  0.577621E+09 0.632044E+09
     1966.00  0.505145E+09 0.588429E+09
     1976.00  0.431637E+09 0.536178E+09
     1986.00  0.359050E+09 0.476425E+09
     1996.00  0.289251E+09 0.410961E+09
     2006.00  0.223979E+09 0.342173E+09
     2016.00  0.164813E+09 0.272891E+09
     2026.00  0.113149E+09 0.206177E+09
     2036.00  0.701729E+08 0.145075E+09
     2046.00  0.368517E+08 0.923579E+08
     2056.00  0.139212E+08 0.502989E+08
     2066.00  0.188089E+07 0.205055E+08
     2076.00  0.991484E+06 0.382687E+07
     2086.00  0.112759E+08 0.346564E+06
     2096.00  0.325235E+08 0.945521E+07
     2106.00  0.642970E+08 0.299856E+08
     2116.00  0.105943E+09 0.603881E+08
     2126.00  0.156608E+09 0.989190E+08
     2136.00  0.215251E+09 0.143818E+09
     2146.00  0.280674E+09 0.193457E+09
     2156.00  0.351541E+09 0.246439E+09
     2166.00  0.426410E+09 0.301657E+09
     2176.00  0.503765E+09 0.358301E+09
     2186.00  0.582053E+09 0.415826E+09
     2196.00  0.659718E+09 0.473890E+09
     2206.00  0.735236E+09 0.532272E+09
     2216.00  0.807154E+09 0.590786E+09
     2226.00  0.874116E+09 0.649187E+09
     2236.00  0.934900E+09 0.707098E+09
     2246.00  0.988433E+09 0.763945E+09
     2256.00  0.103382E+10 0.818916E+09
     2266.00  0.107034E+10 0.870959E+09
     2276.00  0.109749E+10 0.918794E+09
     2286.00  0.111493E+10 0.960974E+09
     2296.00  0.112255E+10 0.995963E+09
     2306.00  0.112038E+10 0.102225E+10
     2316.00  0.110867E+10 0.103845E+10
     2326.00  0.108780E+10 0.104347E+10
     2336.00  0.105831E+10 0.103657E+10
     2346.00  0.102085E+10 0.101749E+10
     2356.00  0.976199E+09 0.986453E+09
     2366.00  0.925210E+09 0.944236E+09
     2376.00  0.868818E+09 0.892081E+09
     2386.00  0.808012E+09 0.831639E+09
     2396.00  0.743817E+09 0.764853E+09
     2406.00  0.677282E+09 0.693827E+09
     2416.00  0.609461E+09 0.620692E+09
     2426.00  0.541396E+09 0.547473E+09
     2436.00  0.474105E+09 0.475987E+09
     2446.00  0.408563E+09 0.407756E+09
     2456.00  0.345692E+09 0.343967E+09
     2466.00  0.286340E+09 0.285458E+09
     2476.00  0.231274E+09 0.232733E+09
     2486.00  0.181162E+09 0.186003E+09
     2496.00  0.136567E+09 0.145245E+09
     2506.00  0.979348E+08 0.110261E+09
     2516.00  0.655869E+08 0.807455E+08
     2526.00  0.397183E+08 0.563416E+08
     2536.00  0.203953E+08 0.366927E+08
     2546.00  0.755653E+07 0.214785E+08
     2556.00  0.101851E+07 0.104398E+08
     2566.00  0.482618E+06 0.338930E+07
     2576.00  0.554549E+07 0.210614E+06
     2586.00  0.157114E+08 0.844813E+06
     2596.00  0.304067E+08 0.526781E+07
     2606.00  0.489951E+08 0.134599E+08
     2616.00  0.707943E+08 0.253704E+08
     2626.00  0.950924E+08 0.408813E+08
     2636.00  0.121164E+09 0.597734E+08
     2646.00  0.148286E+09 0.816987E+08
     2656.00  0.175752E+09 0.106165E+09
     2666.00  0.202884E+09 0.132530E+09
     2676.00  0.229046E+09 0.160020E+09
     2686.00  0.253651E+09 0.187752E+09
     2696.00  0.276171E+09 0.214779E+09
     2706.00  0.296144E+09 0.240140E+09
     2716.00  0.313175E+09 0.262921E+09
     2726.00  0.326945E+09 0.282309E+09
     2736.00  0.337207E+09 0.297642E+09
     2746.00  0.343794E+09 0.308451E+09
     2756.00  0.346612E+09 0.314478E+09
     2766.00  0.345647E+09 0.315690E+09
     2776.00  0.340955E+09 0.312260E+09
     2786.00  0.332667E+09 0.304549E+09
     2796.00  0.320982E+09 0.293061E+09
     2806.00  0.306162E+09 0.278402E+09
     2816.00  0.288530E+09 0.261234E+09
     2826.00  0.268462E+09 0.242226E+09
     2836.00  0.246382E+09 0.222017E+09
     2846.00  0.222753E+09 0.201188E+09
     2856.00  0.198068E+09 0.180237E+09
     2866.00  0.172843E+09 0.159575E+09
     2876.00  0.147606E+09 0.139518E+09
     2886.00  0.122888E+09 0.120304E+09
     2896.00  0.992110E+08 0.102099E+09
     2906.00  0.770818E+08 0.850200E+08
     2916.00  0.569787E+08 0.691531E+08
     2926.00  0.393447E+08 0.545736E+08
     2936.00  0.245794E+08 0.413658E+08
     2946.00  0.130320E+08 0.296394E+08
     2956.00  0.499578E+07 0.195418E+08
     2966.00  0.704071E+06 0.112668E+08
     2976.00  0.327475E+06 0.505644E+07
     2986.00  0.397257E+07 0.119751E+07
     2996.00  0.116820E+08 0.115405E+05
     3006.00  0.234358E+08 0.183842E+07
     3016.00  0.391538E+08 0.701484E+07
     3026.00  0.586990E+08 0.158486E+08
     3036.00  0.818819E+08 0.285909E+08
     3046.00  0.108465E+09 0.454088E+08
     3056.00  0.138168E+09 0.663608E+08
     3066.00  0.170673E+09 0.913774E+08
     3076.00  0.205631E+09 0.120250E+09
     3086.00  0.242664E+09 0.152628E+09
     3096.00  0.281376E+09 0.188028E+09
     3106.00  0.321352E+09 0.225848E+09
     3116.00  0.362166E+09 0.265399E+09
     3126.00  0.403388E+09 0.305931E+09
     3136.00  0.444583E+09 0.346675E+09
     3146.00  0.485321E+09 0.386879E+09
     3156.00  0.525176E+09 0.425840E+09
     3166.00  0.563738E+09 0.462939E+09
     3176.00  0.600607E+09 0.497660E+09
     3186.00  0.635407E+09 0.529608E+09
     3196.00  0.667783E+09 0.558512E+09
     3206.00  0.697410E+09 0.584225E+09
     3216.00  0.723991E+09 0.606709E+09
     3226.00  0.747267E+09 0.626022E+09
     3236.00  0.767014E+09 0.642297E+09
     3246.00  0.783053E+09 0.655712E+09
     3256.00  0.795242E+09 0.666475E+09
     3266.00  0.803488E+09 0.674795E+09
     3276.00  0.807742E+09 0.680865E+09
     3286.00  0.808000E+09 0.684841E+09
     3296.00  0.804303E+09 0.686836E+09
     3306.00  0.796737E+09 0.686911E+09
     3316.00  0.785429E+09 0.685067E+09
     3326.00  0.770546E+09 0.681255E+09
     3336.00  0.752289E+09 0.675382E+09
     3346.00  0.730894E+09 0.667314E+09
     3356.00  0.706621E+09 0.656904E+09
     3366.00  0.679758E+09 0.643995E+09
     3376.00  0.650607E+09 0.628449E+09
     3386.00  0.619488E+09 0.610160E+09
     3396.00  0.586727E+09 0.589076E+09
     3406.00  0.552656E+09 0.565210E+09
     3416.00  0.517609E+09 0.538654E+09
     3426.00  0.481915E+09 0.509589E+09
     3436.00  0.445895E+09 0.478282E+09
     3446.00  0.409862E+09 0.445084E+09
     3456.00  0.374115E+09 0.410424E+09
     3466.00  0.338937E+09 0.374786E+09
     3476.00  0.304594E+09 0.338700E+09
     3486.00  0.271334E+09 0.302709E+09
     3496.00  0.239382E+09 0.267356E+09
     3506.00  0.208944E+09 0.233156E+09
     3516.00  0.180201E+09 0.200574E+09
     3526.00  0.153313E+09 0.170012E+09
     3536.00  0.128414E+09 0.141794E+09
     3546.00  0.105615E+09 0.116158E+09
     3556.00  0.850026E+08 0.932530E+08
     3566.00  0.666380E+08 0.731457E+08
     3576.00  0.505579E+08 0.558234E+08
     3586.00  0.367745E+08 0.412062E+08
     3596.00  0.252757E+08 0.291603E+08
     3606.00  0.160254E+08 0.195116E+08
     3616.00  0.896484E+07 0.120599E+08
     3626.00  0.401282E+07 0.659249E+07
     3636.00  0.106748E+07 0.289548E+07
     3646.00  0.754094E+04 0.763510E+06
     3656.00  0.694156E+06 0.678118E+04
     3666.00  0.297289E+07 0.455692E+06
     3676.00  0.667601E+07 0.196307E+07
     3686.00  0.116249E+08 0.440427E+07
     3696.00  0.176328E+08 0.767544E+07
     3706.00  0.245074E+08 0.116903E+08
     3716.00  0.320538E+08 0.163758E+08
     3726.00  0.400771E+08 0.216671E+08
     3736.00  0.483856E+08 0.275019E+08
     3746.00  0.567928E+08 0.338153E+08
     3756.00  0.651205E+08 0.405344E+08
     3766.00  0.732008E+08 0.475741E+08
     3776.00  0.808779E+08 0.548334E+08
     3786.00  0.880104E+08 0.621940E+08
     3796.00  0.944721E+08 0.695194E+08
     3806.00  0.100154E+09 0.766570E+08
     3816.00  0.104963E+09 0.834410E+08
     3826.00  0.108827E+09 0.896975E+08
     3836.00  0.111689E+09 0.952517E+08
     3846.00  0.113513E+09 0.999350E+08
     3856.00  0.114279E+09 0.103594E+09
     3866.00  0.113986E+09 0.106098E+09
     3876.00  0.112649E+09 0.107348E+09
     3886.00  0.110301E+09 0.107282E+09
     3896.00  0.106990E+09 0.105881E+09
     3906.00  0.102777E+09 0.103167E+09
     3916.00  0.977386E+08 0.992100E+08
     3926.00  0.919635E+08 0.941194E+08
     3936.00  0.855512E+08 0.880413E+08
     3946.00  0.786117E+08 0.811516E+08
     3956.00  0.712639E+08 0.736474E+08
     3966.00  0.636342E+08 0.657376E+08
     3976.00  0.558553E+08 0.576344E+08
     3986.00  0.480645E+08 0.495440E+08
     3996.00  0.404027E+08 0.416589E+08
     4006.00  0.330121E+08 0.341522E+08
     4016.00  0.260354E+08 0.271732E+08
     4026.00  0.196136E+08 0.208445E+08
     4036.00  0.138845E+08 0.152621E+08
     4046.00  0.898106E+07 0.104967E+08
     4056.00  0.502975E+07 0.659574E+07
     4066.00  0.214887E+07 0.358777E+07
     4076.00  0.446998E+06 0.148671E+07
     4086.00  0.216167E+05 0.296677E+06
     4096.00  0.957730E+06 0.167571E+05
     4106.00  0.332673E+07 0.645450E+06
     4116.00  0.718544E+07 0.218451E+07
     4126.00  0.125753E+08 0.464203E+07
     4136.00  0.195219E+08 0.803463E+07
     4146.00  0.280345E+08 0.123887E+08
     4156.00  0.381064E+08 0.177404E+08
     4166.00  0.497143E+08 0.241353E+08
     4176.00  0.628197E+08 0.316260E+08
     4186.00  0.773686E+08 0.402700E+08
     4196.00  0.932930E+08 0.501256E+08
     4206.00  0.110511E+09 0.612480E+08
     4216.00  0.128930E+09 0.736846E+08
     4226.00  0.148444E+09 0.874695E+08
     4236.00  0.168940E+09 0.102619E+09
     4246.00  0.190294E+09 0.119125E+09
     4256.00  0.212377E+09 0.136955E+09
     4266.00  0.235053E+09 0.156042E+09
     4276.00  0.258184E+09 0.176290E+09
     4286.00  0.281625E+09 0.197565E+09
     4296.00  0.305234E+09 0.219703E+09
     4306.00  0.328865E+09 0.242509E+09
     4316.00  0.352373E+09 0.265760E+09
     4326.00  0.375616E+09 0.289216E+09
     4336.00  0.398452E+09 0.312618E+09
     4346.00  0.420745E+09 0.335707E+09
     4356.00  0.442361E+09 0.358221E+09
     4366.00  0.463171E+09 0.379912E+09
     4376.00  0.483053E+09 0.400550E+09
     4386.00  0.501890E+09 0.419930E+09
     4396.00  0.519572E+09 0.437879E+09
     4406.00  0.535996E+09 0.454259E+09
     4416.00  0.551068E+09 0.468970E+09
     4426.00  0.564701E+09 0.481953E+09
     4436.00  0.576821E+09 0.493184E+09
     4446.00  0.587359E+09 0.502674E+09
     4456.00  0.596258E+09 0.510468E+09
     4466.00  0.603474E+09 0.516633E+09
     4476.00  0.608970E+09 0.521258E+09
     4486.00  0.612723E+09 0.524446E+09
     4511.00  0.614427E+09 0.526848E+09
     4536.00  0.605317E+09 0.522593E+09
     4561.00  0.585958E+09 0.512909E+09
     4586.00  0.557326E+09 0.498363E+09
     4611.00  0.520736E+09 0.478856E+09
     4636.00  0.477757E+09 0.453850E+09
     4661.00  0.430116E+09 0.422749E+09
     4686.00  0.379592E+09 0.385331E+09
     4711.00  0.327928E+09 0.342111E+09
     4736.00  0.276751E+09 0.294501E+09
     4761.00  0.227521E+09 0.244724E+09
     4786.00  0.181486E+09 0.195468E+09
     4811.00  0.139667E+09 0.149412E+09
     4836.00  0.102847E+09 0.108745E+09
     4861.00  0.715617E+08 0.748469E+08
     4886.00  0.461077E+08 0.481867E+08
     4911.00  0.265411E+08 0.284480E+08
     4936.00  0.126867E+08 0.147915E+08
     4961.00  0.415324E+07 0.615639E+07
     4986.00  0.356533E+06 0.151129E+07
     5011.00  0.554511E+06 0.533135E+04
     5036.00  0.389139E+07 0.101246E+07
     5061.00  0.944952E+07 0.408786E+07
     5086.00  0.163042E+08 0.886821E+07
     5111.00  0.235769E+08 0.149531E+08
     5136.00  0.304812E+08 0.218074E+08
     5161.00  0.363599E+08 0.287221E+08
     5186.00  0.407096E+08 0.348583E+08
     5211.00  0.431942E+08 0.393718E+08
     5236.00  0.436487E+08 0.415850E+08
     5261.00  0.420751E+08 0.411481E+08
     5286.00  0.386323E+08 0.381299E+08
     5311.00  0.336230E+08 0.330042E+08
     5336.00  0.274753E+08 0.265351E+08
     5361.00  0.207223E+08 0.196023E+08
     5386.00  0.139763E+08 0.130271E+08
     5411.00  0.789868E+07 0.745026E+07
     5436.00  0.316605E+07 0.328915E+07
     5461.00  0.432580E+06 0.769493E+06
     5511.00  0.324357E+07 0.109483E+07
     5561.00  0.197651E+08 0.958030E+07
     5611.00  0.511587E+08 0.287359E+08
     5661.00  0.961133E+08 0.616311E+08
     5711.00  0.151202E+09 0.108814E+09
     5761.00  0.211538E+09 0.165539E+09
     5811.00  0.271472E+09 0.222640E+09
     5861.00  0.325226E+09 0.271199E+09
     5911.00  0.367504E+09 0.306977E+09
     5961.00  0.394135E+09 0.330726E+09
     6011.00  0.402665E+09 0.344753E+09
     6061.00  0.392703E+09 0.349204E+09
     6111.00  0.365878E+09 0.341046E+09
     6161.00  0.325423E+09 0.316445E+09
     6211.00  0.275540E+09 0.274756E+09
     6261.00  0.220814E+09 0.220851E+09
     6311.00  0.165757E+09 0.163577E+09
     6361.00  0.114504E+09 0.111528E+09
     6411.00  0.705461E+08 0.696300E+08
     6461.00  0.364486E+08 0.387355E+08
     6511.00  0.135866E+08 0.175504E+08
     6561.00  0.200631E+07 0.478607E+07
     6611.00  0.497467E+06 0.361909E+05
     6661.00  0.687544E+07 0.309603E+07
     6711.00  0.183822E+08 0.125735E+08
     6761.00  0.320920E+08 0.252638E+08
     6811.00  0.452501E+08 0.371454E+08
     6861.00  0.555396E+08 0.452423E+08
     6911.00  0.612967E+08 0.487174E+08
     6961.00  0.616828E+08 0.484242E+08
     7011.00  0.567749E+08 0.456104E+08
     7061.00  0.475262E+08 0.409289E+08
     7111.00  0.355735E+08 0.343303E+08
     7161.00  0.229321E+08 0.257259E+08
     7211.00  0.116602E+08 0.158800E+08
     7261.00  0.357619E+07 0.678059E+07
     7311.00  0.705909E+05 0.100894E+07
     7361.00  0.200333E+07 0.478195E+06
     7411.00  0.965503E+07 0.556929E+07
     7511.00  0.402762E+08 0.285164E+08
     7611.00  0.830379E+08 0.622946E+08
     7711.00  0.123908E+09 0.103093E+09
     7811.00  0.149744E+09 0.136751E+09
     7911.00  0.152675E+09 0.142256E+09
     8011.00  0.131615E+09 0.119155E+09
     8111.00  0.927701E+08 0.847928E+08
     8211.00  0.486556E+08 0.495096E+08
     8311.00  0.139313E+08 0.177440E+08
     8411.00  0.291111E+05 0.625808E+06
     8511.00  0.118534E+08 0.716389E+07
     8611.00  0.468672E+08 0.325106E+08
     8711.00  0.958489E+08 0.688859E+08
     8811.00  0.145893E+09 0.113230E+09
     8911.00  0.184981E+09 0.156931E+09
     9011.00  0.205292E+09 0.182929E+09
     9111.00  0.203949E+09 0.182699E+09
     9211.00  0.182617E+09 0.164155E+09
     9311.00  0.146909E+09 0.136842E+09
     9411.00  0.104903E+09 0.102646E+09
     9511.00  0.646861E+08 0.642282E+08
     9611.00  0.323285E+08 0.310913E+08
     9711.00  0.110940E+08 0.107394E+08
     9811.00  0.130571E+07 0.190245E+07
     9911.00  0.508077E+06 0.397459E+05
    10011.00  0.439315E+07 0.246883E+07
    10111.00  0.851098E+07 0.668533E+07
    10211.00  0.984923E+07 0.877104E+07
    10311.00  0.760294E+07 0.691907E+07
    10411.00  0.325094E+07 0.323455E+07
    10511.00  0.115165E+06 0.440441E+06
    10611.00  0.235502E+07 0.651813E+06
    10711.00  0.136978E+08 0.753238E+07
    10811.00  0.365425E+08 0.258802E+08
    10911.00  0.716141E+08 0.568387E+08
    11011.00  0.117774E+09 0.963746E+08
    11111.00  0.171844E+09 0.140722E+09
    11211.00  0.228855E+09 0.189280E+09
    11311.00  0.282917E+09 0.239747E+09
    11411.00  0.328287E+09 0.283827E+09
    11511.00  0.360058E+09 0.311938E+09
    11611.00  0.374629E+09 0.321780E+09
    11711.00  0.370304E+09 0.318355E+09
    11811.00  0.347891E+09 0.305668E+09
    11911.00  0.310650E+09 0.282143E+09
    12011.00  0.263396E+09 0.245304E+09
    12111.00  0.211332E+09 0.198519E+09
    12211.00  0.159276E+09 0.150223E+09
    12311.00  0.111341E+09 0.107154E+09
    12411.00  0.706948E+08 0.710235E+08
    12511.00  0.392638E+08 0.413754E+08
    12611.00  0.176031E+08 0.190605E+08
    12711.00  0.508352E+07 0.560647E+07
    12811.00  0.243475E+06 0.399900E+06
    12911.00  0.108067E+07 0.559407E+06
    13011.00  0.527638E+07 0.334752E+07
    13111.00  0.105003E+08 0.734731E+07
    13211.00  0.148100E+08 0.115391E+08
    13311.00  0.169679E+08 0.143825E+08
    13411.00  0.165352E+08 0.145374E+08
    13511.00  0.137846E+08 0.121707E+08
    13611.00  0.954667E+07 0.866172E+07
    13711.00  0.501346E+07 0.517533E+07
    13811.00  0.147050E+07 0.219107E+07
    13911.00  0.452394E+04 0.245422E+06
    14011.00  0.130709E+07 0.476333E+06
    14111.00  0.562856E+07 0.390703E+07
    14211.00  0.128099E+08 0.103087E+08
    14311.00  0.223003E+08 0.184384E+08
    14411.00  0.331696E+08 0.273452E+08
    14511.00  0.441926E+08 0.367679E+08
    14611.00  0.540333E+08 0.461786E+08
    14711.00  0.614526E+08 0.539410E+08
    14811.00  0.654580E+08 0.579583E+08
    14911.00  0.654009E+08 0.573224E+08
    15011.00  0.610836E+08 0.529408E+08
    15111.00  0.528801E+08 0.463587E+08
    15211.00  0.417815E+08 0.383614E+08
    15311.00  0.292853E+08 0.289586E+08
    15411.00  0.171620E+08 0.185564E+08
    15511.00  0.721959E+07 0.881357E+07
    15611.00  0.115195E+07 0.206476E+07
    15711.00  0.447836E+06 0.371168E+05
    15811.00  0.629770E+07 0.349856E+07
    15911.00  0.194863E+08 0.130257E+08
    16011.00  0.403236E+08 0.295506E+08
    16111.00  0.686497E+08 0.537538E+08
    16211.00  0.103875E+09 0.849108E+08
    16311.00  0.144984E+09 0.120724E+09
    16411.00  0.190500E+09 0.158706E+09
    16511.00  0.238484E+09 0.197692E+09
    16611.00  0.286668E+09 0.237711E+09
    16711.00  0.332692E+09 0.278343E+09
    16811.00  0.374364E+09 0.317375E+09
    16911.00  0.409810E+09 0.351268E+09
    17011.00  0.437513E+09 0.377186E+09
    17111.00  0.456332E+09 0.394561E+09
    17211.00  0.465561E+09 0.404591E+09
    17311.00  0.465004E+09 0.408234E+09
    17411.00  0.454995E+09 0.404798E+09
    17511.00  0.436299E+09 0.392498E+09
    17611.00  0.409942E+09 0.370435E+09
    17711.00  0.377093E+09 0.340047E+09
    17811.00  0.339041E+09 0.304600E+09
    17911.00  0.297238E+09 0.267289E+09
    18011.00  0.253325E+09 0.229782E+09
    18111.00  0.209058E+09 0.192345E+09
    18211.00  0.166167E+09 0.155120E+09
    18311.00  0.126207E+09 0.119184E+09
    18411.00  0.904835E+08 0.864422E+08
    18511.00  0.600173E+08 0.586048E+08
    18611.00  0.355364E+08 0.363854E+08
    18711.00  0.174540E+08 0.196158E+08
    18811.00  0.585073E+07 0.795952E+07
    18911.00  0.494736E+06 0.142122E+07
    19011.00  0.909832E+06 0.193424E+06
    19111.00  0.646240E+07 0.409370E+07
    19311.00  0.300059E+08 0.235640E+08
    19511.00  0.645273E+08 0.522343E+08
    19711.00  0.102797E+09 0.859402E+08
    19911.00  0.138110E+09 0.117200E+09
    20111.00  0.165082E+09 0.139559E+09
    20311.00  0.180240E+09 0.154907E+09
    20511.00  0.182905E+09 0.161977E+09
    20711.00  0.174658E+09 0.155983E+09
    20911.00  0.157784E+09 0.140658E+09
    21111.00  0.134828E+09 0.121501E+09
    21311.00  0.108639E+09 0.982628E+08
    21511.00  0.818991E+08 0.733564E+08
    21711.00  0.569588E+08 0.519751E+08
    21911.00  0.358555E+08 0.344488E+08
    22111.00  0.197995E+08 0.195905E+08
    22311.00  0.890705E+07 0.891800E+07
    22511.00  0.262861E+07 0.290104E+07
    22711.00  0.145510E+06 0.263515E+06
    22911.00  0.522912E+06 0.372110E+06
    23111.00  0.284709E+07 0.230510E+07
    23311.00  0.623473E+07 0.480855E+07
    23511.00  0.981166E+07 0.774485E+07
    23711.00  0.128942E+08 0.108336E+08
    23911.00  0.151259E+08 0.129968E+08
    24111.00  0.163881E+08 0.141784E+08
    24311.00  0.167193E+08 0.149770E+08
    24511.00  0.162756E+08 0.148770E+08
    24711.00  0.152020E+08 0.134353E+08
    24911.00  0.135768E+08 0.116204E+08
    25111.00  0.115324E+08 0.101157E+08
    25311.00  0.931404E+07 0.846418E+07
    25511.00  0.716689E+07 0.653246E+07
    25711.00  0.525282E+07 0.488600E+07
    25911.00  0.366408E+07 0.361724E+07
    26111.00  0.242575E+07 0.239570E+07
    26311.00  0.149545E+07 0.132548E+07
    26511.00  0.815576E+06 0.677535E+06
    26711.00  0.356868E+06 0.339468E+06
    26911.00  0.993379E+05 0.118365E+06



          1         2        10       781BP  B   BP                   
 E STATE HAS LABEL BP  
 VIBRATIONAL LEVELS FOR STATE E IN 1/CM FOR J=  0
      -7898.67965     -6018.53191     -4302.13079     -2770.55167
     -1471.15464      -518.02349      -206.98237      -104.94107
       -41.15073        -2.38896
 PROPORTION OF STATE B   
  0.165378E-04 0.365103E-04 0.495733E-04 0.568784E-04 0.535006E-04
  0.359196E-04 0.433103E-05 0.794626E-03 0.416482E+00 0.289232E-01
 PROPORTION OF STATE BP  
  0.999983E+00 0.999963E+00 0.999950E+00 0.999943E+00 0.999946E+00
  0.999964E+00 0.999996E+00 0.999205E+00 0.583518E+00 0.971077E+00
 TABLE FOR EMISSION PROBABILITIES   E(J=  0,IE) ==>F(J=  1,IF)
         IE==>      0            1            2            3
        1.00  0.112573E+04 0.108358E+04 0.890942E+03 0.711871E+05
        2.00  0.257174E+04 0.246816E+04 0.194735E+04 0.152860E+06
        3.00  0.377056E+04 0.360849E+04 0.272865E+04 0.210322E+06
        4.00  0.467928E+04 0.446605E+04 0.323252E+04 0.244533E+06
        5.00  0.535319E+04 0.509607E+04 0.352584E+04 0.261622E+06
        6.00  0.585299E+04 0.555818E+04 0.367074E+04 0.267001E+06
        7.00  0.622662E+04 0.589920E+04 0.371329E+04 0.264590E+06
        8.00  0.650841E+04 0.615257E+04 0.368536E+04 0.257059E+06
        9.00  0.672203E+04 0.634128E+04 0.360854E+04 0.246193E+06
       10.00  0.688372E+04 0.648114E+04 0.349758E+04 0.233197E+06
       11.00  0.700486E+04 0.658316E+04 0.336275E+04 0.218896E+06
       12.00  0.709365E+04 0.665532E+04 0.321147E+04 0.203878E+06
       13.00  0.715622E+04 0.670355E+04 0.304920E+04 0.188565E+06
       14.00  0.719729E+04 0.673240E+04 0.288010E+04 0.173266E+06
       15.00  0.722054E+04 0.674543E+04 0.270734E+04 0.158210E+06
       16.00  0.722887E+04 0.674543E+04 0.253336E+04 0.143564E+06
       17.00  0.722457E+04 0.673460E+04 0.236009E+04 0.129453E+06
       18.00  0.720945E+04 0.671465E+04 0.218900E+04 0.115964E+06
       19.00  0.718493E+04 0.668696E+04 0.202126E+04 0.103162E+06
       20.00  0.715218E+04 0.665261E+04 0.185780E+04 0.910910E+05
       21.00  0.711213E+04 0.661250E+04 0.169936E+04 0.797806E+05
       22.00  0.706555E+04 0.656736E+04 0.154656E+04 0.692491E+05
       23.00  0.701312E+04 0.651781E+04 0.139987E+04 0.595061E+05
       24.00  0.695543E+04 0.646439E+04 0.125969E+04 0.505540E+05
       25.00  0.689299E+04 0.640759E+04 0.112635E+04 0.423894E+05
       26.00  0.682629E+04 0.634782E+04 0.100010E+04 0.350040E+05
       27.00  0.675573E+04 0.628547E+04 0.881139E+03 0.283858E+05
       28.00  0.668171E+04 0.622087E+04 0.769625E+03 0.225194E+05
       29.00  0.660455E+04 0.615432E+04 0.665664E+03 0.173867E+05
       30.00  0.652456E+04 0.608608E+04 0.569327E+03 0.129674E+05
       31.00  0.644201E+04 0.601638E+04 0.480656E+03 0.923954E+04
       32.00  0.635713E+04 0.594542E+04 0.399663E+03 0.617987E+04
       33.00  0.627014E+04 0.587336E+04 0.326339E+03 0.376395E+04
       34.00  0.618124E+04 0.580037E+04 0.260651E+03 0.196658E+04
       35.00  0.609058E+04 0.572658E+04 0.202551E+03 0.761958E+03
       36.00  0.599834E+04 0.565210E+04 0.151975E+03 0.123851E+03
       37.00  0.590466E+04 0.557706E+04 0.108842E+03 0.257381E+02
       38.00  0.580969E+04 0.550155E+04 0.730627E+02 0.440936E+03
       39.00  0.571356E+04 0.542567E+04 0.445323E+02 0.134271E+04
       40.00  0.561639E+04 0.534952E+04 0.231376E+02 0.270436E+04
       42.00  0.541948E+04 0.519672E+04 0.125534E+01 0.670128E+04
       44.00  0.521988E+04 0.504379E+04 0.633550E+01 0.122222E+05
       46.00  0.501846E+04 0.489128E+04 0.371893E+02 0.190633E+05
       48.00  0.481600E+04 0.473967E+04 0.925432E+02 0.270278E+05
       50.00  0.461319E+04 0.458935E+04 0.171058E+03 0.359274E+05
       52.00  0.441063E+04 0.444064E+04 0.271347E+03 0.455829E+05
       54.00  0.420889E+04 0.429382E+04 0.391982E+03 0.558248E+05
       56.00  0.400848E+04 0.414910E+04 0.531513E+03 0.664938E+05
       58.00  0.380988E+04 0.400670E+04 0.688471E+03 0.774411E+05
       60.00  0.361355E+04 0.386680E+04 0.861381E+03 0.885288E+05
       62.00  0.341991E+04 0.372956E+04 0.104878E+04 0.996298E+05
       64.00  0.322938E+04 0.359512E+04 0.124919E+04 0.110628E+06
       66.00  0.304232E+04 0.346362E+04 0.146120E+04 0.121419E+06
       68.00  0.285908E+04 0.333514E+04 0.168338E+04 0.131909E+06
       70.00  0.267999E+04 0.320978E+04 0.191434E+04 0.142012E+06
       72.00  0.250532E+04 0.308760E+04 0.215274E+04 0.151655E+06
       74.00  0.233535E+04 0.296865E+04 0.239726E+04 0.160773E+06
       76.00  0.217031E+04 0.285295E+04 0.264661E+04 0.169310E+06
       78.00  0.201043E+04 0.274052E+04 0.289955E+04 0.177220E+06
       80.00  0.185590E+04 0.263137E+04 0.315489E+04 0.184464E+06
       82.00  0.170691E+04 0.252551E+04 0.341148E+04 0.191011E+06
       84.00  0.156363E+04 0.242293E+04 0.366822E+04 0.196839E+06
       86.00  0.142621E+04 0.232361E+04 0.392408E+04 0.201932E+06
       88.00  0.129479E+04 0.222754E+04 0.417806E+04 0.206282E+06
       90.00  0.116947E+04 0.213470E+04 0.442923E+04 0.209884E+06
       92.00  0.105036E+04 0.204504E+04 0.467671E+04 0.212743E+06
       94.00  0.937553E+03 0.195855E+04 0.491970E+04 0.214867E+06
       96.00  0.831107E+03 0.187516E+04 0.515740E+04 0.216267E+06
       98.00  0.731080E+03 0.179484E+04 0.538911E+04 0.216961E+06
      100.00  0.637512E+03 0.171753E+04 0.561416E+04 0.216970E+06
      102.00  0.550430E+03 0.164317E+04 0.583194E+04 0.216316E+06
      104.00  0.469849E+03 0.157170E+04 0.604188E+04 0.215027E+06
      106.00  0.395773E+03 0.150307E+04 0.624346E+04 0.213132E+06
      108.00  0.328192E+03 0.143720E+04 0.643624E+04 0.210663E+06
      110.00  0.267089E+03 0.137402E+04 0.661979E+04 0.207654E+06
      112.00  0.212432E+03 0.131349E+04 0.679377E+04 0.204138E+06
      114.00  0.164182E+03 0.125552E+04 0.695786E+04 0.200154E+06
      116.00  0.122289E+03 0.120004E+04 0.711181E+04 0.195737E+06
      118.00  0.866932E+02 0.114700E+04 0.725539E+04 0.190926E+06
      122.00  0.341124E+02 0.104792E+04 0.751081E+04 0.180273E+06
      126.00  0.579392E+01 0.957720E+03 0.772323E+04 0.168498E+06
      130.00  0.970751E+00 0.875833E+03 0.789231E+04 0.155898E+06
      134.00  0.187683E+02 0.801706E+03 0.801826E+04 0.142758E+06
      138.00  0.582159E+02 0.734798E+03 0.810177E+04 0.129343E+06
      142.00  0.118259E+03 0.674589E+03 0.814399E+04 0.115901E+06
      146.00  0.197768E+03 0.620583E+03 0.814647E+04 0.102654E+06
      150.00  0.295555E+03 0.572305E+03 0.811109E+04 0.897995E+05
      154.00  0.410379E+03 0.529309E+03 0.804004E+04 0.775083E+05
      158.00  0.540960E+03 0.491174E+03 0.793569E+04 0.659228E+05
      162.00  0.685985E+03 0.457509E+03 0.780061E+04 0.551577E+05
      166.00  0.844116E+03 0.427948E+03 0.763748E+04 0.453012E+05
      170.00  0.101400E+04 0.402159E+03 0.744904E+04 0.364159E+05
      174.00  0.119428E+04 0.379835E+03 0.723814E+04 0.285402E+05
      178.00  0.138360E+04 0.360704E+03 0.700760E+04 0.216902E+05
      182.00  0.158061E+04 0.344518E+03 0.676026E+04 0.158617E+05
      186.00  0.178397E+04 0.331059E+03 0.649893E+04 0.110321E+05
      190.00  0.199238E+04 0.320137E+03 0.622631E+04 0.716289E+04
      194.00  0.220456E+04 0.311583E+03 0.594502E+04 0.420203E+04
      198.00  0.241925E+04 0.305256E+03 0.565757E+04 0.208606E+04
      202.00  0.263524E+04 0.301033E+03 0.536630E+04 0.742566E+03
      206.00  0.285134E+04 0.298816E+03 0.507344E+04 0.923854E+02
      210.00  0.306644E+04 0.298522E+03 0.478103E+04 0.516893E+02
      214.00  0.327944E+04 0.300089E+03 0.449097E+04 0.533975E+03
      218.00  0.348931E+04 0.303468E+03 0.420499E+04 0.145190E+04
      222.00  0.369509E+04 0.308626E+03 0.392465E+04 0.271893E+04
      226.00  0.389586E+04 0.315544E+03 0.365132E+04 0.425089E+04
      230.00  0.409075E+04 0.324209E+03 0.338623E+04 0.596721E+04
      234.00  0.427899E+04 0.334621E+03 0.313039E+04 0.779210E+04
      238.00  0.445982E+04 0.346785E+03 0.288468E+04 0.965546E+04
      242.00  0.463257E+04 0.360713E+03 0.264980E+04 0.114936E+05
      246.00  0.479661E+04 0.376419E+03 0.242630E+04 0.132499E+05
      250.00  0.495140E+04 0.393923E+03 0.221457E+04 0.148751E+05
      254.00  0.509643E+04 0.413244E+03 0.201490E+04 0.163277E+05
      258.00  0.523127E+04 0.434401E+03 0.182742E+04 0.175739E+05
      262.00  0.535555E+04 0.457416E+03 0.165216E+04 0.185877E+05
      266.00  0.546896E+04 0.482304E+03 0.148904E+04 0.193507E+05
      270.00  0.557125E+04 0.509082E+03 0.133787E+04 0.198517E+05
      274.00  0.566222E+04 0.537759E+03 0.119840E+04 0.200866E+05
      282.00  0.580968E+04 0.600833E+03 0.953130E+03 0.197732E+05
      290.00  0.591082E+04 0.671506E+03 0.749797E+03 0.184976E+05
      298.00  0.596585E+04 0.749653E+03 0.584288E+03 0.164233E+05
      306.00  0.597575E+04 0.835035E+03 0.452094E+03 0.137702E+05
      314.00  0.594214E+04 0.927296E+03 0.348581E+03 0.107936E+05
      322.00  0.586723E+04 0.102596E+04 0.269223E+03 0.776354E+04
      330.00  0.575367E+04 0.113042E+04 0.209791E+03 0.494662E+04
      338.00  0.560454E+04 0.123998E+04 0.166504E+03 0.258971E+04
      346.00  0.542323E+04 0.135380E+04 0.136143E+03 0.906903E+03
      354.00  0.521337E+04 0.147099E+04 0.116116E+03 0.695169E+02
      362.00  0.497882E+04 0.159057E+04 0.104491E+03 0.199418E+03
      370.00  0.472352E+04 0.171149E+04 0.999994E+02 0.136555E+04
      378.00  0.445146E+04 0.183270E+04 0.102005E+03 0.358344E+04
      386.00  0.416658E+04 0.195308E+04 0.110451E+03 0.681742E+04
      394.00  0.387275E+04 0.207155E+04 0.125791E+03 0.109849E+05
      402.00  0.357372E+04 0.218699E+04 0.148903E+03 0.159628E+05
      410.00  0.327306E+04 0.229837E+04 0.180993E+03 0.215947E+05
      418.00  0.297413E+04 0.240467E+04 0.223501E+03 0.276994E+05
      426.00  0.268006E+04 0.250496E+04 0.277991E+03 0.340801E+05
      434.00  0.239368E+04 0.259834E+04 0.346064E+03 0.405324E+05
      442.00  0.211755E+04 0.268404E+04 0.429255E+03 0.468530E+05
      450.00  0.185390E+04 0.276136E+04 0.528957E+03 0.528475E+05
      458.00  0.160466E+04 0.282968E+04 0.646344E+03 0.583370E+05
      466.00  0.137144E+04 0.288852E+04 0.782308E+03 0.631640E+05
      474.00  0.115554E+04 0.293750E+04 0.937413E+03 0.671969E+05
      482.00  0.957938E+03 0.297634E+04 0.111186E+04 0.703332E+05
      490.00  0.779303E+03 0.300488E+04 0.130545E+04 0.725014E+05
      498.00  0.620022E+03 0.302305E+04 0.151759E+04 0.736615E+05
      506.00  0.480201E+03 0.303090E+04 0.174731E+04 0.738050E+05
      514.00  0.359690E+03 0.302856E+04 0.199321E+04 0.729533E+05
      522.00  0.258102E+03 0.301627E+04 0.225356E+04 0.711555E+05
      530.00  0.174834E+03 0.299436E+04 0.252632E+04 0.684853E+05
      538.00  0.109089E+03 0.296323E+04 0.280912E+04 0.650373E+05
      546.00  0.599026E+02 0.292335E+04 0.309938E+04 0.609231E+05
      554.00  0.261644E+02 0.287525E+04 0.339432E+04 0.562667E+05
      562.00  0.664456E+01 0.281953E+04 0.369102E+04 0.512004E+05
      570.00  0.178974E-01 0.275680E+04 0.398649E+04 0.458604E+05
      578.00  0.488774E+01 0.268772E+04 0.427768E+04 0.403827E+05
      586.00  0.198093E+02 0.261300E+04 0.456160E+04 0.348992E+05
      596.00  0.503558E+02 0.251272E+04 0.490184E+04 0.282256E+05
      606.00  0.914347E+02 0.240611E+04 0.522077E+04 0.219559E+05
      616.00  0.140220E+03 0.229455E+04 0.551342E+04 0.162767E+05
      626.00  0.193989E+03 0.217940E+04 0.577537E+04 0.113362E+05
      636.00  0.250172E+03 0.206194E+04 0.600287E+04 0.724125E+04
      646.00  0.306394E+03 0.194342E+04 0.619286E+04 0.405653E+04
      656.00  0.360507E+03 0.182499E+04 0.634306E+04 0.180505E+04
      666.00  0.410620E+03 0.170771E+04 0.645199E+04 0.470736E+03
      676.00  0.455121E+03 0.159254E+04 0.651896E+04 0.232450E+01
      686.00  0.492688E+03 0.148033E+04 0.654402E+04 0.318372E+03
      696.00  0.522295E+03 0.137181E+04 0.652796E+04 0.131307E+04
      706.00  0.543220E+03 0.126758E+04 0.647226E+04 0.286255E+04
      716.00  0.555034E+03 0.116817E+04 0.637897E+04 0.483133E+04
      726.00  0.557595E+03 0.107397E+04 0.625071E+04 0.707875E+04
      736.00  0.551034E+03 0.985262E+03 0.609054E+04 0.946499E+04
      746.00  0.535738E+03 0.902252E+03 0.590186E+04 0.118566E+05
      756.00  0.512324E+03 0.825042E+03 0.568836E+04 0.141311E+05
      766.00  0.481618E+03 0.753655E+03 0.545386E+04 0.161814E+05
      776.00  0.444629E+03 0.688041E+03 0.520229E+04 0.179182E+05
      786.00  0.402518E+03 0.628092E+03 0.493758E+04 0.192725E+05
      796.00  0.356574E+03 0.573646E+03 0.466358E+04 0.201968E+05
      806.00  0.308178E+03 0.524502E+03 0.438399E+04 0.206650E+05
      816.00  0.258776E+03 0.480425E+03 0.410232E+04 0.206722E+05
      826.00  0.209850E+03 0.441160E+03 0.382182E+04 0.202331E+05
      836.00  0.162889E+03 0.406434E+03 0.354542E+04 0.193800E+05
      846.00  0.119361E+03 0.375974E+03 0.327575E+04 0.181606E+05
      856.00  0.806882E+02 0.349504E+03 0.301509E+04 0.166349E+05
      866.00  0.482228E+02 0.326758E+03 0.276535E+04 0.148722E+05
      876.00  0.232267E+02 0.307483E+03 0.252809E+04 0.129479E+05
      886.00  0.685123E+01 0.291445E+03 0.230454E+04 0.109404E+05
      896.00  0.121041E+00 0.278430E+03 0.209558E+04 0.892788E+04
      906.00  0.392013E+01 0.268246E+03 0.190176E+04 0.698544E+04
      916.00  0.189808E+02 0.260729E+03 0.172339E+04 0.518262E+04
      926.00  0.458750E+02 0.255739E+03 0.156047E+04 0.358120E+04
      936.00  0.850088E+02 0.253162E+03 0.141282E+04 0.223339E+04
      946.00  0.136619E+03 0.252907E+03 0.128006E+04 0.118051E+04
      956.00  0.200773E+03 0.254910E+03 0.116166E+04 0.452080E+03
      966.00  0.277369E+03 0.259123E+03 0.105699E+04 0.653985E+02
      976.00  0.366143E+03 0.265520E+03 0.965315E+03 0.255334E+02
      986.00  0.466672E+03 0.274089E+03 0.885885E+03 0.325720E+03
      996.00  0.578385E+03 0.284828E+03 0.817924E+03 0.948119E+03
     1006.00  0.700569E+03 0.297746E+03 0.760671E+03 0.186490E+04
     1016.00  0.832383E+03 0.312856E+03 0.713403E+03 0.303955E+04
     1026.00  0.972870E+03 0.330171E+03 0.675458E+03 0.442843E+04
     1036.00  0.112097E+04 0.349703E+03 0.646247E+03 0.598247E+04
     1046.00  0.127554E+04 0.371458E+03 0.625269E+03 0.764886E+04
     1056.00  0.143535E+04 0.395435E+03 0.612115E+03 0.937290E+04
     1066.00  0.159913E+04 0.421618E+03 0.606475E+03 0.110997E+05
     1076.00  0.176556E+04 0.449980E+03 0.608137E+03 0.127759E+05
     1086.00  0.193329E+04 0.480475E+03 0.616981E+03 0.143510E+05
     1096.00  0.210097E+04 0.513042E+03 0.632974E+03 0.157792E+05
     1106.00  0.226725E+04 0.547597E+03 0.656164E+03 0.170200E+05
     1116.00  0.243078E+04 0.584038E+03 0.686660E+03 0.180396E+05
     1126.00  0.259028E+04 0.622243E+03 0.724626E+03 0.188114E+05
     1136.00  0.274448E+04 0.662067E+03 0.770262E+03 0.193167E+05
     1146.00  0.289220E+04 0.703345E+03 0.823788E+03 0.195448E+05
     1156.00  0.303231E+04 0.745895E+03 0.885430E+03 0.194930E+05
     1166.00  0.316375E+04 0.789511E+03 0.955398E+03 0.191665E+05
     1176.00  0.328557E+04 0.833974E+03 0.103388E+04 0.185780E+05
     1186.00  0.339690E+04 0.879047E+03 0.112101E+04 0.177471E+05
     1196.00  0.349698E+04 0.924483E+03 0.121688E+04 0.166995E+05
     1206.00  0.358515E+04 0.970020E+03 0.132149E+04 0.154664E+05
     1216.00  0.366087E+04 0.101539E+04 0.143479E+04 0.140831E+05
     1226.00  0.372369E+04 0.106032E+04 0.155662E+04 0.125883E+05
     1236.00  0.377330E+04 0.110453E+04 0.168672E+04 0.110228E+05
     1246.00  0.380950E+04 0.114774E+04 0.182474E+04 0.942888E+04
     1256.00  0.383218E+04 0.118968E+04 0.197023E+04 0.784849E+04
     1266.00  0.384136E+04 0.123007E+04 0.212262E+04 0.632283E+04
     1276.00  0.383716E+04 0.126865E+04 0.228125E+04 0.489111E+04
     1286.00  0.381981E+04 0.130518E+04 0.244537E+04 0.358978E+04
     1296.00  0.378963E+04 0.133939E+04 0.261411E+04 0.245168E+04
     1306.00  0.374703E+04 0.137108E+04 0.278654E+04 0.150539E+04
     1316.00  0.369251E+04 0.140004E+04 0.296166E+04 0.774727E+03
     1326.00  0.362666E+04 0.142607E+04 0.313839E+04 0.278301E+03
     1336.00  0.355012E+04 0.144901E+04 0.331561E+04 0.292508E+02
     1346.00  0.346361E+04 0.146871E+04 0.349214E+04 0.351057E+02
     1356.00  0.336789E+04 0.148504E+04 0.366681E+04 0.297773E+03
     1366.00  0.326377E+04 0.149792E+04 0.383839E+04 0.813653E+03
     1376.00  0.315212E+04 0.150727E+04 0.400570E+04 0.157387E+04
     1386.00  0.303380E+04 0.151304E+04 0.416754E+04 0.256459E+04
     1396.00  0.290973E+04 0.151520E+04 0.432277E+04 0.376749E+04
     1406.00  0.278082E+04 0.151376E+04 0.447028E+04 0.516023E+04
     1416.00  0.264798E+04 0.150875E+04 0.460900E+04 0.671702E+04
     1426.00  0.251213E+04 0.150022E+04 0.473796E+04 0.840928E+04
     1436.00  0.237418E+04 0.148824E+04 0.485625E+04 0.102062E+05
     1446.00  0.223500E+04 0.147291E+04 0.496305E+04 0.120757E+05
     1456.00  0.209547E+04 0.145435E+04 0.505762E+04 0.139846E+05
     1466.00  0.195640E+04 0.143269E+04 0.513936E+04 0.158997E+05
     1476.00  0.181859E+04 0.140808E+04 0.520775E+04 0.177884E+05
     1486.00  0.168279E+04 0.138070E+04 0.526239E+04 0.196191E+05
     1496.00  0.154969E+04 0.135073E+04 0.530300E+04 0.213619E+05
     1506.00  0.141996E+04 0.131837E+04 0.532941E+04 0.229890E+05
     1516.00  0.129418E+04 0.128382E+04 0.534157E+04 0.244754E+05
     1526.00  0.117290E+04 0.124730E+04 0.533954E+04 0.257989E+05
     1536.00  0.105659E+04 0.120903E+04 0.532349E+04 0.269407E+05
     1546.00  0.945688E+03 0.116923E+04 0.529370E+04 0.278856E+05
     1556.00  0.840536E+03 0.112814E+04 0.525056E+04 0.286218E+05
     1566.00  0.741437E+03 0.108598E+04 0.519453E+04 0.291416E+05
     1576.00  0.648625E+03 0.104297E+04 0.512618E+04 0.294407E+05
     1586.00  0.562274E+03 0.999341E+03 0.504615E+04 0.295188E+05
     1596.00  0.482500E+03 0.955311E+03 0.495516E+04 0.293790E+05
     1606.00  0.409358E+03 0.911092E+03 0.485397E+04 0.290277E+05
     1616.00  0.342851E+03 0.866886E+03 0.474342E+04 0.284746E+05
     1626.00  0.282926E+03 0.822891E+03 0.462438E+04 0.277322E+05
     1636.00  0.229480E+03 0.779289E+03 0.449774E+04 0.268154E+05
     1646.00  0.182366E+03 0.736255E+03 0.436442E+04 0.257412E+05
     1656.00  0.141389E+03 0.693949E+03 0.422537E+04 0.245287E+05
     1666.00  0.106317E+03 0.652522E+03 0.408153E+04 0.231980E+05
     1676.00  0.768832E+02 0.612107E+03 0.393382E+04 0.217703E+05
     1686.00  0.527869E+02 0.572826E+03 0.378317E+04 0.202675E+05
     1696.00  0.337009E+02 0.534788E+03 0.363049E+04 0.187116E+05
     1706.00  0.192750E+02 0.498084E+03 0.347663E+04 0.171243E+05
     1716.00  0.913972E+01 0.462796E+03 0.332245E+04 0.155270E+05
     1726.00  0.291114E+01 0.428988E+03 0.316873E+04 0.139400E+05
     1736.00  0.194990E+00 0.396711E+03 0.301621E+04 0.123825E+05
     1746.00  0.590786E+00 0.366005E+03 0.286561E+04 0.108723E+05
     1756.00  0.369592E+01 0.336895E+03 0.271755E+04 0.942545E+04
     1766.00  0.910956E+01 0.309394E+03 0.257263E+04 0.805620E+04
     1776.00  0.164364E+02 0.283504E+03 0.243137E+04 0.677679E+04
     1786.00  0.252901E+02 0.259216E+03 0.229424E+04 0.559734E+04
     1796.00  0.352968E+02 0.236511E+03 0.216165E+04 0.452583E+04
     1806.00  0.460981E+02 0.215362E+03 0.203395E+04 0.356801E+04
     1816.00  0.573539E+02 0.195732E+03 0.191141E+04 0.272747E+04
     1826.00  0.687449E+02 0.177578E+03 0.179428E+04 0.200568E+04
     1836.00  0.799750E+02 0.160849E+03 0.168273E+04 0.140205E+04
     1846.00  0.907732E+02 0.145491E+03 0.157689E+04 0.914111E+03
     1856.00  0.100896E+03 0.131444E+03 0.147682E+04 0.537577E+03
     1866.00  0.110126E+03 0.118645E+03 0.138257E+04 0.266578E+03
     1876.00  0.118278E+03 0.107027E+03 0.129411E+04 0.938255E+02
     1886.00  0.125195E+03 0.965243E+02 0.121141E+04 0.108191E+02
     1896.00  0.130751E+03 0.870675E+02 0.113437E+04 0.806304E+01
     1906.00  0.134852E+03 0.785885E+02 0.106288E+04 0.752902E+02
     1916.00  0.137434E+03 0.710198E+02 0.996817E+03 0.201688E+03
     1926.00  0.138462E+03 0.642950E+02 0.936016E+03 0.376127E+03
     1936.00  0.137934E+03 0.583500E+02 0.880309E+03 0.587377E+03
     1946.00  0.135875E+03 0.531234E+02 0.829512E+03 0.824326E+03
     1956.00  0.132339E+03 0.485567E+02 0.783435E+03 0.107618E+04
     1966.00  0.127405E+03 0.445951E+02 0.741883E+03 0.133266E+04
     1976.00  0.121180E+03 0.411878E+02 0.704662E+03 0.158414E+04
     1986.00  0.113794E+03 0.382883E+02 0.671580E+03 0.182186E+04
     1996.00  0.105397E+03 0.358545E+02 0.642453E+03 0.203800E+04
     2006.00  0.961618E+02 0.338490E+02 0.617102E+03 0.222583E+04
     2016.00  0.862768E+02 0.322393E+02 0.595362E+03 0.237976E+04
     2026.00  0.759474E+02 0.309976E+02 0.577079E+03 0.249547E+04
     2036.00  0.653925E+02 0.301008E+02 0.562113E+03 0.256987E+04
     2046.00  0.548421E+02 0.295305E+02 0.550339E+03 0.260118E+04
     2056.00  0.445353E+02 0.292731E+02 0.541649E+03 0.258891E+04
     2066.00  0.347175E+02 0.293190E+02 0.535948E+03 0.253382E+04
     2076.00  0.256387E+02 0.296630E+02 0.533161E+03 0.243790E+04
     2086.00  0.175505E+02 0.303035E+02 0.533226E+03 0.230427E+04
     2096.00  0.107043E+02 0.312425E+02 0.536097E+03 0.213713E+04
     2106.00  0.534876E+01 0.324852E+02 0.541742E+03 0.194166E+04
     2116.00  0.172764E+01 0.340396E+02 0.550143E+03 0.172390E+04
     2126.00  0.777518E-01 0.359159E+02 0.561291E+03 0.149061E+04
     2136.00  0.626903E+00 0.381264E+02 0.575189E+03 0.124920E+04
     2146.00  0.359196E+01 0.406850E+02 0.591849E+03 0.100751E+04
     2156.00  0.917708E+01 0.436064E+02 0.611287E+03 0.773741E+03
     2166.00  0.175720E+02 0.469064E+02 0.633524E+03 0.556276E+03
     2176.00  0.289505E+02 0.506006E+02 0.658584E+03 0.363542E+03
     2186.00  0.434690E+02 0.547046E+02 0.686492E+03 0.203869E+03
     2196.00  0.612655E+02 0.592334E+02 0.717267E+03 0.853592E+02
     2206.00  0.824580E+02 0.642010E+02 0.750927E+03 0.157488E+02
     2216.00  0.107144E+03 0.696200E+02 0.787484E+03 0.229000E+01
     2226.00  0.135400E+03 0.755011E+02 0.826940E+03 0.516356E+02
     2236.00  0.167280E+03 0.818531E+02 0.869288E+03 0.169737E+03
     2246.00  0.202815E+03 0.886825E+02 0.914510E+03 0.361752E+03
     2256.00  0.242015E+03 0.959930E+02 0.962574E+03 0.631967E+03
     2266.00  0.284865E+03 0.103785E+03 0.101343E+04 0.983736E+03
     2276.00  0.331329E+03 0.112058E+03 0.106703E+04 0.141942E+04
     2286.00  0.381348E+03 0.120805E+03 0.112328E+04 0.194037E+04
     2296.00  0.434839E+03 0.130017E+03 0.118208E+04 0.254687E+04
     2306.00  0.491698E+03 0.139683E+03 0.124334E+04 0.323818E+04
     2316.00  0.551802E+03 0.149787E+03 0.130690E+04 0.401250E+04
     2326.00  0.615004E+03 0.160310E+03 0.137263E+04 0.486699E+04
     2336.00  0.681140E+03 0.171229E+03 0.144036E+04 0.579785E+04
     2346.00  0.750026E+03 0.182517E+03 0.150988E+04 0.680030E+04
     2356.00  0.821460E+03 0.194146E+03 0.158101E+04 0.786870E+04
     2366.00  0.895225E+03 0.206082E+03 0.165352E+04 0.899656E+04
     2376.00  0.971089E+03 0.218291E+03 0.172718E+04 0.101767E+05
     2386.00  0.104880E+04 0.230732E+03 0.180173E+04 0.114011E+05
     2396.00  0.112811E+04 0.243365E+03 0.187691E+04 0.126614E+05
     2406.00  0.120874E+04 0.256147E+03 0.195244E+04 0.139487E+05
     2416.00  0.129042E+04 0.269031E+03 0.202804E+04 0.152537E+05
     2426.00  0.137285E+04 0.281969E+03 0.210342E+04 0.165667E+05
     2436.00  0.145574E+04 0.294911E+03 0.217827E+04 0.178779E+05
     2446.00  0.153881E+04 0.307808E+03 0.225229E+04 0.191777E+05
     2456.00  0.162173E+04 0.320607E+03 0.232518E+04 0.204562E+05
     2466.00  0.170422E+04 0.333256E+03 0.239661E+04 0.217038E+05
     2476.00  0.178597E+04 0.345701E+03 0.246630E+04 0.229111E+05
     2486.00  0.186668E+04 0.357891E+03 0.253393E+04 0.240691E+05
     2496.00  0.194606E+04 0.369772E+03 0.259920E+04 0.251690E+05
     2506.00  0.202380E+04 0.381293E+03 0.266184E+04 0.262029E+05
     2516.00  0.209963E+04 0.392403E+03 0.272155E+04 0.271630E+05
     2526.00  0.217326E+04 0.403052E+03 0.277806E+04 0.280427E+05
     2536.00  0.224443E+04 0.413194E+03 0.283113E+04 0.288356E+05
     2546.00  0.231288E+04 0.422781E+03 0.288051E+04 0.295363E+05
     2556.00  0.237835E+04 0.431770E+03 0.292598E+04 0.301402E+05
     2566.00  0.244062E+04 0.440120E+03 0.296733E+04 0.306436E+05
     2576.00  0.249946E+04 0.447793E+03 0.300436E+04 0.310433E+05
     2586.00  0.255466E+04 0.454752E+03 0.303692E+04 0.313374E+05
     2596.00  0.260603E+04 0.460966E+03 0.306486E+04 0.315246E+05
     2606.00  0.265340E+04 0.466405E+03 0.308804E+04 0.316047E+05
     2616.00  0.269660E+04 0.471044E+03 0.310638E+04 0.315779E+05
     2626.00  0.273549E+04 0.474861E+03 0.311979E+04 0.314459E+05
     2636.00  0.276996E+04 0.477838E+03 0.312821E+04 0.312105E+05
     2646.00  0.279988E+04 0.479961E+03 0.313162E+04 0.308748E+05
     2656.00  0.282518E+04 0.481220E+03 0.313001E+04 0.304424E+05
     2666.00  0.284579E+04 0.481608E+03 0.312339E+04 0.299175E+05
     2676.00  0.286166E+04 0.481122E+03 0.311180E+04 0.293051E+05
     2686.00  0.287275E+04 0.479766E+03 0.309531E+04 0.286106E+05
     2696.00  0.287906E+04 0.477543E+03 0.307400E+04 0.278401E+05
     2706.00  0.288059E+04 0.474465E+03 0.304797E+04 0.269998E+05
     2716.00  0.287735E+04 0.470543E+03 0.301735E+04 0.260965E+05
     2726.00  0.286941E+04 0.465796E+03 0.298228E+04 0.251373E+05
     2736.00  0.285681E+04 0.460243E+03 0.294293E+04 0.241295E+05
     2746.00  0.283963E+04 0.453909E+03 0.289948E+04 0.230803E+05
     2756.00  0.281796E+04 0.446821E+03 0.285212E+04 0.219974E+05
     2766.00  0.279192E+04 0.439009E+03 0.280106E+04 0.208883E+05
     2776.00  0.276162E+04 0.430507E+03 0.274653E+04 0.197603E+05
     2786.00  0.272721E+04 0.421351E+03 0.268876E+04 0.186208E+05
     2796.00  0.268883E+04 0.411580E+03 0.262800E+04 0.174769E+05
     2806.00  0.264665E+04 0.401234E+03 0.256449E+04 0.163356E+05
     2816.00  0.260085E+04 0.390355E+03 0.249850E+04 0.152035E+05
     2826.00  0.255160E+04 0.378990E+03 0.243029E+04 0.140868E+05
     2836.00  0.249911E+04 0.367182E+03 0.236013E+04 0.129915E+05
     2846.00  0.244358E+04 0.354981E+03 0.228828E+04 0.119230E+05
     2856.00  0.238521E+04 0.342435E+03 0.221501E+04 0.108864E+05
     2866.00  0.232424E+04 0.329591E+03 0.214060E+04 0.988623E+04
     2876.00  0.226088E+04 0.316500E+03 0.206530E+04 0.892650E+04
     2886.00  0.219536E+04 0.303212E+03 0.198938E+04 0.801078E+04
     2896.00  0.212792E+04 0.289776E+03 0.191309E+04 0.714206E+04
     2906.00  0.205879E+04 0.276241E+03 0.183668E+04 0.632282E+04
     2916.00  0.198820E+04 0.262657E+03 0.176039E+04 0.555501E+04
     2926.00  0.191639E+04 0.249071E+03 0.168446E+04 0.484002E+04
     2936.00  0.184360E+04 0.235531E+03 0.160910E+04 0.417876E+04
     2946.00  0.177005E+04 0.222081E+03 0.153452E+04 0.357163E+04
     2956.00  0.169600E+04 0.208768E+03 0.146093E+04 0.301852E+04
     2966.00  0.162165E+04 0.195633E+03 0.138851E+04 0.251889E+04
     2976.00  0.154724E+04 0.182717E+03 0.131744E+04 0.207175E+04
     2986.00  0.147298E+04 0.170060E+03 0.124786E+04 0.167573E+04
     2996.00  0.139909E+04 0.157698E+03 0.117995E+04 0.132905E+04
     3006.00  0.132577E+04 0.145665E+03 0.111381E+04 0.102964E+04
     3016.00  0.125323E+04 0.133995E+03 0.104958E+04 0.775099E+03
     3026.00  0.118165E+04 0.122717E+03 0.987350E+03 0.562780E+03
     3036.00  0.111121E+04 0.111858E+03 0.927219E+03 0.389818E+03
     3046.00  0.104209E+04 0.101442E+03 0.869261E+03 0.253167E+03
     3056.00  0.974454E+03 0.914913E+02 0.813537E+03 0.149646E+03
     3066.00  0.908453E+03 0.820252E+02 0.760095E+03 0.759734E+02
     3076.00  0.844230E+03 0.730598E+02 0.708970E+03 0.288143E+02
     3086.00  0.781917E+03 0.646086E+02 0.660185E+03 0.481404E+01
     3096.00  0.721636E+03 0.566823E+02 0.613750E+03 0.638969E+00
     3106.00  0.663497E+03 0.492888E+02 0.569663E+03 0.130118E+02
     3116.00  0.607597E+03 0.424334E+02 0.527912E+03 0.387460E+02
     3126.00  0.554023E+03 0.361186E+02 0.488473E+03 0.747781E+02
     3136.00  0.502850E+03 0.303443E+02 0.451315E+03 0.118198E+03
     3146.00  0.454142E+03 0.251078E+02 0.416395E+03 0.166273E+03
     3156.00  0.407951E+03 0.204041E+02 0.383665E+03 0.216479E+03
     3166.00  0.364317E+03 0.162256E+02 0.353068E+03 0.266512E+03
     3176.00  0.323269E+03 0.125628E+02 0.324541E+03 0.314316E+03
     3186.00  0.284826E+03 0.940357E+01 0.298016E+03 0.358092E+03
     3196.00  0.248993E+03 0.673419E+01 0.273419E+03 0.396310E+03
     3206.00  0.215769E+03 0.453881E+01 0.250673E+03 0.427721E+03
     3216.00  0.185139E+03 0.279990E+01 0.229698E+03 0.451361E+03
     3226.00  0.157079E+03 0.149832E+01 0.210412E+03 0.466551E+03
     3236.00  0.131555E+03 0.613457E+00 0.192730E+03 0.472899E+03
     3246.00  0.108526E+03 0.123402E+00 0.176568E+03 0.470295E+03
     3256.00  0.879408E+02 0.508945E-02 0.161842E+03 0.458904E+03
     3266.00  0.697391E+02 0.234461E+00 0.148467E+03 0.439157E+03
     3276.00  0.538542E+02 0.786621E+00 0.136361E+03 0.411739E+03
     3286.00  0.402119E+02 0.163599E+01 0.125442E+03 0.377574E+03
     3296.00  0.287313E+02 0.275648E+01 0.115633E+03 0.337810E+03
     3306.00  0.193255E+02 0.412163E+01 0.106858E+03 0.293798E+03
     3316.00  0.119019E+02 0.570475E+01 0.990458E+02 0.247073E+03
     3326.00  0.636310E+01 0.747911E+01 0.921279E+02 0.199335E+03
     3336.00  0.260732E+01 0.941805E+01 0.860406E+02 0.152420E+03
     3346.00  0.528978E+00 0.114952E+02 0.807248E+02 0.108281E+03
     3356.00  0.193085E-01 0.136844E+02 0.761257E+02 0.689630E+02
     3366.00  0.966959E+00 0.159601E+02 0.721939E+02 0.365743E+02
     3376.00  0.325856E+01 0.182973E+02 0.688848E+02 0.132644E+02
     3386.00  0.677931E+01 0.206719E+02 0.661590E+02 0.119709E+01
     3396.00  0.114135E+02 0.230605E+02 0.639824E+02 0.252557E+01
     3406.00  0.170453E+02 0.254406E+02 0.623259E+02 0.193674E+02
     3416.00  0.235587E+02 0.277908E+02 0.611656E+02 0.537807E+02
     3426.00  0.308390E+02 0.300908E+02 0.604826E+02 0.107741E+03
     3436.00  0.387723E+02 0.323216E+02 0.602628E+02 0.183117E+03
     3446.00  0.472466E+02 0.344653E+02 0.604967E+02 0.281654E+03
     3456.00  0.561524E+02 0.365056E+02 0.611792E+02 0.404950E+03
     3466.00  0.653826E+02 0.384273E+02 0.623095E+02 0.554441E+03
     3476.00  0.748333E+02 0.402166E+02 0.638904E+02 0.731381E+03
     3486.00  0.844041E+02 0.418615E+02 0.659284E+02 0.936832E+03
     3496.00  0.939985E+02 0.433512E+02 0.684331E+02 0.117165E+04
     3506.00  0.103524E+03 0.446763E+02 0.714168E+02 0.143646E+04
     3516.00  0.112894E+03 0.458293E+02 0.748943E+02 0.173169E+04
     3526.00  0.122024E+03 0.468037E+02 0.788825E+02 0.205751E+04
     3536.00  0.130838E+03 0.475949E+02 0.833996E+02 0.241386E+04
     3546.00  0.139263E+03 0.481994E+02 0.884652E+02 0.280045E+04
     3556.00  0.147231E+03 0.486156E+02 0.940995E+02 0.321672E+04
     3566.00  0.154683E+03 0.488428E+02 0.100323E+03 0.366192E+04
     3576.00  0.161563E+03 0.488820E+02 0.107157E+03 0.413502E+04
     3586.00  0.167821E+03 0.487354E+02 0.114620E+03 0.463479E+04
     3596.00  0.173415E+03 0.484065E+02 0.122733E+03 0.515977E+04
     3606.00  0.178307E+03 0.479001E+02 0.131512E+03 0.570828E+04
     3616.00  0.182468E+03 0.472219E+02 0.140974E+03 0.627845E+04
     3626.00  0.185871E+03 0.463789E+02 0.151134E+03 0.686821E+04
     3636.00  0.188499E+03 0.453790E+02 0.162003E+03 0.747533E+04
     3646.00  0.190340E+03 0.442311E+02 0.173590E+03 0.809742E+04
     3656.00  0.191386E+03 0.429449E+02 0.185902E+03 0.873192E+04
     3666.00  0.191638E+03 0.415309E+02 0.198942E+03 0.937617E+04
     3676.00  0.191100E+03 0.400002E+02 0.212710E+03 0.100274E+05
     3686.00  0.189783E+03 0.383648E+02 0.227202E+03 0.106828E+05
     3696.00  0.187704E+03 0.366367E+02 0.242411E+03 0.113393E+05
     3706.00  0.184884E+03 0.348288E+02 0.258324E+03 0.119940E+05
     3716.00  0.181349E+03 0.329541E+02 0.274928E+03 0.126439E+05
     3726.00  0.177132E+03 0.310259E+02 0.292201E+03 0.132859E+05
     3736.00  0.172266E+03 0.290577E+02 0.310122E+03 0.139171E+05
     3746.00  0.166794E+03 0.270631E+02 0.328662E+03 0.145344E+05
     3756.00  0.160758E+03 0.250555E+02 0.347789E+03 0.151350E+05
     3766.00  0.154206E+03 0.230486E+02 0.367468E+03 0.157158E+05
     3776.00  0.147191E+03 0.210555E+02 0.387659E+03 0.162743E+05
     3786.00  0.139765E+03 0.190894E+02 0.408320E+03 0.168076E+05
     3796.00  0.131986E+03 0.171629E+02 0.429402E+03 0.173133E+05
     3806.00  0.123913E+03 0.152886E+02 0.450855E+03 0.177888E+05
     3816.00  0.115609E+03 0.134783E+02 0.472625E+03 0.182320E+05
     3826.00  0.107135E+03 0.117433E+02 0.494656E+03 0.186407E+05
     3836.00  0.985581E+02 0.100946E+02 0.516888E+03 0.190131E+05
     3846.00  0.899430E+02 0.854242E+01 0.539258E+03 0.193472E+05
     3856.00  0.813567E+02 0.709620E+01 0.561701E+03 0.196417E+05
     3866.00  0.728662E+02 0.576481E+01 0.584151E+03 0.198952E+05
     3876.00  0.645388E+02 0.455629E+01 0.606540E+03 0.201065E+05
     3886.00  0.564415E+02 0.347793E+01 0.628798E+03 0.202747E+05
     3896.00  0.486409E+02 0.253616E+01 0.650854E+03 0.203992E+05
     3906.00  0.412025E+02 0.173659E+01 0.672637E+03 0.204795E+05
     3916.00  0.341909E+02 0.108393E+01 0.694075E+03 0.205153E+05
     3926.00  0.276692E+02 0.582031E+00 0.715096E+03 0.205066E+05
     3936.00  0.216987E+02 0.233844E+00 0.735628E+03 0.204536E+05
     3946.00  0.163387E+02 0.414188E-01 0.755602E+03 0.203568E+05
     3956.00  0.116463E+02 0.590815E-02 0.774948E+03 0.202168E+05
     3966.00  0.767607E+01 0.127571E+00 0.793596E+03 0.200345E+05
     3976.00  0.447988E+01 0.405782E+00 0.811481E+03 0.198108E+05
     3986.00  0.210659E+01 0.839046E+00 0.828539E+03 0.195470E+05
     3996.00  0.601916E+00 0.142501E+01 0.844706E+03 0.192446E+05
     4006.00  0.820613E-02 0.216051E+01 0.859924E+03 0.189052E+05
     4016.00  0.364296E+00 0.304155E+01 0.874136E+03 0.185305E+05
     4026.00  0.170533E+01 0.406338E+01 0.887289E+03 0.181224E+05
     4036.00  0.406264E+01 0.522050E+01 0.899334E+03 0.176829E+05
     4046.00  0.746360E+01 0.650672E+01 0.910223E+03 0.172143E+05
     4056.00  0.119315E+02 0.791517E+01 0.919914E+03 0.167189E+05
     4066.00  0.174856E+02 0.943838E+01 0.928371E+03 0.161989E+05
     4076.00  0.241408E+02 0.110683E+02 0.935559E+03 0.156569E+05
     4086.00  0.319078E+02 0.127963E+02 0.941448E+03 0.150953E+05
     4096.00  0.407929E+02 0.146134E+02 0.946016E+03 0.145168E+05
     4106.00  0.507984E+02 0.165100E+02 0.949240E+03 0.139240E+05
     4116.00  0.619218E+02 0.184763E+02 0.951107E+03 0.133195E+05
     4126.00  0.741567E+02 0.205022E+02 0.951606E+03 0.127059E+05
     4136.00  0.874920E+02 0.225771E+02 0.950732E+03 0.120859E+05
     4146.00  0.101913E+03 0.246904E+02 0.948484E+03 0.114621E+05
     4156.00  0.117400E+03 0.268314E+02 0.944868E+03 0.108370E+05
     4166.00  0.133929E+03 0.289890E+02 0.939891E+03 0.102131E+05
     4176.00  0.151475E+03 0.311524E+02 0.933570E+03 0.959299E+04
     4186.00  0.170004E+03 0.333107E+02 0.925921E+03 0.897894E+04
     4196.00  0.189482E+03 0.354528E+02 0.916970E+03 0.837328E+04
     4206.00  0.209870E+03 0.375682E+02 0.906744E+03 0.777819E+04
     4216.00  0.231126E+03 0.396462E+02 0.895275E+03 0.719577E+04
     4226.00  0.253204E+03 0.416764E+02 0.882601E+03 0.662798E+04
     4236.00  0.276056E+03 0.436488E+02 0.868762E+03 0.607668E+04
     4246.00  0.299629E+03 0.455536E+02 0.853802E+03 0.554356E+04
     4256.00  0.323870E+03 0.473815E+02 0.837771E+03 0.503022E+04
     4266.00  0.348720E+03 0.491235E+02 0.820720E+03 0.453806E+04
     4276.00  0.374120E+03 0.507709E+02 0.802704E+03 0.406839E+04
     4286.00  0.400008E+03 0.523158E+02 0.783781E+03 0.362231E+04
     4296.00  0.426319E+03 0.537507E+02 0.764011E+03 0.320082E+04
     4306.00  0.452989E+03 0.550685E+02 0.743458E+03 0.280471E+04
     4316.00  0.479950E+03 0.562630E+02 0.722187E+03 0.243465E+04
     4326.00  0.507134E+03 0.573283E+02 0.700265E+03 0.209114E+04
     4336.00  0.534469E+03 0.582594E+02 0.677760E+03 0.177454E+04
     4346.00  0.561887E+03 0.590517E+02 0.654743E+03 0.148502E+04
     4356.00  0.589315E+03 0.597015E+02 0.631285E+03 0.122263E+04
     4366.00  0.616681E+03 0.602057E+02 0.607457E+03 0.987264E+03
     4376.00  0.643914E+03 0.605619E+02 0.583332E+03 0.778678E+03
     4386.00  0.670943E+03 0.607684E+02 0.558981E+03 0.596482E+03
     4396.00  0.697695E+03 0.608244E+02 0.534478E+03 0.440162E+03
     4406.00  0.724099E+03 0.607294E+02 0.509893E+03 0.309076E+03
     4416.00  0.750086E+03 0.604841E+02 0.485298E+03 0.202466E+03
     4426.00  0.775585E+03 0.600896E+02 0.460762E+03 0.119461E+03
     4436.00  0.800529E+03 0.595478E+02 0.436355E+03 0.590931E+02
     4446.00  0.824851E+03 0.588614E+02 0.412144E+03 0.202976E+02
     4456.00  0.848486E+03 0.580336E+02 0.388194E+03 0.192674E+01
     4466.00  0.871370E+03 0.570683E+02 0.364569E+03 0.275748E+01
     4476.00  0.893443E+03 0.559703E+02 0.341331E+03 0.215009E+02
     4486.00  0.914644E+03 0.547447E+02 0.318538E+03 0.568117E+02
     4511.00  0.963468E+03 0.511624E+02 0.263867E+03 0.208349E+03
     4536.00  0.100568E+04 0.469276E+02 0.213130E+03 0.432071E+03
     4561.00  0.104058E+04 0.421667E+02 0.167005E+03 0.704903E+03
     4586.00  0.106758E+04 0.370225E+02 0.126042E+03 0.100415E+04
     4611.00  0.108624E+04 0.316509E+02 0.906457E+02 0.130832E+04
     4636.00  0.109625E+04 0.262164E+02 0.610794E+02 0.159788E+04
     4661.00  0.109745E+04 0.208888E+02 0.374614E+02 0.185581E+04
     4686.00  0.108984E+04 0.158386E+02 0.197706E+02 0.206818E+04
     4711.00  0.107354E+04 0.112331E+02 0.785342E+01 0.222442E+04
     4736.00  0.104883E+04 0.723263E+01 0.143436E+01 0.231754E+04
     4761.00  0.101613E+04 0.398705E+01 0.128982E+00 0.234423E+04
     4786.00  0.975983E+03 0.163215E+01 0.345887E+01 0.230471E+04
     4811.00  0.929041E+03 0.286867E+00 0.108683E+02 0.220255E+04
     4836.00  0.876075E+03 0.507151E-01 0.217422E+02 0.204436E+04
     4861.00  0.817945E+03 0.100178E+01 0.354239E+02 0.183936E+04
     4886.00  0.755588E+03 0.319514E+01 0.512342E+02 0.159885E+04
     4911.00  0.690003E+03 0.666186E+01 0.684888E+02 0.133572E+04
     4936.00  0.622235E+03 0.114085E+02 0.865155E+02 0.106382E+04
     4961.00  0.553358E+03 0.174171E+02 0.104671E+03 0.797377E+03
     4986.00  0.484459E+03 0.246457E+02 0.122352E+03 0.550437E+03
     5011.00  0.416618E+03 0.330294E+02 0.139013E+03 0.336281E+03
     5036.00  0.350896E+03 0.424817E+02 0.154171E+03 0.166941E+03
     5061.00  0.288317E+03 0.528964E+02 0.167418E+03 0.527591E+02
     5086.00  0.229854E+03 0.641498E+02 0.178424E+03 0.202228E+01
     5111.00  0.176416E+03 0.761029E+02 0.186941E+03 0.206871E+02
     5136.00  0.128835E+03 0.886045E+02 0.192806E+03 0.112192E+03
     5161.00  0.878549E+02 0.101494E+03 0.195938E+03 0.277367E+03
     5186.00  0.541244E+02 0.114604E+03 0.196335E+03 0.514429E+03
     5211.00  0.281875E+02 0.127763E+03 0.194071E+03 0.819073E+03
     5236.00  0.104781E+02 0.140800E+03 0.189287E+03 0.118465E+04
     5261.00  0.131668E+01 0.153546E+03 0.182187E+03 0.160239E+04
     5286.00  0.906973E+00 0.165836E+03 0.173022E+03 0.206175E+04
     5311.00  0.933600E+01 0.177516E+03 0.162089E+03 0.255074E+04
     5336.00  0.265749E+02 0.188439E+03 0.149715E+03 0.305632E+04
     5361.00  0.524814E+02 0.198472E+03 0.136247E+03 0.356487E+04
     5386.00  0.868045E+02 0.207495E+03 0.122043E+03 0.406254E+04
     5411.00  0.129189E+03 0.215406E+03 0.107463E+03 0.453577E+04
     5436.00  0.179184E+03 0.222119E+03 0.928556E+02 0.497161E+04
     5461.00  0.236248E+03 0.227564E+03 0.785522E+02 0.535819E+04
     5511.00  0.369033E+03 0.234477E+03 0.520474E+02 0.594319E+04
     5561.00  0.521797E+03 0.235976E+03 0.299678E+02 0.622823E+04
     5611.00  0.688010E+03 0.232183E+03 0.136622E+02 0.618379E+04
     5661.00  0.860712E+03 0.223487E+03 0.373480E+01 0.581605E+04
     5711.00  0.103287E+04 0.210500E+03 0.543738E-01 0.516551E+04
     5761.00  0.119770E+04 0.194008E+03 0.183708E+01 0.430198E+04
     5811.00  0.134901E+04 0.174910E+03 0.778922E+01 0.331665E+04
     5861.00  0.148139E+04 0.154156E+03 0.162908E+02 0.231238E+04
     5911.00  0.159048E+04 0.132688E+03 0.255993E+02 0.139315E+04
     5961.00  0.167303E+04 0.111388E+03 0.340529E+02 0.653947E+03
     6011.00  0.172704E+04 0.910286E+02 0.402542E+02 0.171987E+03
     6061.00  0.175172E+04 0.722444E+02 0.432189E+02 0.592807E-01
     6111.00  0.174744E+04 0.555062E+02 0.424775E+02 0.162507E+03
     6161.00  0.171566E+04 0.411136E+02 0.381245E+02 0.654046E+03
     6211.00  0.165877E+04 0.291970E+02 0.308131E+02 0.144132E+04
     6261.00  0.157989E+04 0.197316E+02 0.216989E+02 0.246688E+04
     6311.00  0.148272E+04 0.125595E+02 0.123397E+02 0.365504E+04
     6361.00  0.137131E+04 0.741920E+01 0.456175E+01 0.491896E+04
     6411.00  0.124987E+04 0.397855E+01 0.305152E+00 0.616826E+04
     6461.00  0.112257E+04 0.187015E+01 0.146172E+01 0.731637E+04
     6511.00  0.993372E+03 0.725552E+00 0.971778E+01 0.828720E+04
     6561.00  0.865892E+03 0.206765E+00 0.264144E+02 0.902037E+04
     6611.00  0.743272E+03 0.329827E-01 0.524345E+02 0.947489E+04
     6661.00  0.628104E+03 0.128281E-02 0.881241E+02 0.963102E+04
     6711.00  0.522382E+03 0.350060E-03 0.133253E+03 0.949027E+04
     6761.00  0.427484E+03 0.168437E-01 0.187012E+03 0.907377E+04
     6811.00  0.344190E+03 0.134485E+00 0.248056E+03 0.841926E+04
     6861.00  0.272728E+03 0.526370E+00 0.314570E+03 0.757703E+04
     6911.00  0.212837E+03 0.144137E+01 0.384376E+03 0.660529E+04
     6961.00  0.163851E+03 0.318579E+01 0.455048E+03 0.556525E+04
     7011.00  0.124803E+03 0.610158E+01 0.524049E+03 0.451650E+04
     7061.00  0.945211E+02 0.105426E+02 0.588862E+03 0.351289E+04
     7111.00  0.717398E+02 0.168505E+02 0.647128E+03 0.259920E+04
     7161.00  0.551979E+02 0.253313E+02 0.696755E+03 0.180887E+04
     7211.00  0.437325E+02 0.362341E+02 0.736021E+03 0.116275E+04
     7261.00  0.363589E+02 0.497335E+02 0.763645E+03 0.668985E+03
     7311.00  0.323357E+02 0.659153E+02 0.778842E+03 0.323813E+03
     7361.00  0.312121E+02 0.847675E+02 0.781331E+03 0.113295E+03
     7411.00  0.328560E+02 0.106176E+03 0.771339E+03 0.156183E+02
     7511.00  0.455540E+02 0.155703E+03 0.717095E+03 0.487565E+02
     7611.00  0.756694E+02 0.211678E+03 0.626190E+03 0.197476E+03
     7711.00  0.132377E+03 0.270139E+03 0.512756E+03 0.282932E+03
     7811.00  0.226944E+03 0.326524E+03 0.392095E+03 0.230189E+03
     7911.00  0.370458E+03 0.376290E+03 0.277970E+03 0.864404E+02
     8011.00  0.571514E+03 0.415507E+03 0.180589E+03 0.117832E+00
     8111.00  0.834232E+03 0.441325E+03 0.105562E+03 0.170812E+03
     8211.00  0.115688E+04 0.452262E+03 0.538924E+02 0.786186E+03
     8311.00  0.153128E+04 0.448285E+03 0.228276E+02 0.196336E+04
     8411.00  0.194305E+04 0.430694E+03 0.726968E+01 0.370922E+04
     8511.00  0.237261E+04 0.401852E+03 0.138681E+01 0.590809E+04
     8611.00  0.279678E+04 0.364808E+03 0.734075E-01 0.833793E+04
     8711.00  0.319086E+04 0.322897E+03 0.516022E-04 0.107099E+05
     8811.00  0.353077E+04 0.279351E+03 0.108388E+00 0.127212E+05
     8911.00  0.379516E+04 0.236995E+03 0.153334E+01 0.141096E+05
     9011.00  0.396724E+04 0.198037E+03 0.704453E+01 0.146985E+05
     9111.00  0.403608E+04 0.163982E+03 0.201752E+02 0.144241E+05
     9211.00  0.399744E+04 0.135651E+03 0.442416E+02 0.133415E+05
     9311.00  0.385394E+04 0.113293E+03 0.814503E+02 0.116093E+05
     9411.00  0.361463E+04 0.967486E+02 0.132252E+03 0.945898E+04
     9511.00  0.329420E+04 0.856523E+02 0.195040E+03 0.715336E+04
     9611.00  0.291162E+04 0.796147E+02 0.266218E+03 0.494526E+04
     9711.00  0.248869E+04 0.783774E+02 0.340611E+03 0.304130E+04
     9811.00  0.204841E+04 0.819127E+02 0.412121E+03 0.157737E+04
     9911.00  0.161337E+04 0.904604E+02 0.474516E+03 0.608339E+03
    10011.00  0.120436E+04 0.104503E+03 0.522224E+03 0.111906E+03
    10111.00  0.839155E+03 0.124686E+03 0.551019E+03 0.412946E+01
    10211.00  0.531648E+03 0.151702E+03 0.558494E+03 0.162587E+03
    10311.00  0.291323E+03 0.186149E+03 0.544299E+03 0.452276E+03
    10411.00  0.123057E+03 0.228398E+03 0.510096E+03 0.749671E+03
    10511.00  0.272489E+02 0.278461E+03 0.459280E+03 0.961240E+03
    10611.00  0.220652E+00 0.335912E+03 0.396517E+03 0.103422E+04
    10711.00  0.348396E+02 0.399829E+03 0.327157E+03 0.958987E+03
    10811.00  0.121286E+03 0.468798E+03 0.256629E+03 0.763844E+03
    10911.00  0.247902E+03 0.540955E+03 0.189871E+03 0.504124E+03
    11011.00  0.402061E+03 0.614072E+03 0.130869E+03 0.248148E+03
    11111.00  0.570990E+03 0.685681E+03 0.823502E+02 0.627034E+02
    11211.00  0.742508E+03 0.753207E+03 0.456448E+02 0.416486E+00
    11311.00  0.905642E+03 0.814121E+03 0.207235E+02 0.907696E+02
    11411.00  0.105109E+04 0.866091E+03 0.638156E+01 0.335748E+03
    11511.00  0.117156E+04 0.907103E+03 0.538080E+00 0.710286E+03
    11611.00  0.126188E+04 0.935583E+03 0.605114E+00 0.116697E+04
    11711.00  0.131909E+04 0.950469E+03 0.387845E+01 0.164392E+04
    11811.00  0.134226E+04 0.951253E+03 0.790553E+01 0.207451E+04
    11911.00  0.133237E+04 0.938002E+03 0.107930E+02 0.239734E+04
    12011.00  0.129195E+04 0.911325E+03 0.114266E+02 0.256523E+04
    12111.00  0.122481E+04 0.872327E+03 0.958728E+01 0.255200E+04
    12211.00  0.113565E+04 0.822531E+03 0.596194E+01 0.235643E+04
    12311.00  0.102973E+04 0.763783E+03 0.205347E+01 0.200293E+04
    12411.00  0.912516E+03 0.698153E+03 0.885081E-02 0.153915E+04
    12511.00  0.789407E+03 0.627828E+03 0.238631E+01 0.103079E+04
    12611.00  0.665450E+03 0.555000E+03 0.118881E+02 0.554474E+03
    12711.00  0.545156E+03 0.481785E+03 0.310856E+02 0.189416E+03
    12811.00  0.432346E+03 0.410126E+03 0.621615E+02 0.892859E+01
    12911.00  0.330061E+03 0.341737E+03 0.106690E+03 0.725977E+02
    13011.00  0.240522E+03 0.278049E+03 0.165473E+03 0.419939E+03
    13111.00  0.165133E+03 0.220184E+03 0.238441E+03 0.106611E+04
    13211.00  0.104526E+03 0.168937E+03 0.324618E+03 0.200005E+04
    13311.00  0.586378E+02 0.124786E+03 0.422167E+03 0.318506E+04
    13411.00  0.268030E+02 0.879058E+02 0.528481E+03 0.456179E+04
    13511.00  0.786963E+01 0.582003E+02 0.640334E+03 0.605315E+04
    13611.00  0.315187E+00 0.353382E+02 0.754071E+03 0.757069E+04
    13711.00  0.236541E+01 0.187978E+02 0.865805E+03 0.902168E+04
    13811.00  0.121067E+02 0.791346E+01 0.971644E+03 0.103165E+05
    13911.00  0.275885E+02 0.192129E+01 0.106789E+04 0.113754E+05
    14011.00  0.469124E+02 0.385456E-02 0.115121E+04 0.121342E+05
    14111.00  0.683054E+02 0.133027E+01 0.121883E+04 0.125485E+05
    14211.00  0.901776E+02 0.509126E+01 0.126862E+04 0.125966E+05
    14311.00  0.111162E+03 0.105281E+02 0.129917E+04 0.122799E+05
    14411.00  0.130142E+03 0.169549E+02 0.130985E+04 0.116221E+05
    14511.00  0.146257E+03 0.237744E+02 0.130075E+04 0.106670E+05
    14611.00  0.158906E+03 0.304875E+02 0.127270E+04 0.947451E+04
    14711.00  0.167730E+03 0.366968E+02 0.122714E+04 0.811625E+04
    14811.00  0.172596E+03 0.421054E+02 0.116606E+04 0.667074E+04
    14911.00  0.173565E+03 0.465117E+02 0.109183E+04 0.521825E+04
    15011.00  0.170863E+03 0.498004E+02 0.100715E+04 0.383606E+04
    15111.00  0.164849E+03 0.519318E+02 0.914829E+03 0.259421E+04
    15211.00  0.155979E+03 0.529293E+02 0.817753E+03 0.155209E+04
    15311.00  0.144775E+03 0.528670E+02 0.718713E+03 0.755837E+03
    15411.00  0.131795E+03 0.518561E+02 0.620326E+03 0.236722E+03
    15511.00  0.117604E+03 0.500335E+02 0.524955E+03 0.104731E+02
    15611.00  0.102754E+03 0.475503E+02 0.434649E+03 0.774952E+02
    15711.00  0.877610E+02 0.445622E+02 0.351094E+03 0.423863E+03
    15811.00  0.730923E+02 0.412213E+02 0.275596E+03 0.102298E+04
    15911.00  0.591550E+02 0.376702E+02 0.209072E+03 0.183771E+04
    16011.00  0.462885E+02 0.340370E+02 0.152064E+03 0.282293E+04
    16111.00  0.347613E+02 0.304317E+02 0.104760E+03 0.392815E+04
    16211.00  0.247710E+02 0.269456E+02 0.670278E+02 0.510028E+04
    16311.00  0.164456E+02 0.236498E+02 0.384613E+02 0.628624E+04
    16411.00  0.984878E+01 0.205963E+02 0.184246E+02 0.743537E+04
    16511.00  0.498566E+01 0.178194E+02 0.610364E+01 0.850154E+04
    16611.00  0.180984E+01 0.153376E+02 0.556544E+00 0.944485E+04
    16711.00  0.231531E+00 0.131559E+02 0.762293E+00 0.102329E+05
    16811.00  0.125756E+00 0.112688E+02 0.566591E+01 0.108416E+05
    16911.00  0.134061E+01 0.966236E+01 0.142189E+02 0.112557E+05
    17011.00  0.370520E+01 0.831716E+01 0.254140E+02 0.114684E+05
    17111.00  0.703707E+01 0.721044E+01 0.383134E+02 0.114812E+05
    17211.00  0.111489E+02 0.631815E+01 0.520706E+02 0.113030E+05
    17311.00  0.158546E+02 0.561666E+01 0.659457E+02 0.109492E+05
    17411.00  0.209740E+02 0.508416E+01 0.793148E+02 0.104402E+05
    17511.00  0.263374E+02 0.470157E+01 0.916735E+02 0.980037E+04
    17611.00  0.317883E+02 0.445318E+01 0.102635E+03 0.905641E+04
    17711.00  0.371864E+02 0.432701E+01 0.111926E+03 0.823634E+04
    17811.00  0.424087E+02 0.431480E+01 0.119376E+03 0.736816E+04
    17911.00  0.473504E+02 0.441180E+01 0.124908E+03 0.647872E+04
    18011.00  0.519254E+02 0.461638E+01 0.128526E+03 0.559291E+04
    18111.00  0.560657E+02 0.492952E+01 0.130299E+03 0.473297E+04
    18211.00  0.597208E+02 0.535415E+01 0.130351E+03 0.391794E+04
    18311.00  0.628562E+02 0.589447E+01 0.128843E+03 0.316340E+04
    18411.00  0.654529E+02 0.655534E+01 0.125967E+03 0.248131E+04
    18511.00  0.675048E+02 0.734156E+01 0.121928E+03 0.188009E+04
    18611.00  0.690176E+02 0.825728E+01 0.116938E+03 0.136469E+04
    18711.00  0.700070E+02 0.930551E+01 0.111209E+03 0.936969E+03
    18811.00  0.704969E+02 0.104877E+02 0.104943E+03 0.595932E+03
    18911.00  0.705178E+02 0.118033E+02 0.983258E+02 0.338175E+03
    19011.00  0.701051E+02 0.132497E+02 0.915289E+02 0.158288E+03
    19111.00  0.692981E+02 0.148219E+02 0.847018E+02 0.492842E+02
    19311.00  0.666674E+02 0.183127E+02 0.714472E+02 0.105571E+02
    19511.00  0.629637E+02 0.221917E+02 0.593281E+02 0.149816E+03
    19711.00  0.585140E+02 0.263443E+02 0.487907E+02 0.393573E+03
    19911.00  0.536142E+02 0.306345E+02 0.400177E+02 0.675605E+03
    20111.00  0.485162E+02 0.349148E+02 0.329983E+02 0.942681E+03
    20311.00  0.434240E+02 0.390370E+02 0.275990E+02 0.115748E+04
    20511.00  0.384928E+02 0.428621E+02 0.236247E+02 0.129897E+04
    20711.00  0.338330E+02 0.462679E+02 0.208658E+02 0.136068E+04
    20911.00  0.295162E+02 0.491555E+02 0.191286E+02 0.134768E+04
    21111.00  0.255815E+02 0.514517E+02 0.182510E+02 0.127274E+04
    21311.00  0.220431E+02 0.531117E+02 0.181060E+02 0.115264E+04
    21511.00  0.188959E+02 0.541167E+02 0.185969E+02 0.100492E+04
    21711.00  0.161219E+02 0.544730E+02 0.196483E+02 0.845579E+03
    21911.00  0.136947E+02 0.542076E+02 0.211957E+02 0.687666E+03
    22111.00  0.115830E+02 0.533649E+02 0.231766E+02 0.540724E+03
    22311.00  0.975418E+01 0.520026E+02 0.255234E+02 0.410874E+03
    22511.00  0.817555E+01 0.501868E+02 0.281596E+02 0.301242E+03
    22711.00  0.681626E+01 0.479892E+02 0.309986E+02 0.212577E+03
    22911.00  0.564793E+01 0.454827E+02 0.339442E+02 0.143880E+03
    23111.00  0.464523E+01 0.427397E+02 0.368941E+02 0.929891E+02
    23311.00  0.378592E+01 0.398290E+02 0.397433E+02 0.570794E+02
    23511.00  0.305088E+01 0.368147E+02 0.423899E+02 0.330764E+02
    23711.00  0.242388E+01 0.337547E+02 0.447398E+02 0.179881E+02
    23911.00  0.189133E+01 0.307002E+02 0.467114E+02 0.914884E+01
    24111.00  0.144194E+01 0.276953E+02 0.482404E+02 0.437390E+01
    24311.00  0.106641E+01 0.247772E+02 0.492810E+02 0.202309E+01
    24511.00  0.757109E+00 0.219763E+02 0.498086E+02 0.983415E+00
    24711.00  0.507733E+00 0.193168E+02 0.498178E+02 0.590778E+00
    24911.00  0.313052E+00 0.168170E+02 0.493218E+02 0.518627E+00
    25111.00  0.168629E+00 0.144901E+02 0.483483E+02 0.661506E+00
    25311.00  0.706122E-01 0.123449E+02 0.469375E+02 0.103487E+01
    25511.00  0.155349E-01 0.103864E+02 0.451376E+02 0.170208E+01
    25711.00  0.160367E-03 0.861591E+01 0.430028E+02 0.272939E+01
    25911.00  0.213567E-01 0.703235E+01 0.405901E+02 0.416287E+01
    26111.00  0.760031E-01 0.563219E+01 0.379579E+02 0.601891E+01
    26311.00  0.160924E+00 0.441001E+01 0.351641E+02 0.828076E+01
    26511.00  0.272851E+00 0.335892E+01 0.322653E+02 0.108971E+02
    26711.00  0.408406E+00 0.247084E+01 0.293155E+02 0.137814E+02
    26911.00  0.564105E+00 0.173677E+01 0.263652E+02 0.168139E+02
         IE==>      4            5            6            7
        1.00  0.517127E+01 0.433460E+08 0.628558E+11 0.730259E+12
        2.00  0.440390E+03 0.975096E+08 0.142638E+12 0.157447E+13
        3.00  0.215333E+04 0.140848E+09 0.207771E+12 0.217989E+13
        4.00  0.559548E+04 0.172294E+09 0.256215E+12 0.255609E+13
        5.00  0.109063E+05 0.194389E+09 0.291314E+12 0.276452E+13
        6.00  0.180741E+05 0.209714E+09 0.316612E+12 0.285911E+13
        7.00  0.270259E+05 0.220249E+09 0.334875E+12 0.287859E+13
        8.00  0.376662E+05 0.227391E+09 0.348071E+12 0.284905E+13
        9.00  0.498907E+05 0.232091E+09 0.357550E+12 0.278765E+13
       10.00  0.635904E+05 0.234999E+09 0.364239E+12 0.270573E+13
       11.00  0.786541E+05 0.236565E+09 0.368786E+12 0.261087E+13
       12.00  0.949703E+05 0.237112E+09 0.371657E+12 0.250828E+13
       13.00  0.112430E+06 0.236879E+09 0.373200E+12 0.240159E+13
       14.00  0.130926E+06 0.236046E+09 0.373680E+12 0.229338E+13
       15.00  0.150359E+06 0.234751E+09 0.373305E+12 0.218546E+13
       16.00  0.170629E+06 0.233101E+09 0.372237E+12 0.207912E+13
       17.00  0.191644E+06 0.231179E+09 0.370603E+12 0.197524E+13
       18.00  0.213311E+06 0.229049E+09 0.368503E+12 0.187439E+13
       19.00  0.235541E+06 0.226759E+09 0.366016E+12 0.177697E+13
       20.00  0.258248E+06 0.224348E+09 0.363204E+12 0.168320E+13
       21.00  0.281347E+06 0.221846E+09 0.360118E+12 0.159320E+13
       22.00  0.304757E+06 0.219277E+09 0.356801E+12 0.150700E+13
       23.00  0.328397E+06 0.216661E+09 0.353286E+12 0.142461E+13
       24.00  0.352194E+06 0.214013E+09 0.349606E+12 0.134597E+13
       25.00  0.376076E+06 0.211349E+09 0.345786E+12 0.127101E+13
       26.00  0.399977E+06 0.208679E+09 0.341850E+12 0.119964E+13
       27.00  0.423832E+06 0.206013E+09 0.337818E+12 0.113175E+13
       28.00  0.447582E+06 0.203360E+09 0.333709E+12 0.106722E+13
       29.00  0.471172E+06 0.200726E+09 0.329538E+12 0.100594E+13
       30.00  0.494548E+06 0.198116E+09 0.325319E+12 0.947772E+12
       31.00  0.517660E+06 0.195535E+09 0.321063E+12 0.892586E+12
       32.00  0.540462E+06 0.192986E+09 0.316781E+12 0.840253E+12
       33.00  0.562907E+06 0.190471E+09 0.312482E+12 0.790645E+12
       34.00  0.584955E+06 0.187993E+09 0.308172E+12 0.743636E+12
       35.00  0.606566E+06 0.185553E+09 0.303858E+12 0.699101E+12
       36.00  0.627702E+06 0.183150E+09 0.299545E+12 0.656922E+12
       37.00  0.648329E+06 0.180787E+09 0.295239E+12 0.616985E+12
       38.00  0.668417E+06 0.178463E+09 0.290945E+12 0.579180E+12
       39.00  0.687936E+06 0.176178E+09 0.286665E+12 0.543402E+12
       40.00  0.706861E+06 0.173933E+09 0.282405E+12 0.509551E+12
       42.00  0.742840E+06 0.169560E+09 0.273955E+12 0.447253E+12
       44.00  0.776201E+06 0.165342E+09 0.265620E+12 0.391574E+12
       46.00  0.806831E+06 0.161278E+09 0.257421E+12 0.341868E+12
       48.00  0.834651E+06 0.157361E+09 0.249372E+12 0.297550E+12
       50.00  0.859608E+06 0.153588E+09 0.241486E+12 0.258089E+12
       52.00  0.881675E+06 0.149950E+09 0.233772E+12 0.223006E+12
       54.00  0.900850E+06 0.146442E+09 0.226235E+12 0.191867E+12
       56.00  0.917149E+06 0.143055E+09 0.218878E+12 0.164284E+12
       58.00  0.930613E+06 0.139782E+09 0.211704E+12 0.139904E+12
       60.00  0.941301E+06 0.136616E+09 0.204715E+12 0.118414E+12
       62.00  0.949290E+06 0.133552E+09 0.197911E+12 0.995268E+11
       64.00  0.954671E+06 0.130583E+09 0.191294E+12 0.829872E+11
       66.00  0.957551E+06 0.127704E+09 0.184863E+12 0.685627E+11
       68.00  0.958043E+06 0.124909E+09 0.178617E+12 0.560434E+11
       70.00  0.956271E+06 0.122194E+09 0.172554E+12 0.452392E+11
       72.00  0.952360E+06 0.119554E+09 0.166672E+12 0.359779E+11
       74.00  0.946443E+06 0.116983E+09 0.160969E+12 0.281035E+11
       76.00  0.938652E+06 0.114477E+09 0.155440E+12 0.214743E+11
       78.00  0.929123E+06 0.112032E+09 0.150083E+12 0.159618E+11
       80.00  0.917992E+06 0.109645E+09 0.144893E+12 0.114493E+11
       82.00  0.905397E+06 0.107310E+09 0.139868E+12 0.783075E+10
       84.00  0.891474E+06 0.105026E+09 0.135002E+12 0.500956E+10
       86.00  0.876356E+06 0.102789E+09 0.130293E+12 0.289784E+10
       88.00  0.860179E+06 0.100597E+09 0.125737E+12 0.141550E+10
       90.00  0.843070E+06 0.984474E+08 0.121330E+12 0.489561E+09
       92.00  0.825154E+06 0.963381E+08 0.117068E+12 0.535094E+08
       94.00  0.806552E+06 0.942671E+08 0.112948E+12 0.467040E+08
       96.00  0.787379E+06 0.922328E+08 0.108965E+12 0.413878E+09
       98.00  0.767743E+06 0.902334E+08 0.105116E+12 0.110467E+10
      100.00  0.747747E+06 0.882674E+08 0.101396E+12 0.207321E+10
      102.00  0.727489E+06 0.863336E+08 0.978024E+11 0.327772E+10
      104.00  0.707060E+06 0.844306E+08 0.943305E+11 0.468023E+10
      106.00  0.686544E+06 0.825574E+08 0.909769E+11 0.624617E+10
      108.00  0.666022E+06 0.807131E+08 0.877377E+11 0.794422E+10
      110.00  0.645567E+06 0.788968E+08 0.846095E+11 0.974595E+10
      112.00  0.625248E+06 0.771081E+08 0.815887E+11 0.116257E+11
      114.00  0.605127E+06 0.753463E+08 0.786721E+11 0.135601E+11
      116.00  0.585260E+06 0.736111E+08 0.758562E+11 0.155285E+11
      118.00  0.565700E+06 0.719020E+08 0.731380E+11 0.175121E+11
      122.00  0.527676E+06 0.685614E+08 0.679819E+11 0.214595E+11
      126.00  0.491360E+06 0.653230E+08 0.631796E+11 0.252896E+11
      130.00  0.456983E+06 0.621856E+08 0.587079E+11 0.289147E+11
      134.00  0.424704E+06 0.591486E+08 0.545447E+11 0.322685E+11
      138.00  0.394628E+06 0.562116E+08 0.506695E+11 0.353031E+11
      142.00  0.366808E+06 0.533748E+08 0.470628E+11 0.379865E+11
      146.00  0.341255E+06 0.506384E+08 0.437066E+11 0.402996E+11
      150.00  0.317949E+06 0.480029E+08 0.405841E+11 0.422347E+11
      154.00  0.296840E+06 0.454686E+08 0.376795E+11 0.437935E+11
      158.00  0.277857E+06 0.430355E+08 0.349780E+11 0.449848E+11
      162.00  0.260914E+06 0.407035E+08 0.324657E+11 0.458236E+11
      166.00  0.245914E+06 0.384719E+08 0.301297E+11 0.463293E+11
      170.00  0.232754E+06 0.363400E+08 0.279577E+11 0.465249E+11
      174.00  0.221331E+06 0.343067E+08 0.259383E+11 0.464359E+11
      178.00  0.211541E+06 0.323707E+08 0.240612E+11 0.460891E+11
      182.00  0.203285E+06 0.305303E+08 0.223165E+11 0.455127E+11
      186.00  0.196467E+06 0.287838E+08 0.206950E+11 0.447345E+11
      190.00  0.190999E+06 0.271290E+08 0.191884E+11 0.437824E+11
      194.00  0.186798E+06 0.255636E+08 0.177886E+11 0.426832E+11
      198.00  0.183789E+06 0.240850E+08 0.164882E+11 0.414624E+11
      202.00  0.181901E+06 0.226903E+08 0.152804E+11 0.401442E+11
      206.00  0.181073E+06 0.213767E+08 0.141586E+11 0.387509E+11
      210.00  0.181246E+06 0.201410E+08 0.131168E+11 0.373031E+11
      214.00  0.182369E+06 0.189800E+08 0.121495E+11 0.358196E+11
      218.00  0.184393E+06 0.178907E+08 0.112515E+11 0.343171E+11
      222.00  0.187272E+06 0.168696E+08 0.104179E+11 0.328107E+11
      226.00  0.190966E+06 0.159136E+08 0.964419E+10 0.313133E+11
      230.00  0.195431E+06 0.150194E+08 0.892624E+10 0.298363E+11
      234.00  0.200627E+06 0.141837E+08 0.826010E+10 0.283890E+11
      238.00  0.206512E+06 0.134033E+08 0.764212E+10 0.269794E+11
      242.00  0.213044E+06 0.126752E+08 0.706890E+10 0.256138E+11
      246.00  0.220177E+06 0.119961E+08 0.653727E+10 0.242972E+11
      250.00  0.227865E+06 0.113632E+08 0.604428E+10 0.230334E+11
      254.00  0.236060E+06 0.107735E+08 0.558719E+10 0.218250E+11
      258.00  0.244708E+06 0.102242E+08 0.516344E+10 0.206738E+11
      262.00  0.253757E+06 0.971279E+07 0.477066E+10 0.195807E+11
      266.00  0.263148E+06 0.923660E+07 0.440665E+10 0.185457E+11
      270.00  0.272822E+06 0.879325E+07 0.406936E+10 0.175683E+11
      274.00  0.282718E+06 0.838042E+07 0.375688E+10 0.166477E+11
      282.00  0.302916E+06 0.763766E+07 0.319932E+10 0.149701E+11
      290.00  0.323211E+06 0.699216E+07 0.272120E+10 0.134977E+11
      298.00  0.343064E+06 0.642953E+07 0.231145E+10 0.122119E+11
      306.00  0.361945E+06 0.593715E+07 0.196053E+10 0.110925E+11
      314.00  0.379349E+06 0.550398E+07 0.166022E+10 0.101194E+11
      322.00  0.394820E+06 0.512042E+07 0.140342E+10 0.927281E+10
      330.00  0.407960E+06 0.477819E+07 0.118401E+10 0.853437E+10
      338.00  0.418443E+06 0.447017E+07 0.996722E+09 0.788713E+10
      346.00  0.426026E+06 0.419028E+07 0.837013E+09 0.731588E+10
      354.00  0.430552E+06 0.393340E+07 0.700978E+09 0.680720E+10
      362.00  0.431956E+06 0.369529E+07 0.585258E+09 0.634942E+10
      370.00  0.430258E+06 0.347245E+07 0.486966E+09 0.593254E+10
      378.00  0.425560E+06 0.326205E+07 0.403617E+09 0.554814E+10
      386.00  0.418036E+06 0.306184E+07 0.333076E+09 0.518927E+10
      394.00  0.407918E+06 0.287012E+07 0.273505E+09 0.485031E+10
      402.00  0.395492E+06 0.268562E+07 0.223325E+09 0.452691E+10
      410.00  0.381079E+06 0.250748E+07 0.181182E+09 0.421583E+10
      418.00  0.365026E+06 0.233517E+07 0.145910E+09 0.391484E+10
      426.00  0.347691E+06 0.216845E+07 0.116506E+09 0.362254E+10
      434.00  0.329430E+06 0.200727E+07 0.921092E+08 0.333827E+10
      442.00  0.310590E+06 0.185175E+07 0.719777E+08 0.306196E+10
      450.00  0.291498E+06 0.170212E+07 0.554746E+08 0.279400E+10
      458.00  0.272452E+06 0.155871E+07 0.420518E+08 0.253510E+10
      466.00  0.253722E+06 0.142184E+07 0.312380E+08 0.228621E+10
      474.00  0.235542E+06 0.129186E+07 0.226279E+08 0.204838E+10
      482.00  0.218106E+06 0.116909E+07 0.158730E+08 0.182266E+10
      490.00  0.201574E+06 0.105377E+07 0.106735E+08 0.161005E+10
      498.00  0.186066E+06 0.946090E+06 0.677178E+07 0.141140E+10
      506.00  0.171669E+06 0.846166E+06 0.394661E+07 0.122736E+10
      514.00  0.158440E+06 0.754016E+06 0.200822E+07 0.105838E+10
      522.00  0.146405E+06 0.669576E+06 0.793965E+06 0.904677E+09
      530.00  0.135571E+06 0.592699E+06 0.164707E+06 0.766212E+09
      538.00  0.125921E+06 0.523161E+06 0.167199E+04 0.642725E+09
      546.00  0.117428E+06 0.460667E+06 0.203747E+06 0.533734E+09
      554.00  0.110049E+06 0.404866E+06 0.685152E+06 0.438571E+09
      562.00  0.103736E+06 0.355360E+06 0.137342E+07 0.356406E+09
      570.00  0.984383E+05 0.311718E+06 0.220767E+07 0.286288E+09
      578.00  0.941007E+05 0.273486E+06 0.313706E+07 0.227174E+09
      586.00  0.906711E+05 0.240203E+06 0.411948E+07 0.177971E+09
      596.00  0.875844E+05 0.204858E+06 0.537015E+07 0.128707E+09
      606.00  0.857476E+05 0.175652E+06 0.659703E+07 0.910381E+08
      616.00  0.850799E+05 0.151760E+06 0.776032E+07 0.629184E+08
      626.00  0.855101E+05 0.132421E+06 0.883133E+07 0.424635E+08
      636.00  0.869748E+05 0.116952E+06 0.979057E+07 0.279953E+08
      646.00  0.894161E+05 0.104751E+06 0.106260E+08 0.180673E+08
      656.00  0.927783E+05 0.952984E+05 0.113317E+08 0.114740E+08
      666.00  0.970045E+05 0.881511E+05 0.119066E+08 0.724654E+07
      676.00  0.102033E+06 0.829361E+05 0.123534E+08 0.463738E+07
      686.00  0.107795E+06 0.793405E+05 0.126776E+08 0.309636E+07
      696.00  0.114211E+06 0.771007E+05 0.128868E+08 0.224181E+07
      706.00  0.121192E+06 0.759923E+05 0.129901E+08 0.182883E+07
      716.00  0.128634E+06 0.758200E+05 0.129975E+08 0.171715E+07
      726.00  0.136425E+06 0.764087E+05 0.129195E+08 0.184068E+07
      736.00  0.144440E+06 0.775967E+05 0.127667E+08 0.218017E+07
      746.00  0.152548E+06 0.792306E+05 0.125495E+08 0.274006E+07
      756.00  0.160608E+06 0.811617E+05 0.122780E+08 0.353000E+07
      766.00  0.168479E+06 0.832446E+05 0.119615E+08 0.455159E+07
      776.00  0.176020E+06 0.853378E+05 0.116089E+08 0.578980E+07
      786.00  0.183094E+06 0.873050E+05 0.112282E+08 0.720903E+07
      796.00  0.189570E+06 0.890174E+05 0.108266E+08 0.875301E+07
      806.00  0.195331E+06 0.903570E+05 0.104107E+08 0.103478E+08
      816.00  0.200271E+06 0.912198E+05 0.998599E+07 0.119072E+08
      826.00  0.204301E+06 0.915188E+05 0.955746E+07 0.133393E+08
      836.00  0.207352E+06 0.911866E+05 0.912925E+07 0.145541E+08
      846.00  0.209373E+06 0.901780E+05 0.870483E+07 0.154704E+08
      856.00  0.210335E+06 0.884706E+05 0.828706E+07 0.160228E+08
      866.00  0.210229E+06 0.860656E+05 0.787826E+07 0.161663E+08
      876.00  0.209067E+06 0.829873E+05 0.748022E+07 0.158806E+08
      886.00  0.206880E+06 0.792815E+05 0.709433E+07 0.151712E+08
      896.00  0.203718E+06 0.750129E+05 0.672156E+07 0.140700E+08
      906.00  0.199646E+06 0.702626E+05 0.636257E+07 0.126332E+08
      916.00  0.194742E+06 0.651245E+05 0.601774E+07 0.109377E+08
      926.00  0.189096E+06 0.597012E+05 0.568721E+07 0.907703E+07
      936.00  0.182806E+06 0.541001E+05 0.537094E+07 0.715523E+07
      946.00  0.175976E+06 0.484299E+05 0.506874E+07 0.528106E+07
      956.00  0.168712E+06 0.427960E+05 0.478031E+07 0.356164E+07
      966.00  0.161123E+06 0.372976E+05 0.450527E+07 0.209649E+07
      976.00  0.153313E+06 0.320247E+05 0.424316E+07 0.972073E+06
      986.00  0.145384E+06 0.270550E+05 0.399349E+07 0.257354E+06
      996.00  0.137432E+06 0.224529E+05 0.375574E+07 0.330093E+03
     1006.00  0.129545E+06 0.182677E+05 0.352939E+07 0.225890E+06
     1016.00  0.121803E+06 0.145334E+05 0.331393E+07 0.934947E+06
     1026.00  0.114276E+06 0.112686E+05 0.310883E+07 0.210488E+07
     1036.00  0.107025E+06 0.847725E+04 0.291363E+07 0.369117E+07
     1046.00  0.100102E+06 0.614955E+04 0.272785E+07 0.563012E+07
     1056.00  0.935469E+05 0.426383E+04 0.255107E+07 0.784242E+07
     1066.00  0.873921E+05 0.278821E+04 0.238289E+07 0.102373E+08
     1076.00  0.816601E+05 0.168276E+04 0.222292E+07 0.127173E+08
     1086.00  0.763658E+05 0.901695E+03 0.207083E+07 0.151826E+08
     1096.00  0.715167E+05 0.395629E+03 0.192630E+07 0.175362E+08
     1106.00  0.671143E+05 0.113727E+03 0.178904E+07 0.196876E+08
     1116.00  0.631549E+05 0.573950E+01 0.165880E+07 0.215568E+08
     1126.00  0.596304E+05 0.238129E+02 0.153532E+07 0.230775E+08
     1136.00  0.565297E+05 0.124043E+03 0.141839E+07 0.241992E+08
     1146.00  0.538396E+05 0.267730E+03 0.130780E+07 0.248886E+08
     1156.00  0.515450E+05 0.422306E+03 0.120337E+07 0.251305E+08
     1166.00  0.496306E+05 0.561943E+03 0.110490E+07 0.249271E+08
     1176.00  0.480806E+05 0.667827E+03 0.101223E+07 0.242972E+08
     1186.00  0.468798E+05 0.728138E+03 0.925176E+06 0.232748E+08
     1196.00  0.460137E+05 0.737739E+03 0.843582E+06 0.219067E+08
     1206.00  0.454685E+05 0.697638E+03 0.767277E+06 0.202496E+08
     1216.00  0.452318E+05 0.614239E+03 0.696094E+06 0.183679E+08
     1226.00  0.452918E+05 0.498445E+03 0.629862E+06 0.163302E+08
     1236.00  0.456380E+05 0.364650E+03 0.568407E+06 0.142066E+08
     1246.00  0.462601E+05 0.229679E+03 0.511550E+06 0.120659E+08
     1256.00  0.471484E+05 0.111713E+03 0.459108E+06 0.997294E+07
     1266.00  0.482935E+05 0.292378E+02 0.410891E+06 0.798659E+07
     1276.00  0.496853E+05 0.678720E-01 0.366707E+06 0.615784E+07
     1286.00  0.513137E+05 0.404631E+02 0.326358E+06 0.452852E+07
     1296.00  0.531671E+05 0.164373E+03 0.289642E+06 0.313042E+07
     1306.00  0.552330E+05 0.382821E+03 0.256356E+06 0.198485E+07
     1316.00  0.574975E+05 0.703451E+03 0.226294E+06 0.110271E+07
     1326.00  0.599448E+05 0.113023E+04 0.199248E+06 0.484857E+06
     1336.00  0.625573E+05 0.166330E+04 0.175015E+06 0.122901E+06
     1346.00  0.653154E+05 0.229902E+04 0.153390E+06 0.247702E+03
     1356.00  0.681976E+05 0.303012E+04 0.134172E+06 0.933566E+05
     1366.00  0.711804E+05 0.384596E+04 0.117166E+06 0.373161E+06
     1376.00  0.742384E+05 0.473299E+04 0.102182E+06 0.806563E+06
     1386.00  0.773449E+05 0.567517E+04 0.890374E+05 0.135795E+07
     1396.00  0.804716E+05 0.665458E+04 0.775566E+05 0.199065E+07
     1406.00  0.835891E+05 0.765198E+04 0.675740E+05 0.266835E+07
     1416.00  0.866675E+05 0.864743E+04 0.589332E+05 0.335633E+07
     1426.00  0.896763E+05 0.962094E+04 0.514882E+05 0.402253E+07
     1436.00  0.925852E+05 0.105530E+05 0.451038E+05 0.463846E+07
     1446.00  0.953644E+05 0.114251E+05 0.396554E+05 0.517992E+07
     1456.00  0.979849E+05 0.122205E+05 0.350299E+05 0.562743E+07
     1466.00  0.100419E+06 0.129241E+05 0.311247E+05 0.596658E+07
     1476.00  0.102641E+06 0.135234E+05 0.278483E+05 0.618807E+07
     1486.00  0.104627E+06 0.140084E+05 0.251193E+05 0.628764E+07
     1496.00  0.106356E+06 0.143718E+05 0.228662E+05 0.626582E+07
     1506.00  0.107809E+06 0.146092E+05 0.210268E+05 0.612755E+07
     1516.00  0.108971E+06 0.147190E+05 0.195473E+05 0.588166E+07
     1526.00  0.109829E+06 0.147025E+05 0.183817E+05 0.554033E+07
     1536.00  0.110374E+06 0.145635E+05 0.174908E+05 0.511839E+07
     1546.00  0.110601E+06 0.143081E+05 0.168417E+05 0.463272E+07
     1556.00  0.110507E+06 0.139447E+05 0.164066E+05 0.410149E+07
     1566.00  0.110094E+06 0.134835E+05 0.161621E+05 0.354355E+07
     1576.00  0.109366E+06 0.129360E+05 0.160883E+05 0.297777E+07
     1586.00  0.108331E+06 0.123151E+05 0.161684E+05 0.242243E+07
     1596.00  0.106999E+06 0.116340E+05 0.163874E+05 0.189467E+07
     1606.00  0.105385E+06 0.109066E+05 0.167321E+05 0.141009E+07
     1616.00  0.103505E+06 0.101467E+05 0.171900E+05 0.982297E+06
     1626.00  0.101376E+06 0.936783E+04 0.177494E+05 0.622612E+06
     1636.00  0.990188E+05 0.858275E+04 0.183985E+05 0.339874E+06
     1646.00  0.964558E+05 0.780342E+04 0.191255E+05 0.140278E+06
     1656.00  0.937100E+05 0.704069E+04 0.199181E+05 0.273293E+05
     1666.00  0.908053E+05 0.630410E+04 0.207635E+05 0.185883E+04
     1676.00  0.877663E+05 0.560179E+04 0.216487E+05 0.621199E+05
     1686.00  0.846178E+05 0.494040E+04 0.225598E+05 0.203944E+06
     1696.00  0.813845E+05 0.432508E+04 0.234828E+05 0.420955E+06
     1706.00  0.780909E+05 0.375944E+04 0.244033E+05 0.704834E+06
     1716.00  0.747606E+05 0.324568E+04 0.253069E+05 0.104562E+07
     1726.00  0.714163E+05 0.278463E+04 0.261792E+05 0.143203E+07
     1736.00  0.680796E+05 0.237592E+04 0.270063E+05 0.185184E+07
     1746.00  0.647706E+05 0.201811E+04 0.277746E+05 0.229221E+07
     1756.00  0.615082E+05 0.170889E+04 0.284716E+05 0.274008E+07
     1766.00  0.583094E+05 0.144524E+04 0.290855E+05 0.318248E+07
     1776.00  0.551896E+05 0.122368E+04 0.296060E+05 0.360694E+07
     1786.00  0.521624E+05 0.104042E+04 0.300240E+05 0.400174E+07
     1796.00  0.492395E+05 0.891600E+03 0.303320E+05 0.435621E+07
     1806.00  0.464310E+05 0.773466E+03 0.305241E+05 0.466102E+07
     1816.00  0.437451E+05 0.682537E+03 0.305962E+05 0.490835E+07
     1826.00  0.411883E+05 0.615770E+03 0.305459E+05 0.509208E+07
     1836.00  0.387656E+05 0.570697E+03 0.303726E+05 0.520788E+07
     1846.00  0.364803E+05 0.545530E+03 0.300776E+05 0.525331E+07
     1856.00  0.343344E+05 0.539247E+03 0.296635E+05 0.522784E+07
     1866.00  0.323285E+05 0.551647E+03 0.291347E+05 0.513280E+07
     1876.00  0.304622E+05 0.583373E+03 0.284973E+05 0.497133E+07
     1886.00  0.287341E+05 0.635912E+03 0.277582E+05 0.474826E+07
     1896.00  0.271417E+05 0.711568E+03 0.269258E+05 0.446997E+07
     1906.00  0.256821E+05 0.813400E+03 0.260095E+05 0.414414E+07
     1916.00  0.243517E+05 0.945151E+03 0.250191E+05 0.377963E+07
     1926.00  0.231464E+05 0.111115E+04 0.239653E+05 0.338614E+07
     1936.00  0.220618E+05 0.131618E+04 0.228592E+05 0.297401E+07
     1946.00  0.210934E+05 0.156537E+04 0.217118E+05 0.255392E+07
     1956.00  0.202366E+05 0.186404E+04 0.205343E+05 0.213665E+07
     1966.00  0.194867E+05 0.221756E+04 0.193377E+05 0.173277E+07
     1976.00  0.188393E+05 0.263120E+04 0.181326E+05 0.135240E+07
     1986.00  0.182899E+05 0.310997E+04 0.169292E+05 0.100497E+07
     1996.00  0.178343E+05 0.365848E+04 0.157369E+05 0.698974E+06
     2006.00  0.174686E+05 0.428082E+04 0.145646E+05 0.441815E+06
     2016.00  0.171890E+05 0.498040E+04 0.134203E+05 0.239609E+06
     2026.00  0.169922E+05 0.575987E+04 0.123111E+05 0.970712E+05
     2036.00  0.168750E+05 0.662099E+04 0.112431E+05 0.174180E+05
     2046.00  0.168345E+05 0.756457E+04 0.102217E+05 0.231988E+04
     2056.00  0.168680E+05 0.859042E+04 0.925121E+04 0.518859E+05
     2066.00  0.169730E+05 0.969725E+04 0.833485E+04 0.164690E+06
     2076.00  0.171472E+05 0.108827E+05 0.747510E+04 0.337832E+06
     2086.00  0.173883E+05 0.121434E+05 0.667352E+04 0.567038E+06
     2096.00  0.176942E+05 0.134748E+05 0.593081E+04 0.846785E+06
     2106.00  0.180627E+05 0.148713E+05 0.524693E+04 0.117046E+07
     2116.00  0.184917E+05 0.163265E+05 0.462114E+04 0.153054E+07
     2126.00  0.189787E+05 0.178330E+05 0.405209E+04 0.191877E+07
     2136.00  0.195215E+05 0.193825E+05 0.353788E+04 0.232640E+07
     2146.00  0.201173E+05 0.209661E+05 0.307617E+04 0.274439E+07
     2156.00  0.207633E+05 0.225743E+05 0.266425E+04 0.316361E+07
     2166.00  0.214564E+05 0.241970E+05 0.229912E+04 0.357505E+07
     2176.00  0.221932E+05 0.258239E+05 0.197757E+04 0.397007E+07
     2186.00  0.229699E+05 0.274445E+05 0.169628E+04 0.434052E+07
     2196.00  0.237826E+05 0.290480E+05 0.145185E+04 0.467895E+07
     2206.00  0.246268E+05 0.306239E+05 0.124089E+04 0.497877E+07
     2216.00  0.254978E+05 0.321616E+05 0.106007E+04 0.523433E+07
     2226.00  0.263906E+05 0.336511E+05 0.906190E+03 0.544106E+07
     2236.00  0.272998E+05 0.350827E+05 0.776190E+03 0.559549E+07
     2246.00  0.282199E+05 0.364471E+05 0.667209E+03 0.569535E+07
     2256.00  0.291450E+05 0.377358E+05 0.576603E+03 0.573955E+07
     2266.00  0.300689E+05 0.389411E+05 0.501965E+03 0.572815E+07
     2276.00  0.309855E+05 0.400558E+05 0.441141E+03 0.566235E+07
     2286.00  0.318884E+05 0.410739E+05 0.392230E+03 0.554440E+07
     2296.00  0.327712E+05 0.419902E+05 0.353586E+03 0.537753E+07
     2306.00  0.336275E+05 0.428004E+05 0.323811E+03 0.516583E+07
     2316.00  0.344508E+05 0.435012E+05 0.301740E+03 0.491415E+07
     2326.00  0.352350E+05 0.440904E+05 0.286426E+03 0.462793E+07
     2336.00  0.359739E+05 0.445667E+05 0.277121E+03 0.431312E+07
     2346.00  0.366618E+05 0.449297E+05 0.273249E+03 0.397597E+07
     2356.00  0.372929E+05 0.451802E+05 0.274384E+03 0.362294E+07
     2366.00  0.378622E+05 0.453197E+05 0.280221E+03 0.326054E+07
     2376.00  0.383647E+05 0.453506E+05 0.290550E+03 0.289517E+07
     2386.00  0.387961E+05 0.452762E+05 0.305225E+03 0.253303E+07
     2396.00  0.391525E+05 0.451004E+05 0.324146E+03 0.217998E+07
     2406.00  0.394305E+05 0.448279E+05 0.347222E+03 0.184144E+07
     2416.00  0.396273E+05 0.444640E+05 0.374358E+03 0.152231E+07
     2426.00  0.397407E+05 0.440145E+05 0.405430E+03 0.122689E+07
     2436.00  0.397691E+05 0.434856E+05 0.440265E+03 0.958825E+06
     2446.00  0.397114E+05 0.428838E+05 0.478631E+03 0.721058E+06
     2456.00  0.395674E+05 0.422161E+05 0.520223E+03 0.515816E+06
     2466.00  0.393371E+05 0.414894E+05 0.564652E+03 0.344598E+06
     2476.00  0.390215E+05 0.407110E+05 0.611448E+03 0.208182E+06
     2486.00  0.386221E+05 0.398881E+05 0.660053E+03 0.106651E+06
     2496.00  0.381408E+05 0.390277E+05 0.709828E+03 0.394221E+05
     2506.00  0.375803E+05 0.381371E+05 0.760054E+03 0.529736E+04
     2516.00  0.369438E+05 0.372231E+05 0.809950E+03 0.251685E+04
     2526.00  0.362349E+05 0.362925E+05 0.858677E+03 0.288233E+05
     2536.00  0.354576E+05 0.353518E+05 0.905356E+03 0.815316E+05
     2546.00  0.346164E+05 0.344071E+05 0.949086E+03 0.157602E+06
     2556.00  0.337163E+05 0.334643E+05 0.988962E+03 0.253719E+06
     2566.00  0.327623E+05 0.325288E+05 0.102409E+04 0.366365E+06
     2576.00  0.317598E+05 0.316058E+05 0.105363E+04 0.491900E+06
     2586.00  0.307146E+05 0.307000E+05 0.107677E+04 0.626633E+06
     2596.00  0.296324E+05 0.298158E+05 0.109279E+04 0.766897E+06
     2606.00  0.285191E+05 0.289569E+05 0.110108E+04 0.909112E+06
     2616.00  0.273805E+05 0.281270E+05 0.110113E+04 0.104985E+07
     2626.00  0.262227E+05 0.273293E+05 0.109257E+04 0.118588E+07
     2636.00  0.250515E+05 0.265663E+05 0.107517E+04 0.131423E+07
     2646.00  0.238725E+05 0.258406E+05 0.104889E+04 0.143223E+07
     2656.00  0.226916E+05 0.251543E+05 0.101383E+04 0.153751E+07
     2666.00  0.215140E+05 0.245089E+05 0.970282E+03 0.162809E+07
     2676.00  0.203449E+05 0.239061E+05 0.918729E+03 0.170233E+07
     2686.00  0.191893E+05 0.233470E+05 0.859830E+03 0.175900E+07
     2696.00  0.180518E+05 0.228324E+05 0.794433E+03 0.179723E+07
     2706.00  0.169366E+05 0.223632E+05 0.723561E+03 0.181657E+07
     2716.00  0.158478E+05 0.219398E+05 0.648405E+03 0.181693E+07
     2726.00  0.147887E+05 0.215627E+05 0.570315E+03 0.179857E+07
     2736.00  0.137628E+05 0.212320E+05 0.490783E+03 0.176214E+07
     2746.00  0.127727E+05 0.209478E+05 0.411424E+03 0.170859E+07
     2756.00  0.118208E+05 0.207101E+05 0.333960E+03 0.163915E+07
     2766.00  0.109093E+05 0.205188E+05 0.260195E+03 0.155536E+07
     2776.00  0.100396E+05 0.203738E+05 0.191992E+03 0.145896E+07
     2786.00  0.921299E+04 0.202748E+05 0.131249E+03 0.135191E+07
     2796.00  0.843038E+04 0.202216E+05 0.798686E+02 0.123634E+07
     2806.00  0.769225E+04 0.202139E+05 0.397389E+02 0.111450E+07
     2816.00  0.699874E+04 0.202513E+05 0.127007E+02 0.988742E+06
     2826.00  0.634967E+04 0.203335E+05 0.523685E+00 0.861458E+06
     2836.00  0.574457E+04 0.204601E+05 0.488061E+01 0.735073E+06
     2846.00  0.518270E+04 0.206305E+05 0.273229E+02 0.611993E+06
     2856.00  0.466304E+04 0.208444E+05 0.692580E+02 0.494571E+06
     2866.00  0.418436E+04 0.211012E+05 0.131928E+03 0.385080E+06
     2876.00  0.374525E+04 0.214003E+05 0.216393E+03 0.285680E+06
     2886.00  0.334410E+04 0.217410E+05 0.323510E+03 0.198386E+06
     2896.00  0.297917E+04 0.221226E+05 0.453925E+03 0.125049E+06
     2906.00  0.264863E+04 0.225443E+05 0.608060E+03 0.673252E+05
     2916.00  0.235053E+04 0.230052E+05 0.786104E+03 0.266625E+05
     2926.00  0.208289E+04 0.235042E+05 0.988011E+03 0.427787E+04
     2936.00  0.184368E+04 0.240401E+05 0.121350E+04 0.114482E+04
     2946.00  0.163089E+04 0.246118E+05 0.146204E+04 0.179820E+05
     2956.00  0.144249E+04 0.252176E+05 0.173288E+04 0.552451E+05
     2966.00  0.127652E+04 0.258562E+05 0.202505E+04 0.113122E+06
     2976.00  0.113106E+04 0.265256E+05 0.233736E+04 0.191530E+06
     2986.00  0.100428E+04 0.272241E+05 0.266841E+04 0.290119E+06
     2996.00  0.894418E+03 0.279496E+05 0.301662E+04 0.408279E+06
     3006.00  0.799843E+03 0.286997E+05 0.338025E+04 0.545139E+06
     3016.00  0.719022E+03 0.294721E+05 0.375738E+04 0.699590E+06
     3026.00  0.650553E+03 0.302643E+05 0.414600E+04 0.870290E+06
     3036.00  0.593161E+03 0.310735E+05 0.454396E+04 0.105568E+07
     3046.00  0.545708E+03 0.318967E+05 0.494903E+04 0.125402E+07
     3056.00  0.507193E+03 0.327310E+05 0.535893E+04 0.146339E+07
     3066.00  0.476751E+03 0.335733E+05 0.577131E+04 0.168170E+07
     3076.00  0.453655E+03 0.344201E+05 0.618385E+04 0.190678E+07
     3086.00  0.437306E+03 0.352681E+05 0.659418E+04 0.213633E+07
     3096.00  0.427233E+03 0.361138E+05 0.699999E+04 0.236799E+07
     3106.00  0.423085E+03 0.369537E+05 0.739901E+04 0.259937E+07
     3116.00  0.424622E+03 0.377841E+05 0.778904E+04 0.282804E+07
     3126.00  0.431705E+03 0.386013E+05 0.816797E+04 0.305163E+07
     3136.00  0.444286E+03 0.394017E+05 0.853378E+04 0.326780E+07
     3146.00  0.462398E+03 0.401817E+05 0.888459E+04 0.347427E+07
     3156.00  0.486141E+03 0.409376E+05 0.921863E+04 0.366889E+07
     3166.00  0.515671E+03 0.416658E+05 0.953429E+04 0.384963E+07
     3176.00  0.551187E+03 0.423629E+05 0.983012E+04 0.401462E+07
     3186.00  0.592919E+03 0.430255E+05 0.101048E+05 0.416215E+07
     3196.00  0.641113E+03 0.436502E+05 0.103573E+05 0.429074E+07
     3206.00  0.696021E+03 0.442341E+05 0.105866E+05 0.439909E+07
     3216.00  0.757889E+03 0.447741E+05 0.107919E+05 0.448616E+07
     3226.00  0.826944E+03 0.452676E+05 0.109726E+05 0.455112E+07
     3236.00  0.903385E+03 0.457118E+05 0.111284E+05 0.459343E+07
     3246.00  0.987370E+03 0.461046E+05 0.112590E+05 0.461276E+07
     3256.00  0.107901E+04 0.464438E+05 0.113642E+05 0.460907E+07
     3266.00  0.117837E+04 0.467275E+05 0.114443E+05 0.458255E+07
     3276.00  0.128543E+04 0.469542E+05 0.114995E+05 0.453366E+07
     3286.00  0.140012E+04 0.471226E+05 0.115301E+05 0.446308E+07
     3296.00  0.152229E+04 0.472316E+05 0.115366E+05 0.437172E+07
     3306.00  0.165172E+04 0.472804E+05 0.115199E+05 0.426074E+07
     3316.00  0.178810E+04 0.472687E+05 0.114805E+05 0.413144E+07
     3326.00  0.193105E+04 0.471963E+05 0.114195E+05 0.398533E+07
     3336.00  0.208010E+04 0.470631E+05 0.113378E+05 0.382408E+07
     3346.00  0.223471E+04 0.468698E+05 0.112365E+05 0.364947E+07
     3356.00  0.239426E+04 0.466168E+05 0.111167E+05 0.346341E+07
     3366.00  0.255806E+04 0.463053E+05 0.109797E+05 0.326787E+07
     3376.00  0.272535E+04 0.459363E+05 0.108267E+05 0.306489E+07
     3386.00  0.289531E+04 0.455114E+05 0.106589E+05 0.285652E+07
     3396.00  0.306705E+04 0.450322E+05 0.104778E+05 0.264483E+07
     3406.00  0.323966E+04 0.445008E+05 0.102847E+05 0.243184E+07
     3416.00  0.341216E+04 0.439191E+05 0.100808E+05 0.221955E+07
     3426.00  0.358355E+04 0.432896E+05 0.986756E+04 0.200986E+07
     3436.00  0.375281E+04 0.426147E+05 0.964629E+04 0.180458E+07
     3446.00  0.391888E+04 0.418972E+05 0.941829E+04 0.160542E+07
     3456.00  0.408072E+04 0.411398E+05 0.918482E+04 0.141393E+07
     3466.00  0.423728E+04 0.403454E+05 0.894713E+04 0.123152E+07
     3476.00  0.438754E+04 0.395170E+05 0.870641E+04 0.105944E+07
     3486.00  0.453047E+04 0.386579E+05 0.846381E+04 0.898758E+06
     3496.00  0.466510E+04 0.377710E+05 0.822043E+04 0.750367E+06
     3506.00  0.479049E+04 0.368597E+05 0.797729E+04 0.614969E+06
     3516.00  0.490575E+04 0.359271E+05 0.773539E+04 0.493077E+06
     3526.00  0.501005E+04 0.349764E+05 0.749564E+04 0.385018E+06
     3536.00  0.510260E+04 0.340109E+05 0.725889E+04 0.290931E+06
     3546.00  0.518272E+04 0.330337E+05 0.702593E+04 0.210776E+06
     3556.00  0.524979E+04 0.320479E+05 0.679748E+04 0.144344E+06
     3566.00  0.530325E+04 0.310566E+05 0.657420E+04 0.912620E+05
     3576.00  0.534268E+04 0.300627E+05 0.635668E+04 0.510096E+05
     3586.00  0.536771E+04 0.290691E+05 0.614545E+04 0.229302E+05
     3596.00  0.537807E+04 0.280785E+05 0.594099E+04 0.624704E+04
     3606.00  0.537361E+04 0.270936E+05 0.574369E+04 0.791162E+02
     3616.00  0.535426E+04 0.261169E+05 0.555390E+04 0.345816E+04
     3626.00  0.532005E+04 0.251507E+05 0.537194E+04 0.153461E+05
     3636.00  0.527113E+04 0.241972E+05 0.519804E+04 0.346528E+05
     3646.00  0.520773E+04 0.232586E+05 0.503241E+04 0.602537E+05
     3656.00  0.513018E+04 0.223367E+05 0.487519E+04 0.910071E+05
     3666.00  0.503891E+04 0.214333E+05 0.472650E+04 0.125771E+06
     3676.00  0.493443E+04 0.205499E+05 0.458643E+04 0.163420E+06
     3686.00  0.481735E+04 0.196881E+05 0.445501E+04 0.202860E+06
     3696.00  0.468834E+04 0.188490E+05 0.433227E+04 0.243039E+06
     3706.00  0.454819E+04 0.180337E+05 0.421818E+04 0.282966E+06
     3716.00  0.439771E+04 0.172433E+05 0.411273E+04 0.321719E+06
     3726.00  0.423780E+04 0.164785E+05 0.401584E+04 0.358452E+06
     3736.00  0.406942E+04 0.157399E+05 0.392747E+04 0.392409E+06
     3746.00  0.389356E+04 0.150280E+05 0.384753E+04 0.422927E+06
     3756.00  0.371126E+04 0.143433E+05 0.377593E+04 0.449441E+06
     3766.00  0.352362E+04 0.136859E+05 0.371257E+04 0.471491E+06
     3776.00  0.333172E+04 0.130559E+05 0.365736E+04 0.488717E+06
     3786.00  0.313668E+04 0.124534E+05 0.361018E+04 0.500869E+06
     3796.00  0.293964E+04 0.118782E+05 0.357094E+04 0.507796E+06
     3806.00  0.274173E+04 0.113302E+05 0.353953E+04 0.509452E+06
     3816.00  0.254406E+04 0.108089E+05 0.351584E+04 0.505887E+06
     3826.00  0.234774E+04 0.103141E+05 0.349976E+04 0.497246E+06
     3836.00  0.215387E+04 0.984524E+04 0.349121E+04 0.483761E+06
     3846.00  0.196348E+04 0.940183E+04 0.349007E+04 0.465745E+06
     3856.00  0.177761E+04 0.898328E+04 0.349626E+04 0.443585E+06
     3866.00  0.159722E+04 0.858898E+04 0.350966E+04 0.417736E+06
     3876.00  0.142323E+04 0.821826E+04 0.353020E+04 0.388710E+06
     3886.00  0.125651E+04 0.787042E+04 0.355777E+04 0.357070E+06
     3896.00  0.109786E+04 0.754473E+04 0.359226E+04 0.323418E+06
     3906.00  0.948030E+03 0.724046E+04 0.363359E+04 0.288391E+06
     3916.00  0.807682E+03 0.695686E+04 0.368164E+04 0.252647E+06
     3926.00  0.677412E+03 0.669318E+04 0.373629E+04 0.216862E+06
     3936.00  0.557740E+03 0.644865E+04 0.379743E+04 0.181717E+06
     3946.00  0.449103E+03 0.622253E+04 0.386491E+04 0.147891E+06
     3956.00  0.351862E+03 0.601408E+04 0.393860E+04 0.116056E+06
     3966.00  0.266294E+03 0.582256E+04 0.401833E+04 0.868649E+05
     3976.00  0.192593E+03 0.564728E+04 0.410392E+04 0.609500E+05
     3986.00  0.130873E+03 0.548753E+04 0.419517E+04 0.389132E+05
     3996.00  0.811639E+02 0.534264E+04 0.429188E+04 0.213216E+05
     4006.00  0.434185E+02 0.521196E+04 0.439379E+04 0.870192E+04
     4016.00  0.175096E+02 0.509488E+04 0.450066E+04 0.153656E+04
     4026.00  0.323480E+01 0.499078E+04 0.461220E+04 0.259123E+03
     4036.00  0.318723E+00 0.489909E+04 0.472810E+04 0.525132E+04
     4046.00  0.841645E+01 0.481926E+04 0.484802E+04 0.168401E+05
     4056.00  0.271173E+02 0.475075E+04 0.497161E+04 0.352956E+05
     4066.00  0.559490E+02 0.469306E+04 0.509848E+04 0.608293E+05
     4076.00  0.943822E+02 0.464571E+04 0.522822E+04 0.935929E+05
     4086.00  0.141835E+03 0.460823E+04 0.536039E+04 0.133678E+06
     4096.00  0.197680E+03 0.458016E+04 0.549454E+04 0.181115E+06
     4106.00  0.261245E+03 0.456108E+04 0.563019E+04 0.235876E+06
     4116.00  0.331825E+03 0.455057E+04 0.576683E+04 0.297872E+06
     4126.00  0.408681E+03 0.454822E+04 0.590393E+04 0.366957E+06
     4136.00  0.491051E+03 0.455364E+04 0.604097E+04 0.442926E+06
     4146.00  0.578155E+03 0.456642E+04 0.617738E+04 0.525522E+06
     4156.00  0.669196E+03 0.458619E+04 0.631260E+04 0.614434E+06
     4166.00  0.763373E+03 0.461256E+04 0.644606E+04 0.709301E+06
     4176.00  0.859882E+03 0.464515E+04 0.657717E+04 0.809714E+06
     4186.00  0.957922E+03 0.468357E+04 0.670534E+04 0.915222E+06
     4196.00  0.105670E+04 0.472743E+04 0.683000E+04 0.102533E+07
     4206.00  0.115544E+04 0.477635E+04 0.695056E+04 0.113951E+07
     4216.00  0.125338E+04 0.482992E+04 0.706645E+04 0.125719E+07
     4226.00  0.134979E+04 0.488773E+04 0.717709E+04 0.137777E+07
     4236.00  0.144397E+04 0.494937E+04 0.728195E+04 0.150065E+07
     4246.00  0.153523E+04 0.501441E+04 0.738050E+04 0.162516E+07
     4256.00  0.162295E+04 0.508242E+04 0.747221E+04 0.175065E+07
     4266.00  0.170652E+04 0.515295E+04 0.755661E+04 0.187644E+07
     4276.00  0.178539E+04 0.522555E+04 0.763323E+04 0.200185E+07
     4286.00  0.185905E+04 0.529975E+04 0.770165E+04 0.212619E+07
     4296.00  0.192704E+04 0.537507E+04 0.776147E+04 0.224876E+07
     4306.00  0.198895E+04 0.545103E+04 0.781233E+04 0.236889E+07
     4316.00  0.204442E+04 0.552714E+04 0.785391E+04 0.248588E+07
     4326.00  0.209315E+04 0.560291E+04 0.788593E+04 0.259908E+07
     4336.00  0.213488E+04 0.567783E+04 0.790815E+04 0.270785E+07
     4346.00  0.216941E+04 0.575139E+04 0.792038E+04 0.281154E+07
     4356.00  0.219659E+04 0.582309E+04 0.792245E+04 0.290957E+07
     4366.00  0.221635E+04 0.589242E+04 0.791427E+04 0.300137E+07
     4376.00  0.222862E+04 0.595888E+04 0.789577E+04 0.308639E+07
     4386.00  0.223344E+04 0.602197E+04 0.786694E+04 0.316415E+07
     4396.00  0.223086E+04 0.608121E+04 0.782781E+04 0.323418E+07
     4406.00  0.222100E+04 0.613612E+04 0.777845E+04 0.329608E+07
     4416.00  0.220400E+04 0.618622E+04 0.771899E+04 0.334948E+07
     4426.00  0.218009E+04 0.623107E+04 0.764959E+04 0.339407E+07
     4436.00  0.214949E+04 0.627023E+04 0.757047E+04 0.342959E+07
     4446.00  0.211250E+04 0.630330E+04 0.748185E+04 0.345583E+07
     4456.00  0.206944E+04 0.632988E+04 0.738404E+04 0.347265E+07
     4466.00  0.202065E+04 0.634961E+04 0.727736E+04 0.347995E+07
     4476.00  0.196653E+04 0.636216E+04 0.716216E+04 0.347770E+07
     4486.00  0.190747E+04 0.636721E+04 0.703882E+04 0.346593E+07
     4511.00  0.174117E+04 0.634536E+04 0.669775E+04 0.339555E+07
     4536.00  0.155403E+04 0.627173E+04 0.631579E+04 0.326926E+07
     4561.00  0.135370E+04 0.614448E+04 0.590089E+04 0.309211E+07
     4586.00  0.114787E+04 0.596333E+04 0.546150E+04 0.287105E+07
     4611.00  0.943999E+03 0.572964E+04 0.500620E+04 0.261459E+07
     4636.00  0.748971E+03 0.544635E+04 0.454349E+04 0.233239E+07
     4661.00  0.568887E+03 0.511795E+04 0.408147E+04 0.203478E+07
     4686.00  0.408840E+03 0.475031E+04 0.362769E+04 0.173223E+07
     4711.00  0.272771E+03 0.435055E+04 0.318891E+04 0.143486E+07
     4736.00  0.163380E+03 0.392674E+04 0.277098E+04 0.115197E+07
     4761.00  0.820894E+02 0.348770E+04 0.237877E+04 0.891572E+06
     4786.00  0.290652E+02 0.304268E+04 0.201604E+04 0.660109E+06
     4811.00  0.328911E+01 0.260108E+04 0.168553E+04 0.462188E+06
     4836.00  0.267527E+01 0.217212E+04 0.138889E+04 0.300474E+06
     4861.00  0.242240E+02 0.176460E+04 0.112678E+04 0.175693E+06
     4886.00  0.642049E+02 0.138658E+04 0.898934E+03 0.867417E+05
     4911.00  0.118360E+03 0.104518E+04 0.704264E+03 0.309062E+05
     4936.00  0.182116E+03 0.746372E+03 0.540989E+03 0.415095E+04
     4961.00  0.250801E+03 0.494812E+03 0.406758E+03 0.146942E+04
     4986.00  0.319852E+03 0.293749E+03 0.298790E+03 0.172618E+05
     5011.00  0.385006E+03 0.144964E+03 0.214013E+03 0.457153E+05
     5036.00  0.442473E+03 0.487587E+02 0.149207E+03 0.811635E+05
     5061.00  0.489076E+03 0.400677E+01 0.101135E+03 0.118402E+06
     5086.00  0.522366E+03 0.823513E+01 0.666652E+02 0.152945E+06
     5111.00  0.540699E+03 0.577535E+02 0.428809E+02 0.181218E+06
     5136.00  0.543275E+03 0.147815E+03 0.271742E+02 0.200667E+06
     5161.00  0.530147E+03 0.272805E+03 0.173197E+02 0.209810E+06
     5186.00  0.502190E+03 0.426446E+03 0.115280E+02 0.208209E+06
     5211.00  0.461042E+03 0.602016E+03 0.847684E+01 0.196395E+06
     5236.00  0.409018E+03 0.792571E+03 0.731953E+01 0.175742E+06
     5261.00  0.348998E+03 0.991157E+03 0.767106E+01 0.148314E+06
     5286.00  0.284296E+03 0.119102E+04 0.957302E+01 0.116690E+06
     5311.00  0.218521E+03 0.138579E+04 0.134394E+02 0.837888E+05
     5336.00  0.155427E+03 0.156964E+04 0.199865E+02 0.526890E+05
     5361.00  0.987620E+02 0.173744E+04 0.301494E+02 0.264691E+05
     5386.00  0.521219E+02 0.188485E+04 0.449917E+02 0.806287E+04
     5411.00  0.188154E+02 0.200839E+04 0.656097E+02 0.137275E+03
     5436.00  0.173947E+01 0.210551E+04 0.930389E+02 0.499418E+04
     5461.00  0.327425E+01 0.217458E+04 0.128166E+03 0.244952E+05
     5511.00  0.686242E+02 0.222655E+04 0.223856E+03 0.112376E+06
     5561.00  0.220916E+03 0.216849E+04 0.354183E+03 0.268322E+06
     5611.00  0.454938E+03 0.201582E+04 0.514908E+03 0.488258E+06
     5661.00  0.754900E+03 0.179176E+04 0.696068E+03 0.759971E+06
     5711.00  0.109645E+04 0.152344E+04 0.883140E+03 0.106422E+07
     5761.00  0.144966E+04 0.123817E+04 0.105907E+04 0.137642E+07
     5811.00  0.178259E+04 0.960269E+03 0.120671E+04 0.166891E+07
     5861.00  0.206498E+04 0.708738E+03 0.131128E+04 0.191374E+07
     5911.00  0.227146E+04 0.496040E+03 0.136227E+04 0.208591E+07
     5961.00  0.238425E+04 0.327897E+03 0.135469E+04 0.216663E+07
     6011.00  0.239471E+04 0.204009E+03 0.128949E+04 0.214608E+07
     6061.00  0.230392E+04 0.119460E+03 0.117318E+04 0.202526E+07
     6111.00  0.212215E+04 0.665165E+02 0.101680E+04 0.181627E+07
     6161.00  0.186739E+04 0.365202E+02 0.834541E+03 0.154094E+07
     6211.00  0.156315E+04 0.215936E+02 0.642178E+03 0.122785E+07
     6261.00  0.123585E+04 0.159551E+02 0.455470E+03 0.908291E+06
     6311.00  0.912062E+03 0.166996E+02 0.288765E+03 0.611844E+06
     6361.00  0.615952E+03 0.239995E+02 0.153832E+03 0.362472E+06
     6411.00  0.367103E+03 0.407571E+02 0.590033E+02 0.175733E+06
     6461.00  0.178992E+03 0.718112E+02 0.863751E+01 0.576069E+05
     6511.00  0.581722E+02 0.122848E+03 0.294156E+01 0.493868E+04
     6561.00  0.420740E+01 0.199189E+03 0.381317E+02 0.723232E+04
     6611.00  0.103137E+02 0.304637E+03 0.106934E+03 0.492687E+05
     6661.00  0.645762E+02 0.440529E+03 0.199389E+03 0.113959E+06
     6711.00  0.151585E+03 0.605115E+03 0.303897E+03 0.184912E+06
     6761.00  0.254292E+03 0.793343E+03 0.408409E+03 0.248366E+06
     6811.00  0.355892E+03 0.997046E+03 0.501646E+03 0.294339E+06
     6861.00  0.441536E+03 0.120552E+04 0.574208E+03 0.317047E+06
     6911.00  0.499740E+03 0.140644E+04 0.619436E+03 0.314735E+06
     6961.00  0.523348E+03 0.158688E+04 0.633935E+03 0.289150E+06
     7011.00  0.510020E+03 0.173457E+04 0.617695E+03 0.244830E+06
     7061.00  0.462208E+03 0.183898E+04 0.573813E+03 0.188342E+06
     7111.00  0.386674E+03 0.189227E+04 0.507879E+03 0.127556E+06
     7161.00  0.293620E+03 0.189006E+04 0.427119E+03 0.709304E+05
     7211.00  0.195533E+03 0.183178E+04 0.339452E+03 0.268060E+05
     7261.00  0.105881E+03 0.172075E+04 0.252557E+03 0.268135E+04
     7311.00  0.377740E+02 0.156393E+04 0.173106E+03 0.446239E+04
     7361.00  0.272186E+01 0.137129E+04 0.106195E+03 0.357390E+05
     7411.00  0.958930E+01 0.115501E+04 0.550460E+02 0.971764E+05
     7511.00  0.167024E+03 0.705476E+03 0.341734E+01 0.296659E+06
     7611.00  0.507114E+03 0.319114E+03 0.915582E+01 0.544719E+06
     7711.00  0.969618E+03 0.734190E+02 0.463555E+02 0.752632E+06
     7811.00  0.145652E+04 0.400401E+00 0.853200E+02 0.840214E+06
     7911.00  0.186135E+04 0.826364E+02 0.103452E+03 0.774042E+06
     8011.00  0.209850E+04 0.264035E+03 0.918824E+02 0.582166E+06
     8111.00  0.212408E+04 0.470309E+03 0.572697E+02 0.338031E+06
     8211.00  0.194352E+04 0.631941E+03 0.186600E+02 0.126263E+06
     8311.00  0.160547E+04 0.702653E+03 0.233700E-01 0.112303E+05
     8411.00  0.118537E+04 0.668726E+03 0.205580E+02 0.218355E+05
     8511.00  0.764502E+03 0.547848E+03 0.863853E+02 0.152508E+06
     8611.00  0.410459E+03 0.379348E+03 0.187294E+03 0.372183E+06
     8711.00  0.163808E+03 0.209877E+03 0.300098E+03 0.633807E+06
     8811.00  0.333865E+02 0.792244E+02 0.396973E+03 0.882380E+06
     8911.00  0.121723E+00 0.101969E+02 0.454847E+03 0.106379E+07
     9011.00  0.271602E+02 0.476530E+01 0.461970E+03 0.113637E+07
     9111.00  0.729024E+02 0.466168E+02 0.419753E+03 0.108312E+07
     9211.00  0.103341E+03 0.108498E+03 0.340438E+03 0.918764E+06
     9311.00  0.100798E+03 0.161688E+03 0.242503E+03 0.686016E+06
     9411.00  0.674340E+02 0.184765E+03 0.145734E+03 0.440783E+06
     9511.00  0.232990E+02 0.169404E+03 0.670465E+02 0.232776E+06
     9611.00  0.121081E-01 0.122041E+03 0.174227E+02 0.907348E+05
     9711.00  0.319439E+02 0.613983E+02 0.854969E-01 0.182997E+05
     9811.00  0.147122E+03 0.129455E+02 0.101990E+02 0.168674E+02
     9911.00  0.359871E+03 0.195421E+01 0.364400E+02 0.120863E+05
    10011.00  0.666616E+03 0.469577E+02 0.644257E+02 0.319858E+05
    10111.00  0.104549E+04 0.155117E+03 0.812317E+02 0.440271E+05
    10211.00  0.145959E+04 0.320382E+03 0.795727E+02 0.412090E+05
    10311.00  0.186296E+04 0.524621E+03 0.601519E+02 0.252475E+05
    10411.00  0.220818E+04 0.741222E+03 0.313816E+02 0.615683E+04
    10511.00  0.245384E+04 0.940214E+03 0.676974E+01 0.131552E+04
    10611.00  0.257092E+04 0.109377E+04 0.112934E+01 0.328926E+05
    10711.00  0.254679E+04 0.118096E+04 0.269677E+02 0.122711E+06
    10811.00  0.238654E+04 0.119102E+04 0.919732E+02 0.285139E+06
    10911.00  0.211153E+04 0.112457E+04 0.197831E+03 0.520459E+06
    11011.00  0.175560E+04 0.992856E+03 0.340095E+03 0.811920E+06
    11111.00  0.135976E+04 0.815318E+03 0.508722E+03 0.112841E+07
    11211.00  0.966267E+03 0.616009E+03 0.689084E+03 0.143199E+07
    11311.00  0.612958E+03 0.419650E+03 0.863476E+03 0.168710E+07
    11411.00  0.328811E+03 0.247944E+03 0.101325E+04 0.186781E+07
    11511.00  0.131075E+03 0.116729E+03 0.112148E+04 0.196070E+07
    11611.00  0.243437E+02 0.343303E+02 0.117576E+04 0.196385E+07
    11711.00  0.144136E+01 0.121308E+01 0.117042E+04 0.188346E+07
    11811.00  0.458182E+02 0.108672E+02 0.110749E+04 0.173070E+07
    11911.00  0.134936E+03 0.516250E+02 0.996134E+03 0.151995E+07
    12011.00  0.244057E+03 0.109039E+03 0.850581E+03 0.126844E+07
    12111.00  0.349858E+03 0.168397E+03 0.687379E+03 0.996477E+06
    12211.00  0.433393E+03 0.216974E+03 0.522636E+03 0.726663E+06
    12311.00  0.482058E+03 0.245735E+03 0.369932E+03 0.481592E+06
    12411.00  0.490439E+03 0.250281E+03 0.239179E+03 0.280152E+06
    12511.00  0.460043E+03 0.231000E+03 0.136310E+03 0.133812E+06
    12611.00  0.398108E+03 0.192479E+03 0.635277E+02 0.445043E+05
    12711.00  0.315769E+03 0.142347E+03 0.198068E+02 0.509850E+04
    12811.00  0.225916E+03 0.897702E+02 0.146120E+01 0.228569E+04
    12911.00  0.141072E+03 0.438707E+02 0.277732E+01 0.206259E+05
    13011.00  0.715858E+02 0.122828E+02 0.167715E+02 0.462038E+05
    13111.00  0.243373E+02 0.623569E-01 0.361228E+02 0.688233E+05
    13211.00  0.208653E+01 0.906462E+01 0.542178E+02 0.825477E+05
    13311.00  0.347017E+01 0.378393E+02 0.661202E+02 0.851014E+05
    13411.00  0.235885E+02 0.820132E+02 0.692236E+02 0.768929E+05
    13511.00  0.550491E+02 0.135064E+03 0.634074E+02 0.602295E+05
    13611.00  0.892947E+02 0.189349E+03 0.506676E+02 0.389029E+05
    13711.00  0.118026E+03 0.237221E+03 0.343629E+02 0.179614E+05
    13811.00  0.134539E+03 0.272085E+03 0.183240E+02 0.331352E+04
    13911.00  0.134828E+03 0.289259E+03 0.606430E+01 0.866658E+03
    14011.00  0.118333E+03 0.286532E+03 0.242841E+00 0.151920E+05
    14111.00  0.882674E+02 0.264391E+03 0.240320E+01 0.480710E+05
    14211.00  0.515194E+02 0.225898E+03 0.129228E+02 0.975139E+05
    14311.00  0.181361E+02 0.176261E+03 0.310762E+02 0.157771E+06
    14411.00  0.471298E+00 0.122169E+03 0.551437E+02 0.220472E+06
    14511.00  0.120829E+02 0.709840E+02 0.825527E+02 0.276537E+06
    14611.00  0.664927E+02 0.298928E+02 0.110087E+03 0.318165E+06
    14711.00  0.175925E+03 0.511228E+01 0.134209E+03 0.340239E+06
    14811.00  0.350137E+03 0.122866E+01 0.151516E+03 0.340814E+06
    14911.00  0.595432E+03 0.207358E+02 0.159277E+03 0.320779E+06
    15011.00  0.913954E+03 0.638039E+02 0.155956E+03 0.283109E+06
    15111.00  0.130328E+04 0.128288E+03 0.141588E+03 0.232146E+06
    15211.00  0.175637E+04 0.209957E+03 0.117888E+03 0.173212E+06
    15311.00  0.226184E+04 0.302914E+03 0.880860E+02 0.112593E+06
    15411.00  0.280458E+04 0.400147E+03 0.565133E+02 0.577017E+05
    15511.00  0.336656E+04 0.494162E+03 0.280696E+02 0.170972E+05
    15611.00  0.392787E+04 0.577634E+03 0.770393E+01 0.693618E+02
    15711.00  0.446787E+04 0.644022E+03 0.645820E-06 0.156637E+05
    15811.00  0.496632E+04 0.688102E+03 0.890310E+01 0.712711E+05
    15911.00  0.540450E+04 0.706378E+03 0.375584E+02 0.171159E+06
    16011.00  0.576618E+04 0.697344E+03 0.881983E+02 0.315425E+06
    16111.00  0.603838E+04 0.661593E+03 0.162017E+03 0.499762E+06
    16211.00  0.621201E+04 0.601767E+03 0.259011E+03 0.716137E+06
    16311.00  0.628209E+04 0.522355E+03 0.377791E+03 0.954153E+06
    16411.00  0.624794E+04 0.429370E+03 0.515457E+03 0.120264E+07
    16511.00  0.611293E+04 0.329929E+03 0.667585E+03 0.145098E+07
    16611.00  0.588421E+04 0.231771E+03 0.828413E+03 0.168983E+07
    16711.00  0.557208E+04 0.142742E+03 0.991231E+03 0.191116E+07
    16811.00  0.518946E+04 0.702998E+02 0.114894E+04 0.210790E+07
    16911.00  0.475105E+04 0.210547E+02 0.129465E+04 0.227335E+07
    17011.00  0.427267E+04 0.378257E+00 0.142229E+04 0.240086E+07
    17111.00  0.377045E+04 0.121071E+02 0.152698E+04 0.248397E+07
    17211.00  0.326022E+04 0.583477E+02 0.160521E+04 0.251708E+07
    17311.00  0.275681E+04 0.139392E+03 0.165491E+04 0.249638E+07
    17411.00  0.227361E+04 0.253739E+03 0.167521E+04 0.242101E+07
    17511.00  0.182215E+04 0.398222E+03 0.166631E+04 0.229373E+07
    17611.00  0.141184E+04 0.568214E+03 0.162922E+04 0.212107E+07
    17711.00  0.104978E+04 0.757911E+03 0.156571E+04 0.191276E+07
    17811.00  0.740755E+03 0.960657E+03 0.147825E+04 0.168057E+07
    17911.00  0.487238E+03 0.116930E+04 0.137000E+04 0.143681E+07
    18011.00  0.289577E+03 0.137653E+04 0.124487E+04 0.119300E+07
    18111.00  0.146181E+03 0.157525E+04 0.110741E+04 0.958867E+06
    18211.00  0.537813E+02 0.175889E+04 0.962675E+03 0.741945E+06
    18311.00  0.773706E+01 0.192160E+04 0.815944E+03 0.547647E+06
    18411.00  0.235362E+01 0.205856E+04 0.672372E+03 0.379692E+06
    18511.00  0.312083E+02 0.216603E+04 0.536631E+03 0.240629E+06
    18611.00  0.874688E+02 0.224147E+04 0.412612E+03 0.132265E+06
    18711.00  0.164192E+03 0.228357E+04 0.303232E+03 0.558471E+05
    18811.00  0.254594E+03 0.229220E+04 0.210369E+03 0.119636E+05
    18911.00  0.352281E+03 0.226832E+04 0.134933E+03 0.253325E+03
    19011.00  0.451443E+03 0.221388E+04 0.770075E+02 0.190600E+05
    19111.00  0.547000E+03 0.213165E+04 0.360356E+02 0.652117E+05
    19311.00  0.711172E+03 0.189815E+04 0.531635E+00 0.219836E+06
    19511.00  0.821437E+03 0.160032E+04 0.167003E+02 0.417090E+06
    19711.00  0.868161E+03 0.127311E+04 0.693023E+02 0.611847E+06
    19911.00  0.853356E+03 0.949117E+03 0.140734E+03 0.775189E+06
    20111.00  0.787384E+03 0.655039E+03 0.213405E+03 0.894127E+06
    20311.00  0.685312E+03 0.409541E+03 0.273362E+03 0.962016E+06
    20511.00  0.563543E+03 0.222597E+03 0.312851E+03 0.972135E+06
    20711.00  0.437206E+03 0.960632E+02 0.330055E+03 0.920672E+06
    20911.00  0.318466E+03 0.251583E+02 0.326686E+03 0.814351E+06
    21111.00  0.215727E+03 0.448307E+00 0.305684E+03 0.672758E+06
    21311.00  0.133584E+03 0.998999E+01 0.270489E+03 0.521235E+06
    21511.00  0.732618E+02 0.413063E+02 0.225486E+03 0.380219E+06
    21711.00  0.333633E+02 0.829671E+02 0.176233E+03 0.259889E+06
    21911.00  0.107169E+02 0.125645E+03 0.128559E+03 0.162448E+06
    22111.00  0.120923E+01 0.162623E+03 0.870264E+02 0.876072E+05
    22311.00  0.511469E+00 0.189830E+03 0.539589E+02 0.358536E+05
    22511.00  0.464776E+01 0.205534E+03 0.296450E+02 0.752170E+04
    22711.00  0.103818E+02 0.209847E+03 0.132856E+02 0.401866E+02
    22911.00  0.154171E+02 0.204157E+03 0.381871E+01 0.722854E+04
    23111.00  0.184274E+02 0.190604E+03 0.155212E+00 0.217944E+05
    23311.00  0.189510E+02 0.171614E+03 0.986916E+00 0.384411E+05
    23511.00  0.171957E+02 0.149562E+03 0.466542E+01 0.547755E+05
    23711.00  0.138039E+02 0.126527E+03 0.945877E+01 0.699251E+05
    23911.00  0.962395E+01 0.104164E+03 0.140134E+02 0.826973E+05
    24111.00  0.552036E+01 0.836539E+02 0.176121E+02 0.909532E+05
    24311.00  0.223988E+01 0.657164E+02 0.200495E+02 0.926402E+05
    24511.00  0.335347E+00 0.506732E+02 0.213096E+02 0.874480E+05
    24711.00  0.138149E+00 0.385278E+02 0.213419E+02 0.773491E+05
    24911.00  0.176517E+01 0.290599E+02 0.200778E+02 0.654091E+05
    25111.00  0.514611E+01 0.219156E+02 0.176072E+02 0.540160E+05
    25311.00  0.100604E+02 0.166869E+02 0.143025E+02 0.440104E+05
    25511.00  0.161770E+02 0.129725E+02 0.107357E+02 0.350304E+05
    25711.00  0.230944E+02 0.104179E+02 0.744265E+01 0.264695E+05
    25911.00  0.303794E+02 0.873432E+01 0.473248E+01 0.182890E+05
    26111.00  0.376047E+02 0.770294E+01 0.267394E+01 0.111502E+05
    26311.00  0.443818E+02 0.716713E+01 0.121636E+01 0.583019E+04
    26511.00  0.503898E+02 0.702053E+01 0.319700E+00 0.255278E+04
    26711.00  0.553935E+02 0.719332E+01 0.315834E-03 0.892716E+03
    26911.00  0.592521E+02 0.763980E+01 0.278526E+00 0.198712E+03
         IE==>      8            9
        1.00  0.444085E+13 0.287938E+11
        2.00  0.472157E+13 0.598898E+11
        3.00  0.264153E+13 0.423122E+12
        4.00  0.810599E+12 0.828167E+12
        5.00  0.330797E+11 0.102071E+13
        6.00  0.206887E+12 0.956820E+12
        7.00  0.967878E+12 0.722074E+12
        8.00  0.196431E+13 0.434444E+12
        9.00  0.294007E+13 0.189075E+12
       10.00  0.374012E+13 0.396950E+11
       11.00  0.429071E+13 0.958561E+09
       12.00  0.457545E+13 0.595194E+11
       13.00  0.461424E+13 0.186652E+12
       14.00  0.444704E+13 0.348885E+12
       15.00  0.412232E+13 0.515400E+12
       16.00  0.368934E+13 0.662189E+12
       17.00  0.319346E+13 0.773608E+12
       18.00  0.267365E+13 0.842104E+12
       19.00  0.216150E+13 0.866873E+12
       20.00  0.168115E+13 0.852054E+12
       21.00  0.124980E+13 0.804872E+12
       22.00  0.878563E+12 0.733988E+12
       23.00  0.573418E+12 0.648205E+12
       24.00  0.336174E+12 0.555539E+12
       25.00  0.165395E+12 0.462671E+12
       26.00  0.572383E+11 0.374690E+12
       27.00  0.616812E+10 0.295078E+12
       28.00  0.556842E+10 0.225852E+12
       29.00  0.482370E+11 0.167802E+12
       30.00  0.126779E+12 0.120775E+12
       31.00  0.233906E+12 0.839510E+11
       32.00  0.362662E+12 0.561022E+11
       33.00  0.506578E+12 0.358033E+11
       34.00  0.659772E+12 0.215980E+11
       35.00  0.817013E+12 0.121149E+11
       36.00  0.973744E+12 0.614162E+10
       37.00  0.112608E+13 0.266115E+10
       38.00  0.127080E+13 0.861851E+09
       39.00  0.140529E+13 0.126653E+09
       40.00  0.152754E+13 0.101953E+08
       42.00  0.172976E+13 0.533531E+09
       44.00  0.187091E+13 0.117762E+10
       46.00  0.195036E+13 0.164423E+10
       48.00  0.197176E+13 0.202330E+10
       50.00  0.194166E+13 0.251390E+10
       52.00  0.186831E+13 0.334558E+10
       54.00  0.176069E+13 0.479141E+10
       56.00  0.162781E+13 0.718956E+10
       58.00  0.147820E+13 0.109313E+11
       60.00  0.131953E+13 0.164091E+11
       62.00  0.115842E+13 0.239426E+11
       64.00  0.100034E+13 0.337045E+11
       66.00  0.849588E+12 0.456708E+11
       68.00  0.709349E+12 0.596046E+11
       70.00  0.581785E+12 0.750760E+11
       72.00  0.468170E+12 0.915114E+11
       74.00  0.369018E+12 0.108260E+12
       76.00  0.284234E+12 0.124665E+12
       78.00  0.213242E+12 0.140126E+12
       80.00  0.155116E+12 0.154151E+12
       82.00  0.108690E+12 0.166381E+12
       84.00  0.726518E+11 0.176604E+12
       86.00  0.456273E+11 0.184748E+12
       88.00  0.262411E+11 0.190862E+12
       90.00  0.131677E+11 0.195088E+12
       92.00  0.516777E+10 0.197632E+12
       94.00  0.111294E+10 0.198738E+12
       96.00  0.820708E+06 0.198656E+12
       98.00  0.962253E+09 0.197631E+12
      100.00  0.326204E+10 0.195879E+12
      102.00  0.629491E+10 0.193583E+12
      104.00  0.957791E+10 0.190889E+12
      106.00  0.127404E+11 0.187899E+12
      108.00  0.155127E+11 0.184683E+12
      110.00  0.177135E+11 0.181273E+12
      112.00  0.192377E+11 0.177676E+12
      114.00  0.200436E+11 0.173877E+12
      116.00  0.201419E+11 0.169847E+12
      118.00  0.195838E+11 0.165550E+12
      122.00  0.168484E+11 0.156000E+12
      126.00  0.127058E+11 0.144992E+12
      130.00  0.813560E+10 0.132479E+12
      134.00  0.405116E+10 0.118661E+12
      138.00  0.118261E+10 0.103975E+12
      142.00  0.131381E+08 0.890239E+11
      146.00  0.759423E+09 0.744627E+11
      150.00  0.338684E+10 0.608925E+11
      154.00  0.764943E+10 0.487719E+11
      158.00  0.131450E+11 0.383720E+11
      162.00  0.193765E+11 0.297729E+11
      166.00  0.258125E+11 0.228952E+11
      170.00  0.319403E+11 0.175490E+11
      174.00  0.373094E+11 0.134871E+11
      178.00  0.415618E+11 0.104489E+11
      182.00  0.444499E+11 0.819254E+10
      186.00  0.458419E+11 0.651065E+10
      190.00  0.457179E+11 0.523678E+10
      194.00  0.441580E+11 0.424382E+10
      198.00  0.413256E+11 0.343954E+10
      202.00  0.374473E+11 0.276117E+10
      206.00  0.327929E+11 0.217017E+10
      210.00  0.276553E+11 0.164718E+10
      214.00  0.223323E+11 0.118694E+10
      218.00  0.171114E+11 0.793154E+09
      222.00  0.122563E+11 0.473393E+09
      226.00  0.799690E+10 0.234680E+09
      230.00  0.452247E+10 0.802360E+08
      234.00  0.197641E+10 0.778085E+07
      238.00  0.454322E+09 0.946013E+07
      242.00  0.369549E+07 0.731031E+08
      246.00  0.625681E+09 0.184301E+09
      250.00  0.227838E+10 0.328709E+09
      254.00  0.488150E+10 0.494050E+09
      258.00  0.832212E+10 0.671492E+09
      262.00  0.124612E+11 0.856289E+09
      266.00  0.171406E+11 0.104775E+10
      270.00  0.221903E+11 0.124874E+10
      274.00  0.274357E+11 0.146491E+10
      282.00  0.378311E+11 0.197396E+10
      290.00  0.470742E+11 0.264212E+10
      298.00  0.541892E+11 0.352409E+10
      306.00  0.585634E+11 0.463236E+10
      314.00  0.599672E+11 0.591252E+10
      322.00  0.585174E+11 0.723727E+10
      330.00  0.546019E+11 0.842962E+10
      338.00  0.487879E+11 0.931092E+10
      346.00  0.417294E+11 0.975383E+10
      354.00  0.340865E+11 0.971688E+10
      362.00  0.264629E+11 0.924744E+10
      370.00  0.193624E+11 0.845620E+10
      378.00  0.131642E+11 0.747802E+10
      386.00  0.811299E+10 0.643624E+10
      394.00  0.432260E+10 0.542118E+10
      402.00  0.178824E+10 0.448465E+10
      410.00  0.406508E+09 0.364648E+10
      418.00  0.536155E+05 0.290638E+10
      426.00  0.344732E+09 0.225603E+10
      434.00  0.119669E+10 0.168794E+10
      442.00  0.231705E+10 0.120000E+10
      450.00  0.349215E+10 0.795299E+09
      458.00  0.454810E+10 0.478638E+09
      466.00  0.535909E+10 0.251443E+09
      474.00  0.584962E+10 0.107603E+09
      482.00  0.599170E+10 0.322165E+08
      490.00  0.579833E+10 0.396747E+07
      498.00  0.531470E+10 0.259768E+06
      506.00  0.460852E+10 0.303068E+07
      514.00  0.376056E+10 0.291654E+07
      522.00  0.285609E+10 0.258490E+06
      530.00  0.197772E+10 0.282631E+07
      538.00  0.119966E+10 0.214370E+08
      546.00  0.583531E+09 0.652917E+08
      554.00  0.175449E+09 0.138672E+09
      562.00  0.445175E+07 0.239847E+09
      570.00  0.819810E+08 0.362088E+09
      578.00  0.402429E+09 0.495980E+09
      586.00  0.944616E+09 0.631977E+09
      596.00  0.188065E+10 0.793417E+09
      606.00  0.301952E+10 0.937175E+09
      616.00  0.425759E+10 0.106009E+10
      626.00  0.548761E+10 0.116215E+10
      636.00  0.660902E+10 0.124334E+10
      646.00  0.753657E+10 0.130129E+10
      656.00  0.820637E+10 0.133067E+10
      666.00  0.857914E+10 0.132428E+10
      676.00  0.864079E+10 0.127554E+10
      686.00  0.840071E+10 0.118157E+10
      696.00  0.788852E+10 0.104565E+10
      706.00  0.714982E+10 0.878034E+09
      716.00  0.624155E+10 0.694592E+09
      726.00  0.522733E+10 0.513532E+09
      736.00  0.417300E+10 0.351377E+09
      746.00  0.314257E+10 0.219568E+09
      756.00  0.219451E+10 0.122784E+09
      766.00  0.137865E+10 0.593167E+08
      776.00  0.733672E+09 0.230161E+08
      786.00  0.285229E+09 0.588453E+07
      796.00  0.450263E+08 0.342979E+06
      806.00  0.107675E+08 0.598645E+06
      816.00  0.167087E+09 0.302071E+07
      826.00  0.487356E+09 0.580868E+07
      836.00  0.936207E+09 0.836547E+07
      846.00  0.147253E+10 0.107019E+08
      856.00  0.205264E+10 0.130208E+08
      866.00  0.263339E+10 0.154817E+08
      876.00  0.317492E+10 0.180850E+08
      886.00  0.364285E+10 0.206331E+08
      896.00  0.400995E+10 0.227602E+08
      906.00  0.425712E+10 0.240306E+08
      916.00  0.437373E+10 0.240882E+08
      926.00  0.435754E+10 0.228003E+08
      936.00  0.421411E+10 0.203302E+08
      946.00  0.395587E+10 0.171018E+08
      956.00  0.360103E+10 0.136670E+08
      966.00  0.317217E+10 0.105384E+08
      976.00  0.269479E+10 0.806336E+07
      986.00  0.219582E+10 0.638812E+07
      996.00  0.170204E+10 0.551194E+07
     1006.00  0.123868E+10 0.538201E+07
     1016.00  0.828026E+09 0.596361E+07
     1026.00  0.488362E+09 0.724011E+07
     1036.00  0.233101E+09 0.914347E+07
     1046.00  0.702790E+08 0.114605E+08
     1056.00  0.238614E+07 0.137809E+08
     1066.00  0.265568E+08 0.155369E+08
     1076.00  0.135074E+09 0.161433E+08
     1086.00  0.316140E+09 0.151953E+08
     1096.00  0.554832E+09 0.126516E+08
     1106.00  0.834170E+09 0.892755E+07
     1116.00  0.113620E+10 0.485666E+07
     1126.00  0.144302E+10 0.152274E+07
     1136.00  0.173773E+10 0.146163E+05
     1146.00  0.200517E+10 0.117739E+07
     1156.00  0.223252E+10 0.543224E+07
     1166.00  0.240976E+10 0.127094E+08
     1176.00  0.252985E+10 0.225003E+08
     1186.00  0.258885E+10 0.339990E+08
     1196.00  0.258588E+10 0.462833E+08
     1206.00  0.252293E+10 0.584824E+08
     1216.00  0.240459E+10 0.698948E+08
     1226.00  0.223770E+10 0.800386E+08
     1236.00  0.203093E+10 0.886383E+08
     1246.00  0.179431E+10 0.955693E+08
     1256.00  0.153874E+10 0.100781E+09
     1266.00  0.127546E+10 0.104226E+09
     1276.00  0.101557E+10 0.105804E+09
     1286.00  0.769530E+09 0.105347E+09
     1296.00  0.546757E+09 0.102631E+09
     1306.00  0.355247E+09 0.974341E+08
     1316.00  0.201318E+09 0.896165E+08
     1326.00  0.894334E+08 0.792211E+08
     1336.00  0.221218E+08 0.665667E+08
     1346.00  0.549727E+03 0.523133E+08
     1356.00  0.218814E+08 0.374748E+08
     1366.00  0.849506E+08 0.233639E+08
     1376.00  0.185004E+09 0.114672E+08
     1386.00  0.316721E+09 0.326366E+07
     1396.00  0.473947E+09 0.166649E+05
     1406.00  0.649995E+09 0.257670E+07
     1416.00  0.837911E+09 0.112341E+08
     1426.00  0.103074E+10 0.256515E+08
     1436.00  0.122174E+10 0.448906E+08
     1446.00  0.140459E+10 0.675277E+08
     1456.00  0.157354E+10 0.918359E+08
     1466.00  0.172355E+10 0.115999E+09
     1476.00  0.185037E+10 0.138322E+09
     1486.00  0.195065E+10 0.157400E+09
     1496.00  0.202195E+10 0.172229E+09
     1506.00  0.206279E+10 0.182247E+09
     1516.00  0.207263E+10 0.187314E+09
     1526.00  0.205188E+10 0.187641E+09
     1536.00  0.200180E+10 0.183694E+09
     1546.00  0.192448E+10 0.176094E+09
     1556.00  0.182273E+10 0.165522E+09
     1566.00  0.169995E+10 0.152652E+09
     1576.00  0.156005E+10 0.138105E+09
     1586.00  0.140727E+10 0.122436E+09
     1596.00  0.124604E+10 0.106134E+09
     1606.00  0.108087E+10 0.896407E+08
     1616.00  0.916167E+09 0.733746E+08
     1626.00  0.756134E+09 0.577511E+08
     1636.00  0.604646E+09 0.431954E+08
     1646.00  0.465153E+09 0.301414E+08
     1656.00  0.340613E+09 0.190160E+08
     1666.00  0.233426E+09 0.102080E+08
     1676.00  0.145412E+09 0.402726E+07
     1686.00  0.777895E+08 0.661082E+06
     1696.00  0.311806E+08 0.134553E+06
     1706.00  0.562918E+07 0.228525E+07
     1716.00  0.629726E+06 0.675837E+07
     1726.00  0.151675E+08 0.130261E+08
     1736.00  0.477659E+08 0.204311E+08
     1746.00  0.965405E+08 0.282482E+08
     1756.00  0.159258E+09 0.357573E+08
     1766.00  0.233400E+09 0.423148E+08
     1776.00  0.316231E+09 0.474151E+08
     1786.00  0.404869E+09 0.507315E+08
     1796.00  0.496360E+09 0.521333E+08
     1806.00  0.587750E+09 0.516767E+08
     1816.00  0.676169E+09 0.495752E+08
     1826.00  0.758897E+09 0.461535E+08
     1836.00  0.833443E+09 0.417958E+08
     1846.00  0.897604E+09 0.368953E+08
     1856.00  0.949533E+09 0.318121E+08
     1866.00  0.987776E+09 0.268441E+08
     1876.00  0.101132E+10 0.222113E+08
     1886.00  0.101960E+10 0.180541E+08
     1896.00  0.101253E+10 0.144406E+08
     1906.00  0.990479E+09 0.113813E+08
     1916.00  0.954245E+09 0.884546E+07
     1926.00  0.905042E+09 0.677754E+07
     1936.00  0.844435E+09 0.511120E+07
     1946.00  0.774296E+09 0.377953E+07
     1956.00  0.696736E+09 0.272201E+07
     1966.00  0.614041E+09 0.188814E+07
     1976.00  0.528605E+09 0.123871E+07
     1986.00  0.442858E+09 0.745150E+06
     1996.00  0.359204E+09 0.387567E+06
     2006.00  0.279957E+09 0.152024E+06
     2016.00  0.207285E+09 0.274042E+05
     2026.00  0.143162E+09 0.240281E+04
     2036.00  0.893203E+08 0.631078E+05
     2046.00  0.472161E+08 0.191618E+06
     2056.00  0.180015E+08 0.365996E+06
     2066.00  0.250147E+07 0.561603E+06
     2076.00  0.120091E+07 0.753555E+06
     2086.00  0.142380E+08 0.919768E+06
     2096.00  0.414058E+08 0.104388E+07
     2106.00  0.821613E+08 0.111736E+07
     2116.00  0.135642E+09 0.114025E+07
     2126.00  0.200689E+09 0.112046E+07
     2136.00  0.275879E+09 0.107173E+07
     2146.00  0.359561E+09 0.101109E+07
     2156.00  0.449898E+09 0.956307E+06
     2166.00  0.544916E+09 0.924567E+06
     2176.00  0.642551E+09 0.932567E+06
     2186.00  0.740706E+09 0.998461E+06
     2196.00  0.837300E+09 0.114515E+07
     2206.00  0.930319E+09 0.140415E+07
     2216.00  0.101786E+10 0.181885E+07
     2226.00  0.109820E+10 0.244604E+07
     2236.00  0.116978E+10 0.335464E+07
     2246.00  0.123130E+10 0.462131E+07
     2256.00  0.128169E+10 0.632283E+07
     2266.00  0.132015E+10 0.852630E+07
     2276.00  0.134617E+10 0.112784E+08
     2286.00  0.135949E+10 0.145951E+08
     2296.00  0.136014E+10 0.184542E+08
     2306.00  0.134839E+10 0.227909E+08
     2316.00  0.132473E+10 0.274985E+08
     2326.00  0.128988E+10 0.324335E+08
     2336.00  0.124474E+10 0.374250E+08
     2346.00  0.119036E+10 0.422869E+08
     2356.00  0.112792E+10 0.468317E+08
     2366.00  0.105869E+10 0.508844E+08
     2376.00  0.983998E+09 0.542943E+08
     2386.00  0.905226E+09 0.569438E+08
     2396.00  0.823751E+09 0.587541E+08
     2406.00  0.740937E+09 0.596867E+08
     2416.00  0.658107E+09 0.597410E+08
     2426.00  0.576519E+09 0.589504E+08
     2436.00  0.497353E+09 0.573747E+08
     2446.00  0.421687E+09 0.550936E+08
     2456.00  0.350489E+09 0.521990E+08
     2466.00  0.284599E+09 0.487887E+08
     2476.00  0.224724E+09 0.449617E+08
     2486.00  0.171431E+09 0.408154E+08
     2496.00  0.125139E+09 0.364434E+08
     2506.00  0.861233E+08 0.319367E+08
     2516.00  0.545143E+08 0.273841E+08
     2526.00  0.303018E+08 0.228749E+08
     2536.00  0.133426E+08 0.185006E+08
     2546.00  0.336976E+07 0.143566E+08
     2556.00  0.375547E+04 0.105429E+08
     2566.00  0.276602E+07 0.716349E+07
     2576.00  0.110935E+08 0.432392E+07
     2586.00  0.243544E+08 0.212713E+07
     2596.00  0.418643E+08 0.667859E+06
     2606.00  0.629024E+08 0.256572E+05
     2616.00  0.867278E+08 0.257286E+06
     2626.00  0.112594E+09 0.138927E+07
     2636.00  0.139765E+09 0.341142E+07
     2646.00  0.167526E+09 0.627228E+07
     2656.00  0.195195E+09 0.987721E+07
     2666.00  0.222135E+09 0.140897E+08
     2676.00  0.247759E+09 0.187360E+08
     2686.00  0.271538E+09 0.236134E+08
     2696.00  0.293008E+09 0.285012E+08
     2706.00  0.311769E+09 0.331733E+08
     2716.00  0.327491E+09 0.374124E+08
     2726.00  0.339916E+09 0.410230E+08
     2736.00  0.348852E+09 0.438439E+08
     2746.00  0.354181E+09 0.457573E+08
     2756.00  0.355852E+09 0.466948E+08
     2766.00  0.353880E+09 0.466396E+08
     2776.00  0.348345E+09 0.456253E+08
     2786.00  0.339390E+09 0.437304E+08
     2796.00  0.327214E+09 0.410707E+08
     2806.00  0.312072E+09 0.377898E+08
     2816.00  0.294270E+09 0.340480E+08
     2826.00  0.274156E+09 0.300120E+08
     2836.00  0.252123E+09 0.258451E+08
     2846.00  0.228595E+09 0.216988E+08
     2856.00  0.204026E+09 0.177071E+08
     2866.00  0.178891E+09 0.139822E+08
     2876.00  0.153679E+09 0.106127E+08
     2886.00  0.128885E+09 0.766368E+07
     2896.00  0.105005E+09 0.517803E+07
     2906.00  0.825256E+08 0.317922E+07
     2916.00  0.619162E+08 0.167435E+07
     2926.00  0.436239E+08 0.657451E+06
     2936.00  0.280647E+08 0.112654E+06
     2946.00  0.156176E+08 0.169052E+05
     2956.00  0.661910E+07 0.342063E+06
     2966.00  0.135782E+07 0.105635E+07
     2976.00  0.704747E+05 0.212516E+07
     2986.00  0.293865E+07 0.351127E+07
     2996.00  0.100864E+08 0.517468E+07
     3006.00  0.215790E+08 0.707217E+07
     3016.00  0.374219E+08 0.915678E+07
     3026.00  0.575617E+08 0.113775E+08
     3036.00  0.818868E+08 0.136792E+08
     3046.00  0.110229E+09 0.160030E+08
     3056.00  0.142367E+09 0.182873E+08
     3066.00  0.178027E+09 0.204692E+08
     3076.00  0.216888E+09 0.224868E+08
     3086.00  0.258588E+09 0.242811E+08
     3096.00  0.302723E+09 0.257996E+08
     3106.00  0.348855E+09 0.269982E+08
     3116.00  0.396518E+09 0.278441E+08
     3126.00  0.445220E+09 0.283178E+08
     3136.00  0.494451E+09 0.284141E+08
     3146.00  0.543691E+09 0.281428E+08
     3156.00  0.592410E+09 0.275279E+08
     3166.00  0.640082E+09 0.266062E+08
     3176.00  0.686184E+09 0.254251E+08
     3186.00  0.730209E+09 0.240392E+08
     3196.00  0.771670E+09 0.225076E+08
     3206.00  0.810106E+09 0.208898E+08
     3216.00  0.845088E+09 0.192430E+08
     3226.00  0.876227E+09 0.176193E+08
     3236.00  0.903180E+09 0.160633E+08
     3246.00  0.925652E+09 0.146111E+08
     3256.00  0.943401E+09 0.132901E+08
     3266.00  0.956246E+09 0.121185E+08
     3276.00  0.964062E+09 0.111068E+08
     3286.00  0.966788E+09 0.102590E+08
     3296.00  0.964426E+09 0.957378E+07
     3306.00  0.957038E+09 0.904613E+07
     3316.00  0.944746E+09 0.866875E+07
     3326.00  0.927732E+09 0.843297E+07
     3336.00  0.906229E+09 0.832944E+07
     3346.00  0.880521E+09 0.834841E+07
     3356.00  0.850939E+09 0.847975E+07
     3366.00  0.817848E+09 0.871274E+07
     3376.00  0.781649E+09 0.903574E+07
     3386.00  0.742768E+09 0.943588E+07
     3396.00  0.701650E+09 0.989889E+07
     3406.00  0.658754E+09 0.104090E+08
     3416.00  0.614541E+09 0.109492E+08
     3426.00  0.569476E+09 0.115017E+08
     3436.00  0.524013E+09 0.120482E+08
     3446.00  0.478597E+09 0.125708E+08
     3456.00  0.433652E+09 0.130528E+08
     3466.00  0.389582E+09 0.134789E+08
     3476.00  0.346761E+09 0.138363E+08
     3486.00  0.305537E+09 0.141145E+08
     3496.00  0.266219E+09 0.143060E+08
     3506.00  0.229086E+09 0.144058E+08
     3516.00  0.194374E+09 0.144115E+08
     3526.00  0.162283E+09 0.143232E+08
     3536.00  0.132972E+09 0.141423E+08
     3546.00  0.106559E+09 0.138718E+08
     3556.00  0.831243E+08 0.135154E+08
     3566.00  0.627061E+08 0.130776E+08
     3576.00  0.453059E+08 0.125627E+08
     3586.00  0.308884E+08 0.119754E+08
     3596.00  0.193831E+08 0.113200E+08
     3606.00  0.106874E+08 0.106014E+08
     3616.00  0.466869E+07 0.982467E+07
     3626.00  0.116758E+07 0.899584E+07
     3636.00  0.100806E+04 0.812217E+07
     3646.00  0.965740E+06 0.721272E+07
     3656.00  0.384195E+07 0.627887E+07
     3666.00  0.839700E+07 0.533470E+07
     3676.00  0.143892E+08 0.439734E+07
     3686.00  0.215717E+08 0.348700E+07
     3696.00  0.296961E+08 0.262691E+07
     3706.00  0.385163E+08 0.184287E+07
     3716.00  0.477918E+08 0.116251E+07
     3726.00  0.572909E+08 0.614288E+06
     3736.00  0.667936E+08 0.226176E+06
     3746.00  0.760946E+08 0.241450E+05
     3756.00  0.850050E+08 0.305139E+05
     3766.00  0.933545E+08 0.262277E+06
     3776.00  0.100993E+09 0.729531E+06
     3786.00  0.107790E+09 0.143413E+07
     3796.00  0.113639E+09 0.236871E+07
     3806.00  0.118455E+09 0.351614E+07
     3816.00  0.122173E+09 0.484954E+07
     3826.00  0.124752E+09 0.633289E+07
     3836.00  0.126170E+09 0.792215E+07
     3846.00  0.126427E+09 0.956700E+07
     3856.00  0.125540E+09 0.112129E+08
     3866.00  0.123545E+09 0.128036E+08
     3876.00  0.120494E+09 0.142838E+08
     3886.00  0.116454E+09 0.156013E+08
     3896.00  0.111505E+09 0.167102E+08
     3906.00  0.105739E+09 0.175721E+08
     3916.00  0.992589E+08 0.181587E+08
     3926.00  0.921751E+08 0.184518E+08
     3936.00  0.846063E+08 0.184449E+08
     3946.00  0.766770E+08 0.181424E+08
     3956.00  0.685161E+08 0.175592E+08
     3966.00  0.602555E+08 0.167199E+08
     3976.00  0.520291E+08 0.156568E+08
     3986.00  0.439715E+08 0.144085E+08
     3996.00  0.362166E+08 0.130179E+08
     4006.00  0.288964E+08 0.115305E+08
     4016.00  0.221401E+08 0.999235E+07
     4026.00  0.160729E+08 0.844848E+07
     4036.00  0.108147E+08 0.694173E+07
     4046.00  0.647957E+07 0.551150E+07
     4056.00  0.317428E+07 0.419302E+07
     4066.00  0.997628E+06 0.301689E+07
     4076.00  0.395188E+05 0.200885E+07
     4086.00  0.380178E+06 0.118978E+07
     4096.00  0.208943E+07 0.575924E+06
     4106.00  0.522609E+07 0.179135E+06
     4116.00  0.983741E+07 0.725888E+04
     4126.00  0.159587E+08 0.644999E+05
     4136.00  0.236130E+08 0.351758E+06
     4146.00  0.328109E+08 0.866911E+06
     4156.00  0.435504E+08 0.160501E+07
     4166.00  0.558170E+08 0.255842E+07
     4176.00  0.695841E+08 0.371679E+07
     4186.00  0.848126E+08 0.506709E+07
     4196.00  0.101452E+09 0.659347E+07
     4206.00  0.119441E+09 0.827719E+07
     4216.00  0.138706E+09 0.100965E+08
     4226.00  0.159164E+09 0.120268E+08
     4236.00  0.180724E+09 0.140402E+08
     4246.00  0.203285E+09 0.161065E+08
     4256.00  0.226736E+09 0.181927E+08
     4266.00  0.250961E+09 0.202640E+08
     4276.00  0.275837E+09 0.222844E+08
     4286.00  0.301235E+09 0.242173E+08
     4296.00  0.327021E+09 0.260266E+08
     4306.00  0.353056E+09 0.276779E+08
     4316.00  0.379197E+09 0.291391E+08
     4326.00  0.405301E+09 0.303820E+08
     4336.00  0.431221E+09 0.313831E+08
     4346.00  0.456809E+09 0.321243E+08
     4356.00  0.481917E+09 0.325940E+08
     4366.00  0.506399E+09 0.327871E+08
     4376.00  0.530108E+09 0.327056E+08
     4386.00  0.552901E+09 0.323584E+08
     4396.00  0.574640E+09 0.317607E+08
     4406.00  0.595189E+09 0.309336E+08
     4416.00  0.614418E+09 0.299031E+08
     4426.00  0.632206E+09 0.286990E+08
     4436.00  0.648436E+09 0.273539E+08
     4446.00  0.663001E+09 0.259017E+08
     4456.00  0.675806E+09 0.243764E+08
     4466.00  0.686763E+09 0.228110E+08
     4476.00  0.695797E+09 0.212366E+08
     4486.00  0.702846E+09 0.196812E+08
     4511.00  0.711493E+09 0.160270E+08
     4536.00  0.707073E+09 0.129062E+08
     4561.00  0.689767E+09 0.104376E+08
     4586.00  0.660330E+09 0.861858E+07
     4611.00  0.620047E+09 0.737337E+07
     4636.00  0.570660E+09 0.659604E+07
     4661.00  0.514253E+09 0.617877E+07
     4686.00  0.453131E+09 0.602431E+07
     4711.00  0.389679E+09 0.604891E+07
     4736.00  0.326235E+09 0.618215E+07
     4761.00  0.264967E+09 0.636683E+07
     4786.00  0.207779E+09 0.655878E+07
     4811.00  0.156234E+09 0.672512E+07
     4836.00  0.111501E+09 0.683990E+07
     4861.00  0.743312E+08 0.687797E+07
     4886.00  0.450506E+08 0.680929E+07
     4911.00  0.235796E+08 0.659656E+07
     4936.00  0.946860E+07 0.619865E+07
     4961.00  0.195370E+07 0.558136E+07
     4986.00  0.263314E+05 0.473428E+07
     5011.00  0.251391E+07 0.368975E+07
     5036.00  0.816527E+07 0.253670E+07
     5061.00  0.157347E+08 0.142123E+07
     5086.00  0.240581E+08 0.528262E+06
     5111.00  0.321159E+08 0.446242E+05
     5136.00  0.390783E+08 0.111451E+06
     5161.00  0.443322E+08 0.780064E+06
     5186.00  0.474897E+08 0.198646E+07
     5211.00  0.483803E+08 0.355467E+07
     5236.00  0.470325E+08 0.523004E+07
     5261.00  0.436467E+08 0.673311E+07
     5286.00  0.385645E+08 0.781860E+07
     5311.00  0.322376E+08 0.832290E+07
     5336.00  0.251972E+08 0.818889E+07
     5361.00  0.180256E+08 0.746510E+07
     5386.00  0.113300E+08 0.628417E+07
     5411.00  0.571776E+07 0.483043E+07
     5436.00  0.177392E+07 0.330691E+07
     5461.00  0.396050E+05 0.190920E+07
     5511.00  0.503108E+07 0.146154E+06
     5561.00  0.234749E+08 0.514613E+06
     5611.00  0.565211E+08 0.337396E+07
     5661.00  0.103546E+09 0.829466E+07
     5711.00  0.162204E+09 0.139416E+08
     5761.00  0.228589E+09 0.184213E+08
     5811.00  0.297467E+09 0.201925E+08
     5861.00  0.362628E+09 0.189478E+08
     5911.00  0.417478E+09 0.156893E+08
     5961.00  0.455901E+09 0.119427E+08
     6011.00  0.473267E+09 0.885109E+07
     6061.00  0.467313E+09 0.683432E+07
     6111.00  0.438616E+09 0.580143E+07
     6161.00  0.390502E+09 0.548721E+07
     6211.00  0.328455E+09 0.563922E+07
     6261.00  0.259204E+09 0.606570E+07
     6311.00  0.189721E+09 0.662036E+07
     6361.00  0.126299E+09 0.714816E+07
     6411.00  0.737984E+08 0.741568E+07
     6461.00  0.351548E+08 0.710136E+07
     6511.00  0.112035E+08 0.593357E+07
     6561.00  0.859628E+06 0.396101E+07
     6611.00  0.159736E+07 0.174919E+07
     6661.00  0.100938E+08 0.231524E+06
     6711.00  0.228627E+08 0.192585E+06
     6761.00  0.367387E+08 0.174161E+07
     6811.00  0.491597E+08 0.421196E+07
     6861.00  0.582771E+08 0.656169E+07
     6911.00  0.629653E+08 0.793291E+07
     6961.00  0.627888E+08 0.797629E+07
     7011.00  0.579543E+08 0.683355E+07
     7061.00  0.492429E+08 0.494112E+07
     7111.00  0.379110E+08 0.284693E+07
     7161.00  0.255595E+08 0.109519E+07
     7211.00  0.139824E+08 0.121831E+06
     7261.00  0.500966E+07 0.117728E+06
     7311.00  0.343898E+06 0.919438E+06
     7361.00  0.138517E+07 0.204959E+07
     7411.00  0.903934E+07 0.294819E+07
     7511.00  0.442590E+08 0.300189E+07
     7611.00  0.978961E+08 0.183093E+07
     7711.00  0.151192E+09 0.123122E+07
     7811.00  0.183687E+09 0.155285E+07
     7911.00  0.183351E+09 0.282380E+07
     8011.00  0.151414E+09 0.498416E+07
     8111.00  0.100664E+09 0.720609E+07
     8211.00  0.491113E+08 0.737306E+07
     8311.00  0.125337E+08 0.418181E+07
     8411.00  0.100184E+05 0.528275E+06
     8511.00  0.137574E+08 0.657079E+06
     8611.00  0.507085E+08 0.431390E+07
     8711.00  0.103461E+09 0.796726E+07
     8811.00  0.161037E+09 0.925803E+07
     8911.00  0.210692E+09 0.801822E+07
     9011.00  0.240729E+09 0.552715E+07
     9111.00  0.243625E+09 0.350445E+07
     9211.00  0.218760E+09 0.282693E+07
     9311.00  0.173258E+09 0.346881E+07
     9411.00  0.119423E+09 0.487910E+07
     9511.00  0.697046E+08 0.573401E+07
     9611.00  0.323749E+08 0.491094E+07
     9711.00  0.100929E+08 0.277505E+07
     9811.00  0.963163E+06 0.713994E+06
     9911.00  0.612401E+06 0.108382E+05
    10011.00  0.422122E+07 0.952893E+06
    10111.00  0.791684E+07 0.228226E+07
    10211.00  0.932303E+07 0.230392E+07
    10311.00  0.762003E+07 0.104440E+07
    10411.00  0.367114E+07 0.663540E+05
    10511.00  0.267685E+06 0.241002E+06
    10611.00  0.195351E+07 0.109676E+07
    10711.00  0.139964E+08 0.187811E+07
    10811.00  0.407167E+08 0.222566E+07
    10911.00  0.837898E+08 0.219026E+07
    11011.00  0.141147E+09 0.212976E+07
    11111.00  0.207025E+09 0.256875E+07
    11211.00  0.273429E+09 0.416225E+07
    11311.00  0.332447E+09 0.757640E+07
    11411.00  0.378159E+09 0.126774E+08
    11511.00  0.407244E+09 0.178916E+08
    11611.00  0.418506E+09 0.211238E+08
    11711.00  0.412156E+09 0.212456E+08
    11811.00  0.389395E+09 0.184799E+08
    11911.00  0.352279E+09 0.139405E+08
    12011.00  0.303694E+09 0.914626E+07
    12111.00  0.247408E+09 0.542701E+07
    12211.00  0.188121E+09 0.329226E+07
    12311.00  0.131181E+09 0.244828E+07
    12411.00  0.817325E+08 0.235001E+07
    12511.00  0.435228E+08 0.246689E+07
    12611.00  0.180266E+08 0.231285E+07
    12711.00  0.438043E+07 0.167789E+07
    12811.00  0.475452E+05 0.786075E+06
    12911.00  0.176844E+07 0.112618E+06
    13011.00  0.640236E+07 0.849330E+05
    13111.00  0.114762E+08 0.807465E+06
    13211.00  0.153950E+08 0.184844E+07
    13311.00  0.173577E+08 0.241500E+07
    13411.00  0.171247E+08 0.204450E+07
    13511.00  0.148300E+08 0.108371E+07
    13611.00  0.109435E+08 0.274492E+06
    13711.00  0.632623E+07 0.810750E+03
    13811.00  0.222222E+07 0.118250E+06
    13911.00  0.737339E+05 0.310461E+06
    14011.00  0.118171E+07 0.385889E+06
    14111.00  0.632654E+07 0.325071E+06
    14211.00  0.154755E+08 0.212585E+06
    14311.00  0.276818E+08 0.142640E+06
    14411.00  0.412513E+08 0.170755E+06
    14511.00  0.541636E+08 0.394480E+06
    14611.00  0.645933E+08 0.101989E+07
    14711.00  0.712963E+08 0.216201E+07
    14811.00  0.737168E+08 0.355240E+07
    14911.00  0.718619E+08 0.460768E+07
    15011.00  0.661097E+08 0.484359E+07
    15111.00  0.570825E+08 0.417616E+07
    15211.00  0.456180E+08 0.289909E+07
    15311.00  0.328001E+08 0.150073E+07
    15411.00  0.200101E+08 0.458219E+06
    15511.00  0.896485E+07 0.204874E+05
    15611.00  0.168866E+07 0.847397E+05
    15711.00  0.345202E+06 0.329101E+06
    15811.00  0.690393E+07 0.507610E+06
    15911.00  0.227232E+08 0.598679E+06
    16011.00  0.482240E+08 0.723067E+06
    16111.00  0.828009E+08 0.104104E+07
    16211.00  0.124988E+09 0.174596E+07
    16311.00  0.172773E+09 0.306392E+07
    16411.00  0.223931E+09 0.519029E+07
    16511.00  0.276293E+09 0.818609E+07
    16611.00  0.327923E+09 0.118548E+08
    16711.00  0.377165E+09 0.156472E+08
    16811.00  0.422571E+09 0.187369E+08
    16911.00  0.462716E+09 0.203668E+08
    17011.00  0.496033E+09 0.202855E+08
    17111.00  0.520792E+09 0.188976E+08
    17211.00  0.535273E+09 0.169804E+08
    17311.00  0.538113E+09 0.152401E+08
    17411.00  0.528656E+09 0.140604E+08
    17511.00  0.507171E+09 0.135148E+08
    17611.00  0.474865E+09 0.134932E+08
    17711.00  0.433722E+09 0.137997E+08
    17811.00  0.386241E+09 0.141773E+08
    17911.00  0.335126E+09 0.142919E+08
    18011.00  0.282985E+09 0.137618E+08
    18111.00  0.232066E+09 0.123002E+08
    18211.00  0.184110E+09 0.992370E+07
    18311.00  0.140338E+09 0.704234E+07
    18411.00  0.101569E+09 0.428563E+07
    18511.00  0.683941E+08 0.216736E+07
    18611.00  0.413164E+08 0.860879E+06
    18711.00  0.207936E+08 0.231290E+06
    18811.00  0.718724E+07 0.211225E+05
    18911.00  0.656642E+06 0.785870E+04
    19011.00  0.105532E+07 0.596963E+05
    19111.00  0.786716E+07 0.124281E+06
    19311.00  0.368570E+08 0.335349E+06
    19511.00  0.775541E+08 0.113474E+07
    19711.00  0.119645E+09 0.344703E+07
    19911.00  0.156601E+09 0.681125E+07
    20111.00  0.185545E+09 0.877500E+07
    20311.00  0.204552E+09 0.825306E+07
    20511.00  0.211355E+09 0.642845E+07
    20711.00  0.204222E+09 0.494157E+07
    20911.00  0.183796E+09 0.471453E+07
    21111.00  0.154194E+09 0.554995E+07
    21311.00  0.121488E+09 0.608756E+07
    21511.00  0.905909E+08 0.505244E+07
    21711.00  0.637748E+08 0.295241E+07
    21911.00  0.414860E+08 0.115406E+07
    22111.00  0.237060E+08 0.303623E+06
    22311.00  0.107123E+08 0.109642E+06
    22511.00  0.292293E+07 0.145757E+06
    22711.00  0.779733E+05 0.192143E+06
    22911.00  0.866337E+06 0.712515E+05
    23111.00  0.358763E+07 0.176396E+05
    23311.00  0.699739E+07 0.360635E+06
    23511.00  0.105361E+08 0.894992E+06
    23711.00  0.140279E+08 0.103955E+07
    23911.00  0.172132E+08 0.675424E+06
    24111.00  0.195085E+08 0.308746E+06
    24311.00  0.202855E+08 0.208805E+06
    24511.00  0.193973E+08 0.342448E+06
    24711.00  0.173154E+08 0.681657E+06
    24911.00  0.147771E+08 0.103151E+07
    25111.00  0.123605E+08 0.103726E+07
    25311.00  0.102721E+08 0.616462E+06
    25511.00  0.839065E+07 0.182272E+06
    25711.00  0.651055E+07 0.249762E+05
    25911.00  0.460644E+07 0.123025E+05
    26111.00  0.287834E+07 0.590000E+05
    26311.00  0.155991E+07 0.172177E+06
    26511.00  0.730404E+06 0.242613E+06
    26711.00  0.296905E+06 0.152531E+06
    26911.00  0.997262E+05 0.149611E+05



