
         18        18         9       781C   C   D    0.822591500D+05
 E STATE HAS LABEL C   
 VIBRATIONAL LEVELS FOR STATE E IN 1/CM FOR J= 17
     -11452.01531     -9569.00797     -7813.71220     -6186.97486
     -4692.04597     -3334.11392     -2121.77176     -1068.75398
      -198.29496
 PROPORTION OF STATE C   
  0.999999E+00 0.999996E+00 0.999994E+00 0.999993E+00 0.999992E+00
  0.999992E+00 0.999992E+00 0.999992E+00 0.999993E+00
 PROPORTION OF STATE D   
  0.137420E-05 0.388235E-05 0.565697E-05 0.681935E-05 0.749930E-05
  0.782176E-05 0.788970E-05 0.772298E-05 0.717428E-05
 TABLE FOR EMISSION PROBABILITIES   E(J= 17,IE) ==>F(J= 17,IF)
         IE==>      0            1            2            3
        1.00  0.000000E+00 0.000000E+00 0.000000E+00 0.000000E+00
        2.00  0.000000E+00 0.000000E+00 0.000000E+00 0.152067E-36
        3.00  0.000000E+00 0.151007E-36 0.145500E-36 0.184178E-33
        4.00  0.000000E+00 0.232816E-34 0.226586E-34 0.283982E-31
        5.00  0.434203E-36 0.116023E-32 0.114051E-32 0.141534E-29
        6.00  0.106517E-34 0.283038E-31 0.281003E-31 0.345299E-28
        7.00  0.159608E-33 0.421754E-30 0.422882E-30 0.514573E-27
        8.00  0.166723E-32 0.438112E-29 0.443625E-29 0.534575E-26
        9.00  0.132209E-31 0.345494E-28 0.353283E-28 0.421600E-25
       10.00  0.843581E-31 0.219232E-27 0.226369E-27 0.267546E-24
       11.00  0.451464E-30 0.116682E-26 0.121654E-26 0.142408E-23
       12.00  0.208959E-29 0.537096E-26 0.565414E-26 0.655568E-23
       13.00  0.856155E-29 0.218856E-25 0.232619E-25 0.267152E-22
       14.00  0.316194E-28 0.803859E-25 0.862618E-25 0.981332E-22
       15.00  0.106781E-27 0.269990E-24 0.292495E-24 0.329624E-21
       16.00  0.333577E-27 0.838847E-24 0.917420E-24 0.102421E-20
       17.00  0.973123E-27 0.243385E-23 0.268704E-23 0.297189E-20
       18.00  0.267185E-26 0.664634E-23 0.740694E-23 0.811626E-20
       19.00  0.694990E-26 0.171949E-22 0.193426E-22 0.209994E-19
       20.00  0.172218E-25 0.423796E-22 0.481184E-22 0.517605E-19
       21.00  0.408482E-25 0.999800E-22 0.114574E-21 0.122120E-18
       22.00  0.931173E-25 0.226693E-21 0.262190E-21 0.276914E-18
       23.00  0.204732E-24 0.495754E-21 0.578668E-21 0.605630E-18
       24.00  0.435489E-24 0.104891E-20 0.123557E-20 0.128148E-17
       25.00  0.898631E-24 0.215291E-20 0.255921E-20 0.263046E-17
       26.00  0.180315E-23 0.429703E-20 0.515444E-20 0.525057E-17
       27.00  0.352575E-23 0.835763E-20 0.101161E-19 0.102130E-16
       28.00  0.673065E-23 0.158704E-19 0.193828E-19 0.193951E-16
       29.00  0.125655E-22 0.294727E-19 0.363185E-19 0.360208E-16
       30.00  0.229763E-22 0.536083E-19 0.666508E-19 0.655236E-16
       31.00  0.412051E-22 0.956358E-19 0.119961E-18 0.116901E-15
       32.00  0.725652E-22 0.167541E-18 0.212019E-18 0.204809E-15
       33.00  0.125632E-21 0.288550E-18 0.368374E-18 0.352761E-15
       34.00  0.214048E-21 0.489064E-18 0.629843E-18 0.597936E-15
       35.00  0.359223E-21 0.816503E-18 0.106074E-17 0.998337E-15
       36.00  0.594334E-21 0.134391E-17 0.176111E-17 0.164331E-14
       37.00  0.970180E-21 0.218243E-17 0.288476E-17 0.266883E-14
       38.00  0.156366E-20 0.349933E-17 0.466541E-17 0.427951E-14
       39.00  0.248993E-20 0.554358E-17 0.745445E-17 0.677999E-14
       40.00  0.391972E-20 0.868208E-17 0.117748E-16 0.106192E-13
       42.00  0.940657E-20 0.206227E-16 0.284473E-16 0.252274E-13
       44.00  0.216991E-19 0.470895E-16 0.660577E-16 0.576112E-13
       46.00  0.482861E-19 0.103727E-15 0.147957E-15 0.126920E-12
       48.00  0.103971E-18 0.221099E-15 0.320642E-15 0.270572E-12
       50.00  0.217214E-18 0.457287E-15 0.674146E-15 0.559679E-12
       52.00  0.441353E-18 0.919886E-15 0.137839E-14 0.112600E-11
       54.00  0.874036E-18 0.180361E-14 0.274664E-14 0.220800E-11
       56.00  0.169020E-17 0.345333E-14 0.534396E-14 0.422811E-11
       58.00  0.319707E-17 0.646776E-14 0.101693E-13 0.791979E-11
       60.00  0.592421E-17 0.118674E-13 0.189563E-13 0.145333E-10
       62.00  0.107689E-16 0.213617E-13 0.346611E-13 0.261635E-10
       64.00  0.192271E-16 0.377694E-13 0.622449E-13 0.462645E-10
       66.00  0.337562E-16 0.656685E-13 0.109908E-12 0.804475E-10
       68.00  0.583358E-16 0.112392E-12 0.191013E-12 0.137701E-09
       70.00  0.993271E-16 0.189531E-12 0.327054E-12 0.232236E-09
       72.00  0.166773E-15 0.315187E-12 0.552167E-12 0.386245E-09
       74.00  0.276344E-15 0.517300E-12 0.919939E-12 0.633988E-09
       76.00  0.452229E-15 0.838529E-12 0.151357E-11 0.102778E-08
       78.00  0.731379E-15 0.134334E-11 0.246089E-11 0.164668E-08
       80.00  0.116969E-14 0.212821E-11 0.395640E-11 0.260905E-08
       82.00  0.185096E-14 0.333624E-11 0.629327E-11 0.409040E-08
       84.00  0.289968E-14 0.517781E-11 0.990956E-11 0.634884E-08
       86.00  0.449937E-14 0.795972E-11 0.154544E-10 0.976080E-08
       88.00  0.691836E-14 0.121260E-10 0.238823E-10 0.148711E-07
       90.00  0.105462E-13 0.183144E-10 0.365859E-10 0.224624E-07
       92.00  0.159444E-13 0.274349E-10 0.555835E-10 0.336515E-07
       94.00  0.239170E-13 0.407772E-10 0.837801E-10 0.500212E-07
       96.00  0.356081E-13 0.601578E-10 0.125330E-09 0.738012E-07
       98.00  0.526362E-13 0.881200E-10 0.186140E-09 0.108114E-06
      100.00  0.772774E-13 0.128205E-09 0.274556E-09 0.157306E-06
      102.00  0.112716E-12 0.185317E-09 0.402312E-09 0.227398E-06
      104.00  0.163382E-12 0.266212E-09 0.585817E-09 0.326686E-06
      106.00  0.235413E-12 0.380156E-09 0.847899E-09 0.466548E-06
      108.00  0.337268E-12 0.539795E-09 0.122018E-08 0.662513E-06
      110.00  0.480557E-12 0.762319E-09 0.174624E-08 0.935689E-06
      112.00  0.681148E-12 0.107099E-08 0.248596E-08 0.131465E-05
      114.00  0.960647E-12 0.149718E-08 0.352116E-08 0.183792E-05
      116.00  0.134835E-11 0.208304E-08 0.496336E-08 0.255726E-05
      118.00  0.188388E-11 0.288497E-08 0.696391E-08 0.354197E-05
      122.00  0.363008E-11 0.546309E-08 0.135306E-07 0.670798E-05
      126.00  0.688351E-11 0.101817E-07 0.258662E-07 0.125032E-04
      130.00  0.128630E-10 0.187025E-07 0.487206E-07 0.229690E-04
      134.00  0.237188E-10 0.339036E-07 0.905391E-07 0.416417E-04
      138.00  0.432118E-10 0.607304E-07 0.166207E-06 0.745976E-04
      142.00  0.778752E-10 0.107623E-06 0.301774E-06 0.132208E-03
      146.00  0.138995E-09 0.188911E-06 0.542564E-06 0.232081E-03
      150.00  0.245986E-09 0.328832E-06 0.967092E-06 0.404000E-03
      154.00  0.432167E-09 0.568286E-06 0.171100E-05 0.698230E-03
      158.00  0.754654E-09 0.976258E-06 0.300836E-05 0.119954E-02
      162.00  0.131144E-08 0.166922E-05 0.526324E-05 0.205108E-02
      166.00  0.227111E-08 0.284446E-05 0.917504E-05 0.349527E-02
      170.00  0.392509E-08 0.483785E-05 0.159598E-04 0.594489E-02
      174.00  0.678091E-08 0.822578E-05 0.277474E-04 0.101082E-01
      178.00  0.117317E-07 0.140081E-04 0.483055E-04 0.172140E-01
      182.00  0.203709E-07 0.239445E-04 0.843914E-04 0.294245E-01
      186.00  0.355944E-07 0.411903E-04 0.148344E-03 0.506168E-01
      190.00  0.627899E-07 0.715426E-04 0.263228E-03 0.879141E-01
      194.00  0.112295E-06 0.125990E-03 0.473484E-03 0.154818E+00
      198.00  0.204747E-06 0.226224E-03 0.868205E-03 0.277978E+00
      202.00  0.383572E-06 0.417399E-03 0.163556E-02 0.512870E+00
      206.00  0.746818E-06 0.800468E-03 0.320188E-02 0.983514E+00
      210.00  0.153857E-05 0.162446E-02 0.663185E-02 0.199583E+01
      214.00  0.345897E-05 0.359783E-02 0.149882E-01 0.442007E+01
      218.00  0.901457E-05 0.923801E-02 0.392639E-01 0.113485E+02
      222.00  0.315607E-04 0.318682E-01 0.138166E+00 0.391459E+02
      226.00  0.265296E-03 0.263970E+00 0.116722E+01 0.324226E+03
      230.00  0.155256E-02 0.152238E+01 0.686433E+01 0.186972E+04
      234.00  0.126172E-03 0.121934E+00 0.560541E+00 0.149740E+03
      238.00  0.550563E-04 0.524431E-01 0.245757E+00 0.643957E+02
      242.00  0.359898E-04 0.337922E-01 0.161399E+00 0.414894E+02
      246.00  0.283029E-04 0.261974E-01 0.127509E+00 0.321609E+02
      250.00  0.247290E-04 0.225662E-01 0.111910E+00 0.276995E+02
      254.00  0.231118E-04 0.207941E-01 0.105055E+00 0.255210E+02
      258.00  0.226244E-04 0.200712E-01 0.103288E+00 0.246303E+02
      262.00  0.229007E-04 0.200340E-01 0.104997E+00 0.245809E+02
      266.00  0.237678E-04 0.205051E-01 0.109433E+00 0.251550E+02
      270.00  0.251464E-04 0.213960E-01 0.116260E+00 0.262438E+02
      274.00  0.270085E-04 0.226659E-01 0.125379E+00 0.277966E+02
      282.00  0.322204E-04 0.263103E-01 0.150767E+00 0.322542E+02
      290.00  0.396754E-04 0.315322E-01 0.187085E+00 0.386407E+02
      298.00  0.499042E-04 0.386122E-01 0.237079E+00 0.472968E+02
      306.00  0.636837E-04 0.479822E-01 0.304733E+00 0.587479E+02
      314.00  0.820704E-04 0.602299E-01 0.395475E+00 0.737081E+02
      322.00  0.106464E-03 0.761215E-01 0.516517E+00 0.931082E+02
      330.00  0.138695E-03 0.966378E-01 0.677333E+00 0.118139E+03
      338.00  0.181141E-03 0.123022E+00 0.890292E+00 0.150308E+03
      346.00  0.236874E-03 0.156842E+00 0.117146E+01 0.191514E+03
      354.00  0.309851E-03 0.200064E+00 0.154161E+01 0.244137E+03
      362.00  0.405146E-03 0.255148E+00 0.202755E+01 0.311149E+03
      370.00  0.529245E-03 0.325155E+00 0.266368E+01 0.396248E+03
      378.00  0.690414E-03 0.413888E+00 0.349405E+01 0.504019E+03
      386.00  0.899157E-03 0.526057E+00 0.457491E+01 0.640134E+03
      394.00  0.116879E-02 0.667482E+00 0.597783E+01 0.811594E+03
      402.00  0.151614E-02 0.845337E+00 0.779373E+01 0.102702E+04
      410.00  0.196244E-02 0.106844E+01 0.101377E+02 0.129698E+04
      418.00  0.253438E-02 0.134763E+01 0.131551E+02 0.163445E+04
      426.00  0.326549E-02 0.169613E+01 0.170291E+02 0.205528E+04
      434.00  0.419770E-02 0.213015E+01 0.219899E+02 0.257880E+04
      442.00  0.538350E-02 0.266944E+01 0.283263E+02 0.322856E+04
      450.00  0.688833E-02 0.333807E+01 0.364000E+02 0.403323E+04
      458.00  0.879374E-02 0.416531E+01 0.466631E+02 0.502758E+04
      466.00  0.112011E-01 0.518670E+01 0.596795E+02 0.625381E+04
      474.00  0.142362E-01 0.644534E+01 0.761514E+02 0.776296E+04
      482.00  0.180551E-01 0.799344E+01 0.969519E+02 0.961678E+04
      490.00  0.228510E-01 0.989418E+01 0.123166E+03 0.118899E+05
      498.00  0.288627E-01 0.122240E+02 0.156138E+03 0.146722E+05
      506.00  0.363856E-01 0.150751E+02 0.197536E+03 0.180725E+05
      514.00  0.457839E-01 0.185591E+02 0.249423E+03 0.222215E+05
      522.00  0.575073E-01 0.228104E+02 0.314350E+03 0.272770E+05
      530.00  0.721096E-01 0.279913E+02 0.395469E+03 0.334285E+05
      538.00  0.902732E-01 0.342972E+02 0.496674E+03 0.409044E+05
      546.00  0.112839E+00 0.419641E+02 0.622771E+03 0.499797E+05
      554.00  0.140842E+00 0.512766E+02 0.779694E+03 0.609851E+05
      562.00  0.175556E+00 0.625778E+02 0.974763E+03 0.743191E+05
      570.00  0.218553E+00 0.762819E+02 0.121702E+04 0.904612E+05
      578.00  0.271764E+00 0.928889E+02 0.151760E+04 0.109990E+06
      586.00  0.337574E+00 0.113003E+03 0.189029E+04 0.133601E+06
      596.00  0.442090E+00 0.144204E+03 0.248383E+04 0.170154E+06
      606.00  0.578226E+00 0.183813E+03 0.325922E+04 0.216452E+06
      616.00  0.755490E+00 0.234088E+03 0.427176E+04 0.275082E+06
      626.00  0.986295E+00 0.297913E+03 0.559377E+04 0.349339E+06
      636.00  0.128689E+01 0.378977E+03 0.732011E+04 0.443427E+06
      646.00  0.167860E+01 0.482019E+03 0.957553E+04 0.562730E+06
      656.00  0.218952E+01 0.613147E+03 0.125246E+05 0.714173E+06
      666.00  0.285681E+01 0.780273E+03 0.163855E+05 0.906701E+06
      676.00  0.372983E+01 0.993696E+03 0.214484E+05 0.115193E+07
      686.00  0.487448E+01 0.126689E+04 0.281012E+05 0.146501E+07
      696.00  0.637925E+01 0.161761E+04 0.368658E+05 0.186586E+07
      706.00  0.836370E+01 0.206938E+04 0.484482E+05 0.238080E+07
      716.00  0.109906E+02 0.265364E+04 0.638106E+05 0.304494E+07
      726.00  0.144832E+02 0.341275E+04 0.842746E+05 0.390542E+07
      736.00  0.191503E+02 0.440430E+04 0.111671E+06 0.502621E+07
      746.00  0.254234E+02 0.570731E+04 0.148559E+06 0.649485E+07
      756.00  0.339108E+02 0.743135E+04 0.198553E+06 0.843242E+07
      766.00  0.454791E+02 0.972989E+04 0.266807E+06 0.110081E+08
      776.00  0.613757E+02 0.128201E+05 0.360745E+06 0.144606E+08
      786.00  0.834127E+02 0.170120E+05 0.491165E+06 0.191301E+08
      796.00  0.114240E+03 0.227512E+05 0.673879E+06 0.255034E+08
      806.00  0.157743E+03 0.306776E+05 0.932081E+06 0.342786E+08
      816.00  0.219566E+03 0.417013E+05 0.129953E+07 0.464439E+08
      826.00  0.307686E+03 0.570729E+05 0.182399E+07 0.633514E+08
      836.00  0.432600E+03 0.783739E+05 0.256845E+07 0.866992E+08
      846.00  0.605889E+03 0.107217E+06 0.360268E+07 0.118193E+09
      856.00  0.834472E+03 0.144240E+06 0.496902E+07 0.158442E+09
      866.00  0.110778E+04 0.187046E+06 0.660567E+07 0.204719E+09
      876.00  0.138291E+04 0.228104E+06 0.825741E+07 0.248734E+09
      886.00  0.159078E+04 0.256335E+06 0.951095E+07 0.278464E+09
      896.00  0.167896E+04 0.264308E+06 0.100507E+08 0.286020E+09
      906.00  0.164987E+04 0.253751E+06 0.988855E+07 0.273518E+09
      916.00  0.154669E+04 0.232412E+06 0.928090E+07 0.249514E+09
      926.00  0.141498E+04 0.207739E+06 0.850015E+07 0.222114E+09
      936.00  0.128360E+04 0.184127E+06 0.771924E+07 0.196048E+09
      946.00  0.116554E+04 0.163359E+06 0.701656E+07 0.173196E+09
      956.00  0.106449E+04 0.145779E+06 0.641469E+07 0.153888E+09
      966.00  0.979902E+03 0.131122E+06 0.591064E+07 0.137804E+09
      976.00  0.909694E+03 0.118942E+06 0.549224E+07 0.124439E+09
      986.00  0.851512E+03 0.108788E+06 0.514554E+07 0.113293E+09
      996.00  0.803197E+03 0.100268E+06 0.485772E+07 0.103930E+09
     1006.00  0.762919E+03 0.930619E+05 0.461791E+07 0.959993E+08
     1016.00  0.729187E+03 0.869127E+05 0.441719E+07 0.892185E+08
     1026.00  0.700797E+03 0.816180E+05 0.424840E+07 0.833664E+08
     1036.00  0.676786E+03 0.770178E+05 0.410578E+07 0.782682E+08
     1046.00  0.656380E+03 0.729854E+05 0.398471E+07 0.737862E+08
     1056.00  0.638956E+03 0.694204E+05 0.388148E+07 0.698114E+08
     1066.00  0.624010E+03 0.662424E+05 0.379305E+07 0.662565E+08
     1076.00  0.611133E+03 0.633870E+05 0.371698E+07 0.630519E+08
     1086.00  0.599988E+03 0.608018E+05 0.365125E+07 0.601412E+08
     1096.00  0.590297E+03 0.584444E+05 0.359420E+07 0.574785E+08
     1106.00  0.581829E+03 0.562800E+05 0.354443E+07 0.550266E+08
     1116.00  0.574390E+03 0.542798E+05 0.350079E+07 0.527546E+08
     1126.00  0.567817E+03 0.524200E+05 0.346230E+07 0.506373E+08
     1136.00  0.561973E+03 0.506810E+05 0.342812E+07 0.486535E+08
     1146.00  0.556742E+03 0.490463E+05 0.339757E+07 0.467858E+08
     1156.00  0.552024E+03 0.475022E+05 0.337003E+07 0.450198E+08
     1166.00  0.547734E+03 0.460372E+05 0.334501E+07 0.433432E+08
     1176.00  0.543801E+03 0.446416E+05 0.332207E+07 0.417458E+08
     1186.00  0.540160E+03 0.433072E+05 0.330082E+07 0.402190E+08
     1196.00  0.536759E+03 0.420271E+05 0.328095E+07 0.387556E+08
     1206.00  0.533551E+03 0.407954E+05 0.326216E+07 0.373496E+08
     1216.00  0.530496E+03 0.396074E+05 0.324424E+07 0.359957E+08
     1226.00  0.527561E+03 0.384588E+05 0.322697E+07 0.346897E+08
     1236.00  0.524716E+03 0.373462E+05 0.321017E+07 0.334279E+08
     1246.00  0.521939E+03 0.362666E+05 0.319371E+07 0.322073E+08
     1256.00  0.519206E+03 0.352175E+05 0.317745E+07 0.310252E+08
     1266.00  0.516501E+03 0.341968E+05 0.316129E+07 0.298794E+08
     1276.00  0.513808E+03 0.332028E+05 0.314514E+07 0.287679E+08
     1286.00  0.511115E+03 0.322339E+05 0.312892E+07 0.276892E+08
     1296.00  0.508410E+03 0.312888E+05 0.311258E+07 0.266419E+08
     1306.00  0.505687E+03 0.303664E+05 0.309605E+07 0.256247E+08
     1316.00  0.502937E+03 0.294659E+05 0.307930E+07 0.246366E+08
     1326.00  0.500155E+03 0.285863E+05 0.306230E+07 0.236768E+08
     1336.00  0.497337E+03 0.277272E+05 0.304503E+07 0.227443E+08
     1346.00  0.494480E+03 0.268878E+05 0.302746E+07 0.218385E+08
     1356.00  0.491580E+03 0.260676E+05 0.300958E+07 0.209587E+08
     1366.00  0.488636E+03 0.252662E+05 0.299138E+07 0.201043E+08
     1376.00  0.485646E+03 0.244831E+05 0.297286E+07 0.192748E+08
     1386.00  0.482611E+03 0.237181E+05 0.295401E+07 0.184696E+08
     1396.00  0.479531E+03 0.229707E+05 0.293484E+07 0.176883E+08
     1406.00  0.476404E+03 0.222408E+05 0.291535E+07 0.169304E+08
     1416.00  0.473234E+03 0.215279E+05 0.289555E+07 0.161955E+08
     1426.00  0.470020E+03 0.208319E+05 0.287545E+07 0.154832E+08
     1436.00  0.466764E+03 0.201525E+05 0.285505E+07 0.147931E+08
     1446.00  0.463467E+03 0.194894E+05 0.283436E+07 0.141246E+08
     1456.00  0.460131E+03 0.188424E+05 0.281341E+07 0.134776E+08
     1466.00  0.456757E+03 0.182114E+05 0.279220E+07 0.128514E+08
     1476.00  0.453348E+03 0.175960E+05 0.277074E+07 0.122459E+08
     1486.00  0.449906E+03 0.169960E+05 0.274904E+07 0.116605E+08
     1496.00  0.446432E+03 0.164112E+05 0.272714E+07 0.110948E+08
     1506.00  0.442930E+03 0.158415E+05 0.270503E+07 0.105486E+08
     1516.00  0.439400E+03 0.152865E+05 0.268273E+07 0.100214E+08
     1526.00  0.435845E+03 0.147461E+05 0.266026E+07 0.951281E+07
     1536.00  0.432267E+03 0.142200E+05 0.263763E+07 0.902243E+07
     1546.00  0.428667E+03 0.137080E+05 0.261485E+07 0.854989E+07
     1556.00  0.425049E+03 0.132098E+05 0.259193E+07 0.809479E+07
     1566.00  0.421413E+03 0.127252E+05 0.256890E+07 0.765675E+07
     1576.00  0.417761E+03 0.122540E+05 0.254576E+07 0.723538E+07
     1586.00  0.414096E+03 0.117960E+05 0.252252E+07 0.683031E+07
     1596.00  0.410419E+03 0.113508E+05 0.249920E+07 0.644114E+07
     1606.00  0.406732E+03 0.109184E+05 0.247581E+07 0.606750E+07
     1616.00  0.403036E+03 0.104983E+05 0.245236E+07 0.570900E+07
     1626.00  0.399333E+03 0.100905E+05 0.242885E+07 0.536527E+07
     1636.00  0.395623E+03 0.969457E+04 0.240530E+07 0.503594E+07
     1646.00  0.391909E+03 0.931037E+04 0.238172E+07 0.472063E+07
     1656.00  0.388192E+03 0.893764E+04 0.235812E+07 0.441899E+07
     1666.00  0.384473E+03 0.857616E+04 0.233450E+07 0.413066E+07
     1676.00  0.380753E+03 0.822568E+04 0.231088E+07 0.385528E+07
     1686.00  0.377034E+03 0.788597E+04 0.228726E+07 0.359250E+07
     1696.00  0.373316E+03 0.755680E+04 0.226366E+07 0.334197E+07
     1706.00  0.369601E+03 0.723796E+04 0.224007E+07 0.310336E+07
     1716.00  0.365891E+03 0.692919E+04 0.221651E+07 0.287633E+07
     1726.00  0.362185E+03 0.663029E+04 0.219299E+07 0.266054E+07
     1736.00  0.358485E+03 0.634104E+04 0.216950E+07 0.245567E+07
     1746.00  0.354791E+03 0.606121E+04 0.214606E+07 0.226141E+07
     1756.00  0.351106E+03 0.579058E+04 0.212268E+07 0.207743E+07
     1766.00  0.347429E+03 0.552895E+04 0.209935E+07 0.190343E+07
     1776.00  0.343762E+03 0.527611E+04 0.207609E+07 0.173911E+07
     1786.00  0.340105E+03 0.503185E+04 0.205291E+07 0.158417E+07
     1796.00  0.336459E+03 0.479597E+04 0.202980E+07 0.143831E+07
     1806.00  0.332826E+03 0.456826E+04 0.200677E+07 0.130125E+07
     1816.00  0.329205E+03 0.434852E+04 0.198384E+07 0.117271E+07
     1826.00  0.325597E+03 0.413655E+04 0.196099E+07 0.105241E+07
     1836.00  0.322003E+03 0.393218E+04 0.193824E+07 0.940086E+06
     1846.00  0.318424E+03 0.373519E+04 0.191559E+07 0.835466E+06
     1856.00  0.314859E+03 0.354542E+04 0.189305E+07 0.738296E+06
     1866.00  0.311311E+03 0.336267E+04 0.187061E+07 0.648321E+06
     1876.00  0.307779E+03 0.318676E+04 0.184829E+07 0.565294E+06
     1886.00  0.304263E+03 0.301752E+04 0.182609E+07 0.488973E+06
     1896.00  0.300765E+03 0.285478E+04 0.180400E+07 0.419120E+06
     1906.00  0.297284E+03 0.269836E+04 0.178204E+07 0.355504E+06
     1916.00  0.293822E+03 0.254810E+04 0.176020E+07 0.297898E+06
     1926.00  0.290378E+03 0.240382E+04 0.173849E+07 0.246082E+06
     1936.00  0.286952E+03 0.226538E+04 0.171691E+07 0.199839E+06
     1946.00  0.283546E+03 0.213261E+04 0.169546E+07 0.158959E+06
     1956.00  0.280159E+03 0.200535E+04 0.167415E+07 0.123236E+06
     1966.00  0.276793E+03 0.188346E+04 0.165298E+07 0.924700E+05
     1976.00  0.273446E+03 0.176678E+04 0.163195E+07 0.664642E+05
     1986.00  0.270120E+03 0.165517E+04 0.161106E+07 0.450280E+05
     1996.00  0.266815E+03 0.154849E+04 0.159031E+07 0.279752E+05
     2006.00  0.263532E+03 0.144659E+04 0.156971E+07 0.151242E+05
     2016.00  0.260269E+03 0.134935E+04 0.154926E+07 0.629802E+04
     2026.00  0.257028E+03 0.125662E+04 0.152896E+07 0.132433E+04
     2036.00  0.253809E+03 0.116827E+04 0.150882E+07 0.351792E+02
     2046.00  0.250613E+03 0.108417E+04 0.148882E+07 0.226702E+04
     2056.00  0.247438E+03 0.100421E+04 0.146898E+07 0.786062E+04
     2066.00  0.244286E+03 0.928250E+03 0.144929E+07 0.166610E+05
     2076.00  0.241157E+03 0.856175E+03 0.142976E+07 0.285174E+05
     2086.00  0.238051E+03 0.787867E+03 0.141039E+07 0.432830E+05
     2096.00  0.234968E+03 0.723211E+03 0.139118E+07 0.608153E+05
     2106.00  0.231909E+03 0.662093E+03 0.137213E+07 0.809755E+05
     2116.00  0.228873E+03 0.604403E+03 0.135324E+07 0.103629E+06
     2126.00  0.225861E+03 0.550034E+03 0.133452E+07 0.128644E+06
     2136.00  0.222872E+03 0.498879E+03 0.131595E+07 0.155894E+06
     2146.00  0.219907E+03 0.450835E+03 0.129755E+07 0.185255E+06
     2156.00  0.216967E+03 0.405802E+03 0.127932E+07 0.216607E+06
     2166.00  0.214050E+03 0.363681E+03 0.126125E+07 0.249834E+06
     2176.00  0.211157E+03 0.324376E+03 0.124334E+07 0.284822E+06
     2186.00  0.208289E+03 0.287794E+03 0.122560E+07 0.321462E+06
     2196.00  0.205445E+03 0.253842E+03 0.120803E+07 0.359648E+06
     2206.00  0.202625E+03 0.222431E+03 0.119062E+07 0.399276E+06
     2216.00  0.199830E+03 0.193474E+03 0.117338E+07 0.440246E+06
     2226.00  0.197060E+03 0.166885E+03 0.115630E+07 0.482462E+06
     2236.00  0.194313E+03 0.142580E+03 0.113940E+07 0.525830E+06
     2246.00  0.191592E+03 0.120479E+03 0.112265E+07 0.570259E+06
     2256.00  0.188895E+03 0.100503E+03 0.110608E+07 0.615661E+06
     2266.00  0.186222E+03 0.825732E+02 0.108967E+07 0.661950E+06
     2276.00  0.183574E+03 0.666152E+02 0.107343E+07 0.709046E+06
     2286.00  0.180951E+03 0.525550E+02 0.105735E+07 0.756867E+06
     2296.00  0.178352E+03 0.403211E+02 0.104144E+07 0.805339E+06
     2306.00  0.175778E+03 0.298434E+02 0.102570E+07 0.854385E+06
     2316.00  0.173229E+03 0.210538E+02 0.101013E+07 0.903936E+06
     2326.00  0.170704E+03 0.138858E+02 0.994715E+06 0.953921E+06
     2336.00  0.168204E+03 0.827468E+01 0.979469E+06 0.100427E+07
     2346.00  0.165729E+03 0.415734E+01 0.964389E+06 0.105493E+07
     2356.00  0.163278E+03 0.147235E+01 0.949474E+06 0.110583E+07
     2366.00  0.160851E+03 0.159842E+00 0.934723E+06 0.115691E+07
     2376.00  0.158449E+03 0.161564E+00 0.920135E+06 0.120812E+07
     2386.00  0.156072E+03 0.142078E+01 0.905711E+06 0.125939E+07
     2396.00  0.153719E+03 0.388228E+01 0.891450E+06 0.131068E+07
     2406.00  0.151390E+03 0.749231E+01 0.877351E+06 0.136194E+07
     2416.00  0.149086E+03 0.121986E+02 0.863414E+06 0.141312E+07
     2426.00  0.146806E+03 0.179503E+02 0.849638E+06 0.146416E+07
     2436.00  0.144550E+03 0.246980E+02 0.836023E+06 0.151503E+07
     2446.00  0.142318E+03 0.323935E+02 0.822569E+06 0.156568E+07
     2456.00  0.140111E+03 0.409902E+02 0.809273E+06 0.161607E+07
     2466.00  0.137927E+03 0.504425E+02 0.796136E+06 0.166616E+07
     2476.00  0.135768E+03 0.607064E+02 0.783157E+06 0.171592E+07
     2486.00  0.133632E+03 0.717389E+02 0.770334E+06 0.176530E+07
     2496.00  0.131520E+03 0.834983E+02 0.757668E+06 0.181428E+07
     2506.00  0.129431E+03 0.959443E+02 0.745157E+06 0.186281E+07
     2516.00  0.127366E+03 0.109038E+03 0.732800E+06 0.191087E+07
     2526.00  0.125325E+03 0.122740E+03 0.720597E+06 0.195843E+07
     2536.00  0.123307E+03 0.137014E+03 0.708547E+06 0.200546E+07
     2546.00  0.121312E+03 0.151825E+03 0.696648E+06 0.205193E+07
     2556.00  0.119340E+03 0.167137E+03 0.684901E+06 0.209783E+07
     2566.00  0.117392E+03 0.182917E+03 0.673303E+06 0.214311E+07
     2576.00  0.115466E+03 0.199133E+03 0.661854E+06 0.218777E+07
     2586.00  0.113563E+03 0.215751E+03 0.650553E+06 0.223177E+07
     2596.00  0.111682E+03 0.232742E+03 0.639399E+06 0.227511E+07
     2606.00  0.109825E+03 0.250076E+03 0.628391E+06 0.231775E+07
     2616.00  0.107989E+03 0.267724E+03 0.617527E+06 0.235969E+07
     2626.00  0.106176E+03 0.285658E+03 0.606808E+06 0.240090E+07
     2636.00  0.104385E+03 0.303852E+03 0.596231E+06 0.244138E+07
     2646.00  0.102616E+03 0.322279E+03 0.585795E+06 0.248109E+07
     2656.00  0.100869E+03 0.340914E+03 0.575501E+06 0.252004E+07
     2666.00  0.991435E+02 0.359733E+03 0.565346E+06 0.255821E+07
     2676.00  0.974398E+02 0.378712E+03 0.555329E+06 0.259559E+07
     2686.00  0.957577E+02 0.397828E+03 0.545451E+06 0.263217E+07
     2696.00  0.940969E+02 0.417061E+03 0.535708E+06 0.266794E+07
     2706.00  0.924573E+02 0.436387E+03 0.526101E+06 0.270289E+07
     2716.00  0.908389E+02 0.455788E+03 0.516627E+06 0.273700E+07
     2726.00  0.892413E+02 0.475243E+03 0.507287E+06 0.277029E+07
     2736.00  0.876645E+02 0.494734E+03 0.498079E+06 0.280273E+07
     2746.00  0.861084E+02 0.514242E+03 0.489001E+06 0.283433E+07
     2756.00  0.845728E+02 0.533750E+03 0.480053E+06 0.286508E+07
     2766.00  0.830575E+02 0.553240E+03 0.471233E+06 0.289498E+07
     2776.00  0.815625E+02 0.572698E+03 0.462540E+06 0.292402E+07
     2786.00  0.800874E+02 0.592106E+03 0.453974E+06 0.295220E+07
     2796.00  0.786324E+02 0.611450E+03 0.445533E+06 0.297952E+07
     2806.00  0.771970E+02 0.630716E+03 0.437215E+06 0.300598E+07
     2816.00  0.757813E+02 0.649890E+03 0.429021E+06 0.303158E+07
     2826.00  0.743850E+02 0.668959E+03 0.420947E+06 0.305631E+07
     2836.00  0.730080E+02 0.687910E+03 0.412994E+06 0.308019E+07
     2846.00  0.716501E+02 0.706731E+03 0.405160E+06 0.310321E+07
     2856.00  0.703112E+02 0.725410E+03 0.397444E+06 0.312536E+07
     2866.00  0.689911E+02 0.743936E+03 0.389845E+06 0.314666E+07
     2876.00  0.676896E+02 0.762299E+03 0.382361E+06 0.316711E+07
     2886.00  0.664066E+02 0.780489E+03 0.374991E+06 0.318671E+07
     2896.00  0.651419E+02 0.798496E+03 0.367735E+06 0.320547E+07
     2906.00  0.638954E+02 0.816310E+03 0.360590E+06 0.322338E+07
     2916.00  0.626669E+02 0.833924E+03 0.353556E+06 0.324045E+07
     2926.00  0.614562E+02 0.851329E+03 0.346632E+06 0.325670E+07
     2936.00  0.602632E+02 0.868517E+03 0.339817E+06 0.327211E+07
     2946.00  0.590878E+02 0.885481E+03 0.333108E+06 0.328671E+07
     2956.00  0.579297E+02 0.902213E+03 0.326506E+06 0.330049E+07
     2966.00  0.567888E+02 0.918708E+03 0.320008E+06 0.331346E+07
     2976.00  0.556649E+02 0.934958E+03 0.313615E+06 0.332563E+07
     2986.00  0.545579E+02 0.950959E+03 0.307323E+06 0.333700E+07
     2996.00  0.534676E+02 0.966704E+03 0.301134E+06 0.334759E+07
     3006.00  0.523938E+02 0.982189E+03 0.295044E+06 0.335739E+07
     3016.00  0.513364E+02 0.997408E+03 0.289053E+06 0.336643E+07
     3026.00  0.502952E+02 0.101236E+04 0.283161E+06 0.337469E+07
     3036.00  0.492701E+02 0.102703E+04 0.277365E+06 0.338221E+07
     3046.00  0.482609E+02 0.104143E+04 0.271665E+06 0.338897E+07
     3056.00  0.472674E+02 0.105555E+04 0.266059E+06 0.339500E+07
     3066.00  0.462895E+02 0.106938E+04 0.260547E+06 0.340029E+07
     3076.00  0.453270E+02 0.108292E+04 0.255127E+06 0.340487E+07
     3086.00  0.443798E+02 0.109618E+04 0.249798E+06 0.340873E+07
     3096.00  0.434477E+02 0.110914E+04 0.244559E+06 0.341190E+07
     3106.00  0.425305E+02 0.112181E+04 0.239409E+06 0.341437E+07
     3116.00  0.416280E+02 0.113418E+04 0.234347E+06 0.341616E+07
     3126.00  0.407402E+02 0.114625E+04 0.229371E+06 0.341727E+07
     3136.00  0.398668E+02 0.115803E+04 0.224481E+06 0.341772E+07
     3146.00  0.390078E+02 0.116950E+04 0.219676E+06 0.341752E+07
     3156.00  0.381628E+02 0.118067E+04 0.214954E+06 0.341668E+07
     3166.00  0.373319E+02 0.119154E+04 0.210314E+06 0.341520E+07
     3176.00  0.365147E+02 0.120211E+04 0.205756E+06 0.341310E+07
     3186.00  0.357113E+02 0.121237E+04 0.201278E+06 0.341039E+07
     3196.00  0.349213E+02 0.122233E+04 0.196879E+06 0.340708E+07
     3206.00  0.341448E+02 0.123199E+04 0.192558E+06 0.340317E+07
     3216.00  0.333814E+02 0.124134E+04 0.188314E+06 0.339869E+07
     3226.00  0.326310E+02 0.125039E+04 0.184147E+06 0.339364E+07
     3236.00  0.318936E+02 0.125914E+04 0.180054E+06 0.338802E+07
     3246.00  0.311689E+02 0.126758E+04 0.176035E+06 0.338186E+07
     3256.00  0.304567E+02 0.127573E+04 0.172090E+06 0.337516E+07
     3266.00  0.297570E+02 0.128357E+04 0.168216E+06 0.336793E+07
     3276.00  0.290696E+02 0.129112E+04 0.164413E+06 0.336019E+07
     3286.00  0.283944E+02 0.129837E+04 0.160680E+06 0.335194E+07
     3296.00  0.277311E+02 0.130532E+04 0.157016E+06 0.334319E+07
     3306.00  0.270796E+02 0.131198E+04 0.153421E+06 0.333395E+07
     3316.00  0.264398E+02 0.131834E+04 0.149892E+06 0.332424E+07
     3326.00  0.258116E+02 0.132441E+04 0.146429E+06 0.331407E+07
     3336.00  0.251948E+02 0.133020E+04 0.143032E+06 0.330344E+07
     3346.00  0.245892E+02 0.133570E+04 0.139698E+06 0.329237E+07
     3356.00  0.239947E+02 0.134091E+04 0.136428E+06 0.328087E+07
     3366.00  0.234112E+02 0.134583E+04 0.133221E+06 0.326894E+07
     3376.00  0.228386E+02 0.135048E+04 0.130074E+06 0.325660E+07
     3386.00  0.222766E+02 0.135485E+04 0.126988E+06 0.324386E+07
     3396.00  0.217251E+02 0.135894E+04 0.123962E+06 0.323073E+07
     3406.00  0.211840E+02 0.136276E+04 0.120995E+06 0.321722E+07
     3416.00  0.206533E+02 0.136630E+04 0.118085E+06 0.320333E+07
     3426.00  0.201326E+02 0.136958E+04 0.115233E+06 0.318908E+07
     3436.00  0.196219E+02 0.137259E+04 0.112436E+06 0.317448E+07
     3446.00  0.191211E+02 0.137534E+04 0.109695E+06 0.315954E+07
     3456.00  0.186300E+02 0.137783E+04 0.107008E+06 0.314427E+07
     3466.00  0.181485E+02 0.138006E+04 0.104375E+06 0.312868E+07
     3476.00  0.176764E+02 0.138204E+04 0.101794E+06 0.311277E+07
     3486.00  0.172137E+02 0.138377E+04 0.992659E+05 0.309656E+07
     3496.00  0.167601E+02 0.138525E+04 0.967884E+05 0.308006E+07
     3506.00  0.163157E+02 0.138648E+04 0.943613E+05 0.306327E+07
     3516.00  0.158801E+02 0.138747E+04 0.919836E+05 0.304621E+07
     3526.00  0.154534E+02 0.138822E+04 0.896547E+05 0.302889E+07
     3536.00  0.150354E+02 0.138874E+04 0.873737E+05 0.301131E+07
     3546.00  0.146259E+02 0.138902E+04 0.851399E+05 0.299348E+07
     3556.00  0.142248E+02 0.138908E+04 0.829524E+05 0.297541E+07
     3566.00  0.138321E+02 0.138891E+04 0.808106E+05 0.295712E+07
     3576.00  0.134475E+02 0.138851E+04 0.787137E+05 0.293860E+07
     3586.00  0.130710E+02 0.138790E+04 0.766610E+05 0.291987E+07
     3596.00  0.127025E+02 0.138707E+04 0.746517E+05 0.290094E+07
     3606.00  0.123418E+02 0.138603E+04 0.726852E+05 0.288182E+07
     3616.00  0.119887E+02 0.138478E+04 0.707606E+05 0.286250E+07
     3626.00  0.116433E+02 0.138333E+04 0.688774E+05 0.284301E+07
     3636.00  0.113054E+02 0.138167E+04 0.670347E+05 0.282335E+07
     3646.00  0.109748E+02 0.137981E+04 0.652320E+05 0.280353E+07
     3656.00  0.106515E+02 0.137776E+04 0.634685E+05 0.278355E+07
     3666.00  0.103353E+02 0.137552E+04 0.617435E+05 0.276342E+07
     3676.00  0.100262E+02 0.137308E+04 0.600565E+05 0.274315E+07
     3686.00  0.972394E+01 0.137047E+04 0.584067E+05 0.272276E+07
     3696.00  0.942850E+01 0.136767E+04 0.567935E+05 0.270223E+07
     3706.00  0.913976E+01 0.136469E+04 0.552163E+05 0.268160E+07
     3716.00  0.885762E+01 0.136154E+04 0.536743E+05 0.266084E+07
     3726.00  0.858195E+01 0.135821E+04 0.521671E+05 0.263999E+07
     3736.00  0.831267E+01 0.135472E+04 0.506940E+05 0.261904E+07
     3746.00  0.804967E+01 0.135106E+04 0.492544E+05 0.259800E+07
     3756.00  0.779284E+01 0.134724E+04 0.478477E+05 0.257688E+07
     3766.00  0.754208E+01 0.134327E+04 0.464733E+05 0.255569E+07
     3776.00  0.729729E+01 0.133914E+04 0.451306E+05 0.253442E+07
     3786.00  0.705838E+01 0.133486E+04 0.438190E+05 0.251309E+07
     3796.00  0.682524E+01 0.133043E+04 0.425381E+05 0.249170E+07
     3806.00  0.659778E+01 0.132585E+04 0.412871E+05 0.247026E+07
     3816.00  0.637590E+01 0.132114E+04 0.400656E+05 0.244878E+07
     3826.00  0.615950E+01 0.131628E+04 0.388730E+05 0.242726E+07
     3836.00  0.594849E+01 0.131130E+04 0.377089E+05 0.240571E+07
     3846.00  0.574279E+01 0.130618E+04 0.365725E+05 0.238412E+07
     3856.00  0.554229E+01 0.130093E+04 0.354635E+05 0.236252E+07
     3866.00  0.534690E+01 0.129556E+04 0.343813E+05 0.234090E+07
     3876.00  0.515654E+01 0.129006E+04 0.333255E+05 0.231927E+07
     3886.00  0.497112E+01 0.128445E+04 0.322954E+05 0.229763E+07
     3896.00  0.479055E+01 0.127872E+04 0.312907E+05 0.227599E+07
     3906.00  0.461474E+01 0.127288E+04 0.303108E+05 0.225436E+07
     3916.00  0.444361E+01 0.126694E+04 0.293553E+05 0.223274E+07
     3926.00  0.427707E+01 0.126088E+04 0.284236E+05 0.221113E+07
     3936.00  0.411504E+01 0.125472E+04 0.275154E+05 0.218954E+07
     3946.00  0.395743E+01 0.124847E+04 0.266302E+05 0.216797E+07
     3956.00  0.380417E+01 0.124211E+04 0.257674E+05 0.214643E+07
     3966.00  0.365517E+01 0.123566E+04 0.249267E+05 0.212493E+07
     3976.00  0.351036E+01 0.122912E+04 0.241077E+05 0.210346E+07
     3986.00  0.336965E+01 0.122249E+04 0.233098E+05 0.208203E+07
     3996.00  0.323297E+01 0.121578E+04 0.225327E+05 0.206065E+07
     4006.00  0.310023E+01 0.120899E+04 0.217759E+05 0.203931E+07
     4016.00  0.297138E+01 0.120211E+04 0.210391E+05 0.201803E+07
     4026.00  0.284632E+01 0.119516E+04 0.203219E+05 0.199681E+07
     4036.00  0.272499E+01 0.118813E+04 0.196237E+05 0.197564E+07
     4046.00  0.260731E+01 0.118103E+04 0.189443E+05 0.195454E+07
     4056.00  0.249322E+01 0.117387E+04 0.182833E+05 0.193351E+07
     4066.00  0.238263E+01 0.116663E+04 0.176402E+05 0.191255E+07
     4076.00  0.227549E+01 0.115934E+04 0.170148E+05 0.189166E+07
     4086.00  0.217172E+01 0.115198E+04 0.164066E+05 0.187085E+07
     4096.00  0.207125E+01 0.114457E+04 0.158152E+05 0.185012E+07
     4106.00  0.197402E+01 0.113709E+04 0.152403E+05 0.182947E+07
     4116.00  0.187996E+01 0.112957E+04 0.146817E+05 0.180891E+07
     4126.00  0.178900E+01 0.112199E+04 0.141388E+05 0.178844E+07
     4136.00  0.170108E+01 0.111437E+04 0.136114E+05 0.176806E+07
     4146.00  0.161614E+01 0.110670E+04 0.130991E+05 0.174778E+07
     4156.00  0.153411E+01 0.109899E+04 0.126016E+05 0.172759E+07
     4166.00  0.145494E+01 0.109123E+04 0.121187E+05 0.170751E+07
     4176.00  0.137856E+01 0.108344E+04 0.116498E+05 0.168752E+07
     4186.00  0.130490E+01 0.107561E+04 0.111949E+05 0.166764E+07
     4196.00  0.123392E+01 0.106774E+04 0.107535E+05 0.164787E+07
     4206.00  0.116556E+01 0.105984E+04 0.103253E+05 0.162820E+07
     4216.00  0.109975E+01 0.105191E+04 0.991014E+04 0.160865E+07
     4226.00  0.103644E+01 0.104395E+04 0.950760E+04 0.158921E+07
     4236.00  0.975574E+00 0.103597E+04 0.911743E+04 0.156988E+07
     4246.00  0.917098E+00 0.102796E+04 0.873934E+04 0.155068E+07
     4256.00  0.860956E+00 0.101993E+04 0.837308E+04 0.153159E+07
     4266.00  0.807096E+00 0.101189E+04 0.801835E+04 0.151262E+07
     4276.00  0.755465E+00 0.100382E+04 0.767490E+04 0.149377E+07
     4286.00  0.706012E+00 0.995734E+03 0.734245E+04 0.147505E+07
     4296.00  0.658685E+00 0.987635E+03 0.702077E+04 0.145645E+07
     4306.00  0.613434E+00 0.979525E+03 0.670958E+04 0.143798E+07
     4316.00  0.570210E+00 0.971403E+03 0.640864E+04 0.141964E+07
     4326.00  0.528965E+00 0.963273E+03 0.611771E+04 0.140143E+07
     4336.00  0.489650E+00 0.955136E+03 0.583655E+04 0.138335E+07
     4346.00  0.452219E+00 0.946993E+03 0.556493E+04 0.136540E+07
     4356.00  0.416626E+00 0.938847E+03 0.530260E+04 0.134759E+07
     4366.00  0.382824E+00 0.930698E+03 0.504935E+04 0.132990E+07
     4376.00  0.350769E+00 0.922550E+03 0.480495E+04 0.131236E+07
     4386.00  0.320416E+00 0.914402E+03 0.456919E+04 0.129495E+07
     4396.00  0.291723E+00 0.906258E+03 0.434185E+04 0.127768E+07
     4406.00  0.264647E+00 0.898117E+03 0.412272E+04 0.126054E+07
     4416.00  0.239146E+00 0.889983E+03 0.391159E+04 0.124355E+07
     4426.00  0.215177E+00 0.881856E+03 0.370826E+04 0.122669E+07
     4436.00  0.192702E+00 0.873737E+03 0.351253E+04 0.120997E+07
     4446.00  0.171680E+00 0.865629E+03 0.332421E+04 0.119340E+07
     4456.00  0.152072E+00 0.857532E+03 0.314311E+04 0.117697E+07
     4466.00  0.133839E+00 0.849448E+03 0.296903E+04 0.116068E+07
     4476.00  0.116943E+00 0.841378E+03 0.280180E+04 0.114453E+07
     4486.00  0.101347E+00 0.833324E+03 0.264124E+04 0.112852E+07
     4511.00  0.678082E-01 0.813263E+03 0.226784E+04 0.108914E+07
     4536.00  0.416140E-01 0.793327E+03 0.193235E+04 0.105065E+07
     4561.00  0.222351E-01 0.773531E+03 0.163224E+04 0.101307E+07
     4586.00  0.916534E-02 0.753893E+03 0.136509E+04 0.976390E+06
     4611.00  0.192175E-02 0.734429E+03 0.112862E+04 0.940617E+06
     4636.00  0.435771E-04 0.715153E+03 0.920673E+03 0.905747E+06
     4661.00  0.309171E-02 0.696078E+03 0.739193E+03 0.871778E+06
     4686.00  0.106480E-01 0.677218E+03 0.582234E+03 0.838704E+06
     4711.00  0.223148E-01 0.658585E+03 0.447957E+03 0.806522E+06
     4736.00  0.377138E-01 0.640188E+03 0.334619E+03 0.775225E+06
     4761.00  0.564862E-01 0.622040E+03 0.240575E+03 0.744804E+06
     4786.00  0.782912E-01 0.604148E+03 0.164270E+03 0.715253E+06
     4811.00  0.102806E+00 0.586521E+03 0.104239E+03 0.686561E+06
     4836.00  0.129725E+00 0.569167E+03 0.590977E+02 0.658719E+06
     4861.00  0.158760E+00 0.552092E+03 0.275447E+02 0.631716E+06
     4886.00  0.189637E+00 0.535304E+03 0.835432E+01 0.605541E+06
     4911.00  0.222100E+00 0.518807E+03 0.374561E+00 0.580181E+06
     4936.00  0.255906E+00 0.502606E+03 0.252340E+01 0.555624E+06
     4961.00  0.290825E+00 0.486705E+03 0.137857E+02 0.531857E+06
     4986.00  0.326646E+00 0.471108E+03 0.332102E+02 0.508865E+06
     5011.00  0.363165E+00 0.455818E+03 0.599064E+02 0.486636E+06
     5036.00  0.400196E+00 0.440837E+03 0.930417E+02 0.465154E+06
     5061.00  0.437563E+00 0.426167E+03 0.131839E+03 0.444405E+06
     5086.00  0.475100E+00 0.411809E+03 0.175572E+03 0.424374E+06
     5111.00  0.512656E+00 0.397765E+03 0.223567E+03 0.405047E+06
     5136.00  0.550088E+00 0.384035E+03 0.275196E+03 0.386406E+06
     5161.00  0.587265E+00 0.370618E+03 0.329875E+03 0.368438E+06
     5186.00  0.624064E+00 0.357514E+03 0.387065E+03 0.351126E+06
     5211.00  0.660376E+00 0.344723E+03 0.446265E+03 0.334455E+06
     5236.00  0.696095E+00 0.332244E+03 0.507016E+03 0.318409E+06
     5261.00  0.731129E+00 0.320074E+03 0.568890E+03 0.302973E+06
     5286.00  0.765390E+00 0.308213E+03 0.631498E+03 0.288131E+06
     5311.00  0.798802E+00 0.296658E+03 0.694480E+03 0.273866E+06
     5336.00  0.831293E+00 0.285406E+03 0.757510E+03 0.260164E+06
     5361.00  0.862800E+00 0.274456E+03 0.820287E+03 0.247010E+06
     5386.00  0.893267E+00 0.263803E+03 0.882541E+03 0.234387E+06
     5411.00  0.922644E+00 0.253446E+03 0.944025E+03 0.222280E+06
     5436.00  0.950887E+00 0.243380E+03 0.100452E+04 0.210675E+06
     5461.00  0.977957E+00 0.233603E+03 0.106382E+04 0.199556E+06
     5511.00  0.102846E+01 0.214896E+03 0.117815E+04 0.178717E+06
     5561.00  0.107394E+01 0.197296E+03 0.128583E+04 0.159648E+06
     5611.00  0.111429E+01 0.180767E+03 0.138593E+04 0.142237E+06
     5661.00  0.114944E+01 0.165273E+03 0.147780E+04 0.126374E+06
     5711.00  0.117940E+01 0.150778E+03 0.156096E+04 0.111955E+06
     5761.00  0.120420E+01 0.137244E+03 0.163514E+04 0.988778E+05
     5811.00  0.122396E+01 0.124631E+03 0.170023E+04 0.870475E+05
     5861.00  0.123879E+01 0.112901E+03 0.175622E+04 0.763715E+05
     5911.00  0.124886E+01 0.102013E+03 0.180324E+04 0.667623E+05
     5961.00  0.125437E+01 0.919284E+02 0.184149E+04 0.581369E+05
     6011.00  0.125553E+01 0.826074E+02 0.187128E+04 0.504167E+05
     6061.00  0.125256E+01 0.740111E+02 0.189294E+04 0.435273E+05
     6111.00  0.124571E+01 0.661012E+02 0.190686E+04 0.373989E+05
     6161.00  0.123524E+01 0.588399E+02 0.191347E+04 0.319660E+05
     6211.00  0.122141E+01 0.521903E+02 0.191324E+04 0.271668E+05
     6261.00  0.120447E+01 0.461167E+02 0.190662E+04 0.229441E+05
     6311.00  0.118470E+01 0.405840E+02 0.189410E+04 0.192441E+05
     6361.00  0.116236E+01 0.355584E+02 0.187615E+04 0.160169E+05
     6411.00  0.113771E+01 0.310073E+02 0.185327E+04 0.132164E+05
     6461.00  0.111101E+01 0.268990E+02 0.182592E+04 0.107994E+05
     6511.00  0.108252E+01 0.232034E+02 0.179457E+04 0.872658E+04
     6561.00  0.105246E+01 0.198912E+02 0.175965E+04 0.696121E+04
     6611.00  0.102109E+01 0.169347E+02 0.172160E+04 0.546973E+04
     6661.00  0.988614E+00 0.143073E+02 0.168084E+04 0.422133E+04
     6711.00  0.955256E+00 0.119837E+02 0.163774E+04 0.318781E+04
     6761.00  0.921218E+00 0.993981E+01 0.159269E+04 0.234341E+04
     6811.00  0.886691E+00 0.815282E+01 0.154603E+04 0.166470E+04
     6861.00  0.851856E+00 0.660111E+01 0.149808E+04 0.113040E+04
     6911.00  0.816881E+00 0.526426E+01 0.144915E+04 0.721222E+03
     6961.00  0.781924E+00 0.412303E+01 0.139953E+04 0.419782E+03
     7011.00  0.747128E+00 0.315928E+01 0.134947E+04 0.210418E+03
     7061.00  0.712625E+00 0.235601E+01 0.129921E+04 0.790817E+02
     7111.00  0.678537E+00 0.169728E+01 0.124896E+04 0.132169E+02
     7161.00  0.644973E+00 0.116819E+01 0.119893E+04 0.163816E+01
     7211.00  0.612030E+00 0.754833E+00 0.114929E+04 0.344223E+02
     7261.00  0.579796E+00 0.444262E+00 0.110020E+04 0.102804E+03
     7311.00  0.548347E+00 0.224460E+00 0.105181E+04 0.199075E+03
     7361.00  0.517750E+00 0.842865E-01 0.100423E+04 0.316497E+03
     7411.00  0.488063E+00 0.134475E-01 0.957586E+03 0.449205E+03
     7511.00  0.431597E+00 0.425743E-01 0.867443E+03 0.740944E+03
     7611.00  0.379234E+00 0.244867E+00 0.781981E+03 0.104201E+04
     7711.00  0.331129E+00 0.564380E+00 0.701610E+03 0.132949E+04
     7811.00  0.287337E+00 0.955018E+00 0.626581E+03 0.158799E+04
     7911.00  0.247817E+00 0.137941E+01 0.557007E+03 0.180801E+04
     8011.00  0.212457E+00 0.180787E+01 0.492893E+03 0.198460E+04
     8111.00  0.181084E+00 0.221740E+01 0.434153E+03 0.211622E+04
     8211.00  0.153479E+00 0.259079E+01 0.380635E+03 0.220387E+04
     8311.00  0.129388E+00 0.291578E+01 0.332128E+03 0.225026E+04
     8411.00  0.108535E+00 0.318431E+01 0.288387E+03 0.225929E+04
     8511.00  0.906314E-01 0.339185E+01 0.249136E+03 0.223551E+04
     8611.00  0.753857E-01 0.353675E+01 0.214086E+03 0.218379E+04
     8711.00  0.625091E-01 0.361974E+01 0.182938E+03 0.210906E+04
     8811.00  0.517224E-01 0.364340E+01 0.155392E+03 0.201604E+04
     8911.00  0.427607E-01 0.361179E+01 0.131152E+03 0.190920E+04
     9011.00  0.353768E-01 0.353002E+01 0.109928E+03 0.179257E+04
     9111.00  0.293444E-01 0.340397E+01 0.914446E+02 0.166976E+04
     9211.00  0.244588E-01 0.324000E+01 0.754362E+02 0.154390E+04
     9311.00  0.205386E-01 0.304472E+01 0.616543E+02 0.141765E+04
     9411.00  0.174251E-01 0.282480E+01 0.498657E+02 0.129321E+04
     9511.00  0.149819E-01 0.258679E+01 0.398533E+02 0.117237E+04
     9611.00  0.130939E-01 0.233699E+01 0.314164E+02 0.105651E+04
     9711.00  0.116655E-01 0.208135E+01 0.243702E+02 0.946674E+03
     9811.00  0.106193E-01 0.182541E+01 0.185459E+02 0.843585E+03
     9911.00  0.989323E-02 0.157419E+01 0.137894E+02 0.747708E+03
    10011.00  0.943907E-02 0.133219E+01 0.996113E+01 0.659280E+03
    10111.00  0.921984E-02 0.110333E+01 0.693471E+01 0.578351E+03
    10211.00  0.920765E-02 0.890960E+00 0.459653E+01 0.504818E+03
    10311.00  0.938159E-02 0.697860E+00 0.284466E+01 0.438459E+03
    10411.00  0.972560E-02 0.526226E+00 0.158802E+01 0.378960E+03
    10511.00  0.102267E-01 0.377705E+00 0.745545E+00 0.325940E+03
    10611.00  0.108735E-01 0.253415E+00 0.245341E+00 0.278974E+03
    10711.00  0.116542E-01 0.153976E+00 0.239222E-01 0.237611E+03
    10811.00  0.125564E-01 0.795432E-01 0.254656E-01 0.201386E+03
    10911.00  0.135653E-01 0.298440E-01 0.201122E+00 0.169833E+03
    11011.00  0.146635E-01 0.422143E-02 0.508370E+00 0.142500E+03
    11111.00  0.158306E-01 0.167488E-02 0.910422E+00 0.118947E+03
    11211.00  0.170430E-01 0.209038E-01 0.137567E+01 0.987586E+02
    11311.00  0.182742E-01 0.603511E-01 0.187720E+01 0.815467E+02
    11411.00  0.194948E-01 0.118247E+00 0.239228E+01 0.669500E+02
    11511.00  0.206733E-01 0.192650E+00 0.290199E+01 0.546377E+02
    11611.00  0.217768E-01 0.281491E+00 0.339081E+01 0.443089E+02
    11711.00  0.227714E-01 0.382609E+00 0.384624E+01 0.356922E+02
    11811.00  0.236238E-01 0.493791E+00 0.425853E+01 0.285452E+02
    11911.00  0.243017E-01 0.612806E+00 0.462033E+01 0.226523E+02
    12011.00  0.247753E-01 0.737438E+00 0.492643E+01 0.178237E+02
    12111.00  0.250181E-01 0.865518E+00 0.517353E+01 0.138932E+02
    12211.00  0.250077E-01 0.994944E+00 0.535997E+01 0.107161E+02
    12311.00  0.247275E-01 0.112371E+01 0.548559E+01 0.816751E+01
    12411.00  0.241669E-01 0.124994E+01 0.555141E+01 0.614002E+01
    12511.00  0.233227E-01 0.137187E+01 0.555956E+01 0.454203E+01
    12611.00  0.221992E-01 0.148790E+01 0.551307E+01 0.329584E+01
    12711.00  0.208095E-01 0.159658E+01 0.541570E+01 0.233591E+01
    12811.00  0.191751E-01 0.169666E+01 0.527182E+01 0.160732E+01
    12911.00  0.173271E-01 0.178703E+01 0.508626E+01 0.106434E+01
    13011.00  0.153052E-01 0.186677E+01 0.486417E+01 0.669113E+00
    13111.00  0.131587E-01 0.193516E+01 0.461095E+01 0.390498E+00
    13211.00  0.109453E-01 0.199165E+01 0.433211E+01 0.203055E+00
    13311.00  0.873148E-02 0.203584E+01 0.403318E+01 0.861340E-01
    13411.00  0.659117E-02 0.206756E+01 0.371962E+01 0.230896E-01
    13511.00  0.460544E-02 0.208674E+01 0.339676E+01 0.603675E-03
    13611.00  0.286142E-02 0.209351E+01 0.306971E+01 0.810076E-02
    13711.00  0.145124E-02 0.208814E+01 0.274333E+01 0.372521E-01
    13811.00  0.470865E-03 0.207100E+01 0.242212E+01 0.815555E-01
    13911.00  0.188103E-04 0.204263E+01 0.211025E+01 0.135983E+00
    14011.00  0.194758E-03 0.200364E+01 0.181145E+01 0.196687E+00
    14111.00  0.109813E-02 0.195476E+01 0.152906E+01 0.260756E+00
    14211.00  0.282659E-02 0.189678E+01 0.126593E+01 0.326015E+00
    14311.00  0.547458E-02 0.183059E+01 0.102449E+01 0.390864E+00
    14411.00  0.913179E-02 0.175709E+01 0.806663E+00 0.454142E+00
    14511.00  0.138817E-01 0.167726E+01 0.613933E+00 0.515024E+00
    14611.00  0.198002E-01 0.159208E+01 0.447317E+00 0.572934E+00
    14711.00  0.269539E-01 0.150255E+01 0.307391E+00 0.627480E+00
    14811.00  0.353996E-01 0.140969E+01 0.194307E+00 0.678402E+00
    14911.00  0.451823E-01 0.131447E+01 0.107815E+00 0.725530E+00
    15011.00  0.563345E-01 0.121786E+01 0.472935E-01 0.768755E+00
    15111.00  0.688754E-01 0.112082E+01 0.117797E-01 0.808009E+00
    15211.00  0.828101E-01 0.102422E+01 0.360315E-05 0.843244E+00
    15311.00  0.981286E-01 0.928934E+00 0.104249E-01 0.874425E+00
    15411.00  0.114806E+00 0.835738E+00 0.412709E-01 0.901523E+00
    15511.00  0.132803E+00 0.745365E+00 0.905760E-01 0.924509E+00
    15611.00  0.152061E+00 0.658479E+00 0.156221E+00 0.943352E+00
    15711.00  0.172512E+00 0.575673E+00 0.235972E+00 0.958027E+00
    15811.00  0.194067E+00 0.497464E+00 0.327520E+00 0.968506E+00
    15911.00  0.216627E+00 0.424295E+00 0.428518E+00 0.974768E+00
    16011.00  0.240076E+00 0.356535E+00 0.536617E+00 0.976805E+00
    16111.00  0.264287E+00 0.294472E+00 0.649501E+00 0.974617E+00
    16211.00  0.289120E+00 0.238322E+00 0.764913E+00 0.968221E+00
    16311.00  0.314424E+00 0.188225E+00 0.880692E+00 0.957659E+00
    16411.00  0.340038E+00 0.144251E+00 0.994794E+00 0.942994E+00
    16511.00  0.365795E+00 0.106402E+00 0.110531E+01 0.924317E+00
    16611.00  0.391519E+00 0.746147E-01 0.121050E+01 0.901753E+00
    16711.00  0.417030E+00 0.487655E-01 0.130879E+01 0.875457E+00
    16811.00  0.442143E+00 0.286755E-01 0.139879E+01 0.845619E+00
    16911.00  0.466676E+00 0.141152E-01 0.147932E+01 0.812465E+00
    17011.00  0.490443E+00 0.480981E-02 0.154941E+01 0.776257E+00
    17111.00  0.513259E+00 0.444539E-03 0.160826E+01 0.737289E+00
    17211.00  0.534948E+00 0.670559E-03 0.165530E+01 0.695891E+00
    17311.00  0.555335E+00 0.511056E-02 0.169017E+01 0.652423E+00
    17411.00  0.574254E+00 0.133644E-01 0.171269E+01 0.607272E+00
    17511.00  0.591548E+00 0.250149E-01 0.172286E+01 0.560852E+00
    17611.00  0.607071E+00 0.396333E-01 0.172088E+01 0.513596E+00
    17711.00  0.620688E+00 0.567842E-01 0.170710E+01 0.465954E+00
    17811.00  0.632279E+00 0.760313E-01 0.168203E+01 0.418388E+00
    17911.00  0.641737E+00 0.969420E-01 0.164629E+01 0.371366E+00
    18011.00  0.648973E+00 0.119091E+00 0.160065E+01 0.325354E+00
    18111.00  0.653912E+00 0.142067E+00 0.154597E+01 0.280818E+00
    18211.00  0.656501E+00 0.165473E+00 0.148319E+01 0.238210E+00
    18311.00  0.656701E+00 0.188932E+00 0.141332E+01 0.197968E+00
    18411.00  0.654494E+00 0.212090E+00 0.133743E+01 0.160509E+00
    18511.00  0.649883E+00 0.234619E+00 0.125660E+01 0.126222E+00
    18611.00  0.642887E+00 0.256216E+00 0.117195E+01 0.954679E-01
    18711.00  0.633546E+00 0.276608E+00 0.108459E+01 0.685699E-01
    18811.00  0.621919E+00 0.295554E+00 0.995598E+00 0.458131E-01
    18911.00  0.608085E+00 0.312843E+00 0.906051E+00 0.274393E-01
    19011.00  0.592138E+00 0.328296E+00 0.816964E+00 0.136447E-01
    19111.00  0.574192E+00 0.341765E+00 0.729308E+00 0.457738E-02
    19311.00  0.532840E+00 0.362328E+00 0.561829E+00 0.965982E-03
    19511.00  0.485246E+00 0.373986E+00 0.409930E+00 0.167739E-01
    19711.00  0.432838E+00 0.376662E+00 0.278573E+00 0.513481E-01
    19911.00  0.377204E+00 0.370703E+00 0.171241E+00 0.103243E+00
    20111.00  0.320040E+00 0.356818E+00 0.899139E-01 0.170282E+00
    20311.00  0.263098E+00 0.336011E+00 0.351216E-01 0.249661E+00
    20511.00  0.208126E+00 0.309506E+00 0.605881E-02 0.338060E+00
    20711.00  0.156810E+00 0.278671E+00 0.761250E-03 0.431794E+00
    20911.00  0.110725E+00 0.244944E+00 0.163180E-01 0.526967E+00
    21111.00  0.712795E-01 0.209765E+00 0.491091E-01 0.619630E+00
    21311.00  0.396763E-01 0.174515E+00 0.950539E-01 0.705957E+00
    21511.00  0.168733E-01 0.140454E+00 0.149855E+00 0.782387E+00
    21711.00  0.355680E-02 0.108690E+00 0.209229E+00 0.845783E+00
    21911.00  0.122119E-03 0.801352E-01 0.269111E+00 0.893549E+00
    22111.00  0.666465E-02 0.554902E-01 0.325829E+00 0.923742E+00
    22311.00  0.229803E-01 0.352320E-01 0.376245E+00 0.935148E+00
    22511.00  0.485753E-01 0.196132E-01 0.417846E+00 0.927323E+00
    22711.00  0.826856E-01 0.867223E-02 0.448809E+00 0.900626E+00
    22911.00  0.124303E+00 0.224937E-02 0.468016E+00 0.856181E+00
    23111.00  0.172209E+00 0.116592E-04 0.475047E+00 0.795849E+00
    23311.00  0.225017E+00 0.148166E-02 0.470122E+00 0.722137E+00
    23511.00  0.281212E+00 0.607020E-02 0.454038E+00 0.638100E+00
    23711.00  0.339202E+00 0.131108E-01 0.428073E+00 0.547203E+00
    23911.00  0.397362E+00 0.218947E-01 0.393880E+00 0.453185E+00
    24111.00  0.454086E+00 0.317045E-01 0.353376E+00 0.359892E+00
    24311.00  0.507830E+00 0.418452E-01 0.308623E+00 0.271115E+00
    24511.00  0.557158E+00 0.516729E-01 0.261723E+00 0.190432E+00
    24711.00  0.600775E+00 0.606176E-01 0.214708E+00 0.121049E+00
    24911.00  0.637572E+00 0.682025E-01 0.169455E+00 0.656695E-01
    25111.00  0.666636E+00 0.740569E-01 0.127608E+00 0.263739E-01
    25311.00  0.687292E+00 0.779254E-01 0.905235E-01 0.453775E-02
    25511.00  0.699094E+00 0.796688E-01 0.592270E-01 0.773998E-03
    25711.00  0.701851E+00 0.792640E-01 0.343958E-01 0.149133E-01
    25911.00  0.695609E+00 0.767951E-01 0.163540E-01 0.460184E-01
    26111.00  0.680656E+00 0.724443E-01 0.508721E-02 0.924335E-01
    26311.00  0.657499E+00 0.664767E-01 0.270293E-03 0.151866E+00
    26511.00  0.626848E+00 0.592241E-01 0.130761E-02 0.221494E+00
    26711.00  0.589586E+00 0.510668E-01 0.738247E-02 0.298105E+00
    26911.00  0.546744E+00 0.424144E-01 0.175128E-01 0.378236E+00
         IE==>      4            5            6            7
        1.00  0.000000E+00 0.000000E+00 0.000000E+00 0.000000E+00
        2.00  0.343069E-37 0.154795E-34 0.751151E-34 0.264781E-33
        3.00  0.409058E-34 0.187693E-31 0.907219E-31 0.317368E-30
        4.00  0.620848E-32 0.289727E-29 0.139490E-28 0.484254E-28
        5.00  0.304542E-30 0.144559E-27 0.693250E-27 0.238827E-26
        6.00  0.731176E-29 0.353073E-26 0.168655E-25 0.576559E-25
        7.00  0.107215E-27 0.526745E-25 0.250623E-24 0.850164E-24
        8.00  0.109583E-26 0.547829E-24 0.259627E-23 0.873885E-23
        9.00  0.850168E-26 0.432532E-23 0.204177E-22 0.681898E-22
       10.00  0.530657E-25 0.274788E-22 0.129202E-21 0.428128E-21
       11.00  0.277779E-24 0.146424E-21 0.685745E-21 0.225448E-20
       12.00  0.125740E-23 0.674798E-21 0.314776E-20 0.102671E-19
       13.00  0.503781E-23 0.275291E-20 0.127908E-19 0.413897E-19
       14.00  0.181913E-22 0.101234E-19 0.468494E-19 0.150395E-18
       15.00  0.600576E-22 0.340410E-19 0.156911E-18 0.499691E-18
       16.00  0.183390E-21 0.105888E-18 0.486148E-18 0.153574E-17
       17.00  0.522867E-21 0.307584E-18 0.140655E-17 0.440750E-17
       18.00  0.140287E-20 0.840925E-18 0.383016E-17 0.119049E-16
       19.00  0.356537E-20 0.217810E-17 0.988107E-17 0.304626E-16
       20.00  0.863100E-20 0.537451E-17 0.242844E-16 0.742557E-16
       21.00  0.199961E-19 0.126939E-16 0.571277E-16 0.173249E-15
       22.00  0.445169E-19 0.288151E-16 0.129161E-15 0.388474E-15
       23.00  0.955732E-19 0.630881E-16 0.281655E-15 0.840112E-15
       24.00  0.198479E-18 0.133634E-15 0.594213E-15 0.175766E-14
       25.00  0.399791E-18 0.274600E-15 0.121613E-14 0.356721E-14
       26.00  0.782937E-18 0.548703E-15 0.242030E-14 0.703974E-14
       27.00  0.149388E-17 0.106843E-14 0.469385E-14 0.135374E-13
       28.00  0.278235E-17 0.203116E-14 0.888742E-14 0.254148E-13
       29.00  0.506701E-17 0.377628E-14 0.164567E-13 0.466594E-13
       30.00  0.903627E-17 0.687648E-14 0.298463E-13 0.838984E-13
       31.00  0.158021E-16 0.122812E-13 0.530897E-13 0.147953E-12
       32.00  0.271311E-16 0.215392E-13 0.927339E-13 0.256201E-12
       33.00  0.457856E-16 0.371377E-13 0.159244E-12 0.436133E-12
       34.00  0.760226E-16 0.630149E-13 0.269109E-12 0.730596E-12
       35.00  0.124312E-15 0.105322E-12 0.447959E-12 0.120548E-11
       36.00  0.200357E-15 0.173545E-12 0.735131E-12 0.196084E-11
       37.00  0.318537E-15 0.282139E-12 0.119027E-11 0.314674E-11
       38.00  0.499907E-15 0.452882E-12 0.190283E-11 0.498574E-11
       39.00  0.774957E-15 0.718238E-12 0.300545E-11 0.780433E-11
       40.00  0.118738E-14 0.112610E-11 0.469294E-11 0.120767E-10
       42.00  0.269744E-14 0.268071E-11 0.110805E-10 0.279997E-10
       44.00  0.588468E-14 0.613437E-11 0.251488E-10 0.623903E-10
       46.00  0.123714E-13 0.135418E-10 0.550617E-10 0.134082E-09
       48.00  0.251396E-13 0.289271E-10 0.116654E-09 0.278776E-09
       50.00  0.495098E-13 0.599563E-10 0.239794E-09 0.562264E-09
       52.00  0.947174E-13 0.120866E-09 0.479411E-09 0.110272E-08
       54.00  0.176388E-12 0.237481E-09 0.934174E-09 0.210738E-08
       56.00  0.320331E-12 0.455656E-09 0.177754E-08 0.393187E-08
       58.00  0.568231E-12 0.855188E-09 0.330841E-08 0.717405E-08
       60.00  0.985988E-12 0.157241E-08 0.603239E-08 0.128203E-07
       62.00  0.167571E-11 0.283625E-08 0.107901E-07 0.224696E-07
       64.00  0.279260E-11 0.502506E-08 0.189571E-07 0.386718E-07
       66.00  0.456818E-11 0.875480E-08 0.327503E-07 0.654309E-07
       68.00  0.734178E-11 0.150144E-07 0.556936E-07 0.108945E-06
       70.00  0.116021E-10 0.253706E-07 0.933145E-07 0.178677E-06
       72.00  0.180412E-10 0.422760E-07 0.154178E-06 0.288896E-06
       74.00  0.276222E-10 0.695242E-07 0.251400E-06 0.460854E-06
       76.00  0.416642E-10 0.112921E-06 0.404850E-06 0.725852E-06
       78.00  0.619424E-10 0.181260E-06 0.644319E-06 0.112949E-05
       80.00  0.908051E-10 0.287730E-06 0.101404E-05 0.173753E-05
       82.00  0.131304E-09 0.451936E-06 0.157910E-05 0.264390E-05
       84.00  0.187332E-09 0.702766E-06 0.243440E-05 0.398152E-05
       86.00  0.263752E-09 0.108244E-05 0.371727E-05 0.593688E-05
       88.00  0.366510E-09 0.165218E-05 0.562480E-05 0.876945E-05
       90.00  0.502692E-09 0.250013E-05 0.843786E-05 0.128374E-04
       92.00  0.680497E-09 0.375232E-05 0.125539E-04 0.186313E-04
       94.00  0.909072E-09 0.558772E-05 0.185315E-04 0.268187E-04
       96.00  0.119815E-08 0.825897E-05 0.271511E-04 0.383009E-04
       98.00  0.155739E-08 0.121205E-04 0.394964E-04 0.542879E-04
      100.00  0.199536E-08 0.176668E-04 0.570637E-04 0.763926E-04
      102.00  0.251807E-08 0.255841E-04 0.819077E-04 0.106753E-03
      104.00  0.312688E-08 0.368198E-04 0.116836E-03 0.148187E-03
      106.00  0.381584E-08 0.526756E-04 0.165667E-03 0.204384E-03
      108.00  0.456840E-08 0.749318E-04 0.233567E-03 0.280157E-03
      110.00  0.535364E-08 0.106013E-03 0.327499E-03 0.381744E-03
      112.00  0.612233E-08 0.149207E-03 0.456809E-03 0.517193E-03
      114.00  0.680364E-08 0.208955E-03 0.633989E-03 0.696839E-03
      116.00  0.730366E-08 0.291236E-03 0.875680E-03 0.933894E-03
      118.00  0.750808E-08 0.404070E-03 0.120397E-02 0.124517E-02
      122.00  0.654466E-08 0.767846E-03 0.224653E-02 0.218120E-02
      126.00  0.337374E-08 0.143602E-02 0.412502E-02 0.375067E-02
      130.00  0.598065E-10 0.264681E-02 0.746391E-02 0.633859E-02
      134.00  0.725944E-08 0.481434E-02 0.133261E-01 0.105395E-01
      138.00  0.585890E-07 0.865262E-02 0.235064E-01 0.172597E-01
      142.00  0.242764E-06 0.153844E-01 0.410141E-01 0.278631E-01
      146.00  0.772197E-06 0.270925E-01 0.708697E-01 0.443797E-01
      150.00  0.212464E-05 0.473112E-01 0.121416E+00 0.697989E-01
      154.00  0.532887E-05 0.820239E-01 0.206488E+00 0.108481E+00
      158.00  0.125312E-04 0.141353E+00 0.349012E+00 0.166730E+00
      162.00  0.281075E-04 0.242440E+00 0.587030E+00 0.253588E+00
      166.00  0.608308E-04 0.414402E+00 0.983866E+00 0.381937E+00
      170.00  0.128097E-03 0.706954E+00 0.164550E+01 0.570024E+00
      174.00  0.264181E-03 0.120564E+01 0.275076E+01 0.843574E+00
      178.00  0.536529E-03 0.205923E+01 0.460469E+01 0.123877E+01
      182.00  0.107831E-02 0.353020E+01 0.773547E+01 0.180643E+01
      186.00  0.215485E-02 0.609033E+01 0.130752E+02 0.261816E+01
      190.00  0.430289E-02 0.106083E+02 0.223104E+02 0.377539E+01
      194.00  0.863338E-02 0.187344E+02 0.385901E+02 0.542351E+01
      198.00  0.175222E-01 0.337324E+02 0.680431E+02 0.777521E+01
      202.00  0.362877E-01 0.624096E+02 0.123257E+03 0.111521E+02
      206.00  0.776234E-01 0.120010E+03 0.232020E+03 0.160670E+02
      210.00  0.174729E+00 0.244199E+03 0.462078E+03 0.234109E+02
      214.00  0.427077E+00 0.542273E+03 0.100409E+04 0.349581E+02
      218.00  0.120466E+01 0.139600E+04 0.252894E+04 0.551257E+02
      222.00  0.454622E+01 0.482812E+04 0.855547E+04 0.100208E+03
      226.00  0.410391E+02 0.400936E+05 0.694807E+05 0.324355E+03
      230.00  0.257037E+03 0.231807E+06 0.392780E+06 0.306199E+03
      234.00  0.222857E+02 0.186122E+05 0.308291E+05 0.521459E+01
      238.00  0.103449E+02 0.802448E+04 0.129905E+05 0.385484E+02
      242.00  0.717442E+01 0.518305E+04 0.819862E+04 0.763569E+02
      246.00  0.597101E+01 0.402766E+04 0.622381E+04 0.120462E+03
      250.00  0.550841E+01 0.347747E+04 0.524822E+04 0.174504E+03
      254.00  0.542400E+01 0.321176E+04 0.473296E+04 0.242171E+03
      258.00  0.558281E+01 0.310712E+04 0.446972E+04 0.327563E+03
      262.00  0.593055E+01 0.310828E+04 0.436379E+04 0.435487E+03
      266.00  0.644818E+01 0.318837E+04 0.436738E+04 0.571706E+03
      270.00  0.713513E+01 0.333411E+04 0.445477E+04 0.743176E+03
      274.00  0.800246E+01 0.353953E+04 0.461173E+04 0.958317E+03
      282.00  0.103647E+02 0.412581E+04 0.510742E+04 0.156241E+04
      290.00  0.137834E+02 0.496470E+04 0.583232E+04 0.249302E+04
      298.00  0.186345E+02 0.610329E+04 0.679550E+04 0.390716E+04
      306.00  0.254502E+02 0.761320E+04 0.802332E+04 0.602856E+04
      314.00  0.349660E+02 0.959163E+04 0.955422E+04 0.917288E+04
      322.00  0.481861E+02 0.121654E+05 0.114366E+05 0.137811E+05
      330.00  0.664714E+02 0.154973E+05 0.137277E+05 0.204636E+05
      338.00  0.916554E+02 0.197937E+05 0.164933E+05 0.300582E+05
      346.00  0.126195E+03 0.253157E+05 0.198074E+05 0.437055E+05
      354.00  0.173367E+03 0.323914E+05 0.237512E+05 0.629469E+05
      362.00  0.237521E+03 0.414318E+05 0.284127E+05 0.898503E+05
      370.00  0.324405E+03 0.529496E+05 0.338850E+05 0.127171E+06
      378.00  0.441579E+03 0.675829E+05 0.402640E+05 0.178557E+06
      386.00  0.598948E+03 0.861229E+05 0.476458E+05 0.248808E+06
      394.00  0.809441E+03 0.109549E+06 0.561232E+05 0.344206E+06
      402.00  0.108987E+04 0.139069E+06 0.657809E+05 0.472929E+06
      410.00  0.146202E+04 0.176172E+06 0.766890E+05 0.645570E+06
      418.00  0.195400E+04 0.222686E+06 0.888960E+05 0.875779E+06
      426.00  0.260200E+04 0.280847E+06 0.102419E+06 0.118107E+07
      434.00  0.345243E+04 0.353396E+06 0.117235E+06 0.158383E+07
      442.00  0.456466E+04 0.443675E+06 0.133266E+06 0.211255E+07
      450.00  0.601445E+04 0.555758E+06 0.150370E+06 0.280336E+07
      458.00  0.789816E+04 0.694602E+06 0.168321E+06 0.370191E+07
      466.00  0.103381E+05 0.866227E+06 0.186796E+06 0.486573E+07
      474.00  0.134892E+05 0.107793E+07 0.205363E+06 0.636704E+07
      482.00  0.175470E+05 0.133856E+07 0.223457E+06 0.829625E+07
      490.00  0.227583E+05 0.165881E+07 0.240380E+06 0.107663E+08
      498.00  0.294338E+05 0.205162E+07 0.255287E+06 0.139180E+08
      506.00  0.379636E+05 0.253260E+07 0.267194E+06 0.179262E+08
      514.00  0.488377E+05 0.312061E+07 0.274990E+06 0.230081E+08
      522.00  0.626695E+05 0.383836E+07 0.277476E+06 0.294324E+08
      530.00  0.802268E+05 0.471323E+07 0.273426E+06 0.375315E+08
      538.00  0.102469E+06 0.577823E+07 0.261699E+06 0.477154E+08
      546.00  0.130596E+06 0.707308E+07 0.241393E+06 0.604902E+08
      554.00  0.166103E+06 0.864567E+07 0.212083E+06 0.764788E+08
      562.00  0.210857E+06 0.105537E+08 0.174165E+06 0.964482E+08
      570.00  0.267186E+06 0.128666E+08 0.129329E+06 0.121341E+09
      578.00  0.337991E+06 0.156683E+08 0.812255E+05 0.152318E+09
      586.00  0.426889E+06 0.190598E+08 0.363797E+05 0.190802E+09
      596.00  0.570430E+06 0.243168E+08 0.164154E+04 0.252170E+09
      606.00  0.760709E+06 0.309838E+08 0.231873E+05 0.332364E+09
      616.00  0.101269E+07 0.394365E+08 0.156707E+06 0.436991E+09
      626.00  0.134616E+07 0.501532E+08 0.489902E+06 0.573327E+09
      636.00  0.178730E+07 0.637445E+08 0.115754E+07 0.750828E+09
      646.00  0.237086E+07 0.809925E+08 0.236305E+07 0.981808E+09
      656.00  0.314312E+07 0.102902E+09 0.440959E+07 0.128235E+10
      666.00  0.416587E+07 0.130773E+09 0.774466E+07 0.167355E+10
      676.00  0.552199E+07 0.166290E+09 0.130245E+08 0.218314E+10
      686.00  0.732312E+07 0.211651E+09 0.212073E+08 0.284783E+10
      696.00  0.972045E+07 0.269746E+09 0.336890E+08 0.371640E+10
      706.00  0.129200E+08 0.344389E+09 0.525015E+08 0.485407E+10
      716.00  0.172042E+08 0.440664E+09 0.806064E+08 0.634871E+10
      726.00  0.229635E+08 0.565399E+09 0.122331E+09 0.831957E+10
      736.00  0.307420E+08 0.727847E+09 0.184021E+09 0.109298E+11
      746.00  0.413045E+08 0.940666E+09 0.275038E+09 0.144049E+11
      756.00  0.557366E+08 0.122135E+10 0.409270E+09 0.190591E+11
      766.00  0.755947E+08 0.159432E+10 0.607483E+09 0.253351E+11
      776.00  0.103133E+09 0.209401E+10 0.900972E+09 0.338626E+11
      786.00  0.141646E+09 0.276944E+10 0.133727E+10 0.455454E+11
      796.00  0.195982E+09 0.369071E+10 0.198905E+10 0.616885E+11
      806.00  0.273294E+09 0.495820E+10 0.296771E+10 0.841777E+11
      816.00  0.384055E+09 0.671386E+10 0.444324E+10 0.115710E+12
      826.00  0.543191E+09 0.915157E+10 0.666962E+10 0.160020E+12
      836.00  0.770587E+09 0.125142E+11 0.100068E+11 0.221881E+12
      846.00  0.108867E+10 0.170443E+11 0.149041E+11 0.306272E+12
      856.00  0.151203E+10 0.228249E+11 0.217591E+11 0.415455E+12
      866.00  0.202364E+10 0.294578E+11 0.305294E+11 0.542854E+12
      876.00  0.254621E+10 0.357463E+11 0.401709E+11 0.666606E+12
      886.00  0.295135E+10 0.399641E+11 0.485824E+11 0.753802E+12
      896.00  0.313802E+10 0.409876E+11 0.537818E+11 0.781607E+12
      906.00  0.310576E+10 0.391332E+11 0.553117E+11 0.754109E+12
      916.00  0.293172E+10 0.356375E+11 0.541561E+11 0.693675E+12
      926.00  0.270009E+10 0.316657E+11 0.516461E+11 0.622319E+12
      936.00  0.246530E+10 0.278948E+11 0.487496E+11 0.553271E+12
      946.00  0.225262E+10 0.245921E+11 0.459816E+11 0.492064E+12
      956.00  0.206984E+10 0.218023E+11 0.435531E+11 0.439912E+12
      966.00  0.191656E+10 0.194781E+11 0.415166E+11 0.396164E+12
      976.00  0.178936E+10 0.175458E+11 0.398541E+11 0.359581E+12
      986.00  0.168412E+10 0.159328E+11 0.385229E+11 0.328885E+12
      996.00  0.159700E+10 0.145764E+11 0.374750E+11 0.302948E+12
     1006.00  0.152470E+10 0.134256E+11 0.366656E+11 0.280839E+12
     1016.00  0.146450E+10 0.124400E+11 0.360559E+11 0.261812E+12
     1026.00  0.141422E+10 0.115876E+11 0.356127E+11 0.245275E+12
     1036.00  0.137207E+10 0.108434E+11 0.353087E+11 0.230759E+12
     1046.00  0.133662E+10 0.101876E+11 0.351210E+11 0.217893E+12
     1056.00  0.130673E+10 0.960440E+10 0.350305E+11 0.206382E+12
     1066.00  0.128144E+10 0.908147E+10 0.350212E+11 0.195991E+12
     1076.00  0.126001E+10 0.860878E+10 0.350798E+11 0.186530E+12
     1086.00  0.124178E+10 0.817829E+10 0.351948E+11 0.177848E+12
     1096.00  0.122623E+10 0.778347E+10 0.353566E+11 0.169821E+12
     1106.00  0.121294E+10 0.741899E+10 0.355567E+11 0.162347E+12
     1116.00  0.120152E+10 0.708048E+10 0.357878E+11 0.155345E+12
     1126.00  0.119166E+10 0.676436E+10 0.360436E+11 0.148746E+12
     1136.00  0.118311E+10 0.646764E+10 0.363183E+11 0.142496E+12
     1146.00  0.117564E+10 0.618788E+10 0.366070E+11 0.136549E+12
     1156.00  0.116904E+10 0.592303E+10 0.369054E+11 0.130866E+12
     1166.00  0.116317E+10 0.567138E+10 0.372096E+11 0.125418E+12
     1176.00  0.115787E+10 0.543151E+10 0.375162E+11 0.120178E+12
     1186.00  0.115302E+10 0.520222E+10 0.378220E+11 0.115127E+12
     1196.00  0.114852E+10 0.498251E+10 0.381242E+11 0.110245E+12
     1206.00  0.114428E+10 0.477153E+10 0.384204E+11 0.105521E+12
     1216.00  0.114021E+10 0.456859E+10 0.387085E+11 0.100941E+12
     1226.00  0.113625E+10 0.437309E+10 0.389866E+11 0.964977E+11
     1236.00  0.113234E+10 0.418453E+10 0.392530E+11 0.921829E+11
     1246.00  0.112844E+10 0.400249E+10 0.395062E+11 0.879910E+11
     1256.00  0.112450E+10 0.382660E+10 0.397450E+11 0.839173E+11
     1266.00  0.112049E+10 0.365657E+10 0.399683E+11 0.799580E+11
     1276.00  0.111638E+10 0.349213E+10 0.401752E+11 0.761103E+11
     1286.00  0.111214E+10 0.333305E+10 0.403649E+11 0.723720E+11
     1296.00  0.110775E+10 0.317916E+10 0.405368E+11 0.687413E+11
     1306.00  0.110321E+10 0.303026E+10 0.406904E+11 0.652169E+11
     1316.00  0.109849E+10 0.288623E+10 0.408253E+11 0.617977E+11
     1326.00  0.109359E+10 0.274693E+10 0.409412E+11 0.584831E+11
     1336.00  0.108849E+10 0.261224E+10 0.410380E+11 0.552722E+11
     1346.00  0.108321E+10 0.248205E+10 0.411155E+11 0.521645E+11
     1356.00  0.107773E+10 0.235627E+10 0.411738E+11 0.491595E+11
     1366.00  0.107204E+10 0.223479E+10 0.412127E+11 0.462566E+11
     1376.00  0.106616E+10 0.211754E+10 0.412325E+11 0.434552E+11
     1386.00  0.106009E+10 0.200442E+10 0.412332E+11 0.407549E+11
     1396.00  0.105381E+10 0.189537E+10 0.412151E+11 0.381549E+11
     1406.00  0.104735E+10 0.179030E+10 0.411786E+11 0.356547E+11
     1416.00  0.104070E+10 0.168914E+10 0.411237E+11 0.332534E+11
     1426.00  0.103387E+10 0.159180E+10 0.410510E+11 0.309501E+11
     1436.00  0.102687E+10 0.149823E+10 0.409607E+11 0.287440E+11
     1446.00  0.101969E+10 0.140833E+10 0.408532E+11 0.266339E+11
     1456.00  0.101235E+10 0.132205E+10 0.407290E+11 0.246187E+11
     1466.00  0.100486E+10 0.123930E+10 0.405884E+11 0.226973E+11
     1476.00  0.997208E+09 0.116000E+10 0.404320E+11 0.208682E+11
     1486.00  0.989418E+09 0.108410E+10 0.402602E+11 0.191302E+11
     1496.00  0.981493E+09 0.101151E+10 0.400734E+11 0.174816E+11
     1506.00  0.973439E+09 0.942158E+09 0.398723E+11 0.159211E+11
     1516.00  0.965264E+09 0.875970E+09 0.396572E+11 0.144468E+11
     1526.00  0.956975E+09 0.812872E+09 0.394287E+11 0.130572E+11
     1536.00  0.948578E+09 0.752788E+09 0.391872E+11 0.117505E+11
     1546.00  0.940080E+09 0.695644E+09 0.389332E+11 0.105249E+11
     1556.00  0.931489E+09 0.641365E+09 0.386673E+11 0.937852E+10
     1566.00  0.922810E+09 0.589878E+09 0.383899E+11 0.830943E+10
     1576.00  0.914051E+09 0.541108E+09 0.381015E+11 0.731574E+10
     1586.00  0.905218E+09 0.494981E+09 0.378027E+11 0.639545E+10
     1596.00  0.896317E+09 0.451425E+09 0.374938E+11 0.554659E+10
     1606.00  0.887354E+09 0.410367E+09 0.371753E+11 0.476713E+10
     1616.00  0.878334E+09 0.371734E+09 0.368478E+11 0.405505E+10
     1626.00  0.869263E+09 0.335455E+09 0.365117E+11 0.340828E+10
     1636.00  0.860146E+09 0.301460E+09 0.361673E+11 0.282480E+10
     1646.00  0.850988E+09 0.269678E+09 0.358151E+11 0.230254E+10
     1656.00  0.841795E+09 0.240041E+09 0.354557E+11 0.183944E+10
     1666.00  0.832571E+09 0.212480E+09 0.350893E+11 0.143347E+10
     1676.00  0.823321E+09 0.186929E+09 0.347165E+11 0.108258E+10
     1686.00  0.814050E+09 0.163321E+09 0.343375E+11 0.784738E+09
     1696.00  0.804762E+09 0.141590E+09 0.339530E+11 0.537928E+09
     1706.00  0.795462E+09 0.121674E+09 0.335631E+11 0.340149E+09
     1716.00  0.786154E+09 0.103509E+09 0.331683E+11 0.189419E+09
     1726.00  0.776841E+09 0.870319E+08 0.327691E+11 0.837756E+08
     1736.00  0.767528E+09 0.721831E+08 0.323656E+11 0.212806E+08
     1746.00  0.758217E+09 0.589024E+08 0.319584E+11 0.206280E+05
     1756.00  0.748914E+09 0.471312E+08 0.315477E+11 0.181088E+08
     1766.00  0.739622E+09 0.368119E+08 0.311339E+11 0.736869E+08
     1776.00  0.730344E+09 0.278883E+08 0.307174E+11 0.164926E+09
     1786.00  0.721083E+09 0.203051E+08 0.302984E+11 0.290030E+09
     1796.00  0.711843E+09 0.140083E+08 0.298774E+11 0.447234E+09
     1806.00  0.702627E+09 0.894489E+07 0.294545E+11 0.634808E+09
     1816.00  0.693437E+09 0.506327E+07 0.290301E+11 0.851054E+09
     1826.00  0.684276E+09 0.231284E+07 0.286045E+11 0.109431E+10
     1836.00  0.675148E+09 0.644209E+06 0.281780E+11 0.136296E+10
     1846.00  0.666054E+09 0.913383E+04 0.277508E+11 0.165540E+10
     1856.00  0.656996E+09 0.360523E+06 0.273232E+11 0.197009E+10
     1866.00  0.647979E+09 0.165243E+07 0.268954E+11 0.230552E+10
     1876.00  0.639003E+09 0.384004E+07 0.264678E+11 0.266021E+10
     1886.00  0.630071E+09 0.687967E+07 0.260404E+11 0.303273E+10
     1896.00  0.621185E+09 0.107287E+08 0.256137E+11 0.342167E+10
     1906.00  0.612347E+09 0.153458E+08 0.251878E+11 0.382568E+10
     1916.00  0.603559E+09 0.206905E+08 0.247628E+11 0.424343E+10
     1926.00  0.594822E+09 0.267234E+08 0.243391E+11 0.467365E+10
     1936.00  0.586139E+09 0.334064E+08 0.239168E+11 0.511509E+10
     1946.00  0.577510E+09 0.407024E+08 0.234961E+11 0.556654E+10
     1956.00  0.568938E+09 0.485750E+08 0.230772E+11 0.602684E+10
     1966.00  0.560423E+09 0.569893E+08 0.226602E+11 0.649485E+10
     1976.00  0.551968E+09 0.659111E+08 0.222454E+11 0.696949E+10
     1986.00  0.543574E+09 0.753073E+08 0.218329E+11 0.744971E+10
     1996.00  0.535242E+09 0.851459E+08 0.214229E+11 0.793449E+10
     2006.00  0.526974E+09 0.953955E+08 0.210155E+11 0.842285E+10
     2016.00  0.518770E+09 0.106026E+09 0.206109E+11 0.891384E+10
     2026.00  0.510631E+09 0.117008E+09 0.202092E+11 0.940657E+10
     2036.00  0.502560E+09 0.128314E+09 0.198105E+11 0.990015E+10
     2046.00  0.494556E+09 0.139915E+09 0.194150E+11 0.103938E+11
     2056.00  0.486620E+09 0.151786E+09 0.190227E+11 0.108866E+11
     2066.00  0.478755E+09 0.163900E+09 0.186339E+11 0.113779E+11
     2076.00  0.470959E+09 0.176233E+09 0.182486E+11 0.118669E+11
     2086.00  0.463236E+09 0.188761E+09 0.178669E+11 0.123529E+11
     2096.00  0.455584E+09 0.201461E+09 0.174889E+11 0.128353E+11
     2106.00  0.448005E+09 0.214310E+09 0.171147E+11 0.133135E+11
     2116.00  0.440499E+09 0.227286E+09 0.167445E+11 0.137867E+11
     2126.00  0.433068E+09 0.240370E+09 0.163782E+11 0.142545E+11
     2136.00  0.425710E+09 0.253541E+09 0.160159E+11 0.147164E+11
     2146.00  0.418428E+09 0.266779E+09 0.156578E+11 0.151717E+11
     2156.00  0.411221E+09 0.280067E+09 0.153039E+11 0.156200E+11
     2166.00  0.404090E+09 0.293386E+09 0.149543E+11 0.160608E+11
     2176.00  0.397035E+09 0.306719E+09 0.146089E+11 0.164938E+11
     2186.00  0.390056E+09 0.320050E+09 0.142680E+11 0.169185E+11
     2196.00  0.383154E+09 0.333363E+09 0.139314E+11 0.173345E+11
     2206.00  0.376329E+09 0.346643E+09 0.135993E+11 0.177415E+11
     2216.00  0.369581E+09 0.359875E+09 0.132717E+11 0.181392E+11
     2226.00  0.362911E+09 0.373046E+09 0.129486E+11 0.185272E+11
     2236.00  0.356318E+09 0.386142E+09 0.126302E+11 0.189054E+11
     2246.00  0.349802E+09 0.399150E+09 0.123163E+11 0.192733E+11
     2256.00  0.343364E+09 0.412059E+09 0.120070E+11 0.196308E+11
     2266.00  0.337004E+09 0.424857E+09 0.117023E+11 0.199777E+11
     2276.00  0.330721E+09 0.437533E+09 0.114024E+11 0.203138E+11
     2286.00  0.324516E+09 0.450076E+09 0.111071E+11 0.206388E+11
     2296.00  0.318388E+09 0.462477E+09 0.108164E+11 0.209528E+11
     2306.00  0.312338E+09 0.474727E+09 0.105305E+11 0.212554E+11
     2316.00  0.306365E+09 0.486815E+09 0.102493E+11 0.215467E+11
     2326.00  0.300470E+09 0.498735E+09 0.997276E+10 0.218265E+11
     2336.00  0.294651E+09 0.510478E+09 0.970093E+10 0.220947E+11
     2346.00  0.288910E+09 0.522037E+09 0.943380E+10 0.223513E+11
     2356.00  0.283245E+09 0.533404E+09 0.917137E+10 0.225962E+11
     2366.00  0.277657E+09 0.544573E+09 0.891361E+10 0.228294E+11
     2376.00  0.272145E+09 0.555538E+09 0.866052E+10 0.230509E+11
     2386.00  0.266709E+09 0.566293E+09 0.841209E+10 0.232606E+11
     2396.00  0.261349E+09 0.576833E+09 0.816830E+10 0.234587E+11
     2406.00  0.256064E+09 0.587153E+09 0.792913E+10 0.236450E+11
     2416.00  0.250855E+09 0.597248E+09 0.769456E+10 0.238197E+11
     2426.00  0.245720E+09 0.607115E+09 0.746457E+10 0.239828E+11
     2436.00  0.240660E+09 0.616749E+09 0.723914E+10 0.241344E+11
     2446.00  0.235673E+09 0.626147E+09 0.701823E+10 0.242745E+11
     2456.00  0.230761E+09 0.635305E+09 0.680183E+10 0.244032E+11
     2466.00  0.225921E+09 0.644221E+09 0.658989E+10 0.245205E+11
     2476.00  0.221154E+09 0.652893E+09 0.638238E+10 0.246267E+11
     2486.00  0.216460E+09 0.661317E+09 0.617928E+10 0.247218E+11
     2496.00  0.211837E+09 0.669493E+09 0.598055E+10 0.248060E+11
     2506.00  0.207286E+09 0.677417E+09 0.578614E+10 0.248792E+11
     2516.00  0.202805E+09 0.685090E+09 0.559603E+10 0.249418E+11
     2526.00  0.198395E+09 0.692509E+09 0.541016E+10 0.249937E+11
     2536.00  0.194055E+09 0.699674E+09 0.522851E+10 0.250353E+11
     2546.00  0.189784E+09 0.706584E+09 0.505103E+10 0.250665E+11
     2556.00  0.185581E+09 0.713239E+09 0.487768E+10 0.250876E+11
     2566.00  0.181447E+09 0.719638E+09 0.470841E+10 0.250988E+11
     2576.00  0.177381E+09 0.725782E+09 0.454318E+10 0.251002E+11
     2586.00  0.173381E+09 0.731671E+09 0.438195E+10 0.250920E+11
     2596.00  0.169448E+09 0.737304E+09 0.422465E+10 0.250743E+11
     2606.00  0.165581E+09 0.742684E+09 0.407126E+10 0.250473E+11
     2616.00  0.161780E+09 0.747809E+09 0.392171E+10 0.250113E+11
     2626.00  0.158043E+09 0.752683E+09 0.377597E+10 0.249664E+11
     2636.00  0.154370E+09 0.757304E+09 0.363398E+10 0.249128E+11
     2646.00  0.150760E+09 0.761676E+09 0.349569E+10 0.248507E+11
     2656.00  0.147214E+09 0.765799E+09 0.336105E+10 0.247803E+11
     2666.00  0.143729E+09 0.769675E+09 0.323001E+10 0.247018E+11
     2676.00  0.140307E+09 0.773306E+09 0.310253E+10 0.246154E+11
     2686.00  0.136945E+09 0.776694E+09 0.297854E+10 0.245212E+11
     2696.00  0.133644E+09 0.779841E+09 0.285799E+10 0.244196E+11
     2706.00  0.130402E+09 0.782748E+09 0.274084E+10 0.243107E+11
     2716.00  0.127220E+09 0.785419E+09 0.262703E+10 0.241947E+11
     2726.00  0.124096E+09 0.787855E+09 0.251651E+10 0.240719E+11
     2736.00  0.121030E+09 0.790060E+09 0.240922E+10 0.239423E+11
     2746.00  0.118020E+09 0.792034E+09 0.230511E+10 0.238063E+11
     2756.00  0.115068E+09 0.793783E+09 0.220413E+10 0.236640E+11
     2766.00  0.112171E+09 0.795307E+09 0.210623E+10 0.235157E+11
     2776.00  0.109329E+09 0.796610E+09 0.201135E+10 0.233615E+11
     2786.00  0.106542E+09 0.797695E+09 0.191943E+10 0.232017E+11
     2796.00  0.103809E+09 0.798566E+09 0.183044E+10 0.230365E+11
     2806.00  0.101129E+09 0.799224E+09 0.174430E+10 0.228660E+11
     2816.00  0.985011E+08 0.799673E+09 0.166097E+10 0.226905E+11
     2826.00  0.959254E+08 0.799917E+09 0.158040E+10 0.225101E+11
     2836.00  0.934009E+08 0.799958E+09 0.150253E+10 0.223251E+11
     2846.00  0.909269E+08 0.799801E+09 0.142731E+10 0.221357E+11
     2856.00  0.885028E+08 0.799447E+09 0.135469E+10 0.219420E+11
     2866.00  0.861279E+08 0.798900E+09 0.128462E+10 0.217443E+11
     2876.00  0.838015E+08 0.798165E+09 0.121704E+10 0.215427E+11
     2886.00  0.815230E+08 0.797244E+09 0.115190E+10 0.213374E+11
     2896.00  0.792918E+08 0.796140E+09 0.108916E+10 0.211287E+11
     2906.00  0.771072E+08 0.794858E+09 0.102875E+10 0.209167E+11
     2916.00  0.749684E+08 0.793401E+09 0.970634E+09 0.207015E+11
     2926.00  0.728750E+08 0.791772E+09 0.914758E+09 0.204834E+11
     2936.00  0.708262E+08 0.789976E+09 0.861071E+09 0.202626E+11
     2946.00  0.688214E+08 0.788014E+09 0.809526E+09 0.200392E+11
     2956.00  0.668599E+08 0.785892E+09 0.760072E+09 0.198133E+11
     2966.00  0.649412E+08 0.783613E+09 0.712662E+09 0.195853E+11
     2976.00  0.630645E+08 0.781180E+09 0.667246E+09 0.193551E+11
     2986.00  0.612292E+08 0.778596E+09 0.623779E+09 0.191230E+11
     2996.00  0.594348E+08 0.775866E+09 0.582212E+09 0.188892E+11
     3006.00  0.576805E+08 0.772993E+09 0.542498E+09 0.186538E+11
     3016.00  0.559658E+08 0.769981E+09 0.504594E+09 0.184169E+11
     3026.00  0.542900E+08 0.766833E+09 0.468451E+09 0.181788E+11
     3036.00  0.526526E+08 0.763552E+09 0.434026E+09 0.179395E+11
     3046.00  0.510529E+08 0.760143E+09 0.401275E+09 0.176993E+11
     3056.00  0.494903E+08 0.756609E+09 0.370152E+09 0.174581E+11
     3066.00  0.479642E+08 0.752954E+09 0.340616E+09 0.172163E+11
     3076.00  0.464741E+08 0.749181E+09 0.312623E+09 0.169739E+11
     3086.00  0.450193E+08 0.745293E+09 0.286130E+09 0.167311E+11
     3096.00  0.435992E+08 0.741295E+09 0.261097E+09 0.164879E+11
     3106.00  0.422133E+08 0.737189E+09 0.237482E+09 0.162446E+11
     3116.00  0.408610E+08 0.732978E+09 0.215245E+09 0.160012E+11
     3126.00  0.395417E+08 0.728668E+09 0.194346E+09 0.157579E+11
     3136.00  0.382548E+08 0.724259E+09 0.174745E+09 0.155147E+11
     3146.00  0.369999E+08 0.719757E+09 0.156404E+09 0.152719E+11
     3156.00  0.357762E+08 0.715164E+09 0.139285E+09 0.150294E+11
     3166.00  0.345833E+08 0.710484E+09 0.123351E+09 0.147874E+11
     3176.00  0.334207E+08 0.705720E+09 0.108564E+09 0.145461E+11
     3186.00  0.322877E+08 0.700875E+09 0.948879E+08 0.143055E+11
     3196.00  0.311839E+08 0.695953E+09 0.822879E+08 0.140657E+11
     3206.00  0.301087E+08 0.690956E+09 0.707286E+08 0.138268E+11
     3216.00  0.290616E+08 0.685888E+09 0.601754E+08 0.135889E+11
     3226.00  0.280420E+08 0.680751E+09 0.505947E+08 0.133521E+11
     3236.00  0.270495E+08 0.675549E+09 0.419532E+08 0.131165E+11
     3246.00  0.260836E+08 0.670285E+09 0.342184E+08 0.128821E+11
     3256.00  0.251437E+08 0.664961E+09 0.273582E+08 0.126490E+11
     3266.00  0.242293E+08 0.659581E+09 0.213413E+08 0.124174E+11
     3276.00  0.233400E+08 0.654148E+09 0.161370E+08 0.121873E+11
     3286.00  0.224753E+08 0.648663E+09 0.117151E+08 0.119587E+11
     3296.00  0.216346E+08 0.643131E+09 0.804603E+07 0.117318E+11
     3306.00  0.208175E+08 0.637554E+09 0.510086E+07 0.115065E+11
     3316.00  0.200236E+08 0.631934E+09 0.285122E+07 0.112830E+11
     3326.00  0.192524E+08 0.626274E+09 0.126934E+07 0.110613E+11
     3336.00  0.185034E+08 0.620577E+09 0.328043E+06 0.108415E+11
     3346.00  0.177762E+08 0.614846E+09 0.718636E+03 0.106236E+11
     3356.00  0.170702E+08 0.609083E+09 0.261350E+06 0.104077E+11
     3366.00  0.163852E+08 0.603290E+09 0.108449E+07 0.101938E+11
     3376.00  0.157206E+08 0.597469E+09 0.244527E+07 0.998203E+10
     3386.00  0.150760E+08 0.591625E+09 0.431938E+07 0.977235E+10
     3396.00  0.144511E+08 0.585757E+09 0.668306E+07 0.956484E+10
     3406.00  0.138453E+08 0.579870E+09 0.951313E+07 0.935952E+10
     3416.00  0.132583E+08 0.573965E+09 0.127869E+08 0.915645E+10
     3426.00  0.126896E+08 0.568044E+09 0.164824E+08 0.895565E+10
     3436.00  0.121389E+08 0.562110E+09 0.205779E+08 0.875717E+10
     3446.00  0.116058E+08 0.556165E+09 0.250526E+08 0.856102E+10
     3456.00  0.110898E+08 0.550210E+09 0.298858E+08 0.836724E+10
     3466.00  0.105907E+08 0.544249E+09 0.350575E+08 0.817585E+10
     3476.00  0.101079E+08 0.538283E+09 0.405485E+08 0.798689E+10
     3486.00  0.964125E+07 0.532313E+09 0.463396E+08 0.780037E+10
     3496.00  0.919026E+07 0.526343E+09 0.524125E+08 0.761630E+10
     3506.00  0.875458E+07 0.520373E+09 0.587492E+08 0.743472E+10
     3516.00  0.833387E+07 0.514406E+09 0.653323E+08 0.725564E+10
     3526.00  0.792778E+07 0.508443E+09 0.721448E+08 0.707907E+10
     3536.00  0.753596E+07 0.502486E+09 0.791701E+08 0.690502E+10
     3546.00  0.715808E+07 0.496537E+09 0.863924E+08 0.673350E+10
     3556.00  0.679379E+07 0.490598E+09 0.937959E+08 0.656453E+10
     3566.00  0.644278E+07 0.484669E+09 0.101366E+09 0.639811E+10
     3576.00  0.610472E+07 0.478753E+09 0.109087E+09 0.623425E+10
     3586.00  0.577929E+07 0.472852E+09 0.116946E+09 0.607296E+10
     3596.00  0.546619E+07 0.466966E+09 0.124928E+09 0.591423E+10
     3606.00  0.516509E+07 0.461097E+09 0.133021E+09 0.575807E+10
     3616.00  0.487571E+07 0.455247E+09 0.141211E+09 0.560447E+10
     3626.00  0.459775E+07 0.449416E+09 0.149485E+09 0.545344E+10
     3636.00  0.433091E+07 0.443607E+09 0.157833E+09 0.530498E+10
     3646.00  0.407490E+07 0.437821E+09 0.166242E+09 0.515907E+10
     3656.00  0.382945E+07 0.432058E+09 0.174700E+09 0.501572E+10
     3666.00  0.359428E+07 0.426320E+09 0.183197E+09 0.487491E+10
     3676.00  0.336912E+07 0.420608E+09 0.191723E+09 0.473665E+10
     3686.00  0.315369E+07 0.414924E+09 0.200267E+09 0.460091E+10
     3696.00  0.294775E+07 0.409268E+09 0.208819E+09 0.446769E+10
     3706.00  0.275102E+07 0.403641E+09 0.217370E+09 0.433699E+10
     3716.00  0.256327E+07 0.398045E+09 0.225911E+09 0.420878E+10
     3726.00  0.238423E+07 0.392480E+09 0.234433E+09 0.408305E+10
     3736.00  0.221367E+07 0.386948E+09 0.242928E+09 0.395980E+10
     3746.00  0.205135E+07 0.381448E+09 0.251388E+09 0.383900E+10
     3756.00  0.189704E+07 0.375984E+09 0.259805E+09 0.372064E+10
     3766.00  0.175050E+07 0.370554E+09 0.268171E+09 0.360470E+10
     3776.00  0.161151E+07 0.365160E+09 0.276480E+09 0.349117E+10
     3786.00  0.147985E+07 0.359803E+09 0.284724E+09 0.338003E+10
     3796.00  0.135530E+07 0.354483E+09 0.292898E+09 0.327125E+10
     3806.00  0.123766E+07 0.349201E+09 0.300995E+09 0.316483E+10
     3816.00  0.112670E+07 0.343958E+09 0.309008E+09 0.306073E+10
     3826.00  0.102224E+07 0.338755E+09 0.316934E+09 0.295893E+10
     3836.00  0.924065E+06 0.333591E+09 0.324765E+09 0.285943E+10
     3846.00  0.831984E+06 0.328469E+09 0.332497E+09 0.276218E+10
     3856.00  0.745805E+06 0.323387E+09 0.340126E+09 0.266718E+10
     3866.00  0.665341E+06 0.318348E+09 0.347646E+09 0.257439E+10
     3876.00  0.590408E+06 0.313351E+09 0.355053E+09 0.248380E+10
     3886.00  0.520827E+06 0.308397E+09 0.362343E+09 0.239538E+10
     3896.00  0.456421E+06 0.303486E+09 0.369513E+09 0.230910E+10
     3906.00  0.397018E+06 0.298619E+09 0.376558E+09 0.222494E+10
     3916.00  0.342450E+06 0.293796E+09 0.383476E+09 0.214288E+10
     3926.00  0.292553E+06 0.289017E+09 0.390263E+09 0.206289E+10
     3936.00  0.247165E+06 0.284283E+09 0.396916E+09 0.198494E+10
     3946.00  0.206128E+06 0.279595E+09 0.403432E+09 0.190900E+10
     3956.00  0.169288E+06 0.274952E+09 0.409810E+09 0.183506E+10
     3966.00  0.136495E+06 0.270355E+09 0.416045E+09 0.176307E+10
     3976.00  0.107602E+06 0.265804E+09 0.422137E+09 0.169303E+10
     3986.00  0.824648E+05 0.261300E+09 0.428083E+09 0.162489E+10
     3996.00  0.609430E+05 0.256841E+09 0.433882E+09 0.155863E+10
     4006.00  0.428993E+05 0.252430E+09 0.439531E+09 0.149423E+10
     4016.00  0.281999E+05 0.248065E+09 0.445030E+09 0.143165E+10
     4026.00  0.167139E+05 0.243748E+09 0.450377E+09 0.137087E+10
     4036.00  0.831370E+04 0.239477E+09 0.455571E+09 0.131186E+10
     4046.00  0.287461E+04 0.235254E+09 0.460611E+09 0.125458E+10
     4056.00  0.275093E+03 0.231079E+09 0.465495E+09 0.119903E+10
     4066.00  0.396536E+03 0.226950E+09 0.470225E+09 0.114516E+10
     4076.00  0.312327E+04 0.222870E+09 0.474798E+09 0.109294E+10
     4086.00  0.834251E+04 0.218836E+09 0.479214E+09 0.104236E+10
     4096.00  0.159443E+05 0.214851E+09 0.483474E+09 0.993370E+09
     4106.00  0.258215E+05 0.210912E+09 0.487576E+09 0.945957E+09
     4116.00  0.378696E+05 0.207022E+09 0.491522E+09 0.900087E+09
     4126.00  0.519870E+05 0.203179E+09 0.495310E+09 0.855734E+09
     4136.00  0.680745E+05 0.199383E+09 0.498942E+09 0.812869E+09
     4146.00  0.860357E+05 0.195635E+09 0.502417E+09 0.771463E+09
     4156.00  0.105777E+06 0.191934E+09 0.505735E+09 0.731490E+09
     4166.00  0.127206E+06 0.188280E+09 0.508898E+09 0.692922E+09
     4176.00  0.150235E+06 0.184673E+09 0.511906E+09 0.655730E+09
     4186.00  0.174776E+06 0.181113E+09 0.514760E+09 0.619887E+09
     4196.00  0.200747E+06 0.177601E+09 0.517460E+09 0.585367E+09
     4206.00  0.228064E+06 0.174134E+09 0.520007E+09 0.552141E+09
     4216.00  0.256650E+06 0.170715E+09 0.522403E+09 0.520184E+09
     4226.00  0.286425E+06 0.167342E+09 0.524648E+09 0.489467E+09
     4236.00  0.317316E+06 0.164015E+09 0.526743E+09 0.459965E+09
     4246.00  0.349249E+06 0.160734E+09 0.528690E+09 0.431651E+09
     4256.00  0.382154E+06 0.157499E+09 0.530489E+09 0.404498E+09
     4266.00  0.415962E+06 0.154310E+09 0.532143E+09 0.378481E+09
     4276.00  0.450606E+06 0.151165E+09 0.533652E+09 0.353574E+09
     4286.00  0.486023E+06 0.148067E+09 0.535018E+09 0.329752E+09
     4296.00  0.522148E+06 0.145012E+09 0.536243E+09 0.306988E+09
     4306.00  0.558923E+06 0.142003E+09 0.537327E+09 0.285258E+09
     4316.00  0.596287E+06 0.139038E+09 0.538273E+09 0.264537E+09
     4326.00  0.634185E+06 0.136117E+09 0.539082E+09 0.244800E+09
     4336.00  0.672560E+06 0.133240E+09 0.539757E+09 0.226023E+09
     4346.00  0.711360E+06 0.130407E+09 0.540297E+09 0.208183E+09
     4356.00  0.750534E+06 0.127617E+09 0.540707E+09 0.191254E+09
     4366.00  0.790030E+06 0.124870E+09 0.540986E+09 0.175214E+09
     4376.00  0.829802E+06 0.122166E+09 0.541138E+09 0.160039E+09
     4386.00  0.869802E+06 0.119504E+09 0.541164E+09 0.145707E+09
     4396.00  0.909985E+06 0.116884E+09 0.541065E+09 0.132194E+09
     4406.00  0.950309E+06 0.114305E+09 0.540845E+09 0.119479E+09
     4416.00  0.990732E+06 0.111769E+09 0.540504E+09 0.107539E+09
     4426.00  0.103121E+07 0.109273E+09 0.540045E+09 0.963525E+08
     4436.00  0.107171E+07 0.106818E+09 0.539470E+09 0.858978E+08
     4446.00  0.111219E+07 0.104403E+09 0.538780E+09 0.761538E+08
     4456.00  0.115262E+07 0.102029E+09 0.537979E+09 0.670997E+08
     4466.00  0.119296E+07 0.996936E+08 0.537067E+09 0.587149E+08
     4476.00  0.123318E+07 0.973980E+08 0.536048E+09 0.509791E+08
     4486.00  0.127324E+07 0.951414E+08 0.534922E+09 0.438723E+08
     4511.00  0.137252E+07 0.896678E+08 0.531659E+09 0.287295E+08
     4536.00  0.147020E+07 0.844296E+08 0.527781E+09 0.170982E+08
     4561.00  0.156588E+07 0.794209E+08 0.523320E+09 0.869213E+07
     4586.00  0.165921E+07 0.746357E+08 0.518309E+09 0.323765E+07
     4611.00  0.174987E+07 0.700679E+08 0.512783E+09 0.473193E+06
     4636.00  0.183757E+07 0.657114E+08 0.506773E+09 0.149429E+06
     4661.00  0.192208E+07 0.615601E+08 0.500313E+09 0.202908E+07
     4686.00  0.200318E+07 0.576078E+08 0.493434E+09 0.588680E+07
     4711.00  0.208071E+07 0.538483E+08 0.486169E+09 0.115090E+08
     4736.00  0.215450E+07 0.502756E+08 0.478549E+09 0.186936E+08
     4761.00  0.222445E+07 0.468835E+08 0.470604E+09 0.272499E+08
     4786.00  0.229044E+07 0.436659E+08 0.462364E+09 0.369982E+08
     4811.00  0.235242E+07 0.406168E+08 0.453857E+09 0.477697E+08
     4836.00  0.241032E+07 0.377302E+08 0.445113E+09 0.594061E+08
     4861.00  0.246411E+07 0.350002E+08 0.436158E+09 0.717592E+08
     4886.00  0.251379E+07 0.324210E+08 0.427020E+09 0.846910E+08
     4911.00  0.255935E+07 0.299869E+08 0.417723E+09 0.980726E+08
     4936.00  0.260081E+07 0.276922E+08 0.408292E+09 0.111785E+09
     4961.00  0.263821E+07 0.255313E+08 0.398750E+09 0.125717E+09
     4986.00  0.267159E+07 0.234988E+08 0.389120E+09 0.139768E+09
     5011.00  0.270100E+07 0.215894E+08 0.379425E+09 0.153844E+09
     5036.00  0.272651E+07 0.197978E+08 0.369683E+09 0.167859E+09
     5061.00  0.274821E+07 0.181190E+08 0.359916E+09 0.181735E+09
     5086.00  0.276616E+07 0.165479E+08 0.350141E+09 0.195401E+09
     5111.00  0.278047E+07 0.150797E+08 0.340377E+09 0.208794E+09
     5136.00  0.279123E+07 0.137097E+08 0.330639E+09 0.221854E+09
     5161.00  0.279854E+07 0.124333E+08 0.320944E+09 0.234533E+09
     5186.00  0.280251E+07 0.112459E+08 0.311306E+09 0.246783E+09
     5211.00  0.280326E+07 0.101433E+08 0.301740E+09 0.258566E+09
     5236.00  0.280090E+07 0.912125E+07 0.292258E+09 0.269847E+09
     5261.00  0.279554E+07 0.817563E+07 0.282872E+09 0.280596E+09
     5286.00  0.278731E+07 0.730251E+07 0.273594E+09 0.290789E+09
     5311.00  0.277632E+07 0.649807E+07 0.264434E+09 0.300405E+09
     5336.00  0.276271E+07 0.575862E+07 0.255401E+09 0.309427E+09
     5361.00  0.274659E+07 0.508060E+07 0.246504E+09 0.317843E+09
     5386.00  0.272809E+07 0.446057E+07 0.237751E+09 0.325644E+09
     5411.00  0.270733E+07 0.389523E+07 0.229149E+09 0.332824E+09
     5436.00  0.268443E+07 0.338139E+07 0.220705E+09 0.339380E+09
     5461.00  0.265951E+07 0.291599E+07 0.212424E+09 0.345312E+09
     5511.00  0.260409E+07 0.211888E+07 0.196373E+09 0.355319E+09
     5561.00  0.254202E+07 0.148179E+07 0.181029E+09 0.362892E+09
     5611.00  0.247419E+07 0.984476E+06 0.166415E+09 0.368110E+09
     5661.00  0.240148E+07 0.608403E+06 0.152549E+09 0.371078E+09
     5711.00  0.232469E+07 0.336724E+06 0.139437E+09 0.371921E+09
     5761.00  0.224462E+07 0.154170E+06 0.127081E+09 0.370779E+09
     5811.00  0.216199E+07 0.469592E+05 0.115477E+09 0.367803E+09
     5861.00  0.207747E+07 0.270882E+04 0.104615E+09 0.363151E+09
     5911.00  0.199169E+07 0.103463E+05 0.944798E+08 0.356986E+09
     5961.00  0.190523E+07 0.600185E+05 0.850537E+08 0.349472E+09
     6011.00  0.181859E+07 0.143004E+06 0.763150E+08 0.340770E+09
     6061.00  0.173227E+07 0.251627E+06 0.682396E+08 0.331039E+09
     6111.00  0.164667E+07 0.379176E+06 0.608013E+08 0.320434E+09
     6161.00  0.156218E+07 0.519821E+06 0.539720E+08 0.309102E+09
     6211.00  0.147914E+07 0.668539E+06 0.477227E+08 0.297183E+09
     6261.00  0.139782E+07 0.821039E+06 0.420234E+08 0.284809E+09
     6311.00  0.131849E+07 0.973697E+06 0.368436E+08 0.272105E+09
     6361.00  0.124136E+07 0.112349E+07 0.321528E+08 0.259184E+09
     6411.00  0.116659E+07 0.126792E+07 0.279205E+08 0.246150E+09
     6461.00  0.109435E+07 0.140499E+07 0.241167E+08 0.233101E+09
     6511.00  0.102474E+07 0.153311E+07 0.207116E+08 0.220121E+09
     6561.00  0.957846E+06 0.165108E+07 0.176765E+08 0.207287E+09
     6611.00  0.893736E+06 0.175802E+07 0.149834E+08 0.194667E+09
     6661.00  0.832445E+06 0.185335E+07 0.126053E+08 0.182321E+09
     6711.00  0.773992E+06 0.193673E+07 0.105164E+08 0.170299E+09
     6761.00  0.718376E+06 0.200805E+07 0.869189E+07 0.158644E+09
     6811.00  0.665579E+06 0.206736E+07 0.710824E+07 0.147392E+09
     6861.00  0.615569E+06 0.211487E+07 0.574319E+07 0.136573E+09
     6911.00  0.568303E+06 0.215094E+07 0.457574E+07 0.126208E+09
     6961.00  0.523723E+06 0.217601E+07 0.358613E+07 0.116315E+09
     7011.00  0.481764E+06 0.219059E+07 0.275590E+07 0.106906E+09
     7061.00  0.442354E+06 0.219529E+07 0.206782E+07 0.979865E+08
     7111.00  0.405411E+06 0.219075E+07 0.150590E+07 0.895594E+08
     7161.00  0.370852E+06 0.217762E+07 0.105533E+07 0.816232E+08
     7211.00  0.338586E+06 0.215661E+07 0.702475E+06 0.741730E+08
     7261.00  0.308520E+06 0.212841E+07 0.434807E+06 0.672009E+08
     7311.00  0.280559E+06 0.209371E+07 0.240868E+06 0.606966E+08
     7361.00  0.254609E+06 0.205322E+07 0.110219E+06 0.546474E+08
     7411.00  0.230571E+06 0.200760E+07 0.333895E+05 0.490389E+08
     7511.00  0.187847E+06 0.190357E+07 0.782136E+04 0.390793E+08
     7611.00  0.151626E+06 0.178655E+07 0.105721E+06 0.306776E+08
     7711.00  0.121171E+06 0.166095E+07 0.280711E+06 0.236827E+08
     7811.00  0.957862E+05 0.153064E+07 0.496819E+06 0.179399E+08
     7911.00  0.748172E+05 0.139893E+07 0.726903E+06 0.132956E+08
     8011.00  0.576633E+05 0.126857E+07 0.951197E+06 0.960193E+07
     8111.00  0.437762E+05 0.114177E+07 0.115599E+07 0.671981E+07
     8211.00  0.326622E+05 0.102025E+07 0.133248E+07 0.452074E+07
     8311.00  0.238807E+05 0.905313E+06 0.147568E+07 0.288816E+07
     8411.00  0.170427E+05 0.797846E+06 0.158362E+07 0.171802E+07
     8511.00  0.118076E+05 0.698416E+06 0.165652E+07 0.918803E+06
     8611.00  0.788048E+04 0.607307E+06 0.169620E+07 0.411228E+06
     8711.00  0.500787E+04 0.524571E+06 0.170557E+07 0.127588E+06
     8811.00  0.297422E+04 0.450073E+06 0.168822E+07 0.109239E+05
     8911.00  0.159790E+04 0.383534E+06 0.164804E+07 0.140670E+05
     9011.00  0.727436E+03 0.324563E+06 0.158905E+07 0.986175E+05
     9111.00  0.237877E+03 0.272696E+06 0.151516E+07 0.233904E+06
     9211.00  0.273313E+02 0.227416E+06 0.143005E+07 0.395963E+06
     9311.00  0.137964E+02 0.188180E+06 0.133709E+07 0.566568E+06
     9411.00  0.132239E+03 0.154434E+06 0.123929E+07 0.732326E+06
     9511.00  0.331964E+03 0.125628E+06 0.113924E+07 0.883840E+06
     9611.00  0.574255E+03 0.101230E+06 0.103917E+07 0.101497E+07
     9711.00  0.830298E+03 0.807324E+05 0.940888E+06 0.112219E+07
     9811.00  0.107936E+04 0.636565E+05 0.845856E+06 0.120398E+07
     9911.00  0.130722E+04 0.495594E+05 0.755200E+06 0.126037E+07
    10011.00  0.150481E+04 0.380345E+05 0.669744E+06 0.129252E+07
    10111.00  0.166708E+04 0.287129E+05 0.590053E+06 0.130235E+07
    10211.00  0.179203E+04 0.212628E+05 0.516464E+06 0.129230E+07
    10311.00  0.187991E+04 0.153888E+05 0.449127E+06 0.126509E+07
    10411.00  0.193259E+04 0.108302E+05 0.388032E+06 0.122353E+07
    10511.00  0.195303E+04 0.735850E+04 0.333049E+06 0.117040E+07
    10611.00  0.194484E+04 0.477571E+04 0.283948E+06 0.110836E+07
    10711.00  0.191198E+04 0.291123E+04 0.240428E+06 0.103986E+07
    10811.00  0.185850E+04 0.161954E+04 0.202137E+06 0.967149E+06
    10911.00  0.178837E+04 0.777536E+03 0.168690E+06 0.892166E+06
    11011.00  0.170533E+04 0.282054E+03 0.139685E+06 0.816604E+06
    11111.00  0.161282E+04 0.475013E+02 0.114716E+06 0.741878E+06
    11211.00  0.151392E+04 0.361818E+01 0.933802E+05 0.669149E+06
    11311.00  0.141135E+04 0.934171E+02 0.752883E+05 0.599333E+06
    11411.00  0.130740E+04 0.271303E+03 0.600693E+05 0.533129E+06
    11511.00  0.120401E+04 0.501370E+03 0.473747E+05 0.471038E+06
    11611.00  0.110277E+04 0.755885E+03 0.368809E+05 0.413389E+06
    11711.00  0.100491E+04 0.101393E+04 0.282909E+05 0.360364E+06
    11811.00  0.911401E+03 0.126023E+04 0.213348E+05 0.312019E+06
    11911.00  0.822919E+03 0.148410E+04 0.157697E+05 0.268310E+06
    12011.00  0.739931E+03 0.167857E+04 0.113790E+05 0.229110E+06
    12111.00  0.662708E+03 0.183964E+04 0.797088E+04 0.194229E+06
    12211.00  0.591355E+03 0.196558E+04 0.537716E+04 0.163431E+06
    12311.00  0.525853E+03 0.205643E+04 0.345142E+04 0.136444E+06
    12411.00  0.466074E+03 0.211353E+04 0.206722E+04 0.112980E+06
    12511.00  0.411810E+03 0.213914E+04 0.111632E+04 0.927348E+05
    12611.00  0.362796E+03 0.213617E+04 0.506799E+03 0.754072E+05
    12711.00  0.318726E+03 0.210787E+04 0.161280E+03 0.606979E+05
    12811.00  0.279265E+03 0.205770E+04 0.152565E+02 0.483187E+05
    12911.00  0.244069E+03 0.198916E+04 0.154810E+02 0.379950E+05
    13011.00  0.212787E+03 0.190564E+04 0.118498E+03 0.294691E+05
    13111.00  0.185074E+03 0.181038E+04 0.289291E+03 0.225023E+05
    13211.00  0.160596E+03 0.170639E+04 0.500064E+03 0.168757E+05
    13311.00  0.139034E+03 0.159643E+04 0.729137E+03 0.123907E+05
    13411.00  0.120088E+03 0.148297E+04 0.959979E+03 0.886917E+04
    13511.00  0.103478E+03 0.136815E+04 0.118034E+04 0.615239E+04
    13611.00  0.889457E+02 0.125386E+04 0.138151E+04 0.410067E+04
    13711.00  0.762558E+02 0.114169E+04 0.155765E+04 0.259204E+04
    13811.00  0.651934E+02 0.103292E+04 0.170523E+04 0.152102E+04
    13911.00  0.555653E+02 0.928625E+03 0.182258E+04 0.797305E+03
    14011.00  0.471982E+02 0.829612E+03 0.190945E+04 0.344336E+03
    14111.00  0.399376E+02 0.736481E+03 0.196667E+04 0.979070E+02
    14211.00  0.336467E+02 0.649645E+03 0.199587E+04 0.478781E+01
    14311.00  0.282048E+02 0.569347E+03 0.199926E+04 0.214066E+02
    14411.00  0.235055E+02 0.495684E+03 0.197941E+04 0.112600E+03
    14511.00  0.194559E+02 0.428631E+03 0.193912E+04 0.250453E+03
    14611.00  0.159749E+02 0.368059E+03 0.188127E+04 0.413229E+03
    14711.00  0.129918E+02 0.313752E+03 0.180873E+04 0.584404E+03
    14811.00  0.104452E+02 0.265430E+03 0.172431E+04 0.751794E+03
    14911.00  0.828196E+01 0.222762E+03 0.163067E+04 0.906786E+03
    15011.00  0.645584E+01 0.185379E+03 0.153029E+04 0.104366E+04
    15111.00  0.492690E+01 0.152887E+03 0.142545E+04 0.115899E+04
    15211.00  0.366041E+01 0.124880E+03 0.131820E+04 0.125117E+04
    15311.00  0.262614E+01 0.100947E+03 0.121038E+04 0.131994E+04
    15411.00  0.179767E+01 0.806822E+02 0.110357E+04 0.136607E+04
    15511.00  0.115178E+01 0.636888E+02 0.999129E+03 0.139105E+04
    15611.00  0.667894E+00 0.495865E+02 0.898200E+03 0.139682E+04
    15711.00  0.327643E+00 0.380153E+02 0.801708E+03 0.138561E+04
    15811.00  0.114436E+00 0.286379E+02 0.710381E+03 0.135980E+04
    15911.00  0.131353E-01 0.211425E+02 0.624764E+03 0.132174E+04
    16011.00  0.976660E-02 0.152439E+02 0.545236E+03 0.127374E+04
    16111.00  0.912915E-01 0.106841E+02 0.472023E+03 0.121796E+04
    16211.00  0.245422E+00 0.723234E+01 0.405218E+03 0.115638E+04
    16311.00  0.460484E+00 0.468443E+01 0.344801E+03 0.109078E+04
    16411.00  0.725316E+00 0.286199E+01 0.290647E+03 0.102274E+04
    16511.00  0.102921E+01 0.161098E+01 0.242549E+03 0.953615E+03
    16611.00  0.136188E+01 0.800193E+00 0.200234E+03 0.884543E+03
    16711.00  0.171346E+01 0.319435E+00 0.163370E+03 0.816478E+03
    16811.00  0.207453E+01 0.776723E-01 0.131589E+03 0.750185E+03
    16911.00  0.243614E+01 0.105720E-02 0.104491E+03 0.686270E+03
    17011.00  0.278989E+01 0.309601E-01 0.816598E+02 0.625186E+03
    17111.00  0.312797E+01 0.122026E+00 0.626734E+02 0.567260E+03
    17211.00  0.344325E+01 0.240299E+00 0.471103E+02 0.512708E+03
    17311.00  0.372934E+01 0.361442E+00 0.345581E+02 0.461656E+03
    17411.00  0.398066E+01 0.469075E+00 0.246205E+02 0.414145E+03
    17511.00  0.419251E+01 0.553255E+00 0.169219E+02 0.370162E+03
    17611.00  0.436113E+01 0.609099E+00 0.111117E+02 0.329637E+03
    17711.00  0.448372E+01 0.635562E+00 0.686745E+01 0.292463E+03
    17811.00  0.455847E+01 0.634383E+00 0.389679E+01 0.258506E+03
    17911.00  0.458460E+01 0.609170E+00 0.193865E+01 0.227608E+03
    18011.00  0.456231E+01 0.564649E+00 0.763606E+00 0.199601E+03
    18111.00  0.449280E+01 0.506049E+00 0.173482E+00 0.174305E+03
    18211.00  0.437818E+01 0.438620E+00 0.327779E-03 0.151540E+03
    18311.00  0.422143E+01 0.367273E+00 0.104879E+00 0.131126E+03
    18411.00  0.402634E+01 0.296324E+00 0.374585E+00 0.112885E+03
    18511.00  0.379738E+01 0.229338E+00 0.721309E+00 0.966467E+02
    18611.00  0.353962E+01 0.169040E+00 0.107880E+01 0.822458E+02
    18711.00  0.325858E+01 0.117305E+00 0.140002E+01 0.695265E+02
    18811.00  0.296015E+01 0.751951E-01 0.165443E+01 0.583414E+02
    18911.00  0.265043E+01 0.430316E-01 0.182525E+01 0.485521E+02
    19011.00  0.233559E+01 0.205021E-01 0.190685E+01 0.400293E+02
    19111.00  0.202176E+01 0.678137E-02 0.190227E+01 0.326527E+02
    19311.00  0.142063E+01 0.679801E-03 0.167651E+01 0.208994E+02
    19511.00  0.890311E+00 0.127625E-01 0.126411E+01 0.124940E+02
    19711.00  0.465995E+00 0.307031E-01 0.798102E+00 0.675432E+01
    19911.00  0.172227E+00 0.446449E-01 0.391694E+00 0.309858E+01
    20111.00  0.214627E-01 0.488675E-01 0.118060E+00 0.103110E+01
    20311.00  0.137314E-01 0.422831E-01 0.433745E-02 0.130686E+00
    20511.00  0.137386E+00 0.279327E-01 0.364618E-01 0.416354E-01
    20711.00  0.370816E+00 0.117767E-01 0.170956E+00 0.467365E+00
    20911.00  0.684899E+00 0.111360E-02 0.349859E+00 0.116592E+01
    21111.00  0.104593E+01 0.295119E-02 0.515455E+00 0.194671E+01
    21311.00  0.141875E+01 0.226016E-01 0.622298E+00 0.266762E+01
    21511.00  0.176974E+01 0.626905E-01 0.644947E+00 0.323189E+01
    21711.00  0.206949E+01 0.122681E+00 0.580867E+00 0.358408E+01
    21911.00  0.229488E+01 0.198923E+00 0.448727E+00 0.370500E+01
    22111.00  0.243048E+01 0.285166E+00 0.283086E+00 0.360543E+01
    22311.00  0.246922E+01 0.373425E+00 0.126798E+00 0.331891E+01
    22511.00  0.241222E+01 0.455036E+00 0.226538E-01 0.289394E+01
    22711.00  0.226804E+01 0.521766E+00 0.567768E-02 0.238626E+01
    22911.00  0.205135E+01 0.566808E+00 0.972290E-01 0.185157E+01
    23111.00  0.178121E+01 0.585580E+00 0.301640E+00 0.133949E+01
    23311.00  0.147916E+01 0.576205E+00 0.605680E+00 0.889061E+00
    23511.00  0.116727E+01 0.539682E+00 0.980704E+00 0.526044E+00
    23711.00  0.866371E+00 0.479710E+00 0.138695E+01 0.262154E+00
    23911.00  0.594529E+00 0.402247E+00 0.177924E+01 0.960274E-01
    24111.00  0.365905E+00 0.314839E+00 0.211321E+01 0.155988E-01
    24311.00  0.190053E+00 0.225815E+00 0.235111E+01 0.143936E-02
    24511.00  0.716584E-01 0.143457E+00 0.246654E+01 0.305156E-01
    24711.00  0.106892E-01 0.751967E-01 0.244750E+01 0.798460E-01
    24911.00  0.291206E-02 0.269510E-01 0.229748E+01 0.129598E+00
    25111.00  0.406818E-01 0.262528E-02 0.203454E+01 0.165285E+00
    25311.00  0.113913E+00 0.383628E-02 0.168880E+01 0.178896E+00
    25511.00  0.211133E+00 0.298581E-01 0.129844E+01 0.168920E+00
    25711.00  0.320519E+00 0.777844E-01 0.905096E+00 0.139414E+00
    25911.00  0.430842E+00 0.142876E+00 0.549050E+00 0.983604E-01
    26111.00  0.532248E+00 0.219052E+00 0.264836E+00 0.556408E-01
    26311.00  0.616834E+00 0.299472E+00 0.777545E-01 0.209585E-01
    26511.00  0.678998E+00 0.377150E+00 0.162020E-02 0.204099E-02
    26711.00  0.715569E+00 0.445552E+00 0.379059E-01 0.335457E-02
    26911.00  0.725718E+00 0.499116E+00 0.176278E+00 0.254825E-01
         IE==>      8
        1.00  0.147132E-36
        2.00  0.268824E-31
        3.00  0.319752E-28
        4.00  0.484177E-26
        5.00  0.236976E-24
        6.00  0.567761E-23
        7.00  0.830878E-22
        8.00  0.847641E-21
        9.00  0.656463E-20
       10.00  0.409080E-19
       11.00  0.213814E-18
       12.00  0.966503E-18
       13.00  0.386741E-17
       14.00  0.139491E-16
       15.00  0.460054E-16
       16.00  0.140356E-15
       17.00  0.399870E-15
       18.00  0.107220E-14
       19.00  0.272365E-14
       20.00  0.659108E-14
       21.00  0.152669E-13
       22.00  0.339862E-13
       23.00  0.729707E-13
       24.00  0.151574E-12
       25.00  0.305428E-12
       26.00  0.598459E-12
       27.00  0.114267E-11
       28.00  0.213003E-11
       29.00  0.388297E-11
       30.00  0.693283E-11
       31.00  0.121401E-10
       32.00  0.208751E-10
       33.00  0.352878E-10
       34.00  0.587015E-10
       35.00  0.961853E-10
       36.00  0.155372E-09
       37.00  0.247618E-09
       38.00  0.389627E-09
       39.00  0.605705E-09
       40.00  0.930866E-09
       42.00  0.212885E-08
       44.00  0.467941E-08
       46.00  0.992108E-08
       48.00  0.203509E-07
       50.00  0.404986E-07
       52.00  0.783723E-07
       54.00  0.147798E-06
       56.00  0.272131E-06
       58.00  0.490032E-06
       60.00  0.864302E-06
       62.00  0.149519E-05
       64.00  0.254011E-05
       66.00  0.424253E-05
       68.00  0.697357E-05
       70.00  0.112914E-04
       72.00  0.180251E-04
       74.00  0.283908E-04
       76.00  0.441531E-04
       78.00  0.678451E-04
       80.00  0.103065E-03
       82.00  0.154879E-03
       84.00  0.230347E-03
       86.00  0.339234E-03
       88.00  0.494926E-03
       90.00  0.715634E-03
       92.00  0.102595E-02
       94.00  0.145883E-02
       96.00  0.205816E-02
       98.00  0.288200E-02
      100.00  0.400665E-02
      102.00  0.553181E-02
      104.00  0.758698E-02
      106.00  0.103394E-01
      108.00  0.140042E-01
      110.00  0.188560E-01
      112.00  0.252444E-01
      114.00  0.336121E-01
      116.00  0.445170E-01
      118.00  0.586592E-01
      122.00  0.100369E+00
      126.00  0.168602E+00
      130.00  0.278380E+00
      134.00  0.452273E+00
      138.00  0.723741E+00
      142.00  0.114178E+01
      146.00  0.177732E+01
      150.00  0.273197E+01
      154.00  0.414993E+01
      158.00  0.623396E+01
      162.00  0.926695E+01
      166.00  0.136408E+02
      170.00  0.198951E+02
      174.00  0.287694E+02
      178.00  0.412739E+02
      182.00  0.587870E+02
      186.00  0.831926E+02
      190.00  0.117078E+03
      194.00  0.164038E+03
      198.00  0.229158E+03
      202.00  0.319868E+03
      206.00  0.447614E+03
      210.00  0.631576E+03
      214.00  0.908641E+03
      218.00  0.136758E+04
      222.00  0.232469E+04
      226.00  0.662833E+04
      230.00  0.377695E+04
      234.00  0.381579E+03
      238.00  0.132342E+04
      242.00  0.226687E+04
      246.00  0.332847E+04
      250.00  0.459496E+04
      254.00  0.614156E+04
      258.00  0.804625E+04
      262.00  0.103966E+05
      266.00  0.132943E+05
      270.00  0.168586E+05
      274.00  0.212301E+05
      282.00  0.330863E+05
      290.00  0.505680E+05
      298.00  0.760137E+05
      306.00  0.112600E+06
      314.00  0.164599E+06
      322.00  0.237705E+06
      330.00  0.339435E+06
      338.00  0.479631E+06
      346.00  0.671077E+06
      354.00  0.930258E+06
      362.00  0.127828E+07
      370.00  0.174197E+07
      378.00  0.235522E+07
      386.00  0.316060E+07
      394.00  0.421124E+07
      402.00  0.557316E+07
      410.00  0.732794E+07
      418.00  0.957588E+07
      426.00  0.124397E+08
      434.00  0.160691E+08
      442.00  0.206457E+08
      450.00  0.263891E+08
      458.00  0.335642E+08
      466.00  0.424887E+08
      474.00  0.535432E+08
      482.00  0.671817E+08
      490.00  0.839445E+08
      498.00  0.104473E+09
      506.00  0.129528E+09
      514.00  0.160005E+09
      522.00  0.196965E+09
      530.00  0.241652E+09
      538.00  0.295530E+09
      546.00  0.360316E+09
      554.00  0.438024E+09
      562.00  0.531011E+09
      570.00  0.642035E+09
      578.00  0.774320E+09
      586.00  0.931634E+09
      596.00  0.117025E+10
      606.00  0.146518E+10
      616.00  0.182893E+10
      626.00  0.227672E+10
      636.00  0.282712E+10
      646.00  0.350286E+10
      656.00  0.433180E+10
      666.00  0.534828E+10
      676.00  0.659477E+10
      686.00  0.812404E+10
      696.00  0.100021E+11
      706.00  0.123119E+11
      716.00  0.151588E+11
      726.00  0.186771E+11
      736.00  0.230403E+11
      746.00  0.284736E+11
      756.00  0.352726E+11
      766.00  0.438288E+11
      776.00  0.546641E+11
      786.00  0.684785E+11
      796.00  0.862103E+11
      806.00  0.109104E+12
      816.00  0.138761E+12
      826.00  0.177090E+12
      836.00  0.225964E+12
      846.00  0.286140E+12
      856.00  0.354873E+12
      866.00  0.422368E+12
      876.00  0.470484E+12
      886.00  0.480414E+12
      896.00  0.447526E+12
      906.00  0.385708E+12
      916.00  0.314911E+12
      926.00  0.248936E+12
      936.00  0.193396E+12
      946.00  0.148870E+12
      956.00  0.113918E+12
      966.00  0.866671E+11
      976.00  0.654260E+11
      986.00  0.488384E+11
      996.00  0.358684E+11
     1006.00  0.257402E+11
     1016.00  0.178752E+11
     1026.00  0.118404E+11
     1036.00  0.730948E+10
     1046.00  0.403360E+10
     1056.00  0.182089E+10
     1066.00  0.521126E+09
     1076.00  0.148838E+08
     1086.00  0.205554E+09
     1096.00  0.101356E+10
     1106.00  0.237210E+10
     1116.00  0.422397E+10
     1126.00  0.651924E+10
     1136.00  0.921348E+10
     1146.00  0.122665E+11
     1156.00  0.156415E+11
     1166.00  0.193041E+11
     1176.00  0.232221E+11
     1186.00  0.273648E+11
     1196.00  0.317031E+11
     1206.00  0.362090E+11
     1216.00  0.408558E+11
     1226.00  0.456177E+11
     1236.00  0.504700E+11
     1246.00  0.553889E+11
     1256.00  0.603518E+11
     1266.00  0.653370E+11
     1276.00  0.703237E+11
     1286.00  0.752922E+11
     1296.00  0.802241E+11
     1306.00  0.851017E+11
     1316.00  0.899088E+11
     1326.00  0.946301E+11
     1336.00  0.992512E+11
     1346.00  0.103759E+12
     1356.00  0.108142E+12
     1366.00  0.112388E+12
     1376.00  0.116487E+12
     1386.00  0.120431E+12
     1396.00  0.124212E+12
     1406.00  0.127823E+12
     1416.00  0.131257E+12
     1426.00  0.134509E+12
     1436.00  0.137576E+12
     1446.00  0.140453E+12
     1456.00  0.143138E+12
     1466.00  0.145629E+12
     1476.00  0.147925E+12
     1486.00  0.150025E+12
     1496.00  0.151929E+12
     1506.00  0.153638E+12
     1516.00  0.155153E+12
     1526.00  0.156476E+12
     1536.00  0.157609E+12
     1546.00  0.158555E+12
     1556.00  0.159316E+12
     1566.00  0.159896E+12
     1576.00  0.160299E+12
     1586.00  0.160529E+12
     1596.00  0.160589E+12
     1606.00  0.160485E+12
     1616.00  0.160220E+12
     1626.00  0.159800E+12
     1636.00  0.159231E+12
     1646.00  0.158516E+12
     1656.00  0.157661E+12
     1666.00  0.156671E+12
     1676.00  0.155553E+12
     1686.00  0.154311E+12
     1696.00  0.152951E+12
     1706.00  0.151479E+12
     1716.00  0.149900E+12
     1726.00  0.148219E+12
     1736.00  0.146443E+12
     1746.00  0.144576E+12
     1756.00  0.142624E+12
     1766.00  0.140593E+12
     1776.00  0.138488E+12
     1786.00  0.136314E+12
     1796.00  0.134077E+12
     1806.00  0.131781E+12
     1816.00  0.129432E+12
     1826.00  0.127034E+12
     1836.00  0.124593E+12
     1846.00  0.122113E+12
     1856.00  0.119598E+12
     1866.00  0.117053E+12
     1876.00  0.114483E+12
     1886.00  0.111891E+12
     1896.00  0.109283E+12
     1906.00  0.106660E+12
     1916.00  0.104029E+12
     1926.00  0.101391E+12
     1936.00  0.987513E+11
     1946.00  0.961126E+11
     1956.00  0.934784E+11
     1966.00  0.908519E+11
     1976.00  0.882360E+11
     1986.00  0.856338E+11
     1996.00  0.830479E+11
     2006.00  0.804811E+11
     2016.00  0.779358E+11
     2026.00  0.754144E+11
     2036.00  0.729192E+11
     2046.00  0.704523E+11
     2056.00  0.680158E+11
     2066.00  0.656115E+11
     2076.00  0.632412E+11
     2086.00  0.609066E+11
     2096.00  0.586092E+11
     2106.00  0.563506E+11
     2116.00  0.541319E+11
     2126.00  0.519545E+11
     2136.00  0.498194E+11
     2146.00  0.477277E+11
     2156.00  0.456802E+11
     2166.00  0.436779E+11
     2176.00  0.417213E+11
     2186.00  0.398113E+11
     2196.00  0.379483E+11
     2206.00  0.361328E+11
     2216.00  0.343652E+11
     2226.00  0.326458E+11
     2236.00  0.309748E+11
     2246.00  0.293525E+11
     2256.00  0.277788E+11
     2266.00  0.262539E+11
     2276.00  0.247777E+11
     2286.00  0.233500E+11
     2296.00  0.219709E+11
     2306.00  0.206399E+11
     2316.00  0.193570E+11
     2326.00  0.181217E+11
     2336.00  0.169337E+11
     2346.00  0.157926E+11
     2356.00  0.146979E+11
     2366.00  0.136491E+11
     2376.00  0.126458E+11
     2386.00  0.116873E+11
     2396.00  0.107730E+11
     2406.00  0.990233E+10
     2416.00  0.907458E+10
     2426.00  0.828907E+10
     2436.00  0.754508E+10
     2446.00  0.684187E+10
     2456.00  0.617867E+10
     2466.00  0.555470E+10
     2476.00  0.496916E+10
     2486.00  0.442123E+10
     2496.00  0.391007E+10
     2506.00  0.343485E+10
     2516.00  0.299471E+10
     2526.00  0.258877E+10
     2536.00  0.221618E+10
     2546.00  0.187604E+10
     2556.00  0.156748E+10
     2566.00  0.128959E+10
     2576.00  0.104150E+10
     2586.00  0.822299E+09
     2596.00  0.631103E+09
     2606.00  0.467015E+09
     2616.00  0.329145E+09
     2626.00  0.216604E+09
     2636.00  0.128507E+09
     2646.00  0.639757E+08
     2656.00  0.221350E+08
     2666.00  0.211753E+07
     2676.00  0.306319E+07
     2686.00  0.241198E+08
     2696.00  0.644441E+08
     2706.00  0.123202E+09
     2716.00  0.199570E+09
     2726.00  0.292735E+09
     2736.00  0.401894E+09
     2746.00  0.526257E+09
     2756.00  0.665047E+09
     2766.00  0.817498E+09
     2776.00  0.982857E+09
     2786.00  0.116039E+10
     2796.00  0.134936E+10
     2806.00  0.154907E+10
     2816.00  0.175881E+10
     2826.00  0.197791E+10
     2836.00  0.220569E+10
     2846.00  0.244151E+10
     2856.00  0.268472E+10
     2866.00  0.293471E+10
     2876.00  0.319086E+10
     2886.00  0.345259E+10
     2896.00  0.371932E+10
     2906.00  0.399049E+10
     2916.00  0.426556E+10
     2926.00  0.454400E+10
     2936.00  0.482528E+10
     2946.00  0.510893E+10
     2956.00  0.539445E+10
     2966.00  0.568137E+10
     2976.00  0.596925E+10
     2986.00  0.625765E+10
     2996.00  0.654615E+10
     3006.00  0.683435E+10
     3016.00  0.712184E+10
     3026.00  0.740827E+10
     3036.00  0.769326E+10
     3046.00  0.797647E+10
     3056.00  0.825757E+10
     3066.00  0.853624E+10
     3076.00  0.881219E+10
     3086.00  0.908510E+10
     3096.00  0.935472E+10
     3106.00  0.962078E+10
     3116.00  0.988302E+10
     3126.00  0.101412E+11
     3136.00  0.103951E+11
     3146.00  0.106446E+11
     3156.00  0.108893E+11
     3166.00  0.111292E+11
     3176.00  0.113640E+11
     3186.00  0.115936E+11
     3196.00  0.118179E+11
     3206.00  0.120366E+11
     3216.00  0.122497E+11
     3226.00  0.124571E+11
     3236.00  0.126585E+11
     3246.00  0.128540E+11
     3256.00  0.130434E+11
     3266.00  0.132267E+11
     3276.00  0.134037E+11
     3286.00  0.135745E+11
     3296.00  0.137389E+11
     3306.00  0.138969E+11
     3316.00  0.140485E+11
     3326.00  0.141937E+11
     3336.00  0.143323E+11
     3346.00  0.144645E+11
     3356.00  0.145901E+11
     3366.00  0.147093E+11
     3376.00  0.148219E+11
     3386.00  0.149280E+11
     3396.00  0.150277E+11
     3406.00  0.151209E+11
     3416.00  0.152076E+11
     3426.00  0.152880E+11
     3436.00  0.153620E+11
     3446.00  0.154297E+11
     3456.00  0.154911E+11
     3466.00  0.155464E+11
     3476.00  0.155954E+11
     3486.00  0.156384E+11
     3496.00  0.156754E+11
     3506.00  0.157064E+11
     3516.00  0.157316E+11
     3526.00  0.157509E+11
     3536.00  0.157645E+11
     3546.00  0.157725E+11
     3556.00  0.157749E+11
     3566.00  0.157719E+11
     3576.00  0.157634E+11
     3586.00  0.157497E+11
     3596.00  0.157308E+11
     3606.00  0.157069E+11
     3616.00  0.156779E+11
     3626.00  0.156440E+11
     3636.00  0.156053E+11
     3646.00  0.155620E+11
     3656.00  0.155141E+11
     3666.00  0.154617E+11
     3676.00  0.154049E+11
     3686.00  0.153438E+11
     3696.00  0.152786E+11
     3706.00  0.152094E+11
     3716.00  0.151362E+11
     3726.00  0.150592E+11
     3736.00  0.149784E+11
     3746.00  0.148941E+11
     3756.00  0.148062E+11
     3766.00  0.147150E+11
     3776.00  0.146204E+11
     3786.00  0.145227E+11
     3796.00  0.144220E+11
     3806.00  0.143182E+11
     3816.00  0.142117E+11
     3826.00  0.141023E+11
     3836.00  0.139904E+11
     3846.00  0.138759E+11
     3856.00  0.137590E+11
     3866.00  0.136398E+11
     3876.00  0.135183E+11
     3886.00  0.133948E+11
     3896.00  0.132692E+11
     3906.00  0.131417E+11
     3916.00  0.130124E+11
     3926.00  0.128814E+11
     3936.00  0.127488E+11
     3946.00  0.126147E+11
     3956.00  0.124791E+11
     3966.00  0.123422E+11
     3976.00  0.122040E+11
     3986.00  0.120647E+11
     3996.00  0.119244E+11
     4006.00  0.117830E+11
     4016.00  0.116408E+11
     4026.00  0.114977E+11
     4036.00  0.113540E+11
     4046.00  0.112096E+11
     4056.00  0.110646E+11
     4066.00  0.109191E+11
     4076.00  0.107732E+11
     4086.00  0.106270E+11
     4096.00  0.104806E+11
     4106.00  0.103339E+11
     4116.00  0.101871E+11
     4126.00  0.100403E+11
     4136.00  0.989347E+10
     4146.00  0.974672E+10
     4156.00  0.960012E+10
     4166.00  0.945373E+10
     4176.00  0.930760E+10
     4186.00  0.916179E+10
     4196.00  0.901637E+10
     4206.00  0.887137E+10
     4216.00  0.872687E+10
     4226.00  0.858291E+10
     4236.00  0.843955E+10
     4246.00  0.829682E+10
     4256.00  0.815478E+10
     4266.00  0.801348E+10
     4276.00  0.787295E+10
     4286.00  0.773324E+10
     4296.00  0.759440E+10
     4306.00  0.745646E+10
     4316.00  0.731946E+10
     4326.00  0.718344E+10
     4336.00  0.704843E+10
     4346.00  0.691446E+10
     4356.00  0.678158E+10
     4366.00  0.664980E+10
     4376.00  0.651917E+10
     4386.00  0.638970E+10
     4396.00  0.626143E+10
     4406.00  0.613438E+10
     4416.00  0.600858E+10
     4426.00  0.588404E+10
     4436.00  0.576080E+10
     4446.00  0.563887E+10
     4456.00  0.551826E+10
     4466.00  0.539901E+10
     4476.00  0.528111E+10
     4486.00  0.516461E+10
     4511.00  0.487947E+10
     4536.00  0.460326E+10
     4561.00  0.433613E+10
     4586.00  0.407820E+10
     4611.00  0.382957E+10
     4636.00  0.359027E+10
     4661.00  0.336032E+10
     4686.00  0.313972E+10
     4711.00  0.292842E+10
     4736.00  0.272637E+10
     4761.00  0.253346E+10
     4786.00  0.234959E+10
     4811.00  0.217463E+10
     4836.00  0.200843E+10
     4861.00  0.185082E+10
     4886.00  0.170162E+10
     4911.00  0.156064E+10
     4936.00  0.142768E+10
     4961.00  0.130251E+10
     4986.00  0.118491E+10
     5011.00  0.107466E+10
     5036.00  0.971519E+09
     5061.00  0.875240E+09
     5086.00  0.785583E+09
     5111.00  0.702298E+09
     5136.00  0.625137E+09
     5161.00  0.553850E+09
     5186.00  0.488188E+09
     5211.00  0.427903E+09
     5236.00  0.372747E+09
     5261.00  0.322476E+09
     5286.00  0.276850E+09
     5311.00  0.235631E+09
     5336.00  0.198585E+09
     5361.00  0.165483E+09
     5386.00  0.136101E+09
     5411.00  0.110221E+09
     5436.00  0.876299E+08
     5461.00  0.681197E+08
     5511.00  0.375458E+08
     5561.00  0.169677E+08
     5611.00  0.495920E+07
     5661.00  0.201276E+06
     5711.00  0.148341E+07
     5761.00  0.770258E+07
     5811.00  0.178613E+08
     5861.00  0.310645E+08
     5911.00  0.465156E+08
     5961.00  0.635121E+08
     6011.00  0.814402E+08
     6061.00  0.997693E+08
     6111.00  0.118046E+09
     6161.00  0.135891E+09
     6211.00  0.152986E+09
     6261.00  0.169079E+09
     6311.00  0.183966E+09
     6361.00  0.197497E+09
     6411.00  0.209562E+09
     6461.00  0.220091E+09
     6511.00  0.229047E+09
     6561.00  0.236422E+09
     6611.00  0.242232E+09
     6661.00  0.246515E+09
     6711.00  0.249325E+09
     6761.00  0.250732E+09
     6811.00  0.250815E+09
     6861.00  0.249663E+09
     6911.00  0.247369E+09
     6961.00  0.244033E+09
     7011.00  0.239754E+09
     7061.00  0.234634E+09
     7111.00  0.228772E+09
     7161.00  0.222267E+09
     7211.00  0.215213E+09
     7261.00  0.207702E+09
     7311.00  0.199821E+09
     7361.00  0.191652E+09
     7411.00  0.183271E+09
     7511.00  0.166155E+09
     7611.00  0.148977E+09
     7711.00  0.132147E+09
     7811.00  0.115994E+09
     7911.00  0.100761E+09
     8011.00  0.866221E+08
     8111.00  0.736866E+08
     8211.00  0.620103E+08
     8311.00  0.516046E+08
     8411.00  0.424449E+08
     8511.00  0.344796E+08
     8611.00  0.276367E+08
     8711.00  0.218305E+08
     8811.00  0.169669E+08
     8911.00  0.129478E+08
     9011.00  0.967487E+07
     9111.00  0.705246E+07
     9211.00  0.498943E+07
     9311.00  0.340084E+07
     9411.00  0.220892E+07
     9511.00  0.134355E+07
     9611.00  0.742503E+06
     9711.00  0.351370E+06
     9811.00  0.123243E+06
     9911.00  0.182798E+05
    10011.00  0.316103E+04
    10111.00  0.504754E+05
    10211.00  0.138082E+06
    10311.00  0.248466E+06
    10411.00  0.368116E+06
    10511.00  0.486925E+06
    10611.00  0.597645E+06
    10711.00  0.695377E+06
    10811.00  0.777128E+06
    10911.00  0.841405E+06
    11011.00  0.887878E+06
    11111.00  0.917081E+06
    11211.00  0.930163E+06
    11311.00  0.928690E+06
    11411.00  0.914470E+06
    11511.00  0.889432E+06
    11611.00  0.855513E+06
    11711.00  0.814589E+06
    11811.00  0.768423E+06
    11911.00  0.718620E+06
    12011.00  0.666612E+06
    12111.00  0.613648E+06
    12211.00  0.560787E+06
    12311.00  0.508909E+06
    12411.00  0.458722E+06
    12511.00  0.410776E+06
    12611.00  0.365482E+06
    12711.00  0.323124E+06
    12811.00  0.283878E+06
    12911.00  0.247829E+06
    13011.00  0.214985E+06
    13111.00  0.185293E+06
    13211.00  0.158648E+06
    13311.00  0.134912E+06
    13411.00  0.113917E+06
    13511.00  0.954777E+05
    13611.00  0.793980E+05
    13711.00  0.654769E+05
    13811.00  0.535133E+05
    13911.00  0.433106E+05
    14011.00  0.346794E+05
    14111.00  0.274398E+05
    14211.00  0.214231E+05
    14311.00  0.164726E+05
    14411.00  0.124446E+05
    14511.00  0.920814E+04
    14611.00  0.664496E+04
    14711.00  0.464935E+04
    14811.00  0.312746E+04
    14911.00  0.199666E+04
    15011.00  0.118480E+04
    15111.00  0.629379E+03
    15211.00  0.276782E+03
    15311.00  0.813963E+02
    15411.00  0.482505E+01
    15511.00  0.150963E+02
    15611.00  0.859188E+02
    15711.00  0.195979E+03
    15811.00  0.328289E+03
    15911.00  0.469583E+03
    16011.00  0.609771E+03
    16111.00  0.741440E+03
    16211.00  0.859406E+03
    16311.00  0.960322E+03
    16411.00  0.104232E+04
    16511.00  0.110471E+04
    16611.00  0.114772E+04
    16711.00  0.117226E+04
    16811.00  0.117971E+04
    16911.00  0.117181E+04
    17011.00  0.115048E+04
    17111.00  0.111773E+04
    17211.00  0.107557E+04
    17311.00  0.102594E+04
    17411.00  0.970695E+03
    17511.00  0.911510E+03
    17611.00  0.849907E+03
    17711.00  0.787220E+03
    17811.00  0.724600E+03
    17911.00  0.663012E+03
    18011.00  0.603243E+03
    18111.00  0.545918E+03
    18211.00  0.491509E+03
    18311.00  0.440352E+03
    18411.00  0.392663E+03
    18511.00  0.348556E+03
    18611.00  0.308058E+03
    18711.00  0.271124E+03
    18811.00  0.237651E+03
    18911.00  0.207494E+03
    19011.00  0.180473E+03
    19111.00  0.156387E+03
    19311.00  0.116157E+03
    19511.00  0.850452E+02
    19711.00  0.613595E+02
    19911.00  0.435754E+02
    20111.00  0.303876E+02
    20311.00  0.207225E+02
    20511.00  0.137245E+02
    20711.00  0.873044E+01
    20911.00  0.523702E+01
    21111.00  0.286844E+01
    21311.00  0.134624E+01
    21511.00  0.463218E+00
    21711.00  0.620940E-01
    21911.00  0.188419E-01
    22111.00  0.230588E+00
    22311.00  0.607719E+00
    22511.00  0.106975E+01
    22711.00  0.154436E+01
    22911.00  0.196877E+01
    23111.00  0.229257E+01
    23311.00  0.248081E+01
    23511.00  0.251650E+01
    23711.00  0.240155E+01
    23911.00  0.215561E+01
    24111.00  0.181283E+01
    24311.00  0.141664E+01
    24511.00  0.101348E+01
    24711.00  0.646249E+00
    24911.00  0.348558E+00
    25111.00  0.140685E+00
    25311.00  0.278038E-01
    25511.00  0.694017E-03
    25711.00  0.387166E-01
    25911.00  0.114425E+00
    26111.00  0.198945E+00
    26311.00  0.267144E+00
    26511.00  0.301714E+00
    26711.00  0.295508E+00
    26911.00  0.251834E+00



