
         15        15        10      1181C   C   D    0.822591500D+05
 E STATE HAS LABEL C   
 VIBRATIONAL LEVELS FOR STATE E IN 1/CM FOR J= 14
     -13631.16210    -11625.07459     -9747.69413     -7998.47051
     -6378.77098     -4891.56505     -3542.34523     -2339.43302
     -1296.37220      -435.14377
 PROPORTION OF STATE C   
  0.999998E+00 0.999995E+00 0.999993E+00 0.999992E+00 0.999991E+00
  0.999990E+00 0.999990E+00 0.999990E+00 0.999991E+00 0.999992E+00
 PROPORTION OF STATE D   
  0.152134E-05 0.451133E-05 0.670279E-05 0.820383E-05 0.913062E-05
  0.961050E-05 0.975379E-05 0.964410E-05 0.926928E-05 0.845053E-05
 TABLE FOR EMISSION PROBABILITIES   E(J= 14,IE) ==>F(J= 14,IF)
         IE==>      0            1            2            3
     1.00000  0.460533E-37 0.459039E-35 0.475661E-33 0.100843E-31
     2.00000  0.105491E-32 0.105394E-30 0.108944E-28 0.231568E-27
     3.00000  0.372888E-30 0.373416E-28 0.385048E-26 0.820573E-25
     4.00000  0.238917E-28 0.239813E-26 0.246680E-24 0.527062E-23
     5.00000  0.600507E-27 0.604165E-25 0.619946E-23 0.132803E-21
     6.00000  0.835101E-26 0.842147E-24 0.862035E-22 0.185141E-20
     7.00000  0.771931E-25 0.780258E-23 0.796735E-21 0.171560E-19
     8.00000  0.529165E-24 0.536119E-22 0.546105E-20 0.117896E-18
     9.00000  0.288702E-23 0.293177E-21 0.297909E-19 0.644809E-18
    10.00000  0.131552E-22 0.133902E-20 0.135732E-18 0.294545E-17
    11.00000  0.518172E-22 0.528657E-20 0.534573E-18 0.116305E-16
    12.00000  0.180971E-21 0.185062E-19 0.186677E-17 0.407197E-16
    13.00000  0.571317E-21 0.585593E-19 0.589262E-17 0.128867E-15
    14.00000  0.165497E-20 0.170027E-18 0.170675E-16 0.374219E-15
    15.00000  0.445156E-20 0.458402E-18 0.459029E-16 0.100906E-14
    16.00000  0.112254E-19 0.115862E-17 0.115738E-15 0.255077E-14
    17.00000  0.267460E-19 0.276700E-17 0.275731E-15 0.609254E-14
    18.00000  0.606050E-19 0.628443E-17 0.624716E-15 0.138393E-13
    19.00000  0.131314E-18 0.136482E-16 0.135342E-14 0.300596E-13
    20.00000  0.273314E-18 0.284729E-16 0.281665E-14 0.627191E-13
    21.00000  0.548615E-18 0.572856E-16 0.565311E-14 0.126204E-12
    22.00000  0.106561E-17 0.111527E-15 0.109791E-13 0.245734E-12
    23.00000  0.200872E-17 0.210721E-15 0.206936E-13 0.464358E-12
    24.00000  0.368421E-17 0.387382E-15 0.379498E-13 0.853771E-12
    25.00000  0.658940E-17 0.694456E-15 0.678668E-13 0.153075E-11
    26.00000  0.115154E-16 0.121642E-14 0.118588E-12 0.268165E-11
    27.00000  0.196974E-16 0.208554E-14 0.202823E-12 0.459826E-11
    28.00000  0.330302E-16 0.350529E-14 0.340069E-12 0.772959E-11
    29.00000  0.543741E-16 0.578373E-14 0.559752E-12 0.127555E-10
    30.00000  0.879826E-16 0.938028E-14 0.905622E-12 0.206901E-10
    31.00000  0.140093E-15 0.149706E-13 0.144183E-11 0.330249E-10
    32.00000  0.219732E-15 0.235352E-13 0.226120E-11 0.519251E-10
    33.00000  0.339807E-15 0.364804E-13 0.349643E-11 0.804961E-10
    34.00000  0.518560E-15 0.557994E-13 0.533506E-11 0.123140E-09
    35.00000  0.781503E-15 0.842873E-13 0.803929E-11 0.186033E-09
    36.00000  0.116395E-14 0.125825E-12 0.119720E-10 0.277746E-09
    37.00000  0.171430E-14 0.185747E-12 0.176306E-10 0.410070E-09
    38.00000  0.249834E-14 0.271324E-12 0.256909E-10 0.599073E-09
    39.00000  0.360470E-14 0.392378E-12 0.370632E-10 0.866466E-09
    40.00000  0.515178E-14 0.562074E-12 0.529637E-10 0.124135E-08
    42.00000  0.102460E-13 0.112303E-11 0.105310E-09 0.248084E-08
    44.00000  0.197202E-13 0.217144E-11 0.202637E-09 0.479803E-08
    46.00000  0.368389E-13 0.407512E-11 0.378448E-09 0.900661E-08
    48.00000  0.669653E-13 0.744181E-11 0.687766E-09 0.164515E-07
    50.00000  0.118717E-12 0.132537E-10 0.121898E-08 0.293068E-07
    52.00000  0.205664E-12 0.230663E-10 0.211122E-08 0.510166E-07
    54.00000  0.348775E-12 0.392968E-10 0.357940E-08 0.869345E-07
    56.00000  0.579892E-12 0.656373E-10 0.594980E-08 0.145240E-06
    58.00000  0.946608E-12 0.107638E-09 0.970992E-08 0.238233E-06
    60.00000  0.151900E-11 0.173517E-09 0.155773E-07 0.384129E-06
    62.00000  0.239882E-11 0.275277E-09 0.245936E-07 0.609544E-06
    64.00000  0.373195E-11 0.430226E-09 0.382516E-07 0.952859E-06
    66.00000  0.572501E-11 0.663015E-09 0.586649E-07 0.146876E-05
    68.00000  0.866735E-11 0.100837E-08 0.887927E-07 0.223431E-05
    70.00000  0.129600E-10 0.151468E-08 0.132734E-06 0.335692E-05
    72.00000  0.191530E-10 0.224873E-08 0.196111E-06 0.498483E-05
    74.00000  0.279941E-10 0.330179E-08 0.286563E-06 0.732074E-05
    76.00000  0.404904E-10 0.479753E-08 0.414374E-06 0.106394E-04
    78.00000  0.579874E-10 0.690207E-08 0.593282E-06 0.153098E-04
    80.00000  0.822680E-10 0.983685E-08 0.841480E-06 0.218241E-04
    82.00000  0.115677E-09 0.138947E-07 0.118289E-05 0.308332E-04
    84.00000  0.161276E-09 0.194604E-07 0.164875E-05 0.431925E-04
    86.00000  0.223036E-09 0.270355E-07 0.227953E-05 0.600176E-04
    88.00000  0.306075E-09 0.372703E-07 0.312739E-05 0.827550E-04
    90.00000  0.416947E-09 0.510023E-07 0.425911E-05 0.113268E-03
    92.00000  0.563997E-09 0.693042E-07 0.575968E-05 0.153944E-03
    94.00000  0.757792E-09 0.935419E-07 0.773669E-05 0.207823E-03
    96.00000  0.101164E-08 0.125446E-06 0.103256E-04 0.278757E-03
    98.00000  0.134223E-08 0.167196E-06 0.136961E-04 0.371601E-03
   100.00000  0.177034E-08 0.221527E-06 0.180597E-04 0.492448E-03
   102.00000  0.232179E-08 0.291852E-06 0.236788E-04 0.648900E-03
   104.00000  0.302848E-08 0.382413E-06 0.308775E-04 0.850408E-03
   106.00000  0.392963E-08 0.498457E-06 0.400543E-04 0.110867E-02
   108.00000  0.507330E-08 0.646448E-06 0.516975E-04 0.143809E-02
   110.00000  0.651815E-08 0.834322E-06 0.664023E-04 0.185636E-02
   112.00000  0.833545E-08 0.107178E-05 0.848922E-04 0.238512E-02
   114.00000  0.106116E-07 0.137062E-05 0.108043E-03 0.305070E-02
   116.00000  0.134507E-07 0.174521E-05 0.136912E-03 0.388511E-02
   118.00000  0.169781E-07 0.221287E-05 0.172769E-03 0.492705E-02
   122.00000  0.267286E-07 0.351533E-05 0.271837E-03 0.782966E-02
   126.00000  0.414485E-07 0.550072E-05 0.421305E-03 0.122557E-01
   130.00000  0.633743E-07 0.848677E-05 0.643805E-03 0.189148E-01
   134.00000  0.956259E-07 0.129217E-04 0.970885E-03 0.288081E-01
   138.00000  0.142510E-06 0.194313E-04 0.144606E-02 0.433341E-01
   142.00000  0.209915E-06 0.288808E-04 0.212879E-02 0.644269E-01
   146.00000  0.305818E-06 0.424557E-04 0.309956E-02 0.947373E-01
   150.00000  0.440937E-06 0.617668E-04 0.446641E-02 0.137868E+00
   154.00000  0.629560E-06 0.889853E-04 0.637327E-02 0.198677E+00
   158.00000  0.890590E-06 0.127016E-03 0.901042E-02 0.283665E+00
   162.00000  0.124886E-05 0.179719E-03 0.126276E-01 0.401471E+00
   166.00000  0.173677E-05 0.252184E-03 0.175505E-01 0.563497E+00
   170.00000  0.239635E-05 0.351091E-03 0.242010E-01 0.784697E+00
   174.00000  0.328177E-05 0.485141E-03 0.331226E-01 0.108457E+01
   178.00000  0.446247E-05 0.665618E-03 0.450117E-01 0.148839E+01
   182.00000  0.602705E-05 0.907073E-03 0.607556E-01 0.202877E+01
   186.00000  0.808796E-05 0.122818E-02 0.814797E-01 0.274758E+01
   190.00000  0.107873E-04 0.165279E-02 0.108605E+00 0.369830E+01
   194.00000  0.143036E-04 0.221124E-02 0.143917E+00 0.494894E+01
   198.00000  0.188610E-04 0.294195E-02 0.189650E+00 0.658566E+01
   202.00000  0.247385E-04 0.389335E-02 0.248590E+00 0.871715E+01
   206.00000  0.322834E-04 0.512634E-02 0.324198E+00 0.114800E+02
   210.00000  0.419256E-04 0.671715E-02 0.420755E+00 0.150453E+02
   214.00000  0.541963E-04 0.876094E-02 0.543547E+00 0.196265E+02
   218.00000  0.697493E-04 0.113761E-01 0.699072E+00 0.254896E+02
   222.00000  0.893873E-04 0.147097E-01 0.895304E+00 0.329644E+02
   226.00000  0.114093E-03 0.189435E-01 0.114200E+01 0.424592E+02
   230.00000  0.145067E-03 0.243019E-01 0.145106E+01 0.544779E+02
   234.00000  0.183772E-03 0.310614E-01 0.183697E+01 0.696410E+02
   238.00000  0.231984E-03 0.395613E-01 0.231732E+01 0.887109E+02
   242.00000  0.291862E-03 0.502178E-01 0.291346E+01 0.112622E+03
   246.00000  0.366016E-03 0.635402E-01 0.365118E+01 0.142519E+03
   250.00000  0.457604E-03 0.801505E-01 0.456166E+01 0.179798E+03
   254.00000  0.570438E-03 0.100807E+00 0.568249E+01 0.226164E+03
   258.00000  0.709113E-03 0.126435E+00 0.705897E+01 0.283692E+03
   262.00000  0.879162E-03 0.158156E+00 0.874558E+01 0.354907E+03
   266.00000  0.108724E-02 0.197337E+00 0.108078E+02 0.442876E+03
   270.00000  0.134134E-02 0.245634E+00 0.133242E+02 0.551322E+03
   274.00000  0.165106E-02 0.305055E+00 0.163890E+02 0.684755E+03
   282.00000  0.248570E-02 0.467515E+00 0.246380E+02 0.104960E+04
   290.00000  0.371353E-02 0.710994E+00 0.367539E+02 0.159646E+04
   298.00000  0.551031E-02 0.107396E+01 0.544558E+02 0.241177E+04
   306.00000  0.812853E-02 0.161272E+01 0.802089E+02 0.362204E+04
   314.00000  0.119314E-01 0.240977E+01 0.117553E+03 0.541259E+04
   322.00000  0.174426E-01 0.358621E+01 0.171586E+03 0.805551E+04
   330.00000  0.254208E-01 0.532055E+01 0.249674E+03 0.119518E+05
   338.00000  0.369709E-01 0.787725E+01 0.362536E+03 0.176954E+05
   346.00000  0.537152E-01 0.116510E+02 0.525877E+03 0.261729E+05
   354.00000  0.780578E-01 0.172361E+02 0.762940E+03 0.387187E+05
   362.00000  0.113603E+00 0.255375E+02 0.110852E+04 0.573646E+05
   370.00000  0.165836E+00 0.379521E+02 0.161547E+04 0.852470E+05
   378.00000  0.243249E+00 0.566740E+02 0.236552E+04 0.127290E+06
   386.00000  0.359276E+00 0.852208E+02 0.348779E+04 0.191389E+06
   394.00000  0.535734E+00 0.129378E+03 0.519167E+04 0.290526E+06
   402.00000  0.809187E+00 0.198958E+03 0.782765E+04 0.446715E+06
   410.00000  0.124334E+01 0.311253E+03 0.120057E+05 0.698748E+06
   418.00000  0.195471E+01 0.498226E+03 0.188401E+05 0.111831E+07
   420.01000  0.222651E+01 0.547567E+03 0.213136E+05 0.126044E+07
   420.26000  0.225972E+01 0.556058E+03 0.216309E+05 0.127998E+07
   420.51000  0.229350E+01 0.564699E+03 0.219535E+05 0.129987E+07
   420.76000  0.232786E+01 0.573493E+03 0.222817E+05 0.132011E+07
   421.01000  0.236282E+01 0.582444E+03 0.226156E+05 0.134071E+07
   421.26000  0.239838E+01 0.591554E+03 0.229552E+05 0.136168E+07
   421.51000  0.243456E+01 0.600826E+03 0.233008E+05 0.138302E+07
   421.76000  0.247136E+01 0.610266E+03 0.236523E+05 0.140475E+07
   422.01000  0.250882E+01 0.619874E+03 0.240100E+05 0.142687E+07
   422.26000  0.254693E+01 0.629656E+03 0.243739E+05 0.144938E+07
   422.51000  0.258570E+01 0.639616E+03 0.247442E+05 0.147230E+07
   422.76000  0.262517E+01 0.649755E+03 0.251211E+05 0.149564E+07
   423.01000  0.266533E+01 0.660080E+03 0.255046E+05 0.151941E+07
   423.26000  0.270620E+01 0.670593E+03 0.258949E+05 0.154360E+07
   423.51000  0.274780E+01 0.681298E+03 0.262921E+05 0.156824E+07
   423.76000  0.279015E+01 0.692200E+03 0.266964E+05 0.159334E+07
   424.01000  0.283325E+01 0.703302E+03 0.271080E+05 0.161889E+07
   424.26000  0.287713E+01 0.714610E+03 0.275269E+05 0.164492E+07
   424.51000  0.292180E+01 0.726128E+03 0.279534E+05 0.167143E+07
   424.76000  0.296727E+01 0.737859E+03 0.283875E+05 0.169843E+07
   425.01000  0.301358E+01 0.749809E+03 0.288296E+05 0.172594E+07
   425.26000  0.306072E+01 0.761983E+03 0.292797E+05 0.175396E+07
   425.51000  0.310873E+01 0.774386E+03 0.297380E+05 0.178250E+07
   425.76000  0.315762E+01 0.787022E+03 0.302047E+05 0.181159E+07
   426.00000  0.316973E+01 0.822618E+03 0.304940E+05 0.184611E+07
   426.01000  0.320740E+01 0.799897E+03 0.306799E+05 0.184122E+07
   426.26000  0.325811E+01 0.813016E+03 0.311639E+05 0.187141E+07
   426.51000  0.330975E+01 0.826384E+03 0.316569E+05 0.190218E+07
   426.76000  0.336236E+01 0.840008E+03 0.321590E+05 0.193354E+07
   427.01000  0.341594E+01 0.853892E+03 0.326705E+05 0.196550E+07
   427.26000  0.347053E+01 0.868043E+03 0.331915E+05 0.199807E+07
   427.51000  0.352614E+01 0.882466E+03 0.337223E+05 0.203126E+07
   427.76000  0.358280E+01 0.897169E+03 0.342630E+05 0.206510E+07
   428.01000  0.364053E+01 0.912157E+03 0.348140E+05 0.209960E+07
   428.26000  0.369936E+01 0.927437E+03 0.353754E+05 0.213477E+07
   428.51000  0.375930E+01 0.943015E+03 0.359475E+05 0.217062E+07
   428.76000  0.382039E+01 0.958899E+03 0.365305E+05 0.220718E+07
   429.01000  0.388266E+01 0.975095E+03 0.371247E+05 0.224446E+07
   429.26000  0.394612E+01 0.991611E+03 0.377303E+05 0.228247E+07
   429.51000  0.401081E+01 0.100845E+04 0.383476E+05 0.232124E+07
   429.76000  0.407675E+01 0.102563E+04 0.389768E+05 0.236077E+07
   430.01000  0.414398E+01 0.104315E+04 0.396183E+05 0.240110E+07
   430.26000  0.421252E+01 0.106103E+04 0.402723E+05 0.244223E+07
   430.51000  0.428241E+01 0.107926E+04 0.409391E+05 0.248419E+07
   430.76000  0.435367E+01 0.109786E+04 0.416190E+05 0.252700E+07
   431.01000  0.442634E+01 0.111683E+04 0.423123E+05 0.257068E+07
   431.26000  0.450045E+01 0.113620E+04 0.430194E+05 0.261524E+07
   431.51000  0.457604E+01 0.115595E+04 0.437405E+05 0.266071E+07
   431.76000  0.465313E+01 0.117612E+04 0.444760E+05 0.270711E+07
   432.01000  0.473178E+01 0.119669E+04 0.452263E+05 0.275447E+07
   432.26000  0.481201E+01 0.121769E+04 0.459916E+05 0.280280E+07
   432.51000  0.489386E+01 0.123913E+04 0.467725E+05 0.285214E+07
   432.76000  0.497738E+01 0.126101E+04 0.475691E+05 0.290250E+07
   433.01000  0.506260E+01 0.128335E+04 0.483820E+05 0.295392E+07
   433.26000  0.514956E+01 0.130616E+04 0.492115E+05 0.300641E+07
   433.51000  0.523832E+01 0.132945E+04 0.500581E+05 0.306000E+07
   433.76000  0.532890E+01 0.135323E+04 0.509221E+05 0.311473E+07
   434.00000  0.536412E+01 0.141748E+04 0.515075E+05 0.318047E+07
   434.01000  0.542136E+01 0.137751E+04 0.518040E+05 0.317062E+07
   434.26000  0.551575E+01 0.140231E+04 0.527042E+05 0.322770E+07
   434.51000  0.561211E+01 0.142764E+04 0.536232E+05 0.328600E+07
   434.76000  0.571050E+01 0.145352E+04 0.545615E+05 0.334555E+07
   435.01000  0.581096E+01 0.147995E+04 0.555195E+05 0.340639E+07
   435.26000  0.591354E+01 0.150696E+04 0.564978E+05 0.346855E+07
   435.51000  0.601831E+01 0.153455E+04 0.574969E+05 0.353205E+07
   435.76000  0.612531E+01 0.156275E+04 0.585173E+05 0.359694E+07
   436.01000  0.623461E+01 0.159157E+04 0.595595E+05 0.366326E+07
   436.26000  0.634626E+01 0.162101E+04 0.606242E+05 0.373104E+07
   436.51000  0.646033E+01 0.165112E+04 0.617119E+05 0.380031E+07
   436.76000  0.657688E+01 0.168189E+04 0.628232E+05 0.387112E+07
   437.01000  0.669597E+01 0.171334E+04 0.639587E+05 0.394352E+07
   437.26000  0.681768E+01 0.174550E+04 0.651191E+05 0.401753E+07
   437.51000  0.694206E+01 0.177839E+04 0.663050E+05 0.409322E+07
   437.76000  0.706920E+01 0.181202E+04 0.675172E+05 0.417061E+07
   438.01000  0.719917E+01 0.184641E+04 0.687562E+05 0.424976E+07
   438.26000  0.733204E+01 0.188159E+04 0.700229E+05 0.433072E+07
   438.51000  0.746789E+01 0.191757E+04 0.713180E+05 0.441353E+07
   438.76000  0.760680E+01 0.195438E+04 0.726423E+05 0.449824E+07
   439.01000  0.774886E+01 0.199205E+04 0.739965E+05 0.458492E+07
   439.26000  0.789415E+01 0.203058E+04 0.753815E+05 0.467361E+07
   439.51000  0.804277E+01 0.207002E+04 0.767982E+05 0.476437E+07
   439.76000  0.819480E+01 0.211038E+04 0.782473E+05 0.485726E+07
   440.01000  0.835034E+01 0.215170E+04 0.797299E+05 0.495234E+07
   440.26000  0.850949E+01 0.219399E+04 0.812468E+05 0.504967E+07
   440.51000  0.867235E+01 0.223729E+04 0.827991E+05 0.514931E+07
   440.76000  0.883903E+01 0.228162E+04 0.843877E+05 0.525134E+07
   441.01000  0.900963E+01 0.232702E+04 0.860137E+05 0.535581E+07
   441.26000  0.918427E+01 0.237352E+04 0.876781E+05 0.546281E+07
   441.51000  0.936306E+01 0.242114E+04 0.893820E+05 0.557241E+07
   441.76000  0.954613E+01 0.246992E+04 0.911267E+05 0.568467E+07
   442.00000  0.964439E+01 0.259508E+04 0.924304E+05 0.582145E+07
   442.01000  0.973359E+01 0.251990E+04 0.929132E+05 0.579969E+07
   442.26000  0.992559E+01 0.257111E+04 0.947428E+05 0.591753E+07
   442.51000  0.101222E+02 0.262359E+04 0.966168E+05 0.603830E+07
   442.76000  0.103237E+02 0.267737E+04 0.985365E+05 0.616206E+07
   443.01000  0.105301E+02 0.273250E+04 0.100503E+06 0.628893E+07
   443.26000  0.107416E+02 0.278901E+04 0.102518E+06 0.641897E+07
   443.51000  0.109583E+02 0.284695E+04 0.104583E+06 0.655231E+07
   443.76000  0.111804E+02 0.290636E+04 0.106700E+06 0.668902E+07
   444.01000  0.114081E+02 0.296728E+04 0.108869E+06 0.682923E+07
   444.26000  0.116416E+02 0.302977E+04 0.111093E+06 0.697304E+07
   444.51000  0.118809E+02 0.309388E+04 0.113374E+06 0.712055E+07
   444.76000  0.121264E+02 0.315964E+04 0.115712E+06 0.727189E+07
   445.01000  0.123781E+02 0.322712E+04 0.118110E+06 0.742718E+07
   445.26000  0.126363E+02 0.329637E+04 0.120570E+06 0.758654E+07
   445.51000  0.129012E+02 0.336745E+04 0.123094E+06 0.775010E+07
   445.76000  0.131730E+02 0.344041E+04 0.125683E+06 0.791799E+07
   446.01000  0.134519E+02 0.351531E+04 0.128340E+06 0.809035E+07
   446.26000  0.137382E+02 0.359222E+04 0.131067E+06 0.826734E+07
   446.51000  0.140320E+02 0.367120E+04 0.133866E+06 0.844910E+07
   446.76000  0.143337E+02 0.375233E+04 0.136739E+06 0.863578E+07
   447.01000  0.146434E+02 0.383566E+04 0.139689E+06 0.882754E+07
   447.26000  0.149615E+02 0.392128E+04 0.142719E+06 0.902457E+07
   447.51000  0.152882E+02 0.400926E+04 0.145831E+06 0.922702E+07
   447.76000  0.156238E+02 0.409968E+04 0.149028E+06 0.943509E+07
   448.01000  0.159687E+02 0.419262E+04 0.152312E+06 0.964896E+07
   448.26000  0.163230E+02 0.428817E+04 0.155686E+06 0.986883E+07
   448.51000  0.166872E+02 0.438641E+04 0.159155E+06 0.100949E+08
   448.76000  0.170615E+02 0.448744E+04 0.162720E+06 0.103274E+08
   449.01000  0.174464E+02 0.459136E+04 0.166385E+06 0.105665E+08
   449.26000  0.178421E+02 0.469826E+04 0.170153E+06 0.108125E+08
   449.51000  0.182491E+02 0.480825E+04 0.174029E+06 0.110656E+08
   449.76000  0.186677E+02 0.492143E+04 0.178015E+06 0.113260E+08
   450.00000  0.189566E+02 0.519402E+04 0.181324E+06 0.116489E+08
   450.01000  0.190984E+02 0.503793E+04 0.182116E+06 0.115941E+08
   450.26000  0.195416E+02 0.515785E+04 0.186336E+06 0.118701E+08
   450.51000  0.199976E+02 0.528132E+04 0.190678E+06 0.121542E+08
   450.76000  0.204670E+02 0.540847E+04 0.195148E+06 0.124468E+08
   451.01000  0.209503E+02 0.553943E+04 0.199749E+06 0.127481E+08
   451.26000  0.214479E+02 0.567433E+04 0.204487E+06 0.130585E+08
   451.51000  0.219604E+02 0.581333E+04 0.209366E+06 0.133784E+08
   451.76000  0.224883E+02 0.595657E+04 0.214392E+06 0.137080E+08
   452.01000  0.230322E+02 0.610421E+04 0.219570E+06 0.140477E+08
   452.26000  0.235926E+02 0.625641E+04 0.224905E+06 0.143979E+08
   452.51000  0.241702E+02 0.641335E+04 0.230403E+06 0.147590E+08
   452.76000  0.247656E+02 0.657519E+04 0.236071E+06 0.151314E+08
   453.01000  0.253795E+02 0.674214E+04 0.241915E+06 0.155156E+08
   453.26000  0.260126E+02 0.691437E+04 0.247941E+06 0.159119E+08
   453.51000  0.266655E+02 0.709210E+04 0.254157E+06 0.163208E+08
   453.76000  0.273392E+02 0.727553E+04 0.260568E+06 0.167429E+08
   454.01000  0.280342E+02 0.746489E+04 0.267184E+06 0.171786E+08
   454.26000  0.287516E+02 0.766040E+04 0.274012E+06 0.176285E+08
   454.51000  0.294921E+02 0.786231E+04 0.281060E+06 0.180931E+08
   454.76000  0.302566E+02 0.807086E+04 0.288336E+06 0.185730E+08
   455.01000  0.310461E+02 0.828633E+04 0.295850E+06 0.190687E+08
   455.26000  0.318615E+02 0.850897E+04 0.303611E+06 0.195810E+08
   455.51000  0.327040E+02 0.873909E+04 0.311628E+06 0.201105E+08
   455.76000  0.335745E+02 0.897698E+04 0.319913E+06 0.206579E+08
   456.01000  0.344742E+02 0.922296E+04 0.328474E+06 0.212239E+08
   456.26000  0.354042E+02 0.947734E+04 0.337325E+06 0.218092E+08
   456.51000  0.363658E+02 0.974048E+04 0.346475E+06 0.224146E+08
   456.76000  0.373603E+02 0.100127E+05 0.355938E+06 0.230411E+08
   457.01000  0.383889E+02 0.102945E+05 0.365726E+06 0.236893E+08
   457.26000  0.394531E+02 0.105861E+05 0.375853E+06 0.243603E+08
   457.51000  0.405544E+02 0.108880E+05 0.386331E+06 0.250549E+08
   457.76000  0.416942E+02 0.112006E+05 0.397176E+06 0.257741E+08
   458.00000  0.426553E+02 0.119014E+05 0.407205E+06 0.266853E+08
   458.01000  0.428742E+02 0.115243E+05 0.408403E+06 0.265191E+08
   458.26000  0.440960E+02 0.118597E+05 0.420028E+06 0.272908E+08
   458.51000  0.453613E+02 0.122072E+05 0.432066E+06 0.280903E+08
   458.76000  0.466720E+02 0.125673E+05 0.444536E+06 0.289189E+08
   459.01000  0.480300E+02 0.129406E+05 0.457455E+06 0.297777E+08
   459.26000  0.494373E+02 0.133276E+05 0.470843E+06 0.306681E+08
   459.51000  0.508958E+02 0.137289E+05 0.484718E+06 0.315914E+08
   459.76000  0.524078E+02 0.141450E+05 0.499101E+06 0.325490E+08
   460.01000  0.539755E+02 0.145768E+05 0.514014E+06 0.335422E+08
   460.26000  0.556012E+02 0.150246E+05 0.529478E+06 0.345728E+08
   460.51000  0.572874E+02 0.154894E+05 0.545518E+06 0.356421E+08
   460.76000  0.590367E+02 0.159718E+05 0.562156E+06 0.367519E+08
   461.01000  0.608516E+02 0.164725E+05 0.579419E+06 0.379039E+08
   461.26000  0.627349E+02 0.169923E+05 0.597332E+06 0.390999E+08
   461.51000  0.646895E+02 0.175320E+05 0.615922E+06 0.403417E+08
   461.76000  0.667183E+02 0.180925E+05 0.635218E+06 0.416313E+08
   462.01000  0.688245E+02 0.186747E+05 0.655248E+06 0.429707E+08
   462.26000  0.710111E+02 0.192793E+05 0.676043E+06 0.443618E+08
   462.51000  0.732814E+02 0.199075E+05 0.697635E+06 0.458070E+08
   462.76000  0.756389E+02 0.205600E+05 0.720054E+06 0.473083E+08
   463.01000  0.780871E+02 0.212380E+05 0.743335E+06 0.488682E+08
   463.26000  0.806295E+02 0.219424E+05 0.767512E+06 0.504888E+08
   463.51000  0.832699E+02 0.226743E+05 0.792619E+06 0.521727E+08
   463.76000  0.860119E+02 0.234347E+05 0.818692E+06 0.539223E+08
   464.01000  0.888595E+02 0.242249E+05 0.845769E+06 0.557401E+08
   464.26000  0.918166E+02 0.250458E+05 0.873885E+06 0.576288E+08
   464.51000  0.948871E+02 0.258986E+05 0.903079E+06 0.595909E+08
   464.76000  0.980750E+02 0.267845E+05 0.933388E+06 0.616291E+08
   465.01000  0.101384E+03 0.277046E+05 0.964851E+06 0.637459E+08
   465.26000  0.104819E+03 0.286601E+05 0.997506E+06 0.659441E+08
   465.51000  0.108383E+03 0.296521E+05 0.103139E+07 0.682263E+08
   465.76000  0.112080E+03 0.306817E+05 0.106654E+07 0.705951E+08
   466.00000  0.115661E+03 0.328631E+05 0.110194E+07 0.736661E+08
   466.01000  0.115914E+03 0.317500E+05 0.110298E+07 0.730528E+08
   466.26000  0.119889E+03 0.328581E+05 0.114077E+07 0.756021E+08
   466.51000  0.124007E+03 0.340069E+05 0.117992E+07 0.782450E+08
   466.76000  0.128273E+03 0.351973E+05 0.122046E+07 0.809838E+08
   467.01000  0.132688E+03 0.364303E+05 0.126242E+07 0.838203E+08
   467.26000  0.137255E+03 0.377064E+05 0.130583E+07 0.867561E+08
   467.51000  0.141975E+03 0.390262E+05 0.135070E+07 0.897925E+08
   467.76000  0.146851E+03 0.403902E+05 0.139703E+07 0.929304E+08
   468.01000  0.151881E+03 0.417985E+05 0.144484E+07 0.961703E+08
   468.26000  0.157067E+03 0.432511E+05 0.149412E+07 0.995120E+08
   468.51000  0.162406E+03 0.447477E+05 0.154486E+07 0.102955E+09
   468.76000  0.167896E+03 0.462878E+05 0.159703E+07 0.106498E+09
   469.01000  0.173534E+03 0.478703E+05 0.165060E+07 0.110139E+09
   469.26000  0.179314E+03 0.494941E+05 0.170553E+07 0.113874E+09
   469.51000  0.185231E+03 0.511573E+05 0.176174E+07 0.117700E+09
   469.76000  0.191275E+03 0.528579E+05 0.181917E+07 0.121612E+09
   470.01000  0.197437E+03 0.545930E+05 0.187771E+07 0.125604E+09
   470.26000  0.203705E+03 0.563594E+05 0.193726E+07 0.129667E+09
   470.51000  0.210065E+03 0.581533E+05 0.199767E+07 0.133794E+09
   470.76000  0.216500E+03 0.599703E+05 0.205881E+07 0.137974E+09
   471.01000  0.222993E+03 0.618052E+05 0.212047E+07 0.142195E+09
   471.26000  0.229521E+03 0.636523E+05 0.218248E+07 0.146444E+09
   471.51000  0.236062E+03 0.655050E+05 0.224460E+07 0.150706E+09
   471.76000  0.242590E+03 0.673562E+05 0.230660E+07 0.154964E+09
   472.01000  0.249077E+03 0.691981E+05 0.236819E+07 0.159201E+09
   472.26000  0.255492E+03 0.710224E+05 0.242911E+07 0.163398E+09
   472.51000  0.261804E+03 0.728199E+05 0.248903E+07 0.167532E+09
   472.76000  0.267977E+03 0.745811E+05 0.254764E+07 0.171584E+09
   473.01000  0.273977E+03 0.762961E+05 0.260459E+07 0.175528E+09
   473.26000  0.279768E+03 0.779546E+05 0.265955E+07 0.179343E+09
   473.51000  0.285311E+03 0.795463E+05 0.271216E+07 0.183004E+09
   473.76000  0.290571E+03 0.810606E+05 0.276206E+07 0.186487E+09
   474.00000  0.294282E+03 0.851523E+05 0.279804E+07 0.190825E+09
   474.01000  0.295510E+03 0.824873E+05 0.280892E+07 0.189769E+09
   474.26000  0.300093E+03 0.838163E+05 0.285239E+07 0.192825E+09
   474.51000  0.304288E+03 0.850381E+05 0.289216E+07 0.195635E+09
   474.76000  0.308063E+03 0.861440E+05 0.292794E+07 0.198179E+09
   475.01000  0.311389E+03 0.871258E+05 0.295946E+07 0.200437E+09
   475.26000  0.314245E+03 0.879767E+05 0.298650E+07 0.202393E+09
   475.51000  0.316608E+03 0.886908E+05 0.300886E+07 0.204035E+09
   475.76000  0.318464E+03 0.892636E+05 0.302639E+07 0.205352E+09
   476.01000  0.319803E+03 0.896919E+05 0.303901E+07 0.206336E+09
   476.26000  0.320618E+03 0.899739E+05 0.304666E+07 0.206984E+09
   476.51000  0.320911E+03 0.901093E+05 0.304934E+07 0.207295E+09
   476.76000  0.320685E+03 0.900992E+05 0.304709E+07 0.207271E+09
   477.01000  0.319951E+03 0.899462E+05 0.304001E+07 0.206918E+09
   477.26000  0.318723E+03 0.896541E+05 0.302824E+07 0.206245E+09
   477.51000  0.317020E+03 0.892279E+05 0.301196E+07 0.205263E+09
   477.76000  0.314864E+03 0.886737E+05 0.299138E+07 0.203988E+09
   478.01000  0.312282E+03 0.879984E+05 0.296674E+07 0.202433E+09
   478.26000  0.309300E+03 0.872100E+05 0.293832E+07 0.200619E+09
   478.51000  0.305951E+03 0.863166E+05 0.290640E+07 0.198563E+09
   478.76000  0.302265E+03 0.853273E+05 0.287129E+07 0.196286E+09
   479.01000  0.298276E+03 0.842511E+05 0.283330E+07 0.193809E+09
   479.26000  0.294016E+03 0.830971E+05 0.279274E+07 0.191154E+09
   479.51000  0.289519E+03 0.818745E+05 0.274993E+07 0.188341E+09
   479.76000  0.284816E+03 0.805925E+05 0.270518E+07 0.185391E+09
   480.01000  0.279941E+03 0.792598E+05 0.265878E+07 0.182324E+09
   480.26000  0.274921E+03 0.778849E+05 0.261102E+07 0.179161E+09
   480.51000  0.269788E+03 0.764758E+05 0.256217E+07 0.175918E+09
   480.76000  0.264566E+03 0.750402E+05 0.251250E+07 0.172615E+09
   481.01000  0.259282E+03 0.735851E+05 0.246224E+07 0.169267E+09
   481.26000  0.253959E+03 0.721171E+05 0.241161E+07 0.165890E+09
   481.51000  0.248618E+03 0.706423E+05 0.236081E+07 0.162496E+09
   481.76000  0.243278E+03 0.691660E+05 0.231002E+07 0.159100E+09
   482.00000  0.234786E+03 0.691880E+05 0.222776E+07 0.155003E+09
   482.01000  0.237957E+03 0.676932E+05 0.225942E+07 0.155711E+09
   482.26000  0.232669E+03 0.662284E+05 0.220914E+07 0.152341E+09
   482.51000  0.227430E+03 0.647754E+05 0.215932E+07 0.148998E+09
   482.76000  0.222250E+03 0.633376E+05 0.211007E+07 0.145690E+09
   483.01000  0.217140E+03 0.619181E+05 0.206148E+07 0.142424E+09
   483.26000  0.212109E+03 0.605195E+05 0.201365E+07 0.139207E+09
   483.51000  0.207165E+03 0.591438E+05 0.196664E+07 0.136042E+09
   483.76000  0.202313E+03 0.577929E+05 0.192052E+07 0.132934E+09
   484.01000  0.197558E+03 0.564683E+05 0.187532E+07 0.129886E+09
   484.26000  0.192906E+03 0.551712E+05 0.183110E+07 0.126902E+09
   484.51000  0.188358E+03 0.539025E+05 0.178787E+07 0.123983E+09
   484.76000  0.183917E+03 0.526629E+05 0.174566E+07 0.121131E+09
   485.01000  0.179585E+03 0.514529E+05 0.170448E+07 0.118348E+09
   485.26000  0.175362E+03 0.502728E+05 0.166434E+07 0.115633E+09
   485.51000  0.171248E+03 0.491228E+05 0.162524E+07 0.112987E+09
   485.76000  0.167244E+03 0.480028E+05 0.158719E+07 0.110410E+09
   486.01000  0.163349E+03 0.469126E+05 0.155017E+07 0.107902E+09
   486.26000  0.159562E+03 0.458522E+05 0.151418E+07 0.105463E+09
   486.51000  0.155881E+03 0.448210E+05 0.147920E+07 0.103090E+09
   486.76000  0.152305E+03 0.438188E+05 0.144521E+07 0.100785E+09
   487.01000  0.148832E+03 0.428450E+05 0.141221E+07 0.985446E+08
   487.26000  0.145460E+03 0.418992E+05 0.138017E+07 0.963687E+08
   487.51000  0.142187E+03 0.409807E+05 0.134906E+07 0.942557E+08
   487.76000  0.139010E+03 0.400890E+05 0.131888E+07 0.922043E+08
   488.01000  0.135928E+03 0.392235E+05 0.128959E+07 0.902131E+08
   488.26000  0.132938E+03 0.383834E+05 0.126118E+07 0.882805E+08
   488.51000  0.130037E+03 0.375682E+05 0.123362E+07 0.864051E+08
   488.76000  0.127223E+03 0.367771E+05 0.120688E+07 0.845852E+08
   489.01000  0.124494E+03 0.360095E+05 0.118095E+07 0.828194E+08
   489.26000  0.121846E+03 0.352648E+05 0.115580E+07 0.811061E+08
   489.51000  0.119279E+03 0.345422E+05 0.113140E+07 0.794437E+08
   489.76000  0.116788E+03 0.338410E+05 0.110774E+07 0.778308E+08
   490.00000  0.112871E+03 0.338753E+05 0.106874E+07 0.758679E+08
   490.01000  0.114372E+03 0.331607E+05 0.108479E+07 0.762658E+08
   490.26000  0.112029E+03 0.325006E+05 0.106253E+07 0.747472E+08
   490.51000  0.109755E+03 0.318600E+05 0.104093E+07 0.732736E+08
   490.76000  0.107550E+03 0.312384E+05 0.101998E+07 0.718435E+08
   491.01000  0.105410E+03 0.306350E+05 0.999649E+06 0.704556E+08
   491.26000  0.103333E+03 0.300494E+05 0.979923E+06 0.691083E+08
   491.51000  0.101318E+03 0.294809E+05 0.960779E+06 0.678005E+08
   491.76000  0.993620E+02 0.289290E+05 0.942198E+06 0.665308E+08
   492.01000  0.974633E+02 0.283931E+05 0.924162E+06 0.652980E+08
   492.26000  0.956199E+02 0.278727E+05 0.906652E+06 0.641008E+08
   492.51000  0.938300E+02 0.273672E+05 0.889649E+06 0.629380E+08
   492.76000  0.920917E+02 0.268762E+05 0.873138E+06 0.618085E+08
   493.01000  0.904034E+02 0.263992E+05 0.857102E+06 0.607112E+08
   493.26000  0.887633E+02 0.259357E+05 0.841523E+06 0.596450E+08
   493.51000  0.871697E+02 0.254853E+05 0.826387E+06 0.586088E+08
   493.76000  0.856212E+02 0.250474E+05 0.811679E+06 0.576016E+08
   494.01000  0.841161E+02 0.246218E+05 0.797384E+06 0.566225E+08
   494.26000  0.826531E+02 0.242080E+05 0.783488E+06 0.556705E+08
   494.51000  0.812306E+02 0.238055E+05 0.769977E+06 0.547447E+08
   494.76000  0.798473E+02 0.234141E+05 0.756839E+06 0.538443E+08
   495.01000  0.785019E+02 0.230333E+05 0.744061E+06 0.529683E+08
   495.26000  0.771931E+02 0.226628E+05 0.731631E+06 0.521160E+08
   495.51000  0.759198E+02 0.223023E+05 0.719538E+06 0.512865E+08
   495.76000  0.746806E+02 0.219513E+05 0.707769E+06 0.504792E+08
   496.01000  0.734745E+02 0.216097E+05 0.696314E+06 0.496933E+08
   496.26000  0.723003E+02 0.212770E+05 0.685163E+06 0.489281E+08
   496.51000  0.711571E+02 0.209531E+05 0.674306E+06 0.481829E+08
   496.76000  0.700437E+02 0.206376E+05 0.663733E+06 0.474571E+08
   497.01000  0.689593E+02 0.203302E+05 0.653434E+06 0.467500E+08
   497.26000  0.679029E+02 0.200307E+05 0.643402E+06 0.460610E+08
   497.51000  0.668735E+02 0.197388E+05 0.633626E+06 0.453895E+08
   497.76000  0.658703E+02 0.194543E+05 0.624099E+06 0.447350E+08
   498.00000  0.641670E+02 0.196142E+05 0.606286E+06 0.439140E+08
   498.01000  0.648924E+02 0.191769E+05 0.614813E+06 0.440970E+08
   498.26000  0.639391E+02 0.189065E+05 0.605760E+06 0.434748E+08
   498.51000  0.630095E+02 0.186427E+05 0.596933E+06 0.428681E+08
   498.76000  0.621029E+02 0.183855E+05 0.588324E+06 0.422763E+08
   499.01000  0.612186E+02 0.181345E+05 0.579926E+06 0.416990E+08
   499.26000  0.603558E+02 0.178896E+05 0.571734E+06 0.411356E+08
   499.51000  0.595140E+02 0.176506E+05 0.563740E+06 0.405858E+08
   499.76000  0.586924E+02 0.174173E+05 0.555938E+06 0.400492E+08
   500.01000  0.578904E+02 0.171896E+05 0.548322E+06 0.395253E+08
   500.26000  0.571074E+02 0.169672E+05 0.540888E+06 0.390138E+08
   500.51000  0.563429E+02 0.167501E+05 0.533628E+06 0.385143E+08
   500.76000  0.555962E+02 0.165380E+05 0.526538E+06 0.380264E+08
   501.01000  0.548669E+02 0.163308E+05 0.519613E+06 0.375498E+08
   501.26000  0.541544E+02 0.161283E+05 0.512847E+06 0.370841E+08
   501.51000  0.534582E+02 0.159305E+05 0.506237E+06 0.366290E+08
   501.76000  0.527778E+02 0.157372E+05 0.499777E+06 0.361842E+08
   502.01000  0.521128E+02 0.155482E+05 0.493462E+06 0.357494E+08
   502.26000  0.514627E+02 0.153634E+05 0.487290E+06 0.353244E+08
   502.51000  0.508271E+02 0.151827E+05 0.481254E+06 0.349087E+08
   502.76000  0.502055E+02 0.150060E+05 0.475353E+06 0.345023E+08
   503.01000  0.495976E+02 0.148332E+05 0.469580E+06 0.341047E+08
   503.26000  0.490029E+02 0.146641E+05 0.463934E+06 0.337157E+08
   503.51000  0.484211E+02 0.144987E+05 0.458410E+06 0.333351E+08
   503.76000  0.478519E+02 0.143368E+05 0.453005E+06 0.329627E+08
   504.01000  0.472947E+02 0.141783E+05 0.447716E+06 0.325983E+08
   504.26000  0.467495E+02 0.140233E+05 0.442538E+06 0.322415E+08
   504.51000  0.462156E+02 0.138714E+05 0.437470E+06 0.318923E+08
   504.76000  0.456930E+02 0.137228E+05 0.432508E+06 0.315503E+08
   505.01000  0.451813E+02 0.135772E+05 0.427649E+06 0.312154E+08
   505.26000  0.446801E+02 0.134346E+05 0.422890E+06 0.308874E+08
   505.51000  0.441892E+02 0.132950E+05 0.418229E+06 0.305662E+08
   505.76000  0.437082E+02 0.131582E+05 0.413663E+06 0.302514E+08
   506.00000  0.428297E+02 0.133346E+05 0.403808E+06 0.298445E+08
   506.01000  0.432371E+02 0.130241E+05 0.409190E+06 0.299431E+08
   506.26000  0.427754E+02 0.128927E+05 0.404806E+06 0.296409E+08
   506.51000  0.423229E+02 0.127640E+05 0.400510E+06 0.293447E+08
   506.76000  0.418794E+02 0.126378E+05 0.396300E+06 0.290544E+08
   507.01000  0.414446E+02 0.125141E+05 0.392172E+06 0.287699E+08
   507.26000  0.410184E+02 0.123928E+05 0.388125E+06 0.284908E+08
   507.51000  0.406004E+02 0.122739E+05 0.384157E+06 0.282173E+08
   507.76000  0.401906E+02 0.121573E+05 0.380266E+06 0.279490E+08
   508.01000  0.397886E+02 0.120429E+05 0.376449E+06 0.276858E+08
   508.26000  0.393942E+02 0.119307E+05 0.372705E+06 0.274277E+08
   508.51000  0.390074E+02 0.118206E+05 0.369033E+06 0.271745E+08
   508.76000  0.386279E+02 0.117126E+05 0.365429E+06 0.269260E+08
   509.01000  0.382554E+02 0.116066E+05 0.361893E+06 0.266822E+08
   509.26000  0.378899E+02 0.115026E+05 0.358423E+06 0.264430E+08
   509.51000  0.375311E+02 0.114006E+05 0.355017E+06 0.262082E+08
   509.76000  0.371790E+02 0.113004E+05 0.351674E+06 0.259777E+08
   510.01000  0.368333E+02 0.112020E+05 0.348391E+06 0.257514E+08
   510.26000  0.364938E+02 0.111054E+05 0.345168E+06 0.255292E+08
   510.51000  0.361605E+02 0.110106E+05 0.342004E+06 0.253110E+08
   510.76000  0.358331E+02 0.109175E+05 0.338896E+06 0.250968E+08
   511.01000  0.355116E+02 0.108260E+05 0.335843E+06 0.248863E+08
   511.26000  0.351958E+02 0.107361E+05 0.332845E+06 0.246797E+08
   511.51000  0.348855E+02 0.106479E+05 0.329899E+06 0.244766E+08
   511.76000  0.345807E+02 0.105612E+05 0.327005E+06 0.242771E+08
   512.01000  0.342811E+02 0.104760E+05 0.324161E+06 0.240812E+08
   512.26000  0.339868E+02 0.103923E+05 0.321367E+06 0.238886E+08
   512.51000  0.336975E+02 0.103100E+05 0.318620E+06 0.236993E+08
   512.76000  0.334131E+02 0.102291E+05 0.315920E+06 0.235133E+08
   513.01000  0.331336E+02 0.101497E+05 0.313267E+06 0.233304E+08
   513.26000  0.328588E+02 0.100715E+05 0.310658E+06 0.231507E+08
   513.51000  0.325886E+02 0.999471E+04 0.308092E+06 0.229739E+08
   513.76000  0.323230E+02 0.991918E+04 0.305570E+06 0.228002E+08
   514.00000  0.318086E+02 0.100872E+05 0.299244E+06 0.225685E+08
   514.01000  0.320617E+02 0.984492E+04 0.303089E+06 0.226293E+08
   514.26000  0.318048E+02 0.977189E+04 0.300650E+06 0.224613E+08
   514.51000  0.315520E+02 0.970006E+04 0.298250E+06 0.222961E+08
   514.76000  0.313034E+02 0.962942E+04 0.295890E+06 0.221336E+08
   515.01000  0.310588E+02 0.955992E+04 0.293568E+06 0.219737E+08
   515.26000  0.308182E+02 0.949156E+04 0.291283E+06 0.218164E+08
   515.51000  0.305814E+02 0.942430E+04 0.289035E+06 0.216616E+08
   515.76000  0.303484E+02 0.935812E+04 0.286823E+06 0.215094E+08
   516.01000  0.301191E+02 0.929300E+04 0.284646E+06 0.213596E+08
   516.26000  0.298935E+02 0.922891E+04 0.282503E+06 0.212121E+08
   516.51000  0.296713E+02 0.916584E+04 0.280394E+06 0.210670E+08
   516.76000  0.294527E+02 0.910376E+04 0.278318E+06 0.209242E+08
   517.01000  0.292374E+02 0.904266E+04 0.276274E+06 0.207836E+08
   517.26000  0.290254E+02 0.898251E+04 0.274261E+06 0.206452E+08
   517.51000  0.288167E+02 0.892329E+04 0.272280E+06 0.205090E+08
   517.76000  0.286112E+02 0.886498E+04 0.270329E+06 0.203748E+08
   518.01000  0.284088E+02 0.880757E+04 0.268407E+06 0.202427E+08
   518.26000  0.282095E+02 0.875104E+04 0.266514E+06 0.201127E+08
   518.51000  0.280132E+02 0.869536E+04 0.264650E+06 0.199846E+08
   518.76000  0.278198E+02 0.864053E+04 0.262814E+06 0.198584E+08
   519.01000  0.276292E+02 0.858652E+04 0.261005E+06 0.197342E+08
   519.26000  0.274415E+02 0.853332E+04 0.259222E+06 0.196118E+08
   519.51000  0.272566E+02 0.848092E+04 0.257466E+06 0.194912E+08
   519.76000  0.270744E+02 0.842929E+04 0.255736E+06 0.193724E+08
   522.00000  0.253814E+02 0.819891E+04 0.238250E+06 0.183368E+08
   530.00000  0.212968E+02 0.700790E+04 0.199459E+06 0.156671E+08
   538.00000  0.185343E+02 0.621301E+04 0.173189E+06 0.138844E+08
   546.00000  0.165771E+02 0.566119E+04 0.154541E+06 0.126460E+08
   554.00000  0.151400E+02 0.526770E+04 0.140811E+06 0.117619E+08
   562.00000  0.140547E+02 0.498233E+04 0.130404E+06 0.111198E+08
   570.00000  0.132159E+02 0.477362E+04 0.122323E+06 0.106491E+08
   578.00000  0.125549E+02 0.462094E+04 0.115918E+06 0.103036E+08
   586.00000  0.120251E+02 0.451018E+04 0.110747E+06 0.100517E+08
   596.00000  0.114983E+02 0.441584E+04 0.105558E+06 0.983528E+07
   606.00000  0.110813E+02 0.435794E+04 0.101397E+06 0.970003E+07
   616.00000  0.107430E+02 0.432688E+04 0.979755E+05 0.962444E+07
   626.00000  0.104617E+02 0.431569E+04 0.950854E+05 0.959289E+07
   636.00000  0.102212E+02 0.431914E+04 0.925774E+05 0.959372E+07
   646.00000  0.100097E+02 0.433323E+04 0.903410E+05 0.961798E+07
   656.00000  0.981836E+01 0.435486E+04 0.882937E+05 0.965871E+07
   666.00000  0.964042E+01 0.438154E+04 0.863732E+05 0.971036E+07
   676.00000  0.947072E+01 0.441126E+04 0.845325E+05 0.976849E+07
   686.00000  0.930541E+01 0.444241E+04 0.827366E+05 0.982948E+07
   696.00000  0.914160E+01 0.447368E+04 0.809595E+05 0.989044E+07
   706.00000  0.897720E+01 0.450404E+04 0.791829E+05 0.994909E+07
   716.00000  0.881074E+01 0.453266E+04 0.773942E+05 0.100036E+08
   726.00000  0.864126E+01 0.455889E+04 0.755853E+05 0.100526E+08
   736.00000  0.846819E+01 0.458224E+04 0.737516E+05 0.100949E+08
   746.00000  0.829124E+01 0.460236E+04 0.718916E+05 0.101298E+08
   756.00000  0.811044E+01 0.461898E+04 0.700058E+05 0.101569E+08
   766.00000  0.792597E+01 0.463198E+04 0.680966E+05 0.101756E+08
   776.00000  0.773818E+01 0.464129E+04 0.661678E+05 0.101861E+08
   786.00000  0.754752E+01 0.464692E+04 0.642238E+05 0.101883E+08
   796.00000  0.735450E+01 0.464893E+04 0.622696E+05 0.101824E+08
   806.00000  0.715967E+01 0.464742E+04 0.603103E+05 0.101686E+08
   816.00000  0.696358E+01 0.464252E+04 0.583514E+05 0.101472E+08
   826.00000  0.676683E+01 0.463440E+04 0.563980E+05 0.101187E+08
   836.00000  0.656995E+01 0.462325E+04 0.544553E+05 0.100834E+08
   846.00000  0.637350E+01 0.460924E+04 0.525280E+05 0.100418E+08
   856.00000  0.617797E+01 0.459259E+04 0.506206E+05 0.999437E+07
   866.00000  0.598381E+01 0.457348E+04 0.487370E+05 0.994151E+07
   876.00000  0.579143E+01 0.455210E+04 0.468808E+05 0.988367E+07
   886.00000  0.560120E+01 0.452863E+04 0.450550E+05 0.982125E+07
   896.00000  0.541346E+01 0.450325E+04 0.432625E+05 0.975469E+07
   906.00000  0.522850E+01 0.447614E+04 0.415057E+05 0.968435E+07
   916.00000  0.504658E+01 0.444746E+04 0.397865E+05 0.961062E+07
   926.00000  0.486791E+01 0.441735E+04 0.381067E+05 0.953384E+07
   936.00000  0.469268E+01 0.438596E+04 0.364675E+05 0.945431E+07
   946.00000  0.452103E+01 0.435341E+04 0.348700E+05 0.937232E+07
   956.00000  0.435309E+01 0.431983E+04 0.333151E+05 0.928815E+07
   966.00000  0.418895E+01 0.428532E+04 0.318032E+05 0.920206E+07
   976.00000  0.402871E+01 0.425000E+04 0.303348E+05 0.911430E+07
   986.00000  0.387241E+01 0.421397E+04 0.289102E+05 0.902507E+07
   996.00000  0.372010E+01 0.417731E+04 0.275293E+05 0.893459E+07
  1006.00000  0.357180E+01 0.414010E+04 0.261920E+05 0.884304E+07
  1016.00000  0.342752E+01 0.410242E+04 0.248982E+05 0.875059E+07
  1026.00000  0.328724E+01 0.406434E+04 0.236474E+05 0.865738E+07
  1036.00000  0.315095E+01 0.402592E+04 0.224392E+05 0.856356E+07
  1046.00000  0.301864E+01 0.398722E+04 0.212732E+05 0.846928E+07
  1056.00000  0.289026E+01 0.394830E+04 0.201487E+05 0.837464E+07
  1066.00000  0.276577E+01 0.390920E+04 0.190651E+05 0.827977E+07
  1076.00000  0.264514E+01 0.386997E+04 0.180217E+05 0.818475E+07
  1086.00000  0.252829E+01 0.383064E+04 0.170177E+05 0.808967E+07
  1096.00000  0.241517E+01 0.379126E+04 0.160525E+05 0.799461E+07
  1106.00000  0.230572E+01 0.375184E+04 0.151251E+05 0.789964E+07
  1116.00000  0.219988E+01 0.371242E+04 0.142348E+05 0.780482E+07
  1126.00000  0.209757E+01 0.367303E+04 0.133807E+05 0.771022E+07
  1136.00000  0.199872E+01 0.363369E+04 0.125620E+05 0.761588E+07
  1146.00000  0.190328E+01 0.359442E+04 0.117779E+05 0.752186E+07
  1156.00000  0.181115E+01 0.355524E+04 0.110274E+05 0.742820E+07
  1166.00000  0.172228E+01 0.351617E+04 0.103098E+05 0.733493E+07
  1176.00000  0.163657E+01 0.347721E+04 0.962424E+04 0.724209E+07
  1186.00000  0.155397E+01 0.343839E+04 0.896979E+04 0.714970E+07
  1196.00000  0.147440E+01 0.339972E+04 0.834566E+04 0.705779E+07
  1206.00000  0.139779E+01 0.336120E+04 0.775102E+04 0.696640E+07
  1216.00000  0.132406E+01 0.332286E+04 0.718507E+04 0.687556E+07
  1226.00000  0.125314E+01 0.328470E+04 0.664699E+04 0.678528E+07
  1236.00000  0.118496E+01 0.324673E+04 0.613600E+04 0.669558E+07
  1246.00000  0.111946E+01 0.320897E+04 0.565130E+04 0.660649E+07
  1256.00000  0.105656E+01 0.317141E+04 0.519213E+04 0.651802E+07
  1266.00000  0.996183E+00 0.313406E+04 0.475772E+04 0.643018E+07
  1276.00000  0.938277E+00 0.309693E+04 0.434734E+04 0.634299E+07
  1286.00000  0.882768E+00 0.306004E+04 0.396026E+04 0.625646E+07
  1296.00000  0.829594E+00 0.302337E+04 0.359575E+04 0.617060E+07
  1306.00000  0.778688E+00 0.298694E+04 0.325312E+04 0.608544E+07
  1316.00000  0.729987E+00 0.295076E+04 0.293169E+04 0.600097E+07
  1326.00000  0.683429E+00 0.291483E+04 0.263076E+04 0.591721E+07
  1336.00000  0.638953E+00 0.287914E+04 0.234968E+04 0.583415E+07
  1346.00000  0.596499E+00 0.284371E+04 0.208780E+04 0.575181E+07
  1356.00000  0.556007E+00 0.280853E+04 0.184450E+04 0.567019E+07
  1366.00000  0.517420E+00 0.277360E+04 0.161915E+04 0.558929E+07
  1376.00000  0.480682E+00 0.273894E+04 0.141114E+04 0.550912E+07
  1386.00000  0.445737E+00 0.270454E+04 0.121990E+04 0.542968E+07
  1396.00000  0.412531E+00 0.267040E+04 0.104483E+04 0.535098E+07
  1406.00000  0.381012E+00 0.263653E+04 0.885380E+03 0.527302E+07
  1416.00000  0.351127E+00 0.260292E+04 0.740997E+03 0.519579E+07
  1426.00000  0.322825E+00 0.256958E+04 0.611141E+03 0.511931E+07
  1436.00000  0.296058E+00 0.253650E+04 0.495289E+03 0.504356E+07
  1446.00000  0.270776E+00 0.250370E+04 0.392930E+03 0.496855E+07
  1456.00000  0.246932E+00 0.247116E+04 0.303563E+03 0.489429E+07
  1466.00000  0.224481E+00 0.243889E+04 0.226702E+03 0.482077E+07
  1476.00000  0.203376E+00 0.240690E+04 0.161872E+03 0.474799E+07
  1486.00000  0.183574E+00 0.237517E+04 0.108608E+03 0.467596E+07
  1496.00000  0.165031E+00 0.234372E+04 0.664598E+02 0.460468E+07
  1506.00000  0.147706E+00 0.231255E+04 0.349858E+02 0.453414E+07
  1516.00000  0.131556E+00 0.228165E+04 0.137569E+02 0.446435E+07
  1526.00000  0.116543E+00 0.225102E+04 0.235455E+01 0.439530E+07
  1536.00000  0.102625E+00 0.222066E+04 0.371035E+00 0.432699E+07
  1546.00000  0.897664E-01 0.219058E+04 0.740921E+01 0.425942E+07
  1556.00000  0.779281E-01 0.216078E+04 0.230823E+02 0.419260E+07
  1566.00000  0.670742E-01 0.213125E+04 0.470136E+02 0.412651E+07
  1576.00000  0.571688E-01 0.210200E+04 0.788367E+02 0.406117E+07
  1586.00000  0.481773E-01 0.207302E+04 0.118195E+03 0.399656E+07
  1596.00000  0.400656E-01 0.204432E+04 0.164740E+03 0.393269E+07
  1606.00000  0.328008E-01 0.201590E+04 0.218136E+03 0.386955E+07
  1616.00000  0.263506E-01 0.198775E+04 0.278053E+03 0.380714E+07
  1626.00000  0.206836E-01 0.195987E+04 0.344172E+03 0.374546E+07
  1636.00000  0.157691E-01 0.193227E+04 0.416183E+03 0.368450E+07
  1646.00000  0.115773E-01 0.190493E+04 0.493782E+03 0.362426E+07
  1656.00000  0.807910E-02 0.187787E+04 0.576677E+03 0.356474E+07
  1666.00000  0.524622E-02 0.185109E+04 0.664583E+03 0.350593E+07
  1676.00000  0.305106E-02 0.182457E+04 0.757222E+03 0.344783E+07
  1686.00000  0.146676E-02 0.179832E+04 0.854326E+03 0.339045E+07
  1696.00000  0.467176E-03 0.177235E+04 0.955633E+03 0.333376E+07
  1706.00000  0.268521E-04 0.174664E+04 0.106089E+04 0.327778E+07
  1716.00000  0.121021E-03 0.172119E+04 0.116985E+04 0.322249E+07
  1726.00000  0.725583E-03 0.169602E+04 0.128227E+04 0.316789E+07
  1736.00000  0.181709E-02 0.167110E+04 0.139793E+04 0.311398E+07
  1746.00000  0.337273E-02 0.164645E+04 0.151659E+04 0.306075E+07
  1756.00000  0.537034E-02 0.162207E+04 0.163804E+04 0.300820E+07
  1766.00000  0.778835E-02 0.159794E+04 0.176207E+04 0.295632E+07
  1776.00000  0.106058E-01 0.157408E+04 0.188848E+04 0.290512E+07
  1786.00000  0.138024E-01 0.155048E+04 0.201706E+04 0.285458E+07
  1796.00000  0.173582E-01 0.152714E+04 0.214763E+04 0.280471E+07
  1806.00000  0.212541E-01 0.150405E+04 0.227999E+04 0.275550E+07
  1816.00000  0.254715E-01 0.148122E+04 0.241398E+04 0.270693E+07
  1826.00000  0.299921E-01 0.145865E+04 0.254941E+04 0.265902E+07
  1836.00000  0.347985E-01 0.143633E+04 0.268611E+04 0.261175E+07
  1846.00000  0.398736E-01 0.141426E+04 0.282394E+04 0.256513E+07
  1856.00000  0.452007E-01 0.139244E+04 0.296271E+04 0.251913E+07
  1866.00000  0.507640E-01 0.137088E+04 0.310230E+04 0.247377E+07
  1876.00000  0.565477E-01 0.134956E+04 0.324255E+04 0.242904E+07
  1886.00000  0.625370E-01 0.132849E+04 0.338332E+04 0.238492E+07
  1896.00000  0.687171E-01 0.130767E+04 0.352447E+04 0.234142E+07
  1906.00000  0.750739E-01 0.128710E+04 0.366588E+04 0.229854E+07
  1916.00000  0.815937E-01 0.126676E+04 0.380741E+04 0.225626E+07
  1926.00000  0.882633E-01 0.124667E+04 0.394895E+04 0.221458E+07
  1936.00000  0.950697E-01 0.122682E+04 0.409037E+04 0.217349E+07
  1946.00000  0.102001E+00 0.120721E+04 0.423157E+04 0.213300E+07
  1956.00000  0.109044E+00 0.118783E+04 0.437244E+04 0.209309E+07
  1966.00000  0.116188E+00 0.116869E+04 0.451286E+04 0.205376E+07
  1976.00000  0.123422E+00 0.114978E+04 0.465275E+04 0.201500E+07
  1986.00000  0.130735E+00 0.113111E+04 0.479200E+04 0.197682E+07
  1996.00000  0.138116E+00 0.111267E+04 0.493052E+04 0.193920E+07
  2006.00000  0.145556E+00 0.109446E+04 0.506823E+04 0.190213E+07
  2016.00000  0.153044E+00 0.107647E+04 0.520504E+04 0.186563E+07
  2026.00000  0.160571E+00 0.105871E+04 0.534087E+04 0.182966E+07
  2036.00000  0.168129E+00 0.104117E+04 0.547564E+04 0.179425E+07
  2046.00000  0.175708E+00 0.102386E+04 0.560927E+04 0.175937E+07
  2056.00000  0.183300E+00 0.100677E+04 0.574169E+04 0.172502E+07
  2066.00000  0.190896E+00 0.989897E+03 0.587285E+04 0.169120E+07
  2076.00000  0.198490E+00 0.973241E+03 0.600267E+04 0.165790E+07
  2086.00000  0.206074E+00 0.956802E+03 0.613109E+04 0.162511E+07
  2096.00000  0.213641E+00 0.940577E+03 0.625805E+04 0.159284E+07
  2106.00000  0.221183E+00 0.924565E+03 0.638351E+04 0.156107E+07
  2116.00000  0.228695E+00 0.908764E+03 0.650741E+04 0.152981E+07
  2126.00000  0.236169E+00 0.893172E+03 0.662969E+04 0.149904E+07
  2136.00000  0.243600E+00 0.877788E+03 0.675032E+04 0.146875E+07
  2146.00000  0.250983E+00 0.862610E+03 0.686925E+04 0.143896E+07
  2156.00000  0.258310E+00 0.847635E+03 0.698643E+04 0.140964E+07
  2166.00000  0.265579E+00 0.832864E+03 0.710183E+04 0.138080E+07
  2176.00000  0.272782E+00 0.818292E+03 0.721541E+04 0.135242E+07
  2186.00000  0.279916E+00 0.803920E+03 0.732714E+04 0.132451E+07
  2196.00000  0.286975E+00 0.789745E+03 0.743698E+04 0.129706E+07
  2206.00000  0.293957E+00 0.775766E+03 0.754491E+04 0.127006E+07
  2216.00000  0.300855E+00 0.761980E+03 0.765090E+04 0.124351E+07
  2226.00000  0.307668E+00 0.748387E+03 0.775493E+04 0.121740E+07
  2236.00000  0.314390E+00 0.734984E+03 0.785697E+04 0.119173E+07
  2246.00000  0.321018E+00 0.721770E+03 0.795700E+04 0.116649E+07
  2256.00000  0.327549E+00 0.708742E+03 0.805499E+04 0.114168E+07
  2266.00000  0.333980E+00 0.695899E+03 0.815094E+04 0.111729E+07
  2276.00000  0.340308E+00 0.683239E+03 0.824482E+04 0.109331E+07
  2286.00000  0.346530E+00 0.670760E+03 0.833662E+04 0.106975E+07
  2296.00000  0.352643E+00 0.658461E+03 0.842633E+04 0.104659E+07
  2306.00000  0.358646E+00 0.646340E+03 0.851393E+04 0.102384E+07
  2316.00000  0.364535E+00 0.634395E+03 0.859942E+04 0.100148E+07
  2326.00000  0.370308E+00 0.622624E+03 0.868280E+04 0.979513E+06
  2336.00000  0.375965E+00 0.611026E+03 0.876404E+04 0.957931E+06
  2346.00000  0.381502E+00 0.599599E+03 0.884316E+04 0.936731E+06
  2356.00000  0.386918E+00 0.588341E+03 0.892014E+04 0.915908E+06
  2366.00000  0.392212E+00 0.577250E+03 0.899498E+04 0.895455E+06
  2376.00000  0.397382E+00 0.566324E+03 0.906768E+04 0.875369E+06
  2386.00000  0.402427E+00 0.555563E+03 0.913824E+04 0.855645E+06
  2396.00000  0.407346E+00 0.544963E+03 0.920667E+04 0.836277E+06
  2406.00000  0.412138E+00 0.534524E+03 0.927295E+04 0.817261E+06
  2416.00000  0.416802E+00 0.524244E+03 0.933711E+04 0.798592E+06
  2426.00000  0.421337E+00 0.514121E+03 0.939913E+04 0.780266E+06
  2436.00000  0.425742E+00 0.504153E+03 0.945904E+04 0.762278E+06
  2446.00000  0.430018E+00 0.494338E+03 0.951684E+04 0.744624E+06
  2456.00000  0.434163E+00 0.484676E+03 0.957253E+04 0.727298E+06
  2466.00000  0.438177E+00 0.475164E+03 0.962613E+04 0.710297E+06
  2476.00000  0.442061E+00 0.465801E+03 0.967763E+04 0.693615E+06
  2486.00000  0.445813E+00 0.456585E+03 0.972707E+04 0.677248E+06
  2496.00000  0.449435E+00 0.447514E+03 0.977444E+04 0.661192E+06
  2506.00000  0.452925E+00 0.438587E+03 0.981975E+04 0.645442E+06
  2516.00000  0.456284E+00 0.429802E+03 0.986303E+04 0.629994E+06
  2526.00000  0.459513E+00 0.421157E+03 0.990428E+04 0.614843E+06
  2536.00000  0.462611E+00 0.412651E+03 0.994351E+04 0.599986E+06
  2546.00000  0.465579E+00 0.404282E+03 0.998076E+04 0.585418E+06
  2556.00000  0.468417E+00 0.396049E+03 0.100160E+05 0.571134E+06
  2566.00000  0.471127E+00 0.387950E+03 0.100493E+05 0.557131E+06
  2576.00000  0.473708E+00 0.379983E+03 0.100807E+05 0.543403E+06
  2586.00000  0.476161E+00 0.372148E+03 0.101101E+05 0.529949E+06
  2596.00000  0.478487E+00 0.364441E+03 0.101376E+05 0.516762E+06
  2606.00000  0.480687E+00 0.356862E+03 0.101632E+05 0.503839E+06
  2616.00000  0.482760E+00 0.349410E+03 0.101870E+05 0.491176E+06
  2626.00000  0.484710E+00 0.342081E+03 0.102088E+05 0.478769E+06
  2636.00000  0.486535E+00 0.334876E+03 0.102289E+05 0.466614E+06
  2646.00000  0.488238E+00 0.327793E+03 0.102471E+05 0.454706E+06
  2656.00000  0.489818E+00 0.320829E+03 0.102635E+05 0.443043E+06
  2666.00000  0.491278E+00 0.313984E+03 0.102782E+05 0.431621E+06
  2676.00000  0.492618E+00 0.307255E+03 0.102911E+05 0.420434E+06
  2686.00000  0.493840E+00 0.300643E+03 0.103022E+05 0.409481E+06
  2696.00000  0.494945E+00 0.294144E+03 0.103117E+05 0.398756E+06
  2706.00000  0.495933E+00 0.287758E+03 0.103195E+05 0.388257E+06
  2716.00000  0.496807E+00 0.281482E+03 0.103255E+05 0.377980E+06
  2726.00000  0.497567E+00 0.275317E+03 0.103300E+05 0.367921E+06
  2736.00000  0.498215E+00 0.269260E+03 0.103328E+05 0.358076E+06
  2746.00000  0.498752E+00 0.263309E+03 0.103340E+05 0.348442E+06
  2756.00000  0.499180E+00 0.257464E+03 0.103336E+05 0.339016E+06
  2766.00000  0.499500E+00 0.251722E+03 0.103317E+05 0.329794E+06
  2776.00000  0.499713E+00 0.246084E+03 0.103282E+05 0.320773E+06
  2786.00000  0.499821E+00 0.240546E+03 0.103232E+05 0.311949E+06
  2796.00000  0.499825E+00 0.235108E+03 0.103168E+05 0.303319E+06
  2806.00000  0.499727E+00 0.229769E+03 0.103088E+05 0.294879E+06
  2816.00000  0.499528E+00 0.224527E+03 0.102995E+05 0.286628E+06
  2826.00000  0.499231E+00 0.219381E+03 0.102887E+05 0.278560E+06
  2836.00000  0.498836E+00 0.214329E+03 0.102765E+05 0.270674E+06
  2846.00000  0.498345E+00 0.209370E+03 0.102629E+05 0.262965E+06
  2856.00000  0.497760E+00 0.204504E+03 0.102480E+05 0.255432E+06
  2866.00000  0.497083E+00 0.199727E+03 0.102318E+05 0.248070E+06
  2876.00000  0.496314E+00 0.195041E+03 0.102143E+05 0.240877E+06
  2886.00000  0.495455E+00 0.190442E+03 0.101955E+05 0.233850E+06
  2896.00000  0.494509E+00 0.185930E+03 0.101755E+05 0.226986E+06
  2906.00000  0.493476E+00 0.181503E+03 0.101542E+05 0.220282E+06
  2916.00000  0.492359E+00 0.177161E+03 0.101317E+05 0.213735E+06
  2926.00000  0.491159E+00 0.172902E+03 0.101080E+05 0.207342E+06
  2936.00000  0.489877E+00 0.168725E+03 0.100832E+05 0.201100E+06
  2946.00000  0.488516E+00 0.164628E+03 0.100573E+05 0.195008E+06
  2956.00000  0.487077E+00 0.160611E+03 0.100302E+05 0.189061E+06
  2966.00000  0.485562E+00 0.156673E+03 0.100020E+05 0.183258E+06
  2976.00000  0.483972E+00 0.152811E+03 0.997284E+04 0.177595E+06
  2986.00000  0.482308E+00 0.149026E+03 0.994258E+04 0.172070E+06
  2996.00000  0.480574E+00 0.145315E+03 0.991131E+04 0.166681E+06
  3006.00000  0.478769E+00 0.141678E+03 0.987904E+04 0.161424E+06
  3016.00000  0.476897E+00 0.138114E+03 0.984580E+04 0.156298E+06
  3026.00000  0.474957E+00 0.134621E+03 0.981160E+04 0.151300E+06
  3036.00000  0.472953E+00 0.131199E+03 0.977648E+04 0.146427E+06
  3046.00000  0.470886E+00 0.127846E+03 0.974045E+04 0.141677E+06
  3056.00000  0.468756E+00 0.124561E+03 0.970353E+04 0.137048E+06
  3066.00000  0.466567E+00 0.121344E+03 0.966576E+04 0.132537E+06
  3076.00000  0.464319E+00 0.118192E+03 0.962714E+04 0.128142E+06
  3086.00000  0.462014E+00 0.115106E+03 0.958770E+04 0.123861E+06
  3096.00000  0.459654E+00 0.112084E+03 0.954746E+04 0.119692E+06
  3106.00000  0.457241E+00 0.109125E+03 0.950645E+04 0.115631E+06
  3116.00000  0.454775E+00 0.106228E+03 0.946468E+04 0.111678E+06
  3126.00000  0.452258E+00 0.103392E+03 0.942217E+04 0.107829E+06
  3136.00000  0.449692E+00 0.100616E+03 0.937896E+04 0.104084E+06
  3146.00000  0.447079E+00 0.978988E+02 0.933504E+04 0.100439E+06
  3156.00000  0.444420E+00 0.952400E+02 0.929045E+04 0.968928E+05
  3166.00000  0.441716E+00 0.926385E+02 0.924521E+04 0.934433E+05
  3176.00000  0.438969E+00 0.900932E+02 0.919933E+04 0.900885E+05
  3186.00000  0.436180E+00 0.876032E+02 0.915284E+04 0.868264E+05
  3196.00000  0.433351E+00 0.851677E+02 0.910576E+04 0.836552E+05
  3206.00000  0.430484E+00 0.827857E+02 0.905810E+04 0.805728E+05
  3216.00000  0.427579E+00 0.804562E+02 0.900988E+04 0.775775E+05
  3226.00000  0.424639E+00 0.781785E+02 0.896113E+04 0.746673E+05
  3236.00000  0.421664E+00 0.759517E+02 0.891186E+04 0.718406E+05
  3246.00000  0.418656E+00 0.737749E+02 0.886209E+04 0.690955E+05
  3256.00000  0.415617E+00 0.716472E+02 0.881184E+04 0.664302E+05
  3266.00000  0.412548E+00 0.695677E+02 0.876113E+04 0.638430E+05
  3276.00000  0.409449E+00 0.675358E+02 0.870997E+04 0.613323E+05
  3286.00000  0.406323E+00 0.655504E+02 0.865838E+04 0.588963E+05
  3296.00000  0.403171E+00 0.636109E+02 0.860638E+04 0.565335E+05
  3306.00000  0.399994E+00 0.617164E+02 0.855399E+04 0.542421E+05
  3316.00000  0.396793E+00 0.598661E+02 0.850122E+04 0.520207E+05
  3326.00000  0.393570E+00 0.580593E+02 0.844810E+04 0.498676E+05
  3336.00000  0.390325E+00 0.562951E+02 0.839462E+04 0.477813E+05
  3346.00000  0.387061E+00 0.545729E+02 0.834083E+04 0.457603E+05
  3356.00000  0.383778E+00 0.528918E+02 0.828672E+04 0.438032E+05
  3366.00000  0.380477E+00 0.512511E+02 0.823231E+04 0.419084E+05
  3376.00000  0.377161E+00 0.496500E+02 0.817763E+04 0.400745E+05
  3386.00000  0.373829E+00 0.480880E+02 0.812268E+04 0.383002E+05
  3396.00000  0.370482E+00 0.465642E+02 0.806749E+04 0.365839E+05
  3406.00000  0.367123E+00 0.450778E+02 0.801206E+04 0.349245E+05
  3416.00000  0.363753E+00 0.436284E+02 0.795641E+04 0.333204E+05
  3426.00000  0.360371E+00 0.422150E+02 0.790055E+04 0.317705E+05
  3436.00000  0.356980E+00 0.408372E+02 0.784450E+04 0.302734E+05
  3446.00000  0.353580E+00 0.394941E+02 0.778827E+04 0.288278E+05
  3456.00000  0.350172E+00 0.381852E+02 0.773188E+04 0.274326E+05
  3466.00000  0.346758E+00 0.369097E+02 0.767533E+04 0.260864E+05
  3476.00000  0.343338E+00 0.356671E+02 0.761865E+04 0.247881E+05
  3486.00000  0.339914E+00 0.344568E+02 0.756184E+04 0.235365E+05
  3496.00000  0.336486E+00 0.332780E+02 0.750492E+04 0.223305E+05
  3506.00000  0.333055E+00 0.321302E+02 0.744791E+04 0.211689E+05
  3516.00000  0.329622E+00 0.310127E+02 0.739080E+04 0.200505E+05
  3526.00000  0.326189E+00 0.299251E+02 0.733362E+04 0.189744E+05
  3536.00000  0.322755E+00 0.288666E+02 0.727638E+04 0.179394E+05
  3546.00000  0.319323E+00 0.278368E+02 0.721908E+04 0.169444E+05
  3556.00000  0.315892E+00 0.268349E+02 0.716175E+04 0.159886E+05
  3566.00000  0.312463E+00 0.258606E+02 0.710439E+04 0.150707E+05
  3576.00000  0.309038E+00 0.249132E+02 0.704701E+04 0.141898E+05
  3586.00000  0.305618E+00 0.239921E+02 0.698962E+04 0.133450E+05
  3596.00000  0.302202E+00 0.230968E+02 0.693223E+04 0.125354E+05
  3606.00000  0.298792E+00 0.222269E+02 0.687486E+04 0.117598E+05
  3616.00000  0.295388E+00 0.213817E+02 0.681752E+04 0.110175E+05
  3626.00000  0.291991E+00 0.205608E+02 0.676020E+04 0.103076E+05
  3636.00000  0.288603E+00 0.197637E+02 0.670294E+04 0.962909E+04
  3646.00000  0.285223E+00 0.189898E+02 0.664572E+04 0.898118E+04
  3656.00000  0.281852E+00 0.182387E+02 0.658857E+04 0.836301E+04
  3666.00000  0.278492E+00 0.175098E+02 0.653150E+04 0.777375E+04
  3676.00000  0.275142E+00 0.168028E+02 0.647450E+04 0.721258E+04
  3686.00000  0.271803E+00 0.161170E+02 0.641760E+04 0.667870E+04
  3696.00000  0.268476E+00 0.154522E+02 0.636080E+04 0.617133E+04
  3706.00000  0.265162E+00 0.148078E+02 0.630410E+04 0.568971E+04
  3716.00000  0.261860E+00 0.141833E+02 0.624752E+04 0.523308E+04
  3726.00000  0.258572E+00 0.135783E+02 0.619106E+04 0.480071E+04
  3736.00000  0.255299E+00 0.129925E+02 0.613474E+04 0.439187E+04
  3746.00000  0.252040E+00 0.124253E+02 0.607855E+04 0.400588E+04
  3756.00000  0.248796E+00 0.118764E+02 0.602251E+04 0.364202E+04
  3766.00000  0.245568E+00 0.113452E+02 0.596662E+04 0.329964E+04
  3776.00000  0.242357E+00 0.108316E+02 0.591090E+04 0.297807E+04
  3786.00000  0.239162E+00 0.103349E+02 0.585534E+04 0.267666E+04
  3796.00000  0.235984E+00 0.985487E+01 0.579996E+04 0.239478E+04
  3806.00000  0.232824E+00 0.939108E+01 0.574476E+04 0.213181E+04
  3816.00000  0.229681E+00 0.894316E+01 0.568975E+04 0.188716E+04
  3826.00000  0.226558E+00 0.851074E+01 0.563494E+04 0.166022E+04
  3836.00000  0.223453E+00 0.809343E+01 0.558032E+04 0.145042E+04
  3846.00000  0.220367E+00 0.769089E+01 0.552591E+04 0.125719E+04
  3856.00000  0.217301E+00 0.730276E+01 0.547171E+04 0.107998E+04
  3866.00000  0.214255E+00 0.692868E+01 0.541773E+04 0.918246E+03
  3876.00000  0.211229E+00 0.656831E+01 0.536397E+04 0.771467E+03
  3886.00000  0.208224E+00 0.622133E+01 0.531044E+04 0.639124E+03
  3896.00000  0.205240E+00 0.588739E+01 0.525714E+04 0.520711E+03
  3906.00000  0.202277E+00 0.556616E+01 0.520408E+04 0.415738E+03
  3916.00000  0.199336E+00 0.525734E+01 0.515126E+04 0.323722E+03
  3926.00000  0.196416E+00 0.496061E+01 0.509869E+04 0.244195E+03
  3936.00000  0.193519E+00 0.467565E+01 0.504637E+04 0.176697E+03
  3946.00000  0.190644E+00 0.440217E+01 0.499431E+04 0.120781E+03
  3956.00000  0.187791E+00 0.413987E+01 0.494251E+04 0.760109E+02
  3966.00000  0.184962E+00 0.388846E+01 0.489097E+04 0.419590E+02
  3976.00000  0.182156E+00 0.364764E+01 0.483970E+04 0.182094E+02
  3986.00000  0.179372E+00 0.341714E+01 0.478871E+04 0.435643E+01
  3996.00000  0.176613E+00 0.319668E+01 0.473799E+04 0.394570E-02
  4006.00000  0.173877E+00 0.298599E+01 0.468754E+04 0.476578E+01
  4016.00000  0.171165E+00 0.278481E+01 0.463739E+04 0.182654E+02
  4026.00000  0.168477E+00 0.259286E+01 0.458751E+04 0.401356E+02
  4036.00000  0.165813E+00 0.240991E+01 0.453793E+04 0.700186E+02
  4046.00000  0.163173E+00 0.223569E+01 0.448864E+04 0.107566E+03
  4056.00000  0.160558E+00 0.206995E+01 0.443964E+04 0.152437E+03
  4066.00000  0.157968E+00 0.191247E+01 0.439094E+04 0.204301E+03
  4076.00000  0.155402E+00 0.176299E+01 0.434254E+04 0.262836E+03
  4086.00000  0.152861E+00 0.162129E+01 0.429445E+04 0.327728E+03
  4096.00000  0.150345E+00 0.148714E+01 0.424666E+04 0.398671E+03
  4106.00000  0.147854E+00 0.136031E+01 0.419918E+04 0.475368E+03
  4116.00000  0.145389E+00 0.124059E+01 0.415200E+04 0.557529E+03
  4126.00000  0.142948E+00 0.112777E+01 0.410515E+04 0.644872E+03
  4136.00000  0.140532E+00 0.102162E+01 0.405860E+04 0.737123E+03
  4146.00000  0.138142E+00 0.921949E+00 0.401237E+04 0.834017E+03
  4156.00000  0.135777E+00 0.828550E+00 0.396646E+04 0.935293E+03
  4166.00000  0.133438E+00 0.741227E+00 0.392087E+04 0.104070E+04
  4176.00000  0.131124E+00 0.659786E+00 0.387560E+04 0.114999E+04
  4186.00000  0.128835E+00 0.584036E+00 0.383066E+04 0.126293E+04
  4196.00000  0.126572E+00 0.513791E+00 0.378603E+04 0.137929E+04
  4206.00000  0.124334E+00 0.448871E+00 0.374173E+04 0.149884E+04
  4216.00000  0.122121E+00 0.389096E+00 0.369776E+04 0.162137E+04
  4226.00000  0.119934E+00 0.334293E+00 0.365412E+04 0.174666E+04
  4236.00000  0.117773E+00 0.284291E+00 0.361080E+04 0.187451E+04
  4246.00000  0.115636E+00 0.238923E+00 0.356781E+04 0.200472E+04
  4256.00000  0.113525E+00 0.198025E+00 0.352516E+04 0.213709E+04
  4266.00000  0.111440E+00 0.161439E+00 0.348283E+04 0.227145E+04
  4276.00000  0.109379E+00 0.129008E+00 0.344084E+04 0.240761E+04
  4286.00000  0.107344E+00 0.100579E+00 0.339918E+04 0.254538E+04
  4296.00000  0.105334E+00 0.760023E-01 0.335785E+04 0.268462E+04
  4306.00000  0.103349E+00 0.551331E-01 0.331685E+04 0.282514E+04
  4316.00000  0.101389E+00 0.378282E-01 0.327619E+04 0.296679E+04
  4326.00000  0.994543E-01 0.239482E-01 0.323586E+04 0.310941E+04
  4336.00000  0.975442E-01 0.133571E-01 0.319587E+04 0.325286E+04
  4346.00000  0.956589E-01 0.592177E-02 0.315620E+04 0.339700E+04
  4356.00000  0.937982E-01 0.151232E-02 0.311688E+04 0.354168E+04
  4366.00000  0.919622E-01 0.189168E-05 0.307788E+04 0.368676E+04
  4376.00000  0.901506E-01 0.126666E-02 0.303922E+04 0.383213E+04
  4386.00000  0.883634E-01 0.518575E-02 0.300090E+04 0.397764E+04
  4396.00000  0.866005E-01 0.116412E-01 0.296290E+04 0.412320E+04
  4406.00000  0.848618E-01 0.205179E-01 0.292524E+04 0.426866E+04
  4416.00000  0.831472E-01 0.317035E-01 0.288791E+04 0.441394E+04
  4426.00000  0.814564E-01 0.450886E-01 0.285092E+04 0.455890E+04
  4436.00000  0.797895E-01 0.605664E-01 0.281426E+04 0.470347E+04
  4446.00000  0.781463E-01 0.780329E-01 0.277793E+04 0.484752E+04
  4456.00000  0.765266E-01 0.973864E-01 0.274192E+04 0.499097E+04
  4466.00000  0.749303E-01 0.118528E+00 0.270625E+04 0.513372E+04
  4476.00000  0.733573E-01 0.141362E+00 0.267091E+04 0.527569E+04
  4486.00000  0.718074E-01 0.165794E+00 0.263590E+04 0.541679E+04
  4511.00000  0.680328E-01 0.233273E+00 0.254981E+04 0.576520E+04
  4536.00000  0.643993E-01 0.308815E+00 0.246575E+04 0.610649E+04
  4561.00000  0.609046E-01 0.391149E+00 0.238371E+04 0.643960E+04
  4586.00000  0.575459E-01 0.479092E+00 0.230367E+04 0.676359E+04
  4611.00000  0.543207E-01 0.571541E+00 0.222563E+04 0.707765E+04
  4636.00000  0.512260E-01 0.667476E+00 0.214955E+04 0.738103E+04
  4661.00000  0.482592E-01 0.765951E+00 0.207542E+04 0.767312E+04
  4686.00000  0.454171E-01 0.866091E+00 0.200321E+04 0.795337E+04
  4711.00000  0.426970E-01 0.967091E+00 0.193290E+04 0.822134E+04
  4736.00000  0.400958E-01 0.106821E+01 0.186446E+04 0.847665E+04
  4761.00000  0.376105E-01 0.116878E+01 0.179788E+04 0.871900E+04
  4786.00000  0.352379E-01 0.126817E+01 0.173311E+04 0.894817E+04
  4811.00000  0.329751E-01 0.136583E+01 0.167015E+04 0.916397E+04
  4836.00000  0.308189E-01 0.146125E+01 0.160895E+04 0.936630E+04
  4861.00000  0.287662E-01 0.155396E+01 0.154949E+04 0.955510E+04
  4886.00000  0.268140E-01 0.164357E+01 0.149174E+04 0.973036E+04
  4911.00000  0.249591E-01 0.172971E+01 0.143567E+04 0.989212E+04
  4936.00000  0.231985E-01 0.181206E+01 0.138125E+04 0.100405E+05
  4961.00000  0.215290E-01 0.189033E+01 0.132845E+04 0.101755E+05
  4986.00000  0.199478E-01 0.196430E+01 0.127724E+04 0.102974E+05
  5011.00000  0.184517E-01 0.203375E+01 0.122759E+04 0.104062E+05
  5036.00000  0.170378E-01 0.209851E+01 0.117946E+04 0.105024E+05
  5061.00000  0.157031E-01 0.215844E+01 0.113284E+04 0.105860E+05
  5086.00000  0.144448E-01 0.221344E+01 0.108768E+04 0.106573E+05
  5111.00000  0.132600E-01 0.226342E+01 0.104395E+04 0.107167E+05
  5136.00000  0.121459E-01 0.230833E+01 0.100163E+04 0.107643E+05
  5161.00000  0.110997E-01 0.234814E+01 0.960680E+03 0.108006E+05
  5186.00000  0.101187E-01 0.238284E+01 0.921072E+03 0.108258E+05
  5211.00000  0.920027E-02 0.241244E+01 0.882773E+03 0.108402E+05
  5236.00000  0.834177E-02 0.243699E+01 0.845755E+03 0.108443E+05
  5261.00000  0.754067E-02 0.245652E+01 0.809985E+03 0.108384E+05
  5286.00000  0.679449E-02 0.247111E+01 0.775434E+03 0.108228E+05
  5311.00000  0.610080E-02 0.248084E+01 0.742072E+03 0.107979E+05
  5336.00000  0.545723E-02 0.248581E+01 0.709868E+03 0.107640E+05
  5361.00000  0.486148E-02 0.248613E+01 0.678793E+03 0.107216E+05
  5386.00000  0.431132E-02 0.248191E+01 0.648818E+03 0.106709E+05
  5411.00000  0.380457E-02 0.247330E+01 0.619914E+03 0.106125E+05
  5436.00000  0.333912E-02 0.246043E+01 0.592052E+03 0.105465E+05
  5461.00000  0.291293E-02 0.244346E+01 0.565204E+03 0.104735E+05
  5511.00000  0.217045E-02 0.239783E+01 0.514441E+03 0.103075E+05
  5561.00000  0.156207E-02 0.233775E+01 0.467406E+03 0.101174E+05
  5611.00000  0.107374E-02 0.226464E+01 0.423891E+03 0.990598E+04
  5661.00000  0.692442E-03 0.217996E+01 0.383690E+03 0.967587E+04
  5711.00000  0.406128E-03 0.208520E+01 0.346608E+03 0.942964E+04
  5761.00000  0.203729E-03 0.198187E+01 0.312457E+03 0.916972E+04
  5811.00000  0.751105E-04 0.187148E+01 0.281054E+03 0.889842E+04
  5861.00000  0.110365E-04 0.175550E+01 0.252226E+03 0.861789E+04
  5911.00000  0.313524E-05 0.163539E+01 0.225807E+03 0.833017E+04
  5961.00000  0.438573E-04 0.151254E+01 0.201638E+03 0.803714E+04
  6011.00000  0.126434E-03 0.138831E+01 0.179569E+03 0.774054E+04
  6061.00000  0.244836E-03 0.126399E+01 0.159455E+03 0.744199E+04
  6111.00000  0.393728E-03 0.114078E+01 0.141159E+03 0.714296E+04
  6161.00000  0.568426E-03 0.101983E+01 0.124554E+03 0.684477E+04
  6211.00000  0.764857E-03 0.902214E+00 0.109515E+03 0.654866E+04
  6261.00000  0.979512E-03 0.788901E+00 0.959279E+02 0.625570E+04
  6311.00000  0.120941E-02 0.680790E+00 0.836824E+02 0.596685E+04
  6361.00000  0.145205E-02 0.578693E+00 0.726756E+02 0.568298E+04
  6411.00000  0.170539E-02 0.483334E+00 0.628105E+02 0.540482E+04
  6461.00000  0.196779E-02 0.395352E+00 0.539961E+02 0.513303E+04
  6511.00000  0.223800E-02 0.315300E+00 0.461467E+02 0.486816E+04
  6561.00000  0.251509E-02 0.243649E+00 0.391823E+02 0.461067E+04
  6611.00000  0.279849E-02 0.180785E+00 0.330278E+02 0.436095E+04
  6661.00000  0.308787E-02 0.127016E+00 0.276132E+02 0.411930E+04
  6711.00000  0.338321E-02 0.825726E-01 0.228731E+02 0.388597E+04
  6761.00000  0.368470E-02 0.476104E-01 0.187465E+02 0.366112E+04
  6811.00000  0.399276E-02 0.222144E-01 0.151767E+02 0.344487E+04
  6861.00000  0.430802E-02 0.640175E-02 0.121110E+02 0.323729E+04
  6911.00000  0.463130E-02 0.125595E-03 0.950046E+01 0.303839E+04
  6961.00000  0.496356E-02 0.327881E-02 0.729987E+01 0.284813E+04
  7011.00000  0.530596E-02 0.156978E-01 0.546730E+01 0.266646E+04
  7061.00000  0.565980E-02 0.371666E-01 0.396404E+01 0.249326E+04
  7111.00000  0.602650E-02 0.674206E-01 0.275441E+01 0.232842E+04
  7161.00000  0.640765E-02 0.106151E+00 0.180556E+01 0.217176E+04
  7211.00000  0.680494E-02 0.153007E+00 0.108730E+01 0.202312E+04
  7261.00000  0.722021E-02 0.207605E+00 0.571939E+00 0.188229E+04
  7311.00000  0.765540E-02 0.269524E+00 0.234115E+00 0.174905E+04
  7361.00000  0.811258E-02 0.338318E+00 0.506542E-01 0.162319E+04
  7411.00000  0.859394E-02 0.413514E+00 0.421464E-03 0.150446E+04
  7511.00000  0.963853E-02 0.581124E+00 0.224484E+00 0.128740E+04
  7611.00000  0.108090E-01 0.768213E+00 0.772971E+00 0.109582E+04
  7711.00000  0.121270E-01 0.970472E+00 0.153709E+01 0.927664E+03
  7811.00000  0.136162E-01 0.118352E+01 0.242913E+01 0.780853E+03
  7911.00000  0.153019E-01 0.140298E+01 0.337940E+01 0.653374E+03
  8011.00000  0.172113E-01 0.162461E+01 0.433350E+01 0.543283E+03
  8111.00000  0.193733E-01 0.184430E+01 0.524994E+01 0.448736E+03
  8211.00000  0.218182E-01 0.205822E+01 0.609804E+01 0.368001E+03
  8311.00000  0.245778E-01 0.226278E+01 0.685609E+01 0.299466E+03
  8411.00000  0.276847E-01 0.245477E+01 0.750980E+01 0.241648E+03
  8511.00000  0.311725E-01 0.263131E+01 0.805091E+01 0.193190E+03
  8611.00000  0.350747E-01 0.278993E+01 0.847603E+01 0.152860E+03
  8711.00000  0.394248E-01 0.292854E+01 0.878562E+01 0.119549E+03
  8811.00000  0.442555E-01 0.304550E+01 0.898317E+01 0.922629E+02
  8911.00000  0.495980E-01 0.313954E+01 0.907442E+01 0.701188E+02
  9011.00000  0.554815E-01 0.320984E+01 0.906682E+01 0.523351E+02
  9111.00000  0.619326E-01 0.325596E+01 0.896902E+01 0.382246E+02
  9211.00000  0.689746E-01 0.327784E+01 0.879041E+01 0.271869E+02
  9311.00000  0.766267E-01 0.327579E+01 0.854079E+01 0.187001E+02
  9411.00000  0.849030E-01 0.325044E+01 0.823011E+01 0.123132E+02
  9511.00000  0.938126E-01 0.320274E+01 0.786824E+01 0.763882E+01
  9611.00000  0.103358E+00 0.313391E+01 0.746475E+01 0.434599E+01
  9711.00000  0.113536E+00 0.304542E+01 0.702884E+01 0.215395E+01
  9811.00000  0.124336E+00 0.293896E+01 0.656919E+01 0.825918E+00
  9911.00000  0.135738E+00 0.281638E+01 0.609390E+01 0.163639E+00
 10011.00000  0.147718E+00 0.267969E+01 0.561041E+01 0.237313E-02
 10111.00000  0.160239E+00 0.253098E+01 0.512550E+01 0.206364E+00
 10211.00000  0.173260E+00 0.237243E+01 0.464525E+01 0.664794E+00
 10311.00000  0.186728E+00 0.220627E+01 0.417503E+01 0.128817E+01
 10411.00000  0.200585E+00 0.203472E+01 0.371956E+01 0.200515E+01
 10511.00000  0.214763E+00 0.185998E+01 0.328284E+01 0.275971E+01
 10611.00000  0.229186E+00 0.168422E+01 0.286823E+01 0.350872E+01
 10711.00000  0.243773E+00 0.150951E+01 0.247849E+01 0.421982E+01
 10811.00000  0.258433E+00 0.133784E+01 0.211575E+01 0.486950E+01
 10911.00000  0.273071E+00 0.117107E+01 0.178161E+01 0.544161E+01
 11011.00000  0.287587E+00 0.101092E+01 0.147715E+01 0.592594E+01
 11111.00000  0.301876E+00 0.858963E+00 0.120296E+01 0.631708E+01
 11211.00000  0.315829E+00 0.716613E+00 0.959220E+00 0.661342E+01
 11311.00000  0.329337E+00 0.585097E+00 0.745692E+00 0.681635E+01
 11411.00000  0.342286E+00 0.465464E+00 0.561801E+00 0.692955E+01
 11511.00000  0.354567E+00 0.358575E+00 0.406659E+00 0.695842E+01
 11611.00000  0.366066E+00 0.265101E+00 0.279105E+00 0.690957E+01
 11711.00000  0.376678E+00 0.185525E+00 0.177755E+00 0.679047E+01
 11811.00000  0.386297E+00 0.120142E+00 0.101029E+00 0.660909E+01
 11911.00000  0.394825E+00 0.690652E-01 0.471925E-01 0.637368E+01
 12011.00000  0.402167E+00 0.322347E-01 0.143924E-01 0.609253E+01
 12111.00000  0.408239E+00 0.942231E-02 0.687149E-03 0.577378E+01
 12211.00000  0.412964E+00 0.243999E-03 0.407941E-02 0.542534E+01
 12311.00000  0.416273E+00 0.417068E-02 0.225440E-01 0.505474E+01
 12411.00000  0.418110E+00 0.205410E-01 0.540542E-01 0.466909E+01
 12511.00000  0.418429E+00 0.485747E-01 0.966066E-01 0.427502E+01
 12611.00000  0.417198E+00 0.873874E-01 0.148242E+00 0.387859E+01
 12711.00000  0.414397E+00 0.136005E+00 0.207065E+00 0.348534E+01
 12811.00000  0.410019E+00 0.193379E+00 0.271262E+00 0.310022E+01
 12911.00000  0.404072E+00 0.258403E+00 0.339114E+00 0.272759E+01
 13011.00000  0.396577E+00 0.329925E+00 0.409010E+00 0.237126E+01
 13111.00000  0.387571E+00 0.406767E+00 0.479460E+00 0.203446E+01
 13211.00000  0.377103E+00 0.487735E+00 0.549095E+00 0.171985E+01
 13311.00000  0.365239E+00 0.571636E+00 0.616683E+00 0.142958E+01
 13411.00000  0.352057E+00 0.657294E+00 0.681126E+00 0.116529E+01
 13511.00000  0.337650E+00 0.743555E+00 0.741465E+00 0.928108E+00
 13611.00000  0.322122E+00 0.829308E+00 0.796878E+00 0.718724E+00
 13711.00000  0.305591E+00 0.913489E+00 0.846681E+00 0.537390E+00
 13811.00000  0.288184E+00 0.995094E+00 0.890325E+00 0.383966E+00
 13911.00000  0.270040E+00 0.107319E+01 0.927390E+00 0.257947E+00
 14011.00000  0.251306E+00 0.114691E+01 0.957581E+00 0.158497E+00
 14111.00000  0.232139E+00 0.121549E+01 0.980723E+00 0.844912E-01
 14211.00000  0.212700E+00 0.127822E+01 0.996753E+00 0.345440E-01
 14311.00000  0.193157E+00 0.133452E+01 0.100571E+01 0.704975E-02
 14411.00000  0.173682E+00 0.138388E+01 0.100773E+01 0.217600E-03
 14511.00000  0.154447E+00 0.142588E+01 0.100303E+01 0.121075E-01
 14611.00000  0.135628E+00 0.146022E+01 0.991910E+00 0.406651E-01
 14711.00000  0.117398E+00 0.148668E+01 0.974734E+00 0.837564E-01
 14811.00000  0.999285E-01 0.150513E+01 0.951926E+00 0.139201E+00
 14911.00000  0.833874E-01 0.151554E+01 0.923955E+00 0.204802E+00
 15011.00000  0.679371E-01 0.151797E+01 0.891333E+00 0.278380E+00
 15111.00000  0.537330E-01 0.151255E+01 0.854598E+00 0.357795E+00
 15211.00000  0.409223E-01 0.149951E+01 0.814310E+00 0.440980E+00
 15311.00000  0.296429E-01 0.147913E+01 0.771044E+00 0.525956E+00
 15411.00000  0.200216E-01 0.145178E+01 0.725376E+00 0.610861E+00
 15511.00000  0.121730E-01 0.141786E+01 0.677883E+00 0.693962E+00
 15611.00000  0.619906E-02 0.137786E+01 0.629130E+00 0.773676E+00
 15711.00000  0.218719E-02 0.133229E+01 0.579669E+00 0.848578E+00
 15811.00000  0.210092E-03 0.128170E+01 0.530028E+00 0.917415E+00
 15911.00000  0.324748E-03 0.122668E+01 0.480711E+00 0.979114E+00
 16011.00000  0.257192E-02 0.116785E+01 0.432191E+00 0.103278E+01
 16111.00000  0.697571E-02 0.110583E+01 0.384907E+00 0.107770E+01
 16211.00000  0.135432E-01 0.104126E+01 0.339262E+00 0.111336E+01
 16311.00000  0.222645E-01 0.974773E+00 0.295620E+00 0.113941E+01
 16411.00000  0.331125E-01 0.907002E+00 0.254301E+00 0.115567E+01
 16511.00000  0.460430E-01 0.838572E+00 0.215588E+00 0.116216E+01
 16611.00000  0.609955E-01 0.770087E+00 0.179718E+00 0.115901E+01
 16711.00000  0.778928E-01 0.702128E+00 0.146886E+00 0.114654E+01
 16811.00000  0.966424E-01 0.635249E+00 0.117246E+00 0.112517E+01
 16911.00000  0.117137E+00 0.569972E+00 0.909096E-01 0.109548E+01
 17011.00000  0.139254E+00 0.506779E+00 0.679483E-01 0.105811E+01
 17111.00000  0.162860E+00 0.446116E+00 0.483956E-01 0.101382E+01
 17211.00000  0.187806E+00 0.388384E+00 0.322487E-01 0.963433E+00
 17311.00000  0.213935E+00 0.333939E+00 0.194699E-01 0.907843E+00
 17411.00000  0.241080E+00 0.283089E+00 0.999020E-02 0.847975E+00
 17511.00000  0.269064E+00 0.236094E+00 0.371096E-02 0.784785E+00
 17611.00000  0.297703E+00 0.193165E+00 0.507123E-03 0.719238E+00
 17711.00000  0.326809E+00 0.154465E+00 0.229937E-03 0.652301E+00
 17811.00000  0.356189E+00 0.120107E+00 0.270986E-02 0.584921E+00
 17911.00000  0.385647E+00 0.901551E-01 0.775950E-02 0.518019E+00
 18011.00000  0.414986E+00 0.646286E-01 0.151765E-01 0.452470E+00
 18111.00000  0.444010E+00 0.435015E-01 0.247465E-01 0.389105E+00
 18211.00000  0.472525E+00 0.267048E-01 0.362460E-01 0.328689E+00
 18311.00000  0.500337E+00 0.141297E-01 0.494447E-01 0.271921E+00
 18411.00000  0.527263E+00 0.562972E-02 0.641089E-01 0.219425E+00
 18511.00000  0.553121E+00 0.102443E-02 0.800034E-01 0.171745E+00
 18611.00000  0.577738E+00 0.102203E-03 0.968936E-01 0.129341E+00
 18711.00000  0.600951E+00 0.262398E-02 0.114549E+00 0.925888E-01
 18811.00000  0.622606E+00 0.832678E-02 0.132743E+00 0.617752E-01
 18911.00000  0.642559E+00 0.169274E-01 0.151257E+00 0.371009E-01
 19011.00000  0.660679E+00 0.281263E-01 0.169880E+00 0.186807E-01
 19111.00000  0.676851E+00 0.416111E-01 0.188414E+00 0.654640E-02
 19311.00000  0.702944E+00 0.741483E-01 0.224470E+00 0.866024E-03
 19511.00000  0.720184E+00 0.111928E+00 0.258073E+00 0.187947E-01
 19711.00000  0.728163E+00 0.152365E+00 0.288094E+00 0.580300E-01
 19911.00000  0.726730E+00 0.193005E+00 0.313647E+00 0.115435E+00
 20111.00000  0.715990E+00 0.231609E+00 0.334087E+00 0.187260E+00
 20311.00000  0.696296E+00 0.266232E+00 0.349012E+00 0.269376E+00
 20511.00000  0.668239E+00 0.295273E+00 0.358244E+00 0.357495E+00
 20711.00000  0.632615E+00 0.317515E+00 0.361813E+00 0.447378E+00
 20911.00000  0.590416E+00 0.332144E+00 0.359932E+00 0.535022E+00
 21111.00000  0.542783E+00 0.338752E+00 0.352971E+00 0.616811E+00
 21311.00000  0.490977E+00 0.337323E+00 0.341427E+00 0.689638E+00
 21511.00000  0.436342E+00 0.328200E+00 0.325891E+00 0.750989E+00
 21711.00000  0.380263E+00 0.312049E+00 0.307021E+00 0.798988E+00
 21911.00000  0.324129E+00 0.289808E+00 0.285513E+00 0.832426E+00
 22111.00000  0.269290E+00 0.262624E+00 0.262073E+00 0.850731E+00
 22311.00000  0.217031E+00 0.231800E+00 0.237393E+00 0.853951E+00
 22511.00000  0.168527E+00 0.198722E+00 0.212133E+00 0.842670E+00
 22711.00000  0.124822E+00 0.164803E+00 0.186899E+00 0.817959E+00
 22911.00000  0.868016E-01 0.131422E+00 0.162236E+00 0.781269E+00
 23111.00000  0.551761E-01 0.998675E-01 0.138612E+00 0.734355E+00
 23311.00000  0.304648E-01 0.712952E-01 0.116414E+00 0.679175E+00
 23511.00000  0.129893E-01 0.466852E-01 0.959474E-01 0.617799E+00
 23711.00000  0.287186E-02 0.268149E-01 0.774339E-01 0.552334E+00
 23911.00000  0.384902E-04 0.122383E-01 0.610139E-01 0.484831E+00
 24111.00000  0.422825E-02 0.327653E-02 0.467538E-01 0.417238E+00
 24311.00000  0.150067E-01 0.170515E-04 0.346514E-01 0.351324E+00
 24511.00000  0.317841E-01 0.232251E-02 0.246450E-01 0.288652E+00
 24711.00000  0.538363E-01 0.984712E-02 0.166230E-01 0.230537E+00
 24911.00000  0.803298E-01 0.220602E-01 0.104334E-01 0.178031E+00
 25111.00000  0.110347E+00 0.382752E-01 0.589395E-02 0.131915E+00
 25311.00000  0.142914E+00 0.576833E-01 0.280226E-02 0.926954E-01
 25511.00000  0.177030E+00 0.793888E-01 0.944694E-03 0.606207E-01
 25711.00000  0.211690E+00 0.102447E+00 0.105015E-03 0.356942E-01
 25911.00000  0.245918E+00 0.125902E+00 0.717854E-04 0.177008E-01
 26111.00000  0.278784E+00 0.148819E+00 0.644680E-03 0.623450E-02
 26311.00000  0.309432E+00 0.170323E+00 0.163958E-02 0.731078E-03
 26511.00000  0.337094E+00 0.189622E+00 0.289236E-02 0.501268E-03
 26711.00000  0.361114E+00 0.206037E+00 0.426154E-02 0.476556E-02
 26911.00000  0.380946E+00 0.219014E+00 0.562959E-02 0.126879E-01
         IE==>      4            5            6            7
     1.00000  0.289751E-30 0.156159E-29 0.326813E-28 0.550579E-31
     2.00000  0.663438E-26 0.359039E-25 0.748438E-24 0.150939E-26
     3.00000  0.234413E-23 0.127386E-22 0.264495E-21 0.629172E-24
     4.00000  0.150131E-21 0.819224E-21 0.169428E-19 0.469463E-22
     5.00000  0.377189E-20 0.206673E-19 0.425750E-18 0.135945E-20
     6.00000  0.524322E-19 0.288479E-18 0.591935E-17 0.215784E-19
     7.00000  0.484458E-18 0.267646E-17 0.547029E-16 0.225810E-18
     8.00000  0.331960E-17 0.184152E-16 0.374902E-15 0.173980E-17
     9.00000  0.181034E-16 0.100841E-15 0.204490E-14 0.106002E-16
    10.00000  0.824567E-16 0.461195E-15 0.931567E-14 0.536308E-16
    11.00000  0.324652E-15 0.182330E-14 0.366846E-13 0.233342E-15
    12.00000  0.113336E-14 0.639128E-14 0.128089E-12 0.895962E-15
    13.00000  0.357646E-14 0.202511E-13 0.404269E-12 0.309646E-14
    14.00000  0.103558E-13 0.588780E-13 0.117078E-11 0.978123E-14
    15.00000  0.278431E-13 0.158951E-12 0.314836E-11 0.285873E-13
    16.00000  0.701810E-13 0.402287E-12 0.793709E-11 0.780712E-13
    17.00000  0.167145E-12 0.962008E-12 0.189064E-10 0.200844E-12
    18.00000  0.378578E-12 0.218781E-11 0.428297E-10 0.489996E-12
    19.00000  0.819917E-12 0.475762E-11 0.927753E-10 0.114010E-11
    20.00000  0.170582E-11 0.993845E-11 0.193050E-09 0.254204E-11
    21.00000  0.342257E-11 0.200216E-10 0.387400E-09 0.545368E-11
    22.00000  0.664498E-11 0.390302E-10 0.752267E-09 0.112978E-10
    23.00000  0.125207E-10 0.738404E-10 0.141768E-08 0.226686E-10
    24.00000  0.229543E-10 0.135921E-09 0.259947E-08 0.441717E-10
    25.00000  0.410370E-10 0.243980E-09 0.464800E-08 0.837858E-10
    26.00000  0.716836E-10 0.427910E-09 0.812045E-08 0.155027E-09
    27.00000  0.122563E-09 0.734588E-09 0.138864E-07 0.280321E-09
    28.00000  0.205433E-09 0.123625E-08 0.232792E-07 0.496168E-09
    29.00000  0.338034E-09 0.204241E-08 0.383112E-07 0.860930E-09
    30.00000  0.546731E-09 0.331667E-08 0.619736E-07 0.146639E-08
    31.00000  0.870162E-09 0.529998E-08 0.986509E-07 0.245467E-08
    32.00000  0.136422E-08 0.834262E-08 0.154687E-06 0.404267E-08
    33.00000  0.210878E-08 0.129476E-07 0.239147E-06 0.655700E-08
    34.00000  0.321667E-08 0.198292E-07 0.364843E-06 0.104832E-07
    35.00000  0.484556E-08 0.299903E-07 0.549679E-06 0.165344E-07
    36.00000  0.721360E-08 0.448255E-07 0.818430E-06 0.257465E-07
    37.00000  0.106197E-07 0.662551E-07 0.120505E-05 0.396081E-07
    38.00000  0.154697E-07 0.969000E-07 0.175566E-05 0.602368E-07
    39.00000  0.223103E-07 0.140306E-06 0.253236E-05 0.906166E-07
    40.00000  0.318711E-07 0.201233E-06 0.361810E-05 0.134914E-06
    42.00000  0.633289E-07 0.403049E-06 0.719133E-05 0.290493E-06
    44.00000  0.121777E-06 0.781215E-06 0.138324E-04 0.603494E-06
    46.00000  0.227282E-06 0.146964E-05 0.258235E-04 0.121349E-05
    48.00000  0.412773E-06 0.269025E-05 0.469115E-04 0.236825E-05
    50.00000  0.731100E-06 0.480271E-05 0.831116E-04 0.449669E-05
    52.00000  0.126538E-05 0.837827E-05 0.143887E-03 0.832458E-05
    54.00000  0.214390E-05 0.143072E-04 0.243847E-03 0.150542E-04
    56.00000  0.356125E-05 0.239532E-04 0.405159E-03 0.266385E-04
    58.00000  0.580792E-05 0.393717E-04 0.660925E-03 0.461932E-04
    60.00000  0.931107E-05 0.636154E-04 0.105983E-02 0.786048E-04
    62.00000  0.146903E-04 0.101155E-03 0.167253E-02 0.131419E-03
    64.00000  0.228328E-04 0.158453E-03 0.260019E-02 0.216116E-03
    66.00000  0.349935E-04 0.244743E-03 0.398597E-02 0.349928E-03
    68.00000  0.529277E-04 0.373062E-03 0.603017E-02 0.558382E-03
    70.00000  0.790651E-04 0.561632E-03 0.901007E-02 0.878850E-03
    72.00000  0.116735E-03 0.835662E-03 0.133057E-01 0.136542E-02
    74.00000  0.170455E-03 0.122970E-02 0.194331E-01 0.209552E-02
    76.00000  0.246306E-03 0.179068E-02 0.280865E-01 0.317891E-02
    78.00000  0.352399E-03 0.258181E-02 0.401927E-01 0.476965E-02
    80.00000  0.499467E-03 0.368755E-02 0.569779E-01 0.708203E-02
    82.00000  0.701611E-03 0.521993E-02 0.800538E-01 0.104115E-01
    84.00000  0.977218E-03 0.732641E-02 0.111522E+00 0.151623E-01
    86.00000  0.135010E-02 0.101998E-01 0.154106E+00 0.218828E-01
    88.00000  0.185092E-02 0.140908E-01 0.211310E+00 0.313117E-01
    90.00000  0.251888E-02 0.193228E-01 0.287618E+00 0.444371E-01
    92.00000  0.340383E-02 0.263113E-01 0.388734E+00 0.625718E-01
    94.00000  0.456883E-02 0.355864E-01 0.521871E+00 0.874485E-01
    96.00000  0.609317E-02 0.478215E-01 0.696103E+00 0.121341E+00
    98.00000  0.807609E-02 0.638672E-01 0.922788E+00 0.167213E+00
   100.00000  0.106412E-01 0.847925E-01 0.121607E+01 0.228911E+00
   102.00000  0.139416E-01 0.111935E+00 0.159348E+01 0.311394E+00
   104.00000  0.181664E-01 0.146962E+00 0.207667E+01 0.421026E+00
   106.00000  0.235476E-01 0.191938E+00 0.269221E+01 0.565932E+00
   108.00000  0.303694E-01 0.249415E+00 0.347263E+01 0.756435E+00
   110.00000  0.389779E-01 0.322531E+00 0.445758E+01 0.100559E+01
   112.00000  0.497932E-01 0.415133E+00 0.569518E+01 0.132985E+01
   114.00000  0.633235E-01 0.531913E+00 0.724364E+01 0.174982E+01
   116.00000  0.801812E-01 0.678583E+00 0.917313E+01 0.229124E+01
   118.00000  0.101102E+00 0.862066E+00 0.115679E+02 0.298613E+01
   122.00000  0.158826E+00 0.137465E+01 0.181767E+02 0.500434E+01
   126.00000  0.245768E+00 0.215905E+01 0.281322E+02 0.824573E+01
   130.00000  0.374965E+00 0.334337E+01 0.429290E+02 0.133730E+02
   134.00000  0.564556E+00 0.510903E+01 0.646457E+02 0.213684E+02
   138.00000  0.839505E+00 0.771040E+01 0.961436E+02 0.336704E+02
   142.00000  0.123384E+01 0.115006E+02 0.141323E+03 0.523620E+02
   146.00000  0.179353E+01 0.169654E+02 0.205453E+03 0.804269E+02
   150.00000  0.258016E+01 0.247673E+02 0.295591E+03 0.122098E+03
   154.00000  0.367555E+01 0.358029E+02 0.421114E+03 0.183322E+03
   158.00000  0.518764E+01 0.512762E+02 0.594393E+03 0.272386E+03
   162.00000  0.725780E+01 0.727927E+02 0.831622E+03 0.400732E+03
   166.00000  0.100699E+02 0.102478E+03 0.115387E+04 0.584045E+03
   170.00000  0.138617E+02 0.143131E+03 0.158836E+04 0.843658E+03
   174.00000  0.189386E+02 0.198411E+03 0.217007E+04 0.120839E+04
   178.00000  0.256910E+02 0.273077E+03 0.294371E+04 0.171689E+04
   182.00000  0.346154E+02 0.373292E+03 0.396607E+04 0.242075E+04
   186.00000  0.463396E+02 0.506986E+03 0.530901E+04 0.338830E+04
   190.00000  0.616547E+02 0.684325E+03 0.706300E+04 0.470966E+04
   194.00000  0.815520E+02 0.918277E+03 0.934139E+04 0.650299E+04
   198.00000  0.107269E+03 0.122532E+04 0.122857E+05 0.892245E+04
   202.00000  0.140346E+03 0.162628E+04 0.160717E+05 0.121682E+05
   206.00000  0.182689E+03 0.214744E+04 0.209172E+05 0.164988E+05
   210.00000  0.236653E+03 0.282178E+04 0.270909E+05 0.222473E+05
   214.00000  0.305134E+03 0.369060E+04 0.349234E+05 0.298404E+05
   218.00000  0.391689E+03 0.480545E+04 0.448200E+05 0.398231E+05
   222.00000  0.500666E+03 0.623044E+04 0.572765E+05 0.528888E+05
   226.00000  0.637373E+03 0.804516E+04 0.728972E+05 0.699169E+05
   230.00000  0.808270E+03 0.103481E+05 0.924174E+05 0.920189E+05
   234.00000  0.102120E+04 0.132608E+05 0.116729E+06 0.120596E+06
   238.00000  0.128565E+04 0.169329E+05 0.146912E+06 0.157407E+06
   242.00000  0.161312E+04 0.215485E+05 0.184271E+06 0.204658E+06
   246.00000  0.201746E+04 0.273332E+05 0.230378E+06 0.265105E+06
   250.00000  0.251536E+04 0.345633E+05 0.287128E+06 0.342188E+06
   254.00000  0.312691E+04 0.435767E+05 0.356797E+06 0.440185E+06
   258.00000  0.387623E+04 0.547856E+05 0.442116E+06 0.564411E+06
   262.00000  0.479226E+04 0.686927E+05 0.546360E+06 0.721456E+06
   266.00000  0.590967E+04 0.859098E+05 0.673452E+06 0.919474E+06
   270.00000  0.726999E+04 0.107181E+06 0.828081E+06 0.116855E+07
   274.00000  0.892288E+04 0.133410E+06 0.101585E+07 0.148110E+07
   282.00000  0.133553E+05 0.205365E+06 0.151889E+07 0.236153E+07
   290.00000  0.198341E+05 0.313662E+06 0.225319E+07 0.373085E+07
   298.00000  0.292537E+05 0.475769E+06 0.331926E+07 0.584603E+07
   306.00000  0.428898E+05 0.717343E+06 0.486020E+07 0.909455E+07
   314.00000  0.625641E+05 0.107609E+07 0.707991E+07 0.140602E+08
   322.00000  0.908854E+05 0.160756E+07 0.102698E+08 0.216234E+08
   330.00000  0.131605E+06 0.239385E+07 0.148480E+08 0.331143E+08
   338.00000  0.190152E+06 0.355692E+07 0.214183E+08 0.505506E+08
   346.00000  0.274440E+06 0.527927E+07 0.308589E+08 0.770111E+08
   354.00000  0.396120E+06 0.783635E+07 0.444600E+08 0.117228E+09
   362.00000  0.572550E+06 0.116485E+08 0.641396E+08 0.178548E+09
   370.00000  0.829971E+06 0.173660E+08 0.927906E+08 0.272522E+09
   378.00000  0.120877E+07 0.260121E+08 0.134856E+09 0.417594E+09
   386.00000  0.177247E+07 0.392303E+08 0.197311E+09 0.643806E+09
   394.00000  0.262364E+07 0.597277E+08 0.291391E+09 0.100128E+10
   402.00000  0.393326E+07 0.921033E+08 0.435794E+09 0.157618E+10
   410.00000  0.599774E+07 0.144472E+09 0.662870E+09 0.252221E+10
   418.00000  0.935654E+07 0.231854E+09 0.103139E+10 0.412672E+10
   420.01000  0.105006E+08 0.261570E+09 0.115516E+10 0.467425E+10
   420.26000  0.106549E+08 0.265648E+09 0.117203E+10 0.474992E+10
   420.51000  0.108117E+08 0.269798E+09 0.118919E+10 0.482698E+10
   420.76000  0.109713E+08 0.274022E+09 0.120663E+10 0.490544E+10
   421.01000  0.111335E+08 0.278321E+09 0.122437E+10 0.498533E+10
   421.26000  0.112986E+08 0.282698E+09 0.124242E+10 0.506670E+10
   421.51000  0.114665E+08 0.287152E+09 0.126077E+10 0.514957E+10
   421.76000  0.116372E+08 0.291688E+09 0.127944E+10 0.523396E+10
   422.01000  0.118109E+08 0.296304E+09 0.129842E+10 0.531992E+10
   422.26000  0.119877E+08 0.301005E+09 0.131774E+10 0.540748E+10
   422.51000  0.121675E+08 0.305791E+09 0.133739E+10 0.549667E+10
   422.76000  0.123504E+08 0.310664E+09 0.135738E+10 0.558752E+10
   423.01000  0.125365E+08 0.315626E+09 0.137772E+10 0.568008E+10
   423.26000  0.127259E+08 0.320678E+09 0.139841E+10 0.577438E+10
   423.51000  0.129187E+08 0.325824E+09 0.141947E+10 0.587045E+10
   423.76000  0.131148E+08 0.331065E+09 0.144090E+10 0.596835E+10
   424.01000  0.133144E+08 0.336402E+09 0.146270E+10 0.606809E+10
   424.26000  0.135176E+08 0.341838E+09 0.148489E+10 0.616974E+10
   424.51000  0.137243E+08 0.347376E+09 0.150748E+10 0.627332E+10
   424.76000  0.139348E+08 0.353017E+09 0.153047E+10 0.637888E+10
   425.01000  0.141491E+08 0.358763E+09 0.155386E+10 0.648647E+10
   425.26000  0.143672E+08 0.364617E+09 0.157768E+10 0.659613E+10
   425.51000  0.145893E+08 0.370582E+09 0.160193E+10 0.670791E+10
   425.76000  0.148154E+08 0.376659E+09 0.162661E+10 0.682185E+10
   426.00000  0.150533E+08 0.383761E+09 0.165484E+10 0.695963E+10
   426.01000  0.150456E+08 0.382851E+09 0.165174E+10 0.693800E+10
   426.26000  0.152800E+08 0.389162E+09 0.167733E+10 0.705642E+10
   426.51000  0.155187E+08 0.395592E+09 0.170338E+10 0.717715E+10
   426.76000  0.157618E+08 0.402146E+09 0.172991E+10 0.730025E+10
   427.01000  0.160093E+08 0.408826E+09 0.175693E+10 0.742577E+10
   427.26000  0.162615E+08 0.415634E+09 0.178445E+10 0.755377E+10
   427.51000  0.165183E+08 0.422574E+09 0.181247E+10 0.768430E+10
   427.76000  0.167799E+08 0.429648E+09 0.184102E+10 0.781743E+10
   428.01000  0.170465E+08 0.436861E+09 0.187009E+10 0.795320E+10
   428.26000  0.173180E+08 0.444214E+09 0.189972E+10 0.809170E+10
   428.51000  0.175946E+08 0.451711E+09 0.192989E+10 0.823297E+10
   428.76000  0.178765E+08 0.459356E+09 0.196064E+10 0.837708E+10
   429.01000  0.181637E+08 0.467152E+09 0.199196E+10 0.852411E+10
   429.26000  0.184564E+08 0.475102E+09 0.202388E+10 0.867411E+10
   429.51000  0.187547E+08 0.483210E+09 0.205641E+10 0.882716E+10
   429.76000  0.190588E+08 0.491480E+09 0.208956E+10 0.898334E+10
   430.01000  0.193686E+08 0.499916E+09 0.212335E+10 0.914272E+10
   430.26000  0.196845E+08 0.508521E+09 0.215779E+10 0.930537E+10
   430.51000  0.200065E+08 0.517299E+09 0.219289E+10 0.947137E+10
   430.76000  0.203348E+08 0.526256E+09 0.222867E+10 0.964081E+10
   431.01000  0.206695E+08 0.535394E+09 0.226515E+10 0.981376E+10
   431.26000  0.210108E+08 0.544718E+09 0.230235E+10 0.999033E+10
   431.51000  0.213588E+08 0.554234E+09 0.234028E+10 0.101706E+11
   431.76000  0.217137E+08 0.563945E+09 0.237895E+10 0.103546E+11
   432.01000  0.220757E+08 0.573856E+09 0.241839E+10 0.105425E+11
   432.26000  0.224449E+08 0.583972E+09 0.245861E+10 0.107344E+11
   432.51000  0.228214E+08 0.594299E+09 0.249964E+10 0.109304E+11
   432.76000  0.232056E+08 0.604841E+09 0.254149E+10 0.111305E+11
   433.01000  0.235975E+08 0.615603E+09 0.258417E+10 0.113349E+11
   433.26000  0.239974E+08 0.626592E+09 0.262773E+10 0.115438E+11
   433.51000  0.244054E+08 0.637813E+09 0.267216E+10 0.117571E+11
   433.76000  0.248217E+08 0.649272E+09 0.271750E+10 0.119750E+11
   434.00000  0.252712E+08 0.662853E+09 0.277027E+10 0.122412E+11
   434.01000  0.252466E+08 0.660975E+09 0.276377E+10 0.121976E+11
   434.26000  0.256803E+08 0.672927E+09 0.281099E+10 0.124252E+11
   434.51000  0.261229E+08 0.685136E+09 0.285918E+10 0.126576E+11
   434.76000  0.265748E+08 0.697608E+09 0.290837E+10 0.128952E+11
   435.01000  0.270360E+08 0.710350E+09 0.295859E+10 0.131381E+11
   435.26000  0.275070E+08 0.723368E+09 0.300985E+10 0.133863E+11
   435.51000  0.279879E+08 0.736670E+09 0.306219E+10 0.136400E+11
   435.76000  0.284790E+08 0.750264E+09 0.311563E+10 0.138995E+11
   436.01000  0.289805E+08 0.764156E+09 0.317021E+10 0.141647E+11
   436.26000  0.294927E+08 0.778356E+09 0.322594E+10 0.144359E+11
   436.51000  0.300158E+08 0.792870E+09 0.328287E+10 0.147132E+11
   436.76000  0.305503E+08 0.807707E+09 0.334102E+10 0.149968E+11
   437.01000  0.310963E+08 0.822876E+09 0.340042E+10 0.152869E+11
   437.26000  0.316542E+08 0.838387E+09 0.346111E+10 0.155837E+11
   437.51000  0.322243E+08 0.854247E+09 0.352312E+10 0.158872E+11
   437.76000  0.328069E+08 0.870467E+09 0.358648E+10 0.161978E+11
   438.01000  0.334023E+08 0.887056E+09 0.365123E+10 0.165156E+11
   438.26000  0.340109E+08 0.904024E+09 0.371742E+10 0.168408E+11
   438.51000  0.346331E+08 0.921383E+09 0.378507E+10 0.171736E+11
   438.76000  0.352691E+08 0.939142E+09 0.385423E+10 0.175142E+11
   439.01000  0.359194E+08 0.957312E+09 0.392493E+10 0.178628E+11
   439.26000  0.365845E+08 0.975906E+09 0.399723E+10 0.182198E+11
   439.51000  0.372646E+08 0.994935E+09 0.407116E+10 0.185852E+11
   439.76000  0.379601E+08 0.101441E+10 0.414676E+10 0.189594E+11
   440.01000  0.386717E+08 0.103435E+10 0.422410E+10 0.193426E+11
   440.26000  0.393996E+08 0.105476E+10 0.430320E+10 0.197350E+11
   440.51000  0.401443E+08 0.107565E+10 0.438413E+10 0.201369E+11
   440.76000  0.409063E+08 0.109705E+10 0.446693E+10 0.205487E+11
   441.01000  0.416861E+08 0.111896E+10 0.455166E+10 0.209705E+11
   441.26000  0.424843E+08 0.114141E+10 0.463838E+10 0.214028E+11
   441.51000  0.433012E+08 0.116440E+10 0.472713E+10 0.218457E+11
   441.76000  0.441376E+08 0.118795E+10 0.481798E+10 0.222996E+11
   442.00000  0.450671E+08 0.121631E+10 0.492579E+10 0.228609E+11
   442.01000  0.449939E+08 0.121207E+10 0.491098E+10 0.227649E+11
   442.26000  0.458706E+08 0.123680E+10 0.500621E+10 0.232418E+11
   442.51000  0.467686E+08 0.126213E+10 0.510373E+10 0.237308E+11
   442.76000  0.476882E+08 0.128810E+10 0.520359E+10 0.242321E+11
   443.01000  0.486302E+08 0.131472E+10 0.530588E+10 0.247463E+11
   443.26000  0.495953E+08 0.134201E+10 0.541067E+10 0.252735E+11
   443.51000  0.505842E+08 0.136999E+10 0.551803E+10 0.258144E+11
   443.76000  0.515975E+08 0.139869E+10 0.562803E+10 0.263692E+11
   444.01000  0.526359E+08 0.142811E+10 0.574075E+10 0.269385E+11
   444.26000  0.537004E+08 0.145830E+10 0.585629E+10 0.275226E+11
   444.51000  0.547916E+08 0.148926E+10 0.597473E+10 0.281221E+11
   444.76000  0.559104E+08 0.152103E+10 0.609614E+10 0.287374E+11
   445.01000  0.570576E+08 0.155363E+10 0.622064E+10 0.293690E+11
   445.26000  0.582342E+08 0.158708E+10 0.634830E+10 0.300175E+11
   445.51000  0.594410E+08 0.162142E+10 0.647924E+10 0.306834E+11
   445.76000  0.606790E+08 0.165667E+10 0.661355E+10 0.313672E+11
   446.01000  0.619492E+08 0.169287E+10 0.675135E+10 0.320696E+11
   446.26000  0.632526E+08 0.173003E+10 0.689273E+10 0.327911E+11
   446.51000  0.645903E+08 0.176820E+10 0.703782E+10 0.335324E+11
   446.76000  0.659633E+08 0.180740E+10 0.718674E+10 0.342941E+11
   447.01000  0.673729E+08 0.184768E+10 0.733961E+10 0.350770E+11
   447.26000  0.688202E+08 0.188906E+10 0.749655E+10 0.358816E+11
   447.51000  0.703064E+08 0.193158E+10 0.765771E+10 0.367088E+11
   447.76000  0.718329E+08 0.197529E+10 0.782322E+10 0.375593E+11
   448.01000  0.734010E+08 0.202022E+10 0.799322E+10 0.384339E+11
   448.26000  0.750120E+08 0.206640E+10 0.816786E+10 0.393335E+11
   448.51000  0.766675E+08 0.211390E+10 0.834731E+10 0.402588E+11
   448.76000  0.783688E+08 0.216275E+10 0.853172E+10 0.412108E+11
   449.01000  0.801176E+08 0.221299E+10 0.872125E+10 0.421904E+11
   449.26000  0.819155E+08 0.226468E+10 0.891610E+10 0.431986E+11
   449.51000  0.837642E+08 0.231786E+10 0.911643E+10 0.442364E+11
   449.76000  0.856654E+08 0.237259E+10 0.932243E+10 0.453048E+11
   450.00000  0.878494E+08 0.243982E+10 0.957251E+10 0.466460E+11
   450.01000  0.876209E+08 0.242893E+10 0.953431E+10 0.464049E+11
   450.26000  0.896328E+08 0.248693E+10 0.975227E+10 0.475379E+11
   450.51000  0.917028E+08 0.254664E+10 0.997651E+10 0.487049E+11
   450.76000  0.938332E+08 0.260814E+10 0.102073E+11 0.499072E+11
   451.01000  0.960260E+08 0.267148E+10 0.104448E+11 0.511460E+11
   451.26000  0.982834E+08 0.273674E+10 0.106893E+11 0.524228E+11
   451.51000  0.100608E+09 0.280398E+10 0.109410E+11 0.537388E+11
   451.76000  0.103002E+09 0.287327E+10 0.112003E+11 0.550956E+11
   452.01000  0.105468E+09 0.294470E+10 0.114673E+11 0.564947E+11
   452.26000  0.108008E+09 0.301833E+10 0.117423E+11 0.579376E+11
   452.51000  0.110626E+09 0.309427E+10 0.120257E+11 0.594260E+11
   452.76000  0.113324E+09 0.317258E+10 0.123178E+11 0.609617E+11
   453.01000  0.116106E+09 0.325336E+10 0.126189E+11 0.625464E+11
   453.26000  0.118973E+09 0.333671E+10 0.129293E+11 0.641821E+11
   453.51000  0.121931E+09 0.342271E+10 0.132493E+11 0.658706E+11
   453.76000  0.124981E+09 0.351149E+10 0.135794E+11 0.676141E+11
   454.01000  0.128128E+09 0.360313E+10 0.139200E+11 0.694147E+11
   454.26000  0.131375E+09 0.369776E+10 0.142713E+11 0.712746E+11
   454.51000  0.134726E+09 0.379549E+10 0.146339E+11 0.731961E+11
   454.76000  0.138185E+09 0.389645E+10 0.150082E+11 0.751818E+11
   455.01000  0.141757E+09 0.400075E+10 0.153945E+11 0.772341E+11
   455.26000  0.145446E+09 0.410854E+10 0.157935E+11 0.793557E+11
   455.51000  0.149256E+09 0.421994E+10 0.162056E+11 0.815495E+11
   455.76000  0.153192E+09 0.433512E+10 0.166313E+11 0.838183E+11
   456.01000  0.157259E+09 0.445421E+10 0.170711E+11 0.861653E+11
   456.26000  0.161463E+09 0.457739E+10 0.175257E+11 0.885935E+11
   456.51000  0.165808E+09 0.470481E+10 0.179956E+11 0.911063E+11
   456.76000  0.170301E+09 0.483664E+10 0.184813E+11 0.937072E+11
   457.01000  0.174948E+09 0.497308E+10 0.189837E+11 0.963999E+11
   457.26000  0.179755E+09 0.511431E+10 0.195033E+11 0.991882E+11
   457.51000  0.184728E+09 0.526052E+10 0.200408E+11 0.102076E+12
   457.76000  0.189874E+09 0.541193E+10 0.205970E+11 0.105068E+12
   458.00000  0.196012E+09 0.560239E+10 0.212906E+11 0.108897E+12
   458.01000  0.195200E+09 0.556875E+10 0.211727E+11 0.108167E+12
   458.26000  0.200714E+09 0.573121E+10 0.217686E+11 0.111380E+12
   458.51000  0.206424E+09 0.589955E+10 0.223856E+11 0.114709E+12
   458.76000  0.212337E+09 0.607401E+10 0.230245E+11 0.118161E+12
   459.01000  0.218463E+09 0.625485E+10 0.236863E+11 0.121741E+12
   459.26000  0.224809E+09 0.644234E+10 0.243719E+11 0.125454E+12
   459.51000  0.231386E+09 0.663677E+10 0.250822E+11 0.129306E+12
   459.76000  0.238202E+09 0.683842E+10 0.258185E+11 0.133302E+12
   460.01000  0.245268E+09 0.704761E+10 0.265816E+11 0.137449E+12
   460.26000  0.252594E+09 0.726466E+10 0.273728E+11 0.141754E+12
   460.51000  0.260191E+09 0.748990E+10 0.281932E+11 0.146223E+12
   460.76000  0.268071E+09 0.772367E+10 0.290441E+11 0.150863E+12
   461.01000  0.276245E+09 0.796635E+10 0.299266E+11 0.155681E+12
   461.26000  0.284725E+09 0.821830E+10 0.308421E+11 0.160686E+12
   461.51000  0.293525E+09 0.847992E+10 0.317920E+11 0.165885E+12
   461.76000  0.302657E+09 0.875162E+10 0.327777E+11 0.171286E+12
   462.01000  0.312135E+09 0.903382E+10 0.338007E+11 0.176898E+12
   462.26000  0.321974E+09 0.932695E+10 0.348625E+11 0.182729E+12
   462.51000  0.332187E+09 0.963148E+10 0.359646E+11 0.188790E+12
   462.76000  0.342790E+09 0.994786E+10 0.371087E+11 0.195089E+12
   463.01000  0.353798E+09 0.102766E+11 0.382965E+11 0.201637E+12
   463.26000  0.365228E+09 0.106181E+11 0.395296E+11 0.208443E+12
   463.51000  0.377096E+09 0.109731E+11 0.408098E+11 0.215517E+12
   463.76000  0.389419E+09 0.113418E+11 0.421390E+11 0.222872E+12
   464.01000  0.402213E+09 0.117250E+11 0.435189E+11 0.230516E+12
   464.26000  0.415496E+09 0.121232E+11 0.449514E+11 0.238462E+12
   464.51000  0.429286E+09 0.125368E+11 0.464384E+11 0.246722E+12
   464.76000  0.443600E+09 0.129665E+11 0.479819E+11 0.255305E+12
   465.01000  0.458456E+09 0.134129E+11 0.495835E+11 0.264224E+12
   465.26000  0.473871E+09 0.138764E+11 0.512454E+11 0.273490E+12
   465.51000  0.489864E+09 0.143576E+11 0.529693E+11 0.283115E+12
   465.76000  0.506450E+09 0.148571E+11 0.547570E+11 0.293110E+12
   466.00000  0.526938E+09 0.155012E+11 0.570469E+11 0.306180E+12
   466.01000  0.523646E+09 0.153755E+11 0.566103E+11 0.303486E+12
   466.26000  0.541469E+09 0.159131E+11 0.585309E+11 0.314254E+12
   466.51000  0.559932E+09 0.164706E+11 0.605203E+11 0.325423E+12
   466.76000  0.579049E+09 0.170483E+11 0.625799E+11 0.337004E+12
   467.01000  0.598832E+09 0.176467E+11 0.647111E+11 0.349004E+12
   467.26000  0.619290E+09 0.182660E+11 0.669147E+11 0.361431E+12
   467.51000  0.640431E+09 0.189066E+11 0.691917E+11 0.374291E+12
   467.76000  0.662260E+09 0.195687E+11 0.715425E+11 0.387588E+12
   468.01000  0.684778E+09 0.202523E+11 0.739672E+11 0.401325E+12
   468.26000  0.707983E+09 0.209576E+11 0.764656E+11 0.415504E+12
   468.51000  0.731869E+09 0.216842E+11 0.790369E+11 0.430120E+12
   468.76000  0.756423E+09 0.224319E+11 0.816799E+11 0.445170E+12
   469.01000  0.781630E+09 0.232004E+11 0.843928E+11 0.460646E+12
   469.26000  0.807466E+09 0.239889E+11 0.871730E+11 0.476535E+12
   469.51000  0.833902E+09 0.247967E+11 0.900173E+11 0.492821E+12
   469.76000  0.860900E+09 0.256226E+11 0.929217E+11 0.509485E+12
   470.01000  0.888414E+09 0.264654E+11 0.958812E+11 0.526500E+12
   470.26000  0.916392E+09 0.273236E+11 0.988900E+11 0.543835E+12
   470.51000  0.944768E+09 0.281951E+11 0.101941E+12 0.561455E+12
   470.76000  0.973470E+09 0.290779E+11 0.105027E+12 0.579317E+12
   471.01000  0.100241E+10 0.299696E+11 0.108138E+12 0.597370E+12
   471.26000  0.103150E+10 0.308672E+11 0.111264E+12 0.615561E+12
   471.51000  0.106064E+10 0.317677E+11 0.114394E+12 0.633826E+12
   471.76000  0.108970E+10 0.326676E+11 0.117516E+12 0.652096E+12
   472.01000  0.111856E+10 0.335631E+11 0.120615E+12 0.670295E+12
   472.26000  0.114708E+10 0.344502E+11 0.123677E+12 0.688343E+12
   472.51000  0.117512E+10 0.353243E+11 0.126687E+12 0.706150E+12
   472.76000  0.120253E+10 0.361810E+11 0.129628E+12 0.723624E+12
   473.01000  0.122915E+10 0.370154E+11 0.132483E+12 0.740668E+12
   473.26000  0.125482E+10 0.378225E+11 0.135234E+12 0.757182E+12
   473.51000  0.127936E+10 0.385972E+11 0.137865E+12 0.773062E+12
   473.76000  0.130262E+10 0.393345E+11 0.140356E+12 0.788208E+12
   474.00000  0.132903E+10 0.402439E+11 0.143390E+12 0.807370E+12
   474.01000  0.132443E+10 0.400293E+11 0.142690E+12 0.802517E+12
   474.26000  0.134464E+10 0.406768E+11 0.144851E+12 0.815889E+12
   474.51000  0.136309E+10 0.412724E+11 0.146823E+12 0.828232E+12
   474.76000  0.137966E+10 0.418118E+11 0.148591E+12 0.839458E+12
   475.01000  0.139421E+10 0.422911E+11 0.150142E+12 0.849485E+12
   475.26000  0.140664E+10 0.427068E+11 0.151464E+12 0.858246E+12
   475.51000  0.141686E+10 0.430562E+11 0.152548E+12 0.865680E+12
   475.76000  0.142481E+10 0.433370E+11 0.153387E+12 0.871741E+12
   476.01000  0.143044E+10 0.435477E+11 0.153976E+12 0.876396E+12
   476.26000  0.143373E+10 0.436874E+11 0.154313E+12 0.879626E+12
   476.51000  0.143468E+10 0.437559E+11 0.154398E+12 0.881424E+12
   476.76000  0.143331E+10 0.437538E+11 0.154233E+12 0.881800E+12
   477.01000  0.142967E+10 0.436822E+11 0.153824E+12 0.880776E+12
   477.26000  0.142382E+10 0.435431E+11 0.153179E+12 0.878387E+12
   477.51000  0.141586E+10 0.433388E+11 0.152305E+12 0.874680E+12
   477.76000  0.140587E+10 0.430723E+11 0.151214E+12 0.869712E+12
   478.01000  0.139399E+10 0.427470E+11 0.149919E+12 0.863552E+12
   478.26000  0.138034E+10 0.423666E+11 0.148434E+12 0.856272E+12
   478.51000  0.136504E+10 0.419353E+11 0.146773E+12 0.847954E+12
   478.76000  0.134826E+10 0.414572E+11 0.144952E+12 0.838682E+12
   479.01000  0.133013E+10 0.409369E+11 0.142987E+12 0.828545E+12
   479.26000  0.131080E+10 0.403787E+11 0.140894E+12 0.817632E+12
   479.51000  0.129042E+10 0.397871E+11 0.138688E+12 0.806032E+12
   479.76000  0.126914E+10 0.391665E+11 0.136385E+12 0.793832E+12
   480.01000  0.124710E+10 0.385212E+11 0.134002E+12 0.781120E+12
   480.26000  0.122443E+10 0.378553E+11 0.131551E+12 0.767977E+12
   480.51000  0.120126E+10 0.371728E+11 0.129047E+12 0.754483E+12
   480.76000  0.117771E+10 0.364772E+11 0.126503E+12 0.740712E+12
   481.01000  0.115390E+10 0.357721E+11 0.123931E+12 0.726733E+12
   481.26000  0.112992E+10 0.350606E+11 0.121342E+12 0.712612E+12
   481.51000  0.110588E+10 0.343457E+11 0.118747E+12 0.698407E+12
   481.76000  0.108185E+10 0.336300E+11 0.116154E+12 0.684172E+12
   482.00000  0.105092E+10 0.327601E+11 0.112983E+12 0.667234E+12
   482.01000  0.105792E+10 0.329159E+11 0.113571E+12 0.669957E+12
   482.26000  0.103415E+10 0.322056E+11 0.111007E+12 0.655804E+12
   482.51000  0.101060E+10 0.315010E+11 0.108467E+12 0.641754E+12
   482.76000  0.987334E+09 0.308037E+11 0.105958E+12 0.627840E+12
   483.01000  0.964388E+09 0.301152E+11 0.103483E+12 0.614091E+12
   483.26000  0.941804E+09 0.294367E+11 0.101048E+12 0.600534E+12
   483.51000  0.919615E+09 0.287693E+11 0.986565E+11 0.587191E+12
   483.76000  0.897847E+09 0.281139E+11 0.963103E+11 0.574079E+12
   484.01000  0.876524E+09 0.274712E+11 0.940122E+11 0.561215E+12
   484.26000  0.855663E+09 0.268418E+11 0.917642E+11 0.548609E+12
   484.51000  0.835277E+09 0.262262E+11 0.895676E+11 0.536274E+12
   484.76000  0.815375E+09 0.256246E+11 0.874235E+11 0.524214E+12
   485.01000  0.795964E+09 0.250374E+11 0.853325E+11 0.512437E+12
   485.26000  0.777048E+09 0.244646E+11 0.832950E+11 0.500944E+12
   485.51000  0.758627E+09 0.239064E+11 0.813110E+11 0.489739E+12
   485.76000  0.740700E+09 0.233627E+11 0.793804E+11 0.478821E+12
   486.01000  0.723263E+09 0.228335E+11 0.775028E+11 0.468190E+12
   486.26000  0.706313E+09 0.223187E+11 0.756776E+11 0.457844E+12
   486.51000  0.689841E+09 0.218181E+11 0.739043E+11 0.447780E+12
   486.76000  0.673842E+09 0.213315E+11 0.721819E+11 0.437993E+12
   487.01000  0.658307E+09 0.208587E+11 0.705096E+11 0.428481E+12
   487.26000  0.643227E+09 0.203995E+11 0.688864E+11 0.419239E+12
   487.51000  0.628591E+09 0.199535E+11 0.673111E+11 0.410260E+12
   487.76000  0.614390E+09 0.195205E+11 0.657828E+11 0.401540E+12
   488.01000  0.600612E+09 0.191001E+11 0.643001E+11 0.393073E+12
   488.26000  0.587248E+09 0.186922E+11 0.628620E+11 0.384852E+12
   488.51000  0.574286E+09 0.182963E+11 0.614673E+11 0.376871E+12
   488.76000  0.561714E+09 0.179121E+11 0.601147E+11 0.369125E+12
   489.01000  0.549521E+09 0.175393E+11 0.588030E+11 0.361606E+12
   489.26000  0.537697E+09 0.171775E+11 0.575309E+11 0.354309E+12
   489.51000  0.526230E+09 0.168265E+11 0.562974E+11 0.347227E+12
   489.76000  0.515109E+09 0.164860E+11 0.551012E+11 0.340353E+12
   490.00000  0.500654E+09 0.160684E+11 0.536265E+11 0.332103E+12
   490.01000  0.504323E+09 0.161555E+11 0.539411E+11 0.333681E+12
   490.26000  0.493862E+09 0.158348E+11 0.528159E+11 0.327205E+12
   490.51000  0.483715E+09 0.155236E+11 0.517247E+11 0.320920E+12
   490.76000  0.473871E+09 0.152216E+11 0.506661E+11 0.314818E+12
   491.01000  0.464322E+09 0.149285E+11 0.496392E+11 0.308895E+12
   491.26000  0.455057E+09 0.146440E+11 0.486430E+11 0.303144E+12
   491.51000  0.446066E+09 0.143678E+11 0.476763E+11 0.297560E+12
   491.76000  0.437341E+09 0.140996E+11 0.467382E+11 0.292137E+12
   492.01000  0.428872E+09 0.138392E+11 0.458277E+11 0.286871E+12
   492.26000  0.420651E+09 0.135864E+11 0.449439E+11 0.281755E+12
   492.51000  0.412670E+09 0.133407E+11 0.440859E+11 0.276786E+12
   492.76000  0.404919E+09 0.131022E+11 0.432528E+11 0.271957E+12
   493.01000  0.397392E+09 0.128704E+11 0.424437E+11 0.267265E+12
   493.26000  0.390081E+09 0.126451E+11 0.416578E+11 0.262705E+12
   493.51000  0.382978E+09 0.124262E+11 0.408944E+11 0.258273E+12
   493.76000  0.376076E+09 0.122135E+11 0.401526E+11 0.253964E+12
   494.01000  0.369369E+09 0.120066E+11 0.394318E+11 0.249774E+12
   494.26000  0.362850E+09 0.118055E+11 0.387312E+11 0.245699E+12
   494.51000  0.356512E+09 0.116099E+11 0.380501E+11 0.241736E+12
   494.76000  0.350349E+09 0.114197E+11 0.373879E+11 0.237880E+12
   495.01000  0.344356E+09 0.112346E+11 0.367439E+11 0.234128E+12
   495.26000  0.338526E+09 0.110545E+11 0.361175E+11 0.230478E+12
   495.51000  0.332855E+09 0.108792E+11 0.355081E+11 0.226924E+12
   495.76000  0.327336E+09 0.107087E+11 0.349152E+11 0.223465E+12
   496.01000  0.321965E+09 0.105426E+11 0.343381E+11 0.220097E+12
   496.26000  0.316737E+09 0.103809E+11 0.337764E+11 0.216817E+12
   496.51000  0.311646E+09 0.102234E+11 0.332296E+11 0.213622E+12
   496.76000  0.306690E+09 0.100701E+11 0.326971E+11 0.210510E+12
   497.01000  0.301862E+09 0.992063E+10 0.321786E+11 0.207478E+12
   497.26000  0.297160E+09 0.977503E+10 0.316734E+11 0.204522E+12
   497.51000  0.292578E+09 0.963313E+10 0.311812E+11 0.201642E+12
   497.76000  0.288113E+09 0.949482E+10 0.307017E+11 0.198834E+12
   498.00000  0.282001E+09 0.931962E+10 0.300908E+11 0.195380E+12
   498.01000  0.283761E+09 0.935998E+10 0.302342E+11 0.196096E+12
   498.26000  0.279518E+09 0.922850E+10 0.297786E+11 0.193427E+12
   498.51000  0.275382E+09 0.910027E+10 0.293343E+11 0.190822E+12
   498.76000  0.271348E+09 0.897519E+10 0.289011E+11 0.188282E+12
   499.01000  0.267414E+09 0.885317E+10 0.284785E+11 0.185803E+12
   499.26000  0.263575E+09 0.873410E+10 0.280663E+11 0.183385E+12
   499.51000  0.259830E+09 0.861791E+10 0.276642E+11 0.181024E+12
   499.76000  0.256175E+09 0.850448E+10 0.272717E+11 0.178719E+12
   500.01000  0.252608E+09 0.839376E+10 0.268886E+11 0.176469E+12
   500.26000  0.249126E+09 0.828564E+10 0.265147E+11 0.174272E+12
   500.51000  0.245725E+09 0.818005E+10 0.261495E+11 0.172126E+12
   500.76000  0.242405E+09 0.807692E+10 0.257930E+11 0.170029E+12
   501.01000  0.239161E+09 0.797617E+10 0.254447E+11 0.167981E+12
   501.26000  0.235993E+09 0.787773E+10 0.251045E+11 0.165980E+12
   501.51000  0.232897E+09 0.778154E+10 0.247722E+11 0.164024E+12
   501.76000  0.229872E+09 0.768752E+10 0.244473E+11 0.162113E+12
   502.01000  0.226915E+09 0.759561E+10 0.241299E+11 0.160244E+12
   502.26000  0.224025E+09 0.750576E+10 0.238196E+11 0.158416E+12
   502.51000  0.221199E+09 0.741789E+10 0.235162E+11 0.156630E+12
   502.76000  0.218436E+09 0.733196E+10 0.232196E+11 0.154882E+12
   503.01000  0.215733E+09 0.724791E+10 0.229294E+11 0.153172E+12
   503.26000  0.213090E+09 0.716569E+10 0.226456E+11 0.151500E+12
   503.51000  0.210504E+09 0.708524E+10 0.223680E+11 0.149863E+12
   503.76000  0.207974E+09 0.700651E+10 0.220964E+11 0.148262E+12
   504.01000  0.205497E+09 0.692946E+10 0.218306E+11 0.146694E+12
   504.26000  0.203074E+09 0.685403E+10 0.215704E+11 0.145160E+12
   504.51000  0.200701E+09 0.678020E+10 0.213157E+11 0.143657E+12
   504.76000  0.198379E+09 0.670790E+10 0.210664E+11 0.142186E+12
   505.01000  0.196104E+09 0.663710E+10 0.208223E+11 0.140746E+12
   505.26000  0.193877E+09 0.656776E+10 0.205832E+11 0.139335E+12
   505.51000  0.191696E+09 0.649984E+10 0.203490E+11 0.137953E+12
   505.76000  0.189558E+09 0.643330E+10 0.201196E+11 0.136599E+12
   506.00000  0.186464E+09 0.634618E+10 0.198179E+11 0.134894E+12
   506.01000  0.187465E+09 0.636810E+10 0.198949E+11 0.135272E+12
   506.26000  0.185413E+09 0.630421E+10 0.196747E+11 0.133972E+12
   506.51000  0.183403E+09 0.624160E+10 0.194589E+11 0.132697E+12
   506.76000  0.181432E+09 0.618022E+10 0.192473E+11 0.131448E+12
   507.01000  0.179500E+09 0.612006E+10 0.190400E+11 0.130224E+12
   507.26000  0.177606E+09 0.606107E+10 0.188367E+11 0.129023E+12
   507.51000  0.175749E+09 0.600323E+10 0.186374E+11 0.127846E+12
   507.76000  0.173928E+09 0.594650E+10 0.184419E+11 0.126692E+12
   508.01000  0.172142E+09 0.589087E+10 0.182502E+11 0.125560E+12
   508.26000  0.170390E+09 0.583629E+10 0.180622E+11 0.124449E+12
   508.51000  0.168672E+09 0.578275E+10 0.178777E+11 0.123359E+12
   508.76000  0.166985E+09 0.573022E+10 0.176967E+11 0.122290E+12
   509.01000  0.165331E+09 0.567868E+10 0.175191E+11 0.121241E+12
   509.26000  0.163707E+09 0.562809E+10 0.173448E+11 0.120212E+12
   509.51000  0.162113E+09 0.557844E+10 0.171738E+11 0.119201E+12
   509.76000  0.160548E+09 0.552970E+10 0.170058E+11 0.118209E+12
   510.01000  0.159012E+09 0.548185E+10 0.168410E+11 0.117236E+12
   510.26000  0.157504E+09 0.543488E+10 0.166791E+11 0.116280E+12
   510.51000  0.156023E+09 0.538875E+10 0.165202E+11 0.115341E+12
   510.76000  0.154569E+09 0.534345E+10 0.163641E+11 0.114420E+12
   511.01000  0.153141E+09 0.529896E+10 0.162107E+11 0.113514E+12
   511.26000  0.151737E+09 0.525526E+10 0.160601E+11 0.112625E+12
   511.51000  0.150359E+09 0.521233E+10 0.159122E+11 0.111752E+12
   511.76000  0.149005E+09 0.517016E+10 0.157668E+11 0.110894E+12
   512.01000  0.147674E+09 0.512872E+10 0.156240E+11 0.110051E+12
   512.26000  0.146366E+09 0.508800E+10 0.154836E+11 0.109222E+12
   512.51000  0.145081E+09 0.504798E+10 0.153456E+11 0.108408E+12
   512.76000  0.143817E+09 0.500865E+10 0.152100E+11 0.107609E+12
   513.01000  0.142575E+09 0.496999E+10 0.150767E+11 0.106822E+12
   513.26000  0.141354E+09 0.493199E+10 0.149456E+11 0.106049E+12
   513.51000  0.140154E+09 0.489462E+10 0.148168E+11 0.105290E+12
   513.76000  0.138973E+09 0.485789E+10 0.146900E+11 0.104543E+12
   514.00000  0.137160E+09 0.480813E+10 0.145181E+11 0.103582E+12
   514.01000  0.137812E+09 0.482177E+10 0.145654E+11 0.103808E+12
   514.26000  0.136670E+09 0.478624E+10 0.144428E+11 0.103086E+12
   514.51000  0.135547E+09 0.475131E+10 0.143223E+11 0.102376E+12
   514.76000  0.134442E+09 0.471694E+10 0.142037E+11 0.101677E+12
   515.01000  0.133356E+09 0.468314E+10 0.140870E+11 0.100990E+12
   515.26000  0.132286E+09 0.464989E+10 0.139722E+11 0.100314E+12
   515.51000  0.131234E+09 0.461718E+10 0.138592E+11 0.996495E+11
   515.76000  0.130198E+09 0.458499E+10 0.137480E+11 0.989955E+11
   516.01000  0.129179E+09 0.455331E+10 0.136386E+11 0.983520E+11
   516.26000  0.128176E+09 0.452214E+10 0.135309E+11 0.977187E+11
   516.51000  0.127189E+09 0.449147E+10 0.134249E+11 0.970956E+11
   516.76000  0.126217E+09 0.446127E+10 0.133206E+11 0.964824E+11
   517.01000  0.125260E+09 0.443155E+10 0.132178E+11 0.958788E+11
   517.26000  0.124317E+09 0.440230E+10 0.131166E+11 0.952847E+11
   517.51000  0.123390E+09 0.437349E+10 0.130170E+11 0.947000E+11
   517.76000  0.122476E+09 0.434514E+10 0.129189E+11 0.941243E+11
   518.01000  0.121576E+09 0.431721E+10 0.128223E+11 0.935575E+11
   518.26000  0.120690E+09 0.428972E+10 0.127271E+11 0.929995E+11
   518.51000  0.119817E+09 0.426264E+10 0.126334E+11 0.924500E+11
   518.76000  0.118957E+09 0.423597E+10 0.125410E+11 0.919090E+11
   519.01000  0.118109E+09 0.420970E+10 0.124500E+11 0.913762E+11
   519.26000  0.117274E+09 0.418383E+10 0.123604E+11 0.908514E+11
   519.51000  0.116452E+09 0.415835E+10 0.122720E+11 0.903345E+11
   519.76000  0.115641E+09 0.413324E+10 0.121850E+11 0.898255E+11
   522.00000  0.108382E+09 0.391379E+10 0.114233E+11 0.854199E+11
   530.00000  0.900391E+08 0.334991E+10 0.944837E+10 0.740436E+11
   538.00000  0.775687E+08 0.297385E+10 0.810276E+10 0.665436E+11
   546.00000  0.686636E+08 0.271309E+10 0.713878E+10 0.614371E+11
   554.00000  0.620536E+08 0.252746E+10 0.642011E+10 0.579005E+11
   562.00000  0.569892E+08 0.239316E+10 0.586641E+10 0.554441E+11
   570.00000  0.530039E+08 0.229526E+10 0.542767E+10 0.537603E+11
   578.00000  0.497933E+08 0.222396E+10 0.507133E+10 0.526462E+11
   586.00000  0.471513E+08 0.217258E+10 0.477537E+10 0.519629E+11
   596.00000  0.444333E+08 0.212928E+10 0.446739E+10 0.515663E+11
   606.00000  0.421861E+08 0.210326E+10 0.420926E+10 0.515524E+11
   616.00000  0.402758E+08 0.208993E+10 0.398678E+10 0.518232E+11
   626.00000  0.386082E+08 0.208598E+10 0.379005E+10 0.523063E+11
   636.00000  0.371158E+08 0.208888E+10 0.361200E+10 0.529465E+11
   646.00000  0.357494E+08 0.209674E+10 0.344754E+10 0.537002E+11
   656.00000  0.344730E+08 0.210804E+10 0.329298E+10 0.545324E+11
   666.00000  0.332600E+08 0.212158E+10 0.314564E+10 0.554142E+11
   676.00000  0.320909E+08 0.213641E+10 0.300361E+10 0.563217E+11
   686.00000  0.309516E+08 0.215173E+10 0.286552E+10 0.572346E+11
   696.00000  0.298322E+08 0.216691E+10 0.273045E+10 0.581362E+11
   706.00000  0.287260E+08 0.218145E+10 0.259783E+10 0.590124E+11
   716.00000  0.276288E+08 0.219494E+10 0.246732E+10 0.598517E+11
   726.00000  0.265386E+08 0.220708E+10 0.233878E+10 0.606447E+11
   736.00000  0.254543E+08 0.221762E+10 0.221221E+10 0.613838E+11
   746.00000  0.243763E+08 0.222639E+10 0.208770E+10 0.620629E+11
   756.00000  0.233057E+08 0.223327E+10 0.196543E+10 0.626777E+11
   766.00000  0.222442E+08 0.223820E+10 0.184561E+10 0.632254E+11
   776.00000  0.211938E+08 0.224115E+10 0.172849E+10 0.637041E+11
   786.00000  0.201570E+08 0.224213E+10 0.161430E+10 0.641131E+11
   796.00000  0.191358E+08 0.224118E+10 0.150331E+10 0.644524E+11
   806.00000  0.181327E+08 0.223835E+10 0.139572E+10 0.647229E+11
   816.00000  0.171498E+08 0.223372E+10 0.129175E+10 0.649259E+11
   826.00000  0.161891E+08 0.222736E+10 0.119160E+10 0.650634E+11
   836.00000  0.152526E+08 0.221938E+10 0.109540E+10 0.651376E+11
   846.00000  0.143418E+08 0.220988E+10 0.100331E+10 0.651512E+11
   856.00000  0.134582E+08 0.219895E+10 0.915409E+09 0.651069E+11
   866.00000  0.126030E+08 0.218671E+10 0.831782E+09 0.650073E+11
   876.00000  0.117770E+08 0.217324E+10 0.752473E+09 0.648554E+11
   886.00000  0.109811E+08 0.215865E+10 0.677509E+09 0.646540E+11
   896.00000  0.102158E+08 0.214304E+10 0.606891E+09 0.644060E+11
   906.00000  0.948143E+07 0.212648E+10 0.540603E+09 0.641141E+11
   916.00000  0.877828E+07 0.210908E+10 0.478612E+09 0.637811E+11
   926.00000  0.810637E+07 0.209090E+10 0.420867E+09 0.634096E+11
   936.00000  0.746563E+07 0.207202E+10 0.367306E+09 0.630020E+11
   946.00000  0.685587E+07 0.205252E+10 0.317853E+09 0.625607E+11
   956.00000  0.627679E+07 0.203245E+10 0.272426E+09 0.620881E+11
   966.00000  0.572803E+07 0.201187E+10 0.230933E+09 0.615862E+11
   976.00000  0.520914E+07 0.199086E+10 0.193276E+09 0.610573E+11
   986.00000  0.471960E+07 0.196945E+10 0.159350E+09 0.605033E+11
   996.00000  0.425887E+07 0.194770E+10 0.129048E+09 0.599262E+11
  1006.00000  0.382631E+07 0.192566E+10 0.102257E+09 0.593278E+11
  1016.00000  0.342128E+07 0.190336E+10 0.788650E+08 0.587096E+11
  1026.00000  0.304311E+07 0.188085E+10 0.587555E+08 0.580733E+11
  1036.00000  0.269109E+07 0.185815E+10 0.418124E+08 0.574205E+11
  1046.00000  0.236451E+07 0.183530E+10 0.279190E+08 0.567526E+11
  1056.00000  0.206265E+07 0.181234E+10 0.169585E+08 0.560710E+11
  1066.00000  0.178475E+07 0.178930E+10 0.881511E+07 0.553769E+11
  1076.00000  0.153009E+07 0.176618E+10 0.337359E+07 0.546716E+11
  1086.00000  0.129792E+07 0.174303E+10 0.520149E+06 0.539563E+11
  1096.00000  0.108750E+07 0.171986E+10 0.142529E+06 0.532318E+11
  1106.00000  0.898089E+06 0.169668E+10 0.213019E+07 0.524993E+11
  1116.00000  0.728964E+06 0.167352E+10 0.637449E+07 0.517597E+11
  1126.00000  0.579401E+06 0.165040E+10 0.127689E+08 0.510140E+11
  1136.00000  0.448691E+06 0.162732E+10 0.212089E+08 0.502629E+11
  1146.00000  0.336134E+06 0.160430E+10 0.315923E+08 0.495072E+11
  1156.00000  0.241039E+06 0.158135E+10 0.438194E+08 0.487479E+11
  1166.00000  0.162730E+06 0.155849E+10 0.577925E+08 0.479854E+11
  1176.00000  0.100545E+06 0.153572E+10 0.734165E+08 0.472206E+11
  1186.00000  0.538338E+05 0.151305E+10 0.905985E+08 0.464540E+11
  1196.00000  0.219598E+05 0.149049E+10 0.109248E+09 0.456863E+11
  1206.00000  0.430114E+04 0.146806E+10 0.129278E+09 0.449180E+11
  1216.00000  0.249736E+03 0.144575E+10 0.150602E+09 0.441499E+11
  1226.00000  0.921182E+04 0.142358E+10 0.173137E+09 0.433824E+11
  1236.00000  0.306079E+05 0.140155E+10 0.196803E+09 0.426160E+11
  1246.00000  0.638728E+05 0.137967E+10 0.221521E+09 0.418513E+11
  1256.00000  0.108456E+06 0.135795E+10 0.247215E+09 0.410887E+11
  1266.00000  0.163819E+06 0.133638E+10 0.273812E+09 0.403285E+11
  1276.00000  0.229441E+06 0.131498E+10 0.301240E+09 0.395714E+11
  1286.00000  0.304813E+06 0.129374E+10 0.329430E+09 0.388176E+11
  1296.00000  0.389439E+06 0.127268E+10 0.358315E+09 0.380676E+11
  1306.00000  0.482839E+06 0.125180E+10 0.387831E+09 0.373218E+11
  1316.00000  0.584544E+06 0.123109E+10 0.417915E+09 0.365804E+11
  1326.00000  0.694100E+06 0.121057E+10 0.448507E+09 0.358439E+11
  1336.00000  0.811065E+06 0.119024E+10 0.479549E+09 0.351125E+11
  1346.00000  0.935010E+06 0.117010E+10 0.510983E+09 0.343865E+11
  1356.00000  0.106552E+07 0.115014E+10 0.542756E+09 0.336662E+11
  1366.00000  0.120218E+07 0.113038E+10 0.574814E+09 0.329518E+11
  1376.00000  0.134462E+07 0.111082E+10 0.607108E+09 0.322437E+11
  1386.00000  0.149243E+07 0.109145E+10 0.639588E+09 0.315420E+11
  1396.00000  0.164527E+07 0.107228E+10 0.672208E+09 0.308470E+11
  1406.00000  0.180276E+07 0.105331E+10 0.704923E+09 0.301588E+11
  1416.00000  0.196457E+07 0.103454E+10 0.737689E+09 0.294777E+11
  1426.00000  0.213035E+07 0.101598E+10 0.770463E+09 0.288039E+11
  1436.00000  0.229978E+07 0.997617E+09 0.803207E+09 0.281374E+11
  1446.00000  0.247255E+07 0.979459E+09 0.835882E+09 0.274786E+11
  1456.00000  0.264834E+07 0.961506E+09 0.868450E+09 0.268275E+11
  1466.00000  0.282687E+07 0.943758E+09 0.900876E+09 0.261843E+11
  1476.00000  0.300785E+07 0.926218E+09 0.933128E+09 0.255491E+11
  1486.00000  0.319101E+07 0.908884E+09 0.965172E+09 0.249220E+11
  1496.00000  0.337608E+07 0.891758E+09 0.996979E+09 0.243032E+11
  1506.00000  0.356280E+07 0.874840E+09 0.102852E+10 0.236928E+11
  1516.00000  0.375093E+07 0.858130E+09 0.105977E+10 0.230909E+11
  1526.00000  0.394022E+07 0.841628E+09 0.109069E+10 0.224975E+11
  1536.00000  0.413045E+07 0.825335E+09 0.112127E+10 0.219128E+11
  1546.00000  0.432140E+07 0.809249E+09 0.115147E+10 0.213367E+11
  1556.00000  0.451284E+07 0.793372E+09 0.118129E+10 0.207694E+11
  1566.00000  0.470459E+07 0.777703E+09 0.121069E+10 0.202110E+11
  1576.00000  0.489644E+07 0.762242E+09 0.123966E+10 0.196614E+11
  1586.00000  0.508819E+07 0.746989E+09 0.126817E+10 0.191207E+11
  1596.00000  0.527968E+07 0.731943E+09 0.129622E+10 0.185890E+11
  1606.00000  0.547072E+07 0.717103E+09 0.132377E+10 0.180662E+11
  1616.00000  0.566115E+07 0.702469E+09 0.135083E+10 0.175524E+11
  1626.00000  0.585080E+07 0.688041E+09 0.137736E+10 0.170476E+11
  1636.00000  0.603951E+07 0.673816E+09 0.140337E+10 0.165518E+11
  1646.00000  0.622714E+07 0.659795E+09 0.142883E+10 0.160650E+11
  1656.00000  0.641356E+07 0.645977E+09 0.145373E+10 0.155871E+11
  1666.00000  0.659861E+07 0.632360E+09 0.147807E+10 0.151182E+11
  1676.00000  0.678218E+07 0.618945E+09 0.150183E+10 0.146583E+11
  1686.00000  0.696414E+07 0.605729E+09 0.152500E+10 0.142073E+11
  1696.00000  0.714437E+07 0.592712E+09 0.154758E+10 0.137652E+11
  1706.00000  0.732276E+07 0.579892E+09 0.156956E+10 0.133319E+11
  1716.00000  0.749920E+07 0.567268E+09 0.159093E+10 0.129075E+11
  1726.00000  0.767358E+07 0.554840E+09 0.161168E+10 0.124918E+11
  1736.00000  0.784582E+07 0.542605E+09 0.163182E+10 0.120849E+11
  1746.00000  0.801582E+07 0.530563E+09 0.165132E+10 0.116866E+11
  1756.00000  0.818350E+07 0.518711E+09 0.167020E+10 0.112969E+11
  1766.00000  0.834877E+07 0.507050E+09 0.168845E+10 0.109158E+11
  1776.00000  0.851155E+07 0.495578E+09 0.170607E+10 0.105432E+11
  1786.00000  0.867179E+07 0.484292E+09 0.172305E+10 0.101791E+11
  1796.00000  0.882940E+07 0.473193E+09 0.173940E+10 0.982326E+10
  1806.00000  0.898433E+07 0.462277E+09 0.175511E+10 0.947576E+10
  1816.00000  0.913652E+07 0.451545E+09 0.177018E+10 0.913647E+10
  1826.00000  0.928591E+07 0.440994E+09 0.178461E+10 0.880532E+10
  1836.00000  0.943244E+07 0.430622E+09 0.179841E+10 0.848223E+10
  1846.00000  0.957608E+07 0.420429E+09 0.181157E+10 0.816712E+10
  1856.00000  0.971678E+07 0.410412E+09 0.182410E+10 0.785990E+10
  1866.00000  0.985450E+07 0.400570E+09 0.183601E+10 0.756048E+10
  1876.00000  0.998920E+07 0.390902E+09 0.184728E+10 0.726879E+10
  1886.00000  0.101209E+08 0.381405E+09 0.185794E+10 0.698471E+10
  1896.00000  0.102494E+08 0.372079E+09 0.186797E+10 0.670817E+10
  1906.00000  0.103749E+08 0.362921E+09 0.187739E+10 0.643906E+10
  1916.00000  0.104973E+08 0.353929E+09 0.188620E+10 0.617729E+10
  1926.00000  0.106165E+08 0.345102E+09 0.189440E+10 0.592276E+10
  1936.00000  0.107325E+08 0.336439E+09 0.190199E+10 0.567536E+10
  1946.00000  0.108453E+08 0.327937E+09 0.190900E+10 0.543500E+10
  1956.00000  0.109550E+08 0.319594E+09 0.191541E+10 0.520159E+10
  1966.00000  0.110614E+08 0.311409E+09 0.192124E+10 0.497500E+10
  1976.00000  0.111646E+08 0.303381E+09 0.192648E+10 0.475514E+10
  1986.00000  0.112646E+08 0.295506E+09 0.193116E+10 0.454191E+10
  1996.00000  0.113614E+08 0.287784E+09 0.193527E+10 0.433521E+10
  2006.00000  0.114550E+08 0.280213E+09 0.193883E+10 0.413491E+10
  2016.00000  0.115453E+08 0.272791E+09 0.194183E+10 0.394093E+10
  2026.00000  0.116324E+08 0.265515E+09 0.194429E+10 0.375314E+10
  2036.00000  0.117163E+08 0.258385E+09 0.194621E+10 0.357146E+10
  2046.00000  0.117970E+08 0.251398E+09 0.194760E+10 0.339575E+10
  2056.00000  0.118745E+08 0.244553E+09 0.194847E+10 0.322593E+10
  2066.00000  0.119488E+08 0.237847E+09 0.194883E+10 0.306188E+10
  2076.00000  0.120199E+08 0.231280E+09 0.194868E+10 0.290350E+10
  2086.00000  0.120879E+08 0.224848E+09 0.194804E+10 0.275068E+10
  2096.00000  0.121527E+08 0.218551E+09 0.194691E+10 0.260331E+10
  2106.00000  0.122144E+08 0.212387E+09 0.194530E+10 0.246128E+10
  2116.00000  0.122731E+08 0.206353E+09 0.194322E+10 0.232449E+10
  2126.00000  0.123286E+08 0.200449E+09 0.194068E+10 0.219284E+10
  2136.00000  0.123811E+08 0.194671E+09 0.193769E+10 0.206621E+10
  2146.00000  0.124305E+08 0.189019E+09 0.193425E+10 0.194450E+10
  2156.00000  0.124769E+08 0.183491E+09 0.193038E+10 0.182760E+10
  2166.00000  0.125203E+08 0.178084E+09 0.192608E+10 0.171542E+10
  2176.00000  0.125608E+08 0.172797E+09 0.192136E+10 0.160785E+10
  2186.00000  0.125983E+08 0.167629E+09 0.191623E+10 0.150477E+10
  2196.00000  0.126330E+08 0.162577E+09 0.191071E+10 0.140610E+10
  2206.00000  0.126648E+08 0.157639E+09 0.190480E+10 0.131173E+10
  2216.00000  0.126937E+08 0.152815E+09 0.189851E+10 0.122156E+10
  2226.00000  0.127198E+08 0.148102E+09 0.189184E+10 0.113549E+10
  2236.00000  0.127431E+08 0.143499E+09 0.188482E+10 0.105342E+10
  2246.00000  0.127637E+08 0.139003E+09 0.187744E+10 0.975247E+09
  2256.00000  0.127816E+08 0.134614E+09 0.186971E+10 0.900879E+09
  2266.00000  0.127968E+08 0.130329E+09 0.186166E+10 0.830217E+09
  2276.00000  0.128094E+08 0.126146E+09 0.185327E+10 0.763167E+09
  2286.00000  0.128193E+08 0.122065E+09 0.184457E+10 0.699633E+09
  2296.00000  0.128267E+08 0.118082E+09 0.183556E+10 0.639523E+09
  2306.00000  0.128316E+08 0.114198E+09 0.182625E+10 0.582744E+09
  2316.00000  0.128339E+08 0.110409E+09 0.181665E+10 0.529206E+09
  2326.00000  0.128338E+08 0.106715E+09 0.180677E+10 0.478817E+09
  2336.00000  0.128312E+08 0.103114E+09 0.179662E+10 0.431490E+09
  2346.00000  0.128263E+08 0.996041E+08 0.178620E+10 0.387136E+09
  2356.00000  0.128190E+08 0.961836E+08 0.177553E+10 0.345668E+09
  2366.00000  0.128094E+08 0.928512E+08 0.176461E+10 0.307002E+09
  2376.00000  0.127975E+08 0.896051E+08 0.175345E+10 0.271053E+09
  2386.00000  0.127834E+08 0.864440E+08 0.174206E+10 0.237738E+09
  2396.00000  0.127671E+08 0.833662E+08 0.173045E+10 0.206976E+09
  2406.00000  0.127486E+08 0.803703E+08 0.171862E+10 0.178686E+09
  2416.00000  0.127280E+08 0.774547E+08 0.170660E+10 0.152789E+09
  2426.00000  0.127054E+08 0.746180E+08 0.169437E+10 0.129207E+09
  2436.00000  0.126807E+08 0.718587E+08 0.168195E+10 0.107863E+09
  2446.00000  0.126540E+08 0.691753E+08 0.166936E+10 0.886821E+08
  2456.00000  0.126253E+08 0.665665E+08 0.165659E+10 0.715902E+08
  2466.00000  0.125947E+08 0.640307E+08 0.164366E+10 0.565143E+08
  2476.00000  0.125623E+08 0.615665E+08 0.163057E+10 0.433830E+08
  2486.00000  0.125280E+08 0.591726E+08 0.161733E+10 0.321259E+08
  2496.00000  0.124919E+08 0.568476E+08 0.160394E+10 0.226741E+08
  2506.00000  0.124540E+08 0.545901E+08 0.159042E+10 0.149599E+08
  2516.00000  0.124144E+08 0.523987E+08 0.157678E+10 0.891702E+07
  2526.00000  0.123732E+08 0.502722E+08 0.156301E+10 0.448031E+07
  2536.00000  0.123303E+08 0.482092E+08 0.154913E+10 0.158598E+07
  2546.00000  0.122858E+08 0.462084E+08 0.153514E+10 0.171500E+06
  2556.00000  0.122397E+08 0.442685E+08 0.152105E+10 0.175628E+06
  2566.00000  0.121921E+08 0.423883E+08 0.150687E+10 0.153839E+07
  2576.00000  0.121431E+08 0.405665E+08 0.149261E+10 0.420110E+07
  2586.00000  0.120926E+08 0.388019E+08 0.147826E+10 0.810630E+07
  2596.00000  0.120406E+08 0.370932E+08 0.146384E+10 0.131978E+08
  2606.00000  0.119873E+08 0.354392E+08 0.144935E+10 0.194207E+08
  2616.00000  0.119327E+08 0.338388E+08 0.143480E+10 0.267212E+08
  2626.00000  0.118768E+08 0.322908E+08 0.142020E+10 0.350470E+08
  2636.00000  0.118196E+08 0.307940E+08 0.140555E+10 0.443467E+08
  2646.00000  0.117612E+08 0.293472E+08 0.139085E+10 0.545703E+08
  2656.00000  0.117016E+08 0.279494E+08 0.137611E+10 0.656690E+08
  2666.00000  0.116408E+08 0.265995E+08 0.136134E+10 0.775951E+08
  2676.00000  0.115790E+08 0.252963E+08 0.134655E+10 0.903022E+08
  2686.00000  0.115160E+08 0.240387E+08 0.133173E+10 0.103745E+09
  2696.00000  0.114520E+08 0.228258E+08 0.131690E+10 0.117879E+09
  2706.00000  0.113870E+08 0.216565E+08 0.130206E+10 0.132662E+09
  2716.00000  0.113210E+08 0.205297E+08 0.128721E+10 0.148051E+09
  2726.00000  0.112541E+08 0.194444E+08 0.127236E+10 0.164007E+09
  2736.00000  0.111863E+08 0.183996E+08 0.125751E+10 0.180488E+09
  2746.00000  0.111176E+08 0.173944E+08 0.124267E+10 0.197457E+09
  2756.00000  0.110480E+08 0.164278E+08 0.122784E+10 0.214877E+09
  2766.00000  0.109777E+08 0.154988E+08 0.121303E+10 0.232710E+09
  2776.00000  0.109065E+08 0.146065E+08 0.119824E+10 0.250922E+09
  2786.00000  0.108346E+08 0.137500E+08 0.118348E+10 0.269478E+09
  2796.00000  0.107620E+08 0.129284E+08 0.116874E+10 0.288344E+09
  2806.00000  0.106887E+08 0.121407E+08 0.115404E+10 0.307490E+09
  2816.00000  0.106148E+08 0.113861E+08 0.113938E+10 0.326882E+09
  2826.00000  0.105402E+08 0.106638E+08 0.112476E+10 0.346492E+09
  2836.00000  0.104651E+08 0.997289E+07 0.111018E+10 0.366289E+09
  2846.00000  0.103894E+08 0.931254E+07 0.109566E+10 0.386245E+09
  2856.00000  0.103131E+08 0.868194E+07 0.108118E+10 0.406334E+09
  2866.00000  0.102364E+08 0.808028E+07 0.106676E+10 0.426527E+09
  2876.00000  0.101591E+08 0.750679E+07 0.105240E+10 0.446801E+09
  2886.00000  0.100814E+08 0.696068E+07 0.103810E+10 0.467129E+09
  2896.00000  0.100033E+08 0.644120E+07 0.102387E+10 0.487488E+09
  2906.00000  0.992479E+07 0.594759E+07 0.100970E+10 0.507855E+09
  2916.00000  0.984591E+07 0.547913E+07 0.995610E+09 0.528208E+09
  2926.00000  0.976668E+07 0.503510E+07 0.981589E+09 0.548526E+09
  2936.00000  0.968714E+07 0.461480E+07 0.967645E+09 0.568787E+09
  2946.00000  0.960730E+07 0.421752E+07 0.953779E+09 0.588973E+09
  2956.00000  0.952720E+07 0.384259E+07 0.939996E+09 0.609065E+09
  2966.00000  0.944685E+07 0.348934E+07 0.926296E+09 0.629043E+09
  2976.00000  0.936627E+07 0.315713E+07 0.912683E+09 0.648892E+09
  2986.00000  0.928551E+07 0.284531E+07 0.899159E+09 0.668593E+09
  2996.00000  0.920456E+07 0.255325E+07 0.885725E+09 0.688132E+09
  3006.00000  0.912347E+07 0.228034E+07 0.872383E+09 0.707492E+09
  3016.00000  0.904224E+07 0.202598E+07 0.859136E+09 0.726660E+09
  3026.00000  0.896090E+07 0.178957E+07 0.845986E+09 0.745620E+09
  3036.00000  0.887947E+07 0.157053E+07 0.832934E+09 0.764361E+09
  3046.00000  0.879798E+07 0.136831E+07 0.819982E+09 0.782869E+09
  3056.00000  0.871644E+07 0.118234E+07 0.807131E+09 0.801133E+09
  3066.00000  0.863487E+07 0.101208E+07 0.794384E+09 0.819140E+09
  3076.00000  0.855329E+07 0.857004E+06 0.781742E+09 0.836882E+09
  3086.00000  0.847173E+07 0.716588E+06 0.769206E+09 0.854346E+09
  3096.00000  0.839019E+07 0.590324E+06 0.756777E+09 0.871524E+09
  3106.00000  0.830871E+07 0.477713E+06 0.744457E+09 0.888406E+09
  3116.00000  0.822729E+07 0.378269E+06 0.732247E+09 0.904985E+09
  3126.00000  0.814595E+07 0.291516E+06 0.720148E+09 0.921252E+09
  3136.00000  0.806472E+07 0.216987E+06 0.708161E+09 0.937199E+09
  3146.00000  0.798360E+07 0.154228E+06 0.696288E+09 0.952820E+09
  3156.00000  0.790262E+07 0.102794E+06 0.684528E+09 0.968109E+09
  3166.00000  0.782178E+07 0.622504E+05 0.672883E+09 0.983058E+09
  3176.00000  0.774111E+07 0.321726E+05 0.661354E+09 0.997664E+09
  3186.00000  0.766062E+07 0.121458E+05 0.649941E+09 0.101192E+10
  3196.00000  0.758033E+07 0.176536E+04 0.638646E+09 0.102582E+10
  3206.00000  0.750025E+07 0.635846E+03 0.627468E+09 0.103937E+10
  3216.00000  0.742039E+07 0.837146E+04 0.616409E+09 0.105255E+10
  3226.00000  0.734077E+07 0.245957E+05 0.605468E+09 0.106537E+10
  3236.00000  0.726140E+07 0.489412E+05 0.594647E+09 0.107782E+10
  3246.00000  0.718230E+07 0.810498E+05 0.583946E+09 0.108990E+10
  3256.00000  0.710347E+07 0.120572E+06 0.573364E+09 0.110161E+10
  3266.00000  0.702494E+07 0.167167E+06 0.562903E+09 0.111294E+10
  3276.00000  0.694671E+07 0.220504E+06 0.552563E+09 0.112390E+10
  3286.00000  0.686878E+07 0.280258E+06 0.542343E+09 0.113448E+10
  3296.00000  0.679119E+07 0.346114E+06 0.532244E+09 0.114468E+10
  3306.00000  0.671393E+07 0.417766E+06 0.522266E+09 0.115450E+10
  3316.00000  0.663701E+07 0.494914E+06 0.512410E+09 0.116395E+10
  3326.00000  0.656045E+07 0.577268E+06 0.502674E+09 0.117301E+10
  3336.00000  0.648426E+07 0.664545E+06 0.493059E+09 0.118170E+10
  3346.00000  0.640844E+07 0.756468E+06 0.483565E+09 0.119001E+10
  3356.00000  0.633301E+07 0.852771E+06 0.474192E+09 0.119794E+10
  3366.00000  0.625798E+07 0.953192E+06 0.464939E+09 0.120550E+10
  3376.00000  0.618335E+07 0.105748E+07 0.455807E+09 0.121268E+10
  3386.00000  0.610913E+07 0.116538E+07 0.446795E+09 0.121949E+10
  3396.00000  0.603533E+07 0.127667E+07 0.437903E+09 0.122593E+10
  3406.00000  0.596195E+07 0.139111E+07 0.429131E+09 0.123200E+10
  3416.00000  0.588901E+07 0.150846E+07 0.420478E+09 0.123770E+10
  3426.00000  0.581652E+07 0.162852E+07 0.411943E+09 0.124304E+10
  3436.00000  0.574447E+07 0.175107E+07 0.403527E+09 0.124802E+10
  3446.00000  0.567287E+07 0.187591E+07 0.395229E+09 0.125264E+10
  3456.00000  0.560174E+07 0.200283E+07 0.387049E+09 0.125690E+10
  3466.00000  0.553107E+07 0.213165E+07 0.378985E+09 0.126081E+10
  3476.00000  0.546088E+07 0.226217E+07 0.371038E+09 0.126437E+10
  3486.00000  0.539117E+07 0.239421E+07 0.363206E+09 0.126759E+10
  3496.00000  0.532195E+07 0.252760E+07 0.355490E+09 0.127046E+10
  3506.00000  0.525321E+07 0.266217E+07 0.347889E+09 0.127299E+10
  3516.00000  0.518497E+07 0.279775E+07 0.340402E+09 0.127519E+10
  3526.00000  0.511722E+07 0.293418E+07 0.333028E+09 0.127706E+10
  3536.00000  0.504999E+07 0.307132E+07 0.325767E+09 0.127860E+10
  3546.00000  0.498326E+07 0.320901E+07 0.318617E+09 0.127982E+10
  3556.00000  0.491704E+07 0.334710E+07 0.311579E+09 0.128072E+10
  3566.00000  0.485133E+07 0.348546E+07 0.304652E+09 0.128131E+10
  3576.00000  0.478615E+07 0.362396E+07 0.297834E+09 0.128158E+10
  3586.00000  0.472148E+07 0.376247E+07 0.291125E+09 0.128155E+10
  3596.00000  0.465734E+07 0.390086E+07 0.284524E+09 0.128123E+10
  3606.00000  0.459373E+07 0.403902E+07 0.278031E+09 0.128060E+10
  3616.00000  0.453065E+07 0.417683E+07 0.271644E+09 0.127969E+10
  3626.00000  0.446811E+07 0.431417E+07 0.265363E+09 0.127849E+10
  3636.00000  0.440610E+07 0.445095E+07 0.259187E+09 0.127701E+10
  3646.00000  0.434463E+07 0.458706E+07 0.253114E+09 0.127525E+10
  3656.00000  0.428369E+07 0.472240E+07 0.247145E+09 0.127322E+10
  3666.00000  0.422330E+07 0.485689E+07 0.241278E+09 0.127093E+10
  3676.00000  0.416346E+07 0.499042E+07 0.235512E+09 0.126837E+10
  3686.00000  0.410415E+07 0.512292E+07 0.229846E+09 0.126556E+10
  3696.00000  0.404539E+07 0.525430E+07 0.224279E+09 0.126250E+10
  3706.00000  0.398718E+07 0.538448E+07 0.218812E+09 0.125919E+10
  3716.00000  0.392952E+07 0.551340E+07 0.213441E+09 0.125565E+10
  3726.00000  0.387240E+07 0.564097E+07 0.208167E+09 0.125186E+10
  3736.00000  0.381583E+07 0.576712E+07 0.202988E+09 0.124785E+10
  3746.00000  0.375981E+07 0.589180E+07 0.197904E+09 0.124361E+10
  3756.00000  0.370434E+07 0.601495E+07 0.192914E+09 0.123916E+10
  3766.00000  0.364942E+07 0.613649E+07 0.188016E+09 0.123449E+10
  3776.00000  0.359505E+07 0.625639E+07 0.183210E+09 0.122961E+10
  3786.00000  0.354122E+07 0.637458E+07 0.178494E+09 0.122452E+10
  3796.00000  0.348794E+07 0.649102E+07 0.173867E+09 0.121924E+10
  3806.00000  0.343522E+07 0.660566E+07 0.169330E+09 0.121376E+10
  3816.00000  0.338304E+07 0.671846E+07 0.164880E+09 0.120810E+10
  3826.00000  0.333140E+07 0.682937E+07 0.160516E+09 0.120225E+10
  3836.00000  0.328031E+07 0.693835E+07 0.156238E+09 0.119623E+10
  3846.00000  0.322977E+07 0.704538E+07 0.152044E+09 0.119003E+10
  3856.00000  0.317977E+07 0.715041E+07 0.147933E+09 0.118366E+10
  3866.00000  0.313031E+07 0.725342E+07 0.143905E+09 0.117713E+10
  3876.00000  0.308139E+07 0.735438E+07 0.139959E+09 0.117044E+10
  3886.00000  0.303301E+07 0.745325E+07 0.136093E+09 0.116360E+10
  3896.00000  0.298517E+07 0.755002E+07 0.132306E+09 0.115661E+10
  3906.00000  0.293786E+07 0.764466E+07 0.128597E+09 0.114948E+10
  3916.00000  0.289109E+07 0.773716E+07 0.124965E+09 0.114221E+10
  3926.00000  0.284485E+07 0.782749E+07 0.121410E+09 0.113480E+10
  3936.00000  0.279914E+07 0.791564E+07 0.117930E+09 0.112727E+10
  3946.00000  0.275396E+07 0.800159E+07 0.114524E+09 0.111962E+10
  3956.00000  0.270931E+07 0.808533E+07 0.111192E+09 0.111184E+10
  3966.00000  0.266518E+07 0.816686E+07 0.107931E+09 0.110395E+10
  3976.00000  0.262157E+07 0.824616E+07 0.104742E+09 0.109595E+10
  3986.00000  0.257848E+07 0.832322E+07 0.101623E+09 0.108784E+10
  3996.00000  0.253591E+07 0.839805E+07 0.985727E+08 0.107964E+10
  4006.00000  0.249385E+07 0.847063E+07 0.955908E+08 0.107133E+10
  4016.00000  0.245230E+07 0.854096E+07 0.926760E+08 0.106294E+10
  4026.00000  0.241126E+07 0.860904E+07 0.898273E+08 0.105445E+10
  4036.00000  0.237073E+07 0.867488E+07 0.870437E+08 0.104589E+10
  4046.00000  0.233070E+07 0.873847E+07 0.843243E+08 0.103724E+10
  4056.00000  0.229118E+07 0.879981E+07 0.816680E+08 0.102852E+10
  4066.00000  0.225215E+07 0.885892E+07 0.790740E+08 0.101973E+10
  4076.00000  0.221361E+07 0.891579E+07 0.765412E+08 0.101087E+10
  4086.00000  0.217557E+07 0.897044E+07 0.740686E+08 0.100195E+10
  4096.00000  0.213801E+07 0.902287E+07 0.716554E+08 0.992965E+09
  4106.00000  0.210094E+07 0.907309E+07 0.693005E+08 0.983930E+09
  4116.00000  0.206436E+07 0.912110E+07 0.670030E+08 0.974843E+09
  4126.00000  0.202825E+07 0.916694E+07 0.647621E+08 0.965709E+09
  4136.00000  0.199262E+07 0.921059E+07 0.625766E+08 0.956531E+09
  4146.00000  0.195746E+07 0.925208E+07 0.604458E+08 0.947313E+09
  4156.00000  0.192277E+07 0.929143E+07 0.583687E+08 0.938059E+09
  4166.00000  0.188855E+07 0.932863E+07 0.563444E+08 0.928771E+09
  4176.00000  0.185479E+07 0.936372E+07 0.543719E+08 0.919454E+09
  4186.00000  0.182149E+07 0.939670E+07 0.524505E+08 0.910111E+09
  4196.00000  0.178864E+07 0.942760E+07 0.505791E+08 0.900745E+09
  4206.00000  0.175624E+07 0.945642E+07 0.487570E+08 0.891359E+09
  4216.00000  0.172430E+07 0.948320E+07 0.469832E+08 0.881957E+09
  4226.00000  0.169279E+07 0.950794E+07 0.452568E+08 0.872542E+09
  4236.00000  0.166173E+07 0.953068E+07 0.435771E+08 0.863116E+09
  4246.00000  0.163111E+07 0.955142E+07 0.419432E+08 0.853684E+09
  4256.00000  0.160092E+07 0.957019E+07 0.403542E+08 0.844247E+09
  4266.00000  0.157116E+07 0.958701E+07 0.388093E+08 0.834809E+09
  4276.00000  0.154183E+07 0.960190E+07 0.373077E+08 0.825372E+09
  4286.00000  0.151292E+07 0.961489E+07 0.358485E+08 0.815940E+09
  4296.00000  0.148442E+07 0.962600E+07 0.344310E+08 0.806515E+09
  4306.00000  0.145635E+07 0.963524E+07 0.330543E+08 0.797099E+09
  4316.00000  0.142868E+07 0.964265E+07 0.317177E+08 0.787695E+09
  4326.00000  0.140142E+07 0.964825E+07 0.304203E+08 0.778306E+09
  4336.00000  0.137457E+07 0.965206E+07 0.291615E+08 0.768934E+09
  4346.00000  0.134812E+07 0.965410E+07 0.279404E+08 0.759582E+09
  4356.00000  0.132206E+07 0.965440E+07 0.267562E+08 0.750251E+09
  4366.00000  0.129639E+07 0.965299E+07 0.256084E+08 0.740944E+09
  4376.00000  0.127112E+07 0.964989E+07 0.244959E+08 0.731664E+09
  4386.00000  0.124622E+07 0.964513E+07 0.234183E+08 0.722412E+09
  4396.00000  0.122171E+07 0.963873E+07 0.223747E+08 0.713190E+09
  4406.00000  0.119758E+07 0.963072E+07 0.213645E+08 0.704002E+09
  4416.00000  0.117381E+07 0.962112E+07 0.203868E+08 0.694847E+09
  4426.00000  0.115042E+07 0.960996E+07 0.194412E+08 0.685729E+09
  4436.00000  0.112739E+07 0.959727E+07 0.185267E+08 0.676650E+09
  4446.00000  0.110473E+07 0.958307E+07 0.176429E+08 0.667611E+09
  4456.00000  0.108242E+07 0.956740E+07 0.167890E+08 0.658613E+09
  4466.00000  0.106047E+07 0.955027E+07 0.159643E+08 0.649660E+09
  4476.00000  0.103887E+07 0.953171E+07 0.151682E+08 0.640751E+09
  4486.00000  0.101761E+07 0.951175E+07 0.144001E+08 0.631889E+09
  4511.00000  0.965959E+06 0.945591E+07 0.125981E+08 0.609950E+09
  4536.00000  0.916390E+06 0.939190E+07 0.109573E+08 0.588336E+09
  4561.00000  0.868843E+06 0.932015E+07 0.946851E+07 0.567068E+09
  4586.00000  0.823263E+06 0.924107E+07 0.812276E+07 0.546164E+09
  4611.00000  0.779589E+06 0.915507E+07 0.691147E+07 0.525642E+09
  4636.00000  0.737765E+06 0.906257E+07 0.582635E+07 0.505517E+09
  4661.00000  0.697735E+06 0.896396E+07 0.485948E+07 0.485802E+09
  4686.00000  0.659442E+06 0.885964E+07 0.400325E+07 0.466510E+09
  4711.00000  0.622832E+06 0.875000E+07 0.325036E+07 0.447650E+09
  4736.00000  0.587850E+06 0.863542E+07 0.259381E+07 0.429231E+09
  4761.00000  0.554442E+06 0.851628E+07 0.202695E+07 0.411260E+09
  4786.00000  0.522557E+06 0.839295E+07 0.154337E+07 0.393744E+09
  4811.00000  0.492142E+06 0.826578E+07 0.113700E+07 0.376688E+09
  4836.00000  0.463147E+06 0.813511E+07 0.802026E+06 0.360094E+09
  4861.00000  0.435521E+06 0.800128E+07 0.532923E+06 0.343965E+09
  4886.00000  0.409217E+06 0.786462E+07 0.324434E+06 0.328302E+09
  4911.00000  0.384187E+06 0.772544E+07 0.171565E+06 0.313106E+09
  4936.00000  0.360384E+06 0.758406E+07 0.695755E+05 0.298375E+09
  4961.00000  0.337762E+06 0.744077E+07 0.139743E+05 0.284108E+09
  4986.00000  0.316277E+06 0.729584E+07 0.508704E+03 0.270303E+09
  5011.00000  0.295886E+06 0.714956E+07 0.251582E+05 0.256956E+09
  5036.00000  0.276546E+06 0.700219E+07 0.841269E+05 0.244063E+09
  5061.00000  0.258215E+06 0.685398E+07 0.173835E+06 0.231620E+09
  5086.00000  0.240854E+06 0.670517E+07 0.290913E+06 0.219620E+09
  5111.00000  0.224424E+06 0.655598E+07 0.432192E+06 0.208059E+09
  5136.00000  0.208885E+06 0.640666E+07 0.594698E+06 0.196929E+09
  5161.00000  0.194202E+06 0.625739E+07 0.775641E+06 0.186225E+09
  5186.00000  0.180338E+06 0.610837E+07 0.972413E+06 0.175938E+09
  5211.00000  0.167259E+06 0.595981E+07 0.118258E+07 0.166060E+09
  5236.00000  0.154929E+06 0.581186E+07 0.140386E+07 0.156585E+09
  5261.00000  0.143317E+06 0.566470E+07 0.163416E+07 0.147502E+09
  5286.00000  0.132391E+06 0.551849E+07 0.187149E+07 0.138805E+09
  5311.00000  0.122119E+06 0.537338E+07 0.211405E+07 0.130483E+09
  5336.00000  0.112473E+06 0.522951E+07 0.236016E+07 0.122527E+09
  5361.00000  0.103422E+06 0.508699E+07 0.260826E+07 0.114930E+09
  5386.00000  0.949396E+05 0.494597E+07 0.285693E+07 0.107680E+09
  5411.00000  0.869984E+05 0.480654E+07 0.310486E+07 0.100768E+09
  5436.00000  0.795723E+05 0.466881E+07 0.335087E+07 0.941862E+08
  5461.00000  0.726363E+05 0.453288E+07 0.359387E+07 0.879234E+08
  5511.00000  0.601387E+05 0.426677E+07 0.406701E+07 0.763174E+08
  5561.00000  0.493222E+05 0.400882E+07 0.451753E+07 0.658735E+08
  5611.00000  0.400170E+05 0.375953E+07 0.494009E+07 0.565153E+08
  5661.00000  0.320662E+05 0.351931E+07 0.533055E+07 0.481677E+08
  5711.00000  0.253252E+05 0.328846E+07 0.568586E+07 0.407571E+08
  5761.00000  0.196606E+05 0.306720E+07 0.600392E+07 0.342119E+08
  5811.00000  0.149504E+05 0.285566E+07 0.628344E+07 0.284631E+08
  5861.00000  0.110828E+05 0.265392E+07 0.652387E+07 0.234442E+08
  5911.00000  0.795557E+04 0.246197E+07 0.672524E+07 0.190916E+08
  5961.00000  0.547591E+04 0.227975E+07 0.688810E+07 0.153450E+08
  6011.00000  0.355940E+04 0.210716E+07 0.701344E+07 0.121471E+08
  6061.00000  0.212966E+04 0.194406E+07 0.710261E+07 0.944360E+07
  6111.00000  0.111773E+04 0.179023E+07 0.715723E+07 0.718387E+07
  6161.00000  0.461591E+03 0.164548E+07 0.717915E+07 0.532032E+07
  6211.00000  0.105599E+03 0.150954E+07 0.717038E+07 0.380863E+07
  6261.00000  0.489203E-01 0.138214E+07 0.713308E+07 0.260767E+07
  6311.00000  0.100697E+03 0.126298E+07 0.706944E+07 0.167941E+07
  6361.00000  0.368320E+03 0.115177E+07 0.698173E+07 0.988837E+06
  6411.00000  0.768306E+03 0.104818E+07 0.687222E+07 0.503837E+06
  6461.00000  0.127026E+04 0.951877E+06 0.674316E+07 0.195087E+06
  6511.00000  0.184762E+04 0.862538E+06 0.659675E+07 0.359260E+05
  6561.00000  0.247735E+04 0.779827E+06 0.643514E+07 0.221881E+04
  6611.00000  0.313957E+04 0.703409E+06 0.626041E+07 0.722207E+05
  6661.00000  0.381728E+04 0.632954E+06 0.607456E+07 0.226437E+06
  6711.00000  0.449607E+04 0.568132E+06 0.587947E+07 0.447484E+06
  6761.00000  0.516384E+04 0.508622E+06 0.567692E+07 0.719945E+06
  6811.00000  0.581062E+04 0.454109E+06 0.546860E+07 0.103024E+07
  6861.00000  0.642824E+04 0.404285E+06 0.525607E+07 0.136647E+07
  6911.00000  0.701021E+04 0.358852E+06 0.504077E+07 0.171832E+07
  6961.00000  0.755150E+04 0.317521E+06 0.482403E+07 0.207689E+07
  7011.00000  0.804834E+04 0.280014E+06 0.460708E+07 0.243460E+07
  7061.00000  0.849812E+04 0.246066E+06 0.439101E+07 0.278507E+07
  7111.00000  0.889916E+04 0.215419E+06 0.417682E+07 0.312300E+07
  7161.00000  0.925066E+04 0.187831E+06 0.396540E+07 0.344404E+07
  7211.00000  0.955253E+04 0.163068E+06 0.375754E+07 0.374477E+07
  7261.00000  0.980529E+04 0.140910E+06 0.355394E+07 0.402249E+07
  7311.00000  0.100100E+05 0.121148E+06 0.335518E+07 0.427524E+07
  7361.00000  0.101680E+05 0.103585E+06 0.316179E+07 0.450165E+07
  7411.00000  0.102813E+05 0.880351E+05 0.297418E+07 0.470089E+07
  7511.00000  0.103820E+05 0.622836E+05 0.261770E+07 0.501678E+07
  7611.00000  0.103308E+05 0.426234E+05 0.228776E+07 0.522442E+07
  7711.00000  0.101485E+05 0.279475E+05 0.198540E+07 0.532997E+07
  7811.00000  0.985637E+04 0.173002E+05 0.171090E+07 0.534270E+07
  7911.00000  0.947517E+04 0.986446E+04 0.146388E+07 0.527384E+07
  8011.00000  0.902466E+04 0.494836E+04 0.124345E+07 0.513557E+07
  8111.00000  0.852305E+04 0.197187E+04 0.104837E+07 0.494030E+07
  8211.00000  0.798670E+04 0.454046E+03 0.877078E+06 0.470011E+07
  8311.00000  0.743005E+04 0.742020E+00 0.727869E+06 0.442637E+07
  8411.00000  0.686552E+04 0.293125E+03 0.598919E+06 0.412947E+07
  8511.00000  0.630358E+04 0.107705E+04 0.488366E+06 0.381867E+07
  8611.00000  0.575285E+04 0.215342E+04 0.394358E+06 0.350200E+07
  8711.00000  0.522022E+04 0.336944E+04 0.315092E+06 0.318624E+07
  8811.00000  0.471099E+04 0.461091E+04 0.248846E+06 0.287702E+07
  8911.00000  0.422909E+04 0.579535E+04 0.194000E+06 0.257879E+07
  9011.00000  0.377721E+04 0.686605E+04 0.149049E+06 0.229499E+07
  9111.00000  0.335699E+04 0.778693E+04 0.112613E+06 0.202814E+07
  9211.00000  0.296921E+04 0.853810E+04 0.834401E+05 0.177993E+07
  9311.00000  0.261390E+04 0.911218E+04 0.604057E+05 0.155135E+07
  9411.00000  0.229049E+04 0.951112E+04 0.425099E+05 0.134279E+07
  9511.00000  0.199795E+04 0.974363E+04 0.288718E+05 0.115417E+07
  9611.00000  0.173491E+04 0.982309E+04 0.187226E+05 0.985014E+06
  9711.00000  0.149973E+04 0.976584E+04 0.113973E+05 0.834535E+06
  9811.00000  0.129061E+04 0.958984E+04 0.632618E+04 0.701733E+06
  9911.00000  0.110564E+04 0.931359E+04 0.302556E+04 0.585445E+06
 10011.00000  0.942871E+03 0.895539E+04 0.108902E+04 0.484413E+06
 10111.00000  0.800356E+03 0.853270E+04 0.178594E+03 0.397322E+06
 10211.00000  0.676190E+03 0.806179E+04 0.164810E+02 0.322851E+06
 10311.00000  0.568535E+03 0.755745E+04 0.377215E+03 0.259693E+06
 10411.00000  0.475649E+03 0.703284E+04 0.108043E+04 0.206592E+06
 10511.00000  0.395891E+03 0.649946E+04 0.198428E+04 0.162349E+06
 10611.00000  0.327739E+03 0.596708E+04 0.297941E+04 0.125843E+06
 10711.00000  0.269790E+03 0.544390E+04 0.398370E+04 0.960366E+05
 10811.00000  0.220760E+03 0.493654E+04 0.493749E+04 0.719818E+05
 10911.00000  0.179489E+03 0.445026E+04 0.579950E+04 0.528200E+05
 11011.00000  0.144933E+03 0.398900E+04 0.654319E+04 0.377823E+05
 11111.00000  0.116156E+03 0.355559E+04 0.715373E+04 0.261864E+05
 11211.00000  0.923315E+02 0.315187E+04 0.762539E+04 0.174328E+05
 11311.00000  0.727264E+02 0.277883E+04 0.795931E+04 0.109992E+05
 11411.00000  0.566996E+02 0.243673E+04 0.816165E+04 0.643482E+04
 11511.00000  0.436915E+02 0.212525E+04 0.824216E+04 0.335450E+04
 11611.00000  0.332166E+02 0.184357E+04 0.821283E+04 0.143207E+04
 11711.00000  0.248564E+02 0.159053E+04 0.808707E+04 0.394269E+03
 11811.00000  0.182514E+02 0.136467E+04 0.787879E+04 0.146358E+02
 11911.00000  0.130950E+02 0.116433E+04 0.760191E+04 0.107725E+03
 12011.00000  0.912694E+01 0.987717E+03 0.726989E+04 0.523711E+03
 12111.00000  0.612713E+01 0.832973E+03 0.689536E+04 0.114338E+04
 12211.00000  0.391079E+01 0.698216E+03 0.649000E+04 0.187360E+04
 12311.00000  0.232340E+01 0.581581E+03 0.606433E+04 0.264317E+04
 12411.00000  0.123652E+01 0.481252E+03 0.562766E+04 0.339920E+04
 12511.00000  0.543933E+00 0.395491E+03 0.518812E+04 0.410383E+04
 12611.00000  0.158274E+00 0.322652E+03 0.475259E+04 0.473147E+04
 12711.00000  0.812311E-02 0.261196E+03 0.432685E+04 0.526629E+04
 12811.00000  0.354307E-01 0.209697E+03 0.391556E+04 0.570018E+04
 12911.00000  0.193312E+00 0.166850E+03 0.352242E+04 0.603095E+04
 13011.00000  0.444152E+00 0.131467E+03 0.315021E+04 0.626083E+04
 13111.00000  0.757986E+00 0.102480E+03 0.280091E+04 0.639529E+04
 13211.00000  0.111113E+01 0.789350E+02 0.247582E+04 0.644199E+04
 13311.00000  0.148502E+01 0.599858E+02 0.217560E+04 0.640998E+04
 13411.00000  0.186525E+01 0.448889E+02 0.190040E+04 0.630907E+04
 13511.00000  0.224076E+01 0.329958E+02 0.164995E+04 0.614930E+04
 13611.00000  0.260319E+01 0.237451E+02 0.142361E+04 0.594061E+04
 13711.00000  0.294629E+01 0.166546E+02 0.122045E+04 0.569250E+04
 13811.00000  0.326552E+01 0.113135E+02 0.103935E+04 0.541386E+04
 13911.00000  0.355766E+01 0.737477E+01 0.879011E+03 0.511287E+04
 14011.00000  0.382052E+01 0.454745E+01 0.738024E+03 0.479687E+04
 14111.00000  0.405273E+01 0.258993E+01 0.614920E+03 0.447238E+04
 14211.00000  0.425357E+01 0.130335E+01 0.508201E+03 0.414506E+04
 14311.00000  0.442277E+01 0.525645E+00 0.416368E+03 0.381974E+04
 14411.00000  0.456045E+01 0.126171E+00 0.337954E+03 0.350047E+04
 14511.00000  0.466705E+01 0.793178E-03 0.271537E+03 0.319057E+04
 14611.00000  0.474321E+01 0.675862E-01 0.215764E+03 0.289270E+04
 14711.00000  0.478981E+01 0.263029E+00 0.169357E+03 0.260891E+04
 14811.00000  0.480785E+01 0.538695E+00 0.131123E+03 0.234069E+04
 14911.00000  0.479849E+01 0.858397E+00 0.999616E+02 0.208909E+04
 15011.00000  0.476302E+01 0.119576E+01 0.748665E+02 0.185473E+04
 15111.00000  0.470284E+01 0.153216E+01 0.549254E+02 0.163787E+04
 15211.00000  0.461945E+01 0.185501E+01 0.393195E+02 0.143848E+04
 15311.00000  0.451445E+01 0.215634E+01 0.273212E+02 0.125630E+04
 15411.00000  0.438953E+01 0.243165E+01 0.182892E+02 0.109085E+04
 15511.00000  0.424648E+01 0.267896E+01 0.116644E+02 0.941479E+03
 15611.00000  0.408715E+01 0.289809E+01 0.696405E+01 0.807447E+03
 15711.00000  0.391348E+01 0.309005E+01 0.377586E+01 0.687903E+03
 15811.00000  0.372743E+01 0.325661E+01 0.175179E+01 0.581933E+03
 15911.00000  0.353104E+01 0.339996E+01 0.601687E+00 0.488592E+03
 16011.00000  0.332636E+01 0.352244E+01 0.870826E-01 0.406912E+03
 16111.00000  0.311543E+01 0.362640E+01 0.150465E-01 0.335923E+03
 16211.00000  0.290032E+01 0.371402E+01 0.232347E+00 0.274673E+03
 16311.00000  0.268305E+01 0.378728E+01 0.619920E+00 0.222230E+03
 16411.00000  0.246559E+01 0.384787E+01 0.108772E+01 0.177700E+03
 16511.00000  0.224984E+01 0.389720E+01 0.156999E+01 0.140229E+03
 16611.00000  0.203762E+01 0.393638E+01 0.202097E+01 0.109008E+03
 16711.00000  0.183065E+01 0.396623E+01 0.241105E+01 0.832808E+02
 16811.00000  0.163050E+01 0.398730E+01 0.272337E+01 0.623447E+02
 16911.00000  0.143862E+01 0.399989E+01 0.295090E+01 0.455505E+02
 17011.00000  0.125630E+01 0.400409E+01 0.309387E+01 0.323041E+02
 17111.00000  0.108464E+01 0.399980E+01 0.315766E+01 0.220664E+02
 17211.00000  0.924605E+00 0.398680E+01 0.315105E+01 0.143514E+02
 17311.00000  0.776937E+00 0.396472E+01 0.308475E+01 0.872487E+01
 17411.00000  0.642208E+00 0.393317E+01 0.297033E+01 0.480204E+01
 17511.00000  0.520799E+00 0.389169E+01 0.281937E+01 0.224517E+01
 17611.00000  0.412902E+00 0.383983E+01 0.264277E+01 0.760642E+00
 17711.00000  0.318528E+00 0.377718E+01 0.245043E+01 0.959827E-01
 17811.00000  0.237516E+00 0.370342E+01 0.225091E+01 0.366792E-01
 17911.00000  0.169537E+00 0.361828E+01 0.205138E+01 0.402960E+00
 18011.00000  0.114114E+00 0.352165E+01 0.185755E+01 0.104654E+01
 18111.00000  0.706343E-01 0.341358E+01 0.167376E+01 0.184740E+01
 18211.00000  0.383611E-01 0.329425E+01 0.150311E+01 0.271060E+01
 18311.00000  0.164571E-01 0.316406E+01 0.134758E+01 0.356325E+01
 18411.00000  0.399965E-02 0.302358E+01 0.120826E+01 0.435159E+01
 18511.00000  0.835798E-06 0.287357E+01 0.108546E+01 0.503818E+01
 18611.00000  0.342632E-02 0.271497E+01 0.978963E+00 0.559932E+01
 18711.00000  0.132145E-01 0.254893E+01 0.888117E+00 0.602266E+01
 18811.00000  0.282952E-01 0.237676E+01 0.812020E+00 0.630502E+01
 18911.00000  0.476070E-01 0.219989E+01 0.749619E+00 0.645035E+01
 19011.00000  0.701141E-01 0.201991E+01 0.699810E+00 0.646800E+01
 19111.00000  0.948217E-01 0.183851E+01 0.661507E+00 0.637117E+01
 19311.00000  0.147142E+00 0.147845E+01 0.615406E+00 0.589804E+01
 19511.00000  0.197895E+00 0.113394E+01 0.604210E+00 0.516689E+01
 19711.00000  0.241743E+00 0.818697E+00 0.622134E+00 0.430895E+01
 19911.00000  0.274842E+00 0.544861E+00 0.664110E+00 0.343397E+01
 20111.00000  0.294882E+00 0.322008E+00 0.724919E+00 0.262212E+01
 20311.00000  0.301020E+00 0.156434E+00 0.798471E+00 0.192279E+01
 20511.00000  0.293715E+00 0.506987E-01 0.877440E+00 0.135784E+01
 20711.00000  0.274494E+00 0.350720E-02 0.953372E+00 0.927651E+00
 20911.00000  0.245691E+00 0.991566E-02 0.101726E+01 0.618172E+00
 21111.00000  0.210143E+00 0.618370E-01 0.106040E+01 0.407712E+00
 21311.00000  0.170918E+00 0.148787E+00 0.107547E+01 0.272654E+00
 21511.00000  0.131051E+00 0.258790E+00 0.105748E+01 0.191552E+00
 21711.00000  0.933273E-01 0.379357E+00 0.100453E+01 0.147527E+00
 21911.00000  0.601130E-01 0.498453E+00 0.918220E+00 0.129064E+00
 22111.00000  0.332419E-01 0.605345E+00 0.803579E+00 0.129572E+00
 22311.00000  0.139542E-01 0.691312E+00 0.668630E+00 0.146110E+00
 22511.00000  0.288531E-02 0.750112E+00 0.523538E+00 0.177740E+00
 22711.00000  0.976980E-04 0.778239E+00 0.379535E+00 0.223901E+00
 22911.00000  0.514671E-02 0.774926E+00 0.247721E+00 0.283119E+00
 23111.00000  0.171698E-01 0.741944E+00 0.137907E+00 0.352223E+00
 23311.00000  0.349904E-01 0.683221E+00 0.576326E-01 0.426159E+00
 23511.00000  0.572256E-01 0.604316E+00 0.114566E-01 0.498327E+00
 23711.00000  0.823921E-01 0.511849E+00 0.602013E-03 0.561342E+00
 23911.00000  0.109001E+00 0.412877E+00 0.229637E-01 0.608020E+00
 24111.00000  0.135642E+00 0.314332E+00 0.734659E-01 0.632409E+00
 24311.00000  0.161042E+00 0.222504E+00 0.144704E+00 0.630662E+00
 24511.00000  0.184123E+00 0.142654E+00 0.227792E+00 0.601652E+00
 24711.00000  0.204020E+00 0.787280E-01 0.313299E+00 0.547187E+00
 24911.00000  0.220099E+00 0.332185E-01 0.392189E+00 0.471859E+00
 25111.00000  0.231958E+00 0.714043E-02 0.456659E+00 0.382517E+00
 25311.00000  0.239411E+00 0.121932E-03 0.500788E+00 0.287468E+00
 25511.00000  0.242466E+00 0.105846E-01 0.520976E+00 0.195523E+00
 25711.00000  0.241298E+00 0.359879E-01 0.516106E+00 0.114991E+00
 25911.00000  0.236223E+00 0.731115E-01 0.487486E+00 0.527872E-01
 26111.00000  0.227658E+00 0.118349E+00 0.438538E+00 0.137120E-01
 26311.00000  0.216097E+00 0.167989E+00 0.374345E+00 0.171788E-04
 26511.00000  0.202077E+00 0.218469E+00 0.301056E+00 0.112679E-01
 26711.00000  0.186157E+00 0.266582E+00 0.225269E+00 0.445109E-01
 26911.00000  0.168893E+00 0.309626E+00 0.153402E+00 0.947071E-01
         IE==>      8            9
     1.00000  0.254644E-27 0.370758E-26
     2.00000  0.586388E-23 0.849168E-22
     3.00000  0.208368E-20 0.300117E-19
     4.00000  0.134205E-18 0.192257E-17
     5.00000  0.339074E-17 0.483127E-16
     6.00000  0.473979E-16 0.671706E-15
     7.00000  0.440382E-15 0.620730E-14
     8.00000  0.303431E-14 0.425389E-13
     9.00000  0.166389E-13 0.232008E-12
    10.00000  0.762017E-13 0.105681E-11
    11.00000  0.301663E-12 0.416110E-11
    12.00000  0.105882E-11 0.145266E-10
    13.00000  0.335929E-11 0.458397E-10
    14.00000  0.977925E-11 0.132725E-09
    15.00000  0.264337E-10 0.356828E-09
    16.00000  0.669830E-10 0.899332E-09
    17.00000  0.160373E-09 0.214161E-08
    18.00000  0.365154E-09 0.484998E-08
    19.00000  0.794990E-09 0.105022E-07
    20.00000  0.166259E-08 0.218452E-07
    21.00000  0.335314E-08 0.438205E-07
    22.00000  0.654380E-08 0.850568E-07
    23.00000  0.123934E-07 0.160222E-06
    24.00000  0.228372E-07 0.293649E-06
    25.00000  0.410353E-07 0.524804E-06
    26.00000  0.720437E-07 0.916408E-06
    27.00000  0.123799E-06 0.156626E-05
    28.00000  0.208546E-06 0.262422E-05
    29.00000  0.344868E-06 0.431623E-05
    30.00000  0.560553E-06 0.697785E-05
    31.00000  0.896569E-06 0.111005E-04
    32.00000  0.141253E-05 0.173944E-04
    33.00000  0.219415E-05 0.268737E-04
    34.00000  0.336318E-05 0.409699E-04
    35.00000  0.509081E-05 0.616813E-04
    36.00000  0.761525E-05 0.917704E-04
    37.00000  0.112648E-04 0.135019E-03
    38.00000  0.164878E-04 0.196555E-03
    39.00000  0.238916E-04 0.283280E-03
    40.00000  0.342916E-04 0.404398E-03
    42.00000  0.687799E-04 0.802388E-03
    44.00000  0.133493E-03 0.154056E-02
    46.00000  0.251450E-03 0.287058E-02
    48.00000  0.460842E-03 0.520435E-02
    50.00000  0.823640E-03 0.920122E-02
    52.00000  0.143835E-02 0.158951E-01
    54.00000  0.245864E-02 0.268772E-01
    56.00000  0.412006E-02 0.445535E-01
    58.00000  0.677792E-02 0.725037E-01
    60.00000  0.109602E-01 0.115975E+00
    62.00000  0.174403E-01 0.182551E+00
    64.00000  0.273373E-01 0.283049E+00
    66.00000  0.422495E-01 0.432718E+00
    68.00000  0.644353E-01 0.652801E+00
    70.00000  0.970507E-01 0.972581E+00
    72.00000  0.144462E+00 0.143202E+01
    74.00000  0.212654E+00 0.208512E+01
    76.00000  0.309754E+00 0.300425E+01
    78.00000  0.446707E+00 0.428547E+01
    80.00000  0.638132E+00 0.605536E+01
    82.00000  0.903411E+00 0.847939E+01
    84.00000  0.126805E+01 0.117723E+02
    86.00000  0.176538E+01 0.162108E+02
    88.00000  0.243868E+01 0.221493E+02
    90.00000  0.334380E+01 0.300386E+02
    92.00000  0.455238E+01 0.404490E+02
    94.00000  0.615581E+01 0.540976E+02
    96.00000  0.826999E+01 0.718817E+02
    98.00000  0.110412E+02 0.949173E+02
   100.00000  0.146532E+02 0.124586E+03
   102.00000  0.193354E+02 0.162592E+03
   104.00000  0.253735E+02 0.211021E+03
   106.00000  0.331212E+02 0.272424E+03
   108.00000  0.430144E+02 0.349899E+03
   110.00000  0.555891E+02 0.447200E+03
   112.00000  0.715004E+02 0.568851E+03
   114.00000  0.915472E+02 0.720290E+03
   116.00000  0.116700E+03 0.908024E+03
   118.00000  0.148132E+03 0.113982E+04
   122.00000  0.235787E+03 0.177422E+04
   126.00000  0.369603E+03 0.271954E+04
   130.00000  0.571109E+03 0.410888E+04
   134.00000  0.870682E+03 0.612462E+04
   138.00000  0.131072E+04 0.901391E+04
   142.00000  0.194979E+04 0.131083E+05
   146.00000  0.286811E+04 0.188482E+05
   150.00000  0.417448E+04 0.268140E+05
   154.00000  0.601539E+04 0.377633E+05
   158.00000  0.858646E+04 0.526781E+05
   162.00000  0.121470E+05 0.728211E+05
   166.00000  0.170385E+05 0.998042E+05
   170.00000  0.237075E+05 0.135672E+06
   174.00000  0.327343E+05 0.183000E+06
   178.00000  0.448690E+05 0.245015E+06
   182.00000  0.610758E+05 0.325736E+06
   186.00000  0.825876E+05 0.430143E+06
   190.00000  0.110973E+06 0.564375E+06
   194.00000  0.148220E+06 0.735960E+06
   198.00000  0.196833E+06 0.954092E+06
   202.00000  0.259958E+06 0.122994E+07
   206.00000  0.341530E+06 0.157703E+07
   210.00000  0.446452E+06 0.201167E+07
   214.00000  0.580813E+06 0.255344E+07
   218.00000  0.752150E+06 0.322579E+07
   222.00000  0.969764E+06 0.405672E+07
   226.00000  0.124510E+07 0.507950E+07
   230.00000  0.159220E+07 0.633360E+07
   234.00000  0.202824E+07 0.786570E+07
   238.00000  0.257422E+07 0.973084E+07
   242.00000  0.325567E+07 0.119937E+08
   246.00000  0.410367E+07 0.147304E+08
   250.00000  0.515590E+07 0.180298E+08
   254.00000  0.645802E+07 0.219960E+08
   258.00000  0.806525E+07 0.267505E+08
   262.00000  0.100443E+08 0.324345E+08
   266.00000  0.124755E+08 0.392128E+08
   270.00000  0.154558E+08 0.472762E+08
   274.00000  0.191016E+08 0.568464E+08
   282.00000  0.289789E+08 0.815746E+08
   290.00000  0.436016E+08 0.115975E+09
   298.00000  0.651228E+08 0.163494E+09
   306.00000  0.966440E+08 0.228736E+09
   314.00000  0.142635E+09 0.317852E+09
   322.00000  0.209551E+09 0.439070E+09
   330.00000  0.306748E+09 0.603443E+09
   338.00000  0.447864E+09 0.825897E+09
   346.00000  0.652911E+09 0.112674E+10
   354.00000  0.951535E+09 0.153388E+10
   362.00000  0.138815E+10 0.208615E+10
   370.00000  0.203023E+10 0.283837E+10
   378.00000  0.298211E+10 0.386953E+10
   386.00000  0.440857E+10 0.529606E+10
   394.00000  0.657665E+10 0.729445E+10
   402.00000  0.993301E+10 0.101416E+11
   410.00000  0.152543E+11 0.142899E+11
   418.00000  0.239576E+11 0.205181E+11
   420.01000  0.268819E+11 0.225335E+11
   420.26000  0.272823E+11 0.228030E+11
   420.51000  0.276896E+11 0.230764E+11
   420.76000  0.281039E+11 0.233538E+11
   421.01000  0.285252E+11 0.236352E+11
   421.26000  0.289539E+11 0.239207E+11
   421.51000  0.293900E+11 0.242103E+11
   421.76000  0.298337E+11 0.245041E+11
   422.01000  0.302851E+11 0.248023E+11
   422.26000  0.307444E+11 0.251049E+11
   422.51000  0.312117E+11 0.254119E+11
   422.76000  0.316873E+11 0.257235E+11
   423.01000  0.321712E+11 0.260397E+11
   423.26000  0.326637E+11 0.263607E+11
   423.51000  0.331650E+11 0.266864E+11
   423.76000  0.336752E+11 0.270171E+11
   424.01000  0.341945E+11 0.273528E+11
   424.26000  0.347230E+11 0.276935E+11
   424.51000  0.352612E+11 0.280395E+11
   424.76000  0.358090E+11 0.283907E+11
   425.01000  0.363667E+11 0.287473E+11
   425.26000  0.369345E+11 0.291094E+11
   425.51000  0.375127E+11 0.294772E+11
   425.76000  0.381015E+11 0.298506E+11
   426.00000  0.387916E+11 0.302526E+11
   426.01000  0.387010E+11 0.302298E+11
   426.26000  0.393116E+11 0.306150E+11
   426.51000  0.399335E+11 0.310062E+11
   426.76000  0.405669E+11 0.314035E+11
   427.01000  0.412120E+11 0.318072E+11
   427.26000  0.418692E+11 0.322173E+11
   427.51000  0.425387E+11 0.326339E+11
   427.76000  0.432208E+11 0.330572E+11
   428.01000  0.439157E+11 0.334873E+11
   428.26000  0.446238E+11 0.339243E+11
   428.51000  0.453453E+11 0.343685E+11
   428.76000  0.460805E+11 0.348198E+11
   429.01000  0.468299E+11 0.352786E+11
   429.26000  0.475936E+11 0.357449E+11
   429.51000  0.483720E+11 0.362189E+11
   429.76000  0.491654E+11 0.367007E+11
   430.01000  0.499743E+11 0.371905E+11
   430.26000  0.507989E+11 0.376886E+11
   430.51000  0.516397E+11 0.381950E+11
   430.76000  0.524969E+11 0.387099E+11
   431.01000  0.533710E+11 0.392335E+11
   431.26000  0.542625E+11 0.397661E+11
   431.51000  0.551716E+11 0.403077E+11
   431.76000  0.560988E+11 0.408587E+11
   432.01000  0.570446E+11 0.414191E+11
   432.26000  0.580094E+11 0.419892E+11
   432.51000  0.589936E+11 0.425693E+11
   432.76000  0.599978E+11 0.431595E+11
   433.01000  0.610224E+11 0.437600E+11
   433.26000  0.620680E+11 0.443712E+11
   433.51000  0.631349E+11 0.449932E+11
   433.76000  0.642238E+11 0.456262E+11
   434.00000  0.655182E+11 0.463246E+11
   434.01000  0.653352E+11 0.462706E+11
   434.26000  0.664697E+11 0.469266E+11
   434.51000  0.676278E+11 0.475944E+11
   434.76000  0.688102E+11 0.482743E+11
   435.01000  0.700174E+11 0.489666E+11
   435.26000  0.712501E+11 0.496716E+11
   435.51000  0.725089E+11 0.503896E+11
   435.76000  0.737945E+11 0.511209E+11
   436.01000  0.751077E+11 0.518658E+11
   436.26000  0.764490E+11 0.526246E+11
   436.51000  0.778192E+11 0.533977E+11
   436.76000  0.792192E+11 0.541854E+11
   437.01000  0.806496E+11 0.549880E+11
   437.26000  0.821113E+11 0.558060E+11
   437.51000  0.836051E+11 0.566396E+11
   437.76000  0.851318E+11 0.574893E+11
   438.01000  0.866924E+11 0.583555E+11
   438.26000  0.882878E+11 0.592385E+11
   438.51000  0.899188E+11 0.601389E+11
   438.76000  0.915865E+11 0.610569E+11
   439.01000  0.932919E+11 0.619932E+11
   439.26000  0.950359E+11 0.629481E+11
   439.51000  0.968198E+11 0.639220E+11
   439.76000  0.986445E+11 0.649156E+11
   440.01000  0.100511E+12 0.659293E+11
   440.26000  0.102421E+12 0.669636E+11
   440.51000  0.104375E+12 0.680191E+11
   440.76000  0.106375E+12 0.690963E+11
   441.01000  0.108422E+12 0.701957E+11
   441.26000  0.110517E+12 0.713180E+11
   441.51000  0.112662E+12 0.724638E+11
   441.76000  0.114858E+12 0.736338E+11
   442.00000  0.117511E+12 0.749605E+11
   442.01000  0.117107E+12 0.748284E+11
   442.26000  0.119410E+12 0.760485E+11
   442.51000  0.121768E+12 0.772948E+11
   442.76000  0.124184E+12 0.785678E+11
   443.01000  0.126659E+12 0.798685E+11
   443.26000  0.129195E+12 0.811974E+11
   443.51000  0.131793E+12 0.825555E+11
   443.76000  0.134456E+12 0.839436E+11
   444.01000  0.137186E+12 0.853624E+11
   444.26000  0.139984E+12 0.868130E+11
   444.51000  0.142853E+12 0.882960E+11
   444.76000  0.145795E+12 0.898126E+11
   445.01000  0.148812E+12 0.913637E+11
   445.26000  0.151906E+12 0.929502E+11
   445.51000  0.155080E+12 0.945732E+11
   445.76000  0.158337E+12 0.962339E+11
   446.01000  0.161679E+12 0.979332E+11
   446.26000  0.165108E+12 0.996724E+11
   446.51000  0.168628E+12 0.101453E+12
   446.76000  0.172242E+12 0.103275E+12
   447.01000  0.175952E+12 0.105141E+12
   447.26000  0.179762E+12 0.107052E+12
   447.51000  0.183674E+12 0.109009E+12
   447.76000  0.187694E+12 0.111014E+12
   448.01000  0.191823E+12 0.113068E+12
   448.26000  0.196065E+12 0.115173E+12
   448.51000  0.200425E+12 0.117330E+12
   448.76000  0.204907E+12 0.119541E+12
   449.01000  0.209514E+12 0.121808E+12
   449.26000  0.214251E+12 0.124132E+12
   449.51000  0.219122E+12 0.126516E+12
   449.76000  0.224132E+12 0.128960E+12
   450.00000  0.230302E+12 0.131821E+12
   450.01000  0.229286E+12 0.131468E+12
   450.26000  0.234589E+12 0.134041E+12
   450.51000  0.240046E+12 0.136682E+12
   450.76000  0.245662E+12 0.139393E+12
   451.01000  0.251444E+12 0.142175E+12
   451.26000  0.257397E+12 0.145032E+12
   451.51000  0.263527E+12 0.147966E+12
   451.76000  0.269841E+12 0.150979E+12
   452.01000  0.276345E+12 0.154075E+12
   452.26000  0.283047E+12 0.157256E+12
   452.51000  0.289954E+12 0.160525E+12
   452.76000  0.297074E+12 0.163885E+12
   453.01000  0.304414E+12 0.167339E+12
   453.26000  0.311982E+12 0.170891E+12
   453.51000  0.319788E+12 0.174545E+12
   453.76000  0.327840E+12 0.178303E+12
   454.01000  0.336147E+12 0.182169E+12
   454.26000  0.344721E+12 0.186148E+12
   454.51000  0.353570E+12 0.190243E+12
   454.76000  0.362705E+12 0.194459E+12
   455.01000  0.372139E+12 0.198800E+12
   455.26000  0.381882E+12 0.203271E+12
   455.51000  0.391946E+12 0.207876E+12
   455.76000  0.402345E+12 0.212621E+12
   456.01000  0.413092E+12 0.217510E+12
   456.26000  0.424200E+12 0.222550E+12
   456.51000  0.435684E+12 0.227745E+12
   456.76000  0.447560E+12 0.233102E+12
   457.01000  0.459843E+12 0.238627E+12
   457.26000  0.472550E+12 0.244326E+12
   457.51000  0.485698E+12 0.250205E+12
   457.76000  0.499305E+12 0.256273E+12
   458.00000  0.516462E+12 0.263629E+12
   458.01000  0.513390E+12 0.262535E+12
   458.26000  0.527974E+12 0.269000E+12
   458.51000  0.543076E+12 0.275676E+12
   458.76000  0.558718E+12 0.282569E+12
   459.01000  0.574923E+12 0.289690E+12
   459.26000  0.591714E+12 0.297046E+12
   459.51000  0.609116E+12 0.304647E+12
   459.76000  0.627154E+12 0.312503E+12
   460.01000  0.645855E+12 0.320623E+12
   460.26000  0.665247E+12 0.329017E+12
   460.51000  0.685359E+12 0.337696E+12
   460.76000  0.706220E+12 0.346672E+12
   461.01000  0.727863E+12 0.355955E+12
   461.26000  0.750319E+12 0.365558E+12
   461.51000  0.773623E+12 0.375492E+12
   461.76000  0.797810E+12 0.385770E+12
   462.01000  0.822917E+12 0.396406E+12
   462.26000  0.848980E+12 0.407411E+12
   462.51000  0.876039E+12 0.418801E+12
   462.76000  0.904135E+12 0.430589E+12
   463.01000  0.933308E+12 0.442789E+12
   463.26000  0.963601E+12 0.455416E+12
   463.51000  0.995058E+12 0.468484E+12
   463.76000  0.102772E+13 0.482009E+12
   464.01000  0.106164E+13 0.496006E+12
   464.26000  0.109686E+13 0.510490E+12
   464.51000  0.113343E+13 0.525476E+12
   464.76000  0.117139E+13 0.540979E+12
   465.01000  0.121080E+13 0.557013E+12
   465.26000  0.125169E+13 0.573593E+12
   465.51000  0.129412E+13 0.590732E+12
   465.76000  0.133813E+13 0.608444E+12
   466.00000  0.139499E+13 0.630636E+12
   466.01000  0.138376E+13 0.626741E+12
   466.26000  0.143106E+13 0.645632E+12
   466.51000  0.148007E+13 0.665128E+12
   466.76000  0.153082E+13 0.685236E+12
   467.01000  0.158334E+13 0.705961E+12
   467.26000  0.163767E+13 0.727307E+12
   467.51000  0.169381E+13 0.749273E+12
   467.76000  0.175179E+13 0.771857E+12
   468.01000  0.181161E+13 0.795052E+12
   468.26000  0.187327E+13 0.818845E+12
   468.51000  0.193674E+13 0.843222E+12
   468.76000  0.200199E+13 0.868160E+12
   469.01000  0.206900E+13 0.893632E+12
   469.26000  0.213768E+13 0.919604E+12
   469.51000  0.220797E+13 0.946034E+12
   469.76000  0.227977E+13 0.972873E+12
   470.01000  0.235296E+13 0.100006E+13
   470.26000  0.242739E+13 0.102754E+13
   470.51000  0.250290E+13 0.105522E+13
   470.76000  0.257929E+13 0.108302E+13
   471.01000  0.265634E+13 0.111084E+13
   471.26000  0.273380E+13 0.113859E+13
   471.51000  0.281140E+13 0.116613E+13
   471.76000  0.288882E+13 0.119335E+13
   472.01000  0.296573E+13 0.122011E+13
   472.26000  0.304176E+13 0.124626E+13
   472.51000  0.311655E+13 0.127165E+13
   472.76000  0.318967E+13 0.129613E+13
   473.01000  0.326072E+13 0.131953E+13
   473.26000  0.332924E+13 0.134169E+13
   473.51000  0.339482E+13 0.136244E+13
   473.76000  0.345700E+13 0.138163E+13
   474.00000  0.353396E+13 0.140374E+13
   474.01000  0.351535E+13 0.139911E+13
   474.26000  0.356945E+13 0.141472E+13
   474.51000  0.361892E+13 0.142833E+13
   474.76000  0.366338E+13 0.143982E+13
   475.01000  0.370250E+13 0.144909E+13
   475.26000  0.373601E+13 0.145605E+13
   475.51000  0.376365E+13 0.146064E+13
   475.76000  0.378526E+13 0.146282E+13
   476.01000  0.380071E+13 0.146258E+13
   476.26000  0.380995E+13 0.145991E+13
   476.51000  0.381296E+13 0.145485E+13
   476.76000  0.380981E+13 0.144746E+13
   477.01000  0.380063E+13 0.143780E+13
   477.26000  0.378558E+13 0.142598E+13
   477.51000  0.376489E+13 0.141211E+13
   477.76000  0.373882E+13 0.139630E+13
   478.01000  0.370770E+13 0.137871E+13
   478.26000  0.367184E+13 0.135949E+13
   478.51000  0.363162E+13 0.133878E+13
   478.76000  0.358742E+13 0.131675E+13
   479.01000  0.353963E+13 0.129356E+13
   479.26000  0.348864E+13 0.126938E+13
   479.51000  0.343484E+13 0.124435E+13
   479.76000  0.337862E+13 0.121863E+13
   480.01000  0.332036E+13 0.119236E+13
   480.26000  0.326041E+13 0.116569E+13
   480.51000  0.319911E+13 0.113874E+13
   480.76000  0.313679E+13 0.111162E+13
   481.01000  0.307375E+13 0.108446E+13
   481.26000  0.301025E+13 0.105735E+13
   481.51000  0.294655E+13 0.103038E+13
   481.76000  0.288289E+13 0.100363E+13
   482.00000  0.280591E+13 0.970445E+12
   482.01000  0.281946E+13 0.977163E+12
   482.26000  0.275645E+13 0.951051E+12
   482.51000  0.269402E+13 0.925342E+12
   482.76000  0.263231E+13 0.900083E+12
   483.01000  0.257145E+13 0.875311E+12
   483.26000  0.251154E+13 0.851056E+12
   483.51000  0.245266E+13 0.827344E+12
   483.76000  0.239489E+13 0.804193E+12
   484.01000  0.233830E+13 0.781619E+12
   484.26000  0.228292E+13 0.759630E+12
   484.51000  0.222880E+13 0.738233E+12
   484.76000  0.217595E+13 0.717429E+12
   485.01000  0.212441E+13 0.697219E+12
   485.26000  0.207416E+13 0.677599E+12
   485.51000  0.202523E+13 0.658563E+12
   485.76000  0.197761E+13 0.640104E+12
   486.01000  0.193128E+13 0.622213E+12
   486.26000  0.188624E+13 0.604880E+12
   486.51000  0.184247E+13 0.588093E+12
   486.76000  0.179995E+13 0.571840E+12
   487.01000  0.175866E+13 0.556108E+12
   487.26000  0.171857E+13 0.540884E+12
   487.51000  0.167966E+13 0.526154E+12
   487.76000  0.164190E+13 0.511903E+12
   488.01000  0.160527E+13 0.498118E+12
   488.26000  0.156973E+13 0.484785E+12
   488.51000  0.153526E+13 0.471888E+12
   488.76000  0.150182E+13 0.459415E+12
   489.01000  0.146939E+13 0.447350E+12
   489.26000  0.143794E+13 0.435682E+12
   489.51000  0.140743E+13 0.424395E+12
   489.76000  0.137784E+13 0.413477E+12
   490.00000  0.134176E+13 0.399829E+12
   490.01000  0.134915E+13 0.402915E+12
   490.26000  0.132131E+13 0.392697E+12
   490.51000  0.129431E+13 0.382810E+12
   490.76000  0.126811E+13 0.373242E+12
   491.01000  0.124269E+13 0.363982E+12
   491.26000  0.121803E+13 0.355019E+12
   491.51000  0.119410E+13 0.346342E+12
   491.76000  0.117087E+13 0.337941E+12
   492.01000  0.114833E+13 0.329805E+12
   492.26000  0.112644E+13 0.321925E+12
   492.51000  0.110519E+13 0.314292E+12
   492.76000  0.108455E+13 0.306896E+12
   493.01000  0.106450E+13 0.299729E+12
   493.26000  0.104503E+13 0.292783E+12
   493.51000  0.102611E+13 0.286048E+12
   493.76000  0.100773E+13 0.279519E+12
   494.01000  0.989866E+12 0.273187E+12
   494.26000  0.972500E+12 0.267044E+12
   494.51000  0.955615E+12 0.261085E+12
   494.76000  0.939197E+12 0.255303E+12
   495.01000  0.923229E+12 0.249691E+12
   495.26000  0.907696E+12 0.244243E+12
   495.51000  0.892583E+12 0.238953E+12
   495.76000  0.877877E+12 0.233816E+12
   496.01000  0.863563E+12 0.228826E+12
   496.26000  0.849630E+12 0.223978E+12
   496.51000  0.836063E+12 0.219267E+12
   496.76000  0.822852E+12 0.214689E+12
   497.01000  0.809984E+12 0.210238E+12
   497.26000  0.797448E+12 0.205910E+12
   497.51000  0.785233E+12 0.201701E+12
   497.76000  0.773330E+12 0.197608E+12
   498.00000  0.758379E+12 0.192322E+12
   498.01000  0.761727E+12 0.193625E+12
   498.26000  0.750416E+12 0.189749E+12
   498.51000  0.739386E+12 0.185977E+12
   498.76000  0.728630E+12 0.182305E+12
   499.01000  0.718138E+12 0.178730E+12
   499.26000  0.707902E+12 0.175248E+12
   499.51000  0.697914E+12 0.171857E+12
   499.76000  0.688166E+12 0.168554E+12
   500.01000  0.678652E+12 0.165335E+12
   500.26000  0.669363E+12 0.162197E+12
   500.51000  0.660292E+12 0.159139E+12
   500.76000  0.651434E+12 0.156158E+12
   501.01000  0.642782E+12 0.153251E+12
   501.26000  0.634329E+12 0.150416E+12
   501.51000  0.626070E+12 0.147651E+12
   501.76000  0.617998E+12 0.144953E+12
   502.01000  0.610109E+12 0.142320E+12
   502.26000  0.602396E+12 0.139751E+12
   502.51000  0.594856E+12 0.137243E+12
   502.76000  0.587482E+12 0.134794E+12
   503.01000  0.580270E+12 0.132403E+12
   503.26000  0.573215E+12 0.130068E+12
   503.51000  0.566312E+12 0.127788E+12
   503.76000  0.559559E+12 0.125559E+12
   504.01000  0.552949E+12 0.123382E+12
   504.26000  0.546480E+12 0.121255E+12
   504.51000  0.540147E+12 0.119176E+12
   504.76000  0.533946E+12 0.117143E+12
   505.01000  0.527874E+12 0.115156E+12
   505.26000  0.521928E+12 0.113212E+12
   505.51000  0.516103E+12 0.111312E+12
   505.76000  0.510397E+12 0.109453E+12
   506.00000  0.503024E+12 0.106984E+12
   506.01000  0.504807E+12 0.107634E+12
   506.26000  0.499329E+12 0.105855E+12
   506.51000  0.493960E+12 0.104113E+12
   506.76000  0.488697E+12 0.102409E+12
   507.01000  0.483538E+12 0.100741E+12
   507.26000  0.478480E+12 0.991081E+11
   507.51000  0.473520E+12 0.975091E+11
   507.76000  0.468657E+12 0.959433E+11
   508.01000  0.463886E+12 0.944098E+11
   508.26000  0.459206E+12 0.929077E+11
   508.51000  0.454615E+12 0.914362E+11
   508.76000  0.450110E+12 0.899944E+11
   509.01000  0.445690E+12 0.885816E+11
   509.26000  0.441352E+12 0.871971E+11
   509.51000  0.437093E+12 0.858400E+11
   509.76000  0.432913E+12 0.845097E+11
   510.01000  0.428809E+12 0.832055E+11
   510.26000  0.424779E+12 0.819267E+11
   510.51000  0.420822E+12 0.806726E+11
   510.76000  0.416936E+12 0.794427E+11
   511.01000  0.413119E+12 0.782363E+11
   511.26000  0.409369E+12 0.770529E+11
   511.51000  0.405685E+12 0.758919E+11
   511.76000  0.402065E+12 0.747526E+11
   512.01000  0.398508E+12 0.736347E+11
   512.26000  0.395013E+12 0.725375E+11
   512.51000  0.391577E+12 0.714606E+11
   512.76000  0.388200E+12 0.704034E+11
   513.01000  0.384880E+12 0.693655E+11
   513.26000  0.381616E+12 0.683465E+11
   513.51000  0.378406E+12 0.673458E+11
   513.76000  0.375250E+12 0.663631E+11
   514.00000  0.371058E+12 0.650285E+11
   514.01000  0.372146E+12 0.653979E+11
   514.26000  0.369093E+12 0.644498E+11
   514.51000  0.366091E+12 0.635185E+11
   514.76000  0.363136E+12 0.626035E+11
   515.01000  0.360230E+12 0.617044E+11
   515.26000  0.357370E+12 0.608209E+11
   515.51000  0.354556E+12 0.599527E+11
   515.76000  0.351787E+12 0.590994E+11
   516.01000  0.349061E+12 0.582606E+11
   516.26000  0.346379E+12 0.574360E+11
   516.51000  0.343738E+12 0.566254E+11
   516.76000  0.341138E+12 0.558284E+11
   517.01000  0.338578E+12 0.550446E+11
   517.26000  0.336058E+12 0.542739E+11
   517.51000  0.333576E+12 0.535160E+11
   517.76000  0.331132E+12 0.527705E+11
   518.01000  0.328724E+12 0.520371E+11
   518.26000  0.326353E+12 0.513157E+11
   518.51000  0.324017E+12 0.506060E+11
   518.76000  0.321716E+12 0.499077E+11
   519.01000  0.319450E+12 0.492206E+11
   519.26000  0.317216E+12 0.485444E+11
   519.51000  0.315015E+12 0.478790E+11
   519.76000  0.312846E+12 0.472240E+11
   522.00000  0.293935E+12 0.415393E+11
   530.00000  0.244721E+12 0.271431E+11
   538.00000  0.211218E+12 0.177555E+11
   546.00000  0.187257E+12 0.113865E+11
   554.00000  0.169436E+12 0.698052E+10
   562.00000  0.155746E+12 0.394019E+10
   570.00000  0.144936E+12 0.191023E+10
   578.00000  0.136189E+12 0.670804E+09
   586.00000  0.128951E+12 0.816152E+08
   596.00000  0.121446E+12 0.122396E+09
   606.00000  0.115175E+12 0.920826E+09
   616.00000  0.109777E+12 0.240228E+10
   626.00000  0.105000E+12 0.451558E+10
   636.00000  0.100662E+12 0.722204E+10
   646.00000  0.966319E+11 0.104887E+11
   656.00000  0.928153E+11 0.142843E+11
   666.00000  0.891430E+11 0.185767E+11
   676.00000  0.855654E+11 0.233315E+11
   686.00000  0.820480E+11 0.285116E+11
   696.00000  0.785679E+11 0.340766E+11
   706.00000  0.751113E+11 0.399836E+11
   716.00000  0.716714E+11 0.461873E+11
   726.00000  0.682464E+11 0.526408E+11
   736.00000  0.648386E+11 0.592960E+11
   746.00000  0.614531E+11 0.661046E+11
   756.00000  0.580971E+11 0.730189E+11
   766.00000  0.547791E+11 0.799923E+11
   776.00000  0.515086E+11 0.869801E+11
   786.00000  0.482949E+11 0.939396E+11
   796.00000  0.451476E+11 0.100831E+12
   806.00000  0.420756E+11 0.107617E+12
   816.00000  0.390872E+11 0.114263E+12
   826.00000  0.361900E+11 0.120739E+12
   836.00000  0.333909E+11 0.127018E+12
   846.00000  0.306958E+11 0.133075E+12
   856.00000  0.281096E+11 0.138888E+12
   866.00000  0.256363E+11 0.144441E+12
   876.00000  0.232791E+11 0.149717E+12
   886.00000  0.210404E+11 0.154703E+12
   896.00000  0.189218E+11 0.159389E+12
   906.00000  0.169242E+11 0.163768E+12
   916.00000  0.150479E+11 0.167833E+12
   926.00000  0.132926E+11 0.171581E+12
   936.00000  0.116575E+11 0.175009E+12
   946.00000  0.101415E+11 0.178116E+12
   956.00000  0.874275E+10 0.180904E+12
   966.00000  0.745941E+10 0.183374E+12
   976.00000  0.628920E+10 0.185530E+12
   986.00000  0.522961E+10 0.187377E+12
   996.00000  0.427790E+10 0.188920E+12
  1006.00000  0.343117E+10 0.190165E+12
  1016.00000  0.268635E+10 0.191119E+12
  1026.00000  0.204027E+10 0.191789E+12
  1036.00000  0.148965E+10 0.192184E+12
  1046.00000  0.103117E+10 0.192313E+12
  1056.00000  0.661429E+09 0.192183E+12
  1066.00000  0.376999E+09 0.191805E+12
  1076.00000  0.174438E+09 0.191188E+12
  1086.00000  0.503002E+08 0.190342E+12
  1096.00000  0.114815E+07 0.189276E+12
  1106.00000  0.235626E+08 0.187999E+12
  1116.00000  0.114152E+09 0.186523E+12
  1126.00000  0.269559E+09 0.184857E+12
  1136.00000  0.486471E+09 0.183011E+12
  1146.00000  0.761621E+09 0.180995E+12
  1156.00000  0.109179E+10 0.178819E+12
  1166.00000  0.147383E+10 0.176492E+12
  1176.00000  0.190464E+10 0.174024E+12
  1186.00000  0.238118E+10 0.171424E+12
  1196.00000  0.290048E+10 0.168703E+12
  1206.00000  0.345964E+10 0.165868E+12
  1216.00000  0.405584E+10 0.162930E+12
  1226.00000  0.468632E+10 0.159898E+12
  1236.00000  0.534839E+10 0.156779E+12
  1246.00000  0.603943E+10 0.153583E+12
  1256.00000  0.675692E+10 0.150317E+12
  1266.00000  0.749837E+10 0.146990E+12
  1276.00000  0.826142E+10 0.143610E+12
  1286.00000  0.904374E+10 0.140184E+12
  1296.00000  0.984310E+10 0.136719E+12
  1306.00000  0.106573E+11 0.133223E+12
  1316.00000  0.114844E+11 0.129703E+12
  1326.00000  0.123222E+11 0.126164E+12
  1336.00000  0.131688E+11 0.122614E+12
  1346.00000  0.140224E+11 0.119059E+12
  1356.00000  0.148812E+11 0.115503E+12
  1366.00000  0.157434E+11 0.111953E+12
  1376.00000  0.166073E+11 0.108415E+12
  1386.00000  0.174714E+11 0.104892E+12
  1396.00000  0.183342E+11 0.101391E+12
  1406.00000  0.191942E+11 0.979151E+11
  1416.00000  0.200500E+11 0.944693E+11
  1426.00000  0.209003E+11 0.910575E+11
  1436.00000  0.217438E+11 0.876836E+11
  1446.00000  0.225792E+11 0.843512E+11
  1456.00000  0.234056E+11 0.810638E+11
  1466.00000  0.242217E+11 0.778247E+11
  1476.00000  0.250266E+11 0.746368E+11
  1486.00000  0.258193E+11 0.715029E+11
  1496.00000  0.265989E+11 0.684257E+11
  1506.00000  0.273645E+11 0.654074E+11
  1516.00000  0.281154E+11 0.624504E+11
  1526.00000  0.288509E+11 0.595565E+11
  1536.00000  0.295701E+11 0.567275E+11
  1546.00000  0.302725E+11 0.539652E+11
  1556.00000  0.309575E+11 0.512709E+11
  1566.00000  0.316245E+11 0.486459E+11
  1576.00000  0.322731E+11 0.460914E+11
  1586.00000  0.329028E+11 0.436083E+11
  1596.00000  0.335131E+11 0.411974E+11
  1606.00000  0.341038E+11 0.388594E+11
  1616.00000  0.346744E+11 0.365947E+11
  1626.00000  0.352246E+11 0.344037E+11
  1636.00000  0.357543E+11 0.322867E+11
  1646.00000  0.362632E+11 0.302438E+11
  1656.00000  0.367510E+11 0.282749E+11
  1666.00000  0.372177E+11 0.263801E+11
  1676.00000  0.376631E+11 0.245590E+11
  1686.00000  0.380872E+11 0.228113E+11
  1696.00000  0.384898E+11 0.211367E+11
  1706.00000  0.388710E+11 0.195345E+11
  1716.00000  0.392308E+11 0.180042E+11
  1726.00000  0.395690E+11 0.165451E+11
  1736.00000  0.398859E+11 0.151564E+11
  1746.00000  0.401814E+11 0.138373E+11
  1756.00000  0.404558E+11 0.125869E+11
  1766.00000  0.407090E+11 0.114043E+11
  1776.00000  0.409413E+11 0.102883E+11
  1786.00000  0.411528E+11 0.923798E+10
  1796.00000  0.413436E+11 0.825209E+10
  1806.00000  0.415141E+11 0.732949E+10
  1816.00000  0.416644E+11 0.646894E+10
  1826.00000  0.417947E+11 0.566917E+10
  1836.00000  0.419053E+11 0.492888E+10
  1846.00000  0.419965E+11 0.424672E+10
  1856.00000  0.420685E+11 0.362133E+10
  1866.00000  0.421216E+11 0.305131E+10
  1876.00000  0.421561E+11 0.253525E+10
  1886.00000  0.421724E+11 0.207170E+10
  1896.00000  0.421707E+11 0.165922E+10
  1906.00000  0.421515E+11 0.129634E+10
  1916.00000  0.421150E+11 0.981570E+09
  1926.00000  0.420615E+11 0.713429E+09
  1936.00000  0.419915E+11 0.490423E+09
  1946.00000  0.419052E+11 0.311055E+09
  1956.00000  0.418031E+11 0.173827E+09
  1966.00000  0.416856E+11 0.772419E+08
  1976.00000  0.415529E+11 0.198055E+08
  1986.00000  0.414055E+11 0.287429E+05
  1996.00000  0.412438E+11 0.164294E+08
  2006.00000  0.410682E+11 0.675341E+08
  2016.00000  0.408790E+11 0.151880E+09
  2026.00000  0.406766E+11 0.268016E+09
  2036.00000  0.404615E+11 0.414504E+09
  2046.00000  0.402340E+11 0.589923E+09
  2056.00000  0.399944E+11 0.792865E+09
  2066.00000  0.397433E+11 0.102194E+10
  2076.00000  0.394810E+11 0.127578E+10
  2086.00000  0.392079E+11 0.155304E+10
  2096.00000  0.389244E+11 0.185238E+10
  2106.00000  0.386309E+11 0.217250E+10
  2116.00000  0.383277E+11 0.251212E+10
  2126.00000  0.380154E+11 0.286996E+10
  2136.00000  0.376941E+11 0.324481E+10
  2146.00000  0.373644E+11 0.363543E+10
  2156.00000  0.370266E+11 0.404065E+10
  2166.00000  0.366811E+11 0.445930E+10
  2176.00000  0.363282E+11 0.489025E+10
  2186.00000  0.359684E+11 0.533240E+10
  2196.00000  0.356019E+11 0.578466E+10
  2206.00000  0.352292E+11 0.624598E+10
  2216.00000  0.348506E+11 0.671533E+10
  2226.00000  0.344664E+11 0.719172E+10
  2236.00000  0.340771E+11 0.767418E+10
  2246.00000  0.336828E+11 0.816177E+10
  2256.00000  0.332840E+11 0.865358E+10
  2266.00000  0.328811E+11 0.914871E+10
  2276.00000  0.324742E+11 0.964632E+10
  2286.00000  0.320637E+11 0.101456E+11
  2296.00000  0.316500E+11 0.106457E+11
  2306.00000  0.312333E+11 0.111458E+11
  2316.00000  0.308139E+11 0.116453E+11
  2326.00000  0.303922E+11 0.121435E+11
  2336.00000  0.299684E+11 0.126395E+11
  2346.00000  0.295428E+11 0.131328E+11
  2356.00000  0.291157E+11 0.136227E+11
  2366.00000  0.286873E+11 0.141087E+11
  2376.00000  0.282579E+11 0.145901E+11
  2386.00000  0.278277E+11 0.150664E+11
  2396.00000  0.273971E+11 0.155370E+11
  2406.00000  0.269662E+11 0.160015E+11
  2416.00000  0.265353E+11 0.164593E+11
  2426.00000  0.261046E+11 0.169101E+11
  2436.00000  0.256743E+11 0.173534E+11
  2446.00000  0.252447E+11 0.177887E+11
  2456.00000  0.248160E+11 0.182158E+11
  2466.00000  0.243884E+11 0.186341E+11
  2476.00000  0.239620E+11 0.190435E+11
  2486.00000  0.235371E+11 0.194436E+11
  2496.00000  0.231138E+11 0.198341E+11
  2506.00000  0.226924E+11 0.202147E+11
  2516.00000  0.222730E+11 0.205852E+11
  2526.00000  0.218558E+11 0.209453E+11
  2536.00000  0.214409E+11 0.212948E+11
  2546.00000  0.210284E+11 0.216336E+11
  2556.00000  0.206187E+11 0.219614E+11
  2566.00000  0.202117E+11 0.222782E+11
  2576.00000  0.198076E+11 0.225837E+11
  2586.00000  0.194067E+11 0.228778E+11
  2596.00000  0.190089E+11 0.231606E+11
  2606.00000  0.186144E+11 0.234317E+11
  2616.00000  0.182233E+11 0.236913E+11
  2626.00000  0.178357E+11 0.239391E+11
  2636.00000  0.174518E+11 0.241753E+11
  2646.00000  0.170717E+11 0.243997E+11
  2656.00000  0.166953E+11 0.246123E+11
  2666.00000  0.163229E+11 0.248132E+11
  2676.00000  0.159545E+11 0.250023E+11
  2686.00000  0.155902E+11 0.251797E+11
  2696.00000  0.152300E+11 0.253454E+11
  2706.00000  0.148741E+11 0.254994E+11
  2716.00000  0.145225E+11 0.256418E+11
  2726.00000  0.141752E+11 0.257727E+11
  2736.00000  0.138323E+11 0.258922E+11
  2746.00000  0.134939E+11 0.260002E+11
  2756.00000  0.131601E+11 0.260971E+11
  2766.00000  0.128308E+11 0.261827E+11
  2776.00000  0.125060E+11 0.262573E+11
  2786.00000  0.121860E+11 0.263209E+11
  2796.00000  0.118706E+11 0.263738E+11
  2806.00000  0.115599E+11 0.264160E+11
  2816.00000  0.112539E+11 0.264476E+11
  2826.00000  0.109527E+11 0.264689E+11
  2836.00000  0.106562E+11 0.264799E+11
  2846.00000  0.103645E+11 0.264809E+11
  2856.00000  0.100776E+11 0.264720E+11
  2866.00000  0.979554E+10 0.264534E+11
  2876.00000  0.951826E+10 0.264252E+11
  2886.00000  0.924578E+10 0.263876E+11
  2896.00000  0.897811E+10 0.263408E+11
  2906.00000  0.871525E+10 0.262851E+11
  2916.00000  0.845718E+10 0.262205E+11
  2926.00000  0.820390E+10 0.261472E+11
  2936.00000  0.795540E+10 0.260656E+11
  2946.00000  0.771166E+10 0.259757E+11
  2956.00000  0.747267E+10 0.258778E+11
  2966.00000  0.723841E+10 0.257720E+11
  2976.00000  0.700885E+10 0.256586E+11
  2986.00000  0.678398E+10 0.255378E+11
  2996.00000  0.656377E+10 0.254097E+11
  3006.00000  0.634819E+10 0.252746E+11
  3016.00000  0.613721E+10 0.251327E+11
  3026.00000  0.593080E+10 0.249842E+11
  3036.00000  0.572894E+10 0.248293E+11
  3046.00000  0.553157E+10 0.246682E+11
  3056.00000  0.533868E+10 0.245010E+11
  3066.00000  0.515022E+10 0.243281E+11
  3076.00000  0.496616E+10 0.241497E+11
  3086.00000  0.478644E+10 0.239658E+11
  3096.00000  0.461104E+10 0.237768E+11
  3106.00000  0.443992E+10 0.235828E+11
  3116.00000  0.427301E+10 0.233840E+11
  3126.00000  0.411029E+10 0.231807E+11
  3136.00000  0.395170E+10 0.229730E+11
  3146.00000  0.379720E+10 0.227611E+11
  3156.00000  0.364674E+10 0.225453E+11
  3166.00000  0.350027E+10 0.223256E+11
  3176.00000  0.335774E+10 0.221024E+11
  3186.00000  0.321911E+10 0.218758E+11
  3196.00000  0.308431E+10 0.216459E+11
  3206.00000  0.295331E+10 0.214130E+11
  3216.00000  0.282604E+10 0.211773E+11
  3226.00000  0.270245E+10 0.209389E+11
  3236.00000  0.258250E+10 0.206980E+11
  3246.00000  0.246612E+10 0.204548E+11
  3256.00000  0.235327E+10 0.202094E+11
  3266.00000  0.224389E+10 0.199621E+11
  3276.00000  0.213792E+10 0.197130E+11
  3286.00000  0.203531E+10 0.194622E+11
  3296.00000  0.193600E+10 0.192099E+11
  3306.00000  0.183994E+10 0.189563E+11
  3316.00000  0.174707E+10 0.187016E+11
  3326.00000  0.165735E+10 0.184458E+11
  3336.00000  0.157070E+10 0.181891E+11
  3346.00000  0.148708E+10 0.179318E+11
  3356.00000  0.140642E+10 0.176738E+11
  3366.00000  0.132869E+10 0.174154E+11
  3376.00000  0.125381E+10 0.171567E+11
  3386.00000  0.118173E+10 0.168978E+11
  3396.00000  0.111241E+10 0.166389E+11
  3406.00000  0.104577E+10 0.163801E+11
  3416.00000  0.981778E+09 0.161214E+11
  3426.00000  0.920365E+09 0.158631E+11
  3436.00000  0.861480E+09 0.156053E+11
  3446.00000  0.805070E+09 0.153480E+11
  3456.00000  0.751080E+09 0.150913E+11
  3466.00000  0.699457E+09 0.148354E+11
  3476.00000  0.650148E+09 0.145805E+11
  3486.00000  0.603100E+09 0.143264E+11
  3496.00000  0.558261E+09 0.140735E+11
  3506.00000  0.515577E+09 0.138217E+11
  3516.00000  0.474999E+09 0.135712E+11
  3526.00000  0.436474E+09 0.133221E+11
  3536.00000  0.399952E+09 0.130744E+11
  3546.00000  0.365382E+09 0.128282E+11
  3556.00000  0.332716E+09 0.125836E+11
  3566.00000  0.301903E+09 0.123407E+11
  3576.00000  0.272895E+09 0.120995E+11
  3586.00000  0.245643E+09 0.118602E+11
  3596.00000  0.220101E+09 0.116227E+11
  3606.00000  0.196221E+09 0.113872E+11
  3616.00000  0.173956E+09 0.111537E+11
  3626.00000  0.153260E+09 0.109223E+11
  3636.00000  0.134089E+09 0.106930E+11
  3646.00000  0.116397E+09 0.104659E+11
  3656.00000  0.100141E+09 0.102411E+11
  3666.00000  0.852761E+08 0.100185E+11
  3676.00000  0.717601E+08 0.979827E+10
  3686.00000  0.595504E+08 0.958041E+10
  3696.00000  0.486055E+08 0.936497E+10
  3706.00000  0.388842E+08 0.915199E+10
  3716.00000  0.303462E+08 0.894149E+10
  3726.00000  0.229517E+08 0.873353E+10
  3736.00000  0.166615E+08 0.852812E+10
  3746.00000  0.114371E+08 0.832530E+10
  3756.00000  0.724061E+07 0.812509E+10
  3766.00000  0.403494E+07 0.792753E+10
  3776.00000  0.178347E+07 0.773263E+10
  3786.00000  0.450325E+06 0.754041E+10
  3796.00000  0.239145E+03 0.735089E+10
  3806.00000  0.398619E+06 0.716409E+10
  3816.00000  0.161152E+07 0.698003E+10
  3826.00000  0.360563E+07 0.679871E+10
  3836.00000  0.634832E+07 0.662015E+10
  3846.00000  0.980758E+07 0.644436E+10
  3856.00000  0.139520E+08 0.627134E+10
  3866.00000  0.187510E+08 0.610110E+10
  3876.00000  0.241744E+08 0.593364E+10
  3886.00000  0.301927E+08 0.576897E+10
  3896.00000  0.367773E+08 0.560709E+10
  3906.00000  0.438998E+08 0.544799E+10
  3916.00000  0.515328E+08 0.529167E+10
  3926.00000  0.596493E+08 0.513814E+10
  3936.00000  0.682230E+08 0.498738E+10
  3946.00000  0.772282E+08 0.483939E+10
  3956.00000  0.866399E+08 0.469416E+10
  3966.00000  0.964335E+08 0.455168E+10
  3976.00000  0.106585E+09 0.441195E+10
  3986.00000  0.117072E+09 0.427495E+10
  3996.00000  0.127870E+09 0.414066E+10
  4006.00000  0.138959E+09 0.400908E+10
  4016.00000  0.150315E+09 0.388018E+10
  4026.00000  0.161920E+09 0.375397E+10
  4036.00000  0.173751E+09 0.363040E+10
  4046.00000  0.185789E+09 0.350948E+10
  4056.00000  0.198015E+09 0.339118E+10
  4066.00000  0.210411E+09 0.327547E+10
  4076.00000  0.222957E+09 0.316235E+10
  4086.00000  0.235636E+09 0.305179E+10
  4096.00000  0.248432E+09 0.294377E+10
  4106.00000  0.261326E+09 0.283826E+10
  4116.00000  0.274304E+09 0.273524E+10
  4126.00000  0.287350E+09 0.263469E+10
  4136.00000  0.300448E+09 0.253659E+10
  4146.00000  0.313583E+09 0.244090E+10
  4156.00000  0.326743E+09 0.234760E+10
  4166.00000  0.339912E+09 0.225667E+10
  4176.00000  0.353078E+09 0.216808E+10
  4186.00000  0.366228E+09 0.208180E+10
  4196.00000  0.379349E+09 0.199781E+10
  4206.00000  0.392430E+09 0.191606E+10
  4216.00000  0.405460E+09 0.183655E+10
  4226.00000  0.418426E+09 0.175923E+10
  4236.00000  0.431320E+09 0.168409E+10
  4246.00000  0.444130E+09 0.161108E+10
  4256.00000  0.456846E+09 0.154018E+10
  4266.00000  0.469460E+09 0.147136E+10
  4276.00000  0.481962E+09 0.140459E+10
  4286.00000  0.494344E+09 0.133984E+10
  4296.00000  0.506597E+09 0.127707E+10
  4306.00000  0.518714E+09 0.121627E+10
  4316.00000  0.530687E+09 0.115738E+10
  4326.00000  0.542510E+09 0.110040E+10
  4336.00000  0.554174E+09 0.104528E+10
  4346.00000  0.565674E+09 0.991985E+09
  4356.00000  0.577004E+09 0.940496E+09
  4366.00000  0.588157E+09 0.890777E+09
  4376.00000  0.599129E+09 0.842796E+09
  4386.00000  0.609913E+09 0.796523E+09
  4396.00000  0.620506E+09 0.751926E+09
  4406.00000  0.630903E+09 0.708973E+09
  4416.00000  0.641099E+09 0.667634E+09
  4426.00000  0.651090E+09 0.627878E+09
  4436.00000  0.660873E+09 0.589672E+09
  4446.00000  0.670444E+09 0.552988E+09
  4456.00000  0.679800E+09 0.517792E+09
  4466.00000  0.688938E+09 0.484056E+09
  4476.00000  0.697855E+09 0.451748E+09
  4486.00000  0.706549E+09 0.420838E+09
  4511.00000  0.727294E+09 0.349482E+09
  4536.00000  0.746601E+09 0.286208E+09
  4561.00000  0.764451E+09 0.230559E+09
  4586.00000  0.780831E+09 0.182085E+09
  4611.00000  0.795735E+09 0.140346E+09
  4636.00000  0.809165E+09 0.104915E+09
  4661.00000  0.821128E+09 0.753733E+08
  4686.00000  0.831637E+09 0.513173E+08
  4711.00000  0.840709E+09 0.323542E+08
  4736.00000  0.848366E+09 0.181046E+08
  4761.00000  0.854636E+09 0.820238E+07
  4786.00000  0.859548E+09 0.229480E+07
  4811.00000  0.863136E+09 0.429605E+05
  4836.00000  0.865437E+09 0.112178E+07
  4861.00000  0.866489E+09 0.522006E+07
  4886.00000  0.866334E+09 0.120405E+08
  4911.00000  0.865015E+09 0.212998E+08
  4936.00000  0.862577E+09 0.327282E+08
  4961.00000  0.859066E+09 0.460697E+08
  4986.00000  0.854529E+09 0.610820E+08
  5011.00000  0.849014E+09 0.775359E+08
  5036.00000  0.842570E+09 0.952152E+08
  5061.00000  0.835246E+09 0.113917E+09
  5086.00000  0.827090E+09 0.133450E+09
  5111.00000  0.818152E+09 0.153635E+09
  5136.00000  0.808481E+09 0.174307E+09
  5161.00000  0.798124E+09 0.195311E+09
  5186.00000  0.787130E+09 0.216501E+09
  5211.00000  0.775546E+09 0.237746E+09
  5236.00000  0.763418E+09 0.258922E+09
  5261.00000  0.750792E+09 0.279917E+09
  5286.00000  0.737711E+09 0.300629E+09
  5311.00000  0.724221E+09 0.320964E+09
  5336.00000  0.710363E+09 0.340837E+09
  5361.00000  0.696177E+09 0.360171E+09
  5386.00000  0.681705E+09 0.378900E+09
  5411.00000  0.666984E+09 0.396962E+09
  5436.00000  0.652051E+09 0.414305E+09
  5461.00000  0.636944E+09 0.430883E+09
  5511.00000  0.606339E+09 0.461592E+09
  5561.00000  0.575429E+09 0.488847E+09
  5611.00000  0.544448E+09 0.512492E+09
  5661.00000  0.513610E+09 0.532450E+09
  5711.00000  0.483105E+09 0.548712E+09
  5761.00000  0.453102E+09 0.561323E+09
  5811.00000  0.423747E+09 0.570378E+09
  5861.00000  0.395167E+09 0.576011E+09
  5911.00000  0.367470E+09 0.578389E+09
  5961.00000  0.340743E+09 0.577705E+09
  6011.00000  0.315061E+09 0.574169E+09
  6061.00000  0.290479E+09 0.568007E+09
  6111.00000  0.267039E+09 0.559453E+09
  6161.00000  0.244770E+09 0.548745E+09
  6211.00000  0.223690E+09 0.536123E+09
  6261.00000  0.203803E+09 0.521823E+09
  6311.00000  0.185106E+09 0.506078E+09
  6361.00000  0.167587E+09 0.489110E+09
  6411.00000  0.151227E+09 0.471134E+09
  6461.00000  0.135998E+09 0.452355E+09
  6511.00000  0.121871E+09 0.432963E+09
  6561.00000  0.108809E+09 0.413140E+09
  6611.00000  0.967728E+08 0.393050E+09
  6661.00000  0.857193E+08 0.372846E+09
  6711.00000  0.756037E+08 0.352667E+09
  6761.00000  0.663797E+08 0.332638E+09
  6811.00000  0.579998E+08 0.312872E+09
  6861.00000  0.504158E+08 0.293466E+09
  6911.00000  0.435796E+08 0.274507E+09
  6961.00000  0.374433E+08 0.256069E+09
  7011.00000  0.319597E+08 0.238215E+09
  7061.00000  0.270824E+08 0.220997E+09
  7111.00000  0.227666E+08 0.204457E+09
  7161.00000  0.189684E+08 0.188628E+09
  7211.00000  0.156460E+08 0.173533E+09
  7261.00000  0.127589E+08 0.159189E+09
  7311.00000  0.102687E+08 0.145605E+09
  7361.00000  0.813886E+07 0.132784E+09
  7411.00000  0.633469E+07 0.120722E+09
  7511.00000  0.357501E+07 0.988406E+08
  7611.00000  0.175273E+07 0.798449E+08
  7711.00000  0.662249E+06 0.635669E+08
  7811.00000  0.127952E+06 0.498016E+08
  7911.00000  0.222678E+04 0.383215E+08
  8011.00000  0.163085E+06 0.288876E+08
  8111.00000  0.511568E+06 0.212594E+08
  8211.00000  0.969063E+06 0.152019E+08
  8311.00000  0.147464E+07 0.104909E+08
  8411.00000  0.198249E+07 0.691769E+07
  8511.00000  0.245954E+07 0.429080E+07
  8611.00000  0.288321E+07 0.243797E+07
  8711.00000  0.323948E+07 0.120651E+07
  8811.00000  0.352109E+07 0.463211E+06
  8911.00000  0.372601E+07 0.935829E+05
  9011.00000  0.385615E+07 0.772508E+03
  9111.00000  0.391623E+07 0.104180E+06
  9211.00000  0.391289E+07 0.337922E+06
  9311.00000  0.385392E+07 0.649216E+06
  9411.00000  0.374765E+07 0.996757E+06
  9511.00000  0.360255E+07 0.134914E+07
  9611.00000  0.342682E+07 0.168335E+07
  9711.00000  0.322820E+07 0.198340E+07
  9811.00000  0.301376E+07 0.223902E+07
  9911.00000  0.278979E+07 0.244457E+07
 10011.00000  0.256180E+07 0.259802E+07
 10111.00000  0.233447E+07 0.270008E+07
 10211.00000  0.211166E+07 0.275349E+07
 10311.00000  0.189649E+07 0.276239E+07
 10411.00000  0.169138E+07 0.273179E+07
 10511.00000  0.149812E+07 0.266720E+07
 10611.00000  0.131793E+07 0.257430E+07
 10711.00000  0.115156E+07 0.245867E+07
 10811.00000  0.999343E+06 0.232561E+07
 10911.00000  0.861273E+06 0.218006E+07
 11011.00000  0.737065E+06 0.202644E+07
 11111.00000  0.626219E+06 0.186867E+07
 11211.00000  0.528071E+06 0.171013E+07
 11311.00000  0.441838E+06 0.155365E+07
 11411.00000  0.366657E+06 0.140154E+07
 11511.00000  0.301624E+06 0.125565E+07
 11611.00000  0.245814E+06 0.111736E+07
 11711.00000  0.198314E+06 0.987682E+06
 11811.00000  0.158232E+06 0.867268E+06
 11911.00000  0.124714E+06 0.756476E+06
 12011.00000  0.969577E+05 0.655417E+06
 12111.00000  0.742123E+05 0.563989E+06
 12211.00000  0.557888E+05 0.481931E+06
 12311.00000  0.410594E+05 0.408848E+06
 12411.00000  0.294580E+05 0.344254E+06
 12511.00000  0.204794E+05 0.287593E+06
 12611.00000  0.136768E+05 0.238268E+06
 12711.00000  0.865861E+04 0.195658E+06
 12811.00000  0.508487E+04 0.159142E+06
 12911.00000  0.266324E+04 0.128102E+06
 13011.00000  0.114482E+04 0.101946E+06
 13111.00000  0.319783E+03 0.801049E+05
 13211.00000  0.132349E+02 0.620471E+05
 13311.00000  0.811285E+02 0.472777E+05
 13411.00000  0.406405E+03 0.353422E+05
 13511.00000  0.895385E+03 0.258272E+05
 13611.00000  0.147444E+04 0.183605E+05
 13711.00000  0.208696E+04 0.126101E+05
 13811.00000  0.269060E+04 0.828227E+04
 13911.00000  0.325486E+04 0.511979E+04
 14011.00000  0.375893E+04 0.289922E+04
 14111.00000  0.418978E+04 0.142834E+04
 14211.00000  0.454058E+04 0.543394E+03
 14311.00000  0.480929E+04 0.106247E+03
 14411.00000  0.499746E+04 0.170106E+01
 14511.00000  0.510930E+04 0.134829E+03
 14611.00000  0.515081E+04 0.428470E+03
 14711.00000  0.512919E+04 0.820891E+03
 14811.00000  0.505225E+04 0.126361E+04
 14911.00000  0.492804E+04 0.171943E+04
 15011.00000  0.476453E+04 0.216064E+04
 15111.00000  0.456937E+04 0.256743E+04
 15211.00000  0.434969E+04 0.292643E+04
 15311.00000  0.411208E+04 0.322952E+04
 15411.00000  0.386241E+04 0.347274E+04
 15511.00000  0.360591E+04 0.365532E+04
 15611.00000  0.334710E+04 0.377895E+04
 15711.00000  0.308983E+04 0.384706E+04
 15811.00000  0.283730E+04 0.386430E+04
 15911.00000  0.259214E+04 0.383613E+04
 16011.00000  0.235642E+04 0.376836E+04
 16111.00000  0.213174E+04 0.366695E+04
 16211.00000  0.191926E+04 0.353777E+04
 16311.00000  0.171974E+04 0.338641E+04
 16411.00000  0.153366E+04 0.321810E+04
 16511.00000  0.136120E+04 0.303762E+04
 16611.00000  0.120230E+04 0.284924E+04
 16711.00000  0.105672E+04 0.265674E+04
 16811.00000  0.924098E+03 0.246335E+04
 16911.00000  0.803915E+03 0.227184E+04
 17011.00000  0.695581E+03 0.208449E+04
 17111.00000  0.598441E+03 0.190312E+04
 17211.00000  0.511801E+03 0.172920E+04
 17311.00000  0.434938E+03 0.156380E+04
 17411.00000  0.367125E+03 0.140770E+04
 17511.00000  0.307634E+03 0.126139E+04
 17611.00000  0.255754E+03 0.112515E+04
 17711.00000  0.210794E+03 0.999033E+03
 17811.00000  0.172091E+03 0.882957E+03
 17911.00000  0.139011E+03 0.776697E+03
 18011.00000  0.110958E+03 0.679929E+03
 18111.00000  0.873729E+02 0.592251E+03
 18211.00000  0.677330E+02 0.513204E+03
 18311.00000  0.515552E+02 0.442287E+03
 18411.00000  0.383951E+02 0.378981E+03
 18511.00000  0.278455E+02 0.322751E+03
 18611.00000  0.195361E+02 0.273061E+03
 18711.00000  0.131320E+02 0.229386E+03
 18811.00000  0.833221E+01 0.191211E+03
 18911.00000  0.486758E+01 0.158040E+03
 19011.00000  0.249943E+01 0.129399E+03
 19111.00000  0.101737E+01 0.104840E+03
 19311.00000  0.220623E-03 0.662964E+02
 19511.00000  0.626671E+00 0.393448E+02
 19711.00000  0.203773E+01 0.213492E+02
 19911.00000  0.364622E+01 0.100865E+02
 20111.00000  0.508215E+01 0.371683E+01
 20311.00000  0.614314E+01 0.748397E+00
 20511.00000  0.675050E+01 0.591395E-03
 20711.00000  0.691126E+01 0.566413E+00
 20911.00000  0.668671E+01 0.177541E+01
 21111.00000  0.616676E+01 0.315743E+01
 21311.00000  0.545069E+01 0.440752E+01
 21511.00000  0.463310E+01 0.535240E+01
 21711.00000  0.379495E+01 0.591911E+01
 21911.00000  0.299881E+01 0.610660E+01
 22111.00000  0.228735E+01 0.596074E+01
 22311.00000  0.168451E+01 0.555361E+01
 22511.00000  0.119819E+01 0.496694E+01
 22711.00000  0.824054E+00 0.428013E+01
 22911.00000  0.549489E+00 0.356225E+01
 23111.00000  0.357405E+00 0.286771E+01
 23311.00000  0.229465E+00 0.223482E+01
 23511.00000  0.148511E+00 0.168650E+01
 23711.00000  0.100137E+00 0.123245E+01
 23911.00000  0.734292E-01 0.872060E+00
 24111.00000  0.610087E-01 0.597548E+00
 24311.00000  0.585405E-01 0.396837E+00
 24511.00000  0.639261E-01 0.256065E+00
 24711.00000  0.763671E-01 0.161454E+00
 24911.00000  0.954814E-01 0.100603E+00
 25111.00000  0.120599E+00 0.632152E-01
 25311.00000  0.150320E+00 0.413623E-01
 25511.00000  0.182370E+00 0.294080E-01
 25711.00000  0.213713E+00 0.236948E-01
 25911.00000  0.240902E+00 0.221063E-01
 26111.00000  0.260536E+00 0.235884E-01
 26311.00000  0.269773E+00 0.276960E-01
 26511.00000  0.266784E+00 0.342099E-01
 26711.00000  0.251077E+00 0.428526E-01
 26911.00000  0.223648E+00 0.531121E-01



         15        15         1      1181D   C   D    0.822591500D+05
     221
 E STATE HAS LABEL D   
 VIBRATIONAL LEVELS FOR STATE E IN 1/CM FOR J= 14
        -33.78039
 PROPORTION OF STATE C   
  0.512447E-05
 PROPORTION OF STATE D   
  0.999995E+00
 TABLE FOR EMISSION PROBABILITIES   E(J= 14,IE) ==>F(J= 14,IF)
         IE==>      0
     1.00000  0.196807E-33
     2.00000  0.440410E-29
     3.00000  0.152149E-26
     4.00000  0.953164E-25
     5.00000  0.234337E-23
     6.00000  0.318885E-22
     7.00000  0.288541E-21
     8.00000  0.193692E-20
     9.00000  0.103517E-19
    10.00000  0.462217E-19
    11.00000  0.178464E-18
    12.00000  0.611150E-18
    13.00000  0.189239E-17
    14.00000  0.537830E-17
    15.00000  0.141974E-16
    16.00000  0.351445E-16
    17.00000  0.822224E-16
    18.00000  0.182988E-15
    19.00000  0.389506E-15
    20.00000  0.796633E-15
    21.00000  0.157165E-14
    22.00000  0.300104E-14
    23.00000  0.556254E-14
    24.00000  0.100338E-13
    25.00000  0.176531E-13
    26.00000  0.303525E-13
    27.00000  0.510908E-13
    28.00000  0.843220E-13
    29.00000  0.136645E-12
    30.00000  0.217693E-12
    31.00000  0.341333E-12
    32.00000  0.527279E-12
    33.00000  0.803212E-12
    34.00000  0.120757E-11
    35.00000  0.179317E-11
    36.00000  0.263184E-11
    37.00000  0.382041E-11
    38.00000  0.548818E-11
    39.00000  0.780642E-11
    40.00000  0.110002E-10
    40.00000  0.212751E-10
    42.00000  0.398381E-10
    44.00000  0.724346E-10
    46.00000  0.128208E-09
    48.00000  0.221394E-09
    50.00000  0.373727E-09
    52.00000  0.617771E-09
    54.00000  0.100151E-08
    56.00000  0.159454E-08
    58.00000  0.249633E-08
    60.00000  0.384715E-08
    62.00000  0.584233E-08
    64.00000  0.875064E-08
    66.00000  0.129379E-07
    68.00000  0.188969E-07
    70.00000  0.272848E-07
    72.00000  0.389705E-07
    74.00000  0.550920E-07
    76.00000  0.771283E-07
    78.00000  0.106986E-06
    80.00000  0.147107E-06
    82.00000  0.200590E-06
    84.00000  0.271352E-06
    86.00000  0.364305E-06
    88.00000  0.485571E-06
    90.00000  0.642746E-06
    92.00000  0.845192E-06
    94.00000  0.110440E-05
    96.00000  0.143437E-05
    98.00000  0.185215E-05
   100.00000  0.237832E-05
   102.00000  0.303765E-05
   104.00000  0.385985E-05
   106.00000  0.488035E-05
   108.00000  0.614129E-05
   110.00000  0.769260E-05
   112.00000  0.959317E-05
   114.00000  0.119123E-04
   116.00000  0.147312E-04
   118.00000  0.222634E-04
   118.00000  0.331502E-04
   122.00000  0.486779E-04
   126.00000  0.705515E-04
   130.00000  0.101006E-03
   134.00000  0.142946E-03
   138.00000  0.200105E-03
   142.00000  0.277251E-03
   146.00000  0.380419E-03
   150.00000  0.517190E-03
   154.00000  0.697020E-03
   158.00000  0.931620E-03
   162.00000  0.123540E-02
   166.00000  0.162599E-02
   170.00000  0.212483E-02
   174.00000  0.275786E-02
   178.00000  0.355630E-02
   182.00000  0.455753E-02
   186.00000  0.580612E-02
   190.00000  0.735497E-02
   194.00000  0.926656E-02
   198.00000  0.116144E-01
   202.00000  0.144848E-01
   206.00000  0.179784E-01
   210.00000  0.222126E-01
   214.00000  0.273236E-01
   218.00000  0.334691E-01
   222.00000  0.408308E-01
   226.00000  0.496182E-01
   230.00000  0.600714E-01
   234.00000  0.724653E-01
   238.00000  0.871141E-01
   242.00000  0.104376E+00
   246.00000  0.124659E+00
   250.00000  0.148425E+00
   254.00000  0.176201E+00
   258.00000  0.208581E+00
   262.00000  0.246238E+00
   266.00000  0.289933E+00
   270.00000  0.398974E+00
   274.00000  0.543958E+00
   274.00000  0.735364E+00
   282.00000  0.986479E+00
   290.00000  0.131417E+01
   298.00000  0.173987E+01
   306.00000  0.229098E+01
   314.00000  0.300271E+01
   322.00000  0.392074E+01
   330.00000  0.510499E+01
   338.00000  0.663509E+01
   346.00000  0.861878E+01
   354.00000  0.112049E+02
   362.00000  0.146044E+02
   370.00000  0.191252E+02
   378.00000  0.252337E+02
   386.00000  0.336668E+02
   394.00000  0.456518E+02
   402.00000  0.827923E+02
   410.00000  0.840114E+02
   418.00000  0.852514E+02
   426.00000  0.865127E+02
   434.00000  0.877957E+02
   442.00000  0.891008E+02
   450.00000  0.904285E+02
   458.00000  0.917792E+02
   466.00000  0.931535E+02
   474.00000  0.945517E+02
   482.00000  0.959745E+02
   490.00000  0.974223E+02
   498.00000  0.988956E+02
   506.00000  0.100395E+03
   514.00000  0.101921E+03
   522.00000  0.103474E+03
   530.00000  0.105055E+03
   538.00000  0.106664E+03
   546.00000  0.108303E+03
   554.00000  0.109970E+03
   562.00000  0.111668E+03
   570.00000  0.113397E+03
   578.00000  0.115157E+03
   586.00000  0.116950E+03
   586.00000  0.633678E+02
   596.00000  0.118775E+03
   606.00000  0.120634E+03
   616.00000  0.122527E+03
   626.00000  0.124456E+03
   636.00000  0.126420E+03
   646.00000  0.128421E+03
   656.00000  0.130460E+03
   666.00000  0.132536E+03
   676.00000  0.134652E+03
   686.00000  0.136808E+03
   696.00000  0.139005E+03
   706.00000  0.141244E+03
   716.00000  0.143526E+03
   726.00000  0.145852E+03
   736.00000  0.148223E+03
   746.00000  0.150639E+03
   756.00000  0.153103E+03
   766.00000  0.155614E+03
   776.00000  0.158175E+03
   786.00000  0.160786E+03
   796.00000  0.163448E+03
   806.00000  0.166164E+03
   816.00000  0.168933E+03
   826.00000  0.171758E+03
   836.00000  0.174639E+03
   846.00000  0.177579E+03
   856.00000  0.180577E+03
   866.00000  0.183637E+03
   876.00000  0.186759E+03
   886.00000  0.189945E+03
   896.00000  0.193196E+03
   906.00000  0.196515E+03
   916.00000  0.910056E+02
   926.00000  0.199902E+03
   936.00000  0.203359E+03
   946.00000  0.206889E+03
   956.00000  0.210493E+03
   966.00000  0.214173E+03
   976.00000  0.217931E+03
   976.00000  0.221768E+03
   986.00000  0.225688E+03
   996.00000  0.229692E+03
  1006.00000  0.233781E+03
  1016.00000  0.237960E+03
  1026.00000  0.242229E+03
  1036.00000  0.246591E+03
  1046.00000  0.251049E+03
  1056.00000  0.255606E+03
  1066.00000  0.260263E+03
  1076.00000  0.265023E+03
  1086.00000  0.269890E+03
  1096.00000  0.274866E+03
  1106.00000  0.279955E+03
  1116.00000  0.285159E+03
  1126.00000  0.290481E+03
  1136.00000  0.295925E+03
  1146.00000  0.301494E+03
  1156.00000  0.307191E+03
  1166.00000  0.313021E+03
  1176.00000  0.318987E+03
  1186.00000  0.325093E+03
  1196.00000  0.331343E+03
  1206.00000  0.337740E+03
  1216.00000  0.344290E+03
  1226.00000  0.350997E+03
  1236.00000  0.137488E+03
  1246.00000  0.357865E+03
  1256.00000  0.364899E+03
  1266.00000  0.372103E+03
  1276.00000  0.379484E+03
  1286.00000  0.387046E+03
  1296.00000  0.394794E+03
  1306.00000  0.402735E+03
  1316.00000  0.410874E+03
  1326.00000  0.419217E+03
  1336.00000  0.427770E+03
  1346.00000  0.436541E+03
  1356.00000  0.445534E+03
  1366.00000  0.454759E+03
  1366.00000  0.464221E+03
  1376.00000  0.473928E+03
  1386.00000  0.483889E+03
  1396.00000  0.494110E+03
  1406.00000  0.504601E+03
  1416.00000  0.515370E+03
  1426.00000  0.526427E+03
  1436.00000  0.537780E+03
  1446.00000  0.549439E+03
  1456.00000  0.561415E+03
  1466.00000  0.573718E+03
  1476.00000  0.586358E+03
  1486.00000  0.599348E+03
  1496.00000  0.612698E+03
  1506.00000  0.626422E+03
  1516.00000  0.640532E+03
  1526.00000  0.655041E+03
  1536.00000  0.669963E+03
  1546.00000  0.685312E+03
  1556.00000  0.224485E+03
  1566.00000  0.701104E+03
  1576.00000  0.717354E+03
  1586.00000  0.734078E+03
  1596.00000  0.751292E+03
  1606.00000  0.769016E+03
  1616.00000  0.787266E+03
  1626.00000  0.806063E+03
  1636.00000  0.825425E+03
  1646.00000  0.845374E+03
  1656.00000  0.865931E+03
  1666.00000  0.887120E+03
  1676.00000  0.908962E+03
  1686.00000  0.931484E+03
  1696.00000  0.954710E+03
  1706.00000  0.978667E+03
  1716.00000  0.100338E+04
  1726.00000  0.102889E+04
  1736.00000  0.105521E+04
  1746.00000  0.108239E+04
  1756.00000  0.111044E+04
  1756.00000  0.113942E+04
  1766.00000  0.116935E+04
  1776.00000  0.120027E+04
  1786.00000  0.123222E+04
  1796.00000  0.126525E+04
  1806.00000  0.129939E+04
  1816.00000  0.133470E+04
  1826.00000  0.137121E+04
  1836.00000  0.140898E+04
  1846.00000  0.144805E+04
  1856.00000  0.148850E+04
  1866.00000  0.153035E+04
  1876.00000  0.413992E+03
  1886.00000  0.157369E+04
  1896.00000  0.161856E+04
  1906.00000  0.166504E+04
  1916.00000  0.171319E+04
  1926.00000  0.176307E+04
  1936.00000  0.181477E+04
  1946.00000  0.186836E+04
  1956.00000  0.192391E+04
  1966.00000  0.198152E+04
  1976.00000  0.204126E+04
  1986.00000  0.210323E+04
  1996.00000  0.216752E+04
  2006.00000  0.223422E+04
  2016.00000  0.230345E+04
  2026.00000  0.237530E+04
  2036.00000  0.244988E+04
  2046.00000  0.252731E+04
  2056.00000  0.260771E+04
  2066.00000  0.269119E+04
  2076.00000  0.277789E+04
  2086.00000  0.286792E+04
  2096.00000  0.296143E+04
  2106.00000  0.305855E+04
  2116.00000  0.315941E+04
  2126.00000  0.326417E+04
  2136.00000  0.337296E+04
  2146.00000  0.348594E+04
  2146.00000  0.360324E+04
  2156.00000  0.372503E+04
  2166.00000  0.385144E+04
  2176.00000  0.398262E+04
  2186.00000  0.411871E+04
  2196.00000  0.905428E+03
  2206.00000  0.425986E+04
  2216.00000  0.440620E+04
  2226.00000  0.455784E+04
  2236.00000  0.471492E+04
  2246.00000  0.487751E+04
  2256.00000  0.504572E+04
  2266.00000  0.521960E+04
  2276.00000  0.539921E+04
  2286.00000  0.558456E+04
  2296.00000  0.577564E+04
  2306.00000  0.597241E+04
  2316.00000  0.617476E+04
  2326.00000  0.638259E+04
  2336.00000  0.659570E+04
  2346.00000  0.681385E+04
  2356.00000  0.703675E+04
  2366.00000  0.726403E+04
  2376.00000  0.749525E+04
  2386.00000  0.772990E+04
  2396.00000  0.796739E+04
  2406.00000  0.820702E+04
  2416.00000  0.844803E+04
  2426.00000  0.868955E+04
  2436.00000  0.893065E+04
  2446.00000  0.917029E+04
  2456.00000  0.940735E+04
  2466.00000  0.964064E+04
  2476.00000  0.986891E+04
  2486.00000  0.100909E+05
  2496.00000  0.103051E+05
  2506.00000  0.105104E+05
  2516.00000  0.107052E+05
  2526.00000  0.182263E+04
  2536.00000  0.108883E+05
  2536.00000  0.110583E+05
  2546.00000  0.112140E+05
  2556.00000  0.113543E+05
  2566.00000  0.114782E+05
  2576.00000  0.115847E+05
  2586.00000  0.116731E+05
  2596.00000  0.117428E+05
  2606.00000  0.117935E+05
  2616.00000  0.118249E+05
  2626.00000  0.118371E+05
  2636.00000  0.118301E+05
  2646.00000  0.118044E+05
  2656.00000  0.117605E+05
  2666.00000  0.116991E+05
  2676.00000  0.116210E+05
  2686.00000  0.115271E+05
  2696.00000  0.114184E+05
  2706.00000  0.112962E+05
  2716.00000  0.111615E+05
  2726.00000  0.110156E+05
  2736.00000  0.108597E+05
  2746.00000  0.106950E+05
  2756.00000  0.105227E+05
  2766.00000  0.103439E+05
  2776.00000  0.101598E+05
  2786.00000  0.997149E+04
  2796.00000  0.977984E+04
  2806.00000  0.958585E+04
  2816.00000  0.939036E+04
  2826.00000  0.919417E+04
  2836.00000  0.899797E+04
  2846.00000  0.112345E+04
  2856.00000  0.880242E+04
  2866.00000  0.860809E+04
  2876.00000  0.841547E+04
  2886.00000  0.822502E+04
  2896.00000  0.803712E+04
  2906.00000  0.785209E+04
  2916.00000  0.767021E+04
  2926.00000  0.749172E+04
  2926.00000  0.731680E+04
  2936.00000  0.714560E+04
  2946.00000  0.697823E+04
  2956.00000  0.681479E+04
  2966.00000  0.665532E+04
  2976.00000  0.649987E+04
  2986.00000  0.634843E+04
  2996.00000  0.620102E+04
  3006.00000  0.605760E+04
  3016.00000  0.591813E+04
  3026.00000  0.578257E+04
  3036.00000  0.565087E+04
  3046.00000  0.552295E+04
  3056.00000  0.539874E+04
  3066.00000  0.527817E+04
  3076.00000  0.516116E+04
  3086.00000  0.504760E+04
  3096.00000  0.493744E+04
  3106.00000  0.483056E+04
  3116.00000  0.472688E+04
  3126.00000  0.462630E+04
  3136.00000  0.452875E+04
  3146.00000  0.443413E+04
  3156.00000  0.434235E+04
  3166.00000  0.404947E+03
  3176.00000  0.425331E+04
  3186.00000  0.416694E+04
  3196.00000  0.408316E+04
  3206.00000  0.400186E+04
  3216.00000  0.392298E+04
  3226.00000  0.384644E+04
  3236.00000  0.377216E+04
  3246.00000  0.370005E+04
  3256.00000  0.363006E+04
  3266.00000  0.356211E+04
  3276.00000  0.349612E+04
  3286.00000  0.343204E+04
  3296.00000  0.336980E+04
  3306.00000  0.330934E+04
  3316.00000  0.325059E+04
  3316.00000  0.319350E+04
  3326.00000  0.313801E+04
  3336.00000  0.308407E+04
  3346.00000  0.303163E+04
  3356.00000  0.298063E+04
  3366.00000  0.293103E+04
  3376.00000  0.288278E+04
  3386.00000  0.283583E+04
  3396.00000  0.279015E+04
  3406.00000  0.274568E+04
  3416.00000  0.270239E+04
  3426.00000  0.266025E+04
  3436.00000  0.261920E+04
  3446.00000  0.257923E+04
  3456.00000  0.254028E+04
  3466.00000  0.250233E+04
  3476.00000  0.246535E+04
  3486.00000  0.166014E+03
  3496.00000  0.242930E+04
  3506.00000  0.239416E+04
  3516.00000  0.235990E+04
  3526.00000  0.232648E+04
  3536.00000  0.229389E+04
  3546.00000  0.226209E+04
  3556.00000  0.223106E+04
  3566.00000  0.220078E+04
  3576.00000  0.217122E+04
  3586.00000  0.214237E+04
  3596.00000  0.211420E+04
  3606.00000  0.208668E+04
  3616.00000  0.205981E+04
  3626.00000  0.203356E+04
  3636.00000  0.200791E+04
  3646.00000  0.198284E+04
  3656.00000  0.195834E+04
  3666.00000  0.193439E+04
  3676.00000  0.191098E+04
  3686.00000  0.188809E+04
  3696.00000  0.186570E+04
  3706.00000  0.184380E+04
  3706.00000  0.182237E+04
  3716.00000  0.180141E+04
  3726.00000  0.178089E+04
  3736.00000  0.176082E+04
  3746.00000  0.174117E+04
  3756.00000  0.172193E+04
  3766.00000  0.170309E+04
  3776.00000  0.168464E+04
  3786.00000  0.166658E+04
  3796.00000  0.164888E+04
  3806.00000  0.758060E+02
  3816.00000  0.163154E+04
  3826.00000  0.161456E+04
  3836.00000  0.159791E+04
  3846.00000  0.158160E+04
  3856.00000  0.156561E+04
  3866.00000  0.154993E+04
  3876.00000  0.153456E+04
  3886.00000  0.151949E+04
  3896.00000  0.150471E+04
  3906.00000  0.149022E+04
  3916.00000  0.147600E+04
  3926.00000  0.146205E+04
  3936.00000  0.144836E+04
  3946.00000  0.143493E+04
  3956.00000  0.142175E+04
  3966.00000  0.140882E+04
  3976.00000  0.139612E+04
  3986.00000  0.138365E+04
  3996.00000  0.137141E+04
  4006.00000  0.135940E+04
  4016.00000  0.134760E+04
  4026.00000  0.133600E+04
  4036.00000  0.132462E+04
  4046.00000  0.131344E+04
  4056.00000  0.130245E+04
  4066.00000  0.129165E+04
  4076.00000  0.128104E+04
  4086.00000  0.127062E+04
  4096.00000  0.126037E+04
  4096.00000  0.125030E+04
  4106.00000  0.124040E+04
  4116.00000  0.123067E+04
  4126.00000  0.357194E+02
  4136.00000  0.122110E+04
  4146.00000  0.121168E+04
  4156.00000  0.120243E+04
  4166.00000  0.119333E+04
  4176.00000  0.118438E+04
  4186.00000  0.117557E+04
  4196.00000  0.116691E+04
  4206.00000  0.115839E+04
  4216.00000  0.115000E+04
  4226.00000  0.114175E+04
  4236.00000  0.113363E+04
  4246.00000  0.112564E+04
  4256.00000  0.111777E+04
  4266.00000  0.111003E+04
  4276.00000  0.110241E+04
  4286.00000  0.109491E+04
  4296.00000  0.108752E+04
  4306.00000  0.108024E+04
  4316.00000  0.107308E+04
  4326.00000  0.106603E+04
  4336.00000  0.105908E+04
  4346.00000  0.105224E+04
  4356.00000  0.104550E+04
  4366.00000  0.103886E+04
  4376.00000  0.160917E+02
  4386.00000  0.620764E+01
  4396.00000  0.156424E+01
  4406.00000  0.381475E-01
  4416.00000  0.534302E+00
  4426.00000  0.244510E+01
  4436.00000  0.541094E+01
  4446.00000  0.920533E+01
  4456.00000  0.136760E+02
  4466.00000  0.200503E+02
  4476.00000  0.271472E+02
  4486.00000  0.348332E+02
  4486.00000  0.429892E+02
  4511.00000  0.515022E+02
  4536.00000  0.602624E+02
  4561.00000  0.691609E+02
  4586.00000  0.780906E+02
  4611.00000  0.869466E+02
  4636.00000  0.956278E+02
  4661.00000  0.104038E+03
  4686.00000  0.112090E+03
  4711.00000  0.119702E+03
  4736.00000  0.126803E+03
  4761.00000  0.133333E+03
  4786.00000  0.139240E+03
  4811.00000  0.144486E+03
  4836.00000  0.149041E+03
  4861.00000  0.152886E+03
  4886.00000  0.156014E+03
  4911.00000  0.158424E+03
  4936.00000  0.160124E+03
  4961.00000  0.161131E+03
  4986.00000  0.161466E+03
  5011.00000  0.161157E+03
  5036.00000  0.160236E+03
  5061.00000  0.158737E+03
  5086.00000  0.156698E+03
  5111.00000  0.154159E+03
  5136.00000  0.151161E+03
  5161.00000  0.147746E+03
  5186.00000  0.143954E+03
  5211.00000  0.139828E+03
  5236.00000  0.135409E+03
  5261.00000  0.130736E+03
  5286.00000  0.125849E+03
  5311.00000  0.120784E+03
  5336.00000  0.115577E+03
  5361.00000  0.110264E+03
  5386.00000  0.104876E+03
  5411.00000  0.994442E+02
  5436.00000  0.939979E+02
  5461.00000  0.885640E+02
  5461.00000  0.831675E+02
  5511.00000  0.778320E+02
  5561.00000  0.725791E+02
  5611.00000  0.674285E+02
  5661.00000  0.623982E+02
  5711.00000  0.575047E+02
  5761.00000  0.527625E+02
  5811.00000  0.481847E+02
  5861.00000  0.437830E+02
  5911.00000  0.395676E+02
  5961.00000  0.355472E+02
  6011.00000  0.317293E+02
  6061.00000  0.281202E+02
  6111.00000  0.247250E+02
  6161.00000  0.215475E+02
  6211.00000  0.185907E+02
  6261.00000  0.158565E+02
  6311.00000  0.133460E+02
  6361.00000  0.110592E+02
  6411.00000  0.899557E+01
  6461.00000  0.715365E+01
  6511.00000  0.553134E+01
  6561.00000  0.412591E+01
  6611.00000  0.293402E+01
  6661.00000  0.195183E+01
  6711.00000  0.117496E+01
  6761.00000  0.598629E+00
  6811.00000  0.217632E+00
  6861.00000  0.264092E-01
  6911.00000  0.190842E-01
  6961.00000  0.189500E+00
  7011.00000  0.531256E+00
  7061.00000  0.103774E+01
  7111.00000  0.170217E+01
  7161.00000  0.251760E+01
  7211.00000  0.347699E+01
  7261.00000  0.457319E+01
  7311.00000  0.579899E+01
  7361.00000  0.714716E+01
  7411.00000  0.861041E+01
  7411.00000  0.101815E+02
  7511.00000  0.118532E+02
  7611.00000  0.136182E+02
  7711.00000  0.154696E+02
  7811.00000  0.174001E+02
  7911.00000  0.194028E+02
  8011.00000  0.214709E+02
  8111.00000  0.235977E+02
  8211.00000  0.257764E+02
  8311.00000  0.280007E+02
  8411.00000  0.302641E+02
  8511.00000  0.325605E+02
  8611.00000  0.348840E+02
  8711.00000  0.372286E+02
  8811.00000  0.395887E+02
  8911.00000  0.419588E+02
  9011.00000  0.443337E+02
  9111.00000  0.467082E+02
  9211.00000  0.490774E+02
  9311.00000  0.514366E+02
  9411.00000  0.537812E+02
  9511.00000  0.561069E+02
  9611.00000  0.584096E+02
  9711.00000  0.606852E+02
  9811.00000  0.629302E+02
  9911.00000  0.651408E+02
 10011.00000  0.673139E+02
 10111.00000  0.694460E+02
 10211.00000  0.715344E+02
 10311.00000  0.735761E+02
 10411.00000  0.755686E+02
 10511.00000  0.775093E+02
 10611.00000  0.793962E+02
 10711.00000  0.812270E+02
 10811.00000  0.829999E+02
 10911.00000  0.847132E+02
 11011.00000  0.863652E+02
 11111.00000  0.879547E+02
 11211.00000  0.894803E+02
 11311.00000  0.909409E+02
 11311.00000  0.923355E+02
 11411.00000  0.936634E+02
 11511.00000  0.949238E+02
 11611.00000  0.961163E+02
 11711.00000  0.972403E+02
 11811.00000  0.982958E+02
 11911.00000  0.992823E+02
 12011.00000  0.100200E+03
 12111.00000  0.101049E+03
 12211.00000  0.101829E+03
 12311.00000  0.102541E+03
 12411.00000  0.103185E+03
 12511.00000  0.103760E+03
 12611.00000  0.104269E+03
 12711.00000  0.104712E+03
 12811.00000  0.105088E+03
 12911.00000  0.105400E+03
 13011.00000  0.105647E+03
 13111.00000  0.105831E+03
 13211.00000  0.105953E+03
 13311.00000  0.106014E+03
 13411.00000  0.106014E+03
 13511.00000  0.105955E+03
 13611.00000  0.105838E+03
 13711.00000  0.105665E+03
 13811.00000  0.105436E+03
 13911.00000  0.105153E+03
 14011.00000  0.104817E+03
 14111.00000  0.104430E+03
 14211.00000  0.103992E+03
 14311.00000  0.103506E+03
 14411.00000  0.102973E+03
 14511.00000  0.102394E+03
 14611.00000  0.101771E+03
 14711.00000  0.101104E+03
 14811.00000  0.100397E+03
 14911.00000  0.996493E+02
 15011.00000  0.988634E+02
 15111.00000  0.980407E+02
 15211.00000  0.971825E+02
 15211.00000  0.962905E+02
 15311.00000  0.953661E+02
 15411.00000  0.944107E+02
 15511.00000  0.934258E+02
 15611.00000  0.924130E+02
 15711.00000  0.913735E+02
 15811.00000  0.903090E+02
 15911.00000  0.892207E+02
 16011.00000  0.881102E+02
 16111.00000  0.869788E+02
 16211.00000  0.858278E+02
 16311.00000  0.846587E+02
 16411.00000  0.834729E+02
 16511.00000  0.822715E+02
 16611.00000  0.810558E+02
 16711.00000  0.798273E+02
 16811.00000  0.785870E+02
 16911.00000  0.773363E+02
 17011.00000  0.760763E+02
 17111.00000  0.748083E+02
 17211.00000  0.735333E+02
 17311.00000  0.722525E+02
 17411.00000  0.709670E+02
 17511.00000  0.696779E+02
 17611.00000  0.683862E+02
 17711.00000  0.670929E+02
 17811.00000  0.657991E+02
 17911.00000  0.645056E+02
 18011.00000  0.632134E+02
 18111.00000  0.619235E+02
 18211.00000  0.606366E+02
 18311.00000  0.593536E+02
 18411.00000  0.580754E+02
 18511.00000  0.568028E+02
 18611.00000  0.555365E+02
 18711.00000  0.542772E+02
 18811.00000  0.530257E+02
 18911.00000  0.517826E+02
 19011.00000  0.505485E+02
 19111.00000  0.493242E+02
 19111.00000  0.481101E+02
 19311.00000  0.469069E+02
 19511.00000  0.457151E+02
 19711.00000  0.445353E+02
 19911.00000  0.433678E+02
 20111.00000  0.422132E+02
 20311.00000  0.410719E+02
 20511.00000  0.399444E+02
 20711.00000  0.388310E+02
 20911.00000  0.377321E+02
 21111.00000  0.366480E+02
 21311.00000  0.355791E+02
 21511.00000  0.345256E+02
 21711.00000  0.334879E+02
 21911.00000  0.324662E+02
 22111.00000  0.314607E+02
 22311.00000  0.304717E+02
 22511.00000  0.294993E+02
 22711.00000  0.285437E+02
 22911.00000  0.276051E+02
 23111.00000  0.266837E+02
 23311.00000  0.257794E+02
 23511.00000  0.248925E+02
 23711.00000  0.240230E+02
 23911.00000  0.231711E+02
 24111.00000  0.223366E+02
 24311.00000  0.215198E+02
 24511.00000  0.207205E+02
 24711.00000  0.199388E+02
 24911.00000  0.191748E+02
 25111.00000  0.184283E+02
 25311.00000  0.176994E+02
 25511.00000  0.169879E+02
 25711.00000  0.162939E+02
 25911.00000  0.156173E+02
 26111.00000  0.149579E+02
 26311.00000  0.143157E+02
 26511.00000  0.136906E+02
 26711.00000  0.130825E+02
 26911.00000  0.124912E+02
   420.01000  0.119166E+02
   420.26000  0.113586E+02
   420.51000  0.108170E+02
   420.76000  0.102917E+02
   421.01000  0.978243E+01
   421.26000  0.928909E+01
   421.51000  0.881150E+01
   421.76000  0.834946E+01
   422.01000  0.790278E+01
   422.26000  0.747126E+01
   422.51000  0.705470E+01
   422.76000  0.665289E+01
   423.01000  0.626563E+01
   423.26000  0.589268E+01
   423.51000  0.553384E+01
   423.76000  0.518888E+01
   424.01000  0.485757E+01
   424.26000  0.453968E+01
   424.51000  0.423498E+01
   424.76000  0.394323E+01
   425.01000  0.366420E+01
   425.26000  0.339764E+01
   425.51000  0.314332E+01
   425.76000  0.290099E+01
   426.01000  0.267041E+01
   426.26000  0.245134E+01
   426.51000  0.224352E+01
   426.76000  0.204672E+01
   427.01000  0.186068E+01
   427.26000  0.168517E+01
   427.51000  0.151993E+01
   427.76000  0.136473E+01
   428.01000  0.121931E+01
   428.26000  0.108344E+01
   428.51000  0.956861E+00
   428.76000  0.839346E+00
   429.01000  0.730649E+00
   429.26000  0.630531E+00
   429.51000  0.538755E+00
   429.76000  0.455083E+00
   430.01000  0.379283E+00
   430.26000  0.311122E+00
   430.51000  0.250371E+00
   430.76000  0.196800E+00
   431.01000  0.150184E+00
   431.26000  0.110300E+00
   431.51000  0.769275E-01
   431.76000  0.498477E-01
   432.01000  0.288449E-01
   432.26000  0.137062E-01
   432.51000  0.422138E-02
   432.76000  0.183154E-03
   433.01000  0.138708E-02
   433.26000  0.763174E-02
   433.51000  0.187187E-01
   433.76000  0.344527E-01
   434.01000  0.546416E-01
   434.26000  0.790962E-01
   434.51000  0.107631E+00
   434.76000  0.140063E+00
   435.01000  0.176213E+00
   435.26000  0.215906E+00
   435.51000  0.258968E+00
   435.76000  0.305231E+00
   436.01000  0.354528E+00
   436.26000  0.406696E+00
   436.51000  0.461578E+00
   436.76000  0.519016E+00
   437.01000  0.578858E+00
   437.26000  0.640956E+00
   437.51000  0.705164E+00
   437.76000  0.771339E+00
   438.01000  0.839343E+00
   438.26000  0.909040E+00
   438.51000  0.980298E+00
   438.76000  0.105299E+01
   439.01000  0.112698E+01
   439.26000  0.120217E+01
   439.51000  0.127841E+01
   439.76000  0.135561E+01
   440.01000  0.143364E+01
   440.26000  0.151241E+01
   440.51000  0.159179E+01
   440.76000  0.167170E+01
   441.01000  0.175202E+01
   441.26000  0.183267E+01
   441.51000  0.191355E+01
   441.76000  0.199456E+01
   442.01000  0.207563E+01
   442.26000  0.215666E+01
   442.51000  0.223758E+01
   442.76000  0.231830E+01
   443.01000  0.239875E+01
   443.26000  0.247886E+01
   443.51000  0.255856E+01
   443.76000  0.263777E+01
   444.01000  0.271644E+01
   444.26000  0.279450E+01
   444.51000  0.287189E+01
   444.76000  0.294855E+01
   445.01000  0.302443E+01
   445.26000  0.309948E+01
   445.51000  0.317364E+01
   445.76000  0.324687E+01
   446.01000  0.331912E+01
   446.26000  0.339036E+01
   446.51000  0.346053E+01
   446.76000  0.352961E+01
   447.01000  0.359755E+01
   447.26000  0.366431E+01
   447.51000  0.372988E+01
   447.76000  0.379421E+01
   448.01000  0.385729E+01
   448.26000  0.391907E+01
   448.51000  0.397954E+01
   448.76000  0.403868E+01
   449.01000  0.409646E+01
   449.26000  0.415286E+01
   449.51000  0.420787E+01
   449.76000  0.426147E+01
   450.01000  0.431364E+01
   450.26000  0.436438E+01
   450.51000  0.441367E+01
   450.76000  0.446151E+01
   451.01000  0.450787E+01
   451.26000  0.455277E+01
   451.51000  0.459618E+01
   451.76000  0.463811E+01
   452.01000  0.467855E+01
   452.26000  0.471750E+01
   452.51000  0.475496E+01
   452.76000  0.479093E+01
   453.01000  0.482542E+01
   453.26000  0.485841E+01
   453.51000  0.488993E+01
   453.76000  0.491997E+01
   454.01000  0.494853E+01
   454.26000  0.497563E+01
   454.51000  0.500126E+01
   454.76000  0.502545E+01
   455.01000  0.504820E+01
   455.26000  0.506951E+01
   455.51000  0.508940E+01
   455.76000  0.510788E+01
   456.01000  0.512497E+01
   456.26000  0.514066E+01
   456.51000  0.515499E+01
   456.76000  0.518488E+01
   457.01000  0.520651E+01
   457.26000  0.522012E+01
   457.51000  0.522599E+01
   457.76000  0.522438E+01
   458.01000  0.521561E+01
   458.26000  0.519995E+01
   458.51000  0.517774E+01
   458.76000  0.514927E+01
   459.01000  0.511487E+01
   459.26000  0.507487E+01
   459.51000  0.502958E+01
   459.76000  0.497934E+01
   460.01000  0.492445E+01
   460.26000  0.486523E+01
   460.51000  0.480201E+01
   460.76000  0.473509E+01
   461.01000  0.466477E+01
   461.26000  0.459135E+01
   461.51000  0.451513E+01
   461.76000  0.443638E+01
   462.01000  0.435537E+01
   462.26000  0.427238E+01
   462.51000  0.418766E+01
   462.76000  0.410145E+01
   463.01000  0.401400E+01
   463.26000  0.392553E+01
   463.51000  0.383626E+01
   463.76000  0.374639E+01
   464.01000  0.365612E+01
   464.26000  0.356564E+01
   464.51000  0.347513E+01
   464.76000  0.338475E+01
   465.01000  0.329466E+01
   465.26000  0.320500E+01
   465.51000  0.311592E+01
   465.76000  0.302755E+01
   466.01000  0.294000E+01
   466.26000  0.285338E+01
   466.51000  0.268335E+01
   466.76000  0.251817E+01
   467.01000  0.235844E+01
   467.26000  0.220462E+01
   467.51000  0.205709E+01
   467.76000  0.191612E+01
   468.01000  0.178188E+01
   468.26000  0.165448E+01
   468.51000  0.153394E+01
   468.76000  0.142024E+01
   469.01000  0.131330E+01
   469.26000  0.121299E+01
   469.51000  0.111915E+01
   469.76000  0.103157E+01
   470.01000  0.950032E+00
   470.26000  0.874298E+00
   470.51000  0.804107E+00
   470.76000  0.739193E+00
   471.01000  0.679281E+00
   471.26000  0.624095E+00
   471.51000  0.573358E+00
   471.76000  0.526796E+00
   472.01000  0.484141E+00
   472.26000  0.445132E+00
   472.51000  0.409516E+00
   472.76000  0.377048E+00
   473.01000  0.347496E+00
   473.26000  0.320639E+00
   473.51000  0.296267E+00
   473.76000  0.274181E+00
   474.01000  0.254196E+00
   474.26000  0.236138E+00
   474.51000  0.219845E+00
   474.76000  0.205166E+00
   475.01000  0.191963E+00
   475.26000  0.180108E+00
   475.51000  0.169481E+00
   475.76000  0.159975E+00
   476.01000  0.151492E+00
   476.26000  0.137237E+00
   476.51000  0.126088E+00
   476.76000  0.117527E+00
   477.01000  0.111131E+00
   477.26000  0.106554E+00
   477.51000  0.103515E+00
   477.76000  0.101780E+00
   478.01000  0.101158E+00
   478.26000  0.101487E+00
   478.51000  0.102628E+00
   478.76000  0.104459E+00
   479.01000  0.106873E+00
   479.26000  0.109768E+00
   479.51000  0.113053E+00
   479.76000  0.116639E+00
   480.01000  0.120444E+00
   480.26000  0.124387E+00
   480.51000  0.128395E+00
   480.76000  0.132394E+00
   481.01000  0.136318E+00
   481.26000  0.140102E+00
   481.51000  0.143689E+00
   481.76000  0.147026E+00
   482.01000  0.150065E+00
   482.26000  0.152764E+00
   482.51000  0.155089E+00
   482.76000  0.157010E+00
   483.01000  0.158503E+00
   483.26000  0.159551E+00
   483.51000  0.160142E+00
   483.76000  0.160271E+00
   484.01000  0.159937E+00
   484.26000  0.159143E+00
   484.51000  0.157900E+00
   484.76000  0.156219E+00
   485.01000  0.154117E+00
   485.26000  0.151614E+00
   485.51000  0.148733E+00
   485.76000  0.145498E+00
   486.01000  0.141937E+00
   486.26000  0.138078E+00
   486.51000  0.133951E+00
   486.76000  0.129586E+00
   487.01000  0.125013E+00
   487.26000  0.120264E+00
   487.51000  0.115369E+00
   487.76000  0.110358E+00
   488.01000  0.105262E+00
   488.26000  0.100108E+00
   488.51000  0.949239E-01
   488.76000  0.897367E-01
   489.01000  0.845710E-01
   489.26000  0.794503E-01
   489.51000  0.743970E-01
   489.76000  0.694311E-01
   490.01000  0.645717E-01
   490.26000  0.598358E-01
   490.51000  0.552387E-01
   490.76000  0.507945E-01
   491.01000  0.465151E-01
   491.26000  0.424109E-01
   491.51000  0.384909E-01
   491.76000  0.347621E-01
   492.01000  0.312304E-01
   492.26000  0.279001E-01
   492.51000  0.247738E-01
   492.76000  0.218532E-01
   493.01000  0.191384E-01
   493.26000  0.166284E-01
   493.51000  0.143212E-01
   493.76000  0.122134E-01
   494.01000  0.103008E-01
   494.26000  0.857849E-02
   494.51000  0.704043E-02
   494.76000  0.567997E-02
   495.01000  0.448981E-02
   495.26000  0.346200E-02
   495.51000  0.258814E-02
   495.76000  0.185936E-02
   496.01000  0.126646E-02
   496.26000  0.799937E-03
   496.51000  0.450113E-03
   496.76000  0.207155E-03
   497.01000  0.611711E-04
   497.26000  0.227212E-05
   497.51000  0.206351E-04
   497.76000  0.106565E-03
   498.01000  0.250553E-03
   498.26000  0.443333E-03
   498.51000  0.675927E-03
   498.76000  0.939703E-03
   499.01000  0.122641E-02
   499.26000  0.152822E-02
   499.51000  0.183778E-02
   499.76000  0.214821E-02
   500.01000  0.245316E-02
   500.26000  0.274682E-02
   500.51000  0.302395E-02
   500.76000  0.327989E-02
   501.01000  0.351057E-02
   501.26000  0.371251E-02
   501.51000  0.388283E-02
   501.76000  0.401926E-02
   502.01000  0.412013E-02
   502.26000  0.418432E-02
   502.51000  0.421133E-02
   502.76000  0.420120E-02
   503.01000  0.415451E-02
   503.26000  0.407235E-02
   503.51000  0.395633E-02
   503.76000  0.380853E-02
   504.01000  0.363143E-02
   504.26000  0.342798E-02
   504.51000  0.320145E-02
   504.76000  0.295549E-02
   505.01000  0.269404E-02
   505.26000  0.242131E-02
   505.51000  0.186001E-02
   505.76000  0.130922E-02
   506.01000  0.808378E-03
   506.26000  0.397483E-03
   506.51000  0.115857E-03
   506.76000  0.960973E-06
   507.01000  0.872904E-04
   507.26000  0.405374E-03
   507.51000  0.980892E-03
   507.76000  0.183393E-02
   508.01000  0.297838E-02
   508.26000  0.442152E-02
   508.51000  0.616371E-02
   508.76000  0.819836E-02
   509.01000  0.105119E-01
   509.26000  0.130841E-01
   509.51000  0.158883E-01
   509.76000  0.188922E-01
   510.01000  0.220581E-01
   510.26000  0.253440E-01
   510.51000  0.287042E-01
   510.76000  0.320903E-01
   511.01000  0.354522E-01
   511.26000  0.387389E-01
   511.51000  0.418998E-01
   511.76000  0.448851E-01
   512.01000  0.476475E-01
   512.26000  0.501426E-01
   512.51000  0.523297E-01
   512.76000  0.541731E-01
   513.01000  0.556420E-01
   513.26000  0.567118E-01
   513.51000  0.573639E-01
   513.76000  0.575866E-01
   514.01000  0.573749E-01
   514.26000  0.567312E-01
   514.51000  0.556641E-01
   514.76000  0.541898E-01
   515.01000  0.523301E-01



