
          6         6        13       781C   C   D    0.822591500D+05
 E STATE HAS LABEL C   
 VIBRATIONAL LEVELS FOR STATE E IN 1/CM FOR J=  5
     -18388.71134    -16126.58999    -13997.56204    -11999.28974
    -10130.19222     -8390.24343     -6780.75333     -5304.87887
     -3967.70783     -2777.35992     -1746.52603      -893.90289
      -249.74689
 PROPORTION OF STATE C   
  0.999998E+00 0.999994E+00 0.999991E+00 0.999989E+00 0.999987E+00
  0.999986E+00 0.999986E+00 0.999986E+00 0.999986E+00 0.999986E+00
  0.999987E+00 0.999989E+00 0.999991E+00
 PROPORTION OF STATE D   
  0.180387E-05 0.580934E-05 0.891979E-05 0.112166E-04 0.127956E-04
  0.137556E-04 0.142118E-04 0.142703E-04 0.140168E-04 0.135194E-04
  0.126541E-04 0.112856E-04 0.893705E-05
 TABLE FOR EMISSION PROBABILITIES   E(J=  5,IE) ==>F(J=  5,IF)
         IE==>      0            1            2            3
        1.00  0.742608E-10 0.860716E-08 0.815383E-09 0.537073E-04
        2.00  0.337954E-08 0.390958E-06 0.383592E-07 0.243854E-02
        3.00  0.316445E-07 0.365378E-05 0.371066E-06 0.227808E-01
        4.00  0.155202E-06 0.178861E-04 0.187904E-05 0.111473E+00
        5.00  0.534315E-06 0.614591E-04 0.667525E-05 0.382883E+00
        6.00  0.147097E-05 0.168874E-03 0.189524E-04 0.105165E+01
        7.00  0.347157E-05 0.397795E-03 0.461048E-04 0.247623E+01
        8.00  0.732207E-05 0.837410E-03 0.100181E-03 0.521070E+01
        9.00  0.141780E-04 0.161841E-02 0.199745E-03 0.100664E+02
       10.00  0.256727E-04 0.292495E-02 0.372247E-03 0.181856E+02
       11.00  0.440482E-04 0.500895E-02 0.657026E-03 0.311301E+02
       12.00  0.723133E-04 0.820743E-02 0.110909E-02 0.509878E+02
       13.00  0.114434E-03 0.129633E-01 0.180385E-02 0.805007E+02
       14.00  0.175569E-03 0.198508E-01 0.284318E-02 0.123221E+03
       15.00  0.262354E-03 0.296066E-01 0.436287E-02 0.183705E+03
       16.00  0.383265E-03 0.431690E-01 0.654236E-02 0.267750E+03
       17.00  0.549068E-03 0.617261E-01 0.961699E-02 0.382693E+03
       18.00  0.773390E-03 0.867782E-01 0.138938E-01 0.537794E+03
       19.00  0.107344E-02 0.120216E+00 0.197718E-01 0.744716E+03
       20.00  0.147095E-02 0.164419E+00 0.277686E-01 0.101813E+04
       21.00  0.199334E-02 0.222384E+00 0.385541E-01 0.137651E+04
       22.00  0.267525E-02 0.297890E+00 0.529949E-01 0.184313E+04
       23.00  0.356049E-02 0.395704E+00 0.722129E-01 0.244734E+04
       24.00  0.470459E-02 0.521858E+00 0.976605E-01 0.322626E+04
       25.00  0.617813E-02 0.684000E+00 0.131222E+00 0.422694E+04
       26.00  0.807099E-02 0.891857E+00 0.175345E+00 0.550919E+04
       27.00  0.104981E-01 0.115784E+01 0.233216E+00 0.714927E+04
       28.00  0.136066E-01 0.149781E+01 0.308996E+00 0.924470E+04
       29.00  0.175857E-01 0.193212E+01 0.408123E+00 0.119205E+05
       30.00  0.226787E-01 0.248692E+01 0.537716E+00 0.153371E+05
       31.00  0.291984E-01 0.319573E+01 0.707094E+00 0.197003E+05
       32.00  0.375459E-01 0.410150E+01 0.928427E+00 0.252736E+05
       33.00  0.482321E-01 0.525877E+01 0.121751E+01 0.323915E+05
       34.00  0.618988E-01 0.673594E+01 0.159462E+01 0.414730E+05
       35.00  0.793330E-01 0.861664E+01 0.208525E+01 0.530306E+05
       36.00  0.101461E+00 0.109990E+02 0.272035E+01 0.676646E+05
       37.00  0.129296E+00 0.139895E+02 0.353529E+01 0.860268E+05
       38.00  0.163790E+00 0.176879E+02 0.456607E+01 0.108724E+06
       39.00  0.205554E+00 0.221554E+02 0.584107E+01 0.136129E+06
       40.00  0.254378E+00 0.273654E+02 0.736649E+01 0.168071E+06
       42.00  0.364836E+00 0.390978E+02 0.109652E+02 0.239930E+06
       44.00  0.461349E+00 0.492514E+02 0.143787E+02 0.301988E+06
       46.00  0.505047E+00 0.537098E+02 0.163094E+02 0.329051E+06
       48.00  0.492253E+00 0.521486E+02 0.164576E+02 0.319220E+06
       50.00  0.448888E+00 0.473723E+02 0.155261E+02 0.289741E+06
       52.00  0.398726E+00 0.419172E+02 0.142570E+02 0.256162E+06
       54.00  0.352988E+00 0.369666E+02 0.130388E+02 0.225718E+06
       56.00  0.314734E+00 0.328339E+02 0.120019E+02 0.200316E+06
       58.00  0.283704E+00 0.294832E+02 0.111615E+02 0.179722E+06
       60.00  0.258707E+00 0.267823E+02 0.104940E+02 0.163121E+06
       62.00  0.238501E+00 0.245957E+02 0.996857E+01 0.149676E+06
       64.00  0.222036E+00 0.228097E+02 0.955704E+01 0.138691E+06
       66.00  0.208490E+00 0.213360E+02 0.923629E+01 0.129620E+06
       68.00  0.197237E+00 0.201068E+02 0.898822E+01 0.122048E+06
       70.00  0.187800E+00 0.190711E+02 0.879878E+01 0.115663E+06
       72.00  0.179816E+00 0.181901E+02 0.865713E+01 0.110226E+06
       74.00  0.173006E+00 0.174340E+02 0.855484E+01 0.105554E+06
       76.00  0.167156E+00 0.167797E+02 0.848529E+01 0.101505E+06
       78.00  0.162097E+00 0.162092E+02 0.844326E+01 0.979704E+05
       80.00  0.157695E+00 0.157084E+02 0.842457E+01 0.948617E+05
       82.00  0.153845E+00 0.152658E+02 0.842586E+01 0.921097E+05
       84.00  0.150459E+00 0.148724E+02 0.844437E+01 0.896586E+05
       86.00  0.147470E+00 0.145208E+02 0.847788E+01 0.874630E+05
       88.00  0.144819E+00 0.142048E+02 0.852453E+01 0.854859E+05
       90.00  0.142460E+00 0.139196E+02 0.858280E+01 0.836968E+05
       92.00  0.140355E+00 0.136610E+02 0.865141E+01 0.820705E+05
       94.00  0.138470E+00 0.134256E+02 0.872929E+01 0.805862E+05
       96.00  0.136779E+00 0.132106E+02 0.881554E+01 0.792260E+05
       98.00  0.135259E+00 0.130134E+02 0.890939E+01 0.779751E+05
      100.00  0.133890E+00 0.128319E+02 0.901018E+01 0.768207E+05
      102.00  0.132655E+00 0.126645E+02 0.911732E+01 0.757518E+05
      104.00  0.131539E+00 0.125095E+02 0.923030E+01 0.747589E+05
      106.00  0.130530E+00 0.123656E+02 0.934869E+01 0.738339E+05
      108.00  0.129616E+00 0.122317E+02 0.947207E+01 0.729696E+05
      110.00  0.128788E+00 0.121066E+02 0.960010E+01 0.721597E+05
      112.00  0.128038E+00 0.119896E+02 0.973246E+01 0.713989E+05
      114.00  0.127357E+00 0.118798E+02 0.986890E+01 0.706822E+05
      116.00  0.126740E+00 0.117766E+02 0.100092E+02 0.700057E+05
      118.00  0.126181E+00 0.116793E+02 0.101530E+02 0.693656E+05
      122.00  0.125217E+00 0.115006E+02 0.104509E+02 0.681820E+05
      126.00  0.124429E+00 0.113401E+02 0.107611E+02 0.671098E+05
      130.00  0.123792E+00 0.111949E+02 0.110827E+02 0.661312E+05
      134.00  0.123282E+00 0.110626E+02 0.114146E+02 0.652318E+05
      138.00  0.122880E+00 0.109414E+02 0.117561E+02 0.643995E+05
      142.00  0.122570E+00 0.108295E+02 0.121063E+02 0.636246E+05
      146.00  0.122340E+00 0.107256E+02 0.124646E+02 0.628990E+05
      150.00  0.122180E+00 0.106286E+02 0.128305E+02 0.622160E+05
      154.00  0.122079E+00 0.105378E+02 0.132037E+02 0.615704E+05
      158.00  0.122033E+00 0.104522E+02 0.135835E+02 0.609575E+05
      162.00  0.122033E+00 0.103713E+02 0.139698E+02 0.603733E+05
      166.00  0.122074E+00 0.102945E+02 0.143621E+02 0.598144E+05
      170.00  0.122152E+00 0.102213E+02 0.147601E+02 0.592778E+05
      174.00  0.122261E+00 0.101512E+02 0.151634E+02 0.587607E+05
      178.00  0.122399E+00 0.100840E+02 0.155718E+02 0.582611E+05
      182.00  0.122563E+00 0.100192E+02 0.159850E+02 0.577771E+05
      186.00  0.122749E+00 0.995665E+01 0.164027E+02 0.573073E+05
      190.00  0.122956E+00 0.989615E+01 0.168250E+02 0.568503E+05
      194.00  0.123183E+00 0.983751E+01 0.172514E+02 0.564051E+05
      198.00  0.123427E+00 0.978055E+01 0.176819E+02 0.559705E+05
      202.00  0.123686E+00 0.972510E+01 0.181162E+02 0.555456E+05
      206.00  0.123960E+00 0.967101E+01 0.185542E+02 0.551295E+05
      210.00  0.124246E+00 0.961817E+01 0.189957E+02 0.547215E+05
      214.00  0.124545E+00 0.956645E+01 0.194405E+02 0.543208E+05
      218.00  0.124854E+00 0.951579E+01 0.198884E+02 0.539271E+05
      222.00  0.125173E+00 0.946610E+01 0.203395E+02 0.535398E+05
      226.00  0.125503E+00 0.941732E+01 0.207935E+02 0.531585E+05
      230.00  0.125841E+00 0.936941E+01 0.212503E+02 0.527830E+05
      234.00  0.126188E+00 0.932230E+01 0.217099E+02 0.524128E+05
      238.00  0.126542E+00 0.927593E+01 0.221721E+02 0.520477E+05
      242.00  0.126904E+00 0.923025E+01 0.226368E+02 0.516873E+05
      246.00  0.127273E+00 0.918520E+01 0.231037E+02 0.513313E+05
      250.00  0.127648E+00 0.914075E+01 0.235729E+02 0.509794E+05
      254.00  0.128029E+00 0.909684E+01 0.240442E+02 0.506313E+05
      258.00  0.128416E+00 0.905346E+01 0.245175E+02 0.502870E+05
      262.00  0.128808E+00 0.901058E+01 0.249927E+02 0.499462E+05
      266.00  0.129205E+00 0.896817E+01 0.254697E+02 0.496088E+05
      270.00  0.129607E+00 0.892622E+01 0.259484E+02 0.492748E+05
      274.00  0.130014E+00 0.888470E+01 0.264287E+02 0.489438E+05
      282.00  0.130840E+00 0.880285E+01 0.273938E+02 0.482908E+05
      290.00  0.131681E+00 0.872242E+01 0.283640E+02 0.476486E+05
      298.00  0.132536E+00 0.864326E+01 0.293385E+02 0.470162E+05
      306.00  0.133403E+00 0.856524E+01 0.303166E+02 0.463929E+05
      314.00  0.134281E+00 0.848831E+01 0.312975E+02 0.457784E+05
      322.00  0.135169E+00 0.841240E+01 0.322807E+02 0.451723E+05
      330.00  0.136067E+00 0.833744E+01 0.332655E+02 0.445741E+05
      338.00  0.136974E+00 0.826333E+01 0.342511E+02 0.439833E+05
      346.00  0.137889E+00 0.819003E+01 0.352369E+02 0.433996E+05
      354.00  0.138811E+00 0.811752E+01 0.362225E+02 0.428228E+05
      362.00  0.139741E+00 0.804579E+01 0.372073E+02 0.422530E+05
      370.00  0.140679E+00 0.797483E+01 0.381909E+02 0.416899E+05
      378.00  0.141624E+00 0.790461E+01 0.391729E+02 0.411335E+05
      386.00  0.142576E+00 0.783512E+01 0.401526E+02 0.405835E+05
      394.00  0.143535E+00 0.776631E+01 0.411297E+02 0.400398E+05
      402.00  0.144501E+00 0.769820E+01 0.421037E+02 0.395024E+05
      410.00  0.145473E+00 0.763077E+01 0.430742E+02 0.389712E+05
      418.00  0.146453E+00 0.756402E+01 0.440410E+02 0.384461E+05
      426.00  0.147440E+00 0.749796E+01 0.450037E+02 0.379272E+05
      434.00  0.148433E+00 0.743255E+01 0.459618E+02 0.374142E+05
      442.00  0.149433E+00 0.736776E+01 0.469148E+02 0.369070E+05
      450.00  0.150438E+00 0.730359E+01 0.478624E+02 0.364055E+05
      458.00  0.151450E+00 0.724002E+01 0.488041E+02 0.359096E+05
      466.00  0.152467E+00 0.717705E+01 0.497398E+02 0.354193E+05
      474.00  0.153490E+00 0.711468E+01 0.506690E+02 0.349345E+05
      482.00  0.154520E+00 0.705289E+01 0.515915E+02 0.344552E+05
      490.00  0.155554E+00 0.699167E+01 0.525068E+02 0.339812E+05
      498.00  0.156594E+00 0.693099E+01 0.534146E+02 0.335124E+05
      506.00  0.157638E+00 0.687084E+01 0.543144E+02 0.330488E+05
      514.00  0.158687E+00 0.681123E+01 0.552061E+02 0.325902E+05
      522.00  0.159742E+00 0.675215E+01 0.560895E+02 0.321368E+05
      530.00  0.160801E+00 0.669361E+01 0.569643E+02 0.316884E+05
      538.00  0.161865E+00 0.663560E+01 0.578303E+02 0.312451E+05
      546.00  0.162934E+00 0.657811E+01 0.586872E+02 0.308068E+05
      554.00  0.164008E+00 0.652115E+01 0.595348E+02 0.303733E+05
      562.00  0.165087E+00 0.646469E+01 0.603729E+02 0.299448E+05
      570.00  0.166171E+00 0.640875E+01 0.612013E+02 0.295211E+05
      578.00  0.167259E+00 0.635332E+01 0.620198E+02 0.291022E+05
      586.00  0.168352E+00 0.629840E+01 0.628283E+02 0.286882E+05
      596.00  0.169726E+00 0.623049E+01 0.638249E+02 0.281774E+05
      606.00  0.171109E+00 0.616339E+01 0.648054E+02 0.276741E+05
      616.00  0.172499E+00 0.609708E+01 0.657696E+02 0.271782E+05
      626.00  0.173897E+00 0.603156E+01 0.667171E+02 0.266895E+05
      636.00  0.175302E+00 0.596681E+01 0.676478E+02 0.262079E+05
      646.00  0.176716E+00 0.590283E+01 0.685613E+02 0.257335E+05
      656.00  0.178138E+00 0.583963E+01 0.694576E+02 0.252662E+05
      666.00  0.179567E+00 0.577719E+01 0.703364E+02 0.248059E+05
      676.00  0.181005E+00 0.571549E+01 0.711975E+02 0.243524E+05
      686.00  0.182449E+00 0.565454E+01 0.720406E+02 0.239057E+05
      696.00  0.183901E+00 0.559430E+01 0.728655E+02 0.234656E+05
      706.00  0.185360E+00 0.553477E+01 0.736720E+02 0.230322E+05
      716.00  0.186826E+00 0.547595E+01 0.744599E+02 0.226052E+05
      726.00  0.188299E+00 0.541783E+01 0.752293E+02 0.221847E+05
      736.00  0.189779E+00 0.536041E+01 0.759799E+02 0.217706E+05
      746.00  0.191266E+00 0.530367E+01 0.767117E+02 0.213628E+05
      756.00  0.192759E+00 0.524760E+01 0.774244E+02 0.209611E+05
      766.00  0.194258E+00 0.519220E+01 0.781180E+02 0.205656E+05
      776.00  0.195764E+00 0.513745E+01 0.787924E+02 0.201761E+05
      786.00  0.197276E+00 0.508336E+01 0.794477E+02 0.197927E+05
      796.00  0.198795E+00 0.502993E+01 0.800839E+02 0.194151E+05
      806.00  0.200321E+00 0.497714E+01 0.807011E+02 0.190435E+05
      816.00  0.201853E+00 0.492500E+01 0.812991E+02 0.186777E+05
      826.00  0.203391E+00 0.487349E+01 0.818780E+02 0.183176E+05
      836.00  0.204936E+00 0.482260E+01 0.824377E+02 0.179632E+05
      846.00  0.206486E+00 0.477234E+01 0.829784E+02 0.176145E+05
      856.00  0.208044E+00 0.472270E+01 0.835001E+02 0.172712E+05
      866.00  0.209607E+00 0.467367E+01 0.840028E+02 0.169335E+05
      876.00  0.211177E+00 0.462526E+01 0.844868E+02 0.166012E+05
      886.00  0.212753E+00 0.457745E+01 0.849520E+02 0.162742E+05
      896.00  0.214336E+00 0.453023E+01 0.853985E+02 0.159525E+05
      906.00  0.215925E+00 0.448360E+01 0.858262E+02 0.156361E+05
      916.00  0.217519E+00 0.443754E+01 0.862353E+02 0.153248E+05
      926.00  0.219119E+00 0.439206E+01 0.866258E+02 0.150186E+05
      936.00  0.220725E+00 0.434714E+01 0.869979E+02 0.147174E+05
      946.00  0.222337E+00 0.430279E+01 0.873516E+02 0.144211E+05
      956.00  0.223954E+00 0.425899E+01 0.876871E+02 0.141298E+05
      966.00  0.225577E+00 0.421574E+01 0.880046E+02 0.138432E+05
      976.00  0.227206E+00 0.417304E+01 0.883039E+02 0.135615E+05
      986.00  0.228839E+00 0.413086E+01 0.885853E+02 0.132844E+05
      996.00  0.230478E+00 0.408921E+01 0.888488E+02 0.130119E+05
     1006.00  0.232122E+00 0.404808E+01 0.890947E+02 0.127441E+05
     1016.00  0.233771E+00 0.400746E+01 0.893230E+02 0.124807E+05
     1026.00  0.235425E+00 0.396736E+01 0.895340E+02 0.122218E+05
     1036.00  0.237084E+00 0.392777E+01 0.897278E+02 0.119673E+05
     1046.00  0.238748E+00 0.388868E+01 0.899047E+02 0.117172E+05
     1056.00  0.240417E+00 0.385009E+01 0.900647E+02 0.114713E+05
     1066.00  0.242091E+00 0.381198E+01 0.902079E+02 0.112297E+05
     1076.00  0.243769E+00 0.377436E+01 0.903347E+02 0.109923E+05
     1086.00  0.245453E+00 0.373722E+01 0.904451E+02 0.107589E+05
     1096.00  0.247140E+00 0.370055E+01 0.905393E+02 0.105297E+05
     1106.00  0.248833E+00 0.366435E+01 0.906177E+02 0.103044E+05
     1116.00  0.250531E+00 0.362862E+01 0.906803E+02 0.100831E+05
     1126.00  0.252233E+00 0.359336E+01 0.907274E+02 0.986575E+04
     1136.00  0.253940E+00 0.355855E+01 0.907592E+02 0.965222E+04
     1146.00  0.255651E+00 0.352418E+01 0.907758E+02 0.944248E+04
     1156.00  0.257367E+00 0.349027E+01 0.907774E+02 0.923649E+04
     1166.00  0.259086E+00 0.345678E+01 0.907642E+02 0.903417E+04
     1176.00  0.260810E+00 0.342373E+01 0.907364E+02 0.883549E+04
     1186.00  0.262538E+00 0.339111E+01 0.906941E+02 0.864039E+04
     1196.00  0.264271E+00 0.335892E+01 0.906377E+02 0.844883E+04
     1206.00  0.266007E+00 0.332714E+01 0.905672E+02 0.826075E+04
     1216.00  0.267747E+00 0.329577E+01 0.904830E+02 0.807610E+04
     1226.00  0.269491E+00 0.326481E+01 0.903852E+02 0.789483E+04
     1236.00  0.271238E+00 0.323425E+01 0.902739E+02 0.771689E+04
     1246.00  0.272989E+00 0.320409E+01 0.901493E+02 0.754222E+04
     1256.00  0.274744E+00 0.317432E+01 0.900117E+02 0.737079E+04
     1266.00  0.276501E+00 0.314493E+01 0.898612E+02 0.720253E+04
     1276.00  0.278262E+00 0.311593E+01 0.896981E+02 0.703741E+04
     1286.00  0.280026E+00 0.308730E+01 0.895226E+02 0.687539E+04
     1296.00  0.281793E+00 0.305904E+01 0.893349E+02 0.671641E+04
     1306.00  0.283563E+00 0.303116E+01 0.891353E+02 0.656043E+04
     1316.00  0.285336E+00 0.300364E+01 0.889239E+02 0.640741E+04
     1326.00  0.287113E+00 0.297648E+01 0.887010E+02 0.625729E+04
     1336.00  0.288891E+00 0.294967E+01 0.884667E+02 0.611005E+04
     1346.00  0.290673E+00 0.292321E+01 0.882212E+02 0.596562E+04
     1356.00  0.292457E+00 0.289710E+01 0.879648E+02 0.582398E+04
     1366.00  0.294244E+00 0.287133E+01 0.876978E+02 0.568507E+04
     1376.00  0.296033E+00 0.284590E+01 0.874202E+02 0.554887E+04
     1386.00  0.297825E+00 0.282081E+01 0.871325E+02 0.541532E+04
     1396.00  0.299620E+00 0.279604E+01 0.868348E+02 0.528439E+04
     1406.00  0.301417E+00 0.277161E+01 0.865273E+02 0.515604E+04
     1416.00  0.303216E+00 0.274750E+01 0.862102E+02 0.503022E+04
     1426.00  0.305018E+00 0.272370E+01 0.858837E+02 0.490690E+04
     1436.00  0.306822E+00 0.270022E+01 0.855480E+02 0.478603E+04
     1446.00  0.308627E+00 0.267705E+01 0.852033E+02 0.466758E+04
     1456.00  0.310435E+00 0.265419E+01 0.848498E+02 0.455151E+04
     1466.00  0.312245E+00 0.263163E+01 0.844878E+02 0.443778E+04
     1476.00  0.314057E+00 0.260937E+01 0.841175E+02 0.432635E+04
     1486.00  0.315871E+00 0.258741E+01 0.837390E+02 0.421720E+04
     1496.00  0.317686E+00 0.256574E+01 0.833526E+02 0.411027E+04
     1506.00  0.319504E+00 0.254435E+01 0.829585E+02 0.400553E+04
     1516.00  0.321322E+00 0.252325E+01 0.825568E+02 0.390296E+04
     1526.00  0.323143E+00 0.250243E+01 0.821477E+02 0.380250E+04
     1536.00  0.324964E+00 0.248189E+01 0.817315E+02 0.370413E+04
     1546.00  0.326787E+00 0.246161E+01 0.813082E+02 0.360781E+04
     1556.00  0.328611E+00 0.244161E+01 0.808782E+02 0.351351E+04
     1566.00  0.330435E+00 0.242187E+01 0.804416E+02 0.342120E+04
     1576.00  0.332261E+00 0.240239E+01 0.799986E+02 0.333083E+04
     1586.00  0.334088E+00 0.238318E+01 0.795494E+02 0.324239E+04
     1596.00  0.335916E+00 0.236421E+01 0.790942E+02 0.315583E+04
     1606.00  0.337745E+00 0.234550E+01 0.786332E+02 0.307113E+04
     1616.00  0.339574E+00 0.232704E+01 0.781665E+02 0.298825E+04
     1626.00  0.341404E+00 0.230882E+01 0.776944E+02 0.290716E+04
     1636.00  0.343234E+00 0.229085E+01 0.772170E+02 0.282783E+04
     1646.00  0.345064E+00 0.227311E+01 0.767344E+02 0.275024E+04
     1656.00  0.346895E+00 0.225561E+01 0.762470E+02 0.267434E+04
     1666.00  0.348726E+00 0.223834E+01 0.757548E+02 0.260012E+04
     1676.00  0.350558E+00 0.222130E+01 0.752581E+02 0.252755E+04
     1686.00  0.352390E+00 0.220449E+01 0.747570E+02 0.245659E+04
     1696.00  0.354222E+00 0.218790E+01 0.742518E+02 0.238721E+04
     1706.00  0.356054E+00 0.217153E+01 0.737425E+02 0.231940E+04
     1716.00  0.357886E+00 0.215538E+01 0.732294E+02 0.225312E+04
     1726.00  0.359718E+00 0.213945E+01 0.727126E+02 0.218834E+04
     1736.00  0.361549E+00 0.212373E+01 0.721923E+02 0.212504E+04
     1746.00  0.363381E+00 0.210822E+01 0.716686E+02 0.206319E+04
     1756.00  0.365212E+00 0.209291E+01 0.711417E+02 0.200276E+04
     1766.00  0.367042E+00 0.207781E+01 0.706117E+02 0.194374E+04
     1776.00  0.368872E+00 0.206291E+01 0.700789E+02 0.188609E+04
     1786.00  0.370702E+00 0.204820E+01 0.695434E+02 0.182979E+04
     1796.00  0.372531E+00 0.203370E+01 0.690052E+02 0.177481E+04
     1806.00  0.374359E+00 0.201938E+01 0.684647E+02 0.172114E+04
     1816.00  0.376187E+00 0.200526E+01 0.679219E+02 0.166874E+04
     1826.00  0.378014E+00 0.199133E+01 0.673770E+02 0.161759E+04
     1836.00  0.379839E+00 0.197758E+01 0.668301E+02 0.156767E+04
     1846.00  0.381664E+00 0.196401E+01 0.662813E+02 0.151896E+04
     1856.00  0.383487E+00 0.195062E+01 0.657308E+02 0.147143E+04
     1866.00  0.385309E+00 0.193741E+01 0.651787E+02 0.142507E+04
     1876.00  0.387130E+00 0.192437E+01 0.646252E+02 0.137984E+04
     1886.00  0.388949E+00 0.191150E+01 0.640704E+02 0.133573E+04
     1896.00  0.390767E+00 0.189881E+01 0.635144E+02 0.129272E+04
     1906.00  0.392583E+00 0.188628E+01 0.629574E+02 0.125078E+04
     1916.00  0.394397E+00 0.187392E+01 0.623995E+02 0.120990E+04
     1926.00  0.396210E+00 0.186172E+01 0.618408E+02 0.117006E+04
     1936.00  0.398021E+00 0.184968E+01 0.612814E+02 0.113123E+04
     1946.00  0.399830E+00 0.183780E+01 0.607215E+02 0.109339E+04
     1956.00  0.401637E+00 0.182607E+01 0.601611E+02 0.105653E+04
     1966.00  0.403442E+00 0.181450E+01 0.596005E+02 0.102062E+04
     1976.00  0.405244E+00 0.180308E+01 0.590397E+02 0.985655E+03
     1986.00  0.407045E+00 0.179181E+01 0.584788E+02 0.951607E+03
     1996.00  0.408843E+00 0.178069E+01 0.579179E+02 0.918460E+03
     2006.00  0.410639E+00 0.176971E+01 0.573573E+02 0.886195E+03
     2016.00  0.412432E+00 0.175888E+01 0.567969E+02 0.854796E+03
     2026.00  0.414223E+00 0.174819E+01 0.562369E+02 0.824245E+03
     2036.00  0.416012E+00 0.173764E+01 0.556774E+02 0.794524E+03
     2046.00  0.417798E+00 0.172722E+01 0.551185E+02 0.765618E+03
     2056.00  0.419581E+00 0.171695E+01 0.545603E+02 0.737508E+03
     2066.00  0.421362E+00 0.170680E+01 0.540028E+02 0.710179E+03
     2076.00  0.423139E+00 0.169679E+01 0.534463E+02 0.683614E+03
     2086.00  0.424914E+00 0.168690E+01 0.528908E+02 0.657798E+03
     2096.00  0.426686E+00 0.167715E+01 0.523363E+02 0.632716E+03
     2106.00  0.428455E+00 0.166752E+01 0.517830E+02 0.608351E+03
     2116.00  0.430221E+00 0.165802E+01 0.512310E+02 0.584689E+03
     2126.00  0.431983E+00 0.164863E+01 0.506803E+02 0.561714E+03
     2136.00  0.433743E+00 0.163937E+01 0.501311E+02 0.539413E+03
     2146.00  0.435499E+00 0.163023E+01 0.495834E+02 0.517771E+03
     2156.00  0.437252E+00 0.162121E+01 0.490373E+02 0.496774E+03
     2166.00  0.439002E+00 0.161230E+01 0.484929E+02 0.476408E+03
     2176.00  0.440747E+00 0.160350E+01 0.479502E+02 0.456658E+03
     2186.00  0.442490E+00 0.159482E+01 0.474094E+02 0.437512E+03
     2196.00  0.444228E+00 0.158624E+01 0.468705E+02 0.418957E+03
     2206.00  0.445963E+00 0.157778E+01 0.463335E+02 0.400979E+03
     2216.00  0.447694E+00 0.156942E+01 0.457986E+02 0.383565E+03
     2226.00  0.449421E+00 0.156117E+01 0.452658E+02 0.366704E+03
     2236.00  0.451144E+00 0.155302E+01 0.447352E+02 0.350382E+03
     2246.00  0.452863E+00 0.154497E+01 0.442069E+02 0.334588E+03
     2256.00  0.454577E+00 0.153702E+01 0.436809E+02 0.319310E+03
     2266.00  0.456288E+00 0.152917E+01 0.431572E+02 0.304535E+03
     2276.00  0.457994E+00 0.152142E+01 0.426360E+02 0.290253E+03
     2286.00  0.459696E+00 0.151377E+01 0.421173E+02 0.276452E+03
     2296.00  0.461394E+00 0.150621E+01 0.416011E+02 0.263122E+03
     2306.00  0.463086E+00 0.149874E+01 0.410876E+02 0.250250E+03
     2316.00  0.464775E+00 0.149137E+01 0.405767E+02 0.237826E+03
     2326.00  0.466458E+00 0.148408E+01 0.400685E+02 0.225841E+03
     2336.00  0.468137E+00 0.147688E+01 0.395631E+02 0.214283E+03
     2346.00  0.469811E+00 0.146977E+01 0.390605E+02 0.203142E+03
     2356.00  0.471480E+00 0.146275E+01 0.385607E+02 0.192408E+03
     2366.00  0.473144E+00 0.145581E+01 0.380639E+02 0.182072E+03
     2376.00  0.474803E+00 0.144895E+01 0.375701E+02 0.172124E+03
     2386.00  0.476457E+00 0.144218E+01 0.370793E+02 0.162555E+03
     2396.00  0.478107E+00 0.143548E+01 0.365915E+02 0.153355E+03
     2406.00  0.479751E+00 0.142887E+01 0.361068E+02 0.144514E+03
     2416.00  0.481390E+00 0.142233E+01 0.356253E+02 0.136025E+03
     2426.00  0.483023E+00 0.141587E+01 0.351469E+02 0.127879E+03
     2436.00  0.484651E+00 0.140949E+01 0.346717E+02 0.120066E+03
     2446.00  0.486274E+00 0.140318E+01 0.341998E+02 0.112578E+03
     2456.00  0.487891E+00 0.139694E+01 0.337311E+02 0.105407E+03
     2466.00  0.489503E+00 0.139078E+01 0.332658E+02 0.985454E+02
     2476.00  0.491109E+00 0.138469E+01 0.328037E+02 0.919844E+02
     2486.00  0.492710E+00 0.137866E+01 0.323451E+02 0.857165E+02
     2496.00  0.494305E+00 0.137271E+01 0.318899E+02 0.797340E+02
     2506.00  0.495894E+00 0.136682E+01 0.314380E+02 0.740293E+02
     2516.00  0.497477E+00 0.136100E+01 0.309897E+02 0.685950E+02
     2526.00  0.499055E+00 0.135524E+01 0.305448E+02 0.634239E+02
     2536.00  0.500626E+00 0.134955E+01 0.301034E+02 0.585088E+02
     2546.00  0.502192E+00 0.134392E+01 0.296656E+02 0.538429E+02
     2556.00  0.503751E+00 0.133835E+01 0.292312E+02 0.494192E+02
     2566.00  0.505304E+00 0.133284E+01 0.288005E+02 0.452311E+02
     2576.00  0.506851E+00 0.132739E+01 0.283733E+02 0.412719E+02
     2586.00  0.508391E+00 0.132200E+01 0.279497E+02 0.375354E+02
     2596.00  0.509926E+00 0.131667E+01 0.275297E+02 0.340151E+02
     2606.00  0.511453E+00 0.131139E+01 0.271134E+02 0.307048E+02
     2616.00  0.512975E+00 0.130617E+01 0.267007E+02 0.275987E+02
     2626.00  0.514489E+00 0.130100E+01 0.262916E+02 0.246906E+02
     2636.00  0.515998E+00 0.129589E+01 0.258862E+02 0.219748E+02
     2646.00  0.517499E+00 0.129083E+01 0.254845E+02 0.194456E+02
     2656.00  0.518994E+00 0.128582E+01 0.250865E+02 0.170974E+02
     2666.00  0.520482E+00 0.128086E+01 0.246922E+02 0.149248E+02
     2676.00  0.521963E+00 0.127594E+01 0.243016E+02 0.129224E+02
     2686.00  0.523437E+00 0.127108E+01 0.239148E+02 0.110850E+02
     2696.00  0.524904E+00 0.126627E+01 0.235316E+02 0.940745E+01
     2706.00  0.526364E+00 0.126150E+01 0.231521E+02 0.788475E+01
     2716.00  0.527817E+00 0.125677E+01 0.227764E+02 0.651199E+01
     2726.00  0.529263E+00 0.125210E+01 0.224045E+02 0.528436E+01
     2736.00  0.530702E+00 0.124746E+01 0.220362E+02 0.419717E+01
     2746.00  0.532133E+00 0.124287E+01 0.216717E+02 0.324580E+01
     2756.00  0.533557E+00 0.123832E+01 0.213110E+02 0.242577E+01
     2766.00  0.534974E+00 0.123381E+01 0.209540E+02 0.173267E+01
     2776.00  0.536383E+00 0.122935E+01 0.206007E+02 0.116218E+01
     2786.00  0.537785E+00 0.122492E+01 0.202512E+02 0.710113E+00
     2796.00  0.539180E+00 0.122053E+01 0.199054E+02 0.372333E+00
     2806.00  0.540567E+00 0.121618E+01 0.195634E+02 0.144820E+00
     2816.00  0.541946E+00 0.121187E+01 0.192250E+02 0.236372E-01
     2826.00  0.543317E+00 0.120759E+01 0.188904E+02 0.493614E-02
     2836.00  0.544681E+00 0.120335E+01 0.185596E+02 0.849569E-01
     2846.00  0.546038E+00 0.119914E+01 0.182324E+02 0.260025E+00
     2856.00  0.547386E+00 0.119497E+01 0.179090E+02 0.526549E+00
     2866.00  0.548726E+00 0.119083E+01 0.175892E+02 0.881023E+00
     2876.00  0.550059E+00 0.118673E+01 0.172732E+02 0.132002E+01
     2886.00  0.551384E+00 0.118265E+01 0.169608E+02 0.184019E+01
     2896.00  0.552700E+00 0.117861E+01 0.166521E+02 0.243827E+01
     2906.00  0.554009E+00 0.117460E+01 0.163471E+02 0.311107E+01
     2916.00  0.555310E+00 0.117062E+01 0.160457E+02 0.385548E+01
     2926.00  0.556602E+00 0.116666E+01 0.157480E+02 0.466844E+01
     2936.00  0.557887E+00 0.116274E+01 0.154539E+02 0.554701E+01
     2946.00  0.559163E+00 0.115884E+01 0.151635E+02 0.648827E+01
     2956.00  0.560431E+00 0.115497E+01 0.148766E+02 0.748941E+01
     2966.00  0.561690E+00 0.115113E+01 0.145933E+02 0.854768E+01
     2976.00  0.562941E+00 0.114731E+01 0.143136E+02 0.966037E+01
     2986.00  0.564183E+00 0.114352E+01 0.140375E+02 0.108249E+02
     2996.00  0.565417E+00 0.113975E+01 0.137649E+02 0.120387E+02
     3006.00  0.566642E+00 0.113600E+01 0.134959E+02 0.132992E+02
     3016.00  0.567859E+00 0.113228E+01 0.132304E+02 0.146041E+02
     3026.00  0.569067E+00 0.112858E+01 0.129683E+02 0.159509E+02
     3036.00  0.570267E+00 0.112490E+01 0.127098E+02 0.173375E+02
     3046.00  0.571457E+00 0.112124E+01 0.124547E+02 0.187614E+02
     3056.00  0.572639E+00 0.111760E+01 0.122031E+02 0.202206E+02
     3066.00  0.573812E+00 0.111399E+01 0.119549E+02 0.217129E+02
     3076.00  0.574976E+00 0.111039E+01 0.117101E+02 0.232363E+02
     3086.00  0.576131E+00 0.110681E+01 0.114688E+02 0.247887E+02
     3096.00  0.577277E+00 0.110325E+01 0.112307E+02 0.263682E+02
     3106.00  0.578414E+00 0.109970E+01 0.109961E+02 0.279728E+02
     3116.00  0.579542E+00 0.109618E+01 0.107648E+02 0.296007E+02
     3126.00  0.580661E+00 0.109267E+01 0.105368E+02 0.312501E+02
     3136.00  0.581770E+00 0.108917E+01 0.103121E+02 0.329192E+02
     3146.00  0.582870E+00 0.108569E+01 0.100906E+02 0.346064E+02
     3156.00  0.583961E+00 0.108223E+01 0.987244E+01 0.363100E+02
     3166.00  0.585043E+00 0.107878E+01 0.965748E+01 0.380283E+02
     3176.00  0.586116E+00 0.107534E+01 0.944574E+01 0.397599E+02
     3186.00  0.587179E+00 0.107192E+01 0.923718E+01 0.415031E+02
     3196.00  0.588233E+00 0.106851E+01 0.903179E+01 0.432566E+02
     3206.00  0.589277E+00 0.106511E+01 0.882954E+01 0.450189E+02
     3216.00  0.590312E+00 0.106172E+01 0.863041E+01 0.467886E+02
     3226.00  0.591338E+00 0.105835E+01 0.843438E+01 0.485644E+02
     3236.00  0.592354E+00 0.105499E+01 0.824141E+01 0.503449E+02
     3246.00  0.593360E+00 0.105163E+01 0.805150E+01 0.521289E+02
     3256.00  0.594356E+00 0.104829E+01 0.786461E+01 0.539152E+02
     3266.00  0.595343E+00 0.104496E+01 0.768072E+01 0.557026E+02
     3276.00  0.596321E+00 0.104163E+01 0.749980E+01 0.574900E+02
     3286.00  0.597288E+00 0.103832E+01 0.732184E+01 0.592762E+02
     3296.00  0.598246E+00 0.103501E+01 0.714680E+01 0.610602E+02
     3306.00  0.599194E+00 0.103171E+01 0.697467E+01 0.628409E+02
     3316.00  0.600133E+00 0.102841E+01 0.680542E+01 0.646174E+02
     3326.00  0.601061E+00 0.102513E+01 0.663902E+01 0.663886E+02
     3336.00  0.601980E+00 0.102185E+01 0.647544E+01 0.681537E+02
     3346.00  0.602889E+00 0.101858E+01 0.631467E+01 0.699118E+02
     3356.00  0.603787E+00 0.101531E+01 0.615668E+01 0.716618E+02
     3366.00  0.604676E+00 0.101205E+01 0.600143E+01 0.734032E+02
     3376.00  0.605555E+00 0.100879E+01 0.584891E+01 0.751349E+02
     3386.00  0.606424E+00 0.100554E+01 0.569909E+01 0.768563E+02
     3396.00  0.607282E+00 0.100229E+01 0.555194E+01 0.785666E+02
     3406.00  0.608130E+00 0.999044E+00 0.540744E+01 0.802650E+02
     3416.00  0.608968E+00 0.995802E+00 0.526556E+01 0.819509E+02
     3426.00  0.609796E+00 0.992564E+00 0.512627E+01 0.836237E+02
     3436.00  0.610614E+00 0.989328E+00 0.498955E+01 0.852826E+02
     3446.00  0.611421E+00 0.986094E+00 0.485538E+01 0.869271E+02
     3456.00  0.612219E+00 0.982863E+00 0.472372E+01 0.885565E+02
     3466.00  0.613005E+00 0.979633E+00 0.459455E+01 0.901704E+02
     3476.00  0.613782E+00 0.976404E+00 0.446784E+01 0.917682E+02
     3486.00  0.614548E+00 0.973176E+00 0.434358E+01 0.933493E+02
     3496.00  0.615303E+00 0.969949E+00 0.422172E+01 0.949133E+02
     3506.00  0.616049E+00 0.966723E+00 0.410224E+01 0.964597E+02
     3516.00  0.616783E+00 0.963496E+00 0.398513E+01 0.979880E+02
     3526.00  0.617507E+00 0.960269E+00 0.387034E+01 0.994979E+02
     3536.00  0.618221E+00 0.957042E+00 0.375786E+01 0.100989E+03
     3546.00  0.618923E+00 0.953813E+00 0.364766E+01 0.102461E+03
     3556.00  0.619616E+00 0.950584E+00 0.353971E+01 0.103913E+03
     3566.00  0.620297E+00 0.947352E+00 0.343398E+01 0.105345E+03
     3576.00  0.620968E+00 0.944120E+00 0.333045E+01 0.106757E+03
     3586.00  0.621628E+00 0.940885E+00 0.322910E+01 0.108148E+03
     3596.00  0.622278E+00 0.937648E+00 0.312989E+01 0.109519E+03
     3606.00  0.622917E+00 0.934409E+00 0.303281E+01 0.110868E+03
     3616.00  0.623545E+00 0.931167E+00 0.293781E+01 0.112196E+03
     3626.00  0.624162E+00 0.927923E+00 0.284489E+01 0.113502E+03
     3636.00  0.624768E+00 0.924675E+00 0.275401E+01 0.114787E+03
     3646.00  0.625364E+00 0.921423E+00 0.266514E+01 0.116049E+03
     3656.00  0.625949E+00 0.918169E+00 0.257827E+01 0.117289E+03
     3666.00  0.626523E+00 0.914910E+00 0.249335E+01 0.118507E+03
     3676.00  0.627086E+00 0.911647E+00 0.241038E+01 0.119702E+03
     3686.00  0.627638E+00 0.908380E+00 0.232932E+01 0.120874E+03
     3696.00  0.628180E+00 0.905109E+00 0.225014E+01 0.122024E+03
     3706.00  0.628710E+00 0.901832E+00 0.217283E+01 0.123151E+03
     3716.00  0.629229E+00 0.898551E+00 0.209735E+01 0.124254E+03
     3726.00  0.629737E+00 0.895265E+00 0.202368E+01 0.125335E+03
     3736.00  0.630235E+00 0.891974E+00 0.195180E+01 0.126392E+03
     3746.00  0.630721E+00 0.888677E+00 0.188168E+01 0.127426E+03
     3756.00  0.631197E+00 0.885375E+00 0.181329E+01 0.128437E+03
     3766.00  0.631661E+00 0.882068E+00 0.174661E+01 0.129424E+03
     3776.00  0.632114E+00 0.878754E+00 0.168161E+01 0.130388E+03
     3786.00  0.632556E+00 0.875434E+00 0.161828E+01 0.131328E+03
     3796.00  0.632988E+00 0.872108E+00 0.155658E+01 0.132245E+03
     3806.00  0.633408E+00 0.868776E+00 0.149650E+01 0.133138E+03
     3816.00  0.633816E+00 0.865437E+00 0.143800E+01 0.134008E+03
     3826.00  0.634214E+00 0.862092E+00 0.138106E+01 0.134855E+03
     3836.00  0.634601E+00 0.858740E+00 0.132566E+01 0.135678E+03
     3846.00  0.634976E+00 0.855380E+00 0.127177E+01 0.136478E+03
     3856.00  0.635340E+00 0.852014E+00 0.121937E+01 0.137254E+03
     3866.00  0.635692E+00 0.848641E+00 0.116844E+01 0.138008E+03
     3876.00  0.636034E+00 0.845260E+00 0.111896E+01 0.138738E+03
     3886.00  0.636364E+00 0.841872E+00 0.107089E+01 0.139445E+03
     3896.00  0.636683E+00 0.838476E+00 0.102422E+01 0.140128E+03
     3906.00  0.636991E+00 0.835073E+00 0.978927E+00 0.140789E+03
     3916.00  0.637287E+00 0.831662E+00 0.934981E+00 0.141427E+03
     3926.00  0.637572E+00 0.828243E+00 0.892363E+00 0.142043E+03
     3936.00  0.637846E+00 0.824817E+00 0.851050E+00 0.142635E+03
     3946.00  0.638108E+00 0.821382E+00 0.811020E+00 0.143205E+03
     3956.00  0.638359E+00 0.817940E+00 0.772250E+00 0.143753E+03
     3966.00  0.638598E+00 0.814489E+00 0.734718E+00 0.144278E+03
     3976.00  0.638826E+00 0.811031E+00 0.698402E+00 0.144781E+03
     3986.00  0.639043E+00 0.807564E+00 0.663281E+00 0.145262E+03
     3996.00  0.639248E+00 0.804088E+00 0.629333E+00 0.145721E+03
     4006.00  0.639442E+00 0.800605E+00 0.596535E+00 0.146158E+03
     4016.00  0.639624E+00 0.797113E+00 0.564868E+00 0.146574E+03
     4026.00  0.639795E+00 0.793612E+00 0.534310E+00 0.146968E+03
     4036.00  0.639954E+00 0.790103E+00 0.504840E+00 0.147341E+03
     4046.00  0.640102E+00 0.786586E+00 0.476437E+00 0.147692E+03
     4056.00  0.640239E+00 0.783060E+00 0.449080E+00 0.148023E+03
     4066.00  0.640364E+00 0.779525E+00 0.422750E+00 0.148333E+03
     4076.00  0.640477E+00 0.775982E+00 0.397426E+00 0.148622E+03
     4086.00  0.640579E+00 0.772431E+00 0.373089E+00 0.148891E+03
     4096.00  0.640670E+00 0.768871E+00 0.349717E+00 0.149139E+03
     4106.00  0.640749E+00 0.765302E+00 0.327292E+00 0.149368E+03
     4116.00  0.640816E+00 0.761725E+00 0.305794E+00 0.149576E+03
     4126.00  0.640872E+00 0.758139E+00 0.285204E+00 0.149765E+03
     4136.00  0.640917E+00 0.754545E+00 0.265502E+00 0.149934E+03
     4146.00  0.640950E+00 0.750942E+00 0.246670E+00 0.150084E+03
     4156.00  0.640971E+00 0.747331E+00 0.228689E+00 0.150215E+03
     4166.00  0.640981E+00 0.743711E+00 0.211541E+00 0.150327E+03
     4176.00  0.640980E+00 0.740082E+00 0.195207E+00 0.150420E+03
     4186.00  0.640967E+00 0.736445E+00 0.179669E+00 0.150494E+03
     4196.00  0.640942E+00 0.732800E+00 0.164909E+00 0.150551E+03
     4206.00  0.640906E+00 0.729146E+00 0.150909E+00 0.150589E+03
     4216.00  0.640858E+00 0.725484E+00 0.137652E+00 0.150609E+03
     4226.00  0.640799E+00 0.721814E+00 0.125120E+00 0.150612E+03
     4236.00  0.640728E+00 0.718135E+00 0.113296E+00 0.150597E+03
     4246.00  0.640646E+00 0.714449E+00 0.102164E+00 0.150565E+03
     4256.00  0.640552E+00 0.710754E+00 0.917055E-01 0.150516E+03
     4266.00  0.640447E+00 0.707051E+00 0.819051E-01 0.150450E+03
     4276.00  0.640330E+00 0.703340E+00 0.727460E-01 0.150367E+03
     4286.00  0.640201E+00 0.699621E+00 0.642119E-01 0.150268E+03
     4296.00  0.640061E+00 0.695894E+00 0.562870E-01 0.150153E+03
     4306.00  0.639910E+00 0.692159E+00 0.489553E-01 0.150022E+03
     4316.00  0.639747E+00 0.688417E+00 0.422012E-01 0.149875E+03
     4326.00  0.639572E+00 0.684667E+00 0.360093E-01 0.149713E+03
     4336.00  0.639386E+00 0.680909E+00 0.303643E-01 0.149535E+03
     4346.00  0.639188E+00 0.677144E+00 0.252512E-01 0.149343E+03
     4356.00  0.638979E+00 0.673371E+00 0.206551E-01 0.149135E+03
     4366.00  0.638758E+00 0.669591E+00 0.165614E-01 0.148913E+03
     4376.00  0.638526E+00 0.665804E+00 0.129556E-01 0.148677E+03
     4386.00  0.638282E+00 0.662010E+00 0.982336E-02 0.148426E+03
     4396.00  0.638027E+00 0.658209E+00 0.715068E-02 0.148161E+03
     4406.00  0.637760E+00 0.654401E+00 0.492364E-02 0.147883E+03
     4416.00  0.637481E+00 0.650586E+00 0.312854E-02 0.147591E+03
     4426.00  0.637191E+00 0.646765E+00 0.175188E-02 0.147286E+03
     4436.00  0.636890E+00 0.642937E+00 0.780344E-03 0.146968E+03
     4446.00  0.636577E+00 0.639102E+00 0.200800E-03 0.146636E+03
     4456.00  0.636253E+00 0.635261E+00 0.316236E-06 0.146293E+03
     4466.00  0.635917E+00 0.631415E+00 0.166148E-03 0.145936E+03
     4476.00  0.635569E+00 0.627562E+00 0.685740E-03 0.145568E+03
     4486.00  0.635210E+00 0.623703E+00 0.154672E-02 0.145188E+03
     4511.00  0.634262E+00 0.614031E+00 0.511330E-02 0.144186E+03
     4536.00  0.633243E+00 0.604325E+00 0.105528E-01 0.143114E+03
     4561.00  0.632153E+00 0.594589E+00 0.176871E-01 0.141975E+03
     4586.00  0.630991E+00 0.584823E+00 0.263456E-01 0.140773E+03
     4611.00  0.629759E+00 0.575032E+00 0.363644E-01 0.139511E+03
     4636.00  0.628456E+00 0.565217E+00 0.475868E-01 0.138191E+03
     4661.00  0.627082E+00 0.555382E+00 0.598630E-01 0.136818E+03
     4686.00  0.625638E+00 0.545529E+00 0.730500E-01 0.135394E+03
     4711.00  0.624124E+00 0.535662E+00 0.870113E-01 0.133923E+03
     4736.00  0.622540E+00 0.525783E+00 0.101617E+00 0.132406E+03
     4761.00  0.620888E+00 0.515896E+00 0.116745E+00 0.130849E+03
     4786.00  0.619166E+00 0.506004E+00 0.132276E+00 0.129252E+03
     4811.00  0.617375E+00 0.496110E+00 0.148102E+00 0.127619E+03
     4836.00  0.615515E+00 0.486218E+00 0.164117E+00 0.125952E+03
     4861.00  0.613588E+00 0.476330E+00 0.180222E+00 0.124255E+03
     4886.00  0.611592E+00 0.466451E+00 0.196325E+00 0.122530E+03
     4911.00  0.609529E+00 0.456584E+00 0.212339E+00 0.120779E+03
     4936.00  0.607399E+00 0.446733E+00 0.228182E+00 0.119005E+03
     4961.00  0.605202E+00 0.436901E+00 0.243779E+00 0.117210E+03
     4986.00  0.602938E+00 0.427093E+00 0.259059E+00 0.115397E+03
     5011.00  0.600609E+00 0.417311E+00 0.273956E+00 0.113568E+03
     5036.00  0.598214E+00 0.407559E+00 0.288411E+00 0.111724E+03
     5061.00  0.595754E+00 0.397842E+00 0.302368E+00 0.109869E+03
     5086.00  0.593229E+00 0.388163E+00 0.315776E+00 0.108003E+03
     5111.00  0.590641E+00 0.378527E+00 0.328589E+00 0.106130E+03
     5136.00  0.587989E+00 0.368937E+00 0.340767E+00 0.104251E+03
     5161.00  0.585274E+00 0.359397E+00 0.352272E+00 0.102367E+03
     5186.00  0.582497E+00 0.349910E+00 0.363070E+00 0.100481E+03
     5211.00  0.579658E+00 0.340481E+00 0.373135E+00 0.985946E+02
     5236.00  0.576758E+00 0.331115E+00 0.382439E+00 0.967087E+02
     5261.00  0.573797E+00 0.321813E+00 0.390964E+00 0.948253E+02
     5286.00  0.570776E+00 0.312582E+00 0.398691E+00 0.929459E+02
     5311.00  0.567695E+00 0.303423E+00 0.405606E+00 0.910718E+02
     5336.00  0.564556E+00 0.294342E+00 0.411700E+00 0.892044E+02
     5361.00  0.561358E+00 0.285342E+00 0.416964E+00 0.873450E+02
     5386.00  0.558103E+00 0.276427E+00 0.421396E+00 0.854949E+02
     5411.00  0.554790E+00 0.267601E+00 0.424993E+00 0.836552E+02
     5436.00  0.551422E+00 0.258866E+00 0.427759E+00 0.818271E+02
     5461.00  0.547997E+00 0.250228E+00 0.429697E+00 0.800117E+02
     5511.00  0.540985E+00 0.233256E+00 0.431121E+00 0.764228E+02
     5561.00  0.533758E+00 0.216710E+00 0.429353E+00 0.728960E+02
     5611.00  0.526324E+00 0.200621E+00 0.424516E+00 0.694379E+02
     5661.00  0.518688E+00 0.185015E+00 0.416762E+00 0.660545E+02
     5711.00  0.510858E+00 0.169917E+00 0.406274E+00 0.627509E+02
     5761.00  0.502840E+00 0.155353E+00 0.393259E+00 0.595316E+02
     5811.00  0.494641E+00 0.141347E+00 0.377943E+00 0.564003E+02
     5861.00  0.486269E+00 0.127919E+00 0.360573E+00 0.533602E+02
     5911.00  0.477730E+00 0.115091E+00 0.341406E+00 0.504139E+02
     5961.00  0.469031E+00 0.102882E+00 0.320714E+00 0.475634E+02
     6011.00  0.460182E+00 0.913089E-01 0.298776E+00 0.448102E+02
     6061.00  0.451189E+00 0.803883E-01 0.275877E+00 0.421553E+02
     6111.00  0.442060E+00 0.701339E-01 0.252305E+00 0.395996E+02
     6161.00  0.432805E+00 0.605581E-01 0.228349E+00 0.371430E+02
     6211.00  0.423431E+00 0.516714E-01 0.204298E+00 0.347856E+02
     6261.00  0.413948E+00 0.434826E-01 0.180436E+00 0.325269E+02
     6311.00  0.404364E+00 0.359983E-01 0.157041E+00 0.303662E+02
     6361.00  0.394688E+00 0.292233E-01 0.134386E+00 0.283023E+02
     6411.00  0.384930E+00 0.231607E-01 0.112733E+00 0.263341E+02
     6461.00  0.375098E+00 0.178114E-01 0.923354E-01 0.244600E+02
     6511.00  0.365202E+00 0.131745E-01 0.734339E-01 0.226782E+02
     6561.00  0.355251E+00 0.924701E-02 0.562569E-01 0.209870E+02
     6611.00  0.345255E+00 0.602426E-02 0.410190E-01 0.193842E+02
     6661.00  0.335224E+00 0.349958E-02 0.279200E-01 0.178678E+02
     6711.00  0.325166E+00 0.166443E-02 0.171442E-01 0.164354E+02
     6761.00  0.315094E+00 0.508481E-03 0.885986E-02 0.150847E+02
     6811.00  0.305015E+00 0.195897E-04 0.321825E-02 0.138131E+02
     6861.00  0.294942E+00 0.183888E-03 0.353743E-03 0.126182E+02
     6911.00  0.284883E+00 0.985819E-03 0.383205E-03 0.114975E+02
     6961.00  0.274848E+00 0.240820E-02 0.340590E-02 0.104482E+02
     7011.00  0.264849E+00 0.443229E-02 0.950336E-02 0.946774E+01
     7061.00  0.254894E+00 0.703784E-02 0.187394E-01 0.855349E+01
     7111.00  0.244995E+00 0.102032E-01 0.311602E-01 0.770278E+01
     7161.00  0.235162E+00 0.139053E-01 0.467945E-01 0.691294E+01
     7211.00  0.225404E+00 0.181200E-01 0.656537E-01 0.618135E+01
     7261.00  0.215732E+00 0.228217E-01 0.877325E-01 0.550537E+01
     7311.00  0.206156E+00 0.279839E-01 0.113009E+00 0.488243E+01
     7361.00  0.196686E+00 0.335791E-01 0.141445E+00 0.430996E+01
     7411.00  0.187332E+00 0.395788E-01 0.172988E+00 0.378545E+01
     7511.00  0.169014E+00 0.526740E-01 0.245106E+00 0.287050E+01
     7611.00  0.151280E+00 0.670276E-01 0.328650E+00 0.211843E+01
     7711.00  0.134207E+00 0.823894E-01 0.422700E+00 0.151102E+01
     7811.00  0.117869E+00 0.985039E-01 0.526155E+00 0.103105E+01
     7911.00  0.102341E+00 0.115114E+00 0.637758E+00 0.662349E+00
     8011.00  0.876895E-01 0.131965E+00 0.756123E+00 0.389872E+00
     8111.00  0.739827E-01 0.148806E+00 0.879765E+00 0.199681E+00
     8211.00  0.612827E-01 0.165392E+00 0.100713E+01 0.789656E-01
     8311.00  0.496480E-01 0.181492E+00 0.113660E+01 0.160307E-01
     8411.00  0.391325E-01 0.196884E+00 0.126656E+01 0.275126E-03
     8511.00  0.297854E-01 0.211364E+00 0.139539E+01 0.221597E-01
     8611.00  0.216510E-01 0.224745E+00 0.152151E+01 0.731685E-01
     8711.00  0.147679E-01 0.236858E+00 0.164338E+01 0.145764E+00
     8811.00  0.916918E-02 0.247558E+00 0.175955E+01 0.233336E+00
     8911.00  0.488198E-02 0.256718E+00 0.186865E+01 0.330153E+00
     9011.00  0.192721E-02 0.264238E+00 0.196944E+01 0.431301E+00
     9111.00  0.319469E-03 0.270040E+00 0.206077E+01 0.532630E+00
     9211.00  0.668468E-04 0.274070E+00 0.214165E+01 0.630696E+00
     9311.00  0.117080E-02 0.276298E+00 0.221125E+01 0.722703E+00
     9411.00  0.362607E-02 0.276720E+00 0.226885E+01 0.806446E+00
     9511.00  0.742063E-02 0.275353E+00 0.231393E+01 0.880255E+00
     9611.00  0.125357E-01 0.272238E+00 0.234611E+01 0.942939E+00
     9711.00  0.189457E-01 0.267436E+00 0.236517E+01 0.993735E+00
     9811.00  0.266185E-01 0.261031E+00 0.237105E+01 0.103225E+01
     9911.00  0.355152E-01 0.253121E+00 0.236384E+01 0.105844E+01
    10011.00  0.455907E-01 0.243826E+00 0.234378E+01 0.107250E+01
    10111.00  0.567935E-01 0.233276E+00 0.231128E+01 0.107491E+01
    10211.00  0.690664E-01 0.221617E+00 0.226683E+01 0.106631E+01
    10311.00  0.823461E-01 0.209005E+00 0.221109E+01 0.104753E+01
    10411.00  0.965641E-01 0.195603E+00 0.214480E+01 0.101949E+01
    10511.00  0.111647E+00 0.181584E+00 0.206883E+01 0.983227E+00
    10611.00  0.127516E+00 0.167121E+00 0.198409E+01 0.939828E+00
    10711.00  0.144088E+00 0.152389E+00 0.189161E+01 0.890418E+00
    10811.00  0.161278E+00 0.137566E+00 0.179245E+01 0.836135E+00
    10911.00  0.178996E+00 0.122824E+00 0.168774E+01 0.778102E+00
    11011.00  0.197147E+00 0.108331E+00 0.157861E+01 0.717420E+00
    11111.00  0.215638E+00 0.942475E-01 0.146623E+01 0.655141E+00
    11211.00  0.234371E+00 0.807273E-01 0.135176E+01 0.592262E+00
    11311.00  0.253248E+00 0.679124E-01 0.123636E+01 0.529712E+00
    11411.00  0.272168E+00 0.559333E-01 0.112118E+01 0.468342E+00
    11511.00  0.291033E+00 0.449076E-01 0.100730E+01 0.408921E+00
    11611.00  0.309743E+00 0.349384E-01 0.895789E+00 0.352128E+00
    11711.00  0.328200E+00 0.261135E-01 0.787645E+00 0.298550E+00
    11811.00  0.346307E+00 0.185049E-01 0.683809E+00 0.248682E+00
    11911.00  0.363969E+00 0.121679E-01 0.585144E+00 0.202929E+00
    12011.00  0.381092E+00 0.714112E-02 0.492440E+00 0.161600E+00
    12111.00  0.397588E+00 0.344628E-02 0.406398E+00 0.124921E+00
    12211.00  0.413369E+00 0.108821E-02 0.327633E+00 0.930298E-01
    12311.00  0.428355E+00 0.552531E-04 0.256664E+00 0.659866E-01
    12411.00  0.442468E+00 0.319744E-03 0.193918E+00 0.437761E-01
    12511.00  0.455634E+00 0.183866E-02 0.139723E+00 0.263150E-01
    12611.00  0.467786E+00 0.455450E-02 0.943102E-01 0.134579E-01
    12711.00  0.478863E+00 0.839624E-02 0.578156E-01 0.500408E-02
    12811.00  0.488808E+00 0.132805E-01 0.302807E-01 0.704834E-03
    12911.00  0.497572E+00 0.191127E-01 0.116556E-01 0.270229E-03
    13011.00  0.505112E+00 0.257888E-01 0.180235E-02 0.337635E-02
    13111.00  0.511393E+00 0.331961E-01 0.499515E-03 0.967231E-02
    13211.00  0.516384E+00 0.412153E-01 0.744728E-02 0.187871E-01
    13311.00  0.520063E+00 0.497220E-01 0.222731E-01 0.303360E-01
    13411.00  0.522416E+00 0.585880E-01 0.445380E-01 0.439272E-01
    13511.00  0.523434E+00 0.676832E-01 0.737432E-01 0.591674E-01
    13611.00  0.523117E+00 0.768770E-01 0.109337E+00 0.756672E-01
    13711.00  0.521472E+00 0.860402E-01 0.150723E+00 0.930466E-01
    13811.00  0.518512E+00 0.950460E-01 0.197267E+00 0.110939E+00
    13911.00  0.514257E+00 0.103772E+00 0.248303E+00 0.128995E+00
    14011.00  0.508736E+00 0.112102E+00 0.303145E+00 0.146887E+00
    14111.00  0.501982E+00 0.119924E+00 0.361091E+00 0.164312E+00
    14211.00  0.494036E+00 0.127139E+00 0.421429E+00 0.180991E+00
    14311.00  0.484943E+00 0.133652E+00 0.483451E+00 0.196677E+00
    14411.00  0.474757E+00 0.139381E+00 0.546453E+00 0.211149E+00
    14511.00  0.463533E+00 0.144256E+00 0.609745E+00 0.224221E+00
    14611.00  0.451337E+00 0.148215E+00 0.672658E+00 0.235735E+00
    14711.00  0.438233E+00 0.151212E+00 0.734545E+00 0.245565E+00
    14811.00  0.424294E+00 0.153211E+00 0.794793E+00 0.253617E+00
    14911.00  0.409594E+00 0.154192E+00 0.852824E+00 0.259828E+00
    15011.00  0.394212E+00 0.154144E+00 0.908098E+00 0.264161E+00
    15111.00  0.378228E+00 0.153073E+00 0.960120E+00 0.266610E+00
    15211.00  0.361726E+00 0.150996E+00 0.100844E+01 0.267195E+00
    15311.00  0.344791E+00 0.147941E+00 0.105267E+01 0.265957E+00
    15411.00  0.327510E+00 0.143951E+00 0.109245E+01 0.262965E+00
    15511.00  0.309968E+00 0.139080E+00 0.112749E+01 0.258304E+00
    15611.00  0.292254E+00 0.133392E+00 0.115755E+01 0.252078E+00
    15711.00  0.274454E+00 0.126960E+00 0.118245E+01 0.244407E+00
    15811.00  0.256654E+00 0.119869E+00 0.120204E+01 0.235426E+00
    15911.00  0.238940E+00 0.112209E+00 0.121626E+01 0.225277E+00
    16011.00  0.221394E+00 0.104081E+00 0.122507E+01 0.214113E+00
    16111.00  0.204097E+00 0.955880E-01 0.122849E+01 0.202093E+00
    16211.00  0.187127E+00 0.868401E-01 0.122660E+01 0.189380E+00
    16311.00  0.170561E+00 0.779507E-01 0.121952E+01 0.176138E+00
    16411.00  0.154469E+00 0.690354E-01 0.120740E+01 0.162531E+00
    16511.00  0.138920E+00 0.602108E-01 0.119044E+01 0.148720E+00
    16611.00  0.123977E+00 0.515936E-01 0.116888E+01 0.134863E+00
    16711.00  0.109701E+00 0.432992E-01 0.114299E+01 0.121111E+00
    16811.00  0.961449E-01 0.354403E-01 0.111307E+01 0.107608E+00
    16911.00  0.833593E-01 0.281259E-01 0.107943E+01 0.944908E-01
    17011.00  0.713889E-01 0.214604E-01 0.104243E+01 0.818847E-01
    17111.00  0.602728E-01 0.155420E-01 0.100242E+01 0.699049E-01
    17211.00  0.500448E-01 0.104622E-01 0.959782E+00 0.586551E-01
    17311.00  0.407332E-01 0.630470E-02 0.914905E+00 0.482269E-01
    17411.00  0.323605E-01 0.314459E-02 0.868177E+00 0.386993E-01
    17511.00  0.249438E-01 0.104758E-02 0.819989E+00 0.301381E-01
    17611.00  0.184941E-01 0.693785E-04 0.770734E+00 0.225966E-01
    17711.00  0.130173E-01 0.255210E-03 0.720798E+00 0.161146E-01
    17811.00  0.851331E-02 0.163933E-02 0.670556E+00 0.107192E-01
    17911.00  0.497682E-02 0.424475E-02 0.620376E+00 0.642523E-02
    18011.00  0.239713E-02 0.808300E-02 0.570609E+00 0.323490E-02
    18111.00  0.758395E-03 0.131540E-01 0.521588E+00 0.113905E-02
    18211.00  0.398332E-04 0.194462E-01 0.473629E+00 0.117426E-03
    18311.00  0.215907E-03 0.269367E-01 0.427025E+00 0.139444E-03
    18411.00  0.125659E-02 0.355911E-01 0.382045E+00 0.116497E-02
    18511.00  0.312763E-02 0.453643E-01 0.338935E+00 0.314514E-02
    18611.00  0.579083E-02 0.562010E-01 0.297915E+00 0.602325E-02
    18711.00  0.920435E-02 0.680356E-01 0.259176E+00 0.973566E-02
    18811.00  0.133230E-01 0.807933E-01 0.222885E+00 0.142128E-01
    18911.00  0.180988E-01 0.943910E-01 0.189179E+00 0.193799E-01
    19011.00  0.234808E-01 0.108737E+00 0.158167E+00 0.251585E-01
    19111.00  0.294161E-01 0.123734E+00 0.129932E+00 0.314666E-01
    19311.00  0.427250E-01 0.155256E+00 0.819829E-01 0.453346E-01
    19511.00  0.575690E-01 0.188064E+00 0.454560E-01 0.603026E-01
    19711.00  0.734789E-01 0.221216E+00 0.200839E-01 0.756971E-01
    19911.00  0.899833E-01 0.253746E+00 0.524881E-02 0.908766E-01
    20111.00  0.106620E+00 0.284706E+00 0.352273E-04 0.105254E+00
    20311.00  0.122948E+00 0.313190E+00 0.328708E-02 0.118312E+00
    20511.00  0.138552E+00 0.338366E+00 0.136696E-01 0.129618E+00
    20711.00  0.153057E+00 0.359504E+00 0.297324E-01 0.138834E+00
    20911.00  0.166129E+00 0.375996E+00 0.499705E-01 0.145718E+00
    21111.00  0.177488E+00 0.387377E+00 0.728838E-01 0.150126E+00
    21311.00  0.186904E+00 0.393336E+00 0.970290E-01 0.152012E+00
    21511.00  0.194204E+00 0.393722E+00 0.121067E+00 0.151416E+00
    21711.00  0.199275E+00 0.388554E+00 0.143804E+00 0.148461E+00
    21911.00  0.202058E+00 0.378007E+00 0.164215E+00 0.143340E+00
    22111.00  0.202554E+00 0.362415E+00 0.181474E+00 0.136303E+00
    22311.00  0.200811E+00 0.342251E+00 0.194962E+00 0.127643E+00
    22511.00  0.196931E+00 0.318116E+00 0.204269E+00 0.117685E+00
    22711.00  0.191057E+00 0.290713E+00 0.209195E+00 0.106771E+00
    22911.00  0.183372E+00 0.260829E+00 0.209735E+00 0.952471E-01
    23111.00  0.174088E+00 0.229310E+00 0.206062E+00 0.834502E-01
    23311.00  0.163446E+00 0.197031E+00 0.198505E+00 0.717000E-01
    23511.00  0.151703E+00 0.164876E+00 0.187523E+00 0.602885E-01
    23711.00  0.139126E+00 0.133707E+00 0.173676E+00 0.494724E-01
    23911.00  0.125989E+00 0.104346E+00 0.157593E+00 0.394689E-01
    24111.00  0.112561E+00 0.775440E-01 0.139943E+00 0.304504E-01
    24311.00  0.991049E-01 0.539708E-01 0.121406E+00 0.225445E-01
    24511.00  0.858680E-01 0.341912E-01 0.102646E+00 0.158324E-01
    24711.00  0.730797E-01 0.186557E-01 0.842871E-01 0.103516E-01
    24911.00  0.609454E-01 0.768932E-02 0.668891E-01 0.609798E-02
    25111.00  0.496446E-01 0.148662E-02 0.509359E-01 0.303030E-02
    25311.00  0.393272E-01 0.109731E-03 0.368195E-01 0.107486E-02
    25511.00  0.301129E-01 0.349035E-02 0.248334E-01 0.131132E-03
    25711.00  0.220894E-01 0.114353E-01 0.151686E-01 0.777483E-04
    25911.00  0.153127E-01 0.236355E-01 0.791377E-02 0.778544E-03
    26111.00  0.980808E-02 0.396775E-01 0.306016E-02 0.208860E-02
    26311.00  0.557092E-02 0.590578E-01 0.508848E-03 0.385996E-02
    26511.00  0.256919E-02 0.811990E-01 0.814479E-04 0.594692E-02
    26711.00  0.745747E-03 0.105467E+00 0.153285E-02 0.821068E-02
    26911.00  0.213568E-04 0.131191E+00 0.456557E-02 0.105233E-01
         IE==>      4            5            6            7
        1.00  0.823709E-04 0.298355E-01 0.665178E-01 0.300028E+01
        2.00  0.375950E-02 0.135419E+01 0.303096E+01 0.136122E+03
        3.00  0.353039E-01 0.126463E+02 0.284160E+02 0.127068E+04
        4.00  0.173648E+00 0.618603E+02 0.139541E+03 0.621303E+04
        5.00  0.599527E+00 0.212401E+03 0.480990E+03 0.213240E+05
        6.00  0.165519E+01 0.583186E+03 0.132579E+04 0.585247E+05
        7.00  0.391742E+01 0.137270E+04 0.313276E+04 0.137698E+06
        8.00  0.828572E+01 0.288754E+04 0.661546E+04 0.289533E+06
        9.00  0.160889E+02 0.557636E+04 0.128251E+05 0.558909E+06
       10.00  0.292142E+02 0.100705E+05 0.232508E+05 0.100893E+07
       11.00  0.502639E+02 0.172327E+05 0.399404E+05 0.172576E+07
       12.00  0.827455E+02 0.282153E+05 0.656470E+05 0.282442E+07
       13.00  0.131303E+03 0.445311E+05 0.104007E+06 0.445581E+07
       14.00  0.202001E+03 0.681391E+05 0.159757E+06 0.681517E+07
       15.00  0.302674E+03 0.101550E+06 0.239003E+06 0.101525E+08
       16.00  0.443367E+03 0.147955E+06 0.349556E+06 0.147858E+08
       17.00  0.636884E+03 0.211396E+06 0.501349E+06 0.211168E+08
       18.00  0.899490E+03 0.296968E+06 0.706979E+06 0.296520E+08
       19.00  0.125180E+04 0.411082E+06 0.982376E+06 0.410289E+08
       20.00  0.171992E+04 0.561807E+06 0.134768E+07 0.560484E+08
       21.00  0.233689E+04 0.759292E+06 0.182833E+07 0.757180E+08
       22.00  0.314458E+04 0.101632E+07 0.245651E+07 0.101306E+09
       23.00  0.419609E+04 0.134900E+07 0.327297E+07 0.134410E+09
       24.00  0.555890E+04 0.177771E+07 0.432942E+07 0.177049E+09
       25.00  0.731895E+04 0.232826E+07 0.569164E+07 0.231781E+09
       26.00  0.958603E+04 0.303346E+07 0.744349E+07 0.301854E+09
       27.00  0.125007E+05 0.393511E+07 0.969228E+07 0.391406E+09
       28.00  0.162437E+05 0.508665E+07 0.125756E+08 0.505726E+09
       29.00  0.210475E+05 0.655657E+07 0.162705E+08 0.651586E+09
       30.00  0.272117E+05 0.843274E+07 0.210047E+08 0.837674E+09
       31.00  0.351228E+05 0.108279E+08 0.270714E+08 0.107513E+10
       32.00  0.452774E+05 0.138861E+08 0.348471E+08 0.137819E+10
       33.00  0.583094E+05 0.177904E+08 0.448115E+08 0.176492E+10
       34.00  0.750173E+05 0.227701E+08 0.575680E+08 0.225795E+10
       35.00  0.963841E+05 0.291051E+08 0.738578E+08 0.288487E+10
       36.00  0.123572E+06 0.371233E+08 0.945546E+08 0.367802E+10
       37.00  0.157857E+06 0.471803E+08 0.120615E+09 0.467237E+10
       38.00  0.200459E+06 0.596068E+08 0.152947E+09 0.590039E+10
       39.00  0.252182E+06 0.746042E+08 0.192137E+09 0.738170E+10
       40.00  0.312835E+06 0.920762E+08 0.238009E+09 0.910642E+10
       42.00  0.450827E+06 0.131348E+09 0.342025E+09 0.129789E+11
       44.00  0.572796E+06 0.165200E+09 0.433339E+09 0.163094E+11
       46.00  0.629999E+06 0.179874E+09 0.475286E+09 0.177421E+11
       48.00  0.616900E+06 0.174372E+09 0.464115E+09 0.171840E+11
       50.00  0.565149E+06 0.158153E+09 0.424012E+09 0.155716E+11
       52.00  0.504288E+06 0.139721E+09 0.377317E+09 0.137444E+11
       54.00  0.448461E+06 0.123025E+09 0.334636E+09 0.120911E+11
       56.00  0.401651E+06 0.109100E+09 0.298900E+09 0.107126E+11
       58.00  0.363657E+06 0.978111E+08 0.269902E+09 0.959542E+10
       60.00  0.333073E+06 0.887103E+08 0.246547E+09 0.869462E+10
       62.00  0.308394E+06 0.813383E+08 0.227676E+09 0.796472E+10
       64.00  0.288341E+06 0.753124E+08 0.212314E+09 0.736783E+10
       66.00  0.271905E+06 0.703341E+08 0.199690E+09 0.687442E+10
       68.00  0.258316E+06 0.661765E+08 0.189220E+09 0.646202E+10
       70.00  0.246985E+06 0.626676E+08 0.180454E+09 0.611365E+10
       72.00  0.237464E+06 0.596768E+08 0.173055E+09 0.581641E+10
       74.00  0.229408E+06 0.571044E+08 0.166761E+09 0.556044E+10
       76.00  0.222551E+06 0.548729E+08 0.161368E+09 0.533809E+10
       78.00  0.216684E+06 0.529220E+08 0.156720E+09 0.514341E+10
       80.00  0.211639E+06 0.512040E+08 0.152691E+09 0.497170E+10
       82.00  0.207285E+06 0.496810E+08 0.149180E+09 0.481920E+10
       84.00  0.203516E+06 0.483223E+08 0.146107E+09 0.468290E+10
       86.00  0.200243E+06 0.471032E+08 0.143407E+09 0.456035E+10
       88.00  0.197396E+06 0.460034E+08 0.141025E+09 0.444956E+10
       90.00  0.194917E+06 0.450062E+08 0.138918E+09 0.434888E+10
       92.00  0.192757E+06 0.440981E+08 0.137050E+09 0.425697E+10
       94.00  0.190875E+06 0.432674E+08 0.135389E+09 0.417269E+10
       96.00  0.189238E+06 0.425045E+08 0.133910E+09 0.409509E+10
       98.00  0.187816E+06 0.418013E+08 0.132591E+09 0.402337E+10
      100.00  0.186585E+06 0.411507E+08 0.131414E+09 0.395683E+10
      102.00  0.185524E+06 0.405468E+08 0.130363E+09 0.389489E+10
      104.00  0.184613E+06 0.399845E+08 0.129424E+09 0.383704E+10
      106.00  0.183838E+06 0.394592E+08 0.128584E+09 0.378284E+10
      108.00  0.183184E+06 0.389671E+08 0.127834E+09 0.373191E+10
      110.00  0.182638E+06 0.385046E+08 0.127164E+09 0.368391E+10
      112.00  0.182190E+06 0.380690E+08 0.126566E+09 0.363854E+10
      114.00  0.181831E+06 0.376575E+08 0.126033E+09 0.359556E+10
      116.00  0.181552E+06 0.372679E+08 0.125559E+09 0.355473E+10
      118.00  0.181346E+06 0.368983E+08 0.125138E+09 0.351587E+10
      122.00  0.181128E+06 0.362118E+08 0.124439E+09 0.344336E+10
      126.00  0.181135E+06 0.355861E+08 0.123904E+09 0.337686E+10
      130.00  0.181331E+06 0.350118E+08 0.123505E+09 0.331543E+10
      134.00  0.181686E+06 0.344808E+08 0.123222E+09 0.325828E+10
      138.00  0.182177E+06 0.339867E+08 0.123036E+09 0.320479E+10
      142.00  0.182782E+06 0.335240E+08 0.122932E+09 0.315443E+10
      146.00  0.183486E+06 0.330884E+08 0.122898E+09 0.310676E+10
      150.00  0.184273E+06 0.326764E+08 0.122924E+09 0.306144E+10
      154.00  0.185134E+06 0.322850E+08 0.123002E+09 0.301818E+10
      158.00  0.186059E+06 0.319117E+08 0.123124E+09 0.297674E+10
      162.00  0.187039E+06 0.315544E+08 0.123285E+09 0.293690E+10
      166.00  0.188067E+06 0.312111E+08 0.123479E+09 0.289849E+10
      170.00  0.189135E+06 0.308803E+08 0.123701E+09 0.286134E+10
      174.00  0.190239E+06 0.305605E+08 0.123947E+09 0.282531E+10
      178.00  0.191372E+06 0.302505E+08 0.124214E+09 0.279030E+10
      182.00  0.192532E+06 0.299494E+08 0.124498E+09 0.275620E+10
      186.00  0.193714E+06 0.296563E+08 0.124798E+09 0.272293E+10
      190.00  0.194916E+06 0.293706E+08 0.125111E+09 0.269044E+10
      194.00  0.196136E+06 0.290916E+08 0.125435E+09 0.265865E+10
      198.00  0.197370E+06 0.288188E+08 0.125770E+09 0.262752E+10
      202.00  0.198618E+06 0.285516E+08 0.126112E+09 0.259698E+10
      206.00  0.199875E+06 0.282895E+08 0.126461E+09 0.256701E+10
      210.00  0.201141E+06 0.280323E+08 0.126816E+09 0.253754E+10
      214.00  0.202414E+06 0.277794E+08 0.127175E+09 0.250856E+10
      218.00  0.203693E+06 0.275306E+08 0.127537E+09 0.248003E+10
      222.00  0.204976E+06 0.272857E+08 0.127902E+09 0.245194E+10
      226.00  0.206263E+06 0.270445E+08 0.128270E+09 0.242425E+10
      230.00  0.207554E+06 0.268067E+08 0.128639E+09 0.239696E+10
      234.00  0.208846E+06 0.265723E+08 0.129009E+09 0.237004E+10
      238.00  0.210140E+06 0.263410E+08 0.129380E+09 0.234347E+10
      242.00  0.211434E+06 0.261126E+08 0.129751E+09 0.231724E+10
      246.00  0.212727E+06 0.258869E+08 0.130121E+09 0.229134E+10
      250.00  0.214020E+06 0.256639E+08 0.130490E+09 0.226574E+10
      254.00  0.215310E+06 0.254434E+08 0.130858E+09 0.224044E+10
      258.00  0.216598E+06 0.252252E+08 0.131224E+09 0.221542E+10
      262.00  0.217882E+06 0.250093E+08 0.131588E+09 0.219068E+10
      266.00  0.219164E+06 0.247957E+08 0.131949E+09 0.216621E+10
      270.00  0.220442E+06 0.245843E+08 0.132308E+09 0.214200E+10
      274.00  0.221716E+06 0.243749E+08 0.132665E+09 0.211805E+10
      282.00  0.224251E+06 0.239620E+08 0.133368E+09 0.207088E+10
      290.00  0.226764E+06 0.235566E+08 0.134058E+09 0.202464E+10
      298.00  0.229251E+06 0.231579E+08 0.134731E+09 0.197928E+10
      306.00  0.231710E+06 0.227658E+08 0.135387E+09 0.193476E+10
      314.00  0.234140E+06 0.223799E+08 0.136025E+09 0.189105E+10
      322.00  0.236540E+06 0.220000E+08 0.136645E+09 0.184815E+10
      330.00  0.238907E+06 0.216258E+08 0.137245E+09 0.180600E+10
      338.00  0.241240E+06 0.212572E+08 0.137824E+09 0.176461E+10
      346.00  0.243537E+06 0.208938E+08 0.138383E+09 0.172393E+10
      354.00  0.245798E+06 0.205357E+08 0.138920E+09 0.168397E+10
      362.00  0.248022E+06 0.201827E+08 0.139436E+09 0.164471E+10
      370.00  0.250209E+06 0.198348E+08 0.139932E+09 0.160614E+10
      378.00  0.252360E+06 0.194919E+08 0.140407E+09 0.156826E+10
      386.00  0.254472E+06 0.191538E+08 0.140860E+09 0.153104E+10
      394.00  0.256546E+06 0.188206E+08 0.141292E+09 0.149449E+10
      402.00  0.258580E+06 0.184920E+08 0.141703E+09 0.145858E+10
      410.00  0.260577E+06 0.181681E+08 0.142093E+09 0.142332E+10
      418.00  0.262535E+06 0.178489E+08 0.142463E+09 0.138870E+10
      426.00  0.264454E+06 0.175343E+08 0.142812E+09 0.135471E+10
      434.00  0.266334E+06 0.172241E+08 0.143140E+09 0.132133E+10
      442.00  0.268174E+06 0.169184E+08 0.143448E+09 0.128856E+10
      450.00  0.269973E+06 0.166170E+08 0.143734E+09 0.125639E+10
      458.00  0.271732E+06 0.163198E+08 0.144000E+09 0.122481E+10
      466.00  0.273451E+06 0.160269E+08 0.144245E+09 0.119381E+10
      474.00  0.275129E+06 0.157381E+08 0.144470E+09 0.116340E+10
      482.00  0.276767E+06 0.154535E+08 0.144674E+09 0.113354E+10
      490.00  0.278363E+06 0.151729E+08 0.144858E+09 0.110425E+10
      498.00  0.279918E+06 0.148963E+08 0.145022E+09 0.107551E+10
      506.00  0.281430E+06 0.146237E+08 0.145165E+09 0.104732E+10
      514.00  0.282901E+06 0.143549E+08 0.145287E+09 0.101966E+10
      522.00  0.284330E+06 0.140899E+08 0.145390E+09 0.992532E+09
      530.00  0.285718E+06 0.138288E+08 0.145473E+09 0.965930E+09
      538.00  0.287064E+06 0.135715E+08 0.145536E+09 0.939849E+09
      546.00  0.288370E+06 0.133180E+08 0.145581E+09 0.914280E+09
      554.00  0.289634E+06 0.130681E+08 0.145606E+09 0.889217E+09
      562.00  0.290857E+06 0.128219E+08 0.145612E+09 0.864653E+09
      570.00  0.292039E+06 0.125793E+08 0.145599E+09 0.840583E+09
      578.00  0.293180E+06 0.123403E+08 0.145568E+09 0.817001E+09
      586.00  0.294282E+06 0.121049E+08 0.145520E+09 0.793901E+09
      596.00  0.295603E+06 0.118157E+08 0.145434E+09 0.765697E+09
      606.00  0.296864E+06 0.115319E+08 0.145321E+09 0.738226E+09
      616.00  0.298063E+06 0.112535E+08 0.145182E+09 0.711475E+09
      626.00  0.299202E+06 0.109804E+08 0.145017E+09 0.685431E+09
      636.00  0.300280E+06 0.107125E+08 0.144826E+09 0.660083E+09
      646.00  0.301299E+06 0.104498E+08 0.144609E+09 0.635418E+09
      656.00  0.302259E+06 0.101922E+08 0.144369E+09 0.611426E+09
      666.00  0.303161E+06 0.993968E+07 0.144104E+09 0.588094E+09
      676.00  0.304005E+06 0.969207E+07 0.143815E+09 0.565409E+09
      686.00  0.304790E+06 0.944932E+07 0.143503E+09 0.543360E+09
      696.00  0.305518E+06 0.921135E+07 0.143167E+09 0.521933E+09
      706.00  0.306189E+06 0.897810E+07 0.142809E+09 0.501117E+09
      716.00  0.306803E+06 0.874949E+07 0.142428E+09 0.480902E+09
      726.00  0.307361E+06 0.852546E+07 0.142026E+09 0.461276E+09
      736.00  0.307864E+06 0.830594E+07 0.141602E+09 0.442227E+09
      746.00  0.308312E+06 0.809087E+07 0.141158E+09 0.423745E+09
      756.00  0.308705E+06 0.788015E+07 0.140692E+09 0.405818E+09
      766.00  0.309044E+06 0.767374E+07 0.140207E+09 0.388435E+09
      776.00  0.309330E+06 0.747156E+07 0.139702E+09 0.371586E+09
      786.00  0.309563E+06 0.727357E+07 0.139178E+09 0.355261E+09
      796.00  0.309745E+06 0.707969E+07 0.138635E+09 0.339448E+09
      806.00  0.309876E+06 0.688988E+07 0.138074E+09 0.324139E+09
      816.00  0.309956E+06 0.670407E+07 0.137496E+09 0.309322E+09
      826.00  0.309988E+06 0.652219E+07 0.136900E+09 0.294987E+09
      836.00  0.309970E+06 0.634419E+07 0.136288E+09 0.281125E+09
      846.00  0.309904E+06 0.616999E+07 0.135660E+09 0.267725E+09
      856.00  0.309791E+06 0.599955E+07 0.135016E+09 0.254777E+09
      866.00  0.309632E+06 0.583281E+07 0.134356E+09 0.242272E+09
      876.00  0.309428E+06 0.566971E+07 0.133682E+09 0.230200E+09
      886.00  0.309178E+06 0.551019E+07 0.132994E+09 0.218552E+09
      896.00  0.308885E+06 0.535420E+07 0.132292E+09 0.207318E+09
      906.00  0.308547E+06 0.520166E+07 0.131577E+09 0.196489E+09
      916.00  0.308167E+06 0.505252E+07 0.130848E+09 0.186055E+09
      926.00  0.307744E+06 0.490673E+07 0.130107E+09 0.176007E+09
      936.00  0.307280E+06 0.476422E+07 0.129354E+09 0.166337E+09
      946.00  0.306776E+06 0.462495E+07 0.128588E+09 0.157036E+09
      956.00  0.306231E+06 0.448886E+07 0.127811E+09 0.148095E+09
      966.00  0.305647E+06 0.435589E+07 0.127024E+09 0.139505E+09
      976.00  0.305024E+06 0.422600E+07 0.126225E+09 0.131257E+09
      986.00  0.304363E+06 0.409911E+07 0.125417E+09 0.123345E+09
      996.00  0.303664E+06 0.397519E+07 0.124598E+09 0.115758E+09
     1006.00  0.302928E+06 0.385418E+07 0.123770E+09 0.108490E+09
     1016.00  0.302157E+06 0.373604E+07 0.122932E+09 0.101532E+09
     1026.00  0.301351E+06 0.362070E+07 0.122086E+09 0.948763E+08
     1036.00  0.300510E+06 0.350813E+07 0.121232E+09 0.885155E+08
     1046.00  0.299636E+06 0.339828E+07 0.120370E+09 0.824418E+08
     1056.00  0.298729E+06 0.329109E+07 0.119500E+09 0.766477E+08
     1066.00  0.297790E+06 0.318651E+07 0.118623E+09 0.711258E+08
     1076.00  0.296819E+06 0.308451E+07 0.117739E+09 0.658689E+08
     1086.00  0.295817E+06 0.298503E+07 0.116849E+09 0.608698E+08
     1096.00  0.294786E+06 0.288802E+07 0.115953E+09 0.561215E+08
     1106.00  0.293725E+06 0.279345E+07 0.115051E+09 0.516172E+08
     1116.00  0.292636E+06 0.270127E+07 0.114143E+09 0.473500E+08
     1126.00  0.291519E+06 0.261143E+07 0.113231E+09 0.433133E+08
     1136.00  0.290376E+06 0.252389E+07 0.112314E+09 0.395005E+08
     1146.00  0.289206E+06 0.243861E+07 0.111392E+09 0.359051E+08
     1156.00  0.288010E+06 0.235553E+07 0.110467E+09 0.325207E+08
     1166.00  0.286789E+06 0.227463E+07 0.109537E+09 0.293412E+08
     1176.00  0.285544E+06 0.219585E+07 0.108604E+09 0.263604E+08
     1186.00  0.284275E+06 0.211915E+07 0.107668E+09 0.235724E+08
     1196.00  0.282982E+06 0.204450E+07 0.106729E+09 0.209712E+08
     1206.00  0.281668E+06 0.197186E+07 0.105787E+09 0.185511E+08
     1216.00  0.280331E+06 0.190118E+07 0.104843E+09 0.163064E+08
     1226.00  0.278973E+06 0.183242E+07 0.103897E+09 0.142316E+08
     1236.00  0.277595E+06 0.176556E+07 0.102950E+09 0.123211E+08
     1246.00  0.276196E+06 0.170054E+07 0.102000E+09 0.105697E+08
     1256.00  0.274778E+06 0.163733E+07 0.101049E+09 0.897212E+07
     1266.00  0.273340E+06 0.157589E+07 0.100097E+09 0.752320E+07
     1276.00  0.271885E+06 0.151619E+07 0.991447E+08 0.621792E+07
     1286.00  0.270411E+06 0.145820E+07 0.981914E+08 0.505136E+07
     1296.00  0.268921E+06 0.140187E+07 0.972379E+08 0.401869E+07
     1306.00  0.267414E+06 0.134717E+07 0.962843E+08 0.311519E+07
     1316.00  0.265892E+06 0.129407E+07 0.953309E+08 0.233621E+07
     1326.00  0.264354E+06 0.124254E+07 0.943779E+08 0.167724E+07
     1336.00  0.262801E+06 0.119254E+07 0.934255E+08 0.113383E+07
     1346.00  0.261234E+06 0.114404E+07 0.924739E+08 0.701640E+06
     1356.00  0.259653E+06 0.109700E+07 0.915233E+08 0.376434E+06
     1366.00  0.258059E+06 0.105140E+07 0.905741E+08 0.154057E+06
     1376.00  0.256453E+06 0.100720E+07 0.896263E+08 0.304484E+05
     1386.00  0.254835E+06 0.964376E+06 0.886803E+08 0.164001E+04
     1396.00  0.253206E+06 0.922895E+06 0.877362E+08 0.637538E+05
     1406.00  0.251566E+06 0.882728E+06 0.867942E+08 0.213001E+06
     1416.00  0.249916E+06 0.843845E+06 0.858545E+08 0.445681E+06
     1426.00  0.248256E+06 0.806218E+06 0.849172E+08 0.758180E+06
     1436.00  0.246586E+06 0.769817E+06 0.839826E+08 0.114697E+07
     1446.00  0.244908E+06 0.734614E+06 0.830508E+08 0.160861E+07
     1456.00  0.243221E+06 0.700584E+06 0.821220E+08 0.213973E+07
     1466.00  0.241527E+06 0.667697E+06 0.811962E+08 0.273706E+07
     1476.00  0.239825E+06 0.635929E+06 0.802738E+08 0.339741E+07
     1486.00  0.238117E+06 0.605252E+06 0.793549E+08 0.411765E+07
     1496.00  0.236401E+06 0.575642E+06 0.784396E+08 0.489475E+07
     1506.00  0.234680E+06 0.547072E+06 0.775280E+08 0.572575E+07
     1516.00  0.232954E+06 0.519518E+06 0.766202E+08 0.660776E+07
     1526.00  0.231222E+06 0.492955E+06 0.757165E+08 0.753797E+07
     1536.00  0.229485E+06 0.467360E+06 0.748168E+08 0.851365E+07
     1546.00  0.227744E+06 0.442709E+06 0.739214E+08 0.953213E+07
     1556.00  0.225999E+06 0.418978E+06 0.730304E+08 0.105908E+08
     1566.00  0.224251E+06 0.396145E+06 0.721438E+08 0.116872E+08
     1576.00  0.222499E+06 0.374188E+06 0.712618E+08 0.128188E+08
     1586.00  0.220745E+06 0.353085E+06 0.703846E+08 0.139833E+08
     1596.00  0.218988E+06 0.332815E+06 0.695122E+08 0.151783E+08
     1606.00  0.217230E+06 0.313355E+06 0.686448E+08 0.164016E+08
     1616.00  0.215469E+06 0.294686E+06 0.677823E+08 0.176510E+08
     1626.00  0.213708E+06 0.276786E+06 0.669250E+08 0.189244E+08
     1636.00  0.211945E+06 0.259637E+06 0.660729E+08 0.202197E+08
     1646.00  0.210182E+06 0.243218E+06 0.652261E+08 0.215350E+08
     1656.00  0.208419E+06 0.227509E+06 0.643846E+08 0.228682E+08
     1666.00  0.206656E+06 0.212493E+06 0.635487E+08 0.242175E+08
     1676.00  0.204893E+06 0.198151E+06 0.627183E+08 0.255811E+08
     1686.00  0.203132E+06 0.184464E+06 0.618936E+08 0.269573E+08
     1696.00  0.201371E+06 0.171414E+06 0.610746E+08 0.283443E+08
     1706.00  0.199612E+06 0.158985E+06 0.602615E+08 0.297405E+08
     1716.00  0.197855E+06 0.147158E+06 0.594541E+08 0.311443E+08
     1726.00  0.196100E+06 0.135918E+06 0.586527E+08 0.325542E+08
     1736.00  0.194348E+06 0.125246E+06 0.578573E+08 0.339686E+08
     1746.00  0.192598E+06 0.115128E+06 0.570679E+08 0.353861E+08
     1756.00  0.190850E+06 0.105547E+06 0.562846E+08 0.368053E+08
     1766.00  0.189107E+06 0.964884E+05 0.555074E+08 0.382249E+08
     1776.00  0.187366E+06 0.879359E+05 0.547364E+08 0.396436E+08
     1786.00  0.185630E+06 0.798750E+05 0.539717E+08 0.410602E+08
     1796.00  0.183897E+06 0.722910E+05 0.532133E+08 0.424735E+08
     1806.00  0.182169E+06 0.651697E+05 0.524612E+08 0.438822E+08
     1816.00  0.180445E+06 0.584969E+05 0.517154E+08 0.452853E+08
     1826.00  0.178726E+06 0.522588E+05 0.509760E+08 0.466818E+08
     1836.00  0.177012E+06 0.464421E+05 0.502431E+08 0.480705E+08
     1846.00  0.175303E+06 0.410335E+05 0.495165E+08 0.494506E+08
     1856.00  0.173599E+06 0.360200E+05 0.487965E+08 0.508210E+08
     1866.00  0.171901E+06 0.313892E+05 0.480829E+08 0.521808E+08
     1876.00  0.170209E+06 0.271285E+05 0.473758E+08 0.535293E+08
     1886.00  0.168523E+06 0.232260E+05 0.466753E+08 0.548655E+08
     1896.00  0.166843E+06 0.196698E+05 0.459813E+08 0.561886E+08
     1906.00  0.165169E+06 0.164483E+05 0.452939E+08 0.574980E+08
     1916.00  0.163502E+06 0.135501E+05 0.446131E+08 0.587929E+08
     1926.00  0.161842E+06 0.109643E+05 0.439388E+08 0.600726E+08
     1936.00  0.160189E+06 0.867990E+04 0.432712E+08 0.613365E+08
     1946.00  0.158542E+06 0.668642E+04 0.426102E+08 0.625839E+08
     1956.00  0.156903E+06 0.497349E+04 0.419558E+08 0.638142E+08
     1966.00  0.155272E+06 0.353098E+04 0.413080E+08 0.650269E+08
     1976.00  0.153648E+06 0.234903E+04 0.406668E+08 0.662215E+08
     1986.00  0.152031E+06 0.141797E+04 0.400323E+08 0.673974E+08
     1996.00  0.150423E+06 0.728381E+03 0.394043E+08 0.685543E+08
     2006.00  0.148823E+06 0.271040E+03 0.387830E+08 0.696916E+08
     2016.00  0.147231E+06 0.369560E+02 0.381683E+08 0.708091E+08
     2026.00  0.145647E+06 0.173473E+02 0.375602E+08 0.719062E+08
     2036.00  0.144072E+06 0.203641E+03 0.369588E+08 0.729826E+08
     2046.00  0.142505E+06 0.587470E+03 0.363639E+08 0.740381E+08
     2056.00  0.140947E+06 0.116067E+04 0.357756E+08 0.750722E+08
     2066.00  0.139398E+06 0.191528E+04 0.351938E+08 0.760847E+08
     2076.00  0.137857E+06 0.284353E+04 0.346186E+08 0.770754E+08
     2086.00  0.136326E+06 0.393783E+04 0.340499E+08 0.780440E+08
     2096.00  0.134804E+06 0.519081E+04 0.334878E+08 0.789902E+08
     2106.00  0.133291E+06 0.659526E+04 0.329321E+08 0.799140E+08
     2116.00  0.131788E+06 0.814417E+04 0.323830E+08 0.808150E+08
     2126.00  0.130294E+06 0.983068E+04 0.318403E+08 0.816933E+08
     2136.00  0.128809E+06 0.116482E+05 0.313040E+08 0.825486E+08
     2146.00  0.127334E+06 0.135901E+05 0.307741E+08 0.833808E+08
     2156.00  0.125869E+06 0.156502E+05 0.302506E+08 0.841899E+08
     2166.00  0.124414E+06 0.178222E+05 0.297335E+08 0.849756E+08
     2176.00  0.122968E+06 0.201003E+05 0.292227E+08 0.857381E+08
     2186.00  0.121532E+06 0.224785E+05 0.287182E+08 0.864772E+08
     2196.00  0.120107E+06 0.249512E+05 0.282200E+08 0.871928E+08
     2206.00  0.118691E+06 0.275128E+05 0.277280E+08 0.878850E+08
     2216.00  0.117285E+06 0.301581E+05 0.272421E+08 0.885538E+08
     2226.00  0.115889E+06 0.328818E+05 0.267625E+08 0.891992E+08
     2236.00  0.114504E+06 0.356788E+05 0.262890E+08 0.898212E+08
     2246.00  0.113128E+06 0.385442E+05 0.258216E+08 0.904198E+08
     2256.00  0.111763E+06 0.414732E+05 0.253603E+08 0.909952E+08
     2266.00  0.110408E+06 0.444611E+05 0.249050E+08 0.915473E+08
     2276.00  0.109064E+06 0.475035E+05 0.244558E+08 0.920763E+08
     2286.00  0.107730E+06 0.505960E+05 0.240124E+08 0.925823E+08
     2296.00  0.106406E+06 0.537343E+05 0.235750E+08 0.930653E+08
     2306.00  0.105093E+06 0.569142E+05 0.231435E+08 0.935254E+08
     2316.00  0.103790E+06 0.601319E+05 0.227178E+08 0.939628E+08
     2326.00  0.102497E+06 0.633833E+05 0.222979E+08 0.943776E+08
     2336.00  0.101215E+06 0.666648E+05 0.218838E+08 0.947700E+08
     2346.00  0.999440E+05 0.699728E+05 0.214754E+08 0.951400E+08
     2356.00  0.986831E+05 0.733036E+05 0.210727E+08 0.954880E+08
     2366.00  0.974327E+05 0.766539E+05 0.206756E+08 0.958140E+08
     2376.00  0.961929E+05 0.800205E+05 0.202842E+08 0.961183E+08
     2386.00  0.949636E+05 0.834000E+05 0.198982E+08 0.964010E+08
     2396.00  0.937450E+05 0.867895E+05 0.195178E+08 0.966622E+08
     2406.00  0.925369E+05 0.901859E+05 0.191429E+08 0.969024E+08
     2416.00  0.913394E+05 0.935864E+05 0.187734E+08 0.971215E+08
     2426.00  0.901524E+05 0.969882E+05 0.184093E+08 0.973198E+08
     2436.00  0.889760E+05 0.100389E+06 0.180505E+08 0.974976E+08
     2446.00  0.878102E+05 0.103785E+06 0.176970E+08 0.976551E+08
     2456.00  0.866549E+05 0.107175E+06 0.173487E+08 0.977924E+08
     2466.00  0.855102E+05 0.110556E+06 0.170056E+08 0.979099E+08
     2476.00  0.843760E+05 0.113926E+06 0.166677E+08 0.980078E+08
     2486.00  0.832524E+05 0.117282E+06 0.163349E+08 0.980863E+08
     2496.00  0.821392E+05 0.120623E+06 0.160072E+08 0.981457E+08
     2506.00  0.810366E+05 0.123946E+06 0.156845E+08 0.981863E+08
     2516.00  0.799444E+05 0.127250E+06 0.153667E+08 0.982082E+08
     2526.00  0.788627E+05 0.130532E+06 0.150539E+08 0.982118E+08
     2536.00  0.777914E+05 0.133791E+06 0.147459E+08 0.981973E+08
     2546.00  0.767305E+05 0.137025E+06 0.144427E+08 0.981649E+08
     2556.00  0.756799E+05 0.140232E+06 0.141444E+08 0.981150E+08
     2566.00  0.746397E+05 0.143411E+06 0.138507E+08 0.980478E+08
     2576.00  0.736098E+05 0.146559E+06 0.135617E+08 0.979635E+08
     2586.00  0.725902E+05 0.149677E+06 0.132774E+08 0.978625E+08
     2596.00  0.715808E+05 0.152762E+06 0.129977E+08 0.977450E+08
     2606.00  0.705817E+05 0.155812E+06 0.127225E+08 0.976113E+08
     2616.00  0.695927E+05 0.158828E+06 0.124517E+08 0.974617E+08
     2626.00  0.686138E+05 0.161807E+06 0.121854E+08 0.972965E+08
     2636.00  0.676451E+05 0.164748E+06 0.119236E+08 0.971159E+08
     2646.00  0.666864E+05 0.167650E+06 0.116660E+08 0.969202E+08
     2656.00  0.657377E+05 0.170513E+06 0.114128E+08 0.967098E+08
     2666.00  0.647991E+05 0.173335E+06 0.111638E+08 0.964849E+08
     2676.00  0.638703E+05 0.176115E+06 0.109190E+08 0.962457E+08
     2686.00  0.629514E+05 0.178852E+06 0.106783E+08 0.959925E+08
     2696.00  0.620424E+05 0.181547E+06 0.104418E+08 0.957257E+08
     2706.00  0.611431E+05 0.184197E+06 0.102093E+08 0.954456E+08
     2716.00  0.602537E+05 0.186802E+06 0.998085E+07 0.951523E+08
     2726.00  0.593739E+05 0.189362E+06 0.975635E+07 0.948462E+08
     2736.00  0.585037E+05 0.191876E+06 0.953577E+07 0.945276E+08
     2746.00  0.576432E+05 0.194343E+06 0.931906E+07 0.941968E+08
     2756.00  0.567923E+05 0.196763E+06 0.910618E+07 0.938540E+08
     2766.00  0.559508E+05 0.199135E+06 0.889708E+07 0.934996E+08
     2776.00  0.551188E+05 0.201459E+06 0.869170E+07 0.931338E+08
     2786.00  0.542962E+05 0.203735E+06 0.849002E+07 0.927568E+08
     2796.00  0.534830E+05 0.205962E+06 0.829197E+07 0.923691E+08
     2806.00  0.526790E+05 0.208139E+06 0.809752E+07 0.919708E+08
     2816.00  0.518843E+05 0.210267E+06 0.790662E+07 0.915621E+08
     2826.00  0.510987E+05 0.212346E+06 0.771922E+07 0.911435E+08
     2836.00  0.503223E+05 0.214374E+06 0.753527E+07 0.907151E+08
     2846.00  0.495549E+05 0.216352E+06 0.735474E+07 0.902773E+08
     2856.00  0.487965E+05 0.218280E+06 0.717758E+07 0.898302E+08
     2866.00  0.480471E+05 0.220158E+06 0.700375E+07 0.893742E+08
     2876.00  0.473066E+05 0.221985E+06 0.683319E+07 0.889096E+08
     2886.00  0.465749E+05 0.223762E+06 0.666587E+07 0.884365E+08
     2896.00  0.458519E+05 0.225488E+06 0.650174E+07 0.879553E+08
     2906.00  0.451377E+05 0.227163E+06 0.634076E+07 0.874662E+08
     2916.00  0.444321E+05 0.228788E+06 0.618289E+07 0.869695E+08
     2926.00  0.437351E+05 0.230363E+06 0.602808E+07 0.864654E+08
     2936.00  0.430467E+05 0.231887E+06 0.587629E+07 0.859541E+08
     2946.00  0.423667E+05 0.233360E+06 0.572748E+07 0.854359E+08
     2956.00  0.416950E+05 0.234784E+06 0.558160E+07 0.849111E+08
     2966.00  0.410317E+05 0.236157E+06 0.543862E+07 0.843799E+08
     2976.00  0.403767E+05 0.237481E+06 0.529848E+07 0.838425E+08
     2986.00  0.397299E+05 0.238754E+06 0.516116E+07 0.832992E+08
     2996.00  0.390912E+05 0.239979E+06 0.502661E+07 0.827501E+08
     3006.00  0.384605E+05 0.241154E+06 0.489479E+07 0.821956E+08
     3016.00  0.378379E+05 0.242280E+06 0.476566E+07 0.816359E+08
     3026.00  0.372232E+05 0.243357E+06 0.463918E+07 0.810712E+08
     3036.00  0.366165E+05 0.244386E+06 0.451530E+07 0.805017E+08
     3046.00  0.360175E+05 0.245366E+06 0.439400E+07 0.799276E+08
     3056.00  0.354263E+05 0.246299E+06 0.427524E+07 0.793491E+08
     3066.00  0.348427E+05 0.247184E+06 0.415896E+07 0.787666E+08
     3076.00  0.342668E+05 0.248022E+06 0.404514E+07 0.781801E+08
     3086.00  0.336984E+05 0.248813E+06 0.393374E+07 0.775899E+08
     3096.00  0.331375E+05 0.249558E+06 0.382472E+07 0.769962E+08
     3106.00  0.325841E+05 0.250256E+06 0.371804E+07 0.763991E+08
     3116.00  0.320380E+05 0.250909E+06 0.361367E+07 0.757990E+08
     3126.00  0.314991E+05 0.251517E+06 0.351157E+07 0.751959E+08
     3136.00  0.309675E+05 0.252079E+06 0.341170E+07 0.745902E+08
     3146.00  0.304431E+05 0.252598E+06 0.331403E+07 0.739819E+08
     3156.00  0.299257E+05 0.253072E+06 0.321852E+07 0.733713E+08
     3166.00  0.294154E+05 0.253503E+06 0.312514E+07 0.727585E+08
     3176.00  0.289121E+05 0.253890E+06 0.303385E+07 0.721438E+08
     3186.00  0.284156E+05 0.254235E+06 0.294463E+07 0.715273E+08
     3196.00  0.279260E+05 0.254538E+06 0.285742E+07 0.709092E+08
     3206.00  0.274431E+05 0.254800E+06 0.277221E+07 0.702897E+08
     3216.00  0.269670E+05 0.255020E+06 0.268895E+07 0.696689E+08
     3226.00  0.264975E+05 0.255199E+06 0.260762E+07 0.690470E+08
     3236.00  0.260345E+05 0.255339E+06 0.252819E+07 0.684242E+08
     3246.00  0.255781E+05 0.255438E+06 0.245061E+07 0.678005E+08
     3256.00  0.251281E+05 0.255499E+06 0.237486E+07 0.671763E+08
     3266.00  0.246845E+05 0.255521E+06 0.230090E+07 0.665516E+08
     3276.00  0.242472E+05 0.255505E+06 0.222871E+07 0.659267E+08
     3286.00  0.238162E+05 0.255451E+06 0.215826E+07 0.653015E+08
     3296.00  0.233913E+05 0.255360E+06 0.208951E+07 0.646764E+08
     3306.00  0.229726E+05 0.255233E+06 0.202243E+07 0.640514E+08
     3316.00  0.225599E+05 0.255070E+06 0.195700E+07 0.634266E+08
     3326.00  0.221532E+05 0.254871E+06 0.189318E+07 0.628023E+08
     3336.00  0.217525E+05 0.254638E+06 0.183095E+07 0.621786E+08
     3346.00  0.213576E+05 0.254370E+06 0.177028E+07 0.615555E+08
     3356.00  0.209685E+05 0.254069E+06 0.171113E+07 0.609332E+08
     3366.00  0.205852E+05 0.253734E+06 0.165348E+07 0.603118E+08
     3376.00  0.202076E+05 0.253367E+06 0.159731E+07 0.596915E+08
     3386.00  0.198355E+05 0.252967E+06 0.154258E+07 0.590724E+08
     3396.00  0.194691E+05 0.252536E+06 0.148927E+07 0.584545E+08
     3406.00  0.191081E+05 0.252074E+06 0.143735E+07 0.578381E+08
     3416.00  0.187526E+05 0.251581E+06 0.138680E+07 0.572232E+08
     3426.00  0.184024E+05 0.251058E+06 0.133759E+07 0.566098E+08
     3436.00  0.180576E+05 0.250506E+06 0.128969E+07 0.559983E+08
     3446.00  0.177180E+05 0.249925E+06 0.124308E+07 0.553885E+08
     3456.00  0.173836E+05 0.249316E+06 0.119773E+07 0.547807E+08
     3466.00  0.170543E+05 0.248679E+06 0.115362E+07 0.541749E+08
     3476.00  0.167302E+05 0.248015E+06 0.111073E+07 0.535713E+08
     3486.00  0.164110E+05 0.247325E+06 0.106903E+07 0.529699E+08
     3496.00  0.160968E+05 0.246608E+06 0.102849E+07 0.523708E+08
     3506.00  0.157875E+05 0.245865E+06 0.989101E+06 0.517741E+08
     3516.00  0.154830E+05 0.245098E+06 0.950831E+06 0.511798E+08
     3526.00  0.151834E+05 0.244306E+06 0.913658E+06 0.505882E+08
     3536.00  0.148884E+05 0.243490E+06 0.877561E+06 0.499992E+08
     3546.00  0.145982E+05 0.242651E+06 0.842518E+06 0.494129E+08
     3556.00  0.143125E+05 0.241789E+06 0.808506E+06 0.488294E+08
     3566.00  0.140314E+05 0.240904E+06 0.775506E+06 0.482488E+08
     3576.00  0.137549E+05 0.239997E+06 0.743495E+06 0.476712E+08
     3586.00  0.134827E+05 0.239070E+06 0.712453E+06 0.470965E+08
     3596.00  0.132150E+05 0.238121E+06 0.682359E+06 0.465250E+08
     3606.00  0.129516E+05 0.237152E+06 0.653193E+06 0.459566E+08
     3616.00  0.126925E+05 0.236164E+06 0.624936E+06 0.453914E+08
     3626.00  0.124376E+05 0.235156E+06 0.597568E+06 0.448295E+08
     3636.00  0.121869E+05 0.234130E+06 0.571069E+06 0.442709E+08
     3646.00  0.119404E+05 0.233085E+06 0.545420E+06 0.437158E+08
     3656.00  0.116979E+05 0.232022E+06 0.520603E+06 0.431640E+08
     3666.00  0.114594E+05 0.230942E+06 0.496600E+06 0.426158E+08
     3676.00  0.112250E+05 0.229846E+06 0.473392E+06 0.420711E+08
     3686.00  0.109944E+05 0.228733E+06 0.450961E+06 0.415300E+08
     3696.00  0.107677E+05 0.227604E+06 0.429290E+06 0.409925E+08
     3706.00  0.105448E+05 0.226460E+06 0.408362E+06 0.404587E+08
     3716.00  0.103257E+05 0.225301E+06 0.388159E+06 0.399286E+08
     3726.00  0.101104E+05 0.224128E+06 0.368665E+06 0.394023E+08
     3736.00  0.989866E+04 0.222941E+06 0.349864E+06 0.388798E+08
     3746.00  0.969058E+04 0.221740E+06 0.331739E+06 0.383611E+08
     3756.00  0.948607E+04 0.220526E+06 0.314274E+06 0.378463E+08
     3766.00  0.928510E+04 0.219300E+06 0.297454E+06 0.373354E+08
     3776.00  0.908760E+04 0.218062E+06 0.281263E+06 0.368285E+08
     3786.00  0.889354E+04 0.216811E+06 0.265687E+06 0.363255E+08
     3796.00  0.870287E+04 0.215550E+06 0.250709E+06 0.358265E+08
     3806.00  0.851554E+04 0.214278E+06 0.236317E+06 0.353315E+08
     3816.00  0.833150E+04 0.212995E+06 0.222494E+06 0.348406E+08
     3826.00  0.815071E+04 0.211703E+06 0.209228E+06 0.343537E+08
     3836.00  0.797312E+04 0.210400E+06 0.196503E+06 0.338710E+08
     3846.00  0.779870E+04 0.209089E+06 0.184308E+06 0.333923E+08
     3856.00  0.762739E+04 0.207769E+06 0.172627E+06 0.329177E+08
     3866.00  0.745915E+04 0.206440E+06 0.161449E+06 0.324473E+08
     3876.00  0.729394E+04 0.205103E+06 0.150760E+06 0.319810E+08
     3886.00  0.713172E+04 0.203759E+06 0.140547E+06 0.315189E+08
     3896.00  0.697244E+04 0.202408E+06 0.130798E+06 0.310610E+08
     3906.00  0.681606E+04 0.201049E+06 0.121500E+06 0.306073E+08
     3916.00  0.666255E+04 0.199685E+06 0.112642E+06 0.301578E+08
     3926.00  0.651185E+04 0.198314E+06 0.104212E+06 0.297125E+08
     3936.00  0.636393E+04 0.196937E+06 0.961986E+05 0.292714E+08
     3946.00  0.621875E+04 0.195555E+06 0.885897E+05 0.288346E+08
     3956.00  0.607627E+04 0.194168E+06 0.813745E+05 0.284019E+08
     3966.00  0.593644E+04 0.192776E+06 0.745421E+05 0.279735E+08
     3976.00  0.579924E+04 0.191380E+06 0.680817E+05 0.275494E+08
     3986.00  0.566461E+04 0.189980E+06 0.619827E+05 0.271294E+08
     3996.00  0.553253E+04 0.188576E+06 0.562350E+05 0.267137E+08
     4006.00  0.540295E+04 0.187168E+06 0.508282E+05 0.263023E+08
     4016.00  0.527584E+04 0.185758E+06 0.457524E+05 0.258950E+08
     4026.00  0.515116E+04 0.184345E+06 0.409980E+05 0.254920E+08
     4036.00  0.502887E+04 0.182929E+06 0.365554E+05 0.250933E+08
     4046.00  0.490894E+04 0.181511E+06 0.324152E+05 0.246987E+08
     4056.00  0.479133E+04 0.180092E+06 0.285683E+05 0.243084E+08
     4066.00  0.467601E+04 0.178670E+06 0.250056E+05 0.239223E+08
     4076.00  0.456294E+04 0.177248E+06 0.217184E+05 0.235403E+08
     4086.00  0.445208E+04 0.175825E+06 0.186979E+05 0.231626E+08
     4096.00  0.434341E+04 0.174400E+06 0.159359E+05 0.227890E+08
     4106.00  0.423688E+04 0.172976E+06 0.134239E+05 0.224197E+08
     4116.00  0.413247E+04 0.171551E+06 0.111539E+05 0.220544E+08
     4126.00  0.403014E+04 0.170127E+06 0.911789E+04 0.216934E+08
     4136.00  0.392986E+04 0.168702E+06 0.730820E+04 0.213364E+08
     4146.00  0.383159E+04 0.167279E+06 0.571717E+04 0.209836E+08
     4156.00  0.373531E+04 0.165856E+06 0.433736E+04 0.206349E+08
     4166.00  0.364098E+04 0.164434E+06 0.316150E+04 0.202903E+08
     4176.00  0.354857E+04 0.163014E+06 0.218246E+04 0.199498E+08
     4186.00  0.345805E+04 0.161595E+06 0.139327E+04 0.196133E+08
     4196.00  0.336940E+04 0.160178E+06 0.787106E+03 0.192808E+08
     4206.00  0.328257E+04 0.158763E+06 0.357311E+03 0.189524E+08
     4216.00  0.319754E+04 0.157350E+06 0.973666E+02 0.186280E+08
     4226.00  0.311428E+04 0.155939E+06 0.900304E+00 0.183076E+08
     4236.00  0.303277E+04 0.154532E+06 0.616855E+02 0.179911E+08
     4246.00  0.295296E+04 0.153127E+06 0.273637E+03 0.176786E+08
     4256.00  0.287485E+04 0.151725E+06 0.630808E+03 0.173701E+08
     4266.00  0.279838E+04 0.150327E+06 0.112739E+04 0.170654E+08
     4276.00  0.272355E+04 0.148932E+06 0.175771E+04 0.167646E+08
     4286.00  0.265032E+04 0.147540E+06 0.251623E+04 0.164677E+08
     4296.00  0.257866E+04 0.146153E+06 0.339754E+04 0.161746E+08
     4306.00  0.250855E+04 0.144769E+06 0.439636E+04 0.158853E+08
     4316.00  0.243997E+04 0.143390E+06 0.550753E+04 0.155998E+08
     4326.00  0.237288E+04 0.142014E+06 0.672602E+04 0.153181E+08
     4336.00  0.230725E+04 0.140644E+06 0.804693E+04 0.150401E+08
     4346.00  0.224308E+04 0.139278E+06 0.946547E+04 0.147659E+08
     4356.00  0.218032E+04 0.137917E+06 0.109770E+05 0.144953E+08
     4366.00  0.211896E+04 0.136560E+06 0.125769E+05 0.142285E+08
     4376.00  0.205897E+04 0.135209E+06 0.142608E+05 0.139652E+08
     4386.00  0.200033E+04 0.133863E+06 0.160243E+05 0.137056E+08
     4396.00  0.194301E+04 0.132523E+06 0.178633E+05 0.134495E+08
     4406.00  0.188699E+04 0.131188E+06 0.197736E+05 0.131971E+08
     4416.00  0.183225E+04 0.129859E+06 0.217512E+05 0.129481E+08
     4426.00  0.177876E+04 0.128536E+06 0.237923E+05 0.127027E+08
     4436.00  0.172650E+04 0.127218E+06 0.258930E+05 0.124607E+08
     4446.00  0.167546E+04 0.125907E+06 0.280497E+05 0.122222E+08
     4456.00  0.162560E+04 0.124601E+06 0.302587E+05 0.119872E+08
     4466.00  0.157691E+04 0.123302E+06 0.325167E+05 0.117555E+08
     4476.00  0.152937E+04 0.122010E+06 0.348201E+05 0.115272E+08
     4486.00  0.148295E+04 0.120723E+06 0.371657E+05 0.113022E+08
     4511.00  0.137168E+04 0.117537E+06 0.431933E+05 0.107542E+08
     4536.00  0.126701E+04 0.114393E+06 0.494171E+05 0.102265E+08
     4561.00  0.116862E+04 0.111294E+06 0.557927E+05 0.971856E+07
     4586.00  0.107622E+04 0.108240E+06 0.622790E+05 0.922996E+07
     4611.00  0.989537E+03 0.105233E+06 0.688380E+05 0.876022E+07
     4636.00  0.908294E+03 0.102273E+06 0.754347E+05 0.830888E+07
     4661.00  0.832230E+03 0.993613E+05 0.820367E+05 0.787548E+07
     4686.00  0.761095E+03 0.964992E+05 0.886143E+05 0.745954E+07
     4711.00  0.694646E+03 0.936873E+05 0.951404E+05 0.706061E+07
     4736.00  0.632650E+03 0.909260E+05 0.101590E+06 0.667822E+07
     4761.00  0.574884E+03 0.882158E+05 0.107941E+06 0.631189E+07
     4786.00  0.521133E+03 0.855573E+05 0.114173E+06 0.596118E+07
     4811.00  0.471189E+03 0.829507E+05 0.120267E+06 0.562563E+07
     4836.00  0.424853E+03 0.803963E+05 0.126207E+06 0.530477E+07
     4861.00  0.381937E+03 0.778942E+05 0.131978E+06 0.499817E+07
     4886.00  0.342256E+03 0.754445E+05 0.137567E+06 0.470538E+07
     4911.00  0.305636E+03 0.730474E+05 0.142963E+06 0.442596E+07
     4936.00  0.271909E+03 0.707027E+05 0.148156E+06 0.415947E+07
     4961.00  0.240914E+03 0.684103E+05 0.153137E+06 0.390550E+07
     4986.00  0.212497E+03 0.661702E+05 0.157899E+06 0.366361E+07
     5011.00  0.186510E+03 0.639820E+05 0.162436E+06 0.343341E+07
     5036.00  0.162812E+03 0.618454E+05 0.166743E+06 0.321447E+07
     5061.00  0.141269E+03 0.597603E+05 0.170817E+06 0.300641E+07
     5086.00  0.121752E+03 0.577262E+05 0.174655E+06 0.280883E+07
     5111.00  0.104137E+03 0.557428E+05 0.178254E+06 0.262136E+07
     5136.00  0.883070E+02 0.538095E+05 0.181615E+06 0.244360E+07
     5161.00  0.741501E+02 0.519258E+05 0.184736E+06 0.227521E+07
     5186.00  0.615592E+02 0.500913E+05 0.187619E+06 0.211581E+07
     5211.00  0.504324E+02 0.483054E+05 0.190265E+06 0.196505E+07
     5236.00  0.406726E+02 0.465675E+05 0.192675E+06 0.182260E+07
     5261.00  0.321875E+02 0.448770E+05 0.194852E+06 0.168812E+07
     5286.00  0.248892E+02 0.432332E+05 0.196798E+06 0.156129E+07
     5311.00  0.186940E+02 0.416354E+05 0.198519E+06 0.144178E+07
     5336.00  0.135226E+02 0.400831E+05 0.200016E+06 0.132929E+07
     5361.00  0.929945E+01 0.385754E+05 0.201296E+06 0.122352E+07
     5386.00  0.595313E+01 0.371117E+05 0.202361E+06 0.112418E+07
     5411.00  0.341575E+01 0.356911E+05 0.203217E+06 0.103098E+07
     5436.00  0.162302E+01 0.343130E+05 0.203869E+06 0.943643E+06
     5461.00  0.514064E+00 0.329766E+05 0.204323E+06 0.861911E+06
     5511.00  0.120215E+00 0.304257E+05 0.204659E+06 0.714226E+06
     5561.00  0.181040E+01 0.280322E+05 0.204270E+06 0.585947E+06
     5611.00  0.520711E+01 0.257897E+05 0.203206E+06 0.475233E+06
     5661.00  0.997530E+01 0.236917E+05 0.201517E+06 0.380363E+06
     5711.00  0.158188E+02 0.217318E+05 0.199255E+06 0.299734E+06
     5761.00  0.224770E+02 0.199037E+05 0.196468E+06 0.231861E+06
     5811.00  0.297217E+02 0.182010E+05 0.193209E+06 0.175366E+06
     5861.00  0.373540E+02 0.166175E+05 0.189525E+06 0.128980E+06
     5911.00  0.452019E+02 0.151470E+05 0.185465E+06 0.915320E+05
     5961.00  0.531175E+02 0.137835E+05 0.181075E+06 0.619482E+05
     6011.00  0.609747E+02 0.125211E+05 0.176399E+06 0.392453E+05
     6061.00  0.686673E+02 0.113541E+05 0.171481E+06 0.225258E+05
     6111.00  0.761064E+02 0.102771E+05 0.166360E+06 0.109729E+05
     6161.00  0.832193E+02 0.928451E+04 0.161074E+06 0.384579E+04
     6211.00  0.899470E+02 0.837135E+04 0.155661E+06 0.474731E+03
     6261.00  0.962434E+02 0.753260E+04 0.150152E+06 0.256394E+03
     6311.00  0.102073E+03 0.676348E+04 0.144580E+06 0.264936E+04
     6361.00  0.107411E+03 0.605943E+04 0.138972E+06 0.716973E+04
     6411.00  0.112240E+03 0.541608E+04 0.133357E+06 0.133869E+05
     6461.00  0.116551E+03 0.482928E+04 0.127757E+06 0.209194E+05
     6511.00  0.120341E+03 0.429505E+04 0.122195E+06 0.294312E+05
     6561.00  0.123612E+03 0.380963E+04 0.116690E+06 0.386280E+05
     6611.00  0.126372E+03 0.336946E+04 0.111261E+06 0.482535E+05
     6661.00  0.128633E+03 0.297115E+04 0.105924E+06 0.580863E+05
     6711.00  0.130408E+03 0.261152E+04 0.100691E+06 0.679367E+05
     6761.00  0.131716E+03 0.228755E+04 0.955764E+05 0.776439E+05
     6811.00  0.132576E+03 0.199643E+04 0.905895E+05 0.870729E+05
     6861.00  0.133009E+03 0.173549E+04 0.857396E+05 0.961124E+05
     6911.00  0.133040E+03 0.150223E+04 0.810341E+05 0.104672E+06
     6961.00  0.132690E+03 0.129433E+04 0.764789E+05 0.112680E+06
     7011.00  0.131985E+03 0.110959E+04 0.720789E+05 0.120081E+06
     7061.00  0.130949E+03 0.945992E+03 0.678377E+05 0.126835E+06
     7111.00  0.129607E+03 0.801625E+03 0.637578E+05 0.132916E+06
     7161.00  0.127984E+03 0.674729E+03 0.598405E+05 0.138306E+06
     7211.00  0.126104E+03 0.563667E+03 0.560866E+05 0.143001E+06
     7261.00  0.123991E+03 0.466922E+03 0.524958E+05 0.147003E+06
     7311.00  0.121668E+03 0.383091E+03 0.490672E+05 0.150321E+06
     7361.00  0.119158E+03 0.310876E+03 0.457992E+05 0.152972E+06
     7411.00  0.116482E+03 0.249085E+03 0.426894E+05 0.154976E+06
     7511.00  0.110717E+03 0.152465E+03 0.369337E+05 0.157150E+06
     7611.00  0.104530E+03 0.854868E+02 0.317731E+05 0.157083E+06
     7711.00  0.980596E+02 0.416687E+02 0.271755E+05 0.155042E+06
     7811.00  0.914310E+02 0.156351E+02 0.231050E+05 0.151315E+06
     7911.00  0.847523E+02 0.296684E+01 0.195233E+05 0.146185E+06
     8011.00  0.781162E+02 0.673528E-01 0.163913E+05 0.139929E+06
     8111.00  0.716006E+02 0.404246E+01 0.136694E+05 0.132808E+06
     8211.00  0.652702E+02 0.125929E+02 0.113188E+05 0.125060E+06
     8311.00  0.591766E+02 0.239193E+02 0.930192E+04 0.116901E+06
     8411.00  0.533606E+02 0.366389E+02 0.758281E+04 0.108518E+06
     8511.00  0.478523E+02 0.497123E+02 0.612762E+04 0.100076E+06
     8611.00  0.426734E+02 0.623814E+02 0.490474E+04 0.917126E+05
     8711.00  0.378375E+02 0.741148E+02 0.388495E+04 0.835413E+05
     8811.00  0.333516E+02 0.845626E+02 0.304151E+04 0.756542E+05
     8911.00  0.292168E+02 0.935169E+02 0.235012E+04 0.681224E+05
     9011.00  0.254294E+02 0.100880E+03 0.178889E+04 0.609987E+05
     9111.00  0.219819E+02 0.106636E+03 0.133825E+04 0.543198E+05
     9211.00  0.188633E+02 0.110833E+03 0.980847E+03 0.481086E+05
     9311.00  0.160603E+02 0.113558E+03 0.701393E+03 0.423758E+05
     9411.00  0.135575E+02 0.114930E+03 0.486523E+03 0.371224E+05
     9511.00  0.113381E+02 0.115084E+03 0.324642E+03 0.323409E+05
     9611.00  0.938432E+01 0.114164E+03 0.205766E+03 0.280174E+05
     9711.00  0.767764E+01 0.112315E+03 0.121367E+03 0.241330E+05
     9811.00  0.619941E+01 0.109680E+03 0.642185E+02 0.206646E+05
     9911.00  0.493092E+01 0.106394E+03 0.282532E+02 0.175869E+05
    10011.00  0.385375E+01 0.102584E+03 0.842253E+01 0.148726E+05
    10111.00  0.294985E+01 0.983655E+02 0.569801E+00 0.124936E+05
    10211.00  0.220179E+01 0.938429E+02 0.131132E+01 0.104214E+05
    10311.00  0.159282E+01 0.891091E+02 0.792827E+01 0.862801E+04
    10411.00  0.110702E+01 0.842453E+02 0.182686E+02 0.708614E+04
    10511.00  0.729309E+00 0.793217E+02 0.306593E+02 0.576958E+04
    10611.00  0.445562E+00 0.743981E+02 0.438277E+02 0.465347E+04
    10711.00  0.242599E+00 0.695248E+02 0.568332E+02 0.371448E+04
    10811.00  0.108212E+00 0.647432E+02 0.690065E+02 0.293094E+04
    10911.00  0.311758E-01 0.600869E+02 0.798973E+02 0.228288E+04
    11011.00  0.123782E-02 0.555826E+02 0.892300E+02 0.175205E+04
    11111.00  0.910255E-02 0.512506E+02 0.968648E+02 0.132190E+04
    11211.00  0.464093E-01 0.471063E+02 0.102766E+03 0.977557E+03
    11311.00  0.105703E+00 0.431602E+02 0.106974E+03 0.705741E+03
    11411.00  0.180397E+00 0.394191E+02 0.109587E+03 0.494678E+03
    11511.00  0.264740E+00 0.358866E+02 0.110737E+03 0.334017E+03
    11611.00  0.353767E+00 0.325635E+02 0.110580E+03 0.214719E+03
    11711.00  0.443259E+00 0.294483E+02 0.109285E+03 0.128958E+03
    11811.00  0.529695E+00 0.265380E+02 0.107021E+03 0.700115E+02
    11911.00  0.610202E+00 0.238280E+02 0.103954E+03 0.321532E+02
    12011.00  0.682510E+00 0.213125E+02 0.100244E+03 0.105534E+02
    12111.00  0.744898E+00 0.189851E+02 0.960346E+02 0.117841E+01
    12211.00  0.796147E+00 0.168387E+02 0.914599E+02 0.697098E+00
    12311.00  0.835492E+00 0.148657E+02 0.866376E+02 0.639375E+01
    12411.00  0.862569E+00 0.130583E+02 0.816703E+02 0.160866E+02
    12511.00  0.877373E+00 0.114085E+02 0.766460E+02 0.280535E+02
    12611.00  0.880207E+00 0.990817E+01 0.716389E+02 0.409635E+02
    12711.00  0.871638E+00 0.854936E+01 0.667096E+02 0.538159E+02
    12811.00  0.852457E+00 0.732406E+01 0.619069E+02 0.658856E+02
    12911.00  0.823635E+00 0.622442E+01 0.572688E+02 0.766739E+02
    13011.00  0.786283E+00 0.524269E+01 0.528238E+02 0.858661E+02
    13111.00  0.741620E+00 0.437132E+01 0.485921E+02 0.932943E+02
    13211.00  0.690932E+00 0.360294E+01 0.445869E+02 0.989047E+02
    13311.00  0.635546E+00 0.293036E+01 0.408151E+02 0.102731E+03
    13411.00  0.576799E+00 0.234658E+01 0.372792E+02 0.104869E+03
    13511.00  0.516011E+00 0.184484E+01 0.339774E+02 0.105462E+03
    13611.00  0.454461E+00 0.141856E+01 0.309048E+02 0.104678E+03
    13711.00  0.393370E+00 0.106137E+01 0.280542E+02 0.102703E+03
    13811.00  0.333880E+00 0.767129E+00 0.254166E+02 0.997281E+02
    13911.00  0.277038E+00 0.529909E+00 0.229818E+02 0.959408E+02
    14011.00  0.223788E+00 0.344002E+00 0.207389E+02 0.915210E+02
    14111.00  0.174958E+00 0.203925E+00 0.186762E+02 0.866352E+02
    14211.00  0.131255E+00 0.104428E+00 0.167824E+02 0.814347E+02
    14311.00  0.932582E-01 0.404994E-01 0.150460E+02 0.760538E+02
    14411.00  0.614204E-01 0.737185E-02 0.134560E+02 0.706086E+02
    14511.00  0.360654E-01 0.529174E-03 0.120017E+02 0.651975E+02
    14611.00  0.173911E-01 0.157136E-01 0.106730E+02 0.599016E+02
    14711.00  0.547314E-02 0.489325E-01 0.946052E+01 0.547856E+02
    14811.00  0.271138E-03 0.964647E-01 0.835539E+01 0.498997E+02
    14911.00  0.163521E-02 0.154866E+00 0.734943E+01 0.452802E+02
    15011.00  0.931453E-02 0.220974E+00 0.643510E+01 0.409518E+02
    15111.00  0.229667E-01 0.291909E+00 0.560553E+01 0.369289E+02
    15211.00  0.421678E-01 0.365080E+00 0.485442E+01 0.332174E+02
    15311.00  0.664233E-01 0.438180E+00 0.417603E+01 0.298159E+02
    15411.00  0.951796E-01 0.509188E+00 0.356517E+01 0.267174E+02
    15511.00  0.127835E+00 0.576361E+00 0.301710E+01 0.239105E+02
    15611.00  0.163752E+00 0.638232E+00 0.252749E+01 0.213804E+02
    15711.00  0.202267E+00 0.693601E+00 0.209240E+01 0.191101E+02
    15811.00  0.242704E+00 0.741523E+00 0.170820E+01 0.170811E+02
    15911.00  0.284384E+00 0.781298E+00 0.137154E+01 0.152742E+02
    16011.00  0.326634E+00 0.812457E+00 0.107931E+01 0.136700E+02
    16111.00  0.368799E+00 0.834750E+00 0.828561E+00 0.122496E+02
    16211.00  0.410248E+00 0.848122E+00 0.616523E+00 0.109944E+02
    16311.00  0.450386E+00 0.852702E+00 0.440524E+00 0.988701E+01
    16411.00  0.488656E+00 0.848784E+00 0.297983E+00 0.891100E+01
    16511.00  0.524548E+00 0.836799E+00 0.186380E+00 0.805113E+01
    16611.00  0.557604E+00 0.817307E+00 0.103239E+00 0.729344E+01
    16711.00  0.587422E+00 0.790969E+00 0.461106E-01 0.662521E+01
    16811.00  0.613657E+00 0.758528E+00 0.125645E-01 0.603490E+01
    16911.00  0.636026E+00 0.720790E+00 0.181886E-03 0.551220E+01
    17011.00  0.654310E+00 0.678607E+00 0.655597E-02 0.504787E+01
    17111.00  0.668350E+00 0.632855E+00 0.292950E-01 0.463372E+01
    17211.00  0.678047E+00 0.584417E+00 0.660293E-01 0.426251E+01
    17311.00  0.683367E+00 0.534172E+00 0.114421E+00 0.392789E+01
    17411.00  0.684331E+00 0.482971E+00 0.172177E+00 0.362428E+01
    17511.00  0.681015E+00 0.431632E+00 0.237065E+00 0.334686E+01
    17611.00  0.673548E+00 0.380926E+00 0.306927E+00 0.309147E+01
    17711.00  0.662107E+00 0.331563E+00 0.379700E+00 0.285456E+01
    17811.00  0.646910E+00 0.284190E+00 0.453430E+00 0.263311E+01
    17911.00  0.628220E+00 0.239380E+00 0.526295E+00 0.242464E+01
    18011.00  0.606328E+00 0.197629E+00 0.596615E+00 0.222713E+01
    18111.00  0.581556E+00 0.159351E+00 0.662871E+00 0.203897E+01
    18211.00  0.554249E+00 0.124880E+00 0.723718E+00 0.185895E+01
    18311.00  0.524772E+00 0.944660E-01 0.777997E+00 0.168622E+01
    18411.00  0.493500E+00 0.682777E-01 0.824738E+00 0.152022E+01
    18511.00  0.460817E+00 0.464062E-01 0.863173E+00 0.136069E+01
    18611.00  0.427111E+00 0.288675E-01 0.892738E+00 0.120763E+01
    18711.00  0.392766E+00 0.156073E-01 0.913064E+00 0.106124E+01
    18811.00  0.358162E+00 0.650698E-02 0.923984E+00 0.921882E+00
    18911.00  0.323665E+00 0.138941E-02 0.925523E+00 0.790063E+00
    19011.00  0.289630E+00 0.259436E-04 0.917884E+00 0.666381E+00
    19111.00  0.256390E+00 0.214352E-02 0.901441E+00 0.551490E+00
    19311.00  0.193531E+00 0.155515E-01 0.844394E+00 0.350760E+00
    19511.00  0.137296E+00 0.388210E-01 0.760141E+00 0.192814E+00
    19711.00  0.894508E-01 0.689180E-01 0.656021E+00 0.812507E-01
    19911.00  0.512724E-01 0.102783E+00 0.540259E+00 0.174966E-01
    20111.00  0.235388E-01 0.137517E+00 0.421300E+00 0.281287E-03
    20311.00  0.653633E-02 0.170539E+00 0.307156E+00 0.254587E-01
    20511.00  0.893955E-04 0.199691E+00 0.204858E+00 0.861784E-01
    20711.00  0.360688E-02 0.223313E+00 0.120031E+00 0.173374E+00
    20911.00  0.161414E-01 0.240273E+00 0.565988E-01 0.276497E+00
    21111.00  0.364580E-01 0.249966E+00 0.166555E-01 0.384419E+00
    21311.00  0.631076E-01 0.252277E+00 0.479463E-03 0.486367E+00
    21511.00  0.945028E-01 0.247525E+00 0.667906E-02 0.572826E+00
    21711.00  0.128992E+00 0.236389E+00 0.324472E-01 0.636283E+00
    21911.00  0.164926E+00 0.219828E+00 0.738934E-01 0.671759E+00
    22111.00  0.200728E+00 0.198990E+00 0.126420E+00 0.677087E+00
    22311.00  0.234936E+00 0.175131E+00 0.185110E+00 0.652901E+00
    22511.00  0.266261E+00 0.149536E+00 0.245097E+00 0.602392E+00
    22711.00  0.293607E+00 0.123450E+00 0.301890E+00 0.530829E+00
    22911.00  0.316109E+00 0.980203E-01 0.351641E+00 0.444941E+00
    23111.00  0.333134E+00 0.742562E-01 0.391327E+00 0.352197E+00
    23311.00  0.344290E+00 0.529941E-01 0.418870E+00 0.260096E+00
    23511.00  0.349421E+00 0.348819E-01 0.433167E+00 0.175499E+00
    23711.00  0.348591E+00 0.203710E-01 0.434053E+00 0.104075E+00
    23911.00  0.342065E+00 0.972015E-02 0.422213E+00 0.499138E-01
    24111.00  0.330284E+00 0.300584E-02 0.399035E+00 0.152953E-01
    24311.00  0.313835E+00 0.140666E-03 0.366454E+00 0.656446E-03
    24511.00  0.293418E+00 0.895003E-03 0.326760E+00 0.471369E-02
    24711.00  0.269816E+00 0.492203E-02 0.282430E+00 0.247289E-01
    24911.00  0.243861E+00 0.117839E-01 0.235949E+00 0.568756E-01
    25111.00  0.216401E+00 0.209781E-01 0.189671E+00 0.966661E-01
    25311.00  0.188271E+00 0.319625E-01 0.145699E+00 0.139392E+00
    25511.00  0.160267E+00 0.441790E-01 0.105797E+00 0.180546E+00
    25711.00  0.133122E+00 0.570742E-01 0.713381E-01 0.216176E+00
    25911.00  0.107490E+00 0.701180E-01 0.432802E-01 0.243172E+00
    26111.00  0.839239E-01 0.828189E-01 0.221696E-01 0.259440E+00
    26311.00  0.628739E-01 0.947357E-01 0.816825E-02 0.263985E+00
    26511.00  0.446755E-01 0.105488E+00 0.109785E-02 0.256892E+00
    26711.00  0.295495E-01 0.114760E+00 0.496147E-03 0.239222E+00
    26911.00  0.176044E-01 0.122308E+00 0.567949E-02 0.212841E+00
         IE==>      8            9           10           11
        1.00  0.415430E+01 0.641985E+02 0.775971E+01 0.227977E+03
        2.00  0.189444E+03 0.291186E+04 0.358828E+03 0.103674E+05
        3.00  0.177747E+04 0.271743E+05 0.341344E+04 0.970028E+05
        4.00  0.873532E+04 0.132832E+06 0.170052E+05 0.475388E+06
        5.00  0.301334E+05 0.455771E+06 0.594555E+05 0.163531E+07
        6.00  0.831225E+05 0.125053E+07 0.166202E+06 0.449830E+07
        7.00  0.196563E+06 0.294142E+07 0.398222E+06 0.106073E+08
        8.00  0.415398E+06 0.618305E+07 0.852564E+06 0.223530E+08
        9.00  0.805923E+06 0.119321E+08 0.167545E+07 0.432443E+08
       10.00  0.146216E+07 0.215333E+08 0.307852E+07 0.782328E+08
       11.00  0.251358E+07 0.368214E+08 0.535904E+07 0.134103E+09
       12.00  0.413444E+07 0.602450E+08 0.892477E+07 0.219945E+09
       13.00  0.655517E+07 0.950140E+08 0.143248E+08 0.347716E+09
       14.00  0.100763E+08 0.145280E+09 0.222880E+08 0.532943E+09
       15.00  0.150855E+08 0.216358E+09 0.337706E+08 0.795565E+09
       16.00  0.220794E+08 0.314998E+09 0.500168E+08 0.116100E+10
       17.00  0.316901E+08 0.449735E+09 0.726351E+08 0.166148E+10
       18.00  0.447198E+08 0.631319E+09 0.103696E+09 0.233772E+10
       19.00  0.621842E+08 0.873267E+09 0.145856E+09 0.324108E+10
       20.00  0.853679E+08 0.119257E+10 0.202522E+09 0.443626E+10
       21.00  0.115896E+09 0.161058E+10 0.278050E+09 0.600479E+10
       22.00  0.155825E+09 0.215416E+10 0.378022E+09 0.804949E+10
       23.00  0.207760E+09 0.285715E+10 0.509587E+09 0.107002E+11
       24.00  0.275011E+09 0.376232E+10 0.681918E+09 0.141213E+11
       25.00  0.361789E+09 0.492377E+10 0.906806E+09 0.185213E+11
       26.00  0.473470E+09 0.641023E+10 0.119944E+10 0.241653E+11
       27.00  0.616931E+09 0.830922E+10 0.157944E+10 0.313919E+11
       28.00  0.801002E+09 0.107325E+11 0.207221E+10 0.406341E+11
       29.00  0.103704E+10 0.138234E+11 0.271072E+10 0.524475E+11
       30.00  0.133968E+10 0.177652E+11 0.353779E+10 0.675458E+11
       31.00  0.172777E+10 0.227933E+11 0.460907E+10 0.868450E+11
       32.00  0.222550E+10 0.292083E+11 0.599666E+10 0.111518E+12
       33.00  0.286375E+10 0.373916E+11 0.779341E+10 0.143057E+12
       34.00  0.368137E+10 0.478201E+11 0.101174E+11 0.183330E+12
       35.00  0.472614E+10 0.610763E+11 0.131158E+11 0.234626E+12
       36.00  0.605442E+10 0.778407E+11 0.169646E+11 0.299629E+12
       37.00  0.772808E+10 0.988499E+11 0.218619E+11 0.381259E+12
       38.00  0.980589E+10 0.124786E+12 0.280032E+11 0.482247E+12
       39.00  0.123262E+11 0.156058E+12 0.355317E+11 0.604286E+12
       40.00  0.152787E+11 0.192451E+12 0.444527E+11 0.746661E+12
       42.00  0.219834E+11 0.274090E+12 0.651394E+11 0.106750E+13
       44.00  0.278869E+11 0.344171E+12 0.841276E+11 0.134553E+13
       46.00  0.306238E+11 0.374126E+12 0.940244E+11 0.146810E+13
       48.00  0.299401E+11 0.362083E+12 0.935277E+11 0.142606E+13
       50.00  0.273857E+11 0.327857E+12 0.870119E+11 0.129592E+13
       52.00  0.243986E+11 0.289162E+12 0.788233E+11 0.114703E+13
       54.00  0.216640E+11 0.254179E+12 0.711432E+11 0.101178E+13
       56.00  0.193728E+11 0.225023E+12 0.646499E+11 0.898798E+12
       58.00  0.175132E+11 0.201394E+12 0.593747E+11 0.807131E+12
       60.00  0.160158E+11 0.182340E+12 0.551470E+11 0.733189E+12
       62.00  0.148064E+11 0.166896E+12 0.517664E+11 0.673275E+12
       64.00  0.138225E+11 0.154261E+12 0.490565E+11 0.624294E+12
       66.00  0.130149E+11 0.143810E+12 0.468758E+11 0.583827E+12
       68.00  0.123457E+11 0.135068E+12 0.451147E+11 0.550032E+12
       70.00  0.117863E+11 0.127677E+12 0.436887E+11 0.521510E+12
       72.00  0.113149E+11 0.121365E+12 0.425333E+11 0.497202E+12
       74.00  0.109146E+11 0.115922E+12 0.415983E+11 0.476292E+12
       76.00  0.105726E+11 0.111188E+12 0.408448E+11 0.458153E+12
       78.00  0.102784E+11 0.107038E+12 0.402420E+11 0.442291E+12
       80.00  0.100242E+11 0.103371E+12 0.397654E+11 0.428319E+12
       82.00  0.980343E+10 0.100109E+12 0.393955E+11 0.415926E+12
       84.00  0.961089E+10 0.971880E+11 0.391162E+11 0.404862E+12
       86.00  0.944237E+10 0.945567E+11 0.389145E+11 0.394926E+12
       88.00  0.929443E+10 0.921728E+11 0.387800E+11 0.385951E+12
       90.00  0.916421E+10 0.900019E+11 0.387036E+11 0.377803E+12
       92.00  0.904937E+10 0.880154E+11 0.386781E+11 0.370369E+12
       94.00  0.894794E+10 0.861894E+11 0.386974E+11 0.363555E+12
       96.00  0.885825E+10 0.845038E+11 0.387563E+11 0.357283E+12
       98.00  0.877892E+10 0.829419E+11 0.388504E+11 0.351485E+12
      100.00  0.870873E+10 0.814890E+11 0.389758E+11 0.346104E+12
      102.00  0.864666E+10 0.801328E+11 0.391293E+11 0.341093E+12
      104.00  0.859180E+10 0.788625E+11 0.393080E+11 0.336408E+12
      106.00  0.854339E+10 0.776689E+11 0.395095E+11 0.332013E+12
      108.00  0.850074E+10 0.765439E+11 0.397314E+11 0.327876E+12
      110.00  0.846326E+10 0.754804E+11 0.399719E+11 0.323970E+12
      112.00  0.843043E+10 0.744724E+11 0.402292E+11 0.320269E+12
      114.00  0.840178E+10 0.735144E+11 0.405018E+11 0.316754E+12
      116.00  0.837694E+10 0.726018E+11 0.407884E+11 0.313405E+12
      118.00  0.835554E+10 0.717303E+11 0.410878E+11 0.310206E+12
      122.00  0.832188E+10 0.700970E+11 0.417211E+11 0.304204E+12
      126.00  0.829870E+10 0.685899E+11 0.423945E+11 0.298651E+12
      130.00  0.828432E+10 0.671891E+11 0.431022E+11 0.293469E+12
      134.00  0.827732E+10 0.658785E+11 0.438391E+11 0.288595E+12
      138.00  0.827652E+10 0.646447E+11 0.446008E+11 0.283977E+12
      142.00  0.828093E+10 0.634767E+11 0.453837E+11 0.279572E+12
      146.00  0.828977E+10 0.623656E+11 0.461845E+11 0.275346E+12
      150.00  0.830237E+10 0.613040E+11 0.470008E+11 0.271270E+12
      154.00  0.831821E+10 0.602860E+11 0.478303E+11 0.267321E+12
      158.00  0.833682E+10 0.593065E+11 0.486712E+11 0.263482E+12
      162.00  0.835780E+10 0.583612E+11 0.495217E+11 0.259736E+12
      166.00  0.838079E+10 0.574461E+11 0.503801E+11 0.256068E+12
      170.00  0.840548E+10 0.565581E+11 0.512450E+11 0.252466E+12
      174.00  0.843158E+10 0.556942E+11 0.521149E+11 0.248921E+12
      178.00  0.845886E+10 0.548521E+11 0.529886E+11 0.245425E+12
      182.00  0.848714E+10 0.540299E+11 0.538653E+11 0.241970E+12
      186.00  0.851626E+10 0.532260E+11 0.547440E+11 0.238552E+12
      190.00  0.854610E+10 0.524389E+11 0.556240E+11 0.235166E+12
      194.00  0.857652E+10 0.516674E+11 0.565045E+11 0.231809E+12
      198.00  0.860742E+10 0.509104E+11 0.573850E+11 0.228478E+12
      202.00  0.863869E+10 0.501668E+11 0.582646E+11 0.225170E+12
      206.00  0.867023E+10 0.494358E+11 0.591426E+11 0.221881E+12
      210.00  0.870195E+10 0.487165E+11 0.600186E+11 0.218611E+12
      214.00  0.873378E+10 0.480082E+11 0.608919E+11 0.215358E+12
      218.00  0.876567E+10 0.473104E+11 0.617620E+11 0.212121E+12
      222.00  0.879757E+10 0.466226E+11 0.626287E+11 0.208900E+12
      226.00  0.882944E+10 0.459444E+11 0.634916E+11 0.205693E+12
      230.00  0.886125E+10 0.452755E+11 0.643502E+11 0.202501E+12
      234.00  0.889295E+10 0.446154E+11 0.652044E+11 0.199323E+12
      238.00  0.892452E+10 0.439639E+11 0.660536E+11 0.196160E+12
      242.00  0.895591E+10 0.433205E+11 0.668976E+11 0.193010E+12
      246.00  0.898707E+10 0.426850E+11 0.677359E+11 0.189875E+12
      250.00  0.901799E+10 0.420572E+11 0.685681E+11 0.186753E+12
      254.00  0.904863E+10 0.414366E+11 0.693941E+11 0.183646E+12
      258.00  0.907896E+10 0.408233E+11 0.702134E+11 0.180552E+12
      262.00  0.910898E+10 0.402170E+11 0.710259E+11 0.177474E+12
      266.00  0.913868E+10 0.396175E+11 0.718313E+11 0.174411E+12
      270.00  0.916803E+10 0.390248E+11 0.726295E+11 0.171364E+12
      274.00  0.919702E+10 0.384387E+11 0.734202E+11 0.168332E+12
      282.00  0.925385E+10 0.372857E+11 0.749782E+11 0.162320E+12
      290.00  0.930901E+10 0.361574E+11 0.765032E+11 0.156377E+12
      298.00  0.936236E+10 0.350528E+11 0.779932E+11 0.150507E+12
      306.00  0.941384E+10 0.339713E+11 0.794468E+11 0.144715E+12
      314.00  0.946339E+10 0.329125E+11 0.808629E+11 0.139004E+12
      322.00  0.951098E+10 0.318759E+11 0.822405E+11 0.133379E+12
      330.00  0.955656E+10 0.308611E+11 0.835784E+11 0.127846E+12
      338.00  0.960006E+10 0.298676E+11 0.848754E+11 0.122406E+12
      346.00  0.964143E+10 0.288950E+11 0.861306E+11 0.117065E+12
      354.00  0.968069E+10 0.279432E+11 0.873433E+11 0.111826E+12
      362.00  0.971785E+10 0.270120E+11 0.885134E+11 0.106694E+12
      370.00  0.975292E+10 0.261011E+11 0.896405E+11 0.101671E+12
      378.00  0.978591E+10 0.252104E+11 0.907241E+11 0.967607E+11
      386.00  0.981680E+10 0.243396E+11 0.917639E+11 0.919662E+11
      394.00  0.984559E+10 0.234884E+11 0.927593E+11 0.872896E+11
      402.00  0.987229E+10 0.226567E+11 0.937104E+11 0.827333E+11
      410.00  0.989694E+10 0.218443E+11 0.946171E+11 0.782995E+11
      418.00  0.991956E+10 0.210511E+11 0.954796E+11 0.739902E+11
      426.00  0.994017E+10 0.202768E+11 0.962978E+11 0.698066E+11
      434.00  0.995877E+10 0.195211E+11 0.970716E+11 0.657501E+11
      442.00  0.997534E+10 0.187839E+11 0.978009E+11 0.618214E+11
      450.00  0.998990E+10 0.180649E+11 0.984857E+11 0.580212E+11
      458.00  0.100025E+11 0.173639E+11 0.991260E+11 0.543503E+11
      466.00  0.100131E+11 0.166808E+11 0.997223E+11 0.508089E+11
      474.00  0.100217E+11 0.160152E+11 0.100275E+12 0.473974E+11
      482.00  0.100284E+11 0.153670E+11 0.100784E+12 0.441155E+11
      490.00  0.100332E+11 0.147360E+11 0.101249E+12 0.409630E+11
      498.00  0.100360E+11 0.141219E+11 0.101671E+12 0.379395E+11
      506.00  0.100370E+11 0.135245E+11 0.102050E+12 0.350444E+11
      514.00  0.100360E+11 0.129436E+11 0.102386E+12 0.322771E+11
      522.00  0.100332E+11 0.123790E+11 0.102680E+12 0.296366E+11
      530.00  0.100286E+11 0.118305E+11 0.102933E+12 0.271220E+11
      538.00  0.100221E+11 0.112979E+11 0.103145E+12 0.247322E+11
      546.00  0.100139E+11 0.107809E+11 0.103316E+12 0.224658E+11
      554.00  0.100040E+11 0.102794E+11 0.103447E+12 0.203214E+11
      562.00  0.999228E+10 0.979315E+10 0.103539E+12 0.182975E+11
      570.00  0.997889E+10 0.932187E+10 0.103592E+12 0.163924E+11
      578.00  0.996384E+10 0.886538E+10 0.103606E+12 0.146044E+11
      586.00  0.994717E+10 0.842347E+10 0.103584E+12 0.129317E+11
      596.00  0.992411E+10 0.789125E+10 0.103504E+12 0.109999E+11
      606.00  0.989863E+10 0.738103E+10 0.103369E+12 0.924129E+10
      616.00  0.987078E+10 0.689234E+10 0.103179E+12 0.765157E+10
      626.00  0.984060E+10 0.642475E+10 0.102935E+12 0.622646E+10
      636.00  0.980816E+10 0.597780E+10 0.102640E+12 0.496151E+10
      646.00  0.977352E+10 0.555106E+10 0.102295E+12 0.385215E+10
      656.00  0.973674E+10 0.514408E+10 0.101900E+12 0.289370E+10
      666.00  0.969788E+10 0.475641E+10 0.101458E+12 0.208138E+10
      676.00  0.965697E+10 0.438760E+10 0.100970E+12 0.141035E+10
      686.00  0.961407E+10 0.403721E+10 0.100437E+12 0.875694E+09
      696.00  0.956921E+10 0.370478E+10 0.998605E+11 0.472463E+09
      706.00  0.952245E+10 0.338989E+10 0.992420E+11 0.195675E+09
      716.00  0.947385E+10 0.309209E+10 0.985832E+11 0.403221E+08
      726.00  0.942347E+10 0.281096E+10 0.978853E+11 0.138717E+07
      736.00  0.937135E+10 0.254606E+10 0.971500E+11 0.738521E+08
      746.00  0.931754E+10 0.229697E+10 0.963786E+11 0.252709E+09
      756.00  0.926210E+10 0.206325E+10 0.955724E+11 0.532969E+09
      766.00  0.920507E+10 0.184449E+10 0.947330E+11 0.909671E+09
      776.00  0.914650E+10 0.164027E+10 0.938618E+11 0.137789E+10
      786.00  0.908646E+10 0.145019E+10 0.929604E+11 0.193275E+10
      796.00  0.902501E+10 0.127382E+10 0.920303E+11 0.256942E+10
      806.00  0.896221E+10 0.111077E+10 0.910730E+11 0.328315E+10
      816.00  0.889810E+10 0.960637E+09 0.900898E+11 0.406923E+10
      826.00  0.883273E+10 0.823020E+09 0.890821E+11 0.492304E+10
      836.00  0.876616E+10 0.697528E+09 0.880514E+11 0.584003E+10
      846.00  0.869843E+10 0.583774E+09 0.869989E+11 0.681573E+10
      856.00  0.862960E+10 0.481377E+09 0.859261E+11 0.784577E+10
      866.00  0.855973E+10 0.389958E+09 0.848343E+11 0.892586E+10
      876.00  0.848887E+10 0.309146E+09 0.837250E+11 0.100518E+11
      886.00  0.841706E+10 0.238573E+09 0.825993E+11 0.112196E+11
      896.00  0.834435E+10 0.177878E+09 0.814585E+11 0.124251E+11
      906.00  0.827077E+10 0.126705E+09 0.803038E+11 0.136645E+11
      916.00  0.819637E+10 0.847032E+08 0.791364E+11 0.149340E+11
      926.00  0.812120E+10 0.515288E+08 0.779573E+11 0.162300E+11
      936.00  0.804531E+10 0.268429E+08 0.767680E+11 0.175488E+11
      946.00  0.796873E+10 0.103127E+08 0.755694E+11 0.188869E+11
      956.00  0.789151E+10 0.161092E+07 0.743627E+11 0.202412E+11
      966.00  0.781370E+10 0.416561E+06 0.731489E+11 0.216082E+11
      976.00  0.773533E+10 0.641439E+07 0.719292E+11 0.229849E+11
      986.00  0.765643E+10 0.192951E+08 0.707045E+11 0.243682E+11
      996.00  0.757705E+10 0.387555E+08 0.694757E+11 0.257553E+11
     1006.00  0.749723E+10 0.644981E+08 0.682440E+11 0.271433E+11
     1016.00  0.741701E+10 0.962317E+08 0.670102E+11 0.285295E+11
     1026.00  0.733643E+10 0.133671E+09 0.657753E+11 0.299115E+11
     1036.00  0.725553E+10 0.176537E+09 0.645403E+11 0.312867E+11
     1046.00  0.717435E+10 0.224556E+09 0.633060E+11 0.326529E+11
     1056.00  0.709292E+10 0.277462E+09 0.620733E+11 0.340077E+11
     1066.00  0.701127E+10 0.334993E+09 0.608429E+11 0.353490E+11
     1076.00  0.692945E+10 0.396893E+09 0.596157E+11 0.366748E+11
     1086.00  0.684748E+10 0.462915E+09 0.583925E+11 0.379832E+11
     1096.00  0.676541E+10 0.532814E+09 0.571739E+11 0.392724E+11
     1106.00  0.668326E+10 0.606355E+09 0.559608E+11 0.405406E+11
     1116.00  0.660107E+10 0.683305E+09 0.547538E+11 0.417863E+11
     1126.00  0.651887E+10 0.763441E+09 0.535536E+11 0.430080E+11
     1136.00  0.643669E+10 0.846542E+09 0.523608E+11 0.442042E+11
     1146.00  0.635456E+10 0.932395E+09 0.511760E+11 0.453736E+11
     1156.00  0.627250E+10 0.102079E+10 0.499999E+11 0.465150E+11
     1166.00  0.619054E+10 0.111153E+10 0.488328E+11 0.476271E+11
     1176.00  0.610872E+10 0.120441E+10 0.476754E+11 0.487089E+11
     1186.00  0.602704E+10 0.129924E+10 0.465282E+11 0.497595E+11
     1196.00  0.594555E+10 0.139585E+10 0.453916E+11 0.507780E+11
     1206.00  0.586427E+10 0.149404E+10 0.442662E+11 0.517636E+11
     1216.00  0.578322E+10 0.159365E+10 0.431524E+11 0.527154E+11
     1226.00  0.570242E+10 0.169449E+10 0.420505E+11 0.536329E+11
     1236.00  0.562190E+10 0.179642E+10 0.409610E+11 0.545155E+11
     1246.00  0.554167E+10 0.189927E+10 0.398841E+11 0.553626E+11
     1256.00  0.546175E+10 0.200288E+10 0.388204E+11 0.561737E+11
     1266.00  0.538217E+10 0.210711E+10 0.377700E+11 0.569486E+11
     1276.00  0.530295E+10 0.221181E+10 0.367332E+11 0.576868E+11
     1286.00  0.522411E+10 0.231685E+10 0.357105E+11 0.583883E+11
     1296.00  0.514566E+10 0.242209E+10 0.347021E+11 0.590527E+11
     1306.00  0.506764E+10 0.252740E+10 0.337081E+11 0.596799E+11
     1316.00  0.499004E+10 0.263265E+10 0.327289E+11 0.602700E+11
     1326.00  0.491290E+10 0.273774E+10 0.317647E+11 0.608227E+11
     1336.00  0.483623E+10 0.284253E+10 0.308155E+11 0.613383E+11
     1346.00  0.476003E+10 0.294692E+10 0.298817E+11 0.618168E+11
     1356.00  0.468433E+10 0.305081E+10 0.289633E+11 0.622582E+11
     1366.00  0.460915E+10 0.315409E+10 0.280605E+11 0.626629E+11
     1376.00  0.453450E+10 0.325667E+10 0.271735E+11 0.630310E+11
     1386.00  0.446039E+10 0.335845E+10 0.263023E+11 0.633628E+11
     1396.00  0.438684E+10 0.345934E+10 0.254471E+11 0.636586E+11
     1406.00  0.431386E+10 0.355926E+10 0.246079E+11 0.639188E+11
     1416.00  0.424145E+10 0.365813E+10 0.237848E+11 0.641437E+11
     1426.00  0.416964E+10 0.375587E+10 0.229777E+11 0.643338E+11
     1436.00  0.409843E+10 0.385240E+10 0.221869E+11 0.644894E+11
     1446.00  0.402783E+10 0.394765E+10 0.214122E+11 0.646110E+11
     1456.00  0.395785E+10 0.404156E+10 0.206536E+11 0.646992E+11
     1466.00  0.388851E+10 0.413407E+10 0.199113E+11 0.647544E+11
     1476.00  0.381980E+10 0.422511E+10 0.191851E+11 0.647772E+11
     1486.00  0.375175E+10 0.431463E+10 0.184750E+11 0.647682E+11
     1496.00  0.368434E+10 0.440258E+10 0.177810E+11 0.647281E+11
     1506.00  0.361760E+10 0.448890E+10 0.171030E+11 0.646572E+11
     1516.00  0.355153E+10 0.457355E+10 0.164410E+11 0.645564E+11
     1526.00  0.348614E+10 0.465649E+10 0.157949E+11 0.644262E+11
     1536.00  0.342142E+10 0.473766E+10 0.151646E+11 0.642672E+11
     1546.00  0.335739E+10 0.481704E+10 0.145500E+11 0.640802E+11
     1556.00  0.329405E+10 0.489460E+10 0.139511E+11 0.638658E+11
     1566.00  0.323140E+10 0.497028E+10 0.133676E+11 0.636248E+11
     1576.00  0.316946E+10 0.504408E+10 0.127996E+11 0.633578E+11
     1586.00  0.310822E+10 0.511596E+10 0.122468E+11 0.630656E+11
     1596.00  0.304768E+10 0.518589E+10 0.117091E+11 0.627488E+11
     1606.00  0.298786E+10 0.525386E+10 0.111865E+11 0.624082E+11
     1616.00  0.292875E+10 0.531985E+10 0.106787E+11 0.620446E+11
     1626.00  0.287035E+10 0.538383E+10 0.101857E+11 0.616586E+11
     1636.00  0.281267E+10 0.544579E+10 0.970715E+10 0.612511E+11
     1646.00  0.275571E+10 0.550572E+10 0.924303E+10 0.608226E+11
     1656.00  0.269946E+10 0.556361E+10 0.879314E+10 0.603740E+11
     1666.00  0.264394E+10 0.561944E+10 0.835729E+10 0.599061E+11
     1676.00  0.258914E+10 0.567322E+10 0.793533E+10 0.594195E+11
     1686.00  0.253506E+10 0.572494E+10 0.752706E+10 0.589151E+11
     1696.00  0.248171E+10 0.577460E+10 0.713231E+10 0.583935E+11
     1706.00  0.242908E+10 0.582219E+10 0.675088E+10 0.578556E+11
     1716.00  0.237717E+10 0.586772E+10 0.638257E+10 0.573019E+11
     1726.00  0.232598E+10 0.591118E+10 0.602720E+10 0.567333E+11
     1736.00  0.227551E+10 0.595259E+10 0.568457E+10 0.561504E+11
     1746.00  0.222576E+10 0.599194E+10 0.535446E+10 0.555540E+11
     1756.00  0.217672E+10 0.602924E+10 0.503668E+10 0.549448E+11
     1766.00  0.212841E+10 0.606451E+10 0.473102E+10 0.543234E+11
     1776.00  0.208080E+10 0.609774E+10 0.443728E+10 0.536906E+11
     1786.00  0.203390E+10 0.612896E+10 0.415524E+10 0.530471E+11
     1796.00  0.198772E+10 0.615817E+10 0.388469E+10 0.523935E+11
     1806.00  0.194224E+10 0.618539E+10 0.362542E+10 0.517304E+11
     1816.00  0.189746E+10 0.621063E+10 0.337721E+10 0.510587E+11
     1826.00  0.185338E+10 0.623391E+10 0.313985E+10 0.503787E+11
     1836.00  0.180999E+10 0.625524E+10 0.291312E+10 0.496913E+11
     1846.00  0.176730E+10 0.627464E+10 0.269680E+10 0.489971E+11
     1856.00  0.172529E+10 0.629213E+10 0.249069E+10 0.482965E+11
     1866.00  0.168397E+10 0.630773E+10 0.229456E+10 0.475903E+11
     1876.00  0.164333E+10 0.632145E+10 0.210819E+10 0.468791E+11
     1886.00  0.160337E+10 0.633332E+10 0.193138E+10 0.461633E+11
     1896.00  0.156408E+10 0.634336E+10 0.176389E+10 0.454437E+11
     1906.00  0.152545E+10 0.635160E+10 0.160553E+10 0.447207E+11
     1916.00  0.148749E+10 0.635806E+10 0.145607E+10 0.439948E+11
     1926.00  0.145018E+10 0.636275E+10 0.131529E+10 0.432667E+11
     1936.00  0.141353E+10 0.636571E+10 0.118299E+10 0.425368E+11
     1946.00  0.137753E+10 0.636697E+10 0.105896E+10 0.418056E+11
     1956.00  0.134216E+10 0.636654E+10 0.942973E+09 0.410737E+11
     1966.00  0.130744E+10 0.636444E+10 0.834829E+09 0.403414E+11
     1976.00  0.127335E+10 0.636072E+10 0.734319E+09 0.396093E+11
     1986.00  0.123988E+10 0.635540E+10 0.641235E+09 0.388779E+11
     1996.00  0.120703E+10 0.634850E+10 0.555371E+09 0.381475E+11
     2006.00  0.117480E+10 0.634005E+10 0.476525E+09 0.374186E+11
     2016.00  0.114318E+10 0.633008E+10 0.404495E+09 0.366917E+11
     2026.00  0.111216E+10 0.631863E+10 0.339079E+09 0.359671E+11
     2036.00  0.108175E+10 0.630572E+10 0.280081E+09 0.352452E+11
     2046.00  0.105192E+10 0.629137E+10 0.227305E+09 0.345263E+11
     2056.00  0.102268E+10 0.627562E+10 0.180555E+09 0.338110E+11
     2066.00  0.994017E+09 0.625849E+10 0.139641E+09 0.330994E+11
     2076.00  0.965929E+09 0.624003E+10 0.104374E+09 0.323920E+11
     2086.00  0.938408E+09 0.622024E+10 0.745660E+08 0.316890E+11
     2096.00  0.911449E+09 0.619918E+10 0.500327E+08 0.309908E+11
     2106.00  0.885044E+09 0.617686E+10 0.305918E+08 0.302978E+11
     2116.00  0.859187E+09 0.615331E+10 0.160638E+08 0.296101E+11
     2126.00  0.833872E+09 0.612857E+10 0.627149E+07 0.289280E+11
     2136.00  0.809093E+09 0.610267E+10 0.104025E+07 0.282519E+11
     2146.00  0.784843E+09 0.607564E+10 0.198181E+06 0.275819E+11
     2156.00  0.761115E+09 0.604750E+10 0.357605E+07 0.269184E+11
     2166.00  0.737903E+09 0.601828E+10 0.110073E+08 0.262615E+11
     2176.00  0.715201E+09 0.598803E+10 0.223281E+08 0.256114E+11
     2186.00  0.693001E+09 0.595675E+10 0.373774E+08 0.249685E+11
     2196.00  0.671296E+09 0.592449E+10 0.559969E+08 0.243327E+11
     2206.00  0.650082E+09 0.589127E+10 0.780312E+08 0.237045E+11
     2216.00  0.629350E+09 0.585713E+10 0.103327E+09 0.230838E+11
     2226.00  0.609094E+09 0.582208E+10 0.131736E+09 0.224710E+11
     2236.00  0.589308E+09 0.578617E+10 0.163110E+09 0.218661E+11
     2246.00  0.569985E+09 0.574942E+10 0.197304E+09 0.212693E+11
     2256.00  0.551118E+09 0.571186E+10 0.234179E+09 0.206807E+11
     2266.00  0.532702E+09 0.567351E+10 0.273595E+09 0.201004E+11
     2276.00  0.514729E+09 0.563441E+10 0.315416E+09 0.195287E+11
     2286.00  0.497192E+09 0.559458E+10 0.359511E+09 0.189655E+11
     2296.00  0.480086E+09 0.555406E+10 0.405749E+09 0.184109E+11
     2306.00  0.463403E+09 0.551286E+10 0.454004E+09 0.178651E+11
     2316.00  0.447137E+09 0.547101E+10 0.504150E+09 0.173282E+11
     2326.00  0.431282E+09 0.542855E+10 0.556068E+09 0.168002E+11
     2336.00  0.415831E+09 0.538550E+10 0.609638E+09 0.162811E+11
     2346.00  0.400777E+09 0.534188E+10 0.664745E+09 0.157711E+11
     2356.00  0.386115E+09 0.529772E+10 0.721276E+09 0.152701E+11
     2366.00  0.371839E+09 0.525305E+10 0.779122E+09 0.147782E+11
     2376.00  0.357940E+09 0.520790E+10 0.838175E+09 0.142955E+11
     2386.00  0.344415E+09 0.516228E+10 0.898331E+09 0.138220E+11
     2396.00  0.331255E+09 0.511623E+10 0.959488E+09 0.133576E+11
     2406.00  0.318455E+09 0.506976E+10 0.102155E+10 0.129025E+11
     2416.00  0.306009E+09 0.502291E+10 0.108441E+10 0.124566E+11
     2426.00  0.293910E+09 0.497569E+10 0.114799E+10 0.120198E+11
     2436.00  0.282152E+09 0.492813E+10 0.121219E+10 0.115923E+11
     2446.00  0.270730E+09 0.488025E+10 0.127693E+10 0.111739E+11
     2456.00  0.259636E+09 0.483208E+10 0.134211E+10 0.107647E+11
     2466.00  0.248866E+09 0.478363E+10 0.140765E+10 0.103646E+11
     2476.00  0.238414E+09 0.473493E+10 0.147348E+10 0.997364E+10
     2486.00  0.228272E+09 0.468601E+10 0.153952E+10 0.959173E+10
     2496.00  0.218437E+09 0.463687E+10 0.160569E+10 0.921884E+10
     2506.00  0.208901E+09 0.458755E+10 0.167192E+10 0.885493E+10
     2516.00  0.199659E+09 0.453806E+10 0.173813E+10 0.849995E+10
     2526.00  0.190705E+09 0.448843E+10 0.180427E+10 0.815383E+10
     2536.00  0.182034E+09 0.443867E+10 0.187026E+10 0.781652E+10
     2546.00  0.173640E+09 0.438880E+10 0.193604E+10 0.748796E+10
     2556.00  0.165517E+09 0.433884E+10 0.200155E+10 0.716807E+10
     2566.00  0.157661E+09 0.428881E+10 0.206672E+10 0.685678E+10
     2576.00  0.150065E+09 0.423872E+10 0.213151E+10 0.655403E+10
     2586.00  0.142724E+09 0.418860E+10 0.219586E+10 0.625972E+10
     2596.00  0.135633E+09 0.413847E+10 0.225972E+10 0.597378E+10
     2606.00  0.128787E+09 0.408833E+10 0.232303E+10 0.569612E+10
     2616.00  0.122180E+09 0.403821E+10 0.238576E+10 0.542665E+10
     2626.00  0.115808E+09 0.398812E+10 0.244784E+10 0.516529E+10
     2636.00  0.109665E+09 0.393808E+10 0.250924E+10 0.491194E+10
     2646.00  0.103746E+09 0.388810E+10 0.256992E+10 0.466650E+10
     2656.00  0.980468E+08 0.383820E+10 0.262984E+10 0.442887E+10
     2666.00  0.925617E+08 0.378840E+10 0.268895E+10 0.419896E+10
     2676.00  0.872862E+08 0.373870E+10 0.274722E+10 0.397665E+10
     2686.00  0.822155E+08 0.368912E+10 0.280462E+10 0.376185E+10
     2696.00  0.773449E+08 0.363968E+10 0.286112E+10 0.355445E+10
     2706.00  0.726697E+08 0.359039E+10 0.291667E+10 0.335434E+10
     2716.00  0.681853E+08 0.354126E+10 0.297126E+10 0.316141E+10
     2726.00  0.638872E+08 0.349230E+10 0.302486E+10 0.297555E+10
     2736.00  0.597710E+08 0.344353E+10 0.307744E+10 0.279664E+10
     2746.00  0.558323E+08 0.339495E+10 0.312897E+10 0.262458E+10
     2756.00  0.520666E+08 0.334659E+10 0.317944E+10 0.245925E+10
     2766.00  0.484697E+08 0.329844E+10 0.322882E+10 0.230054E+10
     2776.00  0.450375E+08 0.325053E+10 0.327709E+10 0.214832E+10
     2786.00  0.417656E+08 0.320286E+10 0.332424E+10 0.200248E+10
     2796.00  0.386501E+08 0.315544E+10 0.337025E+10 0.186291E+10
     2806.00  0.356869E+08 0.310829E+10 0.341509E+10 0.172947E+10
     2816.00  0.328720E+08 0.306140E+10 0.345877E+10 0.160207E+10
     2826.00  0.302015E+08 0.301480E+10 0.350126E+10 0.148057E+10
     2836.00  0.276716E+08 0.296848E+10 0.354256E+10 0.136486E+10
     2846.00  0.252784E+08 0.292246E+10 0.358265E+10 0.125481E+10
     2856.00  0.230182E+08 0.287675E+10 0.362152E+10 0.115032E+10
     2866.00  0.208873E+08 0.283135E+10 0.365917E+10 0.105125E+10
     2876.00  0.188822E+08 0.278627E+10 0.369560E+10 0.957501E+09
     2886.00  0.169992E+08 0.274152E+10 0.373079E+10 0.868940E+09
     2896.00  0.152349E+08 0.269711E+10 0.376473E+10 0.785453E+09
     2906.00  0.135859E+08 0.265304E+10 0.379744E+10 0.706921E+09
     2916.00  0.120487E+08 0.260931E+10 0.382890E+10 0.633226E+09
     2926.00  0.106201E+08 0.256594E+10 0.385912E+10 0.564252E+09
     2936.00  0.929679E+07 0.252293E+10 0.388809E+10 0.499881E+09
     2946.00  0.807553E+07 0.248029E+10 0.391581E+10 0.439997E+09
     2956.00  0.695321E+07 0.243801E+10 0.394229E+10 0.384485E+09
     2966.00  0.592673E+07 0.239612E+10 0.396753E+10 0.333229E+09
     2976.00  0.499308E+07 0.235460E+10 0.399152E+10 0.286118E+09
     2986.00  0.414926E+07 0.231346E+10 0.401428E+10 0.243036E+09
     2996.00  0.339236E+07 0.227272E+10 0.403581E+10 0.203872E+09
     3006.00  0.271952E+07 0.223236E+10 0.405611E+10 0.168515E+09
     3016.00  0.212792E+07 0.219241E+10 0.407520E+10 0.136855E+09
     3026.00  0.161481E+07 0.215285E+10 0.409307E+10 0.108783E+09
     3036.00  0.117749E+07 0.211370E+10 0.410973E+10 0.841897E+08
     3046.00  0.813308E+06 0.207495E+10 0.412520E+10 0.629691E+08
     3056.00  0.519665E+06 0.203661E+10 0.413948E+10 0.450152E+08
     3066.00  0.294019E+06 0.199869E+10 0.415258E+10 0.302234E+08
     3076.00  0.133879E+06 0.196117E+10 0.416452E+10 0.184902E+08
     3086.00  0.368035E+05 0.192408E+10 0.417529E+10 0.971363E+07
     3096.00  0.402580E+03 0.188739E+10 0.418492E+10 0.379276E+07
     3106.00  0.223363E+05 0.185113E+10 0.419341E+10 0.628061E+06
     3116.00  0.100314E+06 0.181529E+10 0.420077E+10 0.121339E+06
     3126.00  0.232096E+06 0.177987E+10 0.420703E+10 0.217575E+07
     3136.00  0.415488E+06 0.174488E+10 0.421218E+10 0.669582E+07
     3146.00  0.648346E+06 0.171031E+10 0.421625E+10 0.135875E+08
     3156.00  0.928574E+06 0.167616E+10 0.421925E+10 0.227582E+08
     3166.00  0.125412E+07 0.164244E+10 0.422119E+10 0.341166E+08
     3176.00  0.162298E+07 0.160915E+10 0.422209E+10 0.475731E+08
     3186.00  0.203320E+07 0.157628E+10 0.422196E+10 0.630394E+08
     3196.00  0.248287E+07 0.154384E+10 0.422081E+10 0.804286E+08
     3206.00  0.297011E+07 0.151182E+10 0.421867E+10 0.996555E+08
     3216.00  0.349311E+07 0.148023E+10 0.421554E+10 0.120636E+09
     3226.00  0.405008E+07 0.144907E+10 0.421144E+10 0.143289E+09
     3236.00  0.463929E+07 0.141833E+10 0.420639E+10 0.167532E+09
     3246.00  0.525904E+07 0.138801E+10 0.420041E+10 0.193287E+09
     3256.00  0.590767E+07 0.135812E+10 0.419351E+10 0.220475E+09
     3266.00  0.658358E+07 0.132865E+10 0.418570E+10 0.249022E+09
     3276.00  0.728520E+07 0.129960E+10 0.417701E+10 0.278851E+09
     3286.00  0.801099E+07 0.127097E+10 0.416745E+10 0.309890E+09
     3296.00  0.875946E+07 0.124276E+10 0.415703E+10 0.342068E+09
     3306.00  0.952916E+07 0.121497E+10 0.414579E+10 0.375313E+09
     3316.00  0.103187E+08 0.118760E+10 0.413372E+10 0.409559E+09
     3326.00  0.111266E+08 0.116063E+10 0.412085E+10 0.444737E+09
     3336.00  0.119517E+08 0.113408E+10 0.410720E+10 0.480782E+09
     3346.00  0.127926E+08 0.110794E+10 0.409279E+10 0.517631E+09
     3356.00  0.136479E+08 0.108221E+10 0.407762E+10 0.555221E+09
     3366.00  0.145166E+08 0.105688E+10 0.406172E+10 0.593490E+09
     3376.00  0.153974E+08 0.103196E+10 0.404511E+10 0.632380E+09
     3386.00  0.162891E+08 0.100744E+10 0.402780E+10 0.671832E+09
     3396.00  0.171907E+08 0.983317E+09 0.400981E+10 0.711790E+09
     3406.00  0.181009E+08 0.959591E+09 0.399116E+10 0.752200E+09
     3416.00  0.190188E+08 0.936259E+09 0.397187E+10 0.793006E+09
     3426.00  0.199433E+08 0.913319E+09 0.395194E+10 0.834158E+09
     3436.00  0.208735E+08 0.890767E+09 0.393141E+10 0.875604E+09
     3446.00  0.218083E+08 0.868600E+09 0.391029E+10 0.917295E+09
     3456.00  0.227468E+08 0.846817E+09 0.388859E+10 0.959184E+09
     3466.00  0.236881E+08 0.825414E+09 0.386633E+10 0.100122E+10
     3476.00  0.246314E+08 0.804387E+09 0.384353E+10 0.104337E+10
     3486.00  0.255757E+08 0.783735E+09 0.382020E+10 0.108558E+10
     3496.00  0.265203E+08 0.763453E+09 0.379637E+10 0.112781E+10
     3506.00  0.274644E+08 0.743539E+09 0.377205E+10 0.117001E+10
     3516.00  0.284072E+08 0.723989E+09 0.374725E+10 0.121216E+10
     3526.00  0.293479E+08 0.704800E+09 0.372199E+10 0.125421E+10
     3536.00  0.302859E+08 0.685969E+09 0.369630E+10 0.129612E+10
     3546.00  0.312205E+08 0.667493E+09 0.367017E+10 0.133786E+10
     3556.00  0.321509E+08 0.649367E+09 0.364364E+10 0.137939E+10
     3566.00  0.330766E+08 0.631589E+09 0.361672E+10 0.142068E+10
     3576.00  0.339970E+08 0.614155E+09 0.358941E+10 0.146170E+10
     3586.00  0.349114E+08 0.597062E+09 0.356175E+10 0.150242E+10
     3596.00  0.358193E+08 0.580306E+09 0.353374E+10 0.154280E+10
     3606.00  0.367201E+08 0.563883E+09 0.350540E+10 0.158283E+10
     3616.00  0.376134E+08 0.547790E+09 0.347675E+10 0.162246E+10
     3626.00  0.384986E+08 0.532023E+09 0.344779E+10 0.166168E+10
     3636.00  0.393753E+08 0.516579E+09 0.341855E+10 0.170046E+10
     3646.00  0.402430E+08 0.501454E+09 0.338904E+10 0.173878E+10
     3656.00  0.411012E+08 0.486644E+09 0.335927E+10 0.177661E+10
     3666.00  0.419496E+08 0.472146E+09 0.332926E+10 0.181393E+10
     3676.00  0.427877E+08 0.457955E+09 0.329902E+10 0.185073E+10
     3686.00  0.436151E+08 0.444069E+09 0.326857E+10 0.188697E+10
     3696.00  0.444316E+08 0.430482E+09 0.323792E+10 0.192264E+10
     3706.00  0.452368E+08 0.417193E+09 0.320708E+10 0.195773E+10
     3716.00  0.460303E+08 0.404195E+09 0.317606E+10 0.199222E+10
     3726.00  0.468118E+08 0.391487E+09 0.314489E+10 0.202608E+10
     3736.00  0.475811E+08 0.379065E+09 0.311357E+10 0.205932E+10
     3746.00  0.483378E+08 0.366923E+09 0.308211E+10 0.209190E+10
     3756.00  0.490818E+08 0.355059E+09 0.305053E+10 0.212383E+10
     3766.00  0.498127E+08 0.343469E+09 0.301884E+10 0.215508E+10
     3776.00  0.505305E+08 0.332150E+09 0.298706E+10 0.218564E+10
     3786.00  0.512347E+08 0.321096E+09 0.295518E+10 0.221551E+10
     3796.00  0.519253E+08 0.310305E+09 0.292323E+10 0.224467E+10
     3806.00  0.526021E+08 0.299773E+09 0.289122E+10 0.227312E+10
     3816.00  0.532649E+08 0.289495E+09 0.285916E+10 0.230085E+10
     3826.00  0.539135E+08 0.279469E+09 0.282705E+10 0.232784E+10
     3836.00  0.545478E+08 0.269690E+09 0.279492E+10 0.235410E+10
     3846.00  0.551677E+08 0.260156E+09 0.276276E+10 0.237961E+10
     3856.00  0.557731E+08 0.250861E+09 0.273059E+10 0.240437E+10
     3866.00  0.563638E+08 0.241802E+09 0.269843E+10 0.242838E+10
     3876.00  0.569398E+08 0.232976E+09 0.266627E+10 0.245163E+10
     3886.00  0.575009E+08 0.224379E+09 0.263414E+10 0.247412E+10
     3896.00  0.580472E+08 0.216007E+09 0.260203E+10 0.249584E+10
     3906.00  0.585785E+08 0.207857E+09 0.256997E+10 0.251680E+10
     3916.00  0.590949E+08 0.199925E+09 0.253795E+10 0.253699E+10
     3926.00  0.595962E+08 0.192207E+09 0.250598E+10 0.255641E+10
     3936.00  0.600824E+08 0.184700E+09 0.247409E+10 0.257506E+10
     3946.00  0.605536E+08 0.177400E+09 0.244226E+10 0.259293E+10
     3956.00  0.610097E+08 0.170304E+09 0.241052E+10 0.261004E+10
     3966.00  0.614507E+08 0.163408E+09 0.237887E+10 0.262638E+10
     3976.00  0.618766E+08 0.156709E+09 0.234731E+10 0.264196E+10
     3986.00  0.622874E+08 0.150203E+09 0.231586E+10 0.265676E+10
     3996.00  0.626832E+08 0.143887E+09 0.228453E+10 0.267081E+10
     4006.00  0.630640E+08 0.137758E+09 0.225331E+10 0.268409E+10
     4016.00  0.634298E+08 0.131811E+09 0.222222E+10 0.269662E+10
     4026.00  0.637807E+08 0.126044E+09 0.219126E+10 0.270840E+10
     4036.00  0.641168E+08 0.120453E+09 0.216044E+10 0.271942E+10
     4046.00  0.644380E+08 0.115035E+09 0.212977E+10 0.272971E+10
     4056.00  0.647445E+08 0.109787E+09 0.209925E+10 0.273925E+10
     4066.00  0.650363E+08 0.104705E+09 0.206889E+10 0.274806E+10
     4076.00  0.653136E+08 0.997863E+08 0.203870E+10 0.275614E+10
     4086.00  0.655763E+08 0.950277E+08 0.200867E+10 0.276350E+10
     4096.00  0.658247E+08 0.904260E+08 0.197882E+10 0.277015E+10
     4106.00  0.660588E+08 0.859779E+08 0.194915E+10 0.277608E+10
     4116.00  0.662786E+08 0.816805E+08 0.191967E+10 0.278131E+10
     4126.00  0.664844E+08 0.775306E+08 0.189037E+10 0.278585E+10
     4136.00  0.666761E+08 0.735253E+08 0.186128E+10 0.278969E+10
     4146.00  0.668540E+08 0.696614E+08 0.183238E+10 0.279286E+10
     4156.00  0.670182E+08 0.659360E+08 0.180368E+10 0.279535E+10
     4166.00  0.671687E+08 0.623462E+08 0.177520E+10 0.279718E+10
     4176.00  0.673057E+08 0.588891E+08 0.174692E+10 0.279836E+10
     4186.00  0.674294E+08 0.555617E+08 0.171887E+10 0.279888E+10
     4196.00  0.675398E+08 0.523614E+08 0.169103E+10 0.279876E+10
     4206.00  0.676372E+08 0.492851E+08 0.166342E+10 0.279802E+10
     4216.00  0.677216E+08 0.463303E+08 0.163603E+10 0.279665E+10
     4226.00  0.677932E+08 0.434940E+08 0.160887E+10 0.279467E+10
     4236.00  0.678522E+08 0.407737E+08 0.158195E+10 0.279209E+10
     4246.00  0.678987E+08 0.381667E+08 0.155526E+10 0.278891E+10
     4256.00  0.679328E+08 0.356703E+08 0.152881E+10 0.278515E+10
     4266.00  0.679548E+08 0.332818E+08 0.150260E+10 0.278081E+10
     4276.00  0.679647E+08 0.309989E+08 0.147664E+10 0.277591E+10
     4286.00  0.679628E+08 0.288188E+08 0.145092E+10 0.277046E+10
     4296.00  0.679492E+08 0.267391E+08 0.142545E+10 0.276446E+10
     4306.00  0.679240E+08 0.247574E+08 0.140022E+10 0.275792E+10
     4316.00  0.678874E+08 0.228711E+08 0.137525E+10 0.275086E+10
     4326.00  0.678397E+08 0.210780E+08 0.135054E+10 0.274329E+10
     4336.00  0.677809E+08 0.193756E+08 0.132608E+10 0.273521E+10
     4346.00  0.677112E+08 0.177616E+08 0.130188E+10 0.272664E+10
     4356.00  0.676309E+08 0.162337E+08 0.127793E+10 0.271759E+10
     4366.00  0.675400E+08 0.147897E+08 0.125424E+10 0.270806E+10
     4376.00  0.674388E+08 0.134273E+08 0.123082E+10 0.269807E+10
     4386.00  0.673274E+08 0.121444E+08 0.120765E+10 0.268762E+10
     4396.00  0.672060E+08 0.109387E+08 0.118475E+10 0.267674E+10
     4406.00  0.670747E+08 0.980823E+07 0.116211E+10 0.266542E+10
     4416.00  0.669339E+08 0.875079E+07 0.113974E+10 0.265368E+10
     4426.00  0.667836E+08 0.776434E+07 0.111763E+10 0.264154E+10
     4436.00  0.666239E+08 0.684688E+07 0.109579E+10 0.262899E+10
     4446.00  0.664552E+08 0.599641E+07 0.107421E+10 0.261605E+10
     4456.00  0.662775E+08 0.521096E+07 0.105289E+10 0.260274E+10
     4466.00  0.660911E+08 0.448863E+07 0.103184E+10 0.258905E+10
     4476.00  0.658961E+08 0.382750E+07 0.101106E+10 0.257501E+10
     4486.00  0.656926E+08 0.322572E+07 0.990543E+09 0.256061E+10
     4511.00  0.651484E+08 0.196903E+07 0.940411E+09 0.252318E+10
     4536.00  0.645556E+08 0.104427E+07 0.891934E+09 0.248379E+10
     4561.00  0.639168E+08 0.424973E+06 0.845104E+09 0.244260E+10
     4586.00  0.632348E+08 0.859013E+05 0.799911E+09 0.239977E+10
     4611.00  0.625123E+08 0.299087E+04 0.756341E+09 0.235545E+10
     4636.00  0.617519E+08 0.153341E+06 0.714378E+09 0.230979E+10
     4661.00  0.609562E+08 0.515184E+06 0.674003E+09 0.226292E+10
     4686.00  0.601278E+08 0.106786E+07 0.635195E+09 0.221500E+10
     4711.00  0.592692E+08 0.179178E+07 0.597931E+09 0.216615E+10
     4736.00  0.583828E+08 0.266841E+07 0.562187E+09 0.211650E+10
     4761.00  0.574710E+08 0.368024E+07 0.527935E+09 0.206619E+10
     4786.00  0.565361E+08 0.481073E+07 0.495148E+09 0.201533E+10
     4811.00  0.555804E+08 0.604433E+07 0.463796E+09 0.196405E+10
     4836.00  0.546061E+08 0.736638E+07 0.433849E+09 0.191246E+10
     4861.00  0.536154E+08 0.876314E+07 0.405273E+09 0.186065E+10
     4886.00  0.526102E+08 0.102217E+08 0.378037E+09 0.180874E+10
     4911.00  0.515926E+08 0.117301E+08 0.352108E+09 0.175683E+10
     4936.00  0.505645E+08 0.132771E+08 0.327450E+09 0.170501E+10
     4961.00  0.495278E+08 0.148521E+08 0.304030E+09 0.165336E+10
     4986.00  0.484842E+08 0.164455E+08 0.281811E+09 0.160197E+10
     5011.00  0.474354E+08 0.180483E+08 0.260758E+09 0.155092E+10
     5036.00  0.463831E+08 0.196521E+08 0.240837E+09 0.150028E+10
     5061.00  0.453288E+08 0.212494E+08 0.222010E+09 0.145012E+10
     5086.00  0.442741E+08 0.228329E+08 0.204241E+09 0.140051E+10
     5111.00  0.432204E+08 0.243964E+08 0.187496E+09 0.135150E+10
     5136.00  0.421690E+08 0.259340E+08 0.171738E+09 0.130316E+10
     5161.00  0.411212E+08 0.274403E+08 0.156931E+09 0.125553E+10
     5186.00  0.400782E+08 0.289106E+08 0.143041E+09 0.120866E+10
     5211.00  0.390412E+08 0.303404E+08 0.130032E+09 0.116259E+10
     5236.00  0.380113E+08 0.317261E+08 0.117869E+09 0.111736E+10
     5261.00  0.369894E+08 0.330641E+08 0.106519E+09 0.107301E+10
     5286.00  0.359766E+08 0.343516E+08 0.959484E+08 0.102957E+10
     5311.00  0.349738E+08 0.355858E+08 0.861231E+08 0.987066E+09
     5336.00  0.339817E+08 0.367647E+08 0.770110E+08 0.945522E+09
     5361.00  0.330012E+08 0.378863E+08 0.685802E+08 0.904959E+09
     5386.00  0.320329E+08 0.389490E+08 0.607994E+08 0.865395E+09
     5411.00  0.310776E+08 0.399518E+08 0.536379E+08 0.826845E+09
     5436.00  0.301358E+08 0.408935E+08 0.470660E+08 0.789321E+09
     5461.00  0.292082E+08 0.417736E+08 0.410543E+08 0.752833E+09
     5511.00  0.273972E+08 0.433475E+08 0.305988E+08 0.682985E+09
     5561.00  0.256482E+08 0.446727E+08 0.220531E+08 0.617326E+09
     5611.00  0.239639E+08 0.457518E+08 0.152113E+08 0.555841E+09
     5661.00  0.223466E+08 0.465903E+08 0.988013E+07 0.498488E+09
     5711.00  0.207976E+08 0.471956E+08 0.587912E+07 0.445195E+09
     5761.00  0.193181E+08 0.475772E+08 0.304045E+07 0.395867E+09
     5811.00  0.179083E+08 0.477462E+08 0.120885E+07 0.350387E+09
     5861.00  0.165684E+08 0.477147E+08 0.241302E+06 0.308625E+09
     5911.00  0.152980E+08 0.474957E+08 0.671323E+04 0.270432E+09
     5961.00  0.140962E+08 0.471029E+08 0.385515E+06 0.235652E+09
     6011.00  0.129620E+08 0.465503E+08 0.126921E+07 0.204120E+09
     6061.00  0.118940E+08 0.458521E+08 0.255986E+07 0.175662E+09
     6111.00  0.108907E+08 0.450225E+08 0.416958E+07 0.150105E+09
     6161.00  0.995017E+07 0.440755E+08 0.601997E+07 0.127271E+09
     6211.00  0.907050E+07 0.430251E+08 0.804158E+07 0.106982E+09
     6261.00  0.824959E+07 0.418846E+08 0.101733E+08 0.890636E+08
     6311.00  0.748522E+07 0.406669E+08 0.123618E+08 0.733410E+08
     6361.00  0.677508E+07 0.393843E+08 0.145611E+08 0.596454E+08
     6411.00  0.611682E+07 0.380486E+08 0.167316E+08 0.478121E+08
     6461.00  0.550804E+07 0.366710E+08 0.188401E+08 0.376819E+08
     6511.00  0.494632E+07 0.352617E+08 0.208589E+08 0.291022E+08
     6561.00  0.442925E+07 0.338306E+08 0.227653E+08 0.219269E+08
     6611.00  0.395441E+07 0.323866E+08 0.245413E+08 0.160170E+08
     6661.00  0.351944E+07 0.309379E+08 0.261731E+08 0.112412E+08
     6711.00  0.312199E+07 0.294923E+08 0.276505E+08 0.747571E+07
     6761.00  0.275978E+07 0.280564E+08 0.289665E+08 0.460434E+07
     6811.00  0.243058E+07 0.266365E+08 0.301171E+08 0.251875E+07
     6861.00  0.213223E+07 0.252382E+08 0.311010E+08 0.111819E+07
     6911.00  0.186263E+07 0.238663E+08 0.319188E+08 0.309512E+06
     6961.00  0.161975E+07 0.225251E+08 0.325731E+08 0.690394E+04
     7011.00  0.140168E+07 0.212182E+08 0.330681E+08 0.131741E+06
     7061.00  0.120654E+07 0.199489E+08 0.334095E+08 0.612313E+06
     7111.00  0.103258E+07 0.187198E+08 0.336038E+08 0.138355E+07
     7161.00  0.878101E+06 0.175330E+08 0.336584E+08 0.238673E+07
     7211.00  0.741512E+06 0.163901E+08 0.335817E+08 0.356915E+07
     7261.00  0.621300E+06 0.152926E+08 0.333823E+08 0.488382E+07
     7311.00  0.516039E+06 0.142413E+08 0.330692E+08 0.628908E+07
     7361.00  0.424385E+06 0.132368E+08 0.326518E+08 0.774832E+07
     7411.00  0.345082E+06 0.122793E+08 0.321392E+08 0.922961E+07
     7511.00  0.218884E+06 0.105049E+08 0.308661E+08 0.121520E+08
     7611.00  0.128937E+06 0.891494E+07 0.293225E+08 0.148817E+08
     7711.00  0.679042E+05 0.750288E+07 0.275771E+08 0.172985E+08
     7811.00  0.295224E+05 0.625976E+07 0.256927E+08 0.193266E+08
     7911.00  0.850766E+04 0.517491E+07 0.237258E+08 0.209262E+08
     8011.00  0.452905E+03 0.423647E+07 0.217253E+08 0.220861E+08
     8111.00  0.172983E+04 0.343191E+07 0.197332E+08 0.228165E+08
     8211.00  0.939326E+04 0.274851E+07 0.177840E+08 0.231435E+08
     8311.00  0.210909E+05 0.217360E+07 0.159055E+08 0.231040E+08
     8411.00  0.349794E+05 0.169490E+07 0.141192E+08 0.227417E+08
     8511.00  0.496468E+05 0.130070E+07 0.124407E+08 0.221040E+08
     8611.00  0.640435E+05 0.979984E+06 0.108808E+08 0.212391E+08
     8711.00  0.774192E+05 0.722567E+06 0.944573E+07 0.201943E+08
     8811.00  0.892681E+05 0.519119E+06 0.813819E+07 0.190143E+08
     8911.00  0.992805E+05 0.361201E+06 0.695767E+07 0.177403E+08
     9011.00  0.107301E+06 0.241264E+06 0.590119E+07 0.164093E+08
     9111.00  0.113295E+06 0.152629E+06 0.496384E+07 0.150537E+08
     9211.00  0.117314E+06 0.894414E+05 0.413925E+07 0.137013E+08
     9311.00  0.119476E+06 0.466297E+05 0.342004E+07 0.123752E+08
     9411.00  0.119942E+06 0.198422E+05 0.279814E+07 0.110942E+08
     9511.00  0.118900E+06 0.538782E+04 0.226512E+07 0.987302E+07
     9611.00  0.116552E+06 0.172151E+03 0.181245E+07 0.872245E+07
     9711.00  0.113103E+06 0.163349E+04 0.143173E+07 0.765012E+07
     9811.00  0.108755E+06 0.768075E+04 0.111479E+07 0.666072E+07
     9911.00  0.103699E+06 0.166339E+05 0.853883E+06 0.575642E+07
    10011.00  0.981131E+05 0.271684E+05 0.641722E+06 0.493735E+07
    10111.00  0.921584E+05 0.382629E+05 0.471565E+06 0.420191E+07
    10211.00  0.859788E+05 0.491526E+05 0.337244E+06 0.354716E+07
    10311.00  0.796998E+05 0.592861E+05 0.233175E+06 0.296913E+07
    10411.00  0.734288E+05 0.682878E+05 0.154361E+06 0.246311E+07
    10511.00  0.672559E+05 0.759242E+05 0.963729E+05 0.202386E+07
    10611.00  0.612547E+05 0.820748E+05 0.553269E+05 0.164587E+07
    10711.00  0.554837E+05 0.867070E+05 0.278506E+05 0.132352E+07
    10811.00  0.499881E+05 0.898547E+05 0.110466E+05 0.105119E+07
    10911.00  0.448004E+05 0.916000E+05 0.245260E+04 0.823410E+06
    11011.00  0.399430E+05 0.920591E+05 0.402516E-01 0.634940E+06
    11111.00  0.354285E+05 0.913689E+05 0.197289E+04 0.480830E+06
    11211.00  0.312621E+05 0.896782E+05 0.696716E+04 0.356472E+06
    11311.00  0.274424E+05 0.871398E+05 0.138523E+05 0.257624E+06
    11411.00  0.239626E+05 0.839041E+05 0.217346E+05 0.180428E+06
    11511.00  0.208120E+05 0.801154E+05 0.299236E+05 0.121409E+06
    11611.00  0.179762E+05 0.759082E+05 0.379009E+05 0.774740E+05
    11711.00  0.154387E+05 0.714053E+05 0.452919E+05 0.458923E+05
    11811.00  0.131812E+05 0.667167E+05 0.518413E+05 0.242814E+05
    11911.00  0.111844E+05 0.619389E+05 0.573901E+05 0.105822E+05
    12011.00  0.942841E+04 0.571549E+05 0.618568E+05 0.303407E+04
    12111.00  0.789333E+04 0.524349E+05 0.652202E+05 0.148440E+03
    12211.00  0.655948E+04 0.478365E+05 0.675050E+05 0.681555E+03
    12311.00  0.540775E+04 0.434058E+05 0.687700E+05 0.360794E+04
    12411.00  0.441978E+04 0.391785E+05 0.690974E+05 0.809449E+04
    12511.00  0.357813E+04 0.351811E+05 0.685849E+05 0.134759E+05
    12611.00  0.286642E+04 0.314315E+05 0.673386E+05 0.192316E+05
    12711.00  0.226936E+04 0.279408E+05 0.654676E+05 0.249644E+05
    12811.00  0.177283E+04 0.247137E+05 0.630803E+05 0.303816E+05
    12911.00  0.136385E+04 0.217501E+05 0.602807E+05 0.352769E+05
    13011.00  0.103062E+04 0.190454E+05 0.571664E+05 0.395152E+05
    13111.00  0.762430E+03 0.165919E+05 0.538271E+05 0.430191E+05
    13211.00  0.549678E+03 0.143792E+05 0.503435E+05 0.457565E+05
    13311.00  0.383776E+03 0.123951E+05 0.467865E+05 0.477307E+05
    13411.00  0.257110E+03 0.106258E+05 0.432181E+05 0.489717E+05
    13511.00  0.162968E+03 0.905681E+04 0.396906E+05 0.495283E+05
    13611.00  0.954754E+02 0.767314E+04 0.362474E+05 0.494627E+05
    13711.00  0.495296E+02 0.645972E+04 0.329236E+05 0.488449E+05
    13811.00  0.207290E+02 0.540162E+04 0.297468E+05 0.477491E+05
    13911.00  0.530900E+01 0.448431E+04 0.267375E+05 0.462502E+05
    14011.00  0.777972E-01 0.369385E+04 0.239102E+05 0.444214E+05
    14111.00  0.235607E+01 0.301697E+04 0.212739E+05 0.423326E+05
    14211.00  0.991943E+01 0.244120E+04 0.188331E+05 0.400489E+05
    14311.00  0.209448E+02 0.195491E+04 0.165885E+05 0.376295E+05
    14411.00  0.339604E+02 0.154733E+04 0.145374E+05 0.351278E+05
    14511.00  0.477998E+02 0.120858E+04 0.126745E+05 0.325907E+05
    14611.00  0.615600E+02 0.929658E+03 0.109926E+05 0.300587E+05
    14711.00  0.745623E+02 0.702397E+03 0.948295E+04 0.275659E+05
    14811.00  0.863188E+02 0.519453E+03 0.813549E+04 0.251408E+05
    14911.00  0.965001E+02 0.374258E+03 0.693958E+04 0.228063E+05
    15011.00  0.104908E+03 0.260966E+03 0.588410E+04 0.205800E+05
    15111.00  0.111451E+03 0.174416E+03 0.495783E+04 0.184752E+05
    15211.00  0.116123E+03 0.110068E+03 0.414959E+04 0.165010E+05
    15311.00  0.118983E+03 0.639613E+02 0.344845E+04 0.146631E+05
    15411.00  0.120140E+03 0.326565E+02 0.284389E+04 0.129639E+05
    15511.00  0.119739E+03 0.131895E+02 0.232588E+04 0.114033E+05
    15611.00  0.117949E+03 0.302282E+01 0.188494E+04 0.997919E+04
    15711.00  0.114952E+03 0.629509E-03 0.151224E+04 0.868754E+04
    15811.00  0.110937E+03 0.230668E+01 0.119959E+04 0.752302E+04
    15911.00  0.106090E+03 0.842498E+01 0.939468E+03 0.647923E+04
    16011.00  0.100593E+03 0.171036E+02 0.725001E+03 0.554904E+04
    16111.00  0.946161E+02 0.273216E+02 0.549968E+03 0.472483E+04
    16211.00  0.883178E+02 0.382585E+02 0.408770E+03 0.399870E+04
    16311.00  0.818405E+02 0.492673E+02 0.296399E+03 0.336265E+04
    16411.00  0.753104E+02 0.598496E+02 0.208403E+03 0.280877E+04
    16511.00  0.688368E+02 0.696336E+02 0.140849E+03 0.232930E+04
    16611.00  0.625120E+02 0.783543E+02 0.902854E+02 0.191681E+04
    16711.00  0.564120E+02 0.858363E+02 0.537005E+02 0.156420E+04
    16811.00  0.505969E+02 0.919780E+02 0.284827E+02 0.126480E+04
    16911.00  0.451124E+02 0.967385E+02 0.123831E+02 0.101237E+04
    17011.00  0.399907E+02 0.100125E+03 0.347796E+01 0.801176E+03
    17111.00  0.352520E+02 0.102184E+03 0.133782E+00 0.625932E+03
    17211.00  0.309062E+02 0.102990E+03 0.974787E+00 0.481840E+03
    17311.00  0.269541E+02 0.102641E+03 0.485234E+01 0.364568E+03
    17411.00  0.233889E+02 0.101247E+03 0.108170E+02 0.270228E+03
    17511.00  0.201975E+02 0.989300E+02 0.180929E+02 0.195359E+03
    17611.00  0.173622E+02 0.958167E+02 0.260546E+02 0.136898E+03
    17711.00  0.148617E+02 0.920341E+02 0.342065E+02 0.921507E+02
    17811.00  0.126720E+02 0.877071E+02 0.421632E+02 0.587655E+02
    17911.00  0.107676E+02 0.829562E+02 0.496342E+02 0.347003E+02
    18011.00  0.912262E+01 0.778950E+02 0.564079E+02 0.181943E+02
    18111.00  0.771081E+01 0.726290E+02 0.623392E+02 0.773860E+01
    18211.00  0.650679E+01 0.672544E+02 0.673381E+02 0.204968E+01
    18311.00  0.548620E+01 0.618578E+02 0.713594E+02 0.429038E-01
    18411.00  0.462610E+01 0.565149E+02 0.743943E+02 0.808805E+00
    18511.00  0.390528E+01 0.512914E+02 0.764628E+02 0.359096E+01
    18611.00  0.330435E+01 0.462426E+02 0.776075E+02 0.776592E+01
    18711.00  0.280584E+01 0.414137E+02 0.778875E+02 0.128250E+02
    18811.00  0.239421E+01 0.368406E+02 0.773742E+02 0.183582E+02
    18911.00  0.205579E+01 0.325500E+02 0.761477E+02 0.240396E+02
    19011.00  0.177868E+01 0.285606E+02 0.742923E+02 0.296148E+02
    19111.00  0.155266E+01 0.248835E+02 0.718947E+02 0.348895E+02
    19311.00  0.122026E+01 0.184783E+02 0.658177E+02 0.440055E+02
    19511.00  0.100385E+01 0.133048E+02 0.585767E+02 0.507029E+02
    19711.00  0.864947E+00 0.926637E+01 0.507611E+02 0.547641E+02
    19911.00  0.776577E+00 0.622326E+01 0.428648E+02 0.562791E+02
    20111.00  0.719436E+00 0.401451E+01 0.352765E+02 0.555308E+02
    20311.00  0.679170E+00 0.247517E+01 0.282791E+02 0.529107E+02
    20511.00  0.644740E+00 0.144959E+01 0.220573E+02 0.488591E+02
    20711.00  0.607679E+00 0.800219E+00 0.167090E+02 0.438223E+02
    20911.00  0.561951E+00 0.412517E+00 0.122601E+02 0.382203E+02
    21111.00  0.504127E+00 0.196508E+00 0.868009E+01 0.324261E+02
    21311.00  0.433581E+00 0.857089E-01 0.589763E+01 0.267509E+02
    21511.00  0.352526E+00 0.342639E-01 0.381535E+01 0.214376E+02
    21711.00  0.265749E+00 0.130530E-01 0.232242E+01 0.166584E+02
    21911.00  0.180029E+00 0.545231E-02 0.130515E+01 0.125184E+02
    22111.00  0.103280E+00 0.330077E-02 0.655151E+00 0.906249E+01
    22311.00  0.435199E-01 0.345608E-02 0.274990E+00 0.628497E+01
    22511.00  0.781677E-02 0.516194E-02 0.817222E-01 0.414141E+01
    22711.00  0.133103E-02 0.829410E-02 0.836551E-02 0.256033E+01
    22911.00  0.265983E-01 0.124279E-01 0.383504E-02 0.145467E+01
    23111.00  0.831298E-01 0.165782E-01 0.316759E-01 0.731795E+00
    23311.00  0.167376E+00 0.194105E-01 0.680126E-01 0.301592E+00
    23511.00  0.273047E+00 0.197063E-01 0.990823E-01 0.823789E-01
    23711.00  0.391743E+00 0.168814E-01 0.118668E+00 0.457292E-02
    23911.00  0.513801E+00 0.113970E-01 0.125684E+00 0.123847E-01
    24111.00  0.629260E+00 0.495705E-02 0.122087E+00 0.638696E-01
    24311.00  0.728832E+00 0.446235E-03 0.111224E+00 0.129777E+00
    24511.00  0.804754E+00 0.161684E-02 0.966482E-01 0.191643E+00
    24711.00  0.851473E+00 0.125814E-01 0.813893E-01 0.239524E+00
    24911.00  0.866042E+00 0.371957E-01 0.676257E-01 0.269705E+00
    25111.00  0.848283E+00 0.784319E-01 0.566639E-01 0.282612E+00
    25311.00  0.800624E+00 0.137839E+00 0.491264E-01 0.281064E+00
    25511.00  0.727739E+00 0.215168E+00 0.452511E-01 0.268946E+00
    25711.00  0.635968E+00 0.308221E+00 0.452055E-01 0.250271E+00
    25911.00  0.532644E+00 0.412935E+00 0.493475E-01 0.228611E+00
    26111.00  0.425369E+00 0.523699E+00 0.583810E-01 0.206827E+00
    26311.00  0.321329E+00 0.633849E+00 0.733845E-01 0.186995E+00
    26511.00  0.226710E+00 0.736304E+00 0.957134E-01 0.170497E+00
    26711.00  0.146253E+00 0.824229E+00 0.126798E+00 0.158171E+00
    26911.00  0.829918E-01 0.891692E+00 0.167878E+00 0.150499E+00
         IE==>     12
        1.00  0.794518E+03
        2.00  0.357052E+05
        3.00  0.330131E+06
        4.00  0.159877E+07
        5.00  0.543463E+07
        6.00  0.147722E+08
        7.00  0.344208E+08
        8.00  0.716747E+08
        9.00  0.137015E+09
       10.00  0.244923E+09
       11.00  0.414837E+09
       12.00  0.672265E+09
       13.00  0.105011E+10
       14.00  0.159026E+10
       15.00  0.234548E+10
       16.00  0.338182E+10
       17.00  0.478155E+10
       18.00  0.664682E+10
       19.00  0.910438E+10
       20.00  0.123114E+11
       21.00  0.164632E+11
       22.00  0.218022E+11
       23.00  0.286307E+11
       24.00  0.373261E+11
       25.00  0.483613E+11
       26.00  0.623304E+11
       27.00  0.799827E+11
       28.00  0.102266E+12
       29.00  0.130382E+12
       30.00  0.165857E+12
       31.00  0.210627E+12
       32.00  0.267139E+12
       33.00  0.338464E+12
       34.00  0.428390E+12
       35.00  0.541468E+12
       36.00  0.682906E+12
       37.00  0.858155E+12
       38.00  0.107194E+13
       39.00  0.132645E+13
       40.00  0.161847E+13
       42.00  0.225622E+13
       44.00  0.277261E+13
       46.00  0.294903E+13
       48.00  0.279214E+13
       50.00  0.247285E+13
       52.00  0.213283E+13
       54.00  0.183303E+13
       56.00  0.158631E+13
       58.00  0.138755E+13
       60.00  0.122753E+13
       62.00  0.109762E+13
       64.00  0.990885E+12
       66.00  0.902029E+12
       68.00  0.827085E+12
       70.00  0.763089E+12
       72.00  0.707806E+12
       74.00  0.659542E+12
       76.00  0.616995E+12
       78.00  0.579155E+12
       80.00  0.545227E+12
       82.00  0.514584E+12
       84.00  0.486723E+12
       86.00  0.461238E+12
       88.00  0.437798E+12
       90.00  0.416134E+12
       92.00  0.396021E+12
       94.00  0.377274E+12
       96.00  0.359737E+12
       98.00  0.343277E+12
      100.00  0.327784E+12
      102.00  0.313159E+12
      104.00  0.299322E+12
      106.00  0.286201E+12
      108.00  0.273732E+12
      110.00  0.261863E+12
      112.00  0.250546E+12
      114.00  0.239740E+12
      116.00  0.229407E+12
      118.00  0.219516E+12
      122.00  0.200948E+12
      126.00  0.183840E+12
      130.00  0.168033E+12
      134.00  0.153396E+12
      138.00  0.139821E+12
      142.00  0.127217E+12
      146.00  0.115506E+12
      150.00  0.104623E+12
      154.00  0.945099E+11
      158.00  0.851172E+11
      162.00  0.763999E+11
      166.00  0.683180E+11
      170.00  0.608355E+11
      174.00  0.539195E+11
      178.00  0.475402E+11
      182.00  0.416703E+11
      186.00  0.362843E+11
      190.00  0.313586E+11
      194.00  0.268709E+11
      198.00  0.228003E+11
      202.00  0.191270E+11
      206.00  0.158323E+11
      210.00  0.128983E+11
      214.00  0.103080E+11
      218.00  0.804545E+10
      222.00  0.609500E+10
      226.00  0.444185E+10
      230.00  0.307174E+10
      234.00  0.197096E+10
      238.00  0.112633E+10
      242.00  0.525163E+09
      246.00  0.155242E+09
      250.00  0.478663E+07
      254.00  0.624325E+08
      258.00  0.317214E+09
      262.00  0.758547E+09
      266.00  0.137621E+10
      270.00  0.216034E+10
      274.00  0.310139E+10
      282.00  0.541779E+10
      290.00  0.825541E+10
      298.00  0.115489E+11
      306.00  0.152372E+11
      314.00  0.192637E+11
      322.00  0.235754E+11
      330.00  0.281232E+11
      338.00  0.328614E+11
      346.00  0.377474E+11
      354.00  0.427422E+11
      362.00  0.478097E+11
      370.00  0.529169E+11
      378.00  0.580333E+11
      386.00  0.631308E+11
      394.00  0.681839E+11
      402.00  0.731695E+11
      410.00  0.780667E+11
      418.00  0.828567E+11
      426.00  0.875227E+11
      434.00  0.920494E+11
      442.00  0.964231E+11
      450.00  0.100632E+12
      458.00  0.104666E+12
      466.00  0.108515E+12
      474.00  0.112173E+12
      482.00  0.115634E+12
      490.00  0.118891E+12
      498.00  0.121941E+12
      506.00  0.124780E+12
      514.00  0.127407E+12
      522.00  0.129820E+12
      530.00  0.132019E+12
      538.00  0.134005E+12
      546.00  0.135778E+12
      554.00  0.137341E+12
      562.00  0.138695E+12
      570.00  0.139844E+12
      578.00  0.140791E+12
      586.00  0.141540E+12
      596.00  0.142203E+12
      606.00  0.142574E+12
      616.00  0.142660E+12
      626.00  0.142472E+12
      636.00  0.142022E+12
      646.00  0.141319E+12
      656.00  0.140378E+12
      666.00  0.139208E+12
      676.00  0.137823E+12
      686.00  0.136234E+12
      696.00  0.134453E+12
      706.00  0.132494E+12
      716.00  0.130368E+12
      726.00  0.128087E+12
      736.00  0.125664E+12
      746.00  0.123111E+12
      756.00  0.120440E+12
      766.00  0.117661E+12
      776.00  0.114787E+12
      786.00  0.111829E+12
      796.00  0.108797E+12
      806.00  0.105702E+12
      816.00  0.102554E+12
      826.00  0.993633E+11
      836.00  0.961386E+11
      846.00  0.928893E+11
      856.00  0.896241E+11
      866.00  0.863515E+11
      876.00  0.830794E+11
      886.00  0.798153E+11
      896.00  0.765664E+11
      906.00  0.733395E+11
      916.00  0.701409E+11
      926.00  0.669768E+11
      936.00  0.638528E+11
      946.00  0.607742E+11
      956.00  0.577461E+11
      966.00  0.547730E+11
      976.00  0.518591E+11
      986.00  0.490084E+11
      996.00  0.462245E+11
     1006.00  0.435107E+11
     1016.00  0.408699E+11
     1026.00  0.383049E+11
     1036.00  0.358180E+11
     1046.00  0.334113E+11
     1056.00  0.310866E+11
     1066.00  0.288455E+11
     1076.00  0.266893E+11
     1086.00  0.246189E+11
     1096.00  0.226354E+11
     1106.00  0.207391E+11
     1116.00  0.189306E+11
     1126.00  0.172101E+11
     1136.00  0.155773E+11
     1146.00  0.140323E+11
     1156.00  0.125746E+11
     1166.00  0.112036E+11
     1176.00  0.991875E+10
     1186.00  0.871909E+10
     1196.00  0.760370E+10
     1206.00  0.657147E+10
     1216.00  0.562117E+10
     1226.00  0.475148E+10
     1236.00  0.396096E+10
     1246.00  0.324808E+10
     1256.00  0.261123E+10
     1266.00  0.204871E+10
     1276.00  0.155875E+10
     1286.00  0.113954E+10
     1296.00  0.789166E+09
     1306.00  0.505695E+09
     1316.00  0.287138E+09
     1326.00  0.131465E+09
     1336.00  0.366129E+08
     1346.00  0.492083E+06
     1356.00  0.209878E+08
     1366.00  0.959679E+08
     1376.00  0.223287E+09
     1386.00  0.400792E+09
     1396.00  0.626325E+09
     1406.00  0.897728E+09
     1416.00  0.121285E+10
     1426.00  0.156954E+10
     1436.00  0.196567E+10
     1446.00  0.239912E+10
     1456.00  0.286779E+10
     1466.00  0.336959E+10
     1476.00  0.390248E+10
     1486.00  0.446441E+10
     1496.00  0.505339E+10
     1506.00  0.566745E+10
     1516.00  0.630464E+10
     1526.00  0.696307E+10
     1536.00  0.764085E+10
     1546.00  0.833617E+10
     1556.00  0.904722E+10
     1566.00  0.977226E+10
     1576.00  0.105096E+11
     1586.00  0.112575E+11
     1596.00  0.120145E+11
     1606.00  0.127788E+11
     1616.00  0.135491E+11
     1626.00  0.143237E+11
     1636.00  0.151013E+11
     1646.00  0.158804E+11
     1656.00  0.166598E+11
     1666.00  0.174381E+11
     1676.00  0.182141E+11
     1686.00  0.189865E+11
     1696.00  0.197543E+11
     1706.00  0.205162E+11
     1716.00  0.212713E+11
     1726.00  0.220186E+11
     1736.00  0.227569E+11
     1746.00  0.234855E+11
     1756.00  0.242035E+11
     1766.00  0.249100E+11
     1776.00  0.256042E+11
     1786.00  0.262853E+11
     1796.00  0.269528E+11
     1806.00  0.276059E+11
     1816.00  0.282440E+11
     1826.00  0.288665E+11
     1836.00  0.294729E+11
     1846.00  0.300626E+11
     1856.00  0.306353E+11
     1866.00  0.311904E+11
     1876.00  0.317277E+11
     1886.00  0.322467E+11
     1896.00  0.327472E+11
     1906.00  0.332288E+11
     1916.00  0.336913E+11
     1926.00  0.341346E+11
     1936.00  0.345583E+11
     1946.00  0.349624E+11
     1956.00  0.353468E+11
     1966.00  0.357112E+11
     1976.00  0.360558E+11
     1986.00  0.363804E+11
     1996.00  0.366850E+11
     2006.00  0.369696E+11
     2016.00  0.372343E+11
     2026.00  0.374792E+11
     2036.00  0.377042E+11
     2046.00  0.379096E+11
     2056.00  0.380954E+11
     2066.00  0.382618E+11
     2076.00  0.384089E+11
     2086.00  0.385370E+11
     2096.00  0.386461E+11
     2106.00  0.387365E+11
     2116.00  0.388085E+11
     2126.00  0.388623E+11
     2136.00  0.388981E+11
     2146.00  0.389162E+11
     2156.00  0.389169E+11
     2166.00  0.389005E+11
     2176.00  0.388672E+11
     2186.00  0.388174E+11
     2196.00  0.387514E+11
     2206.00  0.386695E+11
     2216.00  0.385720E+11
     2226.00  0.384594E+11
     2236.00  0.383319E+11
     2246.00  0.381899E+11
     2256.00  0.380337E+11
     2266.00  0.378637E+11
     2276.00  0.376804E+11
     2286.00  0.374840E+11
     2296.00  0.372749E+11
     2306.00  0.370536E+11
     2316.00  0.368203E+11
     2326.00  0.365755E+11
     2336.00  0.363195E+11
     2346.00  0.360528E+11
     2356.00  0.357757E+11
     2366.00  0.354886E+11
     2376.00  0.351919E+11
     2386.00  0.348859E+11
     2396.00  0.345711E+11
     2406.00  0.342478E+11
     2416.00  0.339165E+11
     2426.00  0.335774E+11
     2436.00  0.332309E+11
     2446.00  0.328775E+11
     2456.00  0.325174E+11
     2466.00  0.321510E+11
     2476.00  0.317788E+11
     2486.00  0.314010E+11
     2496.00  0.310180E+11
     2506.00  0.306301E+11
     2516.00  0.302378E+11
     2526.00  0.298412E+11
     2536.00  0.294408E+11
     2546.00  0.290368E+11
     2556.00  0.286297E+11
     2566.00  0.282196E+11
     2576.00  0.278069E+11
     2586.00  0.273920E+11
     2596.00  0.269750E+11
     2606.00  0.265563E+11
     2616.00  0.261363E+11
     2626.00  0.257150E+11
     2636.00  0.252929E+11
     2646.00  0.248702E+11
     2656.00  0.244472E+11
     2666.00  0.240240E+11
     2676.00  0.236010E+11
     2686.00  0.231784E+11
     2696.00  0.227564E+11
     2706.00  0.223353E+11
     2716.00  0.219153E+11
     2726.00  0.214965E+11
     2736.00  0.210792E+11
     2746.00  0.206637E+11
     2756.00  0.202500E+11
     2766.00  0.198384E+11
     2776.00  0.194291E+11
     2786.00  0.190223E+11
     2796.00  0.186180E+11
     2806.00  0.182165E+11
     2816.00  0.178180E+11
     2826.00  0.174226E+11
     2836.00  0.170303E+11
     2846.00  0.166415E+11
     2856.00  0.162562E+11
     2866.00  0.158745E+11
     2876.00  0.154965E+11
     2886.00  0.151224E+11
     2896.00  0.147523E+11
     2906.00  0.143863E+11
     2916.00  0.140245E+11
     2926.00  0.136669E+11
     2936.00  0.133137E+11
     2946.00  0.129650E+11
     2956.00  0.126208E+11
     2966.00  0.122812E+11
     2976.00  0.119462E+11
     2986.00  0.116160E+11
     2996.00  0.112905E+11
     3006.00  0.109699E+11
     3016.00  0.106542E+11
     3026.00  0.103435E+11
     3036.00  0.100377E+11
     3046.00  0.973685E+10
     3056.00  0.944110E+10
     3066.00  0.915041E+10
     3076.00  0.886481E+10
     3086.00  0.858431E+10
     3096.00  0.830894E+10
     3106.00  0.803871E+10
     3116.00  0.777362E+10
     3126.00  0.751368E+10
     3136.00  0.725889E+10
     3146.00  0.700925E+10
     3156.00  0.676475E+10
     3166.00  0.652538E+10
     3176.00  0.629114E+10
     3186.00  0.606201E+10
     3196.00  0.583797E+10
     3206.00  0.561900E+10
     3216.00  0.540508E+10
     3226.00  0.519619E+10
     3236.00  0.499229E+10
     3246.00  0.479336E+10
     3256.00  0.459936E+10
     3266.00  0.441027E+10
     3276.00  0.422603E+10
     3286.00  0.404662E+10
     3296.00  0.387200E+10
     3306.00  0.370212E+10
     3316.00  0.353694E+10
     3326.00  0.337641E+10
     3336.00  0.322048E+10
     3346.00  0.306912E+10
     3356.00  0.292226E+10
     3366.00  0.277985E+10
     3376.00  0.264185E+10
     3386.00  0.250819E+10
     3396.00  0.237883E+10
     3406.00  0.225370E+10
     3416.00  0.213275E+10
     3426.00  0.201593E+10
     3436.00  0.190317E+10
     3446.00  0.179440E+10
     3456.00  0.168959E+10
     3466.00  0.158865E+10
     3476.00  0.149153E+10
     3486.00  0.139816E+10
     3496.00  0.130849E+10
     3506.00  0.122245E+10
     3516.00  0.113998E+10
     3526.00  0.106101E+10
     3536.00  0.985479E+09
     3546.00  0.913320E+09
     3556.00  0.844471E+09
     3566.00  0.778866E+09
     3576.00  0.716441E+09
     3586.00  0.657130E+09
     3596.00  0.600869E+09
     3606.00  0.547592E+09
     3616.00  0.497236E+09
     3626.00  0.449735E+09
     3636.00  0.405024E+09
     3646.00  0.363040E+09
     3656.00  0.323719E+09
     3666.00  0.286996E+09
     3676.00  0.252808E+09
     3686.00  0.221092E+09
     3696.00  0.191786E+09
     3706.00  0.164826E+09
     3716.00  0.140151E+09
     3726.00  0.117700E+09
     3736.00  0.974111E+08
     3746.00  0.792241E+08
     3756.00  0.630790E+08
     3766.00  0.489164E+08
     3776.00  0.366773E+08
     3786.00  0.263036E+08
     3796.00  0.177375E+08
     3806.00  0.109219E+08
     3816.00  0.580059E+07
     3826.00  0.231771E+07
     3836.00  0.418240E+06
     3846.00  0.478015E+05
     3856.00  0.115274E+07
     3866.00  0.368010E+07
     3876.00  0.757768E+07
     3886.00  0.127940E+08
     3896.00  0.192783E+08
     3906.00  0.269807E+08
     3916.00  0.358519E+08
     3926.00  0.458436E+08
     3936.00  0.569080E+08
     3946.00  0.689984E+08
     3956.00  0.820686E+08
     3966.00  0.960735E+08
     3976.00  0.110968E+09
     3986.00  0.126710E+09
     3996.00  0.143255E+09
     4006.00  0.160562E+09
     4016.00  0.178589E+09
     4026.00  0.197296E+09
     4036.00  0.216644E+09
     4046.00  0.236593E+09
     4056.00  0.257106E+09
     4066.00  0.278145E+09
     4076.00  0.299674E+09
     4086.00  0.321659E+09
     4096.00  0.344063E+09
     4106.00  0.366853E+09
     4116.00  0.389996E+09
     4126.00  0.413460E+09
     4136.00  0.437212E+09
     4146.00  0.461223E+09
     4156.00  0.485463E+09
     4166.00  0.509901E+09
     4176.00  0.534511E+09
     4186.00  0.559263E+09
     4196.00  0.584132E+09
     4206.00  0.609090E+09
     4216.00  0.634114E+09
     4226.00  0.659178E+09
     4236.00  0.684258E+09
     4246.00  0.709331E+09
     4256.00  0.734374E+09
     4266.00  0.759367E+09
     4276.00  0.784287E+09
     4286.00  0.809114E+09
     4296.00  0.833830E+09
     4306.00  0.858414E+09
     4316.00  0.882848E+09
     4326.00  0.907115E+09
     4336.00  0.931197E+09
     4346.00  0.955079E+09
     4356.00  0.978744E+09
     4366.00  0.100218E+10
     4376.00  0.102537E+10
     4386.00  0.104829E+10
     4396.00  0.107095E+10
     4406.00  0.109331E+10
     4416.00  0.111538E+10
     4426.00  0.113714E+10
     4436.00  0.115858E+10
     4446.00  0.117969E+10
     4456.00  0.120045E+10
     4466.00  0.122087E+10
     4476.00  0.124092E+10
     4486.00  0.126061E+10
     4511.00  0.130816E+10
     4536.00  0.135324E+10
     4561.00  0.139577E+10
     4586.00  0.143567E+10
     4611.00  0.147288E+10
     4636.00  0.150734E+10
     4661.00  0.153904E+10
     4686.00  0.156795E+10
     4711.00  0.159406E+10
     4736.00  0.161739E+10
     4761.00  0.163794E+10
     4786.00  0.165574E+10
     4811.00  0.167083E+10
     4836.00  0.168325E+10
     4861.00  0.169306E+10
     4886.00  0.170030E+10
     4911.00  0.170504E+10
     4936.00  0.170735E+10
     4961.00  0.170730E+10
     4986.00  0.170497E+10
     5011.00  0.170045E+10
     5036.00  0.169381E+10
     5061.00  0.168514E+10
     5086.00  0.167453E+10
     5111.00  0.166207E+10
     5136.00  0.164786E+10
     5161.00  0.163198E+10
     5186.00  0.161453E+10
     5211.00  0.159561E+10
     5236.00  0.157529E+10
     5261.00  0.155368E+10
     5286.00  0.153087E+10
     5311.00  0.150695E+10
     5336.00  0.148200E+10
     5361.00  0.145612E+10
     5386.00  0.142939E+10
     5411.00  0.140188E+10
     5436.00  0.137370E+10
     5461.00  0.134490E+10
     5511.00  0.128580E+10
     5561.00  0.122517E+10
     5611.00  0.116356E+10
     5661.00  0.110147E+10
     5711.00  0.103937E+10
     5761.00  0.977665E+09
     5811.00  0.916739E+09
     5861.00  0.856923E+09
     5911.00  0.798506E+09
     5961.00  0.741738E+09
     6011.00  0.686830E+09
     6061.00  0.633960E+09
     6111.00  0.583270E+09
     6161.00  0.534869E+09
     6211.00  0.488841E+09
     6261.00  0.445240E+09
     6311.00  0.404096E+09
     6361.00  0.365417E+09
     6411.00  0.329193E+09
     6461.00  0.295394E+09
     6511.00  0.263977E+09
     6561.00  0.234884E+09
     6611.00  0.208047E+09
     6661.00  0.183388E+09
     6711.00  0.160822E+09
     6761.00  0.140256E+09
     6811.00  0.121596E+09
     6861.00  0.104742E+09
     6911.00  0.895903E+08
     6961.00  0.760398E+08
     7011.00  0.639872E+08
     7061.00  0.533304E+08
     7111.00  0.439687E+08
     7161.00  0.358037E+08
     7211.00  0.287395E+08
     7261.00  0.226837E+08
     7311.00  0.175470E+08
     7361.00  0.132442E+08
     7411.00  0.969411E+07
     7511.00  0.454859E+07
     7611.00  0.154707E+07
     7711.00  0.196705E+06
     7811.00  0.738806E+05
     7911.00  0.821094E+06
     8011.00  0.214245E+07
     8111.00  0.379823E+07
     8211.00  0.559903E+07
     8311.00  0.739956E+07
     8411.00  0.909266E+07
     8511.00  0.106033E+08
     8611.00  0.118835E+08
     8711.00  0.129067E+08
     8811.00  0.136637E+08
     8911.00  0.141589E+08
     9011.00  0.144060E+08
     9111.00  0.144262E+08
     9211.00  0.142446E+08
     9311.00  0.138894E+08
     9411.00  0.133892E+08
     9511.00  0.127725E+08
     9611.00  0.120666E+08
     9711.00  0.112967E+08
     9811.00  0.104857E+08
     9911.00  0.965377E+07
    10011.00  0.881858E+07
    10111.00  0.799488E+07
    10211.00  0.719482E+07
    10311.00  0.642806E+07
    10411.00  0.570195E+07
    10511.00  0.502183E+07
    10611.00  0.439118E+07
    10711.00  0.381193E+07
    10811.00  0.328466E+07
    10911.00  0.280885E+07
    11011.00  0.238309E+07
    11111.00  0.200528E+07
    11211.00  0.167279E+07
    11311.00  0.138260E+07
    11411.00  0.113149E+07
    11511.00  0.916083E+06
    11611.00  0.732992E+06
    11711.00  0.578865E+06
    11811.00  0.450457E+06
    11911.00  0.344678E+06
    12011.00  0.258620E+06
    12111.00  0.189589E+06
    12211.00  0.135109E+06
    12311.00  0.929383E+05
    12411.00  0.610604E+05
    12511.00  0.376852E+05
    12611.00  0.212375E+05
    12711.00  0.103453E+05
    12811.00  0.382672E+04
    12911.00  0.674056E+03
    13011.00  0.384078E+02
    13111.00  0.121351E+04
    13211.00  0.361996E+04
    13311.00  0.678999E+04
    13411.00  0.103529E+05
    13511.00  0.140217E+05
    13611.00  0.175804E+05
    13711.00  0.208727E+05
    13811.00  0.237917E+05
    13911.00  0.262711E+05
    14011.00  0.282767E+05
    14111.00  0.297997E+05
    14211.00  0.308508E+05
    14311.00  0.314548E+05
    14411.00  0.316466E+05
    14511.00  0.314675E+05
    14611.00  0.309628E+05
    14711.00  0.301788E+05
    14811.00  0.291618E+05
    14911.00  0.279560E+05
    15011.00  0.266035E+05
    15111.00  0.251426E+05
    15211.00  0.236085E+05
    15311.00  0.220320E+05
    15411.00  0.204404E+05
    15511.00  0.188570E+05
    15611.00  0.173013E+05
    15711.00  0.157896E+05
    15811.00  0.143350E+05
    15911.00  0.129475E+05
    16011.00  0.116347E+05
    16111.00  0.104020E+05
    16211.00  0.925251E+04
    16311.00  0.818782E+04
    16411.00  0.720798E+04
    16511.00  0.631182E+04
    16611.00  0.549716E+04
    16711.00  0.476101E+04
    16811.00  0.409973E+04
    16911.00  0.350921E+04
    17011.00  0.298504E+04
    17111.00  0.252256E+04
    17211.00  0.211702E+04
    17311.00  0.176365E+04
    17411.00  0.145775E+04
    17511.00  0.119474E+04
    17611.00  0.970215E+03
    17711.00  0.779990E+03
    17811.00  0.620113E+03
    17911.00  0.486905E+03
    18011.00  0.376959E+03
    18111.00  0.287151E+03
    18211.00  0.214641E+03
    18311.00  0.156868E+03
    18411.00  0.111540E+03
    18511.00  0.766240E+02
    18611.00  0.503313E+02
    18711.00  0.311007E+02
    18811.00  0.175827E+02
    18911.00  0.862080E+01
    19011.00  0.323336E+01
    19111.00  0.595732E+00
    19311.00  0.950777E+00
    19511.00  0.557604E+01
    19711.00  0.118338E+02
    19911.00  0.181408E+02
    20111.00  0.236322E+02
    20311.00  0.279063E+02
    20511.00  0.308414E+02
    20711.00  0.324725E+02
    20911.00  0.329143E+02
    21111.00  0.323186E+02
    21311.00  0.308520E+02
    21511.00  0.286866E+02
    21711.00  0.259960E+02
    21911.00  0.229529E+02
    22111.00  0.197247E+02
    22311.00  0.164684E+02
    22511.00  0.133247E+02
    22711.00  0.104110E+02
    22911.00  0.781712E+01
    23111.00  0.560193E+01
    23311.00  0.379324E+01
    23511.00  0.238973E+01
    23711.00  0.136513E+01
    23911.00  0.673980E+00
    24111.00  0.258325E+00
    24311.00  0.545911E-01
    24511.00  0.737727E-06
    24711.00  0.378939E-01
    24911.00  0.121491E+00
    25111.00  0.215871E+00
    25311.00  0.298184E+00
    25511.00  0.356396E+00
    25711.00  0.387035E+00
    25911.00  0.392498E+00
    26111.00  0.378437E+00
    26311.00  0.351609E+00
    26511.00  0.318371E+00
    26711.00  0.283854E+00
    26911.00  0.251688E+00



          6         6         3       781D   C   D    0.822591500D+05
     197    257    273
 E STATE HAS LABEL D   
 VIBRATIONAL LEVELS FOR STATE E IN 1/CM FOR J=  5
      -4634.85830     -2454.58976      -402.53480
 PROPORTION OF STATE C   
  0.325504E-05 0.713913E-05 0.102170E-04
 PROPORTION OF STATE D   
  0.999997E+00 0.999993E+00 0.999990E+00
 TABLE FOR EMISSION PROBABILITIES   E(J=  5,IE) ==>F(J=  5,IF)
         IE==>      0            1            2
        1.00  0.174813E-07 0.677782E-06 0.487696E-04
        2.00  0.791588E-06 0.306492E-04 0.220131E-02
        3.00  0.737504E-05 0.285158E-03 0.204428E-01
        4.00  0.359905E-04 0.138965E-02 0.994369E-01
        5.00  0.123284E-03 0.475357E-02 0.339499E+00
        6.00  0.337701E-03 0.130027E-01 0.926879E+00
        7.00  0.792998E-03 0.304903E-01 0.216926E+01
        8.00  0.166416E-02 0.638949E-01 0.453700E+01
        9.00  0.320617E-02 0.122924E+00 0.871134E+01
       10.00  0.577637E-02 0.221147E+00 0.156410E+02
       11.00  0.986100E-02 0.376980E+00 0.266091E+02
       12.00  0.161071E-01 0.614868E+00 0.433126E+02
       13.00  0.253606E-01 0.966693E+00 0.679567E+02
       14.00  0.387127E-01 0.147347E+01 0.103369E+03
       15.00  0.575565E-01 0.218746E+01 0.153138E+03
       16.00  0.836575E-01 0.317470E+01 0.221785E+03
       17.00  0.119242E+00 0.451829E+01 0.314979E+03
       18.00  0.167107E+00 0.632244E+01 0.439808E+03
       19.00  0.230764E+00 0.871763E+01 0.605116E+03
       20.00  0.314613E+00 0.118671E+02 0.821937E+03
       21.00  0.424178E+00 0.159753E+02 0.110405E+04
       22.00  0.566392E+00 0.212984E+02 0.146866E+04
       23.00  0.749975E+00 0.281579E+02 0.193733E+04
       24.00  0.985919E+00 0.369587E+02 0.253711E+04
       25.00  0.128812E+01 0.482111E+02 0.330204E+04
       26.00  0.167418E+01 0.625616E+02 0.427510E+04
       27.00  0.216651E+01 0.808304E+02 0.551071E+04
       28.00  0.279367E+01 0.104062E+03 0.707803E+04
       29.00  0.359217E+01 0.133590E+03 0.906508E+04
       30.00  0.460876E+01 0.171119E+03 0.115842E+05
       31.00  0.590326E+01 0.218826E+03 0.147783E+05
       32.00  0.755199E+01 0.279483E+03 0.188293E+05
       33.00  0.965158E+01 0.356596E+03 0.239661E+05
       34.00  0.123227E+02 0.454529E+03 0.304732E+05
       35.00  0.157121E+02 0.578586E+03 0.386946E+05
       36.00  0.199912E+02 0.734923E+03 0.490278E+05
       37.00  0.253441E+02 0.930136E+03 0.618950E+05
       38.00  0.319399E+02 0.117021E+04 0.776738E+05
       39.00  0.398768E+02 0.145851E+04 0.965631E+05
       40.00  0.490934E+02 0.179253E+04 0.118372E+06
       42.00  0.696834E+02 0.253552E+04 0.166567E+06
       44.00  0.872053E+02 0.316196E+04 0.206624E+06
       46.00  0.944750E+02 0.341341E+04 0.221861E+06
       48.00  0.911249E+02 0.328056E+04 0.212067E+06
       50.00  0.822320E+02 0.294967E+04 0.189624E+06
       52.00  0.722808E+02 0.258320E+04 0.165134E+06
       54.00  0.633207E+02 0.225458E+04 0.143306E+06
       56.00  0.558671E+02 0.198171E+04 0.125235E+06
       58.00  0.498307E+02 0.176087E+04 0.110627E+06
       60.00  0.449625E+02 0.158273E+04 0.988436E+05
       62.00  0.410140E+02 0.143812E+04 0.892705E+05
       64.00  0.377796E+02 0.131949E+04 0.814051E+05
       66.00  0.350997E+02 0.122101E+04 0.748613E+05
       68.00  0.328533E+02 0.113826E+04 0.693479E+05
       70.00  0.309492E+02 0.106791E+04 0.646461E+05
       72.00  0.293182E+02 0.100746E+04 0.605908E+05
       74.00  0.279072E+02 0.954971E+03 0.570561E+05
       76.00  0.266756E+02 0.908968E+03 0.539451E+05
       78.00  0.255913E+02 0.868296E+03 0.511824E+05
       80.00  0.246294E+02 0.832045E+03 0.487086E+05
       82.00  0.237698E+02 0.799492E+03 0.464769E+05
       84.00  0.229964E+02 0.770056E+03 0.444493E+05
       86.00  0.222963E+02 0.743267E+03 0.425954E+05
       88.00  0.216588E+02 0.718742E+03 0.408905E+05
       90.00  0.210752E+02 0.696168E+03 0.393141E+05
       92.00  0.205383E+02 0.675284E+03 0.378495E+05
       94.00  0.200421E+02 0.655875E+03 0.364826E+05
       96.00  0.195816E+02 0.637759E+03 0.352019E+05
       98.00  0.191524E+02 0.620783E+03 0.339973E+05
      100.00  0.187510E+02 0.604815E+03 0.328605E+05
      102.00  0.183743E+02 0.589745E+03 0.317842E+05
      104.00  0.180195E+02 0.575475E+03 0.307623E+05
      106.00  0.176843E+02 0.561922E+03 0.297894E+05
      108.00  0.173667E+02 0.549014E+03 0.288609E+05
      110.00  0.170649E+02 0.536687E+03 0.279728E+05
      112.00  0.167774E+02 0.524888E+03 0.271215E+05
      114.00  0.165029E+02 0.513568E+03 0.263040E+05
      116.00  0.162401E+02 0.502685E+03 0.255175E+05
      118.00  0.159881E+02 0.492202E+03 0.247598E+05
      122.00  0.155127E+02 0.472312E+03 0.233226E+05
      126.00  0.150706E+02 0.453677E+03 0.219783E+05
      130.00  0.146568E+02 0.436124E+03 0.207156E+05
      134.00  0.142673E+02 0.419508E+03 0.195254E+05
      138.00  0.138987E+02 0.403712E+03 0.184002E+05
      142.00  0.135483E+02 0.388641E+03 0.173339E+05
      146.00  0.132139E+02 0.374216E+03 0.163215E+05
      150.00  0.128937E+02 0.360374E+03 0.153587E+05
      154.00  0.125861E+02 0.347061E+03 0.144421E+05
      158.00  0.122899E+02 0.334234E+03 0.135687E+05
      162.00  0.120040E+02 0.321854E+03 0.127358E+05
      166.00  0.117274E+02 0.309887E+03 0.119413E+05
      170.00  0.114593E+02 0.298306E+03 0.111831E+05
      174.00  0.111990E+02 0.287086E+03 0.104595E+05
      178.00  0.109459E+02 0.276205E+03 0.976904E+04
      182.00  0.106995E+02 0.265648E+03 0.911028E+04
      186.00  0.104593E+02 0.255398E+03 0.848205E+04
      190.00  0.102250E+02 0.245442E+03 0.788324E+04
      194.00  0.999631E+01 0.235770E+03 0.731285E+04
      198.00  0.977287E+01 0.226370E+03 0.676992E+04
      202.00  0.955441E+01 0.217232E+03 0.625356E+04
      206.00  0.934069E+01 0.208348E+03 0.576295E+04
      210.00  0.913148E+01 0.199711E+03 0.529731E+04
      214.00  0.892661E+01 0.191312E+03 0.485591E+04
      218.00  0.872591E+01 0.183147E+03 0.443805E+04
      222.00  0.852923E+01 0.175210E+03 0.404308E+04
      226.00  0.833645E+01 0.167495E+03 0.367036E+04
      230.00  0.814745E+01 0.159999E+03 0.331927E+04
      234.00  0.796211E+01 0.152716E+03 0.298922E+04
      238.00  0.778032E+01 0.145643E+03 0.267962E+04
      242.00  0.760198E+01 0.138775E+03 0.238990E+04
      246.00  0.742698E+01 0.132108E+03 0.211953E+04
      250.00  0.725524E+01 0.125639E+03 0.186796E+04
      254.00  0.708667E+01 0.119365E+03 0.163468E+04
      258.00  0.692121E+01 0.113282E+03 0.141916E+04
      262.00  0.675878E+01 0.107388E+03 0.122092E+04
      266.00  0.659934E+01 0.101680E+03 0.103947E+04
      270.00  0.644281E+01 0.961543E+02 0.874321E+03
      274.00  0.628913E+01 0.908093E+02 0.725005E+03
      282.00  0.599014E+01 0.806499E+02 0.472018E+03
      290.00  0.570190E+01 0.711814E+02 0.276891E+03
      298.00  0.542402E+01 0.623849E+02 0.136125E+03
      306.00  0.515617E+01 0.542430E+02 0.463345E+02
      314.00  0.489803E+01 0.467388E+02 0.423693E+01
      322.00  0.464933E+01 0.398559E+02 0.665180E+01
      330.00  0.440978E+01 0.335783E+02 0.504983E+02
      338.00  0.417911E+01 0.278902E+02 0.132794E+03
      346.00  0.395707E+01 0.227763E+02 0.250652E+03
      354.00  0.374343E+01 0.182217E+02 0.401283E+03
      362.00  0.353797E+01 0.142115E+02 0.581998E+03
      370.00  0.334050E+01 0.107311E+02 0.790202E+03
      378.00  0.315080E+01 0.776592E+01 0.102340E+04
      386.00  0.296865E+01 0.530165E+01 0.127919E+04
      394.00  0.279385E+01 0.332406E+01 0.155526E+04
      402.00  0.262622E+01 0.181913E+01 0.184941E+04
      410.00  0.246556E+01 0.772964E+00 0.215952E+04
      418.00  0.231170E+01 0.171804E+00 0.248357E+04
      426.00  0.216446E+01 0.205427E-02 0.281964E+04
      434.00  0.202364E+01 0.250271E+00 0.316588E+04
      442.00  0.188908E+01 0.903163E+00 0.352053E+04
      450.00  0.176060E+01 0.194759E+01 0.388192E+04
      458.00  0.163804E+01 0.337056E+01 0.424847E+04
      466.00  0.152123E+01 0.515922E+01 0.461868E+04
      474.00  0.141002E+01 0.730091E+01 0.499115E+04
      482.00  0.130425E+01 0.978309E+01 0.536451E+04
      490.00  0.120376E+01 0.125934E+02 0.573752E+04
      498.00  0.110840E+01 0.157195E+02 0.610897E+04
      506.00  0.101803E+01 0.191493E+02 0.647774E+04
      514.00  0.932508E+00 0.228710E+02 0.684279E+04
      522.00  0.851685E+00 0.268727E+02 0.720316E+04
      530.00  0.775427E+00 0.311429E+02 0.755794E+04
      538.00  0.703601E+00 0.356702E+02 0.790631E+04
      546.00  0.636073E+00 0.404433E+02 0.824749E+04
      554.00  0.572712E+00 0.454512E+02 0.858076E+04
      562.00  0.513391E+00 0.506828E+02 0.890545E+04
      570.00  0.457986E+00 0.561276E+02 0.922099E+04
      578.00  0.406373E+00 0.617750E+02 0.952683E+04
      586.00  0.358433E+00 0.676147E+02 0.982250E+04
      596.00  0.303495E+00 0.751695E+02 0.101771E+05
      606.00  0.253887E+00 0.829897E+02 0.105145E+05
      616.00  0.209390E+00 0.910565E+02 0.108339E+05
      626.00  0.169790E+00 0.993511E+02 0.111348E+05
      636.00  0.134878E+00 0.107856E+03 0.114168E+05
      646.00  0.104452E+00 0.116552E+03 0.116796E+05
      656.00  0.783163E-01 0.125425E+03 0.119230E+05
      666.00  0.562778E-01 0.134456E+03 0.121467E+05
      676.00  0.381504E-01 0.143629E+03 0.123507E+05
      686.00  0.237528E-01 0.152929E+03 0.125349E+05
      696.00  0.129090E-01 0.162340E+03 0.126994E+05
      706.00  0.544794E-02 0.171847E+03 0.128443E+05
      716.00  0.120342E-02 0.181435E+03 0.129697E+05
      726.00  0.140447E-04 0.191091E+03 0.130760E+05
      736.00  0.172308E-02 0.200800E+03 0.131633E+05
      746.00  0.617844E-02 0.210550E+03 0.132320E+05
      756.00  0.132325E-01 0.220327E+03 0.132824E+05
      766.00  0.227420E-01 0.230120E+03 0.133149E+05
      776.00  0.345682E-01 0.239915E+03 0.133300E+05
      786.00  0.485765E-01 0.249702E+03 0.133281E+05
      796.00  0.646365E-01 0.259470E+03 0.133097E+05
      806.00  0.826221E-01 0.269209E+03 0.132753E+05
      816.00  0.102411E+00 0.278907E+03 0.132256E+05
      826.00  0.123885E+00 0.288556E+03 0.131609E+05
      836.00  0.146929E+00 0.298144E+03 0.130819E+05
      846.00  0.171434E+00 0.307665E+03 0.129892E+05
      856.00  0.197292E+00 0.317108E+03 0.128833E+05
      866.00  0.224400E+00 0.326466E+03 0.127649E+05
      876.00  0.252658E+00 0.335732E+03 0.126345E+05
      886.00  0.281972E+00 0.344896E+03 0.124928E+05
      896.00  0.312247E+00 0.353953E+03 0.123404E+05
      906.00  0.343395E+00 0.362894E+03 0.121778E+05
      916.00  0.375328E+00 0.371714E+03 0.120057E+05
      926.00  0.407964E+00 0.380406E+03 0.118247E+05
      936.00  0.441224E+00 0.388963E+03 0.116353E+05
      946.00  0.475030E+00 0.397382E+03 0.114382E+05
      956.00  0.509308E+00 0.405656E+03 0.112340E+05
      966.00  0.543988E+00 0.413780E+03 0.110231E+05
      976.00  0.579000E+00 0.421750E+03 0.108063E+05
      986.00  0.614280E+00 0.429561E+03 0.105840E+05
      996.00  0.649764E+00 0.437208E+03 0.103568E+05
     1006.00  0.685392E+00 0.444688E+03 0.101252E+05
     1016.00  0.721107E+00 0.451998E+03 0.988971E+04
     1026.00  0.756854E+00 0.459134E+03 0.965092E+04
     1036.00  0.792580E+00 0.466094E+03 0.940929E+04
     1046.00  0.828235E+00 0.472875E+03 0.916532E+04
     1056.00  0.863772E+00 0.479474E+03 0.891946E+04
     1066.00  0.899143E+00 0.485889E+03 0.867218E+04
     1076.00  0.934306E+00 0.492118E+03 0.842390E+04
     1086.00  0.969220E+00 0.498159E+03 0.817505E+04
     1096.00  0.100384E+01 0.504011E+03 0.792606E+04
     1106.00  0.103814E+01 0.509673E+03 0.767731E+04
     1116.00  0.107208E+01 0.515143E+03 0.742918E+04
     1126.00  0.110563E+01 0.520421E+03 0.718205E+04
     1136.00  0.113875E+01 0.525507E+03 0.693624E+04
     1146.00  0.117141E+01 0.530398E+03 0.669210E+04
     1156.00  0.120360E+01 0.535096E+03 0.644994E+04
     1166.00  0.123527E+01 0.539599E+03 0.621005E+04
     1176.00  0.126640E+01 0.543907E+03 0.597272E+04
     1186.00  0.129698E+01 0.548021E+03 0.573822E+04
     1196.00  0.132698E+01 0.551942E+03 0.550681E+04
     1206.00  0.135638E+01 0.555668E+03 0.527873E+04
     1216.00  0.138516E+01 0.559202E+03 0.505419E+04
     1226.00  0.141330E+01 0.562544E+03 0.483342E+04
     1236.00  0.144079E+01 0.565694E+03 0.461661E+04
     1246.00  0.146762E+01 0.568653E+03 0.440393E+04
     1256.00  0.149376E+01 0.571422E+03 0.419555E+04
     1266.00  0.151921E+01 0.574003E+03 0.399164E+04
     1276.00  0.154396E+01 0.576397E+03 0.379234E+04
     1286.00  0.156799E+01 0.578605E+03 0.359778E+04
     1296.00  0.159130E+01 0.580629E+03 0.340807E+04
     1306.00  0.161388E+01 0.582471E+03 0.322333E+04
     1316.00  0.163572E+01 0.584133E+03 0.304364E+04
     1326.00  0.165682E+01 0.585615E+03 0.286909E+04
     1336.00  0.167718E+01 0.586921E+03 0.269976E+04
     1346.00  0.169678E+01 0.588052E+03 0.253569E+04
     1356.00  0.171563E+01 0.589011E+03 0.237695E+04
     1366.00  0.173372E+01 0.589799E+03 0.222358E+04
     1376.00  0.175105E+01 0.590419E+03 0.207560E+04
     1386.00  0.176763E+01 0.590874E+03 0.193304E+04
     1396.00  0.178346E+01 0.591165E+03 0.179591E+04
     1406.00  0.179852E+01 0.591296E+03 0.166422E+04
     1416.00  0.181284E+01 0.591269E+03 0.153796E+04
     1426.00  0.182640E+01 0.591086E+03 0.141712E+04
     1436.00  0.183921E+01 0.590749E+03 0.130169E+04
     1446.00  0.185128E+01 0.590262E+03 0.119162E+04
     1456.00  0.186261E+01 0.589627E+03 0.108690E+04
     1466.00  0.187320E+01 0.588847E+03 0.987486E+03
     1476.00  0.188306E+01 0.587924E+03 0.893325E+03
     1486.00  0.189220E+01 0.586862E+03 0.804370E+03
     1496.00  0.190061E+01 0.585663E+03 0.720563E+03
     1506.00  0.190832E+01 0.584329E+03 0.641842E+03
     1516.00  0.191532E+01 0.582865E+03 0.568139E+03
     1526.00  0.192162E+01 0.581271E+03 0.499383E+03
     1536.00  0.192723E+01 0.579552E+03 0.435498E+03
     1546.00  0.193215E+01 0.577709E+03 0.376403E+03
     1556.00  0.193640E+01 0.575746E+03 0.322015E+03
     1566.00  0.193999E+01 0.573666E+03 0.272247E+03
     1576.00  0.194292E+01 0.571471E+03 0.227009E+03
     1586.00  0.194521E+01 0.569165E+03 0.186207E+03
     1596.00  0.194685E+01 0.566751E+03 0.149744E+03
     1606.00  0.194787E+01 0.564230E+03 0.117524E+03
     1616.00  0.194827E+01 0.561607E+03 0.894444E+02
     1626.00  0.194807E+01 0.558884E+03 0.654033E+02
     1636.00  0.194727E+01 0.556063E+03 0.452962E+02
     1646.00  0.194588E+01 0.553148E+03 0.290173E+02
     1656.00  0.194392E+01 0.550141E+03 0.164593E+02
     1666.00  0.194139E+01 0.547046E+03 0.751391E+01
     1676.00  0.193831E+01 0.543865E+03 0.207184E+01
     1686.00  0.193469E+01 0.540601E+03 0.230720E-01
     1696.00  0.193054E+01 0.537257E+03 0.125702E+01
     1706.00  0.192587E+01 0.533836E+03 0.566272E+01
     1716.00  0.192069E+01 0.530340E+03 0.131290E+02
     1726.00  0.191502E+01 0.526772E+03 0.235446E+02
     1736.00  0.190887E+01 0.523135E+03 0.367983E+02
     1746.00  0.190224E+01 0.519431E+03 0.527792E+02
     1756.00  0.189515E+01 0.515663E+03 0.713768E+02
     1766.00  0.188761E+01 0.511834E+03 0.924810E+02
     1776.00  0.187964E+01 0.507946E+03 0.115982E+03
     1786.00  0.187124E+01 0.504002E+03 0.141772E+03
     1796.00  0.186242E+01 0.500005E+03 0.169743E+03
     1806.00  0.185321E+01 0.495956E+03 0.199787E+03
     1816.00  0.184360E+01 0.491859E+03 0.231799E+03
     1826.00  0.183362E+01 0.487715E+03 0.265675E+03
     1836.00  0.182326E+01 0.483528E+03 0.301311E+03
     1846.00  0.181255E+01 0.479298E+03 0.338604E+03
     1856.00  0.180150E+01 0.475030E+03 0.377455E+03
     1866.00  0.179011E+01 0.470724E+03 0.417764E+03
     1876.00  0.177840E+01 0.466384E+03 0.459432E+03
     1886.00  0.176638E+01 0.462011E+03 0.502366E+03
     1896.00  0.175406E+01 0.457608E+03 0.546469E+03
     1906.00  0.174145E+01 0.453177E+03 0.591649E+03
     1916.00  0.172857E+01 0.448720E+03 0.637817E+03
     1926.00  0.171542E+01 0.444240E+03 0.684881E+03
     1936.00  0.170201E+01 0.439737E+03 0.732756E+03
     1946.00  0.168835E+01 0.435214E+03 0.781356E+03
     1956.00  0.167446E+01 0.430674E+03 0.830598E+03
     1966.00  0.166035E+01 0.426117E+03 0.880400E+03
     1976.00  0.164602E+01 0.421547E+03 0.930682E+03
     1986.00  0.163149E+01 0.416964E+03 0.981368E+03
     1996.00  0.161676E+01 0.412371E+03 0.103238E+04
     2006.00  0.160186E+01 0.407770E+03 0.108365E+04
     2016.00  0.158677E+01 0.403161E+03 0.113511E+04
     2026.00  0.157153E+01 0.398548E+03 0.118667E+04
     2036.00  0.155613E+01 0.393932E+03 0.123829E+04
     2046.00  0.154058E+01 0.389314E+03 0.128989E+04
     2056.00  0.152490E+01 0.384696E+03 0.134141E+04
     2066.00  0.150909E+01 0.380079E+03 0.139278E+04
     2076.00  0.149317E+01 0.375466E+03 0.144396E+04
     2086.00  0.147713E+01 0.370857E+03 0.149488E+04
     2096.00  0.146100E+01 0.366253E+03 0.154549E+04
     2106.00  0.144477E+01 0.361658E+03 0.159574E+04
     2116.00  0.142846E+01 0.357071E+03 0.164557E+04
     2126.00  0.141208E+01 0.352494E+03 0.169493E+04
     2136.00  0.139563E+01 0.347928E+03 0.174379E+04
     2146.00  0.137911E+01 0.343376E+03 0.179210E+04
     2156.00  0.136255E+01 0.338837E+03 0.183980E+04
     2166.00  0.134595E+01 0.334313E+03 0.188687E+04
     2176.00  0.132930E+01 0.329806E+03 0.193326E+04
     2186.00  0.131263E+01 0.325316E+03 0.197894E+04
     2196.00  0.129594E+01 0.320844E+03 0.202387E+04
     2206.00  0.127923E+01 0.316392E+03 0.206801E+04
     2216.00  0.126251E+01 0.311960E+03 0.211134E+04
     2226.00  0.124579E+01 0.307550E+03 0.215383E+04
     2236.00  0.122907E+01 0.303162E+03 0.219544E+04
     2246.00  0.121236E+01 0.298798E+03 0.223616E+04
     2256.00  0.119568E+01 0.294458E+03 0.227596E+04
     2266.00  0.117901E+01 0.290143E+03 0.231481E+04
     2276.00  0.116237E+01 0.285854E+03 0.235269E+04
     2286.00  0.114577E+01 0.281592E+03 0.238958E+04
     2296.00  0.112921E+01 0.277357E+03 0.242547E+04
     2306.00  0.111269E+01 0.273151E+03 0.246034E+04
     2316.00  0.109622E+01 0.268973E+03 0.249417E+04
     2326.00  0.107981E+01 0.264825E+03 0.252695E+04
     2336.00  0.106346E+01 0.260708E+03 0.255867E+04
     2346.00  0.104718E+01 0.256621E+03 0.258931E+04
     2356.00  0.103096E+01 0.252566E+03 0.261887E+04
     2366.00  0.101482E+01 0.248544E+03 0.264734E+04
     2376.00  0.998762E+00 0.244553E+03 0.267471E+04
     2386.00  0.982785E+00 0.240596E+03 0.270098E+04
     2396.00  0.966895E+00 0.236673E+03 0.272613E+04
     2406.00  0.951096E+00 0.232784E+03 0.275018E+04
     2416.00  0.935393E+00 0.228930E+03 0.277311E+04
     2426.00  0.919789E+00 0.225110E+03 0.279492E+04
     2436.00  0.904287E+00 0.221326E+03 0.281562E+04
     2446.00  0.888891E+00 0.217577E+03 0.283521E+04
     2456.00  0.873603E+00 0.213865E+03 0.285368E+04
     2466.00  0.858428E+00 0.210189E+03 0.287104E+04
     2476.00  0.843369E+00 0.206550E+03 0.288730E+04
     2486.00  0.828427E+00 0.202947E+03 0.290245E+04
     2496.00  0.813607E+00 0.199382E+03 0.291651E+04
     2506.00  0.798910E+00 0.195855E+03 0.292948E+04
     2516.00  0.784340E+00 0.192365E+03 0.294137E+04
     2526.00  0.769898E+00 0.188913E+03 0.295219E+04
     2536.00  0.755587E+00 0.185499E+03 0.296193E+04
     2546.00  0.741409E+00 0.182123E+03 0.297063E+04
     2556.00  0.727366E+00 0.178786E+03 0.297827E+04
     2566.00  0.713459E+00 0.175487E+03 0.298488E+04
     2576.00  0.699692E+00 0.172226E+03 0.299046E+04
     2586.00  0.686065E+00 0.169004E+03 0.299504E+04
     2596.00  0.672580E+00 0.165821E+03 0.299861E+04
     2606.00  0.659239E+00 0.162676E+03 0.300119E+04
     2616.00  0.646043E+00 0.159570E+03 0.300280E+04
     2626.00  0.632993E+00 0.156503E+03 0.300345E+04
     2636.00  0.620091E+00 0.153474E+03 0.300315E+04
     2646.00  0.607338E+00 0.150485E+03 0.300192E+04
     2656.00  0.594735E+00 0.147533E+03 0.299977E+04
     2666.00  0.582283E+00 0.144621E+03 0.299673E+04
     2676.00  0.569982E+00 0.141747E+03 0.299279E+04
     2686.00  0.557834E+00 0.138912E+03 0.298799E+04
     2696.00  0.545839E+00 0.136115E+03 0.298234E+04
     2706.00  0.533997E+00 0.133356E+03 0.297584E+04
     2716.00  0.522310E+00 0.130636E+03 0.296853E+04
     2726.00  0.510777E+00 0.127953E+03 0.296041E+04
     2736.00  0.499400E+00 0.125309E+03 0.295151E+04
     2746.00  0.488178E+00 0.122703E+03 0.294184E+04
     2756.00  0.477112E+00 0.120134E+03 0.293142E+04
     2766.00  0.466201E+00 0.117602E+03 0.292027E+04
     2776.00  0.455447E+00 0.115108E+03 0.290840E+04
     2786.00  0.444848E+00 0.112652E+03 0.289583E+04
     2796.00  0.434405E+00 0.110232E+03 0.288259E+04
     2806.00  0.424118E+00 0.107849E+03 0.286868E+04
     2816.00  0.413986E+00 0.105502E+03 0.285414E+04
     2826.00  0.404010E+00 0.103192E+03 0.283896E+04
     2836.00  0.394188E+00 0.100918E+03 0.282318E+04
     2846.00  0.384521E+00 0.986795E+02 0.280681E+04
     2856.00  0.375008E+00 0.964768E+02 0.278987E+04
     2866.00  0.365649E+00 0.943096E+02 0.277238E+04
     2876.00  0.356442E+00 0.921775E+02 0.275435E+04
     2886.00  0.347389E+00 0.900802E+02 0.273581E+04
     2896.00  0.338487E+00 0.880176E+02 0.271677E+04
     2906.00  0.329736E+00 0.859893E+02 0.269724E+04
     2916.00  0.321136E+00 0.839951E+02 0.267726E+04
     2926.00  0.312686E+00 0.820346E+02 0.265683E+04
     2936.00  0.304384E+00 0.801076E+02 0.263597E+04
     2946.00  0.296231E+00 0.782138E+02 0.261469E+04
     2956.00  0.288224E+00 0.763529E+02 0.259303E+04
     2966.00  0.280364E+00 0.745245E+02 0.257099E+04
     2976.00  0.272649E+00 0.727284E+02 0.254859E+04
     2986.00  0.265077E+00 0.709643E+02 0.252584E+04
     2996.00  0.257649E+00 0.692318E+02 0.250277E+04
     3006.00  0.250363E+00 0.675307E+02 0.247939E+04
     3016.00  0.243218E+00 0.658605E+02 0.245571E+04
     3026.00  0.236213E+00 0.642211E+02 0.243176E+04
     3036.00  0.229346E+00 0.626121E+02 0.240754E+04
     3046.00  0.222617E+00 0.610331E+02 0.238308E+04
     3056.00  0.216023E+00 0.594838E+02 0.235838E+04
     3066.00  0.209565E+00 0.579639E+02 0.233347E+04
     3076.00  0.203240E+00 0.564730E+02 0.230836E+04
     3086.00  0.197047E+00 0.550109E+02 0.228306E+04
     3096.00  0.190986E+00 0.535771E+02 0.225759E+04
     3106.00  0.185054E+00 0.521714E+02 0.223196E+04
     3116.00  0.179250E+00 0.507934E+02 0.220619E+04
     3126.00  0.173573E+00 0.494427E+02 0.218029E+04
     3136.00  0.168021E+00 0.481191E+02 0.215427E+04
     3146.00  0.162594E+00 0.468222E+02 0.212815E+04
     3156.00  0.157289E+00 0.455516E+02 0.210193E+04
     3166.00  0.152106E+00 0.443071E+02 0.207564E+04
     3176.00  0.147042E+00 0.430882E+02 0.204929E+04
     3186.00  0.142097E+00 0.418947E+02 0.202288E+04
     3196.00  0.137268E+00 0.407261E+02 0.199643E+04
     3206.00  0.132554E+00 0.395822E+02 0.196996E+04
     3216.00  0.127955E+00 0.384627E+02 0.194346E+04
     3226.00  0.123468E+00 0.373671E+02 0.191696E+04
     3236.00  0.119091E+00 0.362951E+02 0.189047E+04
     3246.00  0.114824E+00 0.352464E+02 0.186399E+04
     3256.00  0.110664E+00 0.342207E+02 0.183753E+04
     3266.00  0.106611E+00 0.332177E+02 0.181111E+04
     3276.00  0.102662E+00 0.322369E+02 0.178474E+04
     3286.00  0.988167E-01 0.312781E+02 0.175842E+04
     3296.00  0.950728E-01 0.303410E+02 0.173217E+04
     3306.00  0.914290E-01 0.294251E+02 0.170599E+04
     3316.00  0.878836E-01 0.285303E+02 0.167990E+04
     3326.00  0.844353E-01 0.276560E+02 0.165390E+04
     3336.00  0.810823E-01 0.268022E+02 0.162799E+04
     3346.00  0.778233E-01 0.259683E+02 0.160220E+04
     3356.00  0.746566E-01 0.251541E+02 0.157652E+04
     3366.00  0.715807E-01 0.243593E+02 0.155096E+04
     3376.00  0.685941E-01 0.235835E+02 0.152554E+04
     3386.00  0.656952E-01 0.228264E+02 0.150025E+04
     3396.00  0.628826E-01 0.220878E+02 0.147511E+04
     3406.00  0.601547E-01 0.213673E+02 0.145012E+04
     3416.00  0.575099E-01 0.206646E+02 0.142529E+04
     3426.00  0.549468E-01 0.199794E+02 0.140062E+04
     3436.00  0.524640E-01 0.193114E+02 0.137612E+04
     3446.00  0.500598E-01 0.186603E+02 0.135180E+04
     3456.00  0.477328E-01 0.180258E+02 0.132766E+04
     3466.00  0.454815E-01 0.174076E+02 0.130371E+04
     3476.00  0.433045E-01 0.168054E+02 0.127994E+04
     3486.00  0.412003E-01 0.162189E+02 0.125638E+04
     3496.00  0.391674E-01 0.156479E+02 0.123301E+04
     3506.00  0.372045E-01 0.150920E+02 0.120985E+04
     3516.00  0.353100E-01 0.145510E+02 0.118690E+04
     3526.00  0.334825E-01 0.140246E+02 0.116416E+04
     3536.00  0.317206E-01 0.135125E+02 0.114164E+04
     3546.00  0.300230E-01 0.130144E+02 0.111934E+04
     3556.00  0.283883E-01 0.125301E+02 0.109726E+04
     3566.00  0.268150E-01 0.120593E+02 0.107541E+04
     3576.00  0.253018E-01 0.116018E+02 0.105379E+04
     3586.00  0.238474E-01 0.111573E+02 0.103241E+04
     3596.00  0.224504E-01 0.107254E+02 0.101126E+04
     3606.00  0.211094E-01 0.103061E+02 0.990343E+03
     3616.00  0.198233E-01 0.989895E+01 0.969671E+03
     3626.00  0.185906E-01 0.950379E+01 0.949241E+03
     3636.00  0.174101E-01 0.912035E+01 0.929056E+03
     3646.00  0.162805E-01 0.874840E+01 0.909117E+03
     3656.00  0.152006E-01 0.838768E+01 0.889425E+03
     3666.00  0.141690E-01 0.803798E+01 0.869983E+03
     3676.00  0.131847E-01 0.769904E+01 0.850791E+03
     3686.00  0.122463E-01 0.737065E+01 0.831850E+03
     3696.00  0.113526E-01 0.705257E+01 0.813162E+03
     3706.00  0.105026E-01 0.674459E+01 0.794727E+03
     3716.00  0.969491E-02 0.644647E+01 0.776547E+03
     3726.00  0.892849E-02 0.615800E+01 0.758620E+03
     3736.00  0.820217E-02 0.587897E+01 0.740949E+03
     3746.00  0.751483E-02 0.560917E+01 0.723534E+03
     3756.00  0.686535E-02 0.534838E+01 0.706373E+03
     3766.00  0.625264E-02 0.509640E+01 0.689469E+03
     3776.00  0.567562E-02 0.485303E+01 0.672819E+03
     3786.00  0.513322E-02 0.461807E+01 0.656425E+03
     3796.00  0.462439E-02 0.439132E+01 0.640286E+03
     3806.00  0.414811E-02 0.417258E+01 0.624402E+03
     3816.00  0.370334E-02 0.396167E+01 0.608771E+03
     3826.00  0.328910E-02 0.375841E+01 0.593394E+03
     3836.00  0.290440E-02 0.356259E+01 0.578269E+03
     3846.00  0.254826E-02 0.337405E+01 0.563396E+03
     3856.00  0.221973E-02 0.319260E+01 0.548774E+03
     3866.00  0.191787E-02 0.301807E+01 0.534401E+03
     3876.00  0.164176E-02 0.285029E+01 0.520278E+03
     3886.00  0.139049E-02 0.268908E+01 0.506402E+03
     3896.00  0.116317E-02 0.253428E+01 0.492772E+03
     3906.00  0.958928E-03 0.238572E+01 0.479387E+03
     3916.00  0.776899E-03 0.224325E+01 0.466246E+03
     3926.00  0.616241E-03 0.210669E+01 0.453347E+03
     3936.00  0.476124E-03 0.197591E+01 0.440688E+03
     3946.00  0.355737E-03 0.185074E+01 0.428268E+03
     3956.00  0.254281E-03 0.173104E+01 0.416085E+03
     3966.00  0.170974E-03 0.161665E+01 0.404137E+03
     3976.00  0.105050E-03 0.150743E+01 0.392423E+03
     3986.00  0.557566E-04 0.140324E+01 0.380941E+03
     3996.00  0.223591E-04 0.130395E+01 0.369688E+03
     4006.00  0.413592E-05 0.120940E+01 0.358663E+03
     4016.00  0.381495E-06 0.111947E+01 0.347864E+03
     4026.00  0.104050E-04 0.103403E+01 0.337288E+03
     4036.00  0.335307E-04 0.952943E+00 0.326934E+03
     4046.00  0.690975E-04 0.876087E+00 0.316799E+03
     4056.00  0.116459E-03 0.803337E+00 0.306881E+03
     4066.00  0.174984E-03 0.734571E+00 0.297179E+03
     4076.00  0.244055E-03 0.669668E+00 0.287689E+03
     4086.00  0.323069E-03 0.608513E+00 0.278409E+03
     4096.00  0.411439E-03 0.550991E+00 0.269337E+03
     4106.00  0.508589E-03 0.496988E+00 0.260471E+03
     4116.00  0.613960E-03 0.446395E+00 0.251808E+03
     4126.00  0.727005E-03 0.399105E+00 0.243345E+03
     4136.00  0.847193E-03 0.355012E+00 0.235081E+03
     4146.00  0.974003E-03 0.314012E+00 0.227013E+03
     4156.00  0.110693E-02 0.276005E+00 0.219139E+03
     4166.00  0.124549E-02 0.240892E+00 0.211455E+03
     4176.00  0.138919E-02 0.208576E+00 0.203959E+03
     4186.00  0.153758E-02 0.178963E+00 0.196649E+03
     4196.00  0.169019E-02 0.151959E+00 0.189523E+03
     4206.00  0.184660E-02 0.127476E+00 0.182577E+03
     4216.00  0.200637E-02 0.105424E+00 0.175810E+03
     4226.00  0.216910E-02 0.857170E-01 0.169218E+03
     4236.00  0.233437E-02 0.682708E-01 0.162799E+03
     4246.00  0.250180E-02 0.530029E-01 0.156550E+03
     4256.00  0.267102E-02 0.398328E-01 0.150470E+03
     4266.00  0.284165E-02 0.286820E-01 0.144554E+03
     4276.00  0.301335E-02 0.194737E-01 0.138801E+03
     4286.00  0.318577E-02 0.121329E-01 0.133208E+03
     4296.00  0.335858E-02 0.658680E-02 0.127773E+03
     4306.00  0.353147E-02 0.276392E-02 0.122493E+03
     4316.00  0.370412E-02 0.594775E-03 0.117365E+03
     4326.00  0.387625E-02 0.115547E-04 0.112386E+03
     4336.00  0.404755E-02 0.948149E-03 0.107555E+03
     4346.00  0.421777E-02 0.334012E-02 0.102868E+03
     4356.00  0.438664E-02 0.712467E-02 0.983238E+02
     4366.00  0.455390E-02 0.122406E-01 0.939189E+02
     4376.00  0.471931E-02 0.186284E-01 0.896509E+02
     4386.00  0.488263E-02 0.262299E-01 0.855174E+02
     4396.00  0.504365E-02 0.349887E-01 0.815160E+02
     4406.00  0.520216E-02 0.448499E-01 0.776440E+02
     4416.00  0.535793E-02 0.557598E-01 0.738991E+02
     4426.00  0.551079E-02 0.676666E-01 0.702788E+02
     4436.00  0.566055E-02 0.805194E-01 0.667806E+02
     4446.00  0.580703E-02 0.942692E-01 0.634021E+02
     4456.00  0.595007E-02 0.108868E+00 0.601410E+02
     4466.00  0.608951E-02 0.124270E+00 0.569947E+02
     4476.00  0.622520E-02 0.140429E+00 0.539611E+02
     4486.00  0.635699E-02 0.157301E+00 0.510376E+02
     4511.00  0.666862E-02 0.202329E+00 0.441957E+02
     4536.00  0.695330E-02 0.250923E+00 0.379924E+02
     4561.00  0.720949E-02 0.302499E+00 0.323924E+02
     4586.00  0.743598E-02 0.356517E+00 0.273620E+02
     4611.00  0.763180E-02 0.412478E+00 0.228677E+02
     4636.00  0.779625E-02 0.469926E+00 0.188776E+02
     4661.00  0.792889E-02 0.528439E+00 0.153604E+02
     4686.00  0.802953E-02 0.587634E+00 0.122859E+02
     4711.00  0.809816E-02 0.647160E+00 0.962508E+01
     4736.00  0.813502E-02 0.706700E+00 0.734976E+01
     4761.00  0.814052E-02 0.765965E+00 0.543292E+01
     4786.00  0.811527E-02 0.824696E+00 0.384857E+01
     4811.00  0.806003E-02 0.882661E+00 0.257175E+01
     4836.00  0.797573E-02 0.939651E+00 0.157858E+01
     4861.00  0.786346E-02 0.995481E+00 0.846210E+00
     4886.00  0.772441E-02 0.104999E+01 0.352806E+00
     4911.00  0.755993E-02 0.110304E+01 0.775717E-01
     4936.00  0.737147E-02 0.115450E+01 0.708474E-03
     4961.00  0.716057E-02 0.120427E+01 0.103408E+00
     4986.00  0.692889E-02 0.125227E+01 0.367831E+00
     5011.00  0.667814E-02 0.129841E+01 0.777090E+00
     5036.00  0.641013E-02 0.134264E+01 0.131523E+01
     5061.00  0.612673E-02 0.138493E+01 0.196718E+01
     5086.00  0.582986E-02 0.142522E+01 0.271879E+01
     5111.00  0.552151E-02 0.146351E+01 0.355674E+01
     5136.00  0.520368E-02 0.149977E+01 0.446854E+01
     5161.00  0.487841E-02 0.153401E+01 0.544251E+01
     5186.00  0.454780E-02 0.156624E+01 0.646777E+01
     5211.00  0.421392E-02 0.159646E+01 0.753415E+01
     5236.00  0.387890E-02 0.162470E+01 0.863224E+01
     5261.00  0.354484E-02 0.165099E+01 0.975331E+01
     5286.00  0.321387E-02 0.167535E+01 0.108893E+02
     5311.00  0.288809E-02 0.169783E+01 0.120328E+02
     5336.00  0.256962E-02 0.171847E+01 0.131770E+02
     5361.00  0.226054E-02 0.173731E+01 0.143156E+02
     5386.00  0.196293E-02 0.175440E+01 0.154431E+02
     5411.00  0.167885E-02 0.176979E+01 0.165542E+02
     5436.00  0.141031E-02 0.178354E+01 0.176444E+02
     5461.00  0.115932E-02 0.179571E+01 0.187095E+02
     5511.00  0.717789E-03 0.181551E+01 0.207500E+02
     5561.00  0.369524E-03 0.182969E+01 0.226513E+02
     5611.00  0.129120E-03 0.183873E+01 0.243949E+02
     5661.00  0.104418E-04 0.184311E+01 0.259678E+02
     5711.00  0.265573E-04 0.184334E+01 0.273617E+02
     5761.00  0.189695E-03 0.183989E+01 0.285723E+02
     5811.00  0.511207E-03 0.183321E+01 0.295988E+02
     5861.00  0.100155E-02 0.182377E+01 0.304435E+02
     5911.00  0.167025E-02 0.181198E+01 0.311109E+02
     5961.00  0.252594E-02 0.179824E+01 0.316076E+02
     6011.00  0.357632E-02 0.178293E+01 0.319419E+02
     6061.00  0.482817E-02 0.176642E+01 0.321231E+02
     6111.00  0.628740E-02 0.174901E+01 0.321618E+02
     6161.00  0.795901E-02 0.173103E+01 0.320687E+02
     6211.00  0.984719E-02 0.171275E+01 0.318554E+02
     6261.00  0.119553E-01 0.169443E+01 0.315333E+02
     6311.00  0.142859E-01 0.167629E+01 0.311140E+02
     6361.00  0.168408E-01 0.165857E+01 0.306088E+02
     6411.00  0.196211E-01 0.164143E+01 0.300288E+02
     6461.00  0.226272E-01 0.162507E+01 0.293846E+02
     6511.00  0.258588E-01 0.160963E+01 0.286864E+02
     6561.00  0.293153E-01 0.159525E+01 0.279438E+02
     6611.00  0.329951E-01 0.158205E+01 0.271658E+02
     6661.00  0.368964E-01 0.157015E+01 0.263608E+02
     6711.00  0.410167E-01 0.155965E+01 0.255366E+02
     6761.00  0.453534E-01 0.155062E+01 0.247003E+02
     6811.00  0.499032E-01 0.154316E+01 0.238583E+02
     6861.00  0.546625E-01 0.153731E+01 0.230165E+02
     6911.00  0.596274E-01 0.153316E+01 0.221800E+02
     6961.00  0.647938E-01 0.153074E+01 0.213535E+02
     7011.00  0.701573E-01 0.153010E+01 0.205410E+02
     7061.00  0.757133E-01 0.153130E+01 0.197459E+02
     7111.00  0.814569E-01 0.153436E+01 0.189713E+02
     7161.00  0.873831E-01 0.153931E+01 0.182196E+02
     7211.00  0.934868E-01 0.154620E+01 0.174929E+02
     7261.00  0.997629E-01 0.155504E+01 0.167929E+02
     7311.00  0.106206E+00 0.156587E+01 0.161209E+02
     7361.00  0.112811E+00 0.157870E+01 0.154778E+02
     7411.00  0.119572E+00 0.159356E+01 0.148644E+02
     7511.00  0.133544E+00 0.162944E+01 0.137279E+02
     7611.00  0.148077E+00 0.167367E+01 0.127123E+02
     7711.00  0.163131E+00 0.172637E+01 0.118155E+02
     7811.00  0.178664E+00 0.178765E+01 0.110334E+02
     7911.00  0.194639E+00 0.185763E+01 0.103610E+02
     8011.00  0.211018E+00 0.193639E+01 0.979214E+01
     8111.00  0.227766E+00 0.202398E+01 0.932061E+01
     8211.00  0.244850E+00 0.212046E+01 0.894017E+01
     8311.00  0.262239E+00 0.222584E+01 0.864486E+01
     8411.00  0.279906E+00 0.234010E+01 0.842915E+01
     8511.00  0.297823E+00 0.246320E+01 0.828804E+01
     8611.00  0.315967E+00 0.259504E+01 0.821710E+01
     8711.00  0.334317E+00 0.273551E+01 0.821244E+01
     8811.00  0.352851E+00 0.288444E+01 0.827071E+01
     8911.00  0.371554E+00 0.304163E+01 0.838900E+01
     9011.00  0.390408E+00 0.320684E+01 0.856479E+01
     9111.00  0.409398E+00 0.337977E+01 0.879587E+01
     9211.00  0.428512E+00 0.356011E+01 0.908026E+01
     9311.00  0.447739E+00 0.374748E+01 0.941614E+01
     9411.00  0.467066E+00 0.394147E+01 0.980177E+01
     9511.00  0.486485E+00 0.414167E+01 0.102354E+02
     9611.00  0.505988E+00 0.434759E+01 0.107153E+02
     9711.00  0.525566E+00 0.455873E+01 0.112396E+02
     9811.00  0.545211E+00 0.477458E+01 0.118064E+02
     9911.00  0.564916E+00 0.499456E+01 0.124135E+02
    10011.00  0.584675E+00 0.521813E+01 0.130586E+02
    10111.00  0.604481E+00 0.544469E+01 0.137394E+02
    10211.00  0.624328E+00 0.567364E+01 0.144532E+02
    10311.00  0.644209E+00 0.590439E+01 0.151973E+02
    10411.00  0.664116E+00 0.613630E+01 0.159687E+02
    10511.00  0.684044E+00 0.636878E+01 0.167645E+02
    10611.00  0.703983E+00 0.660118E+01 0.175814E+02
    10711.00  0.723927E+00 0.683292E+01 0.184163E+02
    10811.00  0.743868E+00 0.706337E+01 0.192659E+02
    10911.00  0.763796E+00 0.729194E+01 0.201267E+02
    11011.00  0.783704E+00 0.751804E+01 0.209954E+02
    11111.00  0.803580E+00 0.774110E+01 0.218687E+02
    11211.00  0.823414E+00 0.796055E+01 0.227431E+02
    11311.00  0.843194E+00 0.817586E+01 0.236155E+02
    11411.00  0.862908E+00 0.838648E+01 0.244825E+02
    11511.00  0.882545E+00 0.859194E+01 0.253411E+02
    11611.00  0.902091E+00 0.879176E+01 0.261883E+02
    11711.00  0.921532E+00 0.898546E+01 0.270211E+02
    11811.00  0.940853E+00 0.917262E+01 0.278367E+02
    11911.00  0.960037E+00 0.935283E+01 0.286326E+02
    12011.00  0.979069E+00 0.952569E+01 0.294062E+02
    12111.00  0.997932E+00 0.969088E+01 0.301552E+02
    12211.00  0.101661E+01 0.984803E+01 0.308775E+02
    12311.00  0.103508E+01 0.999686E+01 0.315712E+02
    12411.00  0.105333E+01 0.101371E+02 0.322343E+02
    12511.00  0.107133E+01 0.102685E+02 0.328652E+02
    12611.00  0.108907E+01 0.103908E+02 0.334626E+02
    12711.00  0.110652E+01 0.105038E+02 0.340250E+02
    12811.00  0.112367E+01 0.106075E+02 0.345513E+02
    12911.00  0.114050E+01 0.107015E+02 0.350406E+02
    13011.00  0.115697E+01 0.107858E+02 0.354920E+02
    13111.00  0.117307E+01 0.108604E+02 0.359050E+02
    13211.00  0.118878E+01 0.109251E+02 0.362789E+02
    13311.00  0.120407E+01 0.109800E+02 0.366133E+02
    13411.00  0.121892E+01 0.110249E+02 0.369082E+02
    13511.00  0.123331E+01 0.110600E+02 0.371632E+02
    13611.00  0.124721E+01 0.110851E+02 0.373785E+02
    13711.00  0.126060E+01 0.111005E+02 0.375542E+02
    13811.00  0.127346E+01 0.111062E+02 0.376905E+02
    13911.00  0.128577E+01 0.111022E+02 0.377877E+02
    14011.00  0.129749E+01 0.110887E+02 0.378463E+02
    14111.00  0.130862E+01 0.110657E+02 0.378668E+02
    14211.00  0.131912E+01 0.110336E+02 0.378498E+02
    14311.00  0.132898E+01 0.109924E+02 0.377961E+02
    14411.00  0.133817E+01 0.109422E+02 0.377062E+02
    14511.00  0.134667E+01 0.108834E+02 0.375812E+02
    14611.00  0.135447E+01 0.108161E+02 0.374218E+02
    14711.00  0.136154E+01 0.107406E+02 0.372290E+02
    14811.00  0.136787E+01 0.106570E+02 0.370038E+02
    14911.00  0.137343E+01 0.105657E+02 0.367473E+02
    15011.00  0.137822E+01 0.104668E+02 0.364605E+02
    15111.00  0.138221E+01 0.103608E+02 0.361445E+02
    15211.00  0.138538E+01 0.102478E+02 0.358005E+02
    15311.00  0.138773E+01 0.101281E+02 0.354296E+02
    15411.00  0.138925E+01 0.100021E+02 0.350331E+02
    15511.00  0.138991E+01 0.987000E+01 0.346122E+02
    15611.00  0.138972E+01 0.973214E+01 0.341682E+02
    15711.00  0.138866E+01 0.958883E+01 0.337022E+02
    15811.00  0.138672E+01 0.944040E+01 0.332156E+02
    15911.00  0.138390E+01 0.928714E+01 0.327096E+02
    16011.00  0.138019E+01 0.912938E+01 0.321855E+02
    16111.00  0.137559E+01 0.896744E+01 0.316446E+02
    16211.00  0.137009E+01 0.880163E+01 0.310882E+02
    16311.00  0.136371E+01 0.863229E+01 0.305175E+02
    16411.00  0.135643E+01 0.845973E+01 0.299339E+02
    16511.00  0.134826E+01 0.828425E+01 0.293384E+02
    16611.00  0.133921E+01 0.810617E+01 0.287325E+02
    16711.00  0.132928E+01 0.792582E+01 0.281173E+02
    16811.00  0.131848E+01 0.774348E+01 0.274940E+02
    16911.00  0.130681E+01 0.755945E+01 0.268638E+02
    17011.00  0.129430E+01 0.737405E+01 0.262278E+02
    17111.00  0.128094E+01 0.718755E+01 0.255873E+02
    17211.00  0.126676E+01 0.700024E+01 0.249432E+02
    17311.00  0.125178E+01 0.681241E+01 0.242967E+02
    17411.00  0.123600E+01 0.662431E+01 0.236488E+02
    17511.00  0.121945E+01 0.643621E+01 0.230004E+02
    17611.00  0.120215E+01 0.624838E+01 0.223527E+02
    17711.00  0.118412E+01 0.606105E+01 0.217065E+02
    17811.00  0.116538E+01 0.587445E+01 0.210627E+02
    17911.00  0.114596E+01 0.568884E+01 0.204222E+02
    18011.00  0.112589E+01 0.550443E+01 0.197858E+02
    18111.00  0.110518E+01 0.532142E+01 0.191543E+02
    18211.00  0.108388E+01 0.514003E+01 0.185285E+02
    18311.00  0.106202E+01 0.496045E+01 0.179090E+02
    18411.00  0.103961E+01 0.478285E+01 0.172965E+02
    18511.00  0.101670E+01 0.460742E+01 0.166917E+02
    18611.00  0.993323E+00 0.443433E+01 0.160951E+02
    18711.00  0.969506E+00 0.426372E+01 0.155072E+02
    18811.00  0.945287E+00 0.409574E+01 0.149286E+02
    18911.00  0.920704E+00 0.393053E+01 0.143598E+02
    19011.00  0.895794E+00 0.376823E+01 0.138012E+02
    19111.00  0.870591E+00 0.360893E+01 0.132531E+02
    19311.00  0.819470E+00 0.329982E+01 0.121901E+02
    19511.00  0.767647E+00 0.300396E+01 0.111731E+02
    19711.00  0.715442E+00 0.272196E+01 0.102040E+02
    19911.00  0.663171E+00 0.245432E+01 0.928410E+01
    20111.00  0.611151E+00 0.220138E+01 0.841433E+01
    20311.00  0.559697E+00 0.196340E+01 0.759505E+01
    20511.00  0.509114E+00 0.174048E+01 0.682623E+01
    20711.00  0.459703E+00 0.153266E+01 0.610754E+01
    20911.00  0.411749E+00 0.133985E+01 0.543826E+01
    21111.00  0.365525E+00 0.116190E+01 0.481743E+01
    21311.00  0.321287E+00 0.998576E+00 0.424381E+01
    21511.00  0.279273E+00 0.849568E+00 0.371599E+01
    21711.00  0.239698E+00 0.714515E+00 0.323238E+01
    21911.00  0.202758E+00 0.593002E+00 0.279124E+01
    22111.00  0.168623E+00 0.484571E+00 0.239076E+01
    22311.00  0.137437E+00 0.388726E+00 0.202905E+01
    22511.00  0.109320E+00 0.304946E+00 0.170418E+01
    22711.00  0.843642E-01 0.232684E+00 0.141420E+01
    22911.00  0.626338E-01 0.171378E+00 0.115718E+01
    23111.00  0.441662E-01 0.120454E+00 0.931203E+00
    23311.00  0.289713E-01 0.793312E-01 0.734402E+00
    23511.00  0.170321E-01 0.474284E-01 0.564962E+00
    23711.00  0.830501E-02 0.241644E-01 0.421128E+00
    23911.00  0.272120E-02 0.896368E-02 0.301223E+00
    24111.00  0.187299E-03 0.125835E-02 0.203641E+00
    24311.00  0.587039E-03 0.490819E-03 0.126859E+00
    24511.00  0.378268E-02 0.611563E-02 0.694313E-01
    24711.00  0.961678E-02 0.176012E-01 0.299923E-01
    24911.00  0.179141E-01 0.344308E-01 0.725361E-02
    25111.00  0.284835E-01 0.561039E-01 0.363252E-06
    25311.00  0.411204E-01 0.821365E-01 0.708693E-02
    25511.00  0.556087E-01 0.112061E+00 0.274320E-01
    25711.00  0.717230E-01 0.145429E+00 0.600132E-01
    25911.00  0.892315E-01 0.181807E+00 0.103861E+00
    26111.00  0.107898E+00 0.220779E+00 0.158054E+00
    26311.00  0.127483E+00 0.261947E+00 0.221709E+00
    26511.00  0.147748E+00 0.304930E+00 0.293982E+00
    26711.00  0.168458E+00 0.349359E+00 0.374055E+00
    26911.00  0.189380E+00 0.394887E+00 0.461139E+00



