
          5         5        13       781C   C   D    0.822591500D+05
 E STATE HAS LABEL C   
 VIBRATIONAL LEVELS FOR STATE E IN 1/CM FOR J=  4
     -18684.32533    -16406.78053    -14262.67486    -12249.56881
    -10365.77606     -8611.07248     -6986.64508     -5495.37995
     -4142.09683     -2934.48667     -1884.56563     -1009.95702
      -338.67241
 PROPORTION OF STATE C   
  0.999998E+00 0.999994E+00 0.999991E+00 0.999989E+00 0.999987E+00
  0.999986E+00 0.999986E+00 0.999985E+00 0.999986E+00 0.999986E+00
  0.999987E+00 0.999988E+00 0.999991E+00
 PROPORTION OF STATE D   
  0.181946E-05 0.588552E-05 0.905223E-05 0.113997E-04 0.130222E-04
  0.140170E-04 0.144988E-04 0.145741E-04 0.143271E-04 0.138736E-04
  0.129872E-04 0.116877E-04 0.937839E-05
 TABLE FOR EMISSION PROBABILITIES   E(J=  4,IE) ==>F(J=  4,IF)
         IE==>      0            1            2            3
        1.00  0.444344E-02 0.148612E+00 0.936966E+00 0.730706E+03
        2.00  0.229946E-02 0.767779E-01 0.485775E+00 0.377282E+03
        3.00  0.399726E-02 0.133245E+00 0.846004E+00 0.654362E+03
        4.00  0.654226E-02 0.217717E+00 0.138719E+01 0.106856E+04
        5.00  0.984306E-02 0.327017E+00 0.209089E+01 0.160404E+04
        6.00  0.138408E-01 0.459071E+00 0.294547E+01 0.225042E+04
        7.00  0.184696E-01 0.611577E+00 0.393764E+01 0.299621E+04
        8.00  0.236558E-01 0.782003E+00 0.505243E+01 0.382883E+04
        9.00  0.293209E-01 0.967664E+00 0.627365E+01 0.473500E+04
       10.00  0.353834E-01 0.116580E+01 0.758438E+01 0.570107E+04
       11.00  0.417614E-01 0.137365E+01 0.896747E+01 0.671345E+04
       12.00  0.483752E-01 0.158855E+01 0.104061E+02 0.775902E+04
       13.00  0.551502E-01 0.180801E+01 0.118845E+02 0.882560E+04
       14.00  0.620188E-01 0.202981E+01 0.133882E+02 0.990224E+04
       15.00  0.689219E-01 0.225199E+01 0.149045E+02 0.109794E+05
       16.00  0.758088E-01 0.247289E+01 0.164224E+02 0.120491E+05
       17.00  0.826369E-01 0.269114E+01 0.179327E+02 0.131045E+05
       18.00  0.893706E-01 0.290559E+01 0.194276E+02 0.141401E+05
       19.00  0.959806E-01 0.311530E+01 0.209005E+02 0.151514E+05
       20.00  0.102443E+00 0.331952E+01 0.223460E+02 0.161348E+05
       21.00  0.108739E+00 0.351766E+01 0.237599E+02 0.170875E+05
       22.00  0.114853E+00 0.370929E+01 0.251387E+02 0.180073E+05
       23.00  0.120776E+00 0.389408E+01 0.264799E+02 0.188928E+05
       24.00  0.126500E+00 0.407184E+01 0.277817E+02 0.197431E+05
       25.00  0.132021E+00 0.424250E+01 0.290430E+02 0.205579E+05
       26.00  0.137340E+00 0.440606E+01 0.302636E+02 0.213374E+05
       27.00  0.142456E+00 0.456260E+01 0.314433E+02 0.220819E+05
       28.00  0.147374E+00 0.471226E+01 0.325828E+02 0.227921E+05
       29.00  0.152098E+00 0.485521E+01 0.336828E+02 0.234691E+05
       30.00  0.156633E+00 0.499166E+01 0.347442E+02 0.241137E+05
       31.00  0.160984E+00 0.512181E+01 0.357680E+02 0.247272E+05
       32.00  0.165159E+00 0.524589E+01 0.367554E+02 0.253106E+05
       33.00  0.169163E+00 0.536412E+01 0.377077E+02 0.258650E+05
       34.00  0.173002E+00 0.547674E+01 0.386259E+02 0.263917E+05
       35.00  0.176683E+00 0.558397E+01 0.395113E+02 0.268917E+05
       36.00  0.180212E+00 0.568603E+01 0.403651E+02 0.273662E+05
       37.00  0.183595E+00 0.578314E+01 0.411886E+02 0.278163E+05
       38.00  0.186839E+00 0.587553E+01 0.419830E+02 0.282432E+05
       39.00  0.189950E+00 0.596342E+01 0.427496E+02 0.286478E+05
       40.00  0.192934E+00 0.604702E+01 0.434897E+02 0.290313E+05
       42.00  0.198545E+00 0.620222E+01 0.448949E+02 0.297393E+05
       44.00  0.203721E+00 0.634275E+01 0.462085E+02 0.303751E+05
       46.00  0.208503E+00 0.647008E+01 0.474391E+02 0.309461E+05
       48.00  0.212932E+00 0.658555E+01 0.485947E+02 0.314588E+05
       50.00  0.217040E+00 0.669029E+01 0.496823E+02 0.319190E+05
       52.00  0.220857E+00 0.678533E+01 0.507079E+02 0.323317E+05
       54.00  0.224409E+00 0.687156E+01 0.516770E+02 0.327012E+05
       56.00  0.227720E+00 0.694980E+01 0.525944E+02 0.330317E+05
       58.00  0.230813E+00 0.702079E+01 0.534647E+02 0.333269E+05
       60.00  0.233708E+00 0.708522E+01 0.542922E+02 0.335900E+05
       62.00  0.236422E+00 0.714372E+01 0.550809E+02 0.338243E+05
       64.00  0.238975E+00 0.719686E+01 0.558343E+02 0.340325E+05
       66.00  0.241379E+00 0.724514E+01 0.565555E+02 0.342171E+05
       68.00  0.243649E+00 0.728899E+01 0.572474E+02 0.343802E+05
       70.00  0.245796E+00 0.732879E+01 0.579121E+02 0.345236E+05
       72.00  0.247829E+00 0.736488E+01 0.585519E+02 0.346491E+05
       74.00  0.249757E+00 0.739754E+01 0.591685E+02 0.347580E+05
       76.00  0.251589E+00 0.742705E+01 0.597635E+02 0.348516E+05
       78.00  0.253331E+00 0.745365E+01 0.603387E+02 0.349313E+05
       80.00  0.254990E+00 0.747758E+01 0.608954E+02 0.349981E+05
       82.00  0.256574E+00 0.749906E+01 0.614350E+02 0.350531E+05
       84.00  0.258088E+00 0.751828E+01 0.619588E+02 0.350973E+05
       86.00  0.259538E+00 0.753542E+01 0.624680E+02 0.351316E+05
       88.00  0.260929E+00 0.755066E+01 0.629638E+02 0.351568E+05
       90.00  0.262264E+00 0.756414E+01 0.634469E+02 0.351735E+05
       92.00  0.263549E+00 0.757597E+01 0.639182E+02 0.351825E+05
       94.00  0.264786E+00 0.758628E+01 0.643785E+02 0.351841E+05
       96.00  0.265978E+00 0.759516E+01 0.648283E+02 0.351791E+05
       98.00  0.267128E+00 0.760270E+01 0.652681E+02 0.351676E+05
      100.00  0.268238E+00 0.760898E+01 0.656985E+02 0.351503E+05
      102.00  0.269311E+00 0.761408E+01 0.661200E+02 0.351273E+05
      104.00  0.270348E+00 0.761806E+01 0.665329E+02 0.350992E+05
      106.00  0.271352E+00 0.762102E+01 0.669379E+02 0.350662E+05
      108.00  0.272325E+00 0.762300E+01 0.673353E+02 0.350287E+05
      110.00  0.273270E+00 0.762409E+01 0.677255E+02 0.349871E+05
      112.00  0.274187E+00 0.762433E+01 0.681091E+02 0.349415E+05
      114.00  0.275079E+00 0.762379E+01 0.684863E+02 0.348924E+05
      116.00  0.275947E+00 0.762251E+01 0.688574E+02 0.348398E+05
      118.00  0.276793E+00 0.762054E+01 0.692228E+02 0.347840E+05
      122.00  0.278421E+00 0.761466E+01 0.699372E+02 0.346637E+05
      126.00  0.279970E+00 0.760640E+01 0.706309E+02 0.345327E+05
      130.00  0.281447E+00 0.759599E+01 0.713053E+02 0.343919E+05
      134.00  0.282859E+00 0.758364E+01 0.719617E+02 0.342426E+05
      138.00  0.284211E+00 0.756956E+01 0.726015E+02 0.340857E+05
      142.00  0.285511E+00 0.755395E+01 0.732262E+02 0.339222E+05
      146.00  0.286764E+00 0.753699E+01 0.738368E+02 0.337529E+05
      150.00  0.287974E+00 0.751883E+01 0.744344E+02 0.335785E+05
      154.00  0.289145E+00 0.749958E+01 0.750197E+02 0.333997E+05
      158.00  0.290279E+00 0.747933E+01 0.755933E+02 0.332168E+05
      162.00  0.291380E+00 0.745817E+01 0.761556E+02 0.330302E+05
      166.00  0.292450E+00 0.743619E+01 0.767073E+02 0.328405E+05
      170.00  0.293491E+00 0.741348E+01 0.772490E+02 0.326480E+05
      174.00  0.294508E+00 0.739014E+01 0.777815E+02 0.324532E+05
      178.00  0.295502E+00 0.736624E+01 0.783053E+02 0.322565E+05
      182.00  0.296476E+00 0.734186E+01 0.788209E+02 0.320581E+05
      186.00  0.297432E+00 0.731704E+01 0.793288E+02 0.318584E+05
      190.00  0.298371E+00 0.729184E+01 0.798291E+02 0.316575E+05
      194.00  0.299294E+00 0.726627E+01 0.803222E+02 0.314556E+05
      198.00  0.300202E+00 0.724039E+01 0.808081E+02 0.312529E+05
      202.00  0.301096E+00 0.721421E+01 0.812871E+02 0.310495E+05
      206.00  0.301978E+00 0.718779E+01 0.817596E+02 0.308456E+05
      210.00  0.302848E+00 0.716115E+01 0.822259E+02 0.306414E+05
      214.00  0.303709E+00 0.713435E+01 0.826861E+02 0.304370E+05
      218.00  0.304560E+00 0.710739E+01 0.831407E+02 0.302326E+05
      222.00  0.305404E+00 0.708031E+01 0.835896E+02 0.300282E+05
      226.00  0.306239E+00 0.705312E+01 0.840330E+02 0.298240E+05
      230.00  0.307067E+00 0.702582E+01 0.844709E+02 0.296200E+05
      234.00  0.307888E+00 0.699843E+01 0.849033E+02 0.294161E+05
      238.00  0.308701E+00 0.697095E+01 0.853303E+02 0.292126E+05
      242.00  0.309507E+00 0.694340E+01 0.857519E+02 0.290093E+05
      246.00  0.310308E+00 0.691579E+01 0.861683E+02 0.288064E+05
      250.00  0.311102E+00 0.688814E+01 0.865795E+02 0.286040E+05
      254.00  0.311892E+00 0.686046E+01 0.869858E+02 0.284021E+05
      258.00  0.312677E+00 0.683277E+01 0.873871E+02 0.282008E+05
      262.00  0.313457E+00 0.680507E+01 0.877836E+02 0.280001E+05
      266.00  0.314233E+00 0.677737E+01 0.881753E+02 0.278000E+05
      270.00  0.315005E+00 0.674966E+01 0.885620E+02 0.276006E+05
      274.00  0.315772E+00 0.672196E+01 0.889440E+02 0.274017E+05
      282.00  0.317294E+00 0.666657E+01 0.896932E+02 0.270061E+05
      290.00  0.318800E+00 0.661126E+01 0.904232E+02 0.266134E+05
      298.00  0.320293E+00 0.655608E+01 0.911348E+02 0.262238E+05
      306.00  0.321777E+00 0.650110E+01 0.918285E+02 0.258376E+05
      314.00  0.323251E+00 0.644635E+01 0.925046E+02 0.254549E+05
      322.00  0.324717E+00 0.639186E+01 0.931632E+02 0.250758E+05
      330.00  0.326175E+00 0.633763E+01 0.938044E+02 0.247004E+05
      338.00  0.327626E+00 0.628371E+01 0.944285E+02 0.243288E+05
      346.00  0.329073E+00 0.623014E+01 0.950363E+02 0.239611E+05
      354.00  0.330517E+00 0.617695E+01 0.956281E+02 0.235974E+05
      362.00  0.331960E+00 0.612415E+01 0.962042E+02 0.232379E+05
      370.00  0.333400E+00 0.607175E+01 0.967644E+02 0.228824E+05
      378.00  0.334838E+00 0.601975E+01 0.973089E+02 0.225310E+05
      386.00  0.336275E+00 0.596815E+01 0.978377E+02 0.221836E+05
      394.00  0.337710E+00 0.591697E+01 0.983512E+02 0.218404E+05
      402.00  0.339146E+00 0.586622E+01 0.988496E+02 0.215012E+05
      410.00  0.340582E+00 0.581591E+01 0.993330E+02 0.211662E+05
      418.00  0.342018E+00 0.576602E+01 0.998012E+02 0.208353E+05
      426.00  0.343452E+00 0.571655E+01 0.100254E+03 0.205083E+05
      434.00  0.344886E+00 0.566749E+01 0.100692E+03 0.201853E+05
      442.00  0.346318E+00 0.561883E+01 0.101114E+03 0.198662E+05
      450.00  0.347750E+00 0.557060E+01 0.101522E+03 0.195511E+05
      458.00  0.349181E+00 0.552278E+01 0.101915E+03 0.192399E+05
      466.00  0.350612E+00 0.547539E+01 0.102293E+03 0.189326E+05
      474.00  0.352043E+00 0.542841E+01 0.102656E+03 0.186291E+05
      482.00  0.353473E+00 0.538183E+01 0.103004E+03 0.183295E+05
      490.00  0.354902E+00 0.533566E+01 0.103338E+03 0.180336E+05
      498.00  0.356330E+00 0.528990E+01 0.103657E+03 0.177415E+05
      506.00  0.357758E+00 0.524456E+01 0.103961E+03 0.174532E+05
      514.00  0.359187E+00 0.519964E+01 0.104252E+03 0.171686E+05
      522.00  0.360617E+00 0.515514E+01 0.104529E+03 0.168878E+05
      530.00  0.362048E+00 0.511107E+01 0.104792E+03 0.166107E+05
      538.00  0.363479E+00 0.506741E+01 0.105042E+03 0.163373E+05
      546.00  0.364911E+00 0.502416E+01 0.105277E+03 0.160675E+05
      554.00  0.366343E+00 0.498133E+01 0.105500E+03 0.158013E+05
      562.00  0.367778E+00 0.493892E+01 0.105709E+03 0.155387E+05
      570.00  0.369213E+00 0.489692E+01 0.105905E+03 0.152797E+05
      578.00  0.370651E+00 0.485535E+01 0.106088E+03 0.150242E+05
      586.00  0.372090E+00 0.481419E+01 0.106258E+03 0.147723E+05
      596.00  0.373892E+00 0.476331E+01 0.106453E+03 0.144622E+05
      606.00  0.375696E+00 0.471306E+01 0.106629E+03 0.141574E+05
      616.00  0.377501E+00 0.466343E+01 0.106785E+03 0.138579E+05
      626.00  0.379308E+00 0.461441E+01 0.106921E+03 0.135636E+05
      636.00  0.381116E+00 0.456600E+01 0.107038E+03 0.132744E+05
      646.00  0.382927E+00 0.451819E+01 0.107136E+03 0.129902E+05
      656.00  0.384739E+00 0.447097E+01 0.107216E+03 0.127111E+05
      666.00  0.386552E+00 0.442433E+01 0.107277E+03 0.124368E+05
      676.00  0.388364E+00 0.437825E+01 0.107319E+03 0.121673E+05
      686.00  0.390177E+00 0.433274E+01 0.107343E+03 0.119025E+05
      696.00  0.391990E+00 0.428778E+01 0.107349E+03 0.116424E+05
      706.00  0.393803E+00 0.424338E+01 0.107337E+03 0.113870E+05
      716.00  0.395617E+00 0.419953E+01 0.107307E+03 0.111361E+05
      726.00  0.397431E+00 0.415622E+01 0.107261E+03 0.108898E+05
      736.00  0.399245E+00 0.411344E+01 0.107197E+03 0.106478E+05
      746.00  0.401059E+00 0.407119E+01 0.107116E+03 0.104103E+05
      756.00  0.402873E+00 0.402947E+01 0.107019E+03 0.101770E+05
      766.00  0.404686E+00 0.398827E+01 0.106905E+03 0.994807E+04
      776.00  0.406501E+00 0.394759E+01 0.106776E+03 0.972331E+04
      786.00  0.408316E+00 0.390742E+01 0.106631E+03 0.950272E+04
      796.00  0.410131E+00 0.386777E+01 0.106471E+03 0.928622E+04
      806.00  0.411947E+00 0.382862E+01 0.106296E+03 0.907375E+04
      816.00  0.413763E+00 0.378996E+01 0.106106E+03 0.886526E+04
      826.00  0.415579E+00 0.375179E+01 0.105902E+03 0.866068E+04
      836.00  0.417395E+00 0.371411E+01 0.105683E+03 0.845995E+04
      846.00  0.419212E+00 0.367691E+01 0.105450E+03 0.826304E+04
      856.00  0.421028E+00 0.364019E+01 0.105203E+03 0.806987E+04
      866.00  0.422845E+00 0.360394E+01 0.104943E+03 0.788040E+04
      876.00  0.424661E+00 0.356815E+01 0.104670E+03 0.769455E+04
      886.00  0.426477E+00 0.353281E+01 0.104383E+03 0.751228E+04
      896.00  0.428292E+00 0.349792E+01 0.104084E+03 0.733352E+04
      906.00  0.430105E+00 0.346347E+01 0.103772E+03 0.715821E+04
      916.00  0.431918E+00 0.342945E+01 0.103447E+03 0.698632E+04
      926.00  0.433729E+00 0.339587E+01 0.103111E+03 0.681778E+04
      936.00  0.435540E+00 0.336272E+01 0.102762E+03 0.665255E+04
      946.00  0.437350E+00 0.332999E+01 0.102402E+03 0.649058E+04
      956.00  0.439158E+00 0.329768E+01 0.102031E+03 0.633180E+04
      966.00  0.440964E+00 0.326577E+01 0.101648E+03 0.617618E+04
      976.00  0.442768E+00 0.323427E+01 0.101255E+03 0.602365E+04
      986.00  0.444571E+00 0.320317E+01 0.100851E+03 0.587418E+04
      996.00  0.446372E+00 0.317247E+01 0.100436E+03 0.572771E+04
     1006.00  0.448171E+00 0.314216E+01 0.100012E+03 0.558421E+04
     1016.00  0.449969E+00 0.311224E+01 0.995775E+02 0.544362E+04
     1026.00  0.451766E+00 0.308270E+01 0.991337E+02 0.530590E+04
     1036.00  0.453560E+00 0.305355E+01 0.986805E+02 0.517100E+04
     1046.00  0.455353E+00 0.302476E+01 0.982183E+02 0.503888E+04
     1056.00  0.457144E+00 0.299635E+01 0.977471E+02 0.490949E+04
     1066.00  0.458933E+00 0.296830E+01 0.972674E+02 0.478278E+04
     1076.00  0.460719E+00 0.294061E+01 0.967793E+02 0.465871E+04
     1086.00  0.462504E+00 0.291328E+01 0.962832E+02 0.453724E+04
     1096.00  0.464287E+00 0.288630E+01 0.957791E+02 0.441833E+04
     1106.00  0.466068E+00 0.285967E+01 0.952675E+02 0.430194E+04
     1116.00  0.467846E+00 0.283338E+01 0.947485E+02 0.418801E+04
     1126.00  0.469622E+00 0.280743E+01 0.942222E+02 0.407651E+04
     1136.00  0.471396E+00 0.278181E+01 0.936889E+02 0.396740E+04
     1146.00  0.473166E+00 0.275652E+01 0.931487E+02 0.386063E+04
     1156.00  0.474933E+00 0.273155E+01 0.926019E+02 0.375617E+04
     1166.00  0.476697E+00 0.270690E+01 0.920487E+02 0.365397E+04
     1176.00  0.478458E+00 0.268256E+01 0.914894E+02 0.355400E+04
     1186.00  0.480216E+00 0.265854E+01 0.909241E+02 0.345622E+04
     1196.00  0.481970E+00 0.263483E+01 0.903531E+02 0.336059E+04
     1206.00  0.483721E+00 0.261141E+01 0.897766E+02 0.326707E+04
     1216.00  0.485469E+00 0.258830E+01 0.891947E+02 0.317563E+04
     1226.00  0.487212E+00 0.256548E+01 0.886075E+02 0.308622E+04
     1236.00  0.488951E+00 0.254294E+01 0.880154E+02 0.299882E+04
     1246.00  0.490686E+00 0.252069E+01 0.874186E+02 0.291339E+04
     1256.00  0.492417E+00 0.249873E+01 0.868172E+02 0.282989E+04
     1266.00  0.494145E+00 0.247705E+01 0.862114E+02 0.274829E+04
     1276.00  0.495868E+00 0.245564E+01 0.856016E+02 0.266856E+04
     1286.00  0.497587E+00 0.243450E+01 0.849879E+02 0.259066E+04
     1296.00  0.499302E+00 0.241364E+01 0.843704E+02 0.251457E+04
     1306.00  0.501013E+00 0.239304E+01 0.837493E+02 0.244024E+04
     1316.00  0.502719E+00 0.237270E+01 0.831249E+02 0.236764E+04
     1326.00  0.504421E+00 0.235262E+01 0.824973E+02 0.229675E+04
     1336.00  0.506118E+00 0.233279E+01 0.818667E+02 0.222754E+04
     1346.00  0.507811E+00 0.231322E+01 0.812333E+02 0.215997E+04
     1356.00  0.509499E+00 0.229390E+01 0.805972E+02 0.209401E+04
     1366.00  0.511183E+00 0.227482E+01 0.799588E+02 0.202963E+04
     1376.00  0.512863E+00 0.225598E+01 0.793181E+02 0.196681E+04
     1386.00  0.514538E+00 0.223739E+01 0.786753E+02 0.190551E+04
     1396.00  0.516208E+00 0.221903E+01 0.780306E+02 0.184571E+04
     1406.00  0.517874E+00 0.220090E+01 0.773840E+02 0.178737E+04
     1416.00  0.519534E+00 0.218301E+01 0.767358E+02 0.173047E+04
     1426.00  0.521189E+00 0.216533E+01 0.760862E+02 0.167499E+04
     1436.00  0.522839E+00 0.214788E+01 0.754352E+02 0.162089E+04
     1446.00  0.524483E+00 0.213066E+01 0.747830E+02 0.156815E+04
     1456.00  0.526122E+00 0.211364E+01 0.741298E+02 0.151674E+04
     1466.00  0.527756E+00 0.209684E+01 0.734758E+02 0.146664E+04
     1476.00  0.529385E+00 0.208026E+01 0.728210E+02 0.141781E+04
     1486.00  0.531008E+00 0.206388E+01 0.721656E+02 0.137025E+04
     1496.00  0.532625E+00 0.204770E+01 0.715098E+02 0.132391E+04
     1506.00  0.534236E+00 0.203173E+01 0.708536E+02 0.127878E+04
     1516.00  0.535840E+00 0.201595E+01 0.701972E+02 0.123483E+04
     1526.00  0.537439E+00 0.200037E+01 0.695408E+02 0.119205E+04
     1536.00  0.539032E+00 0.198499E+01 0.688844E+02 0.115039E+04
     1546.00  0.540618E+00 0.196979E+01 0.682282E+02 0.110985E+04
     1556.00  0.542198E+00 0.195478E+01 0.675724E+02 0.107041E+04
     1566.00  0.543772E+00 0.193996E+01 0.669170E+02 0.103203E+04
     1576.00  0.545339E+00 0.192532E+01 0.662622E+02 0.994695E+03
     1586.00  0.546900E+00 0.191086E+01 0.656081E+02 0.958389E+03
     1596.00  0.548454E+00 0.189658E+01 0.649548E+02 0.923088E+03
     1606.00  0.550002E+00 0.188247E+01 0.643025E+02 0.888771E+03
     1616.00  0.551543E+00 0.186854E+01 0.636512E+02 0.855417E+03
     1626.00  0.553077E+00 0.185478E+01 0.630011E+02 0.823006E+03
     1636.00  0.554605E+00 0.184118E+01 0.623522E+02 0.791520E+03
     1646.00  0.556125E+00 0.182776E+01 0.617047E+02 0.760938E+03
     1656.00  0.557639E+00 0.181449E+01 0.610587E+02 0.731241E+03
     1666.00  0.559146E+00 0.180139E+01 0.604143E+02 0.702411E+03
     1676.00  0.560646E+00 0.178844E+01 0.597717E+02 0.674430E+03
     1686.00  0.562139E+00 0.177566E+01 0.591308E+02 0.647279E+03
     1696.00  0.563625E+00 0.176303E+01 0.584918E+02 0.620939E+03
     1706.00  0.565104E+00 0.175055E+01 0.578548E+02 0.595394E+03
     1716.00  0.566575E+00 0.173822E+01 0.572198E+02 0.570627E+03
     1726.00  0.568039E+00 0.172604E+01 0.565870E+02 0.546619E+03
     1736.00  0.569496E+00 0.171400E+01 0.559564E+02 0.523354E+03
     1746.00  0.570945E+00 0.170211E+01 0.553281E+02 0.500816E+03
     1756.00  0.572386E+00 0.169036E+01 0.547022E+02 0.478989E+03
     1766.00  0.573820E+00 0.167874E+01 0.540789E+02 0.457857E+03
     1776.00  0.575246E+00 0.166727E+01 0.534580E+02 0.437405E+03
     1786.00  0.576665E+00 0.165593E+01 0.528399E+02 0.417616E+03
     1796.00  0.578075E+00 0.164473E+01 0.522244E+02 0.398476E+03
     1806.00  0.579478E+00 0.163365E+01 0.516117E+02 0.379970E+03
     1816.00  0.580872E+00 0.162271E+01 0.510018E+02 0.362084E+03
     1826.00  0.582259E+00 0.161189E+01 0.503949E+02 0.344802E+03
     1836.00  0.583637E+00 0.160120E+01 0.497909E+02 0.328112E+03
     1846.00  0.585006E+00 0.159063E+01 0.491899E+02 0.311999E+03
     1856.00  0.586367E+00 0.158018E+01 0.485920E+02 0.296449E+03
     1866.00  0.587720E+00 0.156985E+01 0.479973E+02 0.281450E+03
     1876.00  0.589064E+00 0.155964E+01 0.474059E+02 0.266988E+03
     1886.00  0.590400E+00 0.154955E+01 0.468177E+02 0.253051E+03
     1896.00  0.591727E+00 0.153957E+01 0.462329E+02 0.239626E+03
     1906.00  0.593046E+00 0.152971E+01 0.456514E+02 0.226700E+03
     1916.00  0.594356E+00 0.151996E+01 0.450734E+02 0.214261E+03
     1926.00  0.595657E+00 0.151031E+01 0.444989E+02 0.202298E+03
     1936.00  0.596950E+00 0.150078E+01 0.439280E+02 0.190799E+03
     1946.00  0.598233E+00 0.149135E+01 0.433606E+02 0.179752E+03
     1956.00  0.599508E+00 0.148202E+01 0.427968E+02 0.169146E+03
     1966.00  0.600773E+00 0.147280E+01 0.422368E+02 0.158969E+03
     1976.00  0.602030E+00 0.146368E+01 0.416805E+02 0.149212E+03
     1986.00  0.603278E+00 0.145466E+01 0.411279E+02 0.139863E+03
     1996.00  0.604517E+00 0.144574E+01 0.405792E+02 0.130912E+03
     2006.00  0.605747E+00 0.143692E+01 0.400343E+02 0.122348E+03
     2016.00  0.606968E+00 0.142820E+01 0.394933E+02 0.114162E+03
     2026.00  0.608179E+00 0.141956E+01 0.389562E+02 0.106343E+03
     2036.00  0.609382E+00 0.141102E+01 0.384230E+02 0.988826E+02
     2046.00  0.610575E+00 0.140258E+01 0.378938E+02 0.917703E+02
     2056.00  0.611759E+00 0.139422E+01 0.373686E+02 0.849970E+02
     2066.00  0.612933E+00 0.138595E+01 0.368475E+02 0.785537E+02
     2076.00  0.614098E+00 0.137777E+01 0.363304E+02 0.724313E+02
     2086.00  0.615253E+00 0.136967E+01 0.358174E+02 0.666210E+02
     2096.00  0.616399E+00 0.136166E+01 0.353085E+02 0.611143E+02
     2106.00  0.617535E+00 0.135373E+01 0.348037E+02 0.559027E+02
     2116.00  0.618662E+00 0.134589E+01 0.343031E+02 0.509779E+02
     2126.00  0.619779E+00 0.133812E+01 0.338067E+02 0.463318E+02
     2136.00  0.620886E+00 0.133043E+01 0.333144E+02 0.419564E+02
     2146.00  0.621984E+00 0.132283E+01 0.328263E+02 0.378440E+02
     2156.00  0.623071E+00 0.131529E+01 0.323425E+02 0.339870E+02
     2166.00  0.624149E+00 0.130784E+01 0.318629E+02 0.303777E+02
     2176.00  0.625216E+00 0.130045E+01 0.313875E+02 0.270091E+02
     2186.00  0.626273E+00 0.129314E+01 0.309164E+02 0.238738E+02
     2196.00  0.627320E+00 0.128590E+01 0.304495E+02 0.209648E+02
     2206.00  0.628357E+00 0.127874E+01 0.299869E+02 0.182753E+02
     2216.00  0.629383E+00 0.127164E+01 0.295286E+02 0.157986E+02
     2226.00  0.630400E+00 0.126461E+01 0.290746E+02 0.135281E+02
     2236.00  0.631406E+00 0.125764E+01 0.286249E+02 0.114572E+02
     2246.00  0.632401E+00 0.125075E+01 0.281795E+02 0.957974E+01
     2256.00  0.633387E+00 0.124391E+01 0.277384E+02 0.788950E+01
     2266.00  0.634361E+00 0.123715E+01 0.273016E+02 0.638043E+01
     2276.00  0.635326E+00 0.123044E+01 0.268692E+02 0.504661E+01
     2286.00  0.636279E+00 0.122379E+01 0.264410E+02 0.388226E+01
     2296.00  0.637222E+00 0.121721E+01 0.260172E+02 0.288172E+01
     2306.00  0.638155E+00 0.121069E+01 0.255977E+02 0.203945E+01
     2316.00  0.639077E+00 0.120422E+01 0.251825E+02 0.135004E+01
     2326.00  0.639988E+00 0.119781E+01 0.247716E+02 0.808182E+00
     2336.00  0.640888E+00 0.119146E+01 0.243651E+02 0.408709E+00
     2346.00  0.641778E+00 0.118517E+01 0.239628E+02 0.146558E+00
     2356.00  0.642657E+00 0.117893E+01 0.235649E+02 0.167803E-01
     2366.00  0.643526E+00 0.117274E+01 0.231712E+02 0.145420E-01
     2376.00  0.644384E+00 0.116661E+01 0.227819E+02 0.135118E+00
     2386.00  0.645230E+00 0.116053E+01 0.223968E+02 0.373893E+00
     2396.00  0.646066E+00 0.115450E+01 0.220160E+02 0.726357E+00
     2406.00  0.646892E+00 0.114851E+01 0.216395E+02 0.118810E+01
     2416.00  0.647706E+00 0.114258E+01 0.212672E+02 0.175483E+01
     2426.00  0.648509E+00 0.113670E+01 0.208992E+02 0.242234E+01
     2436.00  0.649301E+00 0.113087E+01 0.205354E+02 0.318654E+01
     2446.00  0.650082E+00 0.112508E+01 0.201758E+02 0.404340E+01
     2456.00  0.650852E+00 0.111934E+01 0.198205E+02 0.498904E+01
     2466.00  0.651611E+00 0.111364E+01 0.194693E+02 0.601963E+01
     2476.00  0.652359E+00 0.110799E+01 0.191223E+02 0.713145E+01
     2486.00  0.653096E+00 0.110238E+01 0.187795E+02 0.832088E+01
     2496.00  0.653821E+00 0.109681E+01 0.184409E+02 0.958436E+01
     2506.00  0.654535E+00 0.109129E+01 0.181064E+02 0.109185E+02
     2516.00  0.655239E+00 0.108580E+01 0.177760E+02 0.123198E+02
     2526.00  0.655930E+00 0.108036E+01 0.174497E+02 0.137851E+02
     2536.00  0.656610E+00 0.107495E+01 0.171275E+02 0.153111E+02
     2546.00  0.657279E+00 0.106959E+01 0.168093E+02 0.168948E+02
     2556.00  0.657936E+00 0.106426E+01 0.164952E+02 0.185331E+02
     2566.00  0.658582E+00 0.105897E+01 0.161851E+02 0.202230E+02
     2576.00  0.659216E+00 0.105372E+01 0.158790E+02 0.219617E+02
     2586.00  0.659839E+00 0.104850E+01 0.155770E+02 0.237463E+02
     2596.00  0.660450E+00 0.104331E+01 0.152788E+02 0.255742E+02
     2606.00  0.661050E+00 0.103817E+01 0.149847E+02 0.274425E+02
     2616.00  0.661638E+00 0.103305E+01 0.146944E+02 0.293489E+02
     2626.00  0.662215E+00 0.102797E+01 0.144081E+02 0.312907E+02
     2636.00  0.662780E+00 0.102292E+01 0.141256E+02 0.332654E+02
     2646.00  0.663333E+00 0.101790E+01 0.138470E+02 0.352708E+02
     2656.00  0.663874E+00 0.101292E+01 0.135722E+02 0.373045E+02
     2666.00  0.664404E+00 0.100796E+01 0.133013E+02 0.393641E+02
     2676.00  0.664922E+00 0.100303E+01 0.130341E+02 0.414477E+02
     2686.00  0.665428E+00 0.998136E+00 0.127707E+02 0.435529E+02
     2696.00  0.665922E+00 0.993267E+00 0.125110E+02 0.456778E+02
     2706.00  0.666405E+00 0.988427E+00 0.122550E+02 0.478203E+02
     2716.00  0.666875E+00 0.983615E+00 0.120027E+02 0.499785E+02
     2726.00  0.667334E+00 0.978829E+00 0.117541E+02 0.521505E+02
     2736.00  0.667782E+00 0.974070E+00 0.115091E+02 0.543346E+02
     2746.00  0.668217E+00 0.969337E+00 0.112677E+02 0.565288E+02
     2756.00  0.668641E+00 0.964629E+00 0.110299E+02 0.587314E+02
     2766.00  0.669052E+00 0.959946E+00 0.107957E+02 0.609409E+02
     2776.00  0.669452E+00 0.955288E+00 0.105650E+02 0.631556E+02
     2786.00  0.669840E+00 0.950653E+00 0.103378E+02 0.653738E+02
     2796.00  0.670217E+00 0.946041E+00 0.101140E+02 0.675942E+02
     2806.00  0.670581E+00 0.941452E+00 0.989372E+01 0.698151E+02
     2816.00  0.670933E+00 0.936885E+00 0.967684E+01 0.720353E+02
     2826.00  0.671273E+00 0.932340E+00 0.946335E+01 0.742533E+02
     2836.00  0.671601E+00 0.927816E+00 0.925322E+01 0.764678E+02
     2846.00  0.671917E+00 0.923313E+00 0.904642E+01 0.786775E+02
     2856.00  0.672222E+00 0.918830E+00 0.884293E+01 0.808811E+02
     2866.00  0.672514E+00 0.914367E+00 0.864271E+01 0.830775E+02
     2876.00  0.672794E+00 0.909923E+00 0.844574E+01 0.852656E+02
     2886.00  0.673063E+00 0.905499E+00 0.825199E+01 0.874441E+02
     2896.00  0.673319E+00 0.901092E+00 0.806142E+01 0.896120E+02
     2906.00  0.673563E+00 0.896704E+00 0.787401E+01 0.917684E+02
     2916.00  0.673795E+00 0.892334E+00 0.768973E+01 0.939121E+02
     2926.00  0.674015E+00 0.887980E+00 0.750855E+01 0.960422E+02
     2936.00  0.674223E+00 0.883643E+00 0.733043E+01 0.981577E+02
     2946.00  0.674418E+00 0.879322E+00 0.715535E+01 0.100258E+03
     2956.00  0.674601E+00 0.875018E+00 0.698328E+01 0.102342E+03
     2966.00  0.674772E+00 0.870728E+00 0.681419E+01 0.104409E+03
     2976.00  0.674931E+00 0.866454E+00 0.664805E+01 0.106458E+03
     2986.00  0.675078E+00 0.862195E+00 0.648483E+01 0.108488E+03
     2996.00  0.675213E+00 0.857950E+00 0.632450E+01 0.110499E+03
     3006.00  0.675335E+00 0.853719E+00 0.616703E+01 0.112490E+03
     3016.00  0.675445E+00 0.849501E+00 0.601238E+01 0.114460E+03
     3026.00  0.675543E+00 0.845297E+00 0.586054E+01 0.116409E+03
     3036.00  0.675629E+00 0.841106E+00 0.571147E+01 0.118337E+03
     3046.00  0.675702E+00 0.836928E+00 0.556513E+01 0.120241E+03
     3056.00  0.675763E+00 0.832762E+00 0.542150E+01 0.122123E+03
     3066.00  0.675812E+00 0.828608E+00 0.528055E+01 0.123981E+03
     3076.00  0.675849E+00 0.824465E+00 0.514225E+01 0.125815E+03
     3086.00  0.675873E+00 0.820334E+00 0.500657E+01 0.127624E+03
     3096.00  0.675885E+00 0.816214E+00 0.487347E+01 0.129409E+03
     3106.00  0.675885E+00 0.812104E+00 0.474294E+01 0.131168E+03
     3116.00  0.675873E+00 0.808005E+00 0.461493E+01 0.132901E+03
     3126.00  0.675848E+00 0.803917E+00 0.448942E+01 0.134609E+03
     3136.00  0.675812E+00 0.799838E+00 0.436638E+01 0.136290E+03
     3146.00  0.675763E+00 0.795769E+00 0.424578E+01 0.137944E+03
     3156.00  0.675702E+00 0.791709E+00 0.412759E+01 0.139571E+03
     3166.00  0.675628E+00 0.787659E+00 0.401178E+01 0.141170E+03
     3176.00  0.675543E+00 0.783618E+00 0.389832E+01 0.142742E+03
     3186.00  0.675445E+00 0.779585E+00 0.378718E+01 0.144286E+03
     3196.00  0.675335E+00 0.775560E+00 0.367833E+01 0.145803E+03
     3206.00  0.675213E+00 0.771544E+00 0.357175E+01 0.147290E+03
     3216.00  0.675079E+00 0.767536E+00 0.346739E+01 0.148750E+03
     3226.00  0.674933E+00 0.763535E+00 0.336524E+01 0.150180E+03
     3236.00  0.674774E+00 0.759542E+00 0.326526E+01 0.151582E+03
     3246.00  0.674603E+00 0.755556E+00 0.316743E+01 0.152955E+03
     3256.00  0.674420E+00 0.751577E+00 0.307172E+01 0.154299E+03
     3266.00  0.674225E+00 0.747605E+00 0.297809E+01 0.155614E+03
     3276.00  0.674017E+00 0.743639E+00 0.288652E+01 0.156899E+03
     3286.00  0.673798E+00 0.739680E+00 0.279699E+01 0.158155E+03
     3296.00  0.673566E+00 0.735728E+00 0.270945E+01 0.159382E+03
     3306.00  0.673323E+00 0.731781E+00 0.262389E+01 0.160580E+03
     3316.00  0.673067E+00 0.727841E+00 0.254028E+01 0.161748E+03
     3326.00  0.672799E+00 0.723906E+00 0.245859E+01 0.162886E+03
     3336.00  0.672519E+00 0.719977E+00 0.237878E+01 0.163996E+03
     3346.00  0.672226E+00 0.716053E+00 0.230084E+01 0.165075E+03
     3356.00  0.671922E+00 0.712134E+00 0.222474E+01 0.166126E+03
     3366.00  0.671605E+00 0.708220E+00 0.215044E+01 0.167147E+03
     3376.00  0.671277E+00 0.704311E+00 0.207792E+01 0.168138E+03
     3386.00  0.670936E+00 0.700407E+00 0.200716E+01 0.169101E+03
     3396.00  0.670583E+00 0.696508E+00 0.193813E+01 0.170034E+03
     3406.00  0.670218E+00 0.692613E+00 0.187079E+01 0.170938E+03
     3416.00  0.669840E+00 0.688722E+00 0.180513E+01 0.171813E+03
     3426.00  0.669451E+00 0.684836E+00 0.174112E+01 0.172659E+03
     3436.00  0.669050E+00 0.680954E+00 0.167873E+01 0.173476E+03
     3446.00  0.668637E+00 0.677075E+00 0.161794E+01 0.174264E+03
     3456.00  0.668211E+00 0.673201E+00 0.155871E+01 0.175024E+03
     3466.00  0.667774E+00 0.669331E+00 0.150103E+01 0.175756E+03
     3476.00  0.667325E+00 0.665464E+00 0.144487E+01 0.176459E+03
     3486.00  0.666864E+00 0.661601E+00 0.139021E+01 0.177134E+03
     3496.00  0.666390E+00 0.657741E+00 0.133701E+01 0.177781E+03
     3506.00  0.665905E+00 0.653885E+00 0.128526E+01 0.178400E+03
     3516.00  0.665408E+00 0.650032E+00 0.123492E+01 0.178991E+03
     3526.00  0.664898E+00 0.646183E+00 0.118599E+01 0.179555E+03
     3536.00  0.664377E+00 0.642336E+00 0.113842E+01 0.180092E+03
     3546.00  0.663844E+00 0.638493E+00 0.109220E+01 0.180601E+03
     3556.00  0.663299E+00 0.634653E+00 0.104730E+01 0.181084E+03
     3566.00  0.662743E+00 0.630816E+00 0.100371E+01 0.181540E+03
     3576.00  0.662174E+00 0.626982E+00 0.961388E+00 0.181969E+03
     3586.00  0.661594E+00 0.623151E+00 0.920321E+00 0.182372E+03
     3596.00  0.661002E+00 0.619323E+00 0.880484E+00 0.182749E+03
     3606.00  0.660398E+00 0.615498E+00 0.841855E+00 0.183100E+03
     3616.00  0.659783E+00 0.611675E+00 0.804410E+00 0.183425E+03
     3626.00  0.659156E+00 0.607856E+00 0.768127E+00 0.183726E+03
     3636.00  0.658517E+00 0.604039E+00 0.732985E+00 0.184000E+03
     3646.00  0.657867E+00 0.600225E+00 0.698961E+00 0.184250E+03
     3656.00  0.657205E+00 0.596414E+00 0.666034E+00 0.184476E+03
     3666.00  0.656531E+00 0.592605E+00 0.634181E+00 0.184676E+03
     3676.00  0.655846E+00 0.588799E+00 0.603382E+00 0.184853E+03
     3686.00  0.655149E+00 0.584996E+00 0.573616E+00 0.185006E+03
     3696.00  0.654440E+00 0.581196E+00 0.544862E+00 0.185135E+03
     3706.00  0.653720E+00 0.577398E+00 0.517099E+00 0.185240E+03
     3716.00  0.652989E+00 0.573603E+00 0.490306E+00 0.185323E+03
     3726.00  0.652246E+00 0.569811E+00 0.464464E+00 0.185382E+03
     3736.00  0.651492E+00 0.566021E+00 0.439553E+00 0.185419E+03
     3746.00  0.650726E+00 0.562234E+00 0.415552E+00 0.185433E+03
     3756.00  0.649949E+00 0.558450E+00 0.392443E+00 0.185426E+03
     3766.00  0.649160E+00 0.554669E+00 0.370205E+00 0.185396E+03
     3776.00  0.648360E+00 0.550890E+00 0.348820E+00 0.185345E+03
     3786.00  0.647549E+00 0.547114E+00 0.328269E+00 0.185273E+03
     3796.00  0.646727E+00 0.543341E+00 0.308533E+00 0.185180E+03
     3806.00  0.645893E+00 0.539571E+00 0.289594E+00 0.185066E+03
     3816.00  0.645048E+00 0.535804E+00 0.271433E+00 0.184931E+03
     3826.00  0.644192E+00 0.532040E+00 0.254032E+00 0.184776E+03
     3836.00  0.643324E+00 0.528278E+00 0.237375E+00 0.184602E+03
     3846.00  0.642445E+00 0.524520E+00 0.221442E+00 0.184408E+03
     3856.00  0.641555E+00 0.520765E+00 0.206217E+00 0.184194E+03
     3866.00  0.640654E+00 0.517012E+00 0.191683E+00 0.183961E+03
     3876.00  0.639742E+00 0.513264E+00 0.177822E+00 0.183710E+03
     3886.00  0.638819E+00 0.509518E+00 0.164619E+00 0.183440E+03
     3896.00  0.637885E+00 0.505776E+00 0.152056E+00 0.183152E+03
     3906.00  0.636940E+00 0.502037E+00 0.140117E+00 0.182845E+03
     3916.00  0.635984E+00 0.498301E+00 0.128786E+00 0.182522E+03
     3926.00  0.635017E+00 0.494569E+00 0.118048E+00 0.182181E+03
     3936.00  0.634039E+00 0.490841E+00 0.107887E+00 0.181822E+03
     3946.00  0.633051E+00 0.487116E+00 0.982871E-01 0.181447E+03
     3956.00  0.632051E+00 0.483395E+00 0.892334E-01 0.181056E+03
     3966.00  0.631041E+00 0.479678E+00 0.807109E-01 0.180648E+03
     3976.00  0.630019E+00 0.475964E+00 0.727051E-01 0.180224E+03
     3986.00  0.628987E+00 0.472255E+00 0.652012E-01 0.179784E+03
     3996.00  0.627945E+00 0.468550E+00 0.581849E-01 0.179329E+03
     4006.00  0.626891E+00 0.464849E+00 0.516422E-01 0.178859E+03
     4016.00  0.625828E+00 0.461152E+00 0.455592E-01 0.178374E+03
     4026.00  0.624753E+00 0.457460E+00 0.399222E-01 0.177875E+03
     4036.00  0.623668E+00 0.453772E+00 0.347176E-01 0.177361E+03
     4046.00  0.622573E+00 0.450089E+00 0.299323E-01 0.176833E+03
     4056.00  0.621467E+00 0.446410E+00 0.255531E-01 0.176291E+03
     4066.00  0.620351E+00 0.442737E+00 0.215673E-01 0.175736E+03
     4076.00  0.619224E+00 0.439068E+00 0.179620E-01 0.175168E+03
     4086.00  0.618087E+00 0.435405E+00 0.147250E-01 0.174586E+03
     4096.00  0.616940E+00 0.431746E+00 0.118439E-01 0.173992E+03
     4106.00  0.615782E+00 0.428093E+00 0.930669E-02 0.173386E+03
     4116.00  0.614615E+00 0.424446E+00 0.710156E-02 0.172767E+03
     4126.00  0.613437E+00 0.420803E+00 0.521686E-02 0.172137E+03
     4136.00  0.612249E+00 0.417167E+00 0.364114E-02 0.171495E+03
     4146.00  0.611051E+00 0.413536E+00 0.236315E-02 0.170841E+03
     4156.00  0.609842E+00 0.409911E+00 0.137186E-02 0.170177E+03
     4166.00  0.608624E+00 0.406292E+00 0.656396E-03 0.169501E+03
     4176.00  0.607396E+00 0.402680E+00 0.206114E-03 0.168815E+03
     4186.00  0.606158E+00 0.399073E+00 0.105456E-04 0.168119E+03
     4196.00  0.604910E+00 0.395473E+00 0.594160E-04 0.167412E+03
     4206.00  0.603652E+00 0.391880E+00 0.342642E-03 0.166696E+03
     4216.00  0.602384E+00 0.388294E+00 0.850330E-03 0.165970E+03
     4226.00  0.601107E+00 0.384714E+00 0.157277E-02 0.165234E+03
     4236.00  0.599820E+00 0.381141E+00 0.250045E-02 0.164490E+03
     4246.00  0.598523E+00 0.377575E+00 0.362403E-02 0.163736E+03
     4256.00  0.597217E+00 0.374017E+00 0.493436E-02 0.162974E+03
     4266.00  0.595901E+00 0.370466E+00 0.642246E-02 0.162204E+03
     4276.00  0.594575E+00 0.366923E+00 0.807956E-02 0.161425E+03
     4286.00  0.593240E+00 0.363387E+00 0.989704E-02 0.160639E+03
     4296.00  0.591896E+00 0.359859E+00 0.118665E-01 0.159844E+03
     4306.00  0.590541E+00 0.356339E+00 0.139796E-01 0.159043E+03
     4316.00  0.589178E+00 0.352828E+00 0.162283E-01 0.158233E+03
     4326.00  0.587805E+00 0.349324E+00 0.186048E-01 0.157417E+03
     4336.00  0.586423E+00 0.345829E+00 0.211012E-01 0.156594E+03
     4346.00  0.585032E+00 0.342343E+00 0.237100E-01 0.155765E+03
     4356.00  0.583632E+00 0.338866E+00 0.264239E-01 0.154929E+03
     4366.00  0.582222E+00 0.335397E+00 0.292355E-01 0.154087E+03
     4376.00  0.580803E+00 0.331938E+00 0.321379E-01 0.153239E+03
     4386.00  0.579376E+00 0.328488E+00 0.351241E-01 0.152385E+03
     4396.00  0.577939E+00 0.325047E+00 0.381874E-01 0.151526E+03
     4406.00  0.576494E+00 0.321616E+00 0.413213E-01 0.150661E+03
     4416.00  0.575039E+00 0.318195E+00 0.445193E-01 0.149792E+03
     4426.00  0.573576E+00 0.314783E+00 0.477751E-01 0.148917E+03
     4436.00  0.572104E+00 0.311382E+00 0.510827E-01 0.148038E+03
     4446.00  0.570623E+00 0.307991E+00 0.544361E-01 0.147154E+03
     4456.00  0.569133E+00 0.304610E+00 0.578296E-01 0.146265E+03
     4466.00  0.567635E+00 0.301240E+00 0.612574E-01 0.145373E+03
     4476.00  0.566128E+00 0.297881E+00 0.647142E-01 0.144477E+03
     4486.00  0.564613E+00 0.294533E+00 0.681946E-01 0.143576E+03
     4511.00  0.560787E+00 0.286211E+00 0.769650E-01 0.141311E+03
     4536.00  0.556910E+00 0.277961E+00 0.857736E-01 0.139026E+03
     4561.00  0.552981E+00 0.269786E+00 0.945488E-01 0.136724E+03
     4586.00  0.549003E+00 0.261689E+00 0.103225E+00 0.134408E+03
     4611.00  0.544974E+00 0.253672E+00 0.111740E+00 0.132081E+03
     4636.00  0.540897E+00 0.245737E+00 0.120038E+00 0.129744E+03
     4661.00  0.536772E+00 0.237889E+00 0.128069E+00 0.127401E+03
     4686.00  0.532601E+00 0.230128E+00 0.135785E+00 0.125053E+03
     4711.00  0.528383E+00 0.222458E+00 0.143146E+00 0.122703E+03
     4736.00  0.524121E+00 0.214883E+00 0.150114E+00 0.120353E+03
     4761.00  0.519814E+00 0.207403E+00 0.156656E+00 0.118005E+03
     4786.00  0.515464E+00 0.200022E+00 0.162742E+00 0.115661E+03
     4811.00  0.511072E+00 0.192743E+00 0.168349E+00 0.113322E+03
     4836.00  0.506639E+00 0.185567E+00 0.173453E+00 0.110991E+03
     4861.00  0.502165E+00 0.178499E+00 0.178039E+00 0.108670E+03
     4886.00  0.497652E+00 0.171539E+00 0.182091E+00 0.106359E+03
     4911.00  0.493100E+00 0.164691E+00 0.185600E+00 0.104060E+03
     4936.00  0.488512E+00 0.157957E+00 0.188557E+00 0.101776E+03
     4961.00  0.483887E+00 0.151340E+00 0.190958E+00 0.995066E+02
     4986.00  0.479226E+00 0.144842E+00 0.192801E+00 0.972540E+02
     5011.00  0.474532E+00 0.138465E+00 0.194088E+00 0.950193E+02
     5036.00  0.469804E+00 0.132211E+00 0.194822E+00 0.928037E+02
     5061.00  0.465044E+00 0.126083E+00 0.195010E+00 0.906084E+02
     5086.00  0.460254E+00 0.120083E+00 0.194660E+00 0.884343E+02
     5111.00  0.455433E+00 0.114212E+00 0.193783E+00 0.862826E+02
     5136.00  0.450584E+00 0.108474E+00 0.192392E+00 0.841540E+02
     5161.00  0.445706E+00 0.102870E+00 0.190502E+00 0.820496E+02
     5186.00  0.440803E+00 0.974010E-01 0.188130E+00 0.799700E+02
     5211.00  0.435873E+00 0.920699E-01 0.185293E+00 0.779161E+02
     5236.00  0.430919E+00 0.868781E-01 0.182012E+00 0.758885E+02
     5261.00  0.425942E+00 0.818273E-01 0.178308E+00 0.738880E+02
     5286.00  0.420943E+00 0.769191E-01 0.174205E+00 0.719150E+02
     5311.00  0.415923E+00 0.721550E-01 0.169726E+00 0.699702E+02
     5336.00  0.410882E+00 0.675364E-01 0.164896E+00 0.680540E+02
     5361.00  0.405823E+00 0.630647E-01 0.159742E+00 0.661668E+02
     5386.00  0.400746E+00 0.587410E-01 0.154290E+00 0.643092E+02
     5411.00  0.395653E+00 0.545667E-01 0.148569E+00 0.624813E+02
     5436.00  0.390544E+00 0.505427E-01 0.142607E+00 0.606836E+02
     5461.00  0.385422E+00 0.466701E-01 0.136434E+00 0.589163E+02
     5511.00  0.375138E+00 0.393825E-01 0.123573E+00 0.554739E+02
     5561.00  0.364813E+00 0.327100E-01 0.110229E+00 0.521554E+02
     5611.00  0.354455E+00 0.266573E-01 0.966490E-01 0.489618E+02
     5661.00  0.344074E+00 0.212273E-01 0.830834E-01 0.458935E+02
     5711.00  0.333680E+00 0.164215E-01 0.697801E-01 0.429503E+02
     5761.00  0.323283E+00 0.122397E-01 0.569851E-01 0.401315E+02
     5811.00  0.312892E+00 0.868041E-02 0.449391E-01 0.374364E+02
     5861.00  0.302518E+00 0.574016E-02 0.338764E-01 0.348635E+02
     5911.00  0.292170E+00 0.341410E-02 0.240227E-01 0.324112E+02
     5961.00  0.281857E+00 0.169577E-02 0.155937E-01 0.300775E+02
     6011.00  0.271591E+00 0.577141E-03 0.879400E-02 0.278604E+02
     6061.00  0.261381E+00 0.486351E-04 0.381557E-02 0.257573E+02
     6111.00  0.251236E+00 0.991688E-04 0.836866E-03 0.237657E+02
     6161.00  0.241167E+00 0.716178E-03 0.218826E-04 0.218829E+02
     6211.00  0.231184E+00 0.188566E-02 0.151941E-02 0.201058E+02
     6261.00  0.221296E+00 0.359223E-02 0.546241E-02 0.184315E+02
     6311.00  0.211514E+00 0.581913E-02 0.119675E-01 0.168567E+02
     6361.00  0.201846E+00 0.854836E-02 0.211347E-01 0.153783E+02
     6411.00  0.192304E+00 0.117606E-01 0.330469E-01 0.139930E+02
     6461.00  0.182895E+00 0.154356E-01 0.477700E-01 0.126973E+02
     6511.00  0.173629E+00 0.195516E-01 0.653529E-01 0.114880E+02
     6561.00  0.164516E+00 0.240862E-01 0.858272E-01 0.103616E+02
     6611.00  0.155566E+00 0.290159E-01 0.109208E+00 0.931476E+01
     6661.00  0.146787E+00 0.343162E-01 0.135493E+00 0.834406E+01
     6711.00  0.138188E+00 0.399620E-01 0.164665E+00 0.744614E+01
     6761.00  0.129777E+00 0.459275E-01 0.196689E+00 0.661767E+01
     6811.00  0.121565E+00 0.521860E-01 0.231516E+00 0.585536E+01
     6861.00  0.113559E+00 0.587106E-01 0.269083E+00 0.515594E+01
     6911.00  0.105767E+00 0.654737E-01 0.309310E+00 0.451623E+01
     6961.00  0.981985E-01 0.724474E-01 0.352105E+00 0.393307E+01
     7011.00  0.908602E-01 0.796036E-01 0.397363E+00 0.340342E+01
     7061.00  0.837600E-01 0.869138E-01 0.444967E+00 0.292426E+01
     7111.00  0.769056E-01 0.943496E-01 0.494789E+00 0.249267E+01
     7161.00  0.703042E-01 0.101882E+00 0.546688E+00 0.210581E+01
     7211.00  0.639629E-01 0.109484E+00 0.600515E+00 0.176092E+01
     7261.00  0.578884E-01 0.117126E+00 0.656114E+00 0.145532E+01
     7311.00  0.520871E-01 0.124781E+00 0.713318E+00 0.118642E+01
     7361.00  0.465654E-01 0.132420E+00 0.771953E+00 0.951732E+00
     7411.00  0.413291E-01 0.140017E+00 0.831841E+00 0.748833E+00
     7511.00  0.317354E-01 0.154976E+00 0.954630E+00 0.429222E+00
     7611.00  0.233475E-01 0.169453E+00 0.108016E+01 0.210123E+00
     7711.00  0.162019E-01 0.183252E+00 0.120685E+01 0.755228E-01
     7811.00  0.103297E-01 0.196190E+00 0.133312E+01 0.108442E-01
     7911.00  0.575686E-02 0.208102E+00 0.145740E+01 0.291039E-02
     8011.00  0.250313E-02 0.218840E+00 0.157813E+01 0.399022E-01
     8111.00  0.582579E-03 0.228275E+00 0.169384E+01 0.111303E+00
     8211.00  0.316866E-05 0.236295E+00 0.180312E+01 0.207839E+00
     8311.00  0.766673E-03 0.242812E+00 0.190467E+01 0.321408E+00
     8411.00  0.286860E-02 0.247759E+00 0.199729E+01 0.445014E+00
     8511.00  0.629812E-02 0.251090E+00 0.207992E+01 0.572688E+00
     8611.00  0.110381E-01 0.252781E+00 0.215165E+01 0.699419E+00
     8711.00  0.170649E-01 0.252831E+00 0.221170E+01 0.821073E+00
     8811.00  0.243490E-01 0.251260E+00 0.225947E+01 0.934324E+00
     8911.00  0.328541E-01 0.248105E+00 0.229449E+01 0.103657E+01
     9011.00  0.425384E-01 0.243426E+00 0.231648E+01 0.112588E+01
     9111.00  0.533537E-01 0.237301E+00 0.232532E+01 0.120090E+01
     9211.00  0.652463E-01 0.229823E+00 0.232103E+01 0.126080E+01
     9311.00  0.781571E-01 0.221101E+00 0.230382E+01 0.130522E+01
     9411.00  0.920214E-01 0.211257E+00 0.227402E+01 0.133417E+01
     9511.00  0.106770E+00 0.200427E+00 0.223210E+01 0.134803E+01
     9611.00  0.122329E+00 0.188753E+00 0.217869E+01 0.134743E+01
     9711.00  0.138619E+00 0.176386E+00 0.211450E+01 0.133327E+01
     9811.00  0.155559E+00 0.163483E+00 0.204037E+01 0.130661E+01
     9911.00  0.173063E+00 0.150205E+00 0.195723E+01 0.126865E+01
    10011.00  0.191041E+00 0.136711E+00 0.186611E+01 0.122072E+01
    10111.00  0.209404E+00 0.123163E+00 0.176806E+01 0.116419E+01
    10211.00  0.228056E+00 0.109719E+00 0.166424E+01 0.110048E+01
    10311.00  0.246904E+00 0.965307E-01 0.155579E+01 0.103102E+01
    10411.00  0.265851E+00 0.837450E-01 0.144391E+01 0.957208E+00
    10511.00  0.284799E+00 0.715000E-01 0.132979E+01 0.880407E+00
    10611.00  0.303653E+00 0.599241E-01 0.121463E+01 0.801922E+00
    10711.00  0.322315E+00 0.491347E-01 0.109960E+01 0.722984E+00
    10811.00  0.340691E+00 0.392366E-01 0.985842E+00 0.644732E+00
    10911.00  0.358686E+00 0.303213E-01 0.874446E+00 0.568209E+00
    11011.00  0.376208E+00 0.224662E-01 0.766457E+00 0.494352E+00
    11111.00  0.393167E+00 0.157335E-01 0.662852E+00 0.423984E+00
    11211.00  0.409477E+00 0.101703E-01 0.564534E+00 0.357817E+00
    11311.00  0.425055E+00 0.580813E-02 0.472329E+00 0.296445E+00
    11411.00  0.439821E+00 0.266264E-02 0.386970E+00 0.240349E+00
    11511.00  0.453702E+00 0.734138E-03 0.309102E+00 0.189896E+00
    11611.00  0.466626E+00 0.767423E-05 0.239271E+00 0.145345E+00
    11711.00  0.478530E+00 0.453612E-03 0.177922E+00 0.106849E+00
    11811.00  0.489353E+00 0.202829E-02 0.125403E+00 0.744649E-01
    11911.00  0.499041E+00 0.467483E-02 0.819571E-01 0.481569E-01
    12011.00  0.507549E+00 0.832416E-02 0.477267E-01 0.278061E-01
    12111.00  0.514833E+00 0.128960E-01 0.227555E-01 0.132174E-01
    12211.00  0.520861E+00 0.183003E-01 0.699067E-02 0.412836E-02
    12311.00  0.525604E+00 0.244381E-01 0.286161E-03 0.217745E-03
    12411.00  0.529040E+00 0.312036E-01 0.240766E-02 0.111444E-02
    12511.00  0.531157E+00 0.384849E-01 0.130378E-01 0.640610E-02
    12611.00  0.531947E+00 0.461658E-01 0.317820E-01 0.156478E-01
    12711.00  0.531409E+00 0.541275E-01 0.581753E-01 0.283706E-01
    12811.00  0.529552E+00 0.622498E-01 0.916893E-01 0.440894E-01
    12911.00  0.526388E+00 0.704126E-01 0.131740E+00 0.623107E-01
    13011.00  0.521939E+00 0.784978E-01 0.177695E+00 0.825400E-01
    13111.00  0.516232E+00 0.863902E-01 0.228881E+00 0.104289E+00
    13211.00  0.509301E+00 0.939790E-01 0.284595E+00 0.127079E+00
    13311.00  0.501184E+00 0.101159E+00 0.344108E+00 0.150452E+00
    13411.00  0.491929E+00 0.107833E+00 0.406678E+00 0.173969E+00
    13511.00  0.481586E+00 0.113911E+00 0.471551E+00 0.197220E+00
    13611.00  0.470213E+00 0.119312E+00 0.537978E+00 0.219824E+00
    13711.00  0.457870E+00 0.123965E+00 0.605215E+00 0.241433E+00
    13811.00  0.444625E+00 0.127809E+00 0.672534E+00 0.261736E+00
    13911.00  0.430547E+00 0.130797E+00 0.739226E+00 0.280458E+00
    14011.00  0.415710E+00 0.132891E+00 0.804614E+00 0.297363E+00
    14111.00  0.400192E+00 0.134066E+00 0.868049E+00 0.312255E+00
    14211.00  0.384072E+00 0.134309E+00 0.928927E+00 0.324975E+00
    14311.00  0.367434E+00 0.133619E+00 0.986681E+00 0.335405E+00
    14411.00  0.350360E+00 0.132009E+00 0.104079E+01 0.343464E+00
    14511.00  0.332936E+00 0.129501E+00 0.109080E+01 0.349109E+00
    14611.00  0.315250E+00 0.126133E+00 0.113630E+01 0.352330E+00
    14711.00  0.297385E+00 0.121949E+00 0.117691E+01 0.353150E+00
    14811.00  0.279431E+00 0.117007E+00 0.121235E+01 0.351626E+00
    14911.00  0.261471E+00 0.111374E+00 0.124238E+01 0.347839E+00
    15011.00  0.243590E+00 0.105125E+00 0.126680E+01 0.341898E+00
    15111.00  0.225872E+00 0.983445E-01 0.128549E+01 0.333935E+00
    15211.00  0.208397E+00 0.911235E-01 0.129839E+01 0.324101E+00
    15311.00  0.191242E+00 0.835589E-01 0.130548E+01 0.312563E+00
    15411.00  0.174485E+00 0.757528E-01 0.130681E+01 0.299506E+00
    15511.00  0.158196E+00 0.678110E-01 0.130245E+01 0.285120E+00
    15611.00  0.142444E+00 0.598418E-01 0.129257E+01 0.269607E+00
    15711.00  0.127293E+00 0.519551E-01 0.127734E+01 0.253174E+00
    15811.00  0.112804E+00 0.442610E-01 0.125699E+01 0.236028E+00
    15911.00  0.990310E-01 0.368684E-01 0.123178E+01 0.218378E+00
    16011.00  0.860258E-01 0.298846E-01 0.120204E+01 0.200430E+00
    16111.00  0.738335E-01 0.234130E-01 0.116808E+01 0.182385E+00
    16211.00  0.624944E-01 0.175531E-01 0.113026E+01 0.164436E+00
    16311.00  0.520436E-01 0.123988E-01 0.108898E+01 0.146768E+00
    16411.00  0.425103E-01 0.803762E-02 0.104462E+01 0.129555E+00
    16511.00  0.339185E-01 0.454975E-02 0.997602E+00 0.112960E+00
    16611.00  0.262862E-01 0.200736E-02 0.948349E+00 0.971304E-01
    16711.00  0.196263E-01 0.473714E-03 0.897287E+00 0.822017E-01
    16811.00  0.139455E-01 0.258069E-05 0.844841E+00 0.682925E-01
    16911.00  0.924549E-02 0.637696E-03 0.791439E+00 0.555065E-01
    17011.00  0.552215E-02 0.241231E-02 0.737498E+00 0.439307E-01
    17111.00  0.276616E-02 0.534886E-02 0.683423E+00 0.336357E-01
    17211.00  0.963026E-03 0.945872E-02 0.629609E+00 0.246760E-01
    17311.00  0.932255E-04 0.147422E-01 0.576433E+00 0.170895E-01
    17411.00  0.132458E-03 0.211882E-01 0.524250E+00 0.108982E-01
    17511.00  0.105186E-02 0.287748E-01 0.473395E+00 0.610887E-02
    17611.00  0.281826E-02 0.374691E-01 0.424180E+00 0.271321E-02
    17711.00  0.539447E-02 0.472276E-01 0.376886E+00 0.688924E-03
    17811.00  0.873953E-02 0.579966E-01 0.331771E+00 0.488415E-06
    17911.00  0.128091E-01 0.697131E-01 0.289063E+00 0.600088E-03
    18011.00  0.175557E-01 0.823043E-01 0.248958E+00 0.242867E-02
    18111.00  0.229292E-01 0.956896E-01 0.211624E+00 0.541702E-02
    18211.00  0.288769E-01 0.109780E+00 0.177198E+00 0.948697E-02
    18311.00  0.353442E-01 0.124481E+00 0.145785E+00 0.145525E-01
    18411.00  0.422745E-01 0.139691E+00 0.117461E+00 0.205209E-01
    18511.00  0.496104E-01 0.155302E+00 0.922703E-01 0.272943E-01
    18611.00  0.572930E-01 0.171205E+00 0.702306E-01 0.347705E-01
    18711.00  0.652631E-01 0.187284E+00 0.513299E-01 0.428442E-01
    18811.00  0.734612E-01 0.203424E+00 0.355303E-01 0.514083E-01
    18911.00  0.818280E-01 0.219508E+00 0.227684E-01 0.603554E-01
    19011.00  0.903043E-01 0.235417E+00 0.129573E-01 0.695780E-01
    19111.00  0.988320E-01 0.251035E+00 0.598821E-02 0.789700E-01
    19311.00  0.115815E+00 0.280940E+00 0.438178E-04 0.978520E-01
    19511.00  0.132338E+00 0.308340E+00 0.370455E-02 0.116217E+00
    19711.00  0.147996E+00 0.332426E+00 0.155221E-01 0.133358E+00
    19911.00  0.162421E+00 0.352491E+00 0.339005E-01 0.148663E+00
    20111.00  0.175292E+00 0.367945E+00 0.571656E-01 0.161633E+00
    20311.00  0.186340E+00 0.378342E+00 0.836320E-01 0.171890E+00
    20511.00  0.195349E+00 0.383388E+00 0.111664E+00 0.179175E+00
    20711.00  0.202162E+00 0.382951E+00 0.139729E+00 0.183359E+00
    20911.00  0.206680E+00 0.377061E+00 0.166449E+00 0.184426E+00
    21111.00  0.208860E+00 0.365909E+00 0.190629E+00 0.182469E+00
    21311.00  0.208716E+00 0.349840E+00 0.211292E+00 0.177680E+00
    21511.00  0.206312E+00 0.329339E+00 0.227690E+00 0.170329E+00
    21711.00  0.201765E+00 0.305016E+00 0.239315E+00 0.160755E+00
    21911.00  0.195228E+00 0.277582E+00 0.245895E+00 0.149344E+00
    22111.00  0.186897E+00 0.247832E+00 0.247383E+00 0.136514E+00
    22311.00  0.176995E+00 0.216613E+00 0.243942E+00 0.122696E+00
    22511.00  0.165770E+00 0.184806E+00 0.235915E+00 0.108320E+00
    22711.00  0.153487E+00 0.153295E+00 0.223803E+00 0.938005E-01
    22911.00  0.140419E+00 0.122939E+00 0.208226E+00 0.795236E-01
    23111.00  0.126845E+00 0.945551E-01 0.189895E+00 0.658359E-01
    23311.00  0.113036E+00 0.688885E-01 0.169573E+00 0.530364E-01
    23511.00  0.992564E-01 0.465979E-01 0.148045E+00 0.413716E-01
    23711.00  0.857537E-01 0.282357E-01 0.126084E+00 0.310305E-01
    23911.00  0.727562E-01 0.142370E-01 0.104422E+00 0.221450E-01
    24111.00  0.604669E-01 0.490857E-02 0.837268E-01 0.147890E-01
    24311.00  0.490621E-01 0.424561E-03 0.645806E-01 0.898266E-02
    24511.00  0.386880E-01 0.824373E-03 0.474648E-01 0.469568E-02
    24711.00  0.294593E-01 0.601521E-02 0.327493E-01 0.185348E-02
    24911.00  0.214588E-01 0.157780E-01 0.206867E-01 0.343697E-03
    25111.00  0.147371E-01 0.297768E-01 0.114118E-01 0.235254E-04
    25311.00  0.931360E-02 0.475711E-01 0.494540E-02 0.727407E-03
    25511.00  0.517821E-02 0.686299E-01 0.120176E-02 0.227477E-02
    25711.00  0.229325E-02 0.923500E-01 0.322755E-07 0.447756E-02
    25911.00  0.596199E-03 0.118072E+00 0.107809E-02 0.714727E-02
    26111.00  0.277512E-05 0.145102E+00 0.410852E-02 0.101014E-01
    26311.00  0.410311E-03 0.172727E+00 0.871584E-02 0.131689E-01
    26511.00  0.170137E-02 0.200239E+00 0.144945E-01 0.161950E-01
    26711.00  0.374744E-02 0.226949E+00 0.210263E-01 0.190444E-01
    26911.00  0.641272E-02 0.252207E+00 0.278980E-01 0.216044E-01
         IE==>      4            5            6            7
        1.00  0.526639E+04 0.376504E+06 0.270628E+07 0.360330E+08
        2.00  0.272636E+04 0.194306E+06 0.140043E+07 0.185835E+08
        3.00  0.474113E+04 0.336847E+06 0.243431E+07 0.321947E+08
        4.00  0.776260E+04 0.549802E+06 0.398399E+07 0.525131E+08
        5.00  0.116834E+05 0.824929E+06 0.599372E+07 0.787386E+08
        6.00  0.164346E+05 0.115680E+07 0.842760E+07 0.110341E+09
        7.00  0.219386E+05 0.153942E+07 0.112453E+08 0.146739E+09
        8.00  0.281089E+05 0.196628E+07 0.144021E+08 0.187302E+09
        9.00  0.348527E+05 0.243048E+07 0.178499E+08 0.231363E+09
       10.00  0.420737E+05 0.292496E+07 0.215392E+08 0.278246E+09
       11.00  0.496749E+05 0.344271E+07 0.254199E+08 0.327278E+09
       12.00  0.575617E+05 0.397698E+07 0.294435E+08 0.377811E+09
       13.00  0.656456E+05 0.452150E+07 0.335644E+08 0.429249E+09
       14.00  0.738462E+05 0.507065E+07 0.377417E+08 0.481054E+09
       15.00  0.820932E+05 0.561954E+07 0.419391E+08 0.532765E+09
       16.00  0.903260E+05 0.616405E+07 0.461258E+08 0.583988E+09
       17.00  0.984938E+05 0.670074E+07 0.502759E+08 0.634401E+09
       18.00  0.106554E+06 0.722680E+07 0.543677E+08 0.683737E+09
       19.00  0.114472E+06 0.773992E+07 0.583833E+08 0.731781E+09
       20.00  0.122218E+06 0.823829E+07 0.623083E+08 0.778364E+09
       21.00  0.129770E+06 0.872047E+07 0.661310E+08 0.823354E+09
       22.00  0.137110E+06 0.918543E+07 0.698425E+08 0.866654E+09
       23.00  0.144225E+06 0.963244E+07 0.734363E+08 0.908201E+09
       24.00  0.151106E+06 0.100611E+08 0.769084E+08 0.947960E+09
       25.00  0.157749E+06 0.104713E+08 0.802564E+08 0.985920E+09
       26.00  0.164153E+06 0.108630E+08 0.834800E+08 0.102209E+10
       27.00  0.170318E+06 0.112365E+08 0.865799E+08 0.105650E+10
       28.00  0.176250E+06 0.115923E+08 0.895582E+08 0.108919E+10
       29.00  0.181952E+06 0.119308E+08 0.924175E+08 0.112021E+10
       30.00  0.187430E+06 0.122525E+08 0.951612E+08 0.114961E+10
       31.00  0.192692E+06 0.125581E+08 0.977926E+08 0.117745E+10
       32.00  0.197745E+06 0.128480E+08 0.100316E+09 0.120379E+10
       33.00  0.202595E+06 0.131231E+08 0.102734E+09 0.122869E+10
       34.00  0.207249E+06 0.133837E+08 0.105051E+09 0.125221E+10
       35.00  0.211717E+06 0.136306E+08 0.107272E+09 0.127441E+10
       36.00  0.216003E+06 0.138643E+08 0.109399E+09 0.129534E+10
       37.00  0.220117E+06 0.140854E+08 0.111437E+09 0.131506E+10
       38.00  0.224064E+06 0.142944E+08 0.113389E+09 0.133363E+10
       39.00  0.227854E+06 0.144921E+08 0.115260E+09 0.135111E+10
       40.00  0.231492E+06 0.146788E+08 0.117053E+09 0.136754E+10
       42.00  0.238345E+06 0.150219E+08 0.120420E+09 0.139750E+10
       44.00  0.244678E+06 0.153279E+08 0.123519E+09 0.142392E+10
       46.00  0.250542E+06 0.156005E+08 0.126377E+09 0.144715E+10
       48.00  0.255983E+06 0.158432E+08 0.129017E+09 0.146754E+10
       50.00  0.261040E+06 0.160590E+08 0.131460E+09 0.148536E+10
       52.00  0.265749E+06 0.162503E+08 0.133723E+09 0.150087E+10
       54.00  0.270140E+06 0.164196E+08 0.135824E+09 0.151428E+10
       56.00  0.274241E+06 0.165689E+08 0.137775E+09 0.152581E+10
       58.00  0.278079E+06 0.167002E+08 0.139591E+09 0.153563E+10
       60.00  0.281678E+06 0.168151E+08 0.141285E+09 0.154390E+10
       62.00  0.285061E+06 0.169153E+08 0.142867E+09 0.155079E+10
       64.00  0.288246E+06 0.170022E+08 0.144348E+09 0.155644E+10
       66.00  0.291252E+06 0.170771E+08 0.145737E+09 0.156095E+10
       68.00  0.294094E+06 0.171410E+08 0.147042E+09 0.156444E+10
       70.00  0.296786E+06 0.171950E+08 0.148271E+09 0.156700E+10
       72.00  0.299340E+06 0.172399E+08 0.149428E+09 0.156871E+10
       74.00  0.301765E+06 0.172764E+08 0.150519E+09 0.156964E+10
       76.00  0.304071E+06 0.173052E+08 0.151549E+09 0.156986E+10
       78.00  0.306267E+06 0.173270E+08 0.152523E+09 0.156943E+10
       80.00  0.308361E+06 0.173423E+08 0.153445E+09 0.156840E+10
       82.00  0.310361E+06 0.173516E+08 0.154319E+09 0.156682E+10
       84.00  0.312275E+06 0.173555E+08 0.155148E+09 0.156475E+10
       86.00  0.314108E+06 0.173545E+08 0.155937E+09 0.156222E+10
       88.00  0.315867E+06 0.173489E+08 0.156687E+09 0.155928E+10
       90.00  0.317557E+06 0.173391E+08 0.157402E+09 0.155596E+10
       92.00  0.319183E+06 0.173255E+08 0.158085E+09 0.155229E+10
       94.00  0.320748E+06 0.173082E+08 0.158736E+09 0.154830E+10
       96.00  0.322256E+06 0.172876E+08 0.159358E+09 0.154401E+10
       98.00  0.323710E+06 0.172639E+08 0.159953E+09 0.153943E+10
      100.00  0.325113E+06 0.172372E+08 0.160521E+09 0.153460E+10
      102.00  0.326468E+06 0.172078E+08 0.161065E+09 0.152953E+10
      104.00  0.327776E+06 0.171759E+08 0.161585E+09 0.152424E+10
      106.00  0.329042E+06 0.171416E+08 0.162084E+09 0.151874E+10
      108.00  0.330267E+06 0.171052E+08 0.162562E+09 0.151306E+10
      110.00  0.331454E+06 0.170667E+08 0.163020E+09 0.150720E+10
      112.00  0.332606E+06 0.170263E+08 0.163460E+09 0.150118E+10
      114.00  0.333723E+06 0.169842E+08 0.163883E+09 0.149501E+10
      116.00  0.334808E+06 0.169405E+08 0.164289E+09 0.148871E+10
      118.00  0.335862E+06 0.168953E+08 0.164680E+09 0.148229E+10
      122.00  0.337885E+06 0.168007E+08 0.165418E+09 0.146910E+10
      126.00  0.339799E+06 0.167011E+08 0.166101E+09 0.145550E+10
      130.00  0.341612E+06 0.165970E+08 0.166733E+09 0.144156E+10
      134.00  0.343333E+06 0.164890E+08 0.167318E+09 0.142731E+10
      138.00  0.344969E+06 0.163776E+08 0.167861E+09 0.141282E+10
      142.00  0.346527E+06 0.162633E+08 0.168364E+09 0.139812E+10
      146.00  0.348015E+06 0.161465E+08 0.168831E+09 0.138326E+10
      150.00  0.349437E+06 0.160276E+08 0.169266E+09 0.136826E+10
      154.00  0.350798E+06 0.159068E+08 0.169670E+09 0.135316E+10
      158.00  0.352102E+06 0.157844E+08 0.170045E+09 0.133797E+10
      162.00  0.353351E+06 0.156606E+08 0.170393E+09 0.132272E+10
      166.00  0.354549E+06 0.155356E+08 0.170716E+09 0.130743E+10
      170.00  0.355699E+06 0.154096E+08 0.171014E+09 0.129211E+10
      174.00  0.356805E+06 0.152829E+08 0.171291E+09 0.127679E+10
      178.00  0.357871E+06 0.151556E+08 0.171548E+09 0.126148E+10
      182.00  0.358899E+06 0.150279E+08 0.171786E+09 0.124619E+10
      186.00  0.359891E+06 0.148999E+08 0.172006E+09 0.123094E+10
      190.00  0.360849E+06 0.147718E+08 0.172210E+09 0.121574E+10
      194.00  0.361774E+06 0.146435E+08 0.172397E+09 0.120059E+10
      198.00  0.362668E+06 0.145153E+08 0.172569E+09 0.118550E+10
      202.00  0.363532E+06 0.143871E+08 0.172727E+09 0.117048E+10
      206.00  0.364367E+06 0.142590E+08 0.172870E+09 0.115554E+10
      210.00  0.365175E+06 0.141311E+08 0.173000E+09 0.114067E+10
      214.00  0.365958E+06 0.140036E+08 0.173118E+09 0.112590E+10
      218.00  0.366717E+06 0.138764E+08 0.173224E+09 0.111122E+10
      222.00  0.367452E+06 0.137497E+08 0.173320E+09 0.109663E+10
      226.00  0.368165E+06 0.136234E+08 0.173404E+09 0.108215E+10
      230.00  0.368856E+06 0.134975E+08 0.173477E+09 0.106776E+10
      234.00  0.369525E+06 0.133721E+08 0.173540E+09 0.105348E+10
      238.00  0.370172E+06 0.132473E+08 0.173593E+09 0.103930E+10
      242.00  0.370797E+06 0.131229E+08 0.173635E+09 0.102523E+10
      246.00  0.371403E+06 0.129992E+08 0.173668E+09 0.101127E+10
      250.00  0.371988E+06 0.128760E+08 0.173692E+09 0.997423E+09
      254.00  0.372555E+06 0.127534E+08 0.173707E+09 0.983687E+09
      258.00  0.373103E+06 0.126315E+08 0.173713E+09 0.970065E+09
      262.00  0.373633E+06 0.125102E+08 0.173710E+09 0.956560E+09
      266.00  0.374145E+06 0.123896E+08 0.173699E+09 0.943170E+09
      270.00  0.374639E+06 0.122697E+08 0.173680E+09 0.929897E+09
      274.00  0.375115E+06 0.121505E+08 0.173653E+09 0.916741E+09
      282.00  0.376015E+06 0.119140E+08 0.173574E+09 0.890778E+09
      290.00  0.376847E+06 0.116804E+08 0.173464E+09 0.865286E+09
      298.00  0.377614E+06 0.114497E+08 0.173324E+09 0.840272E+09
      306.00  0.378321E+06 0.112220E+08 0.173158E+09 0.815739E+09
      314.00  0.378968E+06 0.109973E+08 0.172964E+09 0.791688E+09
      322.00  0.379558E+06 0.107758E+08 0.172746E+09 0.768116E+09
      330.00  0.380091E+06 0.105573E+08 0.172502E+09 0.745022E+09
      338.00  0.380569E+06 0.103420E+08 0.172234E+09 0.722405E+09
      346.00  0.380996E+06 0.101298E+08 0.171945E+09 0.700265E+09
      354.00  0.381375E+06 0.992085E+07 0.171634E+09 0.678601E+09
      362.00  0.381705E+06 0.971510E+07 0.171303E+09 0.657407E+09
      370.00  0.381989E+06 0.951252E+07 0.170952E+09 0.636680E+09
      378.00  0.382225E+06 0.931309E+07 0.170581E+09 0.616412E+09
      386.00  0.382416E+06 0.911680E+07 0.170192E+09 0.596599E+09
      394.00  0.382563E+06 0.892364E+07 0.169784E+09 0.577237E+09
      402.00  0.382667E+06 0.873360E+07 0.169359E+09 0.558321E+09
      410.00  0.382729E+06 0.854666E+07 0.168916E+09 0.539846E+09
      418.00  0.382748E+06 0.836276E+07 0.168457E+09 0.521804E+09
      426.00  0.382726E+06 0.818186E+07 0.167981E+09 0.504188E+09
      434.00  0.382661E+06 0.800394E+07 0.167488E+09 0.486992E+09
      442.00  0.382555E+06 0.782895E+07 0.166978E+09 0.470211E+09
      450.00  0.382409E+06 0.765689E+07 0.166453E+09 0.453839E+09
      458.00  0.382224E+06 0.748772E+07 0.165913E+09 0.437870E+09
      466.00  0.382000E+06 0.732142E+07 0.165358E+09 0.422299E+09
      474.00  0.381737E+06 0.715794E+07 0.164788E+09 0.407119E+09
      482.00  0.381436E+06 0.699725E+07 0.164204E+09 0.392323E+09
      490.00  0.381097E+06 0.683932E+07 0.163606E+09 0.377907E+09
      498.00  0.380721E+06 0.668413E+07 0.162993E+09 0.363863E+09
      506.00  0.380309E+06 0.653164E+07 0.162368E+09 0.350188E+09
      514.00  0.379863E+06 0.638185E+07 0.161731E+09 0.336875E+09
      522.00  0.379382E+06 0.623472E+07 0.161081E+09 0.323919E+09
      530.00  0.378869E+06 0.609022E+07 0.160419E+09 0.311314E+09
      538.00  0.378323E+06 0.594831E+07 0.159746E+09 0.299054E+09
      546.00  0.377744E+06 0.580897E+07 0.159062E+09 0.287132E+09
      554.00  0.377133E+06 0.567215E+07 0.158367E+09 0.275544E+09
      562.00  0.376492E+06 0.553784E+07 0.157661E+09 0.264284E+09
      570.00  0.375822E+06 0.540601E+07 0.156946E+09 0.253346E+09
      578.00  0.375122E+06 0.527662E+07 0.156221E+09 0.242724E+09
      586.00  0.374393E+06 0.514965E+07 0.155487E+09 0.232413E+09
      596.00  0.373443E+06 0.499427E+07 0.154556E+09 0.219953E+09
      606.00  0.372449E+06 0.484253E+07 0.153612E+09 0.207958E+09
      616.00  0.371411E+06 0.469437E+07 0.152654E+09 0.196417E+09
      626.00  0.370332E+06 0.454973E+07 0.151683E+09 0.185321E+09
      636.00  0.369211E+06 0.440855E+07 0.150700E+09 0.174657E+09
      646.00  0.368051E+06 0.427076E+07 0.149705E+09 0.164417E+09
      656.00  0.366851E+06 0.413631E+07 0.148699E+09 0.154589E+09
      666.00  0.365612E+06 0.400512E+07 0.147681E+09 0.145164E+09
      676.00  0.364335E+06 0.387714E+07 0.146652E+09 0.136131E+09
      686.00  0.363019E+06 0.375230E+07 0.145613E+09 0.127480E+09
      696.00  0.361667E+06 0.363056E+07 0.144565E+09 0.119203E+09
      706.00  0.360280E+06 0.351186E+07 0.143506E+09 0.111289E+09
      716.00  0.358858E+06 0.339614E+07 0.142439E+09 0.103729E+09
      726.00  0.357402E+06 0.328335E+07 0.141364E+09 0.965151E+08
      736.00  0.355914E+06 0.317343E+07 0.140281E+09 0.896369E+08
      746.00  0.354393E+06 0.306633E+07 0.139189E+09 0.830859E+08
      756.00  0.352841E+06 0.296200E+07 0.138091E+09 0.768532E+08
      766.00  0.351259E+06 0.286039E+07 0.136987E+09 0.709304E+08
      776.00  0.349648E+06 0.276144E+07 0.135876E+09 0.653090E+08
      786.00  0.348010E+06 0.266512E+07 0.134759E+09 0.599807E+08
      796.00  0.346344E+06 0.257136E+07 0.133638E+09 0.549371E+08
      806.00  0.344652E+06 0.248011E+07 0.132512E+09 0.501702E+08
      816.00  0.342935E+06 0.239133E+07 0.131381E+09 0.456720E+08
      826.00  0.341192E+06 0.230497E+07 0.130246E+09 0.414347E+08
      836.00  0.339426E+06 0.222098E+07 0.129108E+09 0.374505E+08
      846.00  0.337637E+06 0.213931E+07 0.127966E+09 0.337120E+08
      856.00  0.335826E+06 0.205992E+07 0.126821E+09 0.302118E+08
      866.00  0.333993E+06 0.198275E+07 0.125674E+09 0.269426E+08
      876.00  0.332139E+06 0.190777E+07 0.124525E+09 0.238972E+08
      886.00  0.330265E+06 0.183492E+07 0.123373E+09 0.210687E+08
      896.00  0.328371E+06 0.176417E+07 0.122220E+09 0.184500E+08
      906.00  0.326458E+06 0.169546E+07 0.121065E+09 0.160346E+08
      916.00  0.324527E+06 0.162876E+07 0.119909E+09 0.138158E+08
      926.00  0.322578E+06 0.156402E+07 0.118752E+09 0.117872E+08
      936.00  0.320612E+06 0.150120E+07 0.117595E+09 0.994242E+07
      946.00  0.318630E+06 0.144027E+07 0.116438E+09 0.827524E+07
      956.00  0.316633E+06 0.138117E+07 0.115280E+09 0.677956E+07
      966.00  0.314621E+06 0.132388E+07 0.114124E+09 0.544944E+07
      976.00  0.312594E+06 0.126834E+07 0.112967E+09 0.427903E+07
      986.00  0.310554E+06 0.121453E+07 0.111812E+09 0.326262E+07
      996.00  0.308501E+06 0.116240E+07 0.110658E+09 0.239462E+07
     1006.00  0.306435E+06 0.111193E+07 0.109505E+09 0.166953E+07
     1016.00  0.304359E+06 0.106306E+07 0.108354E+09 0.108202E+07
     1026.00  0.302272E+06 0.101577E+07 0.107206E+09 0.626818E+06
     1036.00  0.300175E+06 0.970024E+06 0.106059E+09 0.298811E+06
     1046.00  0.298068E+06 0.925780E+06 0.104915E+09 0.929825E+05
     1056.00  0.295952E+06 0.883006E+06 0.103774E+09 0.443264E+04
     1066.00  0.293827E+06 0.841668E+06 0.102636E+09 0.283733E+05
     1076.00  0.291695E+06 0.801734E+06 0.101501E+09 0.160127E+06
     1086.00  0.289556E+06 0.763170E+06 0.100369E+09 0.395124E+06
     1096.00  0.287410E+06 0.725945E+06 0.992411E+08 0.728905E+06
     1106.00  0.285258E+06 0.690027E+06 0.981171E+08 0.115712E+07
     1116.00  0.283101E+06 0.655384E+06 0.969970E+08 0.167551E+07
     1126.00  0.280939E+06 0.621985E+06 0.958812E+08 0.227993E+07
     1136.00  0.278771E+06 0.589801E+06 0.947696E+08 0.296634E+07
     1146.00  0.276600E+06 0.558800E+06 0.936626E+08 0.373079E+07
     1156.00  0.274424E+06 0.528956E+06 0.925602E+08 0.456944E+07
     1166.00  0.272246E+06 0.500238E+06 0.914626E+08 0.547853E+07
     1176.00  0.270065E+06 0.472619E+06 0.903701E+08 0.645441E+07
     1186.00  0.267881E+06 0.446071E+06 0.892827E+08 0.749353E+07
     1196.00  0.265696E+06 0.420568E+06 0.882007E+08 0.859241E+07
     1206.00  0.263509E+06 0.396083E+06 0.871241E+08 0.974768E+07
     1216.00  0.261321E+06 0.372589E+06 0.860530E+08 0.109560E+08
     1226.00  0.259133E+06 0.350061E+06 0.849877E+08 0.122143E+08
     1236.00  0.256944E+06 0.328473E+06 0.839281E+08 0.135194E+08
     1246.00  0.254755E+06 0.307803E+06 0.828746E+08 0.148682E+08
     1256.00  0.252567E+06 0.288024E+06 0.818271E+08 0.162578E+08
     1266.00  0.250381E+06 0.269114E+06 0.807859E+08 0.176854E+08
     1276.00  0.248196E+06 0.251049E+06 0.797511E+08 0.191483E+08
     1286.00  0.246013E+06 0.233806E+06 0.787228E+08 0.206436E+08
     1296.00  0.243832E+06 0.217364E+06 0.777010E+08 0.221688E+08
     1306.00  0.241654E+06 0.201699E+06 0.766860E+08 0.237214E+08
     1316.00  0.239479E+06 0.186791E+06 0.756778E+08 0.252988E+08
     1326.00  0.237307E+06 0.172618E+06 0.746764E+08 0.268988E+08
     1336.00  0.235140E+06 0.159159E+06 0.736820E+08 0.285189E+08
     1346.00  0.232976E+06 0.146395E+06 0.726947E+08 0.301571E+08
     1356.00  0.230817E+06 0.134304E+06 0.717146E+08 0.318110E+08
     1366.00  0.228663E+06 0.122869E+06 0.707417E+08 0.334786E+08
     1376.00  0.226515E+06 0.112069E+06 0.697762E+08 0.351579E+08
     1386.00  0.224371E+06 0.101886E+06 0.688182E+08 0.368470E+08
     1396.00  0.222234E+06 0.923008E+05 0.678675E+08 0.385438E+08
     1406.00  0.220103E+06 0.832964E+05 0.669244E+08 0.402466E+08
     1416.00  0.217978E+06 0.748546E+05 0.659889E+08 0.419536E+08
     1426.00  0.215859E+06 0.669582E+05 0.650609E+08 0.436631E+08
     1436.00  0.213748E+06 0.595904E+05 0.641406E+08 0.453734E+08
     1446.00  0.211643E+06 0.527345E+05 0.632281E+08 0.470830E+08
     1456.00  0.209547E+06 0.463745E+05 0.623233E+08 0.487903E+08
     1466.00  0.207457E+06 0.404944E+05 0.614263E+08 0.504938E+08
     1476.00  0.205376E+06 0.350787E+05 0.605372E+08 0.521922E+08
     1486.00  0.203303E+06 0.301122E+05 0.596560E+08 0.538840E+08
     1496.00  0.201238E+06 0.255800E+05 0.587827E+08 0.555679E+08
     1506.00  0.199181E+06 0.214678E+05 0.579172E+08 0.572427E+08
     1516.00  0.197133E+06 0.177611E+05 0.570598E+08 0.589072E+08
     1526.00  0.195095E+06 0.144462E+05 0.562103E+08 0.605601E+08
     1536.00  0.193065E+06 0.115095E+05 0.553688E+08 0.622004E+08
     1546.00  0.191045E+06 0.893764E+04 0.545353E+08 0.638270E+08
     1556.00  0.189034E+06 0.671771E+04 0.537098E+08 0.654389E+08
     1566.00  0.187033E+06 0.483702E+04 0.528925E+08 0.670352E+08
     1576.00  0.185042E+06 0.328317E+04 0.520832E+08 0.686149E+08
     1586.00  0.183061E+06 0.204404E+04 0.512820E+08 0.701771E+08
     1596.00  0.181090E+06 0.110781E+04 0.504889E+08 0.717210E+08
     1606.00  0.179130E+06 0.462939E+03 0.497038E+08 0.732458E+08
     1616.00  0.177181E+06 0.981350E+02 0.489268E+08 0.747507E+08
     1626.00  0.175242E+06 0.239172E+01 0.481580E+08 0.762350E+08
     1636.00  0.173314E+06 0.164961E+03 0.473972E+08 0.776980E+08
     1646.00  0.171397E+06 0.575353E+03 0.466445E+08 0.791391E+08
     1656.00  0.169491E+06 0.122333E+04 0.458999E+08 0.805577E+08
     1666.00  0.167597E+06 0.209892E+04 0.451634E+08 0.819533E+08
     1676.00  0.165714E+06 0.319237E+04 0.444349E+08 0.833253E+08
     1686.00  0.163843E+06 0.449419E+04 0.437146E+08 0.846731E+08
     1696.00  0.161984E+06 0.599512E+04 0.430022E+08 0.859964E+08
     1706.00  0.160136E+06 0.768614E+04 0.422979E+08 0.872946E+08
     1716.00  0.158300E+06 0.955844E+04 0.416015E+08 0.885674E+08
     1726.00  0.156477E+06 0.116035E+05 0.409131E+08 0.898144E+08
     1736.00  0.154665E+06 0.138128E+05 0.402327E+08 0.910352E+08
     1746.00  0.152866E+06 0.161785E+05 0.395602E+08 0.922295E+08
     1756.00  0.151079E+06 0.186924E+05 0.388956E+08 0.933971E+08
     1766.00  0.149304E+06 0.213469E+05 0.382389E+08 0.945376E+08
     1776.00  0.147541E+06 0.241346E+05 0.375900E+08 0.956508E+08
     1786.00  0.145792E+06 0.270480E+05 0.369490E+08 0.967366E+08
     1796.00  0.144054E+06 0.300801E+05 0.363157E+08 0.977946E+08
     1806.00  0.142330E+06 0.332241E+05 0.356902E+08 0.988249E+08
     1816.00  0.140618E+06 0.364730E+05 0.350724E+08 0.998270E+08
     1826.00  0.138918E+06 0.398205E+05 0.344622E+08 0.100801E+09
     1836.00  0.137232E+06 0.432601E+05 0.338597E+08 0.101747E+09
     1846.00  0.135558E+06 0.467857E+05 0.332648E+08 0.102664E+09
     1856.00  0.133897E+06 0.503913E+05 0.326774E+08 0.103554E+09
     1866.00  0.132250E+06 0.540711E+05 0.320976E+08 0.104414E+09
     1876.00  0.130615E+06 0.578195E+05 0.315252E+08 0.105247E+09
     1886.00  0.128993E+06 0.616308E+05 0.309603E+08 0.106050E+09
     1896.00  0.127384E+06 0.654999E+05 0.304028E+08 0.106826E+09
     1906.00  0.125788E+06 0.694216E+05 0.298527E+08 0.107573E+09
     1916.00  0.124205E+06 0.733909E+05 0.293098E+08 0.108292E+09
     1926.00  0.122636E+06 0.774028E+05 0.287742E+08 0.108983E+09
     1936.00  0.121079E+06 0.814527E+05 0.282459E+08 0.109645E+09
     1946.00  0.119536E+06 0.855361E+05 0.277247E+08 0.110280E+09
     1956.00  0.118005E+06 0.896486E+05 0.272106E+08 0.110886E+09
     1966.00  0.116488E+06 0.937858E+05 0.267036E+08 0.111465E+09
     1976.00  0.114984E+06 0.979437E+05 0.262036E+08 0.112016E+09
     1986.00  0.113494E+06 0.102118E+06 0.257106E+08 0.112540E+09
     1996.00  0.112016E+06 0.106306E+06 0.252245E+08 0.113036E+09
     2006.00  0.110552E+06 0.110502E+06 0.247453E+08 0.113505E+09
     2016.00  0.109101E+06 0.114704E+06 0.242729E+08 0.113947E+09
     2026.00  0.107663E+06 0.118909E+06 0.238073E+08 0.114363E+09
     2036.00  0.106238E+06 0.123111E+06 0.233484E+08 0.114751E+09
     2046.00  0.104826E+06 0.127310E+06 0.228962E+08 0.115114E+09
     2056.00  0.103428E+06 0.131500E+06 0.224505E+08 0.115450E+09
     2066.00  0.102042E+06 0.135680E+06 0.220114E+08 0.115761E+09
     2076.00  0.100670E+06 0.139846E+06 0.215788E+08 0.116046E+09
     2086.00  0.993104E+05 0.143996E+06 0.211526E+08 0.116305E+09
     2096.00  0.979640E+05 0.148127E+06 0.207328E+08 0.116540E+09
     2106.00  0.966307E+05 0.152237E+06 0.203194E+08 0.116750E+09
     2116.00  0.953103E+05 0.156322E+06 0.199122E+08 0.116935E+09
     2126.00  0.940029E+05 0.160381E+06 0.195112E+08 0.117095E+09
     2136.00  0.927083E+05 0.164411E+06 0.191164E+08 0.117232E+09
     2146.00  0.914266E+05 0.168410E+06 0.187276E+08 0.117345E+09
     2156.00  0.901577E+05 0.172376E+06 0.183449E+08 0.117435E+09
     2166.00  0.889016E+05 0.176307E+06 0.179682E+08 0.117501E+09
     2176.00  0.876581E+05 0.180201E+06 0.175974E+08 0.117545E+09
     2186.00  0.864274E+05 0.184057E+06 0.172324E+08 0.117566E+09
     2196.00  0.852092E+05 0.187872E+06 0.168732E+08 0.117565E+09
     2206.00  0.840037E+05 0.191644E+06 0.165198E+08 0.117542E+09
     2216.00  0.828107E+05 0.195373E+06 0.161721E+08 0.117498E+09
     2226.00  0.816302E+05 0.199057E+06 0.158300E+08 0.117432E+09
     2236.00  0.804621E+05 0.202694E+06 0.154934E+08 0.117346E+09
     2246.00  0.793064E+05 0.206283E+06 0.151624E+08 0.117239E+09
     2256.00  0.781631E+05 0.209823E+06 0.148368E+08 0.117111E+09
     2266.00  0.770320E+05 0.213312E+06 0.145166E+08 0.116964E+09
     2276.00  0.759131E+05 0.216750E+06 0.142017E+08 0.116797E+09
     2286.00  0.748064E+05 0.220135E+06 0.138921E+08 0.116612E+09
     2296.00  0.737117E+05 0.223466E+06 0.135877E+08 0.116407E+09
     2306.00  0.726291E+05 0.226742E+06 0.132885E+08 0.116184E+09
     2316.00  0.715585E+05 0.229963E+06 0.129944E+08 0.115942E+09
     2326.00  0.704998E+05 0.233127E+06 0.127053E+08 0.115683E+09
     2336.00  0.694529E+05 0.236235E+06 0.124212E+08 0.115406E+09
     2346.00  0.684179E+05 0.239284E+06 0.121420E+08 0.115113E+09
     2356.00  0.673945E+05 0.242275E+06 0.118677E+08 0.114802E+09
     2366.00  0.663829E+05 0.245207E+06 0.115982E+08 0.114475E+09
     2376.00  0.653828E+05 0.248079E+06 0.113334E+08 0.114132E+09
     2386.00  0.643942E+05 0.250891E+06 0.110734E+08 0.113774E+09
     2396.00  0.634171E+05 0.253643E+06 0.108179E+08 0.113399E+09
     2406.00  0.624513E+05 0.256333E+06 0.105671E+08 0.113010E+09
     2416.00  0.614969E+05 0.258963E+06 0.103208E+08 0.112607E+09
     2426.00  0.605536E+05 0.261530E+06 0.100789E+08 0.112188E+09
     2436.00  0.596216E+05 0.264036E+06 0.984144E+07 0.111756E+09
     2446.00  0.587006E+05 0.266479E+06 0.960834E+07 0.111311E+09
     2456.00  0.577906E+05 0.268860E+06 0.937953E+07 0.110851E+09
     2466.00  0.568915E+05 0.271178E+06 0.915497E+07 0.110379E+09
     2476.00  0.560033E+05 0.273434E+06 0.893459E+07 0.109895E+09
     2486.00  0.551259E+05 0.275628E+06 0.871835E+07 0.109398E+09
     2496.00  0.542592E+05 0.277758E+06 0.850618E+07 0.108889E+09
     2506.00  0.534031E+05 0.279826E+06 0.829803E+07 0.108368E+09
     2516.00  0.525575E+05 0.281832E+06 0.809384E+07 0.107836E+09
     2526.00  0.517224E+05 0.283774E+06 0.789357E+07 0.107293E+09
     2536.00  0.508977E+05 0.285654E+06 0.769716E+07 0.106739E+09
     2546.00  0.500832E+05 0.287472E+06 0.750455E+07 0.106175E+09
     2556.00  0.492790E+05 0.289227E+06 0.731570E+07 0.105601E+09
     2566.00  0.484850E+05 0.290920E+06 0.713054E+07 0.105017E+09
     2576.00  0.477010E+05 0.292551E+06 0.694904E+07 0.104424E+09
     2586.00  0.469269E+05 0.294121E+06 0.677113E+07 0.103821E+09
     2596.00  0.461628E+05 0.295629E+06 0.659677E+07 0.103210E+09
     2606.00  0.454085E+05 0.297077E+06 0.642590E+07 0.102590E+09
     2616.00  0.446640E+05 0.298463E+06 0.625848E+07 0.101962E+09
     2626.00  0.439291E+05 0.299789E+06 0.609445E+07 0.101326E+09
     2636.00  0.432037E+05 0.301055E+06 0.593377E+07 0.100683E+09
     2646.00  0.424879E+05 0.302261E+06 0.577638E+07 0.100032E+09
     2656.00  0.417815E+05 0.303408E+06 0.562224E+07 0.993739E+08
     2666.00  0.410844E+05 0.304496E+06 0.547130E+07 0.987092E+08
     2676.00  0.403965E+05 0.305526E+06 0.532350E+07 0.980381E+08
     2686.00  0.397179E+05 0.306497E+06 0.517880E+07 0.973608E+08
     2696.00  0.390483E+05 0.307411E+06 0.503716E+07 0.966775E+08
     2706.00  0.383877E+05 0.308268E+06 0.489853E+07 0.959886E+08
     2716.00  0.377360E+05 0.309068E+06 0.476285E+07 0.952943E+08
     2726.00  0.370932E+05 0.309813E+06 0.463010E+07 0.945949E+08
     2736.00  0.364591E+05 0.310501E+06 0.450021E+07 0.938907E+08
     2746.00  0.358337E+05 0.311135E+06 0.437315E+07 0.931819E+08
     2756.00  0.352170E+05 0.311714E+06 0.424886E+07 0.924687E+08
     2766.00  0.346087E+05 0.312240E+06 0.412731E+07 0.917515E+08
     2776.00  0.340089E+05 0.312712E+06 0.400845E+07 0.910304E+08
     2786.00  0.334174E+05 0.313132E+06 0.389224E+07 0.903057E+08
     2796.00  0.328342E+05 0.313499E+06 0.377863E+07 0.895776E+08
     2806.00  0.322591E+05 0.313815E+06 0.366758E+07 0.888463E+08
     2816.00  0.316922E+05 0.314079E+06 0.355905E+07 0.881122E+08
     2826.00  0.311333E+05 0.314294E+06 0.345299E+07 0.873754E+08
     2836.00  0.305824E+05 0.314459E+06 0.334938E+07 0.866361E+08
     2846.00  0.300393E+05 0.314575E+06 0.324815E+07 0.858946E+08
     2856.00  0.295040E+05 0.314642E+06 0.314928E+07 0.851511E+08
     2866.00  0.289764E+05 0.314662E+06 0.305273E+07 0.844058E+08
     2876.00  0.284564E+05 0.314635E+06 0.295845E+07 0.836589E+08
     2886.00  0.279440E+05 0.314561E+06 0.286640E+07 0.829106E+08
     2896.00  0.274391E+05 0.314441E+06 0.277655E+07 0.821611E+08
     2906.00  0.269415E+05 0.314277E+06 0.268886E+07 0.814106E+08
     2916.00  0.264513E+05 0.314068E+06 0.260329E+07 0.806593E+08
     2926.00  0.259682E+05 0.313815E+06 0.251980E+07 0.799073E+08
     2936.00  0.254923E+05 0.313519E+06 0.243835E+07 0.791550E+08
     2946.00  0.250235E+05 0.313180E+06 0.235892E+07 0.784023E+08
     2956.00  0.245617E+05 0.312800E+06 0.228145E+07 0.776496E+08
     2966.00  0.241068E+05 0.312378E+06 0.220592E+07 0.768970E+08
     2976.00  0.236588E+05 0.311917E+06 0.213230E+07 0.761447E+08
     2986.00  0.232175E+05 0.311415E+06 0.206054E+07 0.753928E+08
     2996.00  0.227829E+05 0.310875E+06 0.199061E+07 0.746416E+08
     3006.00  0.223549E+05 0.310296E+06 0.192249E+07 0.738911E+08
     3016.00  0.219335E+05 0.309679E+06 0.185612E+07 0.731415E+08
     3026.00  0.215185E+05 0.309026E+06 0.179149E+07 0.723930E+08
     3036.00  0.211100E+05 0.308336E+06 0.172856E+07 0.716458E+08
     3046.00  0.207077E+05 0.307611E+06 0.166730E+07 0.708999E+08
     3056.00  0.203117E+05 0.306850E+06 0.160766E+07 0.701556E+08
     3066.00  0.199218E+05 0.306056E+06 0.154964E+07 0.694129E+08
     3076.00  0.195381E+05 0.305228E+06 0.149318E+07 0.686720E+08
     3086.00  0.191604E+05 0.304367E+06 0.143827E+07 0.679330E+08
     3096.00  0.187886E+05 0.303473E+06 0.138486E+07 0.671962E+08
     3106.00  0.184227E+05 0.302549E+06 0.133294E+07 0.664614E+08
     3116.00  0.180627E+05 0.301593E+06 0.128247E+07 0.657291E+08
     3126.00  0.177084E+05 0.300607E+06 0.123343E+07 0.649991E+08
     3136.00  0.173597E+05 0.299592E+06 0.118578E+07 0.642717E+08
     3146.00  0.170167E+05 0.298548E+06 0.113949E+07 0.635470E+08
     3156.00  0.166792E+05 0.297476E+06 0.109455E+07 0.628251E+08
     3166.00  0.163472E+05 0.296376E+06 0.105091E+07 0.621061E+08
     3176.00  0.160206E+05 0.295250E+06 0.100856E+07 0.613901E+08
     3186.00  0.156993E+05 0.294097E+06 0.967472E+06 0.606772E+08
     3196.00  0.153833E+05 0.292918E+06 0.927611E+06 0.599674E+08
     3206.00  0.150725E+05 0.291715E+06 0.888955E+06 0.592610E+08
     3216.00  0.147668E+05 0.290487E+06 0.851479E+06 0.585579E+08
     3226.00  0.144662E+05 0.289236E+06 0.815157E+06 0.578584E+08
     3236.00  0.141706E+05 0.287962E+06 0.779966E+06 0.571623E+08
     3246.00  0.138799E+05 0.286665E+06 0.745881E+06 0.564700E+08
     3256.00  0.135941E+05 0.285346E+06 0.712877E+06 0.557813E+08
     3266.00  0.133131E+05 0.284006E+06 0.680931E+06 0.550965E+08
     3276.00  0.130369E+05 0.282646E+06 0.650020E+06 0.544156E+08
     3286.00  0.127654E+05 0.281265E+06 0.620121E+06 0.537386E+08
     3296.00  0.124985E+05 0.279866E+06 0.591212E+06 0.530656E+08
     3306.00  0.122361E+05 0.278447E+06 0.563269E+06 0.523968E+08
     3316.00  0.119783E+05 0.277010E+06 0.536272E+06 0.517321E+08
     3326.00  0.117249E+05 0.275556E+06 0.510199E+06 0.510717E+08
     3336.00  0.114759E+05 0.274084E+06 0.485028E+06 0.504155E+08
     3346.00  0.112312E+05 0.272596E+06 0.460739E+06 0.497636E+08
     3356.00  0.109908E+05 0.271092E+06 0.437312E+06 0.491162E+08
     3366.00  0.107546E+05 0.269572E+06 0.414725E+06 0.484732E+08
     3376.00  0.105225E+05 0.268038E+06 0.392960E+06 0.478347E+08
     3386.00  0.102945E+05 0.266489E+06 0.371997E+06 0.472008E+08
     3396.00  0.100706E+05 0.264926E+06 0.351816E+06 0.465714E+08
     3406.00  0.985067E+04 0.263350E+06 0.332400E+06 0.459467E+08
     3416.00  0.963465E+04 0.261762E+06 0.313729E+06 0.453267E+08
     3426.00  0.942250E+04 0.260161E+06 0.295785E+06 0.447114E+08
     3436.00  0.921416E+04 0.258549E+06 0.278550E+06 0.441009E+08
     3446.00  0.900959E+04 0.256925E+06 0.262007E+06 0.434952E+08
     3456.00  0.880873E+04 0.255290E+06 0.246138E+06 0.428943E+08
     3466.00  0.861152E+04 0.253646E+06 0.230927E+06 0.422982E+08
     3476.00  0.841792E+04 0.251991E+06 0.216357E+06 0.417071E+08
     3486.00  0.822786E+04 0.250328E+06 0.202411E+06 0.411209E+08
     3496.00  0.804131E+04 0.248655E+06 0.189073E+06 0.405396E+08
     3506.00  0.785821E+04 0.246974E+06 0.176327E+06 0.399633E+08
     3516.00  0.767851E+04 0.245285E+06 0.164159E+06 0.393920E+08
     3526.00  0.750216E+04 0.243589E+06 0.152552E+06 0.388257E+08
     3536.00  0.732910E+04 0.241886E+06 0.141492E+06 0.382644E+08
     3546.00  0.715930E+04 0.240176E+06 0.130964E+06 0.377082E+08
     3556.00  0.699271E+04 0.238461E+06 0.120954E+06 0.371570E+08
     3566.00  0.682927E+04 0.236739E+06 0.111447E+06 0.366109E+08
     3576.00  0.666894E+04 0.235013E+06 0.102430E+06 0.360700E+08
     3586.00  0.651167E+04 0.233281E+06 0.938888E+05 0.355341E+08
     3596.00  0.635742E+04 0.231545E+06 0.858102E+05 0.350033E+08
     3606.00  0.620614E+04 0.229806E+06 0.781811E+05 0.344776E+08
     3616.00  0.605779E+04 0.228062E+06 0.709886E+05 0.339571E+08
     3626.00  0.591231E+04 0.226315E+06 0.642202E+05 0.334417E+08
     3636.00  0.576968E+04 0.224566E+06 0.578634E+05 0.329314E+08
     3646.00  0.562983E+04 0.222813E+06 0.519062E+05 0.324263E+08
     3656.00  0.549274E+04 0.221059E+06 0.463366E+05 0.319263E+08
     3666.00  0.535835E+04 0.219303E+06 0.411430E+05 0.314314E+08
     3676.00  0.522663E+04 0.217546E+06 0.363141E+05 0.309416E+08
     3686.00  0.509752E+04 0.215787E+06 0.318385E+05 0.304570E+08
     3696.00  0.497100E+04 0.214028E+06 0.277054E+05 0.299775E+08
     3706.00  0.484703E+04 0.212268E+06 0.239041E+05 0.295030E+08
     3716.00  0.472555E+04 0.210508E+06 0.204240E+05 0.290337E+08
     3726.00  0.460653E+04 0.208749E+06 0.172547E+05 0.285695E+08
     3736.00  0.448993E+04 0.206990E+06 0.143864E+05 0.281104E+08
     3746.00  0.437572E+04 0.205232E+06 0.118090E+05 0.276564E+08
     3756.00  0.426385E+04 0.203476E+06 0.951284E+04 0.272074E+08
     3766.00  0.415429E+04 0.201720E+06 0.748858E+04 0.267635E+08
     3776.00  0.404699E+04 0.199967E+06 0.572692E+04 0.263246E+08
     3786.00  0.394193E+04 0.198215E+06 0.421879E+04 0.258907E+08
     3796.00  0.383906E+04 0.196466E+06 0.295534E+04 0.254618E+08
     3806.00  0.373834E+04 0.194720E+06 0.192790E+04 0.250379E+08
     3816.00  0.363976E+04 0.192976E+06 0.112801E+04 0.246190E+08
     3826.00  0.354325E+04 0.191236E+06 0.547367E+03 0.242050E+08
     3836.00  0.344880E+04 0.189499E+06 0.177877E+03 0.237960E+08
     3846.00  0.335637E+04 0.187765E+06 0.116167E+02 0.233918E+08
     3856.00  0.326592E+04 0.186036E+06 0.408473E+02 0.229926E+08
     3866.00  0.317743E+04 0.184310E+06 0.258004E+03 0.225982E+08
     3876.00  0.309085E+04 0.182589E+06 0.655696E+03 0.222087E+08
     3886.00  0.300615E+04 0.180873E+06 0.122670E+04 0.218240E+08
     3896.00  0.292331E+04 0.179162E+06 0.196398E+04 0.214441E+08
     3906.00  0.284229E+04 0.177455E+06 0.286063E+04 0.210689E+08
     3916.00  0.276306E+04 0.175754E+06 0.390993E+04 0.206986E+08
     3926.00  0.268559E+04 0.174058E+06 0.510533E+04 0.203329E+08
     3936.00  0.260984E+04 0.172368E+06 0.644042E+04 0.199719E+08
     3946.00  0.253580E+04 0.170684E+06 0.790895E+04 0.196156E+08
     3956.00  0.246342E+04 0.169006E+06 0.950482E+04 0.192640E+08
     3966.00  0.239268E+04 0.167334E+06 0.112221E+05 0.189169E+08
     3976.00  0.232355E+04 0.165668E+06 0.130549E+05 0.185744E+08
     3986.00  0.225600E+04 0.164009E+06 0.149977E+05 0.182365E+08
     3996.00  0.219000E+04 0.162357E+06 0.170450E+05 0.179031E+08
     4006.00  0.212553E+04 0.160712E+06 0.191912E+05 0.175742E+08
     4016.00  0.206255E+04 0.159074E+06 0.214313E+05 0.172498E+08
     4026.00  0.200105E+04 0.157443E+06 0.237602E+05 0.169298E+08
     4036.00  0.194099E+04 0.155820E+06 0.261728E+05 0.166142E+08
     4046.00  0.188235E+04 0.154204E+06 0.286643E+05 0.163030E+08
     4056.00  0.182509E+04 0.152596E+06 0.312300E+05 0.159961E+08
     4066.00  0.176921E+04 0.150995E+06 0.338654E+05 0.156935E+08
     4076.00  0.171467E+04 0.149403E+06 0.365659E+05 0.153952E+08
     4086.00  0.166144E+04 0.147819E+06 0.393273E+05 0.151011E+08
     4096.00  0.160950E+04 0.146243E+06 0.421454E+05 0.148112E+08
     4106.00  0.155883E+04 0.144675E+06 0.450159E+05 0.145255E+08
     4116.00  0.150941E+04 0.143116E+06 0.479350E+05 0.142440E+08
     4126.00  0.146120E+04 0.141566E+06 0.508988E+05 0.139665E+08
     4136.00  0.141419E+04 0.140024E+06 0.539035E+05 0.136931E+08
     4146.00  0.136836E+04 0.138491E+06 0.569455E+05 0.134238E+08
     4156.00  0.132368E+04 0.136967E+06 0.600212E+05 0.131584E+08
     4166.00  0.128012E+04 0.135452E+06 0.631272E+05 0.128970E+08
     4176.00  0.123768E+04 0.133946E+06 0.662602E+05 0.126395E+08
     4186.00  0.119632E+04 0.132450E+06 0.694168E+05 0.123860E+08
     4196.00  0.115602E+04 0.130962E+06 0.725941E+05 0.121363E+08
     4206.00  0.111677E+04 0.129484E+06 0.757889E+05 0.118904E+08
     4216.00  0.107855E+04 0.128015E+06 0.789982E+05 0.116482E+08
     4226.00  0.104133E+04 0.126556E+06 0.822194E+05 0.114099E+08
     4236.00  0.100509E+04 0.125107E+06 0.854495E+05 0.111752E+08
     4246.00  0.969813E+03 0.123667E+06 0.886859E+05 0.109442E+08
     4256.00  0.935484E+03 0.122237E+06 0.919260E+05 0.107169E+08
     4266.00  0.902080E+03 0.120817E+06 0.951674E+05 0.104932E+08
     4276.00  0.869584E+03 0.119406E+06 0.984075E+05 0.102730E+08
     4286.00  0.837976E+03 0.118005E+06 0.101644E+06 0.100564E+08
     4296.00  0.807238E+03 0.116615E+06 0.104875E+06 0.984323E+07
     4306.00  0.777354E+03 0.115234E+06 0.108098E+06 0.963355E+07
     4316.00  0.748305E+03 0.113863E+06 0.111311E+06 0.942728E+07
     4326.00  0.720073E+03 0.112503E+06 0.114512E+06 0.922440E+07
     4336.00  0.692643E+03 0.111152E+06 0.117698E+06 0.902488E+07
     4346.00  0.665996E+03 0.109812E+06 0.120869E+06 0.882866E+07
     4356.00  0.640118E+03 0.108482E+06 0.124022E+06 0.863572E+07
     4366.00  0.614991E+03 0.107162E+06 0.127156E+06 0.844602E+07
     4376.00  0.590600E+03 0.105852E+06 0.130269E+06 0.825952E+07
     4386.00  0.566928E+03 0.104553E+06 0.133359E+06 0.807620E+07
     4396.00  0.543962E+03 0.103264E+06 0.136425E+06 0.789600E+07
     4406.00  0.521684E+03 0.101985E+06 0.139465E+06 0.771890E+07
     4416.00  0.500081E+03 0.100717E+06 0.142478E+06 0.754486E+07
     4426.00  0.479138E+03 0.994591E+05 0.145462E+06 0.737384E+07
     4436.00  0.458841E+03 0.982115E+05 0.148417E+06 0.720581E+07
     4446.00  0.439174E+03 0.969742E+05 0.151340E+06 0.704073E+07
     4456.00  0.420125E+03 0.957473E+05 0.154232E+06 0.687857E+07
     4466.00  0.401679E+03 0.945309E+05 0.157090E+06 0.671929E+07
     4476.00  0.383823E+03 0.933248E+05 0.159914E+06 0.656286E+07
     4486.00  0.366544E+03 0.921291E+05 0.162703E+06 0.640924E+07
     4511.00  0.325785E+03 0.891854E+05 0.169513E+06 0.603726E+07
     4536.00  0.288354E+03 0.863067E+05 0.176083E+06 0.568209E+07
     4561.00  0.254060E+03 0.834928E+05 0.182401E+06 0.534320E+07
     4586.00  0.222723E+03 0.807435E+05 0.188455E+06 0.502007E+07
     4611.00  0.194171E+03 0.780584E+05 0.194239E+06 0.471216E+07
     4636.00  0.168237E+03 0.754373E+05 0.199744E+06 0.441897E+07
     4661.00  0.144764E+03 0.728798E+05 0.204965E+06 0.414000E+07
     4686.00  0.123602E+03 0.703853E+05 0.209897E+06 0.387474E+07
     4711.00  0.104605E+03 0.679533E+05 0.214539E+06 0.362271E+07
     4736.00  0.876380E+02 0.655833E+05 0.218886E+06 0.338344E+07
     4761.00  0.725692E+02 0.632746E+05 0.222940E+06 0.315645E+07
     4786.00  0.592740E+02 0.610266E+05 0.226699E+06 0.294129E+07
     4811.00  0.476339E+02 0.588385E+05 0.230164E+06 0.273750E+07
     4836.00  0.375360E+02 0.567096E+05 0.233338E+06 0.254466E+07
     4861.00  0.288729E+02 0.546391E+05 0.236222E+06 0.236233E+07
     4886.00  0.215426E+02 0.526263E+05 0.238821E+06 0.219009E+07
     4911.00  0.154482E+02 0.506702E+05 0.241137E+06 0.202754E+07
     4936.00  0.104978E+02 0.487701E+05 0.243175E+06 0.187428E+07
     4961.00  0.660400E+01 0.469250E+05 0.244941E+06 0.172991E+07
     4986.00  0.368426E+01 0.451340E+05 0.246439E+06 0.159408E+07
     5011.00  0.166025E+01 0.433962E+05 0.247675E+06 0.146640E+07
     5036.00  0.457842E+00 0.417108E+05 0.248655E+06 0.134652E+07
     5061.00  0.696892E-02 0.400766E+05 0.249387E+06 0.123411E+07
     5086.00  0.241413E+00 0.384928E+05 0.249876E+06 0.112881E+07
     5111.00  0.109866E+01 0.369584E+05 0.250130E+06 0.103031E+07
     5136.00  0.251976E+01 0.354723E+05 0.250156E+06 0.938296E+06
     5161.00  0.444913E+01 0.340337E+05 0.249962E+06 0.852455E+06
     5186.00  0.683447E+01 0.326415E+05 0.249554E+06 0.772494E+06
     5211.00  0.962658E+01 0.312947E+05 0.248941E+06 0.698128E+06
     5236.00  0.127792E+02 0.299924E+05 0.248130E+06 0.629081E+06
     5261.00  0.162491E+02 0.287334E+05 0.247129E+06 0.565085E+06
     5286.00  0.199954E+02 0.275169E+05 0.245946E+06 0.505885E+06
     5311.00  0.239802E+02 0.263418E+05 0.244589E+06 0.451230E+06
     5336.00  0.281677E+02 0.252072E+05 0.243066E+06 0.400882E+06
     5361.00  0.325249E+02 0.241120E+05 0.241384E+06 0.354610E+06
     5386.00  0.370206E+02 0.230553E+05 0.239551E+06 0.312193E+06
     5411.00  0.416261E+02 0.220360E+05 0.237575E+06 0.273416E+06
     5436.00  0.463145E+02 0.210534E+05 0.235464E+06 0.238076E+06
     5461.00  0.510610E+02 0.201063E+05 0.233224E+06 0.205973E+06
     5511.00  0.606376E+02 0.183151E+05 0.228391E+06 0.150736E+06
     5561.00  0.701922E+02 0.166551E+05 0.223133E+06 0.106281E+06
     5611.00  0.795863E+02 0.151190E+05 0.217506E+06 0.713030E+05
     5661.00  0.887040E+02 0.136998E+05 0.211565E+06 0.446083E+05
     5711.00  0.974497E+02 0.123906E+05 0.205359E+06 0.251067E+05
     5761.00  0.105746E+03 0.111849E+05 0.198936E+06 0.118075E+05
     5811.00  0.113532E+03 0.100762E+05 0.192342E+06 0.381234E+04
     5861.00  0.120759E+03 0.905851E+04 0.185619E+06 0.309778E+03
     5911.00  0.127394E+03 0.812588E+04 0.178806E+06 0.569465E+03
     5961.00  0.133413E+03 0.727271E+04 0.171940E+06 0.393652E+04
     6011.00  0.138802E+03 0.649364E+04 0.165054E+06 0.982614E+04
     6061.00  0.143556E+03 0.578355E+04 0.158179E+06 0.177185E+05
     6111.00  0.147676E+03 0.513757E+04 0.151343E+06 0.271535E+05
     6161.00  0.151169E+03 0.455108E+04 0.144572E+06 0.377265E+05
     6211.00  0.154050E+03 0.401971E+04 0.137888E+06 0.490835E+05
     6261.00  0.156335E+03 0.353931E+04 0.131310E+06 0.609167E+05
     6311.00  0.158045E+03 0.310597E+04 0.124858E+06 0.729608E+05
     6361.00  0.159203E+03 0.271601E+04 0.118547E+06 0.849888E+05
     6411.00  0.159837E+03 0.236597E+04 0.112390E+06 0.968088E+05
     6461.00  0.159973E+03 0.205258E+04 0.106398E+06 0.108260E+06
     6511.00  0.159640E+03 0.177279E+04 0.100582E+06 0.119211E+06
     6561.00  0.158869E+03 0.152375E+04 0.949485E+05 0.129554E+06
     6611.00  0.157690E+03 0.130279E+04 0.895049E+05 0.139206E+06
     6661.00  0.156133E+03 0.110743E+04 0.842555E+05 0.148102E+06
     6711.00  0.154228E+03 0.935342E+03 0.792037E+05 0.156196E+06
     6761.00  0.152007E+03 0.784381E+03 0.743518E+05 0.163459E+06
     6811.00  0.149497E+03 0.652549E+03 0.697006E+05 0.169873E+06
     6861.00  0.146729E+03 0.537995E+03 0.652503E+05 0.175433E+06
     6911.00  0.143729E+03 0.439010E+03 0.609996E+05 0.180144E+06
     6961.00  0.140526E+03 0.354014E+03 0.569469E+05 0.184021E+06
     7011.00  0.137144E+03 0.281555E+03 0.530896E+05 0.187084E+06
     7061.00  0.133608E+03 0.220297E+03 0.494244E+05 0.189360E+06
     7111.00  0.129942E+03 0.169012E+03 0.459475E+05 0.190883E+06
     7161.00  0.126168E+03 0.126578E+03 0.426546E+05 0.191686E+06
     7211.00  0.122307E+03 0.919676E+02 0.395411E+05 0.191811E+06
     7261.00  0.118379E+03 0.642458E+02 0.366017E+05 0.191298E+06
     7311.00  0.114403E+03 0.425602E+02 0.338312E+05 0.190190E+06
     7361.00  0.110395E+03 0.261373E+02 0.312239E+05 0.188532E+06
     7411.00  0.106372E+03 0.142765E+02 0.287740E+05 0.186366E+06
     7511.00  0.983376E+02 0.177189E+01 0.243227E+05 0.180692E+06
     7611.00  0.904046E+02 0.705380E+00 0.204287E+05 0.173512E+06
     7711.00  0.826598E+02 0.759208E+01 0.170436E+05 0.165157E+06
     7811.00  0.751737E+02 0.196713E+02 0.141191E+05 0.155929E+06
     7911.00  0.680023E+02 0.347901E+02 0.116090E+05 0.146104E+06
     8011.00  0.611881E+02 0.513014E+02 0.946867E+04 0.135927E+06
     8111.00  0.547620E+02 0.679748E+02 0.765624E+04 0.125611E+06
     8211.00  0.487443E+02 0.839199E+02 0.613249E+04 0.115334E+06
     8311.00  0.431466E+02 0.985207E+02 0.486120E+04 0.105249E+06
     8411.00  0.379729E+02 0.111379E+03 0.380920E+04 0.954769E+05
     8511.00  0.332207E+02 0.122268E+03 0.294632E+04 0.861135E+05
     8611.00  0.288823E+02 0.131093E+03 0.224541E+04 0.772314E+05
     8711.00  0.249456E+02 0.137857E+03 0.168218E+04 0.688822E+05
     8811.00  0.213952E+02 0.142637E+03 0.123506E+04 0.610992E+05
     8911.00  0.182130E+02 0.145558E+03 0.885059E+03 0.539002E+05
     9011.00  0.153790E+02 0.146780E+03 0.615576E+03 0.472898E+05
     9111.00  0.128717E+02 0.146481E+03 0.412198E+03 0.412620E+05
     9211.00  0.106689E+02 0.144849E+03 0.262511E+03 0.358019E+05
     9311.00  0.874797E+01 0.142072E+03 0.155908E+03 0.308879E+05
     9411.00  0.708629E+01 0.138331E+03 0.833972E+02 0.264931E+05
     9511.00  0.566144E+01 0.133802E+03 0.374236E+02 0.225871E+05
     9611.00  0.445150E+01 0.128643E+03 0.116981E+02 0.191366E+05
     9711.00  0.343531E+01 0.123002E+03 0.103883E+01 0.161075E+05
     9811.00  0.259257E+01 0.117011E+03 0.122372E+01 0.134646E+05
     9911.00  0.190396E+01 0.110787E+03 0.885675E+01 0.111735E+05
    10011.00  0.135124E+01 0.104430E+03 0.212464E+02 0.920010E+04
    10111.00  0.917320E+00 0.980300E+02 0.362964E+02 0.751186E+04
    10211.00  0.586275E+00 0.916599E+02 0.524096E+02 0.607772E+04
    10311.00  0.343378E+00 0.853821E+02 0.684013E+02 0.486848E+04
    10411.00  0.175096E+00 0.792474E+02 0.834255E+02 0.385692E+04
    10511.00  0.690795E-01 0.732969E+02 0.969098E+02 0.301797E+04
    10611.00  0.141331E-01 0.675625E+02 0.108500E+03 0.232862E+04
    10711.00  0.186787E-03 0.620685E+02 0.118011E+03 0.176802E+04
    10811.00  0.182530E-01 0.568324E+02 0.125390E+03 0.131738E+04
    10911.00  0.603799E-01 0.518659E+02 0.130680E+03 0.959889E+03
    11011.00  0.119600E+00 0.471760E+02 0.133995E+03 0.680630E+03
    11111.00  0.189876E+00 0.427652E+02 0.135495E+03 0.466463E+03
    11211.00  0.266042E+00 0.386331E+02 0.135370E+03 0.305902E+03
    11311.00  0.343746E+00 0.347761E+02 0.133825E+03 0.188978E+03
    11411.00  0.419390E+00 0.311887E+02 0.131070E+03 0.107113E+03
    11511.00  0.490071E+00 0.278635E+02 0.127310E+03 0.529868E+02
    11611.00  0.553516E+00 0.247918E+02 0.122741E+03 0.204056E+02
    11711.00  0.608031E+00 0.219639E+02 0.117543E+03 0.418374E+01
    11811.00  0.652436E+00 0.193693E+02 0.111884E+03 0.238109E-01
    11911.00  0.686014E+00 0.169971E+02 0.105908E+03 0.440796E+01
    12011.00  0.708451E+00 0.148362E+02 0.997465E+02 0.144959E+02
    12111.00  0.719788E+00 0.128752E+02 0.935088E+02 0.280313E+02
    12211.00  0.720366E+00 0.111029E+02 0.872883E+02 0.432566E+02
    12311.00  0.710781E+00 0.950792E+01 0.811620E+02 0.588359E+02
    12411.00  0.691837E+00 0.807932E+01 0.751919E+02 0.737861E+02
    12511.00  0.664502E+00 0.680627E+01 0.694263E+02 0.874155E+02
    12611.00  0.629870E+00 0.567821E+01 0.639020E+02 0.992701E+02
    12711.00  0.589123E+00 0.468491E+01 0.586448E+02 0.109086E+03
    12811.00  0.543496E+00 0.381646E+01 0.536721E+02 0.116750E+03
    12911.00  0.494250E+00 0.306329E+01 0.489936E+02 0.122264E+03
    13011.00  0.442635E+00 0.241617E+01 0.446125E+02 0.125714E+03
    13111.00  0.389876E+00 0.186622E+01 0.405274E+02 0.127248E+03
    13211.00  0.337143E+00 0.140492E+01 0.367325E+02 0.127056E+03
    13311.00  0.285537E+00 0.102410E+01 0.332188E+02 0.125349E+03
    13411.00  0.236072E+00 0.715942E+00 0.299753E+02 0.122351E+03
    13511.00  0.189663E+00 0.472995E+00 0.269893E+02 0.118285E+03
    13611.00  0.147116E+00 0.288150E+00 0.242467E+02 0.113369E+03
    13711.00  0.109122E+00 0.154653E+00 0.217333E+02 0.107805E+03
    13811.00  0.762485E-01 0.661057E-01 0.194343E+02 0.101781E+03
    13911.00  0.489408E-01 0.164660E-01 0.173352E+02 0.954637E+02
    14011.00  0.275204E-01 0.469583E-04 0.154218E+02 0.889995E+02
    14111.00  0.121875E-01 0.115201E-01 0.136804E+02 0.825139E+02
    14211.00  0.302407E-02 0.459162E-01 0.120978E+02 0.761124E+02
    14311.00  0.637386E-08 0.986259E-01 0.106618E+02 0.698806E+02
    14411.00  0.297952E-02 0.165401E+00 0.936089E+01 0.638859E+02
    14511.00  0.117295E-01 0.242352E+00 0.818423E+01 0.581796E+02
    14611.00  0.259286E-01 0.325951E+00 0.712192E+01 0.527980E+02
    14711.00  0.451772E-01 0.413024E+00 0.616482E+01 0.477647E+02
    14811.00  0.690081E-01 0.500749E+00 0.530452E+01 0.430925E+02
    14911.00  0.968971E-01 0.586651E+00 0.453336E+01 0.387846E+02
    15011.00  0.128275E+00 0.668591E+00 0.384431E+01 0.348372E+02
    15111.00  0.162538E+00 0.744763E+00 0.323098E+01 0.312403E+02
    15211.00  0.199058E+00 0.813674E+00 0.268751E+01 0.279793E+02
    15311.00  0.237198E+00 0.874138E+00 0.220854E+01 0.250362E+02
    15411.00  0.276316E+00 0.925261E+00 0.178917E+01 0.223911E+02
    15511.00  0.315780E+00 0.966416E+00 0.142487E+01 0.200223E+02
    15611.00  0.354972E+00 0.997234E+00 0.111145E+01 0.179076E+02
    15711.00  0.393304E+00 0.101758E+01 0.844997E+00 0.160249E+02
    15811.00  0.430218E+00 0.102754E+01 0.621855E+00 0.143525E+02
    15911.00  0.465197E+00 0.102739E+01 0.438563E+00 0.128694E+02
    16011.00  0.497770E+00 0.101756E+01 0.291832E+00 0.115559E+02
    16111.00  0.527517E+00 0.998659E+00 0.178512E+00 0.103934E+02
    16211.00  0.554069E+00 0.971391E+00 0.955688E-01 0.936456E+01
    16311.00  0.577120E+00 0.936582E+00 0.400639E-01 0.845376E+01
    16411.00  0.596419E+00 0.895129E+00 0.914172E-02 0.764656E+01
    16511.00  0.611774E+00 0.847988E+00 0.196868E-04 0.692996E+01
    16611.00  0.623056E+00 0.796153E+00 0.998343E-02 0.629231E+01
    16711.00  0.630196E+00 0.740636E+00 0.363861E-01 0.572321E+01
    16811.00  0.633177E+00 0.682444E+00 0.766510E-01 0.521340E+01
    16911.00  0.632046E+00 0.622569E+00 0.128278E+00 0.475478E+01
    17011.00  0.626897E+00 0.561969E+00 0.188854E+00 0.434018E+01
    17111.00  0.617872E+00 0.501550E+00 0.256059E+00 0.396340E+01
    17211.00  0.605163E+00 0.442165E+00 0.327685E+00 0.361907E+01
    17311.00  0.588999E+00 0.384591E+00 0.401644E+00 0.330256E+01
    17411.00  0.569646E+00 0.329530E+00 0.475984E+00 0.300996E+01
    17511.00  0.547402E+00 0.277599E+00 0.548904E+00 0.273798E+01
    17611.00  0.522591E+00 0.229329E+00 0.618766E+00 0.248391E+01
    17711.00  0.495555E+00 0.185154E+00 0.684101E+00 0.224554E+01
    17811.00  0.466655E+00 0.145420E+00 0.743629E+00 0.202116E+01
    17911.00  0.436261E+00 0.110381E+00 0.796262E+00 0.180945E+01
    18011.00  0.404749E+00 0.801986E-01 0.841105E+00 0.160947E+01
    18111.00  0.372493E+00 0.549500E-01 0.877465E+00 0.142061E+01
    18211.00  0.339868E+00 0.346301E-01 0.904854E+00 0.124253E+01
    18311.00  0.307234E+00 0.191572E-01 0.922975E+00 0.107514E+01
    18411.00  0.274944E+00 0.837997E-02 0.931728E+00 0.918539E+00
    18511.00  0.243331E+00 0.208430E-02 0.931197E+00 0.772977E+00
    18611.00  0.212712E+00 0.808927E-06 0.921640E+00 0.638809E+00
    18711.00  0.183379E+00 0.181293E-02 0.903471E+00 0.516451E+00
    18811.00  0.155599E+00 0.716505E-02 0.877255E+00 0.406348E+00
    18911.00  0.129614E+00 0.156708E-01 0.843684E+00 0.308928E+00
    19011.00  0.105635E+00 0.269209E-01 0.803555E+00 0.224567E+00
    19111.00  0.838443E-01 0.404915E-01 0.757756E+00 0.153559E+00
    19311.00  0.474045E-01 0.728698E-01 0.653028E+00 0.521971E-01
    19511.00  0.211318E-01 0.109395E+00 0.537597E+00 0.457613E-02
    19711.00  0.537223E-02 0.146857E+00 0.419666E+00 0.780075E-02
    19911.00  0.517087E-05 0.182404E+00 0.306933E+00 0.561938E-01
    20111.00  0.448672E-02 0.213668E+00 0.206075E+00 0.141494E+00
    20311.00  0.179072E-01 0.238834E+00 0.122353E+00 0.253366E+00
    20511.00  0.390588E-01 0.256675E+00 0.593633E-01 0.380157E+00
    20711.00  0.665097E-01 0.266548E+00 0.189262E-01 0.509799E+00
    20911.00  0.986797E-01 0.268347E+00 0.112303E-02 0.630762E+00
    21111.00  0.133916E+00 0.262448E+00 0.445394E-02 0.732942E+00
    21311.00  0.170565E+00 0.249626E+00 0.260971E-01 0.808406E+00
    21511.00  0.207035E+00 0.230958E+00 0.622377E-01 0.851906E+00
    21711.00  0.241854E+00 0.207735E+00 0.108435E+00 0.861154E+00
    21911.00  0.273715E+00 0.181359E+00 0.159997E+00 0.836786E+00
    22111.00  0.301512E+00 0.153269E+00 0.212333E+00 0.782111E+00
    22311.00  0.324367E+00 0.124853E+00 0.261259E+00 0.702612E+00
    22511.00  0.341640E+00 0.973907E-01 0.303246E+00 0.605316E+00
    22711.00  0.352936E+00 0.720054E-01 0.335590E+00 0.498066E+00
    22911.00  0.358098E+00 0.496250E-01 0.356506E+00 0.388788E+00
    23111.00  0.357194E+00 0.309643E-01 0.365155E+00 0.284820E+00
    23311.00  0.350496E+00 0.165156E-01 0.361590E+00 0.192340E+00
    23511.00  0.338456E+00 0.655209E-02 0.346665E+00 0.115972E+00
    23711.00  0.321671E+00 0.113994E-02 0.321887E+00 0.585414E-01
    23911.00  0.300859E+00 0.158074E-03 0.289253E+00 0.210292E-01
    24111.00  0.276813E+00 0.332285E-02 0.251067E+00 0.268455E-02
    24311.00  0.250381E+00 0.102163E-01 0.209770E+00 0.127839E-02
    24511.00  0.222422E+00 0.203161E-01 0.167773E+00 0.134583E-01
    24711.00  0.193783E+00 0.330258E-01 0.127318E+00 0.351642E-01
    24911.00  0.165270E+00 0.477036E-01 0.903703E-01 0.620608E-01
    25111.00  0.137623E+00 0.636901E-01 0.585335E-01 0.899475E-01
    25311.00  0.111499E+00 0.803326E-01 0.330068E-01 0.115113E+00
    25511.00  0.874540E-01 0.970062E-01 0.145651E-01 0.134606E+00
    25711.00  0.659378E-01 0.113133E+00 0.356992E-02 0.146421E+00
    25911.00  0.472833E-01 0.128194E+00 0.174038E-06 0.149568E+00
    26111.00  0.317082E-01 0.141744E+00 0.350106E-02 0.144064E+00
    26311.00  0.193156E-01 0.153414E+00 0.134433E-01 0.130832E+00
    26511.00  0.101011E-01 0.162923E+00 0.289884E-01 0.111537E+00
    26711.00  0.396123E-02 0.170071E+00 0.491550E-01 0.883747E-01
    26911.00  0.705627E-03 0.174744E+00 0.728827E-01 0.638468E-01
         IE==>      8            9           10           11
        1.00  0.172528E+09 0.820238E+09 0.969332E+09 0.494576E+10
        2.00  0.893107E+08 0.422726E+09 0.503646E+09 0.255116E+10
        3.00  0.155302E+09 0.731820E+09 0.879014E+09 0.442045E+10
        4.00  0.254258E+09 0.119282E+10 0.144439E+10 0.721134E+10
        5.00  0.382656E+09 0.178724E+10 0.218171E+10 0.108142E+11
        6.00  0.538233E+09 0.250275E+10 0.307985E+10 0.151565E+11
        7.00  0.718443E+09 0.332593E+10 0.412585E+10 0.201585E+11
        8.00  0.920446E+09 0.424219E+10 0.530484E+10 0.257334E+11
        9.00  0.114120E+10 0.523631E+10 0.660053E+10 0.317898E+11
       10.00  0.137754E+10 0.629276E+10 0.799572E+10 0.382345E+11
       11.00  0.162630E+10 0.739619E+10 0.947280E+10 0.449748E+11
       12.00  0.188436E+10 0.853188E+10 0.110144E+11 0.519217E+11
       13.00  0.214884E+10 0.968624E+10 0.126040E+11 0.589927E+11
       14.00  0.241710E+10 0.108472E+11 0.142265E+11 0.661139E+11
       15.00  0.268682E+10 0.120042E+11 0.158685E+11 0.732215E+11
       16.00  0.295604E+10 0.131484E+11 0.175182E+11 0.802613E+11
       17.00  0.322309E+10 0.142727E+11 0.191658E+11 0.871884E+11
       18.00  0.348656E+10 0.153709E+11 0.208026E+11 0.939661E+11
       19.00  0.374532E+10 0.164385E+11 0.224217E+11 0.100565E+12
       20.00  0.399843E+10 0.174715E+11 0.240170E+11 0.106960E+12
       21.00  0.424513E+10 0.184672E+11 0.255836E+11 0.113135E+12
       22.00  0.448484E+10 0.194234E+11 0.271176E+11 0.119075E+12
       23.00  0.471715E+10 0.203389E+11 0.286161E+11 0.124772E+12
       24.00  0.494176E+10 0.212127E+11 0.300767E+11 0.130221E+12
       25.00  0.515855E+10 0.220450E+11 0.314982E+11 0.135419E+12
       26.00  0.536745E+10 0.228359E+11 0.328797E+11 0.140369E+12
       27.00  0.556853E+10 0.235861E+11 0.342211E+11 0.145074E+12
       28.00  0.576190E+10 0.242968E+11 0.355227E+11 0.149539E+12
       29.00  0.594772E+10 0.249689E+11 0.367849E+11 0.153772E+12
       30.00  0.612621E+10 0.256039E+11 0.380085E+11 0.157779E+12
       31.00  0.629756E+10 0.262030E+11 0.391945E+11 0.161569E+12
       32.00  0.646203E+10 0.267678E+11 0.403439E+11 0.165149E+12
       33.00  0.661983E+10 0.272995E+11 0.414576E+11 0.168528E+12
       34.00  0.677123E+10 0.277996E+11 0.425368E+11 0.171714E+12
       35.00  0.691644E+10 0.282695E+11 0.435827E+11 0.174715E+12
       36.00  0.705572E+10 0.287104E+11 0.445963E+11 0.177539E+12
       37.00  0.718930E+10 0.291237E+11 0.455788E+11 0.180193E+12
       38.00  0.731744E+10 0.295108E+11 0.465315E+11 0.182686E+12
       39.00  0.744037E+10 0.298729E+11 0.474555E+11 0.185026E+12
       40.00  0.755833E+10 0.302113E+11 0.483521E+11 0.187219E+12
       42.00  0.778029E+10 0.308219E+11 0.500678E+11 0.191195E+12
       44.00  0.798514E+10 0.313519E+11 0.516881E+11 0.194672E+12
       46.00  0.817455E+10 0.318099E+11 0.532218E+11 0.197700E+12
       48.00  0.835002E+10 0.322032E+11 0.546769E+11 0.200324E+12
       50.00  0.851285E+10 0.325385E+11 0.560602E+11 0.202583E+12
       52.00  0.866418E+10 0.328215E+11 0.573778E+11 0.204513E+12
       54.00  0.880504E+10 0.330574E+11 0.586352E+11 0.206144E+12
       56.00  0.893634E+10 0.332507E+11 0.598373E+11 0.207505E+12
       58.00  0.905895E+10 0.334056E+11 0.609887E+11 0.208620E+12
       60.00  0.917366E+10 0.335260E+11 0.620938E+11 0.209513E+12
       62.00  0.928119E+10 0.336154E+11 0.631566E+11 0.210205E+12
       64.00  0.938220E+10 0.336768E+11 0.641807E+11 0.210716E+12
       66.00  0.947728E+10 0.337132E+11 0.651695E+11 0.211063E+12
       68.00  0.956692E+10 0.337267E+11 0.661256E+11 0.211259E+12
       70.00  0.965158E+10 0.337197E+11 0.670515E+11 0.211319E+12
       72.00  0.973162E+10 0.336938E+11 0.679493E+11 0.211253E+12
       74.00  0.980739E+10 0.336508E+11 0.688208E+11 0.211071E+12
       76.00  0.987921E+10 0.335921E+11 0.696678E+11 0.210784E+12
       78.00  0.994735E+10 0.335191E+11 0.704919E+11 0.210399E+12
       80.00  0.100121E+11 0.334330E+11 0.712944E+11 0.209924E+12
       82.00  0.100737E+11 0.333351E+11 0.720770E+11 0.209366E+12
       84.00  0.101324E+11 0.332265E+11 0.728409E+11 0.208734E+12
       86.00  0.101884E+11 0.331080E+11 0.735873E+11 0.208032E+12
       88.00  0.102419E+11 0.329806E+11 0.743175E+11 0.207266E+12
       90.00  0.102931E+11 0.328452E+11 0.750323E+11 0.206441E+12
       92.00  0.103421E+11 0.327023E+11 0.757325E+11 0.205563E+12
       94.00  0.103891E+11 0.325525E+11 0.764189E+11 0.204633E+12
       96.00  0.104341E+11 0.323965E+11 0.770921E+11 0.203657E+12
       98.00  0.104773E+11 0.322347E+11 0.777526E+11 0.202637E+12
      100.00  0.105188E+11 0.320675E+11 0.784009E+11 0.201576E+12
      102.00  0.105586E+11 0.318953E+11 0.790375E+11 0.200477E+12
      104.00  0.105969E+11 0.317187E+11 0.796629E+11 0.199343E+12
      106.00  0.106337E+11 0.315379E+11 0.802775E+11 0.198175E+12
      108.00  0.106691E+11 0.313534E+11 0.808819E+11 0.196978E+12
      110.00  0.107032E+11 0.311654E+11 0.814765E+11 0.195752E+12
      112.00  0.107360E+11 0.309744E+11 0.820616E+11 0.194501E+12
      114.00  0.107677E+11 0.307805E+11 0.826377E+11 0.193225E+12
      116.00  0.107983E+11 0.305841E+11 0.832052E+11 0.191927E+12
      118.00  0.108278E+11 0.303853E+11 0.837641E+11 0.190609E+12
      122.00  0.108838E+11 0.299816E+11 0.848577E+11 0.187915E+12
      126.00  0.109360E+11 0.295708E+11 0.859199E+11 0.185155E+12
      130.00  0.109847E+11 0.291541E+11 0.869520E+11 0.182337E+12
      134.00  0.110302E+11 0.287327E+11 0.879552E+11 0.179469E+12
      138.00  0.110726E+11 0.283076E+11 0.889311E+11 0.176560E+12
      142.00  0.111123E+11 0.278800E+11 0.898811E+11 0.173617E+12
      146.00  0.111494E+11 0.274506E+11 0.908063E+11 0.170646E+12
      150.00  0.111842E+11 0.270202E+11 0.917079E+11 0.167655E+12
      154.00  0.112167E+11 0.265895E+11 0.925865E+11 0.164646E+12
      158.00  0.112472E+11 0.261588E+11 0.934427E+11 0.161626E+12
      162.00  0.112757E+11 0.257287E+11 0.942769E+11 0.158596E+12
      166.00  0.113022E+11 0.252996E+11 0.950898E+11 0.155563E+12
      170.00  0.113271E+11 0.248720E+11 0.958820E+11 0.152528E+12
      174.00  0.113502E+11 0.244462E+11 0.966543E+11 0.149496E+12
      178.00  0.113719E+11 0.240226E+11 0.974073E+11 0.146471E+12
      182.00  0.113921E+11 0.236015E+11 0.981418E+11 0.143454E+12
      186.00  0.114109E+11 0.231832E+11 0.988579E+11 0.140448E+12
      190.00  0.114284E+11 0.227679E+11 0.995561E+11 0.137456E+12
      194.00  0.114447E+11 0.223556E+11 0.100236E+12 0.134479E+12
      198.00  0.114597E+11 0.219466E+11 0.100899E+12 0.131520E+12
      202.00  0.114736E+11 0.215411E+11 0.101545E+12 0.128579E+12
      206.00  0.114863E+11 0.211391E+11 0.102173E+12 0.125659E+12
      210.00  0.114980E+11 0.207408E+11 0.102785E+12 0.122761E+12
      214.00  0.115087E+11 0.203464E+11 0.103381E+12 0.119887E+12
      218.00  0.115184E+11 0.199560E+11 0.103960E+12 0.117038E+12
      222.00  0.115271E+11 0.195695E+11 0.104524E+12 0.114215E+12
      226.00  0.115350E+11 0.191871E+11 0.105072E+12 0.111420E+12
      230.00  0.115419E+11 0.188088E+11 0.105604E+12 0.108652E+12
      234.00  0.115480E+11 0.184347E+11 0.106121E+12 0.105914E+12
      238.00  0.115532E+11 0.180647E+11 0.106622E+12 0.103205E+12
      242.00  0.115575E+11 0.176989E+11 0.107108E+12 0.100527E+12
      246.00  0.115610E+11 0.173374E+11 0.107578E+12 0.978801E+11
      250.00  0.115637E+11 0.169802E+11 0.108033E+12 0.952654E+11
      254.00  0.115656E+11 0.166272E+11 0.108473E+12 0.926834E+11
      258.00  0.115667E+11 0.162786E+11 0.108899E+12 0.901349E+11
      262.00  0.115672E+11 0.159344E+11 0.109310E+12 0.876203E+11
      266.00  0.115668E+11 0.155945E+11 0.109706E+12 0.851401E+11
      270.00  0.115658E+11 0.152589E+11 0.110087E+12 0.826946E+11
      274.00  0.115640E+11 0.149277E+11 0.110454E+12 0.802843E+11
      282.00  0.115583E+11 0.142783E+11 0.111144E+12 0.755707E+11
      290.00  0.115499E+11 0.136463E+11 0.111777E+12 0.710018E+11
      298.00  0.115388E+11 0.130316E+11 0.112353E+12 0.665805E+11
      306.00  0.115252E+11 0.124342E+11 0.112875E+12 0.623085E+11
      314.00  0.115093E+11 0.118541E+11 0.113343E+12 0.581874E+11
      322.00  0.114910E+11 0.112911E+11 0.113758E+12 0.542178E+11
      330.00  0.114704E+11 0.107450E+11 0.114120E+12 0.504002E+11
      338.00  0.114476E+11 0.102157E+11 0.114430E+12 0.467351E+11
      346.00  0.114228E+11 0.970311E+10 0.114691E+12 0.432224E+11
      354.00  0.113959E+11 0.920699E+10 0.114903E+12 0.398619E+11
      362.00  0.113672E+11 0.872717E+10 0.115067E+12 0.366528E+11
      370.00  0.113366E+11 0.826339E+10 0.115183E+12 0.335941E+11
      378.00  0.113041E+11 0.781543E+10 0.115253E+12 0.306846E+11
      386.00  0.112699E+11 0.738306E+10 0.115278E+12 0.279228E+11
      394.00  0.112339E+11 0.696605E+10 0.115258E+12 0.253074E+11
      402.00  0.111963E+11 0.656416E+10 0.115194E+12 0.228365E+11
      410.00  0.111571E+11 0.617715E+10 0.115088E+12 0.205082E+11
      418.00  0.111162E+11 0.580476E+10 0.114940E+12 0.183204E+11
      426.00  0.110738E+11 0.544671E+10 0.114751E+12 0.162710E+11
      434.00  0.110299E+11 0.510276E+10 0.114521E+12 0.143575E+11
      442.00  0.109844E+11 0.477264E+10 0.114252E+12 0.125776E+11
      450.00  0.109375E+11 0.445612E+10 0.113944E+12 0.109289E+11
      458.00  0.108893E+11 0.415293E+10 0.113598E+12 0.940858E+10
      466.00  0.108396E+11 0.386283E+10 0.113216E+12 0.801408E+10
      474.00  0.107886E+11 0.358555E+10 0.112798E+12 0.674260E+10
      482.00  0.107363E+11 0.332084E+10 0.112346E+12 0.559128E+10
      490.00  0.106827E+11 0.306843E+10 0.111859E+12 0.455725E+10
      498.00  0.106279E+11 0.282808E+10 0.111339E+12 0.363755E+10
      506.00  0.105719E+11 0.259953E+10 0.110787E+12 0.282920E+10
      514.00  0.105148E+11 0.238254E+10 0.110204E+12 0.212917E+10
      522.00  0.104566E+11 0.217685E+10 0.109592E+12 0.153437E+10
      530.00  0.103973E+11 0.198221E+10 0.108951E+12 0.104171E+10
      538.00  0.103371E+11 0.179837E+10 0.108281E+12 0.648071E+09
      546.00  0.102758E+11 0.162507E+10 0.107585E+12 0.350328E+09
      554.00  0.102136E+11 0.146207E+10 0.106863E+12 0.145339E+09
      562.00  0.101506E+11 0.130912E+10 0.106115E+12 0.299626E+08
      570.00  0.100866E+11 0.116598E+10 0.105344E+12 0.105662E+07
      578.00  0.100219E+11 0.103241E+10 0.104549E+12 0.554869E+08
      586.00  0.995631E+10 0.908161E+09 0.103733E+12 0.190130E+09
      596.00  0.987330E+10 0.765595E+09 0.102682E+12 0.466500E+09
      606.00  0.978913E+10 0.636759E+09 0.101599E+12 0.857316E+09
      616.00  0.970387E+10 0.521199E+09 0.100487E+12 0.135660E+10
      626.00  0.961757E+10 0.418466E+09 0.993452E+11 0.195844E+10
      636.00  0.953029E+10 0.328118E+09 0.981771E+11 0.265699E+10
      646.00  0.944210E+10 0.249718E+09 0.969838E+11 0.344650E+10
      656.00  0.935302E+10 0.182836E+09 0.957669E+11 0.432130E+10
      666.00  0.926311E+10 0.127049E+09 0.945277E+11 0.527579E+10
      676.00  0.917241E+10 0.819416E+08 0.932677E+11 0.630448E+10
      686.00  0.908096E+10 0.471047E+08 0.919885E+11 0.740200E+10
      696.00  0.898882E+10 0.221361E+08 0.906915E+11 0.856309E+10
      706.00  0.889606E+10 0.664057E+07 0.893784E+11 0.978261E+10
      716.00  0.880273E+10 0.229701E+06 0.880506E+11 0.110555E+11
      726.00  0.870886E+10 0.252229E+07 0.867095E+11 0.123769E+11
      736.00  0.861451E+10 0.131443E+08 0.853564E+11 0.137421E+11
      746.00  0.851972E+10 0.317287E+08 0.839927E+11 0.151462E+11
      756.00  0.842453E+10 0.579159E+08 0.826197E+11 0.165850E+11
      766.00  0.832901E+10 0.913534E+08 0.812388E+11 0.180539E+11
      776.00  0.823320E+10 0.131696E+09 0.798514E+11 0.195488E+11
      786.00  0.813716E+10 0.178608E+09 0.784586E+11 0.210656E+11
      796.00  0.804092E+10 0.231756E+09 0.770618E+11 0.226004E+11
      806.00  0.794451E+10 0.290820E+09 0.756619E+11 0.241492E+11
      816.00  0.784799E+10 0.355484E+09 0.742600E+11 0.257085E+11
      826.00  0.775138E+10 0.425438E+09 0.728574E+11 0.272747E+11
      836.00  0.765472E+10 0.500382E+09 0.714550E+11 0.288443E+11
      846.00  0.755806E+10 0.580024E+09 0.700538E+11 0.304142E+11
      856.00  0.746144E+10 0.664077E+09 0.686550E+11 0.319812E+11
      866.00  0.736489E+10 0.752262E+09 0.672594E+11 0.335423E+11
      876.00  0.726844E+10 0.844306E+09 0.658680E+11 0.350947E+11
      886.00  0.717211E+10 0.939944E+09 0.644814E+11 0.366356E+11
      896.00  0.707593E+10 0.103892E+10 0.631006E+11 0.381624E+11
      906.00  0.697994E+10 0.114098E+10 0.617264E+11 0.396726E+11
      916.00  0.688418E+10 0.124587E+10 0.603597E+11 0.411638E+11
      926.00  0.678866E+10 0.135337E+10 0.590011E+11 0.426340E+11
      936.00  0.669343E+10 0.146325E+10 0.576515E+11 0.440810E+11
      946.00  0.659850E+10 0.157527E+10 0.563115E+11 0.455029E+11
      956.00  0.650392E+10 0.168923E+10 0.549817E+11 0.468977E+11
      966.00  0.640968E+10 0.180490E+10 0.536628E+11 0.482638E+11
      976.00  0.631583E+10 0.192209E+10 0.523555E+11 0.495995E+11
      986.00  0.622240E+10 0.204060E+10 0.510602E+11 0.509034E+11
      996.00  0.612940E+10 0.216023E+10 0.497777E+11 0.521740E+11
     1006.00  0.603686E+10 0.228081E+10 0.485083E+11 0.534101E+11
     1016.00  0.594481E+10 0.240216E+10 0.472527E+11 0.546106E+11
     1026.00  0.585328E+10 0.252409E+10 0.460113E+11 0.557743E+11
     1036.00  0.576227E+10 0.264646E+10 0.447846E+11 0.569003E+11
     1046.00  0.567181E+10 0.276909E+10 0.435729E+11 0.579878E+11
     1056.00  0.558192E+10 0.289183E+10 0.423766E+11 0.590358E+11
     1066.00  0.549262E+10 0.301453E+10 0.411962E+11 0.600437E+11
     1076.00  0.540392E+10 0.313704E+10 0.400319E+11 0.610110E+11
     1086.00  0.531585E+10 0.325924E+10 0.388840E+11 0.619371E+11
     1096.00  0.522842E+10 0.338099E+10 0.377530E+11 0.628215E+11
     1106.00  0.514165E+10 0.350216E+10 0.366390E+11 0.636639E+11
     1116.00  0.505555E+10 0.362263E+10 0.355423E+11 0.644641E+11
     1126.00  0.497014E+10 0.374229E+10 0.344630E+11 0.652216E+11
     1136.00  0.488542E+10 0.386101E+10 0.334015E+11 0.659365E+11
     1146.00  0.480140E+10 0.397869E+10 0.323578E+11 0.666085E+11
     1156.00  0.471811E+10 0.409523E+10 0.313321E+11 0.672377E+11
     1166.00  0.463555E+10 0.421052E+10 0.303246E+11 0.678241E+11
     1176.00  0.455373E+10 0.432449E+10 0.293354E+11 0.683678E+11
     1186.00  0.447267E+10 0.443704E+10 0.283646E+11 0.688690E+11
     1196.00  0.439238E+10 0.454809E+10 0.274123E+11 0.693279E+11
     1206.00  0.431286E+10 0.465755E+10 0.264786E+11 0.697448E+11
     1216.00  0.423412E+10 0.476534E+10 0.255634E+11 0.701198E+11
     1226.00  0.415616E+10 0.487141E+10 0.246669E+11 0.704534E+11
     1236.00  0.407901E+10 0.497567E+10 0.237891E+11 0.707460E+11
     1246.00  0.400266E+10 0.507807E+10 0.229299E+11 0.709980E+11
     1256.00  0.392712E+10 0.517855E+10 0.220894E+11 0.712099E+11
     1266.00  0.385240E+10 0.527705E+10 0.212675E+11 0.713823E+11
     1276.00  0.377850E+10 0.537353E+10 0.204643E+11 0.715158E+11
     1286.00  0.370544E+10 0.546793E+10 0.196796E+11 0.716109E+11
     1296.00  0.363321E+10 0.556022E+10 0.189135E+11 0.716682E+11
     1306.00  0.356183E+10 0.565034E+10 0.181657E+11 0.716884E+11
     1316.00  0.349128E+10 0.573826E+10 0.174364E+11 0.716721E+11
     1326.00  0.342159E+10 0.582395E+10 0.167252E+11 0.716201E+11
     1336.00  0.335274E+10 0.590737E+10 0.160322E+11 0.715331E+11
     1346.00  0.328474E+10 0.598850E+10 0.153572E+11 0.714118E+11
     1356.00  0.321761E+10 0.606731E+10 0.147001E+11 0.712571E+11
     1366.00  0.315132E+10 0.614378E+10 0.140608E+11 0.710696E+11
     1376.00  0.308590E+10 0.621790E+10 0.134391E+11 0.708503E+11
     1386.00  0.302134E+10 0.628964E+10 0.128348E+11 0.705999E+11
     1396.00  0.295764E+10 0.635898E+10 0.122478E+11 0.703192E+11
     1406.00  0.289480E+10 0.642593E+10 0.116779E+11 0.700090E+11
     1416.00  0.283281E+10 0.649045E+10 0.111250E+11 0.696702E+11
     1426.00  0.277168E+10 0.655256E+10 0.105887E+11 0.693035E+11
     1436.00  0.271141E+10 0.661223E+10 0.100691E+11 0.689100E+11
     1446.00  0.265200E+10 0.666947E+10 0.956574E+10 0.684903E+11
     1456.00  0.259343E+10 0.672429E+10 0.907856E+10 0.680454E+11
     1466.00  0.253572E+10 0.677667E+10 0.860731E+10 0.675762E+11
     1476.00  0.247887E+10 0.682663E+10 0.815178E+10 0.670836E+11
     1486.00  0.242285E+10 0.687416E+10 0.771175E+10 0.665682E+11
     1496.00  0.236768E+10 0.691928E+10 0.728698E+10 0.660311E+11
     1506.00  0.231336E+10 0.696198E+10 0.687726E+10 0.654731E+11
     1516.00  0.225986E+10 0.700229E+10 0.648235E+10 0.648950E+11
     1526.00  0.220721E+10 0.704020E+10 0.610201E+10 0.642977E+11
     1536.00  0.215538E+10 0.707574E+10 0.573601E+10 0.636820E+11
     1546.00  0.210438E+10 0.710893E+10 0.538411E+10 0.630489E+11
     1556.00  0.205420E+10 0.713977E+10 0.504606E+10 0.623990E+11
     1566.00  0.200483E+10 0.716829E+10 0.472162E+10 0.617334E+11
     1576.00  0.195629E+10 0.719450E+10 0.441054E+10 0.610528E+11
     1586.00  0.190855E+10 0.721843E+10 0.411257E+10 0.603580E+11
     1596.00  0.186161E+10 0.724010E+10 0.382747E+10 0.596499E+11
     1606.00  0.181547E+10 0.725953E+10 0.355498E+10 0.589291E+11
     1616.00  0.177012E+10 0.727673E+10 0.329484E+10 0.581966E+11
     1626.00  0.172556E+10 0.729175E+10 0.304680E+10 0.574531E+11
     1636.00  0.168178E+10 0.730460E+10 0.281062E+10 0.566993E+11
     1646.00  0.163878E+10 0.731531E+10 0.258603E+10 0.559361E+11
     1656.00  0.159654E+10 0.732391E+10 0.237278E+10 0.551641E+11
     1666.00  0.155507E+10 0.733044E+10 0.217062E+10 0.543842E+11
     1676.00  0.151436E+10 0.733491E+10 0.197929E+10 0.535970E+11
     1686.00  0.147439E+10 0.733735E+10 0.179855E+10 0.528032E+11
     1696.00  0.143517E+10 0.733781E+10 0.162813E+10 0.520035E+11
     1706.00  0.139669E+10 0.733630E+10 0.146779E+10 0.511987E+11
     1716.00  0.135893E+10 0.733286E+10 0.131728E+10 0.503892E+11
     1726.00  0.132190E+10 0.732752E+10 0.117634E+10 0.495758E+11
     1736.00  0.128559E+10 0.732031E+10 0.104474E+10 0.487592E+11
     1746.00  0.124998E+10 0.731126E+10 0.922212E+09 0.479399E+11
     1756.00  0.121507E+10 0.730042E+10 0.808526E+09 0.471185E+11
     1766.00  0.118086E+10 0.728781E+10 0.703435E+09 0.462957E+11
     1776.00  0.114734E+10 0.727347E+10 0.606699E+09 0.454720E+11
     1786.00  0.111449E+10 0.725744E+10 0.518078E+09 0.446480E+11
     1796.00  0.108232E+10 0.723974E+10 0.437336E+09 0.438241E+11
     1806.00  0.105081E+10 0.722041E+10 0.364238E+09 0.430010E+11
     1816.00  0.101996E+10 0.719948E+10 0.298553E+09 0.421791E+11
     1826.00  0.989757E+09 0.717699E+10 0.240049E+09 0.413590E+11
     1836.00  0.960194E+09 0.715298E+10 0.188501E+09 0.405410E+11
     1846.00  0.931264E+09 0.712748E+10 0.143683E+09 0.397258E+11
     1856.00  0.902960E+09 0.710052E+10 0.105374E+09 0.389137E+11
     1866.00  0.875273E+09 0.707215E+10 0.733555E+08 0.381051E+11
     1876.00  0.848197E+09 0.704240E+10 0.474103E+08 0.373006E+11
     1886.00  0.821723E+09 0.701130E+10 0.273253E+08 0.365004E+11
     1896.00  0.795843E+09 0.697889E+10 0.128903E+08 0.357051E+11
     1906.00  0.770549E+09 0.694521E+10 0.389791E+07 0.349149E+11
     1916.00  0.745834E+09 0.691029E+10 0.143902E+06 0.341303E+11
     1926.00  0.721690E+09 0.687416E+10 0.142717E+07 0.333515E+11
     1936.00  0.698108E+09 0.683687E+10 0.754976E+07 0.325790E+11
     1946.00  0.675080E+09 0.679844E+10 0.183170E+08 0.318130E+11
     1956.00  0.652600E+09 0.675892E+10 0.335373E+08 0.310538E+11
     1966.00  0.630658E+09 0.671833E+10 0.530225E+08 0.303018E+11
     1976.00  0.609248E+09 0.667671E+10 0.765877E+08 0.295572E+11
     1986.00  0.588361E+09 0.663411E+10 0.104051E+09 0.288203E+11
     1996.00  0.567989E+09 0.659054E+10 0.135235E+09 0.280913E+11
     2006.00  0.548125E+09 0.654605E+10 0.169965E+09 0.273704E+11
     2016.00  0.528760E+09 0.650067E+10 0.208068E+09 0.266580E+11
     2026.00  0.509888E+09 0.645443E+10 0.249378E+09 0.259542E+11
     2036.00  0.491499E+09 0.640736E+10 0.293729E+09 0.252591E+11
     2046.00  0.473587E+09 0.635951E+10 0.340960E+09 0.245731E+11
     2056.00  0.456143E+09 0.631089E+10 0.390913E+09 0.238962E+11
     2066.00  0.439161E+09 0.626154E+10 0.443434E+09 0.232286E+11
     2076.00  0.422631E+09 0.621150E+10 0.498372E+09 0.225705E+11
     2086.00  0.406548E+09 0.616079E+10 0.555579E+09 0.219221E+11
     2096.00  0.390902E+09 0.610945E+10 0.614912E+09 0.212833E+11
     2106.00  0.375687E+09 0.605750E+10 0.676228E+09 0.206545E+11
     2116.00  0.360895E+09 0.600498E+10 0.739392E+09 0.200356E+11
     2126.00  0.346520E+09 0.595192E+10 0.804268E+09 0.194268E+11
     2136.00  0.332552E+09 0.589834E+10 0.870726E+09 0.188281E+11
     2146.00  0.318985E+09 0.584428E+10 0.938639E+09 0.182397E+11
     2156.00  0.305813E+09 0.578976E+10 0.100788E+10 0.176616E+11
     2166.00  0.293026E+09 0.573481E+10 0.107833E+10 0.170938E+11
     2176.00  0.280619E+09 0.567946E+10 0.114988E+10 0.165364E+11
     2186.00  0.268585E+09 0.562373E+10 0.122240E+10 0.159895E+11
     2196.00  0.256915E+09 0.556766E+10 0.129578E+10 0.154531E+11
     2206.00  0.245604E+09 0.551126E+10 0.136993E+10 0.149271E+11
     2216.00  0.234644E+09 0.545457E+10 0.144473E+10 0.144117E+11
     2226.00  0.224029E+09 0.539761E+10 0.152007E+10 0.139068E+11
     2236.00  0.213752E+09 0.534041E+10 0.159588E+10 0.134124E+11
     2246.00  0.203806E+09 0.528299E+10 0.167203E+10 0.129286E+11
     2256.00  0.194184E+09 0.522537E+10 0.174846E+10 0.124552E+11
     2266.00  0.184880E+09 0.516758E+10 0.182505E+10 0.119924E+11
     2276.00  0.175887E+09 0.510964E+10 0.190174E+10 0.115400E+11
     2286.00  0.167199E+09 0.505158E+10 0.197842E+10 0.110980E+11
     2296.00  0.158809E+09 0.499342E+10 0.205503E+10 0.106664E+11
     2306.00  0.150712E+09 0.493517E+10 0.213149E+10 0.102451E+11
     2316.00  0.142900E+09 0.487686E+10 0.220771E+10 0.983411E+10
     2326.00  0.135368E+09 0.481852E+10 0.228363E+10 0.943333E+10
     2336.00  0.128110E+09 0.476016E+10 0.235918E+10 0.904271E+10
     2346.00  0.121120E+09 0.470180E+10 0.243429E+10 0.866219E+10
     2356.00  0.114391E+09 0.464346E+10 0.250889E+10 0.829168E+10
     2366.00  0.107917E+09 0.458517E+10 0.258293E+10 0.793111E+10
     2376.00  0.101694E+09 0.452694E+10 0.265634E+10 0.758039E+10
     2386.00  0.957152E+08 0.446879E+10 0.272907E+10 0.723944E+10
     2396.00  0.899747E+08 0.441073E+10 0.280106E+10 0.690817E+10
     2406.00  0.844672E+08 0.435279E+10 0.287225E+10 0.658647E+10
     2416.00  0.791870E+08 0.429498E+10 0.294261E+10 0.627426E+10
     2426.00  0.741288E+08 0.423731E+10 0.301208E+10 0.597143E+10
     2436.00  0.692872E+08 0.417981E+10 0.308062E+10 0.567787E+10
     2446.00  0.646570E+08 0.412249E+10 0.314818E+10 0.539348E+10
     2456.00  0.602328E+08 0.406536E+10 0.321473E+10 0.511814E+10
     2466.00  0.560096E+08 0.400844E+10 0.328022E+10 0.485174E+10
     2476.00  0.519823E+08 0.395175E+10 0.334462E+10 0.459417E+10
     2486.00  0.481458E+08 0.389529E+10 0.340789E+10 0.434529E+10
     2496.00  0.444953E+08 0.383908E+10 0.347001E+10 0.410500E+10
     2506.00  0.410259E+08 0.378314E+10 0.353093E+10 0.387317E+10
     2516.00  0.377329E+08 0.372747E+10 0.359064E+10 0.364966E+10
     2526.00  0.346114E+08 0.367209E+10 0.364910E+10 0.343436E+10
     2536.00  0.316570E+08 0.361701E+10 0.370629E+10 0.322714E+10
     2546.00  0.288650E+08 0.356224E+10 0.376219E+10 0.302786E+10
     2556.00  0.262310E+08 0.350779E+10 0.381677E+10 0.283639E+10
     2566.00  0.237506E+08 0.345368E+10 0.387001E+10 0.265260E+10
     2576.00  0.214193E+08 0.339990E+10 0.392191E+10 0.247635E+10
     2586.00  0.192331E+08 0.334649E+10 0.397243E+10 0.230751E+10
     2596.00  0.171876E+08 0.329343E+10 0.402157E+10 0.214595E+10
     2606.00  0.152788E+08 0.324075E+10 0.406931E+10 0.199152E+10
     2616.00  0.135027E+08 0.318844E+10 0.411564E+10 0.184410E+10
     2626.00  0.118551E+08 0.313653E+10 0.416055E+10 0.170354E+10
     2636.00  0.103323E+08 0.308502E+10 0.420404E+10 0.156970E+10
     2646.00  0.893038E+07 0.303390E+10 0.424608E+10 0.144244E+10
     2656.00  0.764558E+07 0.298320E+10 0.428668E+10 0.132164E+10
     2666.00  0.647422E+07 0.293292E+10 0.432584E+10 0.120714E+10
     2676.00  0.541264E+07 0.288307E+10 0.436354E+10 0.109881E+10
     2686.00  0.445731E+07 0.283364E+10 0.439978E+10 0.996522E+09
     2696.00  0.360471E+07 0.278466E+10 0.443457E+10 0.900124E+09
     2706.00  0.285142E+07 0.273612E+10 0.446790E+10 0.809483E+09
     2716.00  0.219408E+07 0.268803E+10 0.449978E+10 0.724463E+09
     2726.00  0.162939E+07 0.264039E+10 0.453020E+10 0.644927E+09
     2736.00  0.115411E+07 0.259322E+10 0.455918E+10 0.570739E+09
     2746.00  0.765090E+06 0.254651E+10 0.458670E+10 0.501763E+09
     2756.00  0.459211E+06 0.250026E+10 0.461279E+10 0.437866E+09
     2766.00  0.233436E+06 0.245449E+10 0.463743E+10 0.378914E+09
     2776.00  0.847875E+05 0.240920E+10 0.466065E+10 0.324773E+09
     2786.00  0.103484E+05 0.236438E+10 0.468245E+10 0.275313E+09
     2796.00  0.726410E+04 0.232005E+10 0.470283E+10 0.230401E+09
     2806.00  0.727400E+05 0.227620E+10 0.472180E+10 0.189910E+09
     2816.00  0.204042E+06 0.223284E+10 0.473938E+10 0.153709E+09
     2826.00  0.398494E+06 0.218996E+10 0.475558E+10 0.121672E+09
     2836.00  0.653482E+06 0.214759E+10 0.477040E+10 0.936725E+08
     2846.00  0.966445E+06 0.210570E+10 0.478386E+10 0.695858E+08
     2856.00  0.133488E+07 0.206431E+10 0.479597E+10 0.492883E+08
     2866.00  0.175635E+07 0.202342E+10 0.480675E+10 0.326580E+08
     2876.00  0.222846E+07 0.198303E+10 0.481620E+10 0.195741E+08
     2886.00  0.274888E+07 0.194313E+10 0.482434E+10 0.991738E+07
     2896.00  0.331533E+07 0.190374E+10 0.483120E+10 0.357017E+07
     2906.00  0.392559E+07 0.186484E+10 0.483677E+10 0.416219E+06
     2916.00  0.457748E+07 0.182645E+10 0.484108E+10 0.340877E+06
     2926.00  0.526888E+07 0.178856E+10 0.484414E+10 0.323108E+07
     2936.00  0.599773E+07 0.175117E+10 0.484598E+10 0.897537E+07
     2946.00  0.676201E+07 0.171427E+10 0.484660E+10 0.174639E+08
     2956.00  0.755976E+07 0.167788E+10 0.484602E+10 0.285886E+08
     2966.00  0.838905E+07 0.164199E+10 0.484427E+10 0.422429E+08
     2976.00  0.924801E+07 0.160660E+10 0.484135E+10 0.583221E+08
     2986.00  0.101348E+08 0.157170E+10 0.483730E+10 0.767232E+08
     2996.00  0.110478E+08 0.153730E+10 0.483212E+10 0.973447E+08
     3006.00  0.119850E+08 0.150339E+10 0.482584E+10 0.120087E+09
     3016.00  0.129450E+08 0.146998E+10 0.481847E+10 0.144853E+09
     3026.00  0.139260E+08 0.143706E+10 0.481003E+10 0.171545E+09
     3036.00  0.149265E+08 0.140464E+10 0.480055E+10 0.200071E+09
     3046.00  0.159449E+08 0.137270E+10 0.479005E+10 0.230337E+09
     3056.00  0.169797E+08 0.134124E+10 0.477853E+10 0.262252E+09
     3066.00  0.180294E+08 0.131028E+10 0.476603E+10 0.295728E+09
     3076.00  0.190927E+08 0.127979E+10 0.475256E+10 0.330678E+09
     3086.00  0.201682E+08 0.124978E+10 0.473815E+10 0.367016E+09
     3096.00  0.212545E+08 0.122025E+10 0.472281E+10 0.404660E+09
     3106.00  0.223503E+08 0.119120E+10 0.470656E+10 0.443526E+09
     3116.00  0.234544E+08 0.116261E+10 0.468943E+10 0.483536E+09
     3126.00  0.245655E+08 0.113450E+10 0.467143E+10 0.524610E+09
     3136.00  0.256825E+08 0.110685E+10 0.465259E+10 0.566674E+09
     3146.00  0.268043E+08 0.107967E+10 0.463293E+10 0.609653E+09
     3156.00  0.279297E+08 0.105295E+10 0.461247E+10 0.653473E+09
     3166.00  0.290577E+08 0.102668E+10 0.459122E+10 0.698063E+09
     3176.00  0.301872E+08 0.100087E+10 0.456921E+10 0.743356E+09
     3186.00  0.313172E+08 0.975502E+09 0.454646E+10 0.789282E+09
     3196.00  0.324468E+08 0.950586E+09 0.452298E+10 0.835777E+09
     3206.00  0.335750E+08 0.926112E+09 0.449881E+10 0.882776E+09
     3216.00  0.347009E+08 0.902078E+09 0.447396E+10 0.930217E+09
     3226.00  0.358237E+08 0.878480E+09 0.444844E+10 0.978039E+09
     3236.00  0.369425E+08 0.855314E+09 0.442229E+10 0.102618E+10
     3246.00  0.380565E+08 0.832576E+09 0.439551E+10 0.107459E+10
     3256.00  0.391650E+08 0.810262E+09 0.436814E+10 0.112321E+10
     3266.00  0.402671E+08 0.788369E+09 0.434019E+10 0.117199E+10
     3276.00  0.413622E+08 0.766892E+09 0.431167E+10 0.122087E+10
     3286.00  0.424497E+08 0.745827E+09 0.428261E+10 0.126980E+10
     3296.00  0.435287E+08 0.725171E+09 0.425304E+10 0.131874E+10
     3306.00  0.445988E+08 0.704919E+09 0.422296E+10 0.136763E+10
     3316.00  0.456592E+08 0.685067E+09 0.419239E+10 0.141644E+10
     3326.00  0.467094E+08 0.665611E+09 0.416136E+10 0.146511E+10
     3336.00  0.477489E+08 0.646546E+09 0.412989E+10 0.151360E+10
     3346.00  0.487770E+08 0.627868E+09 0.409798E+10 0.156187E+10
     3356.00  0.497934E+08 0.609574E+09 0.406567E+10 0.160989E+10
     3366.00  0.507975E+08 0.591657E+09 0.403297E+10 0.165761E+10
     3376.00  0.517889E+08 0.574115E+09 0.399989E+10 0.170499E+10
     3386.00  0.527671E+08 0.556943E+09 0.396646E+10 0.175200E+10
     3396.00  0.537316E+08 0.540136E+09 0.393268E+10 0.179862E+10
     3406.00  0.546822E+08 0.523690E+09 0.389859E+10 0.184479E+10
     3416.00  0.556185E+08 0.507601E+09 0.386419E+10 0.189050E+10
     3426.00  0.565400E+08 0.491863E+09 0.382951E+10 0.193570E+10
     3436.00  0.574465E+08 0.476474E+09 0.379456E+10 0.198038E+10
     3446.00  0.583377E+08 0.461427E+09 0.375935E+10 0.202451E+10
     3456.00  0.592132E+08 0.446720E+09 0.372390E+10 0.206805E+10
     3466.00  0.600728E+08 0.432346E+09 0.368824E+10 0.211099E+10
     3476.00  0.609162E+08 0.418302E+09 0.365236E+10 0.215330E+10
     3486.00  0.617432E+08 0.404584E+09 0.361630E+10 0.219495E+10
     3496.00  0.625536E+08 0.391186E+09 0.358006E+10 0.223593E+10
     3506.00  0.633471E+08 0.378105E+09 0.354366E+10 0.227622E+10
     3516.00  0.641236E+08 0.365335E+09 0.350712E+10 0.231579E+10
     3526.00  0.648829E+08 0.352872E+09 0.347044E+10 0.235463E+10
     3536.00  0.656249E+08 0.340713E+09 0.343364E+10 0.239272E+10
     3546.00  0.663494E+08 0.328852E+09 0.339675E+10 0.243004E+10
     3556.00  0.670563E+08 0.317284E+09 0.335976E+10 0.246658E+10
     3566.00  0.677454E+08 0.306007E+09 0.332270E+10 0.250233E+10
     3576.00  0.684168E+08 0.295014E+09 0.328557E+10 0.253727E+10
     3586.00  0.690702E+08 0.284302E+09 0.324840E+10 0.257139E+10
     3596.00  0.697057E+08 0.273867E+09 0.321119E+10 0.260469E+10
     3606.00  0.703231E+08 0.263703E+09 0.317395E+10 0.263714E+10
     3616.00  0.709225E+08 0.253807E+09 0.313671E+10 0.266874E+10
     3626.00  0.715037E+08 0.244174E+09 0.309946E+10 0.269948E+10
     3636.00  0.720668E+08 0.234801E+09 0.306222E+10 0.272936E+10
     3646.00  0.726118E+08 0.225681E+09 0.302501E+10 0.275836E+10
     3656.00  0.731386E+08 0.216813E+09 0.298783E+10 0.278649E+10
     3666.00  0.736473E+08 0.208190E+09 0.295069E+10 0.281373E+10
     3676.00  0.741379E+08 0.199809E+09 0.291362E+10 0.284009E+10
     3686.00  0.746104E+08 0.191666E+09 0.287660E+10 0.286555E+10
     3696.00  0.750649E+08 0.183757E+09 0.283966E+10 0.289012E+10
     3706.00  0.755013E+08 0.176077E+09 0.280281E+10 0.291379E+10
     3716.00  0.759198E+08 0.168622E+09 0.276606E+10 0.293656E+10
     3726.00  0.763205E+08 0.161389E+09 0.272941E+10 0.295844E+10
     3736.00  0.767034E+08 0.154373E+09 0.269287E+10 0.297942E+10
     3746.00  0.770685E+08 0.147570E+09 0.265646E+10 0.299949E+10
     3756.00  0.774161E+08 0.140976E+09 0.262018E+10 0.301868E+10
     3766.00  0.777461E+08 0.134588E+09 0.258403E+10 0.303696E+10
     3776.00  0.780587E+08 0.128401E+09 0.254804E+10 0.305435E+10
     3786.00  0.783540E+08 0.122411E+09 0.251221E+10 0.307085E+10
     3796.00  0.786321E+08 0.116615E+09 0.247653E+10 0.308646E+10
     3806.00  0.788931E+08 0.111009E+09 0.244103E+10 0.310119E+10
     3816.00  0.791372E+08 0.105589E+09 0.240571E+10 0.311504E+10
     3826.00  0.793644E+08 0.100352E+09 0.237057E+10 0.312801E+10
     3836.00  0.795750E+08 0.952928E+08 0.233563E+10 0.314011E+10
     3846.00  0.797691E+08 0.904089E+08 0.230088E+10 0.315135E+10
     3856.00  0.799469E+08 0.856963E+08 0.226634E+10 0.316173E+10
     3866.00  0.801084E+08 0.811515E+08 0.223201E+10 0.317126E+10
     3876.00  0.802539E+08 0.767709E+08 0.219790E+10 0.317995E+10
     3886.00  0.803835E+08 0.725511E+08 0.216402E+10 0.318779E+10
     3896.00  0.804974E+08 0.684885E+08 0.213036E+10 0.319481E+10
     3906.00  0.805957E+08 0.645798E+08 0.209693E+10 0.320101E+10
     3916.00  0.806787E+08 0.608216E+08 0.206375E+10 0.320639E+10
     3926.00  0.807465E+08 0.572105E+08 0.203081E+10 0.321097E+10
     3936.00  0.807993E+08 0.537432E+08 0.199812E+10 0.321475E+10
     3946.00  0.808373E+08 0.504164E+08 0.196568E+10 0.321774E+10
     3956.00  0.808607E+08 0.472269E+08 0.193349E+10 0.321995E+10
     3966.00  0.808697E+08 0.441716E+08 0.190157E+10 0.322140E+10
     3976.00  0.808644E+08 0.412473E+08 0.186992E+10 0.322209E+10
     3986.00  0.808450E+08 0.384509E+08 0.183853E+10 0.322203E+10
     3996.00  0.808119E+08 0.357792E+08 0.180742E+10 0.322123E+10
     4006.00  0.807651E+08 0.332294E+08 0.177658E+10 0.321971E+10
     4016.00  0.807049E+08 0.307984E+08 0.174603E+10 0.321747E+10
     4026.00  0.806314E+08 0.284833E+08 0.171575E+10 0.321452E+10
     4036.00  0.805450E+08 0.262812E+08 0.168576E+10 0.321088E+10
     4046.00  0.804457E+08 0.241893E+08 0.165606E+10 0.320656E+10
     4056.00  0.803338E+08 0.222046E+08 0.162665E+10 0.320157E+10
     4066.00  0.802096E+08 0.203245E+08 0.159753E+10 0.319591E+10
     4076.00  0.800732E+08 0.185462E+08 0.156871E+10 0.318961E+10
     4086.00  0.799248E+08 0.168670E+08 0.154018E+10 0.318267E+10
     4096.00  0.797646E+08 0.152843E+08 0.151195E+10 0.317511E+10
     4106.00  0.795930E+08 0.137954E+08 0.148403E+10 0.316693E+10
     4116.00  0.794100E+08 0.123978E+08 0.145640E+10 0.315815E+10
     4126.00  0.792159E+08 0.110890E+08 0.142908E+10 0.314879E+10
     4136.00  0.790108E+08 0.986642E+07 0.140206E+10 0.313884E+10
     4146.00  0.787952E+08 0.872765E+07 0.137535E+10 0.312834E+10
     4156.00  0.785690E+08 0.767029E+07 0.134895E+10 0.311727E+10
     4166.00  0.783326E+08 0.669197E+07 0.132285E+10 0.310567E+10
     4176.00  0.780861E+08 0.579034E+07 0.129706E+10 0.309355E+10
     4186.00  0.778299E+08 0.496312E+07 0.127158E+10 0.308090E+10
     4196.00  0.775640E+08 0.420806E+07 0.124641E+10 0.306775E+10
     4206.00  0.772887E+08 0.352295E+07 0.122155E+10 0.305412E+10
     4216.00  0.770043E+08 0.290560E+07 0.119701E+10 0.304000E+10
     4226.00  0.767108E+08 0.235389E+07 0.117277E+10 0.302542E+10
     4236.00  0.764087E+08 0.186571E+07 0.114884E+10 0.301038E+10
     4246.00  0.760979E+08 0.143901E+07 0.112522E+10 0.299490E+10
     4256.00  0.757789E+08 0.107176E+07 0.110191E+10 0.297899E+10
     4266.00  0.754516E+08 0.761984E+06 0.107892E+10 0.296267E+10
     4276.00  0.751165E+08 0.507724E+06 0.105623E+10 0.294593E+10
     4286.00  0.747736E+08 0.307073E+06 0.103385E+10 0.292881E+10
     4296.00  0.744232E+08 0.158157E+06 0.101178E+10 0.291130E+10
     4306.00  0.740655E+08 0.591362E+05 0.990011E+09 0.289342E+10
     4316.00  0.737007E+08 0.820852E+04 0.968554E+09 0.287519E+10
     4326.00  0.733290E+08 0.360679E+04 0.947402E+09 0.285661E+10
     4336.00  0.729505E+08 0.435990E+05 0.926556E+09 0.283769E+10
     4346.00  0.725656E+08 0.126488E+06 0.906013E+09 0.281846E+10
     4356.00  0.721743E+08 0.250612E+06 0.885773E+09 0.279891E+10
     4366.00  0.717769E+08 0.414342E+06 0.865835E+09 0.277906E+10
     4376.00  0.713736E+08 0.616084E+06 0.846197E+09 0.275893E+10
     4386.00  0.709645E+08 0.854276E+06 0.826858E+09 0.273851E+10
     4396.00  0.705499E+08 0.112739E+07 0.807816E+09 0.271783E+10
     4406.00  0.701300E+08 0.143394E+07 0.789070E+09 0.269690E+10
     4416.00  0.697048E+08 0.177245E+07 0.770619E+09 0.267572E+10
     4426.00  0.692747E+08 0.214149E+07 0.752461E+09 0.265431E+10
     4436.00  0.688398E+08 0.253968E+07 0.734593E+09 0.263268E+10
     4446.00  0.684002E+08 0.296563E+07 0.717015E+09 0.261084E+10
     4456.00  0.679562E+08 0.341802E+07 0.699725E+09 0.258879E+10
     4466.00  0.675079E+08 0.389553E+07 0.682720E+09 0.256656E+10
     4476.00  0.670556E+08 0.439690E+07 0.665998E+09 0.254414E+10
     4486.00  0.665993E+08 0.492087E+07 0.649559E+09 0.252155E+10
     4511.00  0.654425E+08 0.632181E+07 0.609680E+09 0.246440E+10
     4536.00  0.642649E+08 0.783832E+07 0.571516E+09 0.240640E+10
     4561.00  0.630691E+08 0.945330E+07 0.535034E+09 0.234770E+10
     4586.00  0.618573E+08 0.111507E+08 0.500196E+09 0.228843E+10
     4611.00  0.606321E+08 0.129155E+08 0.466967E+09 0.222873E+10
     4636.00  0.593957E+08 0.147337E+08 0.435306E+09 0.216873E+10
     4661.00  0.581501E+08 0.165922E+08 0.405175E+09 0.210856E+10
     4686.00  0.568977E+08 0.184789E+08 0.376534E+09 0.204833E+10
     4711.00  0.556403E+08 0.203825E+08 0.349341E+09 0.198815E+10
     4736.00  0.543800E+08 0.222926E+08 0.323556E+09 0.192814E+10
     4761.00  0.531184E+08 0.241995E+08 0.299136E+09 0.186839E+10
     4786.00  0.518574E+08 0.260944E+08 0.276039E+09 0.180899E+10
     4811.00  0.505987E+08 0.279693E+08 0.254223E+09 0.175004E+10
     4836.00  0.493437E+08 0.298166E+08 0.233646E+09 0.169163E+10
     4861.00  0.480941E+08 0.316297E+08 0.214265E+09 0.163382E+10
     4886.00  0.468512E+08 0.334025E+08 0.196039E+09 0.157669E+10
     4911.00  0.456164E+08 0.351296E+08 0.178924E+09 0.152030E+10
     4936.00  0.443909E+08 0.368060E+08 0.162881E+09 0.146473E+10
     4961.00  0.431759E+08 0.384274E+08 0.147867E+09 0.141003E+10
     4986.00  0.419725E+08 0.399899E+08 0.133841E+09 0.135625E+10
     5011.00  0.407818E+08 0.414902E+08 0.120764E+09 0.130343E+10
     5036.00  0.396047E+08 0.429255E+08 0.108597E+09 0.125163E+10
     5061.00  0.384422E+08 0.442933E+08 0.972988E+08 0.120087E+10
     5086.00  0.372949E+08 0.455916E+08 0.868325E+08 0.115120E+10
     5111.00  0.361638E+08 0.468188E+08 0.771602E+08 0.110265E+10
     5136.00  0.350495E+08 0.479734E+08 0.682451E+08 0.105523E+10
     5161.00  0.339525E+08 0.490547E+08 0.600512E+08 0.100897E+10
     5186.00  0.328736E+08 0.500619E+08 0.525433E+08 0.963896E+09
     5211.00  0.318132E+08 0.509948E+08 0.456870E+08 0.920017E+09
     5236.00  0.307718E+08 0.518532E+08 0.394489E+08 0.877345E+09
     5261.00  0.297498E+08 0.526373E+08 0.337964E+08 0.835888E+09
     5286.00  0.287475E+08 0.533475E+08 0.286980E+08 0.795654E+09
     5311.00  0.277652E+08 0.539845E+08 0.241228E+08 0.756644E+09
     5336.00  0.268033E+08 0.545491E+08 0.200412E+08 0.718857E+09
     5361.00  0.258619E+08 0.550422E+08 0.164242E+08 0.682293E+09
     5386.00  0.249412E+08 0.554650E+08 0.132441E+08 0.646946E+09
     5411.00  0.240413E+08 0.558189E+08 0.104738E+08 0.612809E+09
     5436.00  0.231624E+08 0.561052E+08 0.808742E+07 0.579873E+09
     5461.00  0.223045E+08 0.563255E+08 0.605986E+07 0.548127E+09
     5511.00  0.206516E+08 0.565750E+08 0.298573E+07 0.488151E+09
     5561.00  0.190826E+08 0.565816E+08 0.106957E+07 0.432761E+09
     5611.00  0.175967E+08 0.563610E+08 0.144085E+06 0.381811E+09
     5661.00  0.161930E+08 0.559294E+08 0.561056E+05 0.335139E+09
     5711.00  0.148698E+08 0.553036E+08 0.666087E+06 0.292567E+09
     5761.00  0.136255E+08 0.545006E+08 0.184757E+07 0.253905E+09
     5811.00  0.124580E+08 0.535376E+08 0.348660E+07 0.218955E+09
     5861.00  0.113651E+08 0.524315E+08 0.548105E+07 0.187512E+09
     5911.00  0.103442E+08 0.511989E+08 0.774002E+07 0.159369E+09
     5961.00  0.939284E+07 0.498559E+08 0.101831E+08 0.134317E+09
     6011.00  0.850822E+07 0.484183E+08 0.127397E+08 0.112147E+09
     6061.00  0.768753E+07 0.469009E+08 0.153485E+08 0.926528E+08
     6111.00  0.692791E+07 0.453180E+08 0.179565E+08 0.756330E+08
     6161.00  0.622644E+07 0.436831E+08 0.205186E+08 0.608902E+08
     6211.00  0.558021E+07 0.420088E+08 0.229969E+08 0.482334E+08
     6261.00  0.498629E+07 0.403069E+08 0.253600E+08 0.374786E+08
     6311.00  0.444180E+07 0.385883E+08 0.275824E+08 0.284495E+08
     6361.00  0.394388E+07 0.368630E+08 0.296441E+08 0.209782E+08
     6411.00  0.348974E+07 0.351403E+08 0.315298E+08 0.149054E+08
     6461.00  0.307665E+07 0.334285E+08 0.332284E+08 0.100807E+08
     6511.00  0.270194E+07 0.317351E+08 0.347328E+08 0.636278E+07
     6561.00  0.236304E+07 0.300668E+08 0.360392E+08 0.361962E+07
     6611.00  0.205747E+07 0.284296E+08 0.371466E+08 0.172825E+07
     6661.00  0.178284E+07 0.268286E+08 0.380566E+08 0.574713E+06
     6711.00  0.153686E+07 0.252685E+08 0.387730E+08 0.539443E+05
     6761.00  0.131734E+07 0.237529E+08 0.393014E+08 0.694873E+05
     6811.00  0.112220E+07 0.222853E+08 0.396488E+08 0.533241E+06
     6861.00  0.949454E+06 0.208681E+08 0.398237E+08 0.136514E+07
     6911.00  0.797226E+06 0.195035E+08 0.398351E+08 0.249281E+07
     6961.00  0.663745E+06 0.181930E+08 0.396933E+08 0.385120E+07
     7011.00  0.547342E+06 0.169378E+08 0.394087E+08 0.538219E+07
     7061.00  0.446451E+06 0.157385E+08 0.389922E+08 0.703420E+07
     7111.00  0.359603E+06 0.145955E+08 0.384551E+08 0.876177E+07
     7161.00  0.285425E+06 0.135087E+08 0.378084E+08 0.105252E+08
     7211.00  0.222640E+06 0.124778E+08 0.370633E+08 0.122900E+08
     7261.00  0.170058E+06 0.115022E+08 0.362307E+08 0.140268E+08
     7311.00  0.126579E+06 0.105810E+08 0.353214E+08 0.157106E+08
     7361.00  0.911845E+05 0.971305E+07 0.343456E+08 0.173206E+08
     7411.00  0.629353E+05 0.889718E+07 0.333133E+08 0.188398E+08
     7511.00  0.244948E+05 0.741574E+07 0.311168E+08 0.215547E+08
     7611.00  0.519648E+04 0.612378E+07 0.288019E+08 0.237818E+08
     7711.00  0.902075E+01 0.500704E+07 0.264301E+08 0.254875E+08
     7811.00  0.481129E+04 0.405048E+07 0.240541E+08 0.266689E+08
     7911.00  0.162778E+05 0.323878E+07 0.217179E+08 0.273466E+08
     8011.00  0.317706E+05 0.255671E+07 0.194572E+08 0.275575E+08
     8111.00  0.492397E+05 0.198952E+07 0.172998E+08 0.273496E+08
     8211.00  0.671315E+05 0.152314E+07 0.152664E+08 0.267777E+08
     8311.00  0.843066E+05 0.114435E+07 0.133716E+08 0.258994E+08
     8411.00  0.999666E+05 0.840914E+06 0.116243E+08 0.247724E+08
     8511.00  0.113590E+06 0.601651E+06 0.100287E+08 0.234523E+08
     8611.00  0.124874E+06 0.416456E+06 0.858520E+07 0.219913E+08
     8711.00  0.133691E+06 0.276294E+06 0.729101E+07 0.204369E+08
     8811.00  0.140044E+06 0.173179E+06 0.614080E+07 0.188312E+08
     8911.00  0.144029E+06 0.100122E+06 0.512733E+07 0.172109E+08
     9011.00  0.145817E+06 0.510718E+05 0.424201E+07 0.156068E+08
     9111.00  0.145618E+06 0.208470E+05 0.347533E+07 0.140447E+08
     9211.00  0.143671E+06 0.505843E+04 0.281728E+07 0.125447E+08
     9311.00  0.140228E+06 0.327343E+02 0.225765E+07 0.111226E+08
     9411.00  0.135540E+06 0.273517E+04 0.178628E+07 0.978964E+07
     9511.00  0.129848E+06 0.106942E+05 0.139333E+07 0.855330E+07
     9611.00  0.123383E+06 0.219295E+05 0.106934E+07 0.741782E+07
     9711.00  0.116353E+06 0.348849E+05 0.805473E+06 0.638466E+07
     9811.00  0.108948E+06 0.483655E+05 0.593475E+06 0.545296E+07
     9911.00  0.101335E+06 0.614812E+05 0.425795E+06 0.462004E+07
    10011.00  0.936591E+05 0.735953E+05 0.295586E+06 0.388175E+07
    10111.00  0.860429E+05 0.842789E+05 0.196704E+06 0.323285E+07
    10211.00  0.785882E+05 0.932712E+05 0.123695E+06 0.266737E+07
    10311.00  0.713772E+05 0.100444E+06 0.717697E+05 0.217881E+07
    10411.00  0.644744E+05 0.105771E+06 0.367624E+05 0.176048E+07
    10511.00  0.579284E+05 0.109306E+06 0.150892E+05 0.140557E+07
    10611.00  0.517733E+05 0.111155E+06 0.369985E+04 0.110742E+07
    10711.00  0.460312E+05 0.111466E+06 0.282740E+02 0.859568E+06
    10811.00  0.407133E+05 0.110410E+06 0.194233E+04 0.655869E+06
    10911.00  0.358222E+05 0.108167E+06 0.769487E+04 0.490567E+06
    11011.00  0.313529E+05 0.104926E+06 0.158765E+05 0.358333E+06
    11111.00  0.272946E+05 0.100867E+06 0.253709E+05 0.254289E+06
    11211.00  0.236319E+05 0.961655E+05 0.353135E+05 0.174027E+06
    11311.00  0.203459E+05 0.909825E+05 0.450530E+05 0.113596E+06
    11411.00  0.174150E+05 0.854653E+05 0.541171E+05 0.695002E+05
    11511.00  0.148161E+05 0.797448E+05 0.621817E+05 0.386694E+05
    11611.00  0.125250E+05 0.739358E+05 0.690426E+05 0.184402E+05
    11711.00  0.105171E+05 0.681364E+05 0.745924E+05 0.652461E+04
    11811.00  0.876793E+04 0.624292E+05 0.787993E+05 0.978396E+03
    11911.00  0.725367E+04 0.568817E+05 0.816888E+05 0.169017E+03
    12011.00  0.595118E+04 0.515476E+05 0.833294E+05 0.274284E+04
    12111.00  0.483841E+04 0.464682E+05 0.838192E+05 0.759331E+04
    12211.00  0.389452E+04 0.416735E+05 0.832760E+05 0.138303E+05
    12311.00  0.310004E+04 0.371838E+05 0.818287E+05 0.207516E+05
    12411.00  0.243686E+04 0.330107E+05 0.796101E+05 0.278156E+05
    12511.00  0.188834E+04 0.291590E+05 0.767527E+05 0.346173E+05
    12611.00  0.143927E+04 0.256270E+05 0.733839E+05 0.408658E+05
    12711.00  0.107585E+04 0.224086E+05 0.696233E+05 0.463643E+05
    12811.00  0.785629E+03 0.194934E+05 0.655810E+05 0.509928E+05
    12911.00  0.557478E+03 0.168683E+05 0.613563E+05 0.546926E+05
    13011.00  0.381495E+03 0.145178E+05 0.570368E+05 0.574525E+05
    13111.00  0.248937E+03 0.124250E+05 0.526987E+05 0.592982E+05
    13211.00  0.152132E+03 0.105720E+05 0.484064E+05 0.602818E+05
    13311.00  0.843996E+02 0.894048E+04 0.442138E+05 0.604741E+05
    13411.00  0.399636E+02 0.751204E+04 0.401643E+05 0.599582E+05
    13511.00  0.138700E+02 0.626855E+04 0.362920E+05 0.588235E+05
    13611.00  0.190603E+01 0.519244E+04 0.326225E+05 0.571619E+05
    13711.00  0.522886E+00 0.426687E+04 0.291738E+05 0.550643E+05
    13811.00  0.676231E+01 0.347587E+04 0.259574E+05 0.526181E+05
    13911.00  0.181879E+02 0.280445E+04 0.229790E+05 0.499054E+05
    14011.00  0.328210E+02 0.223866E+04 0.202396E+05 0.470015E+05
    14111.00  0.490815E+02 0.176562E+04 0.177361E+05 0.439744E+05
    14211.00  0.657335E+02 0.137353E+04 0.154623E+05 0.408845E+05
    14311.00  0.818358E+02 0.105166E+04 0.134094E+05 0.377841E+05
    14411.00  0.966971E+02 0.790295E+03 0.115667E+05 0.347177E+05
    14511.00  0.109836E+03 0.580713E+03 0.992216E+04 0.317228E+05
    14611.00  0.120945E+03 0.415127E+03 0.846271E+04 0.288295E+05
    14711.00  0.129858E+03 0.286626E+03 0.717481E+04 0.260617E+05
    14811.00  0.136524E+03 0.189112E+03 0.604476E+04 0.234375E+05
    14911.00  0.140979E+03 0.117242E+03 0.505887E+04 0.209696E+05
    15011.00  0.143331E+03 0.663557E+02 0.420381E+04 0.186663E+05
    15111.00  0.143734E+03 0.324231E+02 0.346669E+04 0.165320E+05
    15211.00  0.142379E+03 0.119766E+02 0.283524E+04 0.145675E+05
    15311.00  0.139478E+03 0.205690E+01 0.229787E+04 0.127709E+05
    15411.00  0.135254E+03 0.157390E+00 0.184379E+04 0.111380E+05
    15511.00  0.129931E+03 0.417366E+01 0.146295E+04 0.966295E+04
    15611.00  0.123730E+03 0.123561E+02 0.114616E+04 0.833817E+04
    15711.00  0.116861E+03 0.232663E+02 0.885014E+03 0.715526E+04
    15811.00  0.109519E+03 0.357374E+02 0.671905E+03 0.610506E+04
    15911.00  0.101881E+03 0.488377E+02 0.499988E+03 0.517800E+04
    16011.00  0.941079E+02 0.618384E+02 0.363143E+03 0.436434E+04
    16111.00  0.863388E+02 0.741836E+02 0.255935E+03 0.365434E+04
    16211.00  0.786929E+02 0.854647E+02 0.173563E+03 0.303846E+04
    16311.00  0.712698E+02 0.953964E+02 0.111821E+03 0.250746E+04
    16411.00  0.641498E+02 0.103797E+03 0.670369E+02 0.205253E+04
    16511.00  0.573953E+02 0.110567E+03 0.360332E+02 0.166533E+04
    16611.00  0.510525E+02 0.115680E+03 0.160755E+02 0.133807E+04
    16711.00  0.451524E+02 0.119161E+03 0.482773E+01 0.106352E+04
    16811.00  0.397127E+02 0.121078E+03 0.309137E+00 0.835030E+03
    16911.00  0.347399E+02 0.121532E+03 0.853819E+00 0.646543E+03
    17011.00  0.302308E+02 0.120647E+03 0.507322E+01 0.492568E+03
    17111.00  0.261737E+02 0.118563E+03 0.118216E+02 0.368169E+03
    17211.00  0.225509E+02 0.115430E+03 0.201646E+02 0.268940E+03
    17311.00  0.193394E+02 0.111400E+03 0.293507E+02 0.190972E+03
    17411.00  0.165126E+02 0.106625E+03 0.387852E+02 0.130820E+03
    17511.00  0.140418E+02 0.101256E+03 0.480077E+02 0.854668E+02
    17611.00  0.118965E+02 0.954342E+02 0.566715E+02 0.522903E+02
    17711.00  0.100461E+02 0.892923E+02 0.645252E+02 0.290226E+02
    17811.00  0.846023E+01 0.829535E+02 0.713970E+02 0.137173E+02
    17911.00  0.710938E+01 0.765289E+02 0.771812E+02 0.471500E+01
    18011.00  0.596557E+01 0.701175E+02 0.818250E+02 0.610866E+00
    18111.00  0.500254E+01 0.638053E+02 0.853191E+02 0.224966E+00
    18211.00  0.419610E+01 0.576663E+02 0.876881E+02 0.257426E+01
    18311.00  0.352421E+01 0.517618E+02 0.889829E+02 0.684722E+01
    18411.00  0.296704E+01 0.461413E+02 0.892737E+02 0.123807E+02
    18511.00  0.250701E+01 0.408432E+02 0.886453E+02 0.186392E+02
    18611.00  0.212866E+01 0.358954E+02 0.871915E+02 0.251965E+02
    18711.00  0.181853E+01 0.313161E+02 0.850115E+02 0.317189E+02
    18811.00  0.156509E+01 0.271153E+02 0.822069E+02 0.379513E+02
    18911.00  0.135847E+01 0.232951E+02 0.788790E+02 0.437041E+02
    19011.00  0.119033E+01 0.198510E+02 0.751261E+02 0.488425E+02
    19111.00  0.105368E+01 0.167729E+02 0.710425E+02 0.532770E+02
    19311.00  0.852399E+00 0.116522E+02 0.622324E+02 0.598550E+02
    19511.00  0.718683E+00 0.777620E+01 0.530772E+02 0.633463E+02
    19711.00  0.627607E+00 0.495519E+01 0.440870E+02 0.639723E+02
    19911.00  0.561644E+00 0.298940E+01 0.356472E+02 0.621391E+02
    20111.00  0.508223E+00 0.168614E+01 0.280248E+02 0.583467E+02
    20311.00  0.458329E+00 0.871955E+00 0.213796E+02 0.531248E+02
    20511.00  0.405861E+00 0.399885E+00 0.157792E+02 0.469869E+02
    20711.00  0.347478E+00 0.152448E+00 0.112177E+02 0.404010E+02
    20911.00  0.282584E+00 0.412502E-01 0.763287E+01 0.337684E+02
    21111.00  0.213274E+00 0.416618E-02 0.492380E+01 0.274130E+02
    21311.00  0.144036E+00 0.999556E-03 0.296680E+01 0.215772E+02
    21511.00  0.811944E-01 0.849044E-02 0.162863E+01 0.164232E+02
    21711.00  0.320840E-01 0.153590E-01 0.777457E+00 0.120399E+02
    21911.00  0.406234E-02 0.179010E-01 0.290908E+00 0.845159E+01
    22111.00  0.347753E-02 0.164553E-01 0.615745E-01 0.563124E+01
    22311.00  0.347311E-01 0.128801E-01 0.379346E-04 0.351298E+01
    22511.00  0.995612E-01 0.901808E-02 0.358646E-01 0.200562E+01
    22711.00  0.196639E+00 0.601289E-02 0.116948E+00 0.100473E+01
    22911.00  0.321526E+00 0.426474E-02 0.207661E+00 0.403107E+00
    23111.00  0.466994E+00 0.378309E-02 0.286252E+00 0.989465E-01
    23311.00  0.623658E+00 0.470069E-02 0.341882E+00 0.166430E-02
    23511.00  0.780853E+00 0.775165E-02 0.371650E+00 0.353343E-01
    23711.00  0.927618E+00 0.145722E-01 0.377845E+00 0.140062E+00
    23911.00  0.105372E+01 0.277496E-01 0.365625E+00 0.271687E+00
    24111.00  0.115055E+01 0.506060E-01 0.341211E+00 0.400275E+00
    24311.00  0.121187E+01 0.867622E-01 0.310630E+00 0.507872E+00
    24511.00  0.123421E+01 0.139560E+00 0.278959E+00 0.585913E+00
    24711.00  0.121715E+01 0.211445E+00 0.250025E+00 0.632650E+00
    24911.00  0.116311E+01 0.303420E+00 0.226421E+00 0.650813E+00
    25111.00  0.107703E+01 0.414643E+00 0.209749E+00 0.645655E+00
    25311.00  0.965777E+00 0.542249E+00 0.200966E+00 0.623457E+00
    25511.00  0.837437E+00 0.681420E+00 0.200733E+00 0.590466E+00
    25711.00  0.700577E+00 0.825695E+00 0.209693E+00 0.552248E+00
    25911.00  0.563480E+00 0.967476E+00 0.228634E+00 0.513356E+00
    26111.00  0.433521E+00 0.109870E+01 0.258511E+00 0.477260E+00
    26311.00  0.316652E+00 0.121153E+01 0.300337E+00 0.446422E+00
    26511.00  0.217090E+00 0.129912E+01 0.354983E+00 0.422495E+00
    26711.00  0.137167E+00 0.135611E+01 0.422904E+00 0.406519E+00
    26911.00  0.773903E-01 0.137923E+01 0.503879E+00 0.399151E+00
         IE==>     12
        1.00  0.586346E+10
        2.00  0.297884E+10
        3.00  0.508311E+10
        4.00  0.816585E+10
        5.00  0.120579E+11
        6.00  0.166390E+11
        7.00  0.217875E+11
        8.00  0.273798E+11
        9.00  0.332942E+11
       10.00  0.394138E+11
       11.00  0.456286E+11
       12.00  0.518386E+11
       13.00  0.579564E+11
       14.00  0.639081E+11
       15.00  0.696340E+11
       16.00  0.750876E+11
       17.00  0.802342E+11
       18.00  0.850489E+11
       19.00  0.895152E+11
       20.00  0.936236E+11
       21.00  0.973703E+11
       22.00  0.100757E+12
       23.00  0.103788E+12
       24.00  0.106472E+12
       25.00  0.108823E+12
       26.00  0.110852E+12
       27.00  0.112576E+12
       28.00  0.114012E+12
       29.00  0.115174E+12
       30.00  0.116081E+12
       31.00  0.116747E+12
       32.00  0.117190E+12
       33.00  0.117425E+12
       34.00  0.117465E+12
       35.00  0.117325E+12
       36.00  0.117018E+12
       37.00  0.116557E+12
       38.00  0.115955E+12
       39.00  0.115221E+12
       40.00  0.114369E+12
       42.00  0.112345E+12
       44.00  0.109960E+12
       46.00  0.107279E+12
       48.00  0.104359E+12
       50.00  0.101248E+12
       52.00  0.979892E+11
       54.00  0.946180E+11
       56.00  0.911661E+11
       58.00  0.876609E+11
       60.00  0.841263E+11
       62.00  0.805830E+11
       64.00  0.770487E+11
       66.00  0.735384E+11
       68.00  0.700651E+11
       70.00  0.666395E+11
       72.00  0.632707E+11
       74.00  0.599665E+11
       76.00  0.567335E+11
       78.00  0.535772E+11
       80.00  0.505023E+11
       82.00  0.475130E+11
       84.00  0.446123E+11
       86.00  0.418030E+11
       88.00  0.390870E+11
       90.00  0.364659E+11
       92.00  0.339407E+11
       94.00  0.315121E+11
       96.00  0.291806E+11
       98.00  0.269462E+11
      100.00  0.248088E+11
      102.00  0.227681E+11
      104.00  0.208236E+11
      106.00  0.189747E+11
      108.00  0.172206E+11
      110.00  0.155603E+11
      112.00  0.139929E+11
      114.00  0.125172E+11
      116.00  0.111320E+11
      118.00  0.983591E+10
      122.00  0.750589E+10
      126.00  0.551566E+10
      130.00  0.385318E+10
      134.00  0.250602E+10
      138.00  0.146150E+10
      142.00  0.706740E+09
      146.00  0.228834E+09
      150.00  0.148906E+08
      154.00  0.521264E+08
      158.00  0.327913E+09
      162.00  0.829816E+09
      166.00  0.154563E+10
      170.00  0.246339E+10
      174.00  0.357145E+10
      178.00  0.485843E+10
      182.00  0.631328E+10
      186.00  0.792527E+10
      190.00  0.968398E+10
      194.00  0.115793E+11
      198.00  0.136014E+11
      202.00  0.157409E+11
      206.00  0.179886E+11
      210.00  0.203357E+11
      214.00  0.227738E+11
      218.00  0.252947E+11
      222.00  0.278906E+11
      226.00  0.305537E+11
      230.00  0.332769E+11
      234.00  0.360530E+11
      238.00  0.388753E+11
      242.00  0.417373E+11
      246.00  0.446327E+11
      250.00  0.475558E+11
      254.00  0.505007E+11
      258.00  0.534620E+11
      262.00  0.564346E+11
      266.00  0.594135E+11
      270.00  0.623938E+11
      274.00  0.653709E+11
      282.00  0.712985E+11
      290.00  0.771640E+11
      298.00  0.829387E+11
      306.00  0.885968E+11
      314.00  0.941152E+11
      322.00  0.994730E+11
      330.00  0.104652E+12
      338.00  0.109637E+12
      346.00  0.114413E+12
      354.00  0.118971E+12
      362.00  0.123300E+12
      370.00  0.127391E+12
      378.00  0.131238E+12
      386.00  0.134837E+12
      394.00  0.138182E+12
      402.00  0.141273E+12
      410.00  0.144107E+12
      418.00  0.146684E+12
      426.00  0.149004E+12
      434.00  0.151070E+12
      442.00  0.152882E+12
      450.00  0.154445E+12
      458.00  0.155763E+12
      466.00  0.156838E+12
      474.00  0.157678E+12
      482.00  0.158286E+12
      490.00  0.158669E+12
      498.00  0.158832E+12
      506.00  0.158783E+12
      514.00  0.158530E+12
      522.00  0.158078E+12
      530.00  0.157435E+12
      538.00  0.156610E+12
      546.00  0.155608E+12
      554.00  0.154439E+12
      562.00  0.153110E+12
      570.00  0.151629E+12
      578.00  0.150005E+12
      586.00  0.148244E+12
      596.00  0.145863E+12
      606.00  0.143296E+12
      616.00  0.140558E+12
      626.00  0.137664E+12
      636.00  0.134629E+12
      646.00  0.131466E+12
      656.00  0.128190E+12
      666.00  0.124813E+12
      676.00  0.121350E+12
      686.00  0.117811E+12
      696.00  0.114210E+12
      706.00  0.110560E+12
      716.00  0.106870E+12
      726.00  0.103153E+12
      736.00  0.994180E+11
      746.00  0.956757E+11
      756.00  0.919357E+11
      766.00  0.882069E+11
      776.00  0.844981E+11
      786.00  0.808174E+11
      796.00  0.771723E+11
      806.00  0.735700E+11
      816.00  0.700170E+11
      826.00  0.665197E+11
      836.00  0.630839E+11
      846.00  0.597148E+11
      856.00  0.564175E+11
      866.00  0.531964E+11
      876.00  0.500556E+11
      886.00  0.469988E+11
      896.00  0.440293E+11
      906.00  0.411500E+11
      916.00  0.383637E+11
      926.00  0.356725E+11
      936.00  0.330785E+11
      946.00  0.305833E+11
      956.00  0.281882E+11
      966.00  0.258942E+11
      976.00  0.237021E+11
      986.00  0.216124E+11
      996.00  0.196254E+11
     1006.00  0.177411E+11
     1016.00  0.159592E+11
     1026.00  0.142795E+11
     1036.00  0.127011E+11
     1046.00  0.112233E+11
     1056.00  0.984513E+10
     1066.00  0.856537E+10
     1076.00  0.738273E+10
     1086.00  0.629573E+10
     1096.00  0.530278E+10
     1106.00  0.440215E+10
     1116.00  0.359201E+10
     1126.00  0.287042E+10
     1136.00  0.223533E+10
     1146.00  0.168464E+10
     1156.00  0.121614E+10
     1166.00  0.827571E+09
     1176.00  0.516605E+09
     1186.00  0.280861E+09
     1196.00  0.117915E+09
     1206.00  0.253026E+08
     1216.00  0.527013E+06
     1226.00  0.410666E+08
     1236.00  0.144380E+09
     1246.00  0.307913E+09
     1256.00  0.529101E+09
     1266.00  0.805381E+09
     1276.00  0.113419E+10
     1286.00  0.151297E+10
     1296.00  0.193918E+10
     1306.00  0.241030E+10
     1316.00  0.292381E+10
     1326.00  0.347723E+10
     1336.00  0.406811E+10
     1346.00  0.469402E+10
     1356.00  0.535257E+10
     1366.00  0.604140E+10
     1376.00  0.675821E+10
     1386.00  0.750072E+10
     1396.00  0.826669E+10
     1406.00  0.905394E+10
     1416.00  0.986032E+10
     1426.00  0.106838E+11
     1436.00  0.115222E+11
     1446.00  0.123737E+11
     1456.00  0.132362E+11
     1466.00  0.141080E+11
     1476.00  0.149871E+11
     1486.00  0.158719E+11
     1496.00  0.167605E+11
     1506.00  0.176513E+11
     1516.00  0.185428E+11
     1526.00  0.194333E+11
     1536.00  0.203215E+11
     1546.00  0.212057E+11
     1556.00  0.220848E+11
     1566.00  0.229573E+11
     1576.00  0.238220E+11
     1586.00  0.246777E+11
     1596.00  0.255233E+11
     1606.00  0.263576E+11
     1616.00  0.271796E+11
     1626.00  0.279883E+11
     1636.00  0.287828E+11
     1646.00  0.295622E+11
     1656.00  0.303256E+11
     1666.00  0.310724E+11
     1676.00  0.318018E+11
     1686.00  0.325131E+11
     1696.00  0.332056E+11
     1706.00  0.338788E+11
     1716.00  0.345321E+11
     1726.00  0.351651E+11
     1736.00  0.357773E+11
     1746.00  0.363682E+11
     1756.00  0.369376E+11
     1766.00  0.374851E+11
     1776.00  0.380104E+11
     1786.00  0.385133E+11
     1796.00  0.389935E+11
     1806.00  0.394510E+11
     1816.00  0.398855E+11
     1826.00  0.402969E+11
     1836.00  0.406852E+11
     1846.00  0.410503E+11
     1856.00  0.413923E+11
     1866.00  0.417111E+11
     1876.00  0.420068E+11
     1886.00  0.422794E+11
     1896.00  0.425292E+11
     1906.00  0.427562E+11
     1916.00  0.429606E+11
     1926.00  0.431425E+11
     1936.00  0.433021E+11
     1946.00  0.434396E+11
     1956.00  0.435554E+11
     1966.00  0.436496E+11
     1976.00  0.437225E+11
     1986.00  0.437745E+11
     1996.00  0.438057E+11
     2006.00  0.438167E+11
     2016.00  0.438076E+11
     2026.00  0.437788E+11
     2036.00  0.437307E+11
     2046.00  0.436637E+11
     2056.00  0.435781E+11
     2066.00  0.434743E+11
     2076.00  0.433527E+11
     2086.00  0.432138E+11
     2096.00  0.430579E+11
     2106.00  0.428854E+11
     2116.00  0.426969E+11
     2126.00  0.424927E+11
     2136.00  0.422732E+11
     2146.00  0.420390E+11
     2156.00  0.417903E+11
     2166.00  0.415278E+11
     2176.00  0.412517E+11
     2186.00  0.409627E+11
     2196.00  0.406610E+11
     2206.00  0.403472E+11
     2216.00  0.400218E+11
     2226.00  0.396851E+11
     2236.00  0.393377E+11
     2246.00  0.389799E+11
     2256.00  0.386122E+11
     2266.00  0.382350E+11
     2276.00  0.378489E+11
     2286.00  0.374542E+11
     2296.00  0.370513E+11
     2306.00  0.366407E+11
     2316.00  0.362228E+11
     2326.00  0.357981E+11
     2336.00  0.353669E+11
     2346.00  0.349297E+11
     2356.00  0.344868E+11
     2366.00  0.340387E+11
     2376.00  0.335857E+11
     2386.00  0.331283E+11
     2396.00  0.326668E+11
     2406.00  0.322016E+11
     2416.00  0.317331E+11
     2426.00  0.312615E+11
     2436.00  0.307874E+11
     2446.00  0.303109E+11
     2456.00  0.298326E+11
     2466.00  0.293526E+11
     2476.00  0.288714E+11
     2486.00  0.283892E+11
     2496.00  0.279063E+11
     2506.00  0.274231E+11
     2516.00  0.269399E+11
     2526.00  0.264569E+11
     2536.00  0.259743E+11
     2546.00  0.254926E+11
     2556.00  0.250119E+11
     2566.00  0.245326E+11
     2576.00  0.240548E+11
     2586.00  0.235788E+11
     2596.00  0.231048E+11
     2606.00  0.226331E+11
     2616.00  0.221639E+11
     2626.00  0.216974E+11
     2636.00  0.212337E+11
     2646.00  0.207732E+11
     2656.00  0.203160E+11
     2666.00  0.198622E+11
     2676.00  0.194121E+11
     2686.00  0.189657E+11
     2696.00  0.185234E+11
     2706.00  0.180851E+11
     2716.00  0.176512E+11
     2726.00  0.172216E+11
     2736.00  0.167966E+11
     2746.00  0.163763E+11
     2756.00  0.159608E+11
     2766.00  0.155501E+11
     2776.00  0.151445E+11
     2786.00  0.147440E+11
     2796.00  0.143487E+11
     2806.00  0.139586E+11
     2816.00  0.135740E+11
     2826.00  0.131948E+11
     2836.00  0.128211E+11
     2846.00  0.124530E+11
     2856.00  0.120906E+11
     2866.00  0.117338E+11
     2876.00  0.113828E+11
     2886.00  0.110376E+11
     2896.00  0.106982E+11
     2906.00  0.103647E+11
     2916.00  0.100370E+11
     2926.00  0.971531E+10
     2936.00  0.939952E+10
     2946.00  0.908968E+10
     2956.00  0.878580E+10
     2966.00  0.848788E+10
     2976.00  0.819594E+10
     2986.00  0.790995E+10
     2996.00  0.762993E+10
     3006.00  0.735587E+10
     3016.00  0.708774E+10
     3026.00  0.682554E+10
     3036.00  0.656924E+10
     3046.00  0.631882E+10
     3056.00  0.607425E+10
     3066.00  0.583552E+10
     3076.00  0.560257E+10
     3086.00  0.537539E+10
     3096.00  0.515392E+10
     3106.00  0.493814E+10
     3116.00  0.472800E+10
     3126.00  0.452345E+10
     3136.00  0.432445E+10
     3146.00  0.413095E+10
     3156.00  0.394290E+10
     3166.00  0.376024E+10
     3176.00  0.358292E+10
     3186.00  0.341087E+10
     3196.00  0.324405E+10
     3206.00  0.308239E+10
     3216.00  0.292583E+10
     3226.00  0.277430E+10
     3236.00  0.262774E+10
     3246.00  0.248609E+10
     3256.00  0.234928E+10
     3266.00  0.221723E+10
     3276.00  0.208989E+10
     3286.00  0.196717E+10
     3296.00  0.184901E+10
     3306.00  0.173534E+10
     3316.00  0.162608E+10
     3326.00  0.152116E+10
     3336.00  0.142050E+10
     3346.00  0.132404E+10
     3356.00  0.123170E+10
     3366.00  0.114339E+10
     3376.00  0.105906E+10
     3386.00  0.978611E+09
     3396.00  0.901979E+09
     3406.00  0.829086E+09
     3416.00  0.759854E+09
     3426.00  0.694209E+09
     3436.00  0.632073E+09
     3446.00  0.573371E+09
     3456.00  0.518026E+09
     3466.00  0.465963E+09
     3476.00  0.417106E+09
     3486.00  0.371380E+09
     3496.00  0.328709E+09
     3506.00  0.289019E+09
     3516.00  0.252236E+09
     3526.00  0.218284E+09
     3536.00  0.187092E+09
     3546.00  0.158585E+09
     3556.00  0.132692E+09
     3566.00  0.109340E+09
     3576.00  0.884580E+08
     3586.00  0.699750E+08
     3596.00  0.538209E+08
     3606.00  0.399262E+08
     3616.00  0.282221E+08
     3626.00  0.186405E+08
     3636.00  0.111140E+08
     3646.00  0.557595E+07
     3656.00  0.196057E+07
     3666.00  0.202805E+06
     3676.00  0.238402E+06
     3686.00  0.200396E+07
     3696.00  0.543691E+07
     3706.00  0.104755E+08
     3716.00  0.170590E+08
     3726.00  0.251275E+08
     3736.00  0.346217E+08
     3746.00  0.454837E+08
     3756.00  0.576562E+08
     3766.00  0.710829E+08
     3776.00  0.857085E+08
     3786.00  0.101478E+09
     3796.00  0.118339E+09
     3806.00  0.136238E+09
     3816.00  0.155124E+09
     3826.00  0.174947E+09
     3836.00  0.195655E+09
     3846.00  0.217202E+09
     3856.00  0.239538E+09
     3866.00  0.262618E+09
     3876.00  0.286396E+09
     3886.00  0.310826E+09
     3896.00  0.335865E+09
     3906.00  0.361470E+09
     3916.00  0.387600E+09
     3926.00  0.414212E+09
     3936.00  0.441267E+09
     3946.00  0.468726E+09
     3956.00  0.496551E+09
     3966.00  0.524705E+09
     3976.00  0.553151E+09
     3986.00  0.581854E+09
     3996.00  0.610780E+09
     4006.00  0.639895E+09
     4016.00  0.669167E+09
     4026.00  0.698564E+09
     4036.00  0.728055E+09
     4046.00  0.757610E+09
     4056.00  0.787201E+09
     4066.00  0.816799E+09
     4076.00  0.846378E+09
     4086.00  0.875910E+09
     4096.00  0.905370E+09
     4106.00  0.934733E+09
     4116.00  0.963976E+09
     4126.00  0.993075E+09
     4136.00  0.102201E+10
     4146.00  0.105075E+10
     4156.00  0.107929E+10
     4166.00  0.110760E+10
     4176.00  0.113566E+10
     4186.00  0.116346E+10
     4196.00  0.119097E+10
     4206.00  0.121819E+10
     4216.00  0.124508E+10
     4226.00  0.127165E+10
     4236.00  0.129786E+10
     4246.00  0.132372E+10
     4256.00  0.134920E+10
     4266.00  0.137429E+10
     4276.00  0.139899E+10
     4286.00  0.142327E+10
     4296.00  0.144713E+10
     4306.00  0.147055E+10
     4316.00  0.149354E+10
     4326.00  0.151607E+10
     4336.00  0.153814E+10
     4346.00  0.155975E+10
     4356.00  0.158087E+10
     4366.00  0.160152E+10
     4376.00  0.162167E+10
     4386.00  0.164133E+10
     4396.00  0.166049E+10
     4406.00  0.167915E+10
     4416.00  0.169729E+10
     4426.00  0.171492E+10
     4436.00  0.173203E+10
     4446.00  0.174862E+10
     4456.00  0.176469E+10
     4466.00  0.178023E+10
     4476.00  0.179524E+10
     4486.00  0.180973E+10
     4511.00  0.184362E+10
     4536.00  0.187420E+10
     4561.00  0.190146E+10
     4586.00  0.192544E+10
     4611.00  0.194616E+10
     4636.00  0.196366E+10
     4661.00  0.197799E+10
     4686.00  0.198922E+10
     4711.00  0.199742E+10
     4736.00  0.200266E+10
     4761.00  0.200502E+10
     4786.00  0.200459E+10
     4811.00  0.200147E+10
     4836.00  0.199575E+10
     4861.00  0.198753E+10
     4886.00  0.197692E+10
     4911.00  0.196402E+10
     4936.00  0.194894E+10
     4961.00  0.193179E+10
     4986.00  0.191268E+10
     5011.00  0.189173E+10
     5036.00  0.186904E+10
     5061.00  0.184472E+10
     5086.00  0.181889E+10
     5111.00  0.179164E+10
     5136.00  0.176310E+10
     5161.00  0.173336E+10
     5186.00  0.170254E+10
     5211.00  0.167072E+10
     5236.00  0.163802E+10
     5261.00  0.160452E+10
     5286.00  0.157032E+10
     5311.00  0.153552E+10
     5336.00  0.150020E+10
     5361.00  0.146445E+10
     5386.00  0.142835E+10
     5411.00  0.139198E+10
     5436.00  0.135541E+10
     5461.00  0.131873E+10
     5511.00  0.124527E+10
     5561.00  0.117212E+10
     5611.00  0.109975E+10
     5661.00  0.102857E+10
     5711.00  0.958941E+09
     5761.00  0.891186E+09
     5811.00  0.825569E+09
     5861.00  0.762315E+09
     5911.00  0.701606E+09
     5961.00  0.643586E+09
     6011.00  0.588363E+09
     6061.00  0.536012E+09
     6111.00  0.486577E+09
     6161.00  0.440077E+09
     6211.00  0.396503E+09
     6261.00  0.355827E+09
     6311.00  0.318001E+09
     6361.00  0.282961E+09
     6411.00  0.250627E+09
     6461.00  0.220909E+09
     6511.00  0.193708E+09
     6561.00  0.168913E+09
     6611.00  0.146413E+09
     6661.00  0.126088E+09
     6711.00  0.107816E+09
     6761.00  0.914752E+08
     6811.00  0.769418E+08
     6861.00  0.640932E+08
     6911.00  0.528084E+08
     6961.00  0.429687E+08
     7011.00  0.344589E+08
     7061.00  0.271670E+08
     7111.00  0.209857E+08
     7161.00  0.158119E+08
     7211.00  0.115474E+08
     7261.00  0.809918E+07
     7311.00  0.537939E+07
     7361.00  0.330546E+07
     7411.00  0.180018E+07
     7511.00  0.213165E+06
     7611.00  0.105416E+06
     7711.00  0.104405E+07
     7811.00  0.267085E+07
     7911.00  0.469575E+07
     8011.00  0.688973E+07
     8111.00  0.907735E+07
     8211.00  0.111294E+08
     8311.00  0.129559E+08
     8411.00  0.144991E+08
     8511.00  0.157280E+08
     8611.00  0.166321E+08
     8711.00  0.172172E+08
     8811.00  0.175011E+08
     8911.00  0.175095E+08
     9011.00  0.172739E+08
     9111.00  0.168284E+08
     9211.00  0.162083E+08
     9311.00  0.154484E+08
     9411.00  0.145819E+08
     9511.00  0.136393E+08
     9611.00  0.126486E+08
     9711.00  0.116343E+08
     9811.00  0.106175E+08
     9911.00  0.961620E+07
    10011.00  0.864492E+07
    10111.00  0.771524E+07
    10211.00  0.683598E+07
    10311.00  0.601339E+07
    10411.00  0.525158E+07
    10511.00  0.455271E+07
    10611.00  0.391736E+07
    10711.00  0.334477E+07
    10811.00  0.283310E+07
    10911.00  0.237969E+07
    11011.00  0.198125E+07
    11111.00  0.163406E+07
    11211.00  0.133413E+07
    11311.00  0.107731E+07
    11411.00  0.859448E+06
    11511.00  0.676449E+06
    11611.00  0.524356E+06
    11711.00  0.399407E+06
    11811.00  0.298072E+06
    11911.00  0.217082E+06
    12011.00  0.153443E+06
    12111.00  0.104446E+06
    12211.00  0.676612E+05
    12311.00  0.409338E+05
    12411.00  0.223718E+05
    12511.00  0.103314E+05
    12611.00  0.339897E+04
    12711.00  0.372729E+03
    12811.00  0.242743E+03
    12911.00  0.217140E+04
    13011.00  0.547398E+04
    13111.00  0.959993E+04
    13211.00  0.141152E+05
    13311.00  0.186857E+05
    13411.00  0.230623E+05
    13511.00  0.270667E+05
    13611.00  0.305793E+05
    13711.00  0.335283E+05
    13811.00  0.358796E+05
    13911.00  0.376290E+05
    14011.00  0.387947E+05
    14111.00  0.394112E+05
    14211.00  0.395246E+05
    14311.00  0.391880E+05
    14411.00  0.384585E+05
    14511.00  0.373942E+05
    14611.00  0.360526E+05
    14711.00  0.344886E+05
    14811.00  0.327538E+05
    14911.00  0.308953E+05
    15011.00  0.289558E+05
    15111.00  0.269731E+05
    15211.00  0.249799E+05
    15311.00  0.230044E+05
    15411.00  0.210702E+05
    15511.00  0.191963E+05
    15611.00  0.173983E+05
    15711.00  0.156878E+05
    15811.00  0.140736E+05
    15911.00  0.125614E+05
    16011.00  0.111547E+05
    16111.00  0.985470E+04
    16211.00  0.866095E+04
    16311.00  0.757152E+04
    16411.00  0.658329E+04
    16511.00  0.569215E+04
    16611.00  0.489331E+04
    16711.00  0.418143E+04
    16811.00  0.355079E+04
    16911.00  0.299549E+04
    17011.00  0.250953E+04
    17111.00  0.208693E+04
    17211.00  0.172183E+04
    17311.00  0.140854E+04
    17411.00  0.114163E+04
    17511.00  0.915947E+03
    17611.00  0.726658E+03
    17711.00  0.569270E+03
    17811.00  0.439642E+03
    17911.00  0.333993E+03
    18011.00  0.248891E+03
    18111.00  0.181255E+03
    18211.00  0.128335E+03
    18311.00  0.876987E+02
    18411.00  0.572127E+02
    18511.00  0.350205E+02
    18611.00  0.195207E+02
    18711.00  0.934436E+01
    18811.00  0.333228E+01
    18911.00  0.512442E+00
    19011.00  0.783915E-01
    19111.00  0.136864E+01
    19311.00  0.708653E+01
    19511.00  0.145766E+02
    19711.00  0.219904E+02
    19911.00  0.283264E+02
    20111.00  0.331310E+02
    20311.00  0.362847E+02
    20511.00  0.378568E+02
    20711.00  0.380137E+02
    20911.00  0.369646E+02
    21111.00  0.349325E+02
    21311.00  0.321412E+02
    21511.00  0.288080E+02
    21711.00  0.251412E+02
    21911.00  0.213352E+02
    22111.00  0.175666E+02
    22311.00  0.139887E+02
    22511.00  0.107254E+02
    22711.00  0.786796E+01
    22911.00  0.547171E+01
    23111.00  0.355709E+01
    23311.00  0.211224E+01
    23511.00  0.109840E+01
    23711.00  0.456804E+00
    23911.00  0.116519E+00
    24111.00  0.226707E-02
    24311.00  0.414588E-01
    24511.00  0.169777E+00
    24711.00  0.334919E+00
    24911.00  0.498358E+00
    25111.00  0.635271E+00
    25311.00  0.732993E+00
    25511.00  0.788508E+00
    25711.00  0.805551E+00
    25911.00  0.791758E+00
    26111.00  0.756303E+00
    26311.00  0.708135E+00
    26511.00  0.654931E+00
    26711.00  0.602603E+00
    26911.00  0.555286E+00



          5         5         3       781D   C   D    0.822591500D+05
     196    252    269
 E STATE HAS LABEL D   
 VIBRATIONAL LEVELS FOR STATE E IN 1/CM FOR J=  4
      -4920.99967     -2725.61392      -658.90707
 PROPORTION OF STATE C   
  0.330055E-05 0.727985E-05 0.103450E-04
 PROPORTION OF STATE D   
  0.999997E+00 0.999993E+00 0.999990E+00
 TABLE FOR EMISSION PROBABILITIES   E(J=  4,IE) ==>F(J=  4,IF)
         IE==>      0            1            2
        1.00  0.158054E+00 0.220610E+02 0.309577E+03
        2.00  0.813042E-01 0.113375E+02 0.158823E+03
        3.00  0.140491E+00 0.195720E+02 0.273700E+03
        4.00  0.228564E+00 0.318106E+02 0.444068E+03
        5.00  0.341822E+00 0.475270E+02 0.662288E+03
        6.00  0.477769E+00 0.663637E+02 0.923125E+03
        7.00  0.633718E+00 0.879381E+02 0.122102E+04
        8.00  0.806781E+00 0.111841E+03 0.155008E+04
        9.00  0.993964E+00 0.137651E+03 0.190429E+04
       10.00  0.119224E+01 0.164942E+03 0.227761E+04
       11.00  0.139865E+01 0.193300E+03 0.266419E+04
       12.00  0.161035E+01 0.222329E+03 0.305849E+04
       13.00  0.182476E+01 0.251669E+03 0.345550E+04
       14.00  0.203957E+01 0.281001E+03 0.385082E+04
       15.00  0.225281E+01 0.310053E+03 0.424070E+04
       16.00  0.246284E+01 0.338599E+03 0.462205E+04
       17.00  0.266830E+01 0.366455E+03 0.499240E+04
       18.00  0.286811E+01 0.393472E+03 0.534977E+04
       19.00  0.306141E+01 0.419535E+03 0.569264E+04
       20.00  0.324754E+01 0.444555E+03 0.601988E+04
       21.00  0.342599E+01 0.468466E+03 0.633067E+04
       22.00  0.359642E+01 0.491224E+03 0.662449E+04
       23.00  0.375862E+01 0.512805E+03 0.690110E+04
       24.00  0.391251E+01 0.533199E+03 0.716046E+04
       25.00  0.405810E+01 0.552413E+03 0.740273E+04
       26.00  0.419550E+01 0.570464E+03 0.762826E+04
       27.00  0.432489E+01 0.587379E+03 0.783747E+04
       28.00  0.444647E+01 0.603191E+03 0.803093E+04
       29.00  0.456052E+01 0.617940E+03 0.820921E+04
       30.00  0.466732E+01 0.631665E+03 0.837294E+04
       31.00  0.476714E+01 0.644409E+03 0.852277E+04
       32.00  0.486028E+01 0.656215E+03 0.865934E+04
       33.00  0.494704E+01 0.667124E+03 0.878327E+04
       34.00  0.502769E+01 0.677178E+03 0.889518E+04
       35.00  0.510252E+01 0.686417E+03 0.899568E+04
       36.00  0.517180E+01 0.694880E+03 0.908535E+04
       37.00  0.523581E+01 0.702608E+03 0.916476E+04
       38.00  0.529480E+01 0.709637E+03 0.923448E+04
       39.00  0.534905E+01 0.716006E+03 0.929505E+04
       40.00  0.539880E+01 0.721749E+03 0.934700E+04
       42.00  0.548579E+01 0.731499E+03 0.942700E+04
       44.00  0.555760E+01 0.739149E+03 0.947828E+04
       46.00  0.561592E+01 0.744936E+03 0.950424E+04
       48.00  0.566222E+01 0.749066E+03 0.950786E+04
       50.00  0.569779E+01 0.751724E+03 0.949177E+04
       52.00  0.572374E+01 0.753067E+03 0.945824E+04
       54.00  0.574110E+01 0.753237E+03 0.940930E+04
       56.00  0.575074E+01 0.752360E+03 0.934676E+04
       58.00  0.575348E+01 0.750552E+03 0.927224E+04
       60.00  0.575008E+01 0.747915E+03 0.918723E+04
       62.00  0.574119E+01 0.744543E+03 0.909304E+04
       64.00  0.572741E+01 0.740520E+03 0.899085E+04
       66.00  0.570927E+01 0.735920E+03 0.888170E+04
       68.00  0.568723E+01 0.730807E+03 0.876649E+04
       70.00  0.566170E+01 0.725237E+03 0.864602E+04
       72.00  0.563301E+01 0.719259E+03 0.852097E+04
       74.00  0.560150E+01 0.712918E+03 0.839198E+04
       76.00  0.556743E+01 0.706252E+03 0.825959E+04
       78.00  0.553107E+01 0.699298E+03 0.812432E+04
       80.00  0.549266E+01 0.692090E+03 0.798664E+04
       82.00  0.545242E+01 0.684657E+03 0.784697E+04
       84.00  0.541055E+01 0.677029E+03 0.770569E+04
       86.00  0.536724E+01 0.669231E+03 0.756317E+04
       88.00  0.532264E+01 0.661284E+03 0.741970E+04
       90.00  0.527691E+01 0.653210E+03 0.727556E+04
       92.00  0.523016E+01 0.645026E+03 0.713101E+04
       94.00  0.518252E+01 0.636747E+03 0.698624E+04
       96.00  0.513407E+01 0.628387E+03 0.684147E+04
       98.00  0.508492E+01 0.619959E+03 0.669686E+04
      100.00  0.503514E+01 0.611476E+03 0.655257E+04
      102.00  0.498482E+01 0.602947E+03 0.640875E+04
      104.00  0.493402E+01 0.594383E+03 0.626554E+04
      106.00  0.488282E+01 0.585793E+03 0.612308E+04
      108.00  0.483129E+01 0.577187E+03 0.598147E+04
      110.00  0.477947E+01 0.568573E+03 0.584083E+04
      112.00  0.472744E+01 0.559958E+03 0.570126E+04
      114.00  0.467523E+01 0.551350E+03 0.556284E+04
      116.00  0.462290E+01 0.542755E+03 0.542566E+04
      118.00  0.457048E+01 0.534179E+03 0.528979E+04
      122.00  0.446553E+01 0.517099E+03 0.502221E+04
      126.00  0.436063E+01 0.500147E+03 0.476054E+04
      130.00  0.425598E+01 0.483350E+03 0.450513E+04
      134.00  0.415178E+01 0.466736E+03 0.425630E+04
      138.00  0.404820E+01 0.450330E+03 0.401430E+04
      142.00  0.394541E+01 0.434151E+03 0.377937E+04
      146.00  0.384355E+01 0.418220E+03 0.355168E+04
      150.00  0.374273E+01 0.402550E+03 0.333134E+04
      154.00  0.364302E+01 0.387152E+03 0.311846E+04
      158.00  0.354452E+01 0.372037E+03 0.291309E+04
      162.00  0.344727E+01 0.357213E+03 0.271525E+04
      166.00  0.335133E+01 0.342687E+03 0.252499E+04
      170.00  0.325677E+01 0.328465E+03 0.234230E+04
      174.00  0.316363E+01 0.314555E+03 0.216717E+04
      178.00  0.307195E+01 0.300959E+03 0.199957E+04
      182.00  0.298177E+01 0.287683E+03 0.183947E+04
      186.00  0.289311E+01 0.274728E+03 0.168680E+04
      190.00  0.280597E+01 0.262094E+03 0.154150E+04
      194.00  0.272038E+01 0.249784E+03 0.140350E+04
      198.00  0.263634E+01 0.237797E+03 0.127270E+04
      202.00  0.255385E+01 0.226134E+03 0.114902E+04
      206.00  0.247293E+01 0.214794E+03 0.103237E+04
      210.00  0.239357E+01 0.203777E+03 0.922645E+03
      214.00  0.231579E+01 0.193082E+03 0.819747E+03
      218.00  0.223957E+01 0.182708E+03 0.723566E+03
      222.00  0.216491E+01 0.172653E+03 0.633989E+03
      226.00  0.209180E+01 0.162916E+03 0.550901E+03
      230.00  0.202024E+01 0.153493E+03 0.474185E+03
      234.00  0.195021E+01 0.144384E+03 0.403720E+03
      238.00  0.188171E+01 0.135584E+03 0.339387E+03
      242.00  0.181471E+01 0.127093E+03 0.281062E+03
      246.00  0.174921E+01 0.118907E+03 0.228624E+03
      250.00  0.168520E+01 0.111024E+03 0.181947E+03
      254.00  0.162267E+01 0.103442E+03 0.140907E+03
      258.00  0.156161E+01 0.961567E+02 0.105378E+03
      262.00  0.150200E+01 0.891661E+02 0.752328E+02
      266.00  0.144382E+01 0.824671E+02 0.503456E+02
      270.00  0.138706E+01 0.760565E+02 0.305895E+02
      274.00  0.133171E+01 0.699313E+02 0.158381E+02
      282.00  0.122517E+01 0.585242E+02 0.844025E+00
      290.00  0.112406E+01 0.482206E+02 0.435582E+01
      298.00  0.102828E+01 0.389949E+02 0.253733E+02
      306.00  0.937696E+00 0.308209E+02 0.629068E+02
      314.00  0.852187E+00 0.236719E+02 0.115980E+03
      322.00  0.771620E+00 0.175210E+02 0.183633E+03
      330.00  0.695867E+00 0.123411E+02 0.264920E+03
      338.00  0.624800E+00 0.810533E+01 0.358918E+03
      346.00  0.558294E+00 0.478658E+01 0.464726E+03
      354.00  0.496223E+00 0.235789E+01 0.581462E+03
      362.00  0.438458E+00 0.792372E+00 0.708271E+03
      370.00  0.384874E+00 0.633410E-01 0.844316E+03
      378.00  0.335345E+00 0.144306E+00 0.988786E+03
      386.00  0.289749E+00 0.100901E+01 0.114089E+04
      394.00  0.247966E+00 0.263145E+01 0.129988E+04
      402.00  0.209876E+00 0.498590E+01 0.146501E+04
      410.00  0.175363E+00 0.804692E+01 0.163558E+04
      418.00  0.144312E+00 0.117894E+02 0.181090E+04
      426.00  0.116607E+00 0.161884E+02 0.199029E+04
      434.00  0.921398E-01 0.212195E+02 0.217313E+04
      442.00  0.708002E-01 0.268583E+02 0.235879E+04
      450.00  0.524817E-01 0.330810E+02 0.254670E+04
      458.00  0.370794E-01 0.398641E+02 0.273630E+04
      466.00  0.244906E-01 0.471844E+02 0.292704E+04
      474.00  0.146143E-01 0.550190E+02 0.311842E+04
      482.00  0.735168E-02 0.633453E+02 0.330993E+04
      490.00  0.260606E-02 0.721412E+02 0.350111E+04
      498.00  0.282565E-03 0.813848E+02 0.369152E+04
      506.00  0.288336E-03 0.910550E+02 0.388075E+04
      514.00  0.253247E-02 0.101131E+03 0.406841E+04
      522.00  0.692605E-02 0.111592E+03 0.425412E+04
      530.00  0.133821E-01 0.122418E+03 0.443753E+04
      538.00  0.218157E-01 0.133589E+03 0.461832E+04
      546.00  0.321436E-01 0.145085E+03 0.479616E+04
      554.00  0.442847E-01 0.156889E+03 0.497076E+04
      562.00  0.581597E-01 0.168980E+03 0.514188E+04
      570.00  0.736914E-01 0.181342E+03 0.530925E+04
      578.00  0.908043E-01 0.193956E+03 0.547265E+04
      586.00  0.109425E+00 0.206806E+03 0.563186E+04
      596.00  0.134711E+00 0.223172E+03 0.582468E+04
      606.00  0.162103E+00 0.239847E+03 0.601029E+04
      616.00  0.191469E+00 0.256797E+03 0.618837E+04
      626.00  0.222681E+00 0.273993E+03 0.635865E+04
      636.00  0.255615E+00 0.291404E+03 0.652089E+04
      646.00  0.290150E+00 0.309003E+03 0.667490E+04
      656.00  0.326169E+00 0.326760E+03 0.682050E+04
      666.00  0.363560E+00 0.344648E+03 0.695753E+04
      676.00  0.402213E+00 0.362641E+03 0.708588E+04
      686.00  0.442023E+00 0.380712E+03 0.720546E+04
      696.00  0.482887E+00 0.398838E+03 0.731624E+04
      706.00  0.524708E+00 0.416994E+03 0.741818E+04
      716.00  0.567392E+00 0.435159E+03 0.751128E+04
      726.00  0.610846E+00 0.453309E+03 0.759556E+04
      736.00  0.654982E+00 0.471423E+03 0.767105E+04
      746.00  0.699714E+00 0.489481E+03 0.773782E+04
      756.00  0.744962E+00 0.507463E+03 0.779593E+04
      766.00  0.790647E+00 0.525351E+03 0.784551E+04
      776.00  0.836694E+00 0.543127E+03 0.788666E+04
      786.00  0.883032E+00 0.560775E+03 0.791953E+04
      796.00  0.929591E+00 0.578277E+03 0.794424E+04
      806.00  0.976303E+00 0.595618E+03 0.796095E+04
      816.00  0.102310E+01 0.612782E+03 0.796983E+04
      826.00  0.106993E+01 0.629755E+03 0.797104E+04
      836.00  0.111673E+01 0.646524E+03 0.796478E+04
      846.00  0.116344E+01 0.663075E+03 0.795124E+04
      856.00  0.121001E+01 0.679397E+03 0.793064E+04
      866.00  0.125639E+01 0.695478E+03 0.790317E+04
      876.00  0.130252E+01 0.711306E+03 0.786905E+04
      886.00  0.134837E+01 0.726870E+03 0.782848E+04
      896.00  0.139388E+01 0.742160E+03 0.778170E+04
      906.00  0.143902E+01 0.757167E+03 0.772893E+04
      916.00  0.148373E+01 0.771881E+03 0.767040E+04
      926.00  0.152799E+01 0.786296E+03 0.760635E+04
      936.00  0.157176E+01 0.800403E+03 0.753701E+04
      946.00  0.161500E+01 0.814196E+03 0.746263E+04
      956.00  0.165769E+01 0.827667E+03 0.738344E+04
      966.00  0.169978E+01 0.840810E+03 0.729967E+04
      976.00  0.174125E+01 0.853620E+03 0.721156E+04
      986.00  0.178208E+01 0.866091E+03 0.711935E+04
      996.00  0.182223E+01 0.878219E+03 0.702327E+04
     1006.00  0.186169E+01 0.890001E+03 0.692358E+04
     1016.00  0.190043E+01 0.901434E+03 0.682049E+04
     1026.00  0.193844E+01 0.912513E+03 0.671424E+04
     1036.00  0.197569E+01 0.923237E+03 0.660505E+04
     1046.00  0.201217E+01 0.933602E+03 0.649315E+04
     1056.00  0.204785E+01 0.943607E+03 0.637875E+04
     1066.00  0.208273E+01 0.953249E+03 0.626208E+04
     1076.00  0.211679E+01 0.962528E+03 0.614334E+04
     1086.00  0.215002E+01 0.971444E+03 0.602275E+04
     1096.00  0.218241E+01 0.979995E+03 0.590051E+04
     1106.00  0.221394E+01 0.988181E+03 0.577682E+04
     1116.00  0.224462E+01 0.996003E+03 0.565187E+04
     1126.00  0.227442E+01 0.100346E+04 0.552585E+04
     1136.00  0.230335E+01 0.101055E+04 0.539895E+04
     1146.00  0.233140E+01 0.101728E+04 0.527134E+04
     1156.00  0.235855E+01 0.102365E+04 0.514320E+04
     1166.00  0.238481E+01 0.102965E+04 0.501470E+04
     1176.00  0.241018E+01 0.103530E+04 0.488601E+04
     1186.00  0.243465E+01 0.104059E+04 0.475728E+04
     1196.00  0.245823E+01 0.104552E+04 0.462866E+04
     1206.00  0.248090E+01 0.105011E+04 0.450032E+04
     1216.00  0.250267E+01 0.105434E+04 0.437237E+04
     1226.00  0.252355E+01 0.105822E+04 0.424498E+04
     1236.00  0.254352E+01 0.106176E+04 0.411825E+04
     1246.00  0.256261E+01 0.106496E+04 0.399234E+04
     1256.00  0.258080E+01 0.106782E+04 0.386735E+04
     1266.00  0.259810E+01 0.107035E+04 0.374340E+04
     1276.00  0.261453E+01 0.107254E+04 0.362061E+04
     1286.00  0.263008E+01 0.107441E+04 0.349908E+04
     1296.00  0.264475E+01 0.107596E+04 0.337891E+04
     1306.00  0.265857E+01 0.107719E+04 0.326019E+04
     1316.00  0.267152E+01 0.107811E+04 0.314302E+04
     1326.00  0.268362E+01 0.107872E+04 0.302748E+04
     1336.00  0.269488E+01 0.107902E+04 0.291365E+04
     1346.00  0.270530E+01 0.107902E+04 0.280161E+04
     1356.00  0.271490E+01 0.107873E+04 0.269142E+04
     1366.00  0.272368E+01 0.107815E+04 0.258315E+04
     1376.00  0.273165E+01 0.107729E+04 0.247687E+04
     1386.00  0.273883E+01 0.107614E+04 0.237262E+04
     1396.00  0.274521E+01 0.107472E+04 0.227047E+04
     1406.00  0.275082E+01 0.107303E+04 0.217045E+04
     1416.00  0.275566E+01 0.107108E+04 0.207261E+04
     1426.00  0.275973E+01 0.106886E+04 0.197698E+04
     1436.00  0.276306E+01 0.106639E+04 0.188361E+04
     1446.00  0.276565E+01 0.106367E+04 0.179253E+04
     1456.00  0.276752E+01 0.106071E+04 0.170375E+04
     1466.00  0.276867E+01 0.105751E+04 0.161731E+04
     1476.00  0.276912E+01 0.105408E+04 0.153322E+04
     1486.00  0.276888E+01 0.105042E+04 0.145151E+04
     1496.00  0.276796E+01 0.104653E+04 0.137218E+04
     1506.00  0.276638E+01 0.104243E+04 0.129524E+04
     1516.00  0.276413E+01 0.103812E+04 0.122070E+04
     1526.00  0.276125E+01 0.103360E+04 0.114856E+04
     1536.00  0.275773E+01 0.102888E+04 0.107883E+04
     1546.00  0.275359E+01 0.102397E+04 0.101150E+04
     1556.00  0.274885E+01 0.101886E+04 0.946561E+03
     1566.00  0.274352E+01 0.101357E+04 0.884017E+03
     1576.00  0.273761E+01 0.100811E+04 0.823852E+03
     1586.00  0.273113E+01 0.100246E+04 0.766054E+03
     1596.00  0.272409E+01 0.996656E+03 0.710608E+03
     1606.00  0.271652E+01 0.990684E+03 0.657497E+03
     1616.00  0.270841E+01 0.984554E+03 0.606703E+03
     1626.00  0.269979E+01 0.978272E+03 0.558204E+03
     1636.00  0.269067E+01 0.971843E+03 0.511978E+03
     1646.00  0.268105E+01 0.965272E+03 0.467999E+03
     1656.00  0.267096E+01 0.958565E+03 0.426242E+03
     1666.00  0.266041E+01 0.951727E+03 0.386678E+03
     1676.00  0.264940E+01 0.944764E+03 0.349279E+03
     1686.00  0.263795E+01 0.937679E+03 0.314012E+03
     1696.00  0.262608E+01 0.930478E+03 0.280846E+03
     1706.00  0.261379E+01 0.923165E+03 0.249748E+03
     1716.00  0.260110E+01 0.915746E+03 0.220683E+03
     1726.00  0.258802E+01 0.908225E+03 0.193614E+03
     1736.00  0.257456E+01 0.900608E+03 0.168506E+03
     1746.00  0.256074E+01 0.892898E+03 0.145320E+03
     1756.00  0.254656E+01 0.885100E+03 0.124019E+03
     1766.00  0.253204E+01 0.877220E+03 0.104563E+03
     1776.00  0.251719E+01 0.869261E+03 0.869121E+02
     1786.00  0.250202E+01 0.861228E+03 0.710261E+02
     1796.00  0.248655E+01 0.853126E+03 0.568637E+02
     1806.00  0.247078E+01 0.844958E+03 0.443834E+02
     1816.00  0.245472E+01 0.836729E+03 0.335434E+02
     1826.00  0.243839E+01 0.828443E+03 0.243012E+02
     1836.00  0.242180E+01 0.820103E+03 0.166143E+02
     1846.00  0.240495E+01 0.811715E+03 0.104398E+02
     1856.00  0.238787E+01 0.803282E+03 0.573476E+01
     1866.00  0.237055E+01 0.794808E+03 0.245590E+01
     1876.00  0.235302E+01 0.786297E+03 0.560004E+00
     1886.00  0.233528E+01 0.777753E+03 0.379263E-02
     1896.00  0.231733E+01 0.769180E+03 0.744005E+00
     1906.00  0.229921E+01 0.760580E+03 0.273744E+01
     1916.00  0.228090E+01 0.751959E+03 0.594103E+01
     1926.00  0.226242E+01 0.743318E+03 0.103118E+02
     1936.00  0.224378E+01 0.734663E+03 0.158071E+02
     1946.00  0.222500E+01 0.725995E+03 0.223843E+02
     1956.00  0.220607E+01 0.717318E+03 0.300012E+02
     1966.00  0.218701E+01 0.708636E+03 0.386158E+02
     1976.00  0.216783E+01 0.699952E+03 0.481867E+02
     1986.00  0.214854E+01 0.691268E+03 0.586725E+02
     1996.00  0.212914E+01 0.682589E+03 0.700325E+02
     2006.00  0.210965E+01 0.673917E+03 0.822262E+02
     2016.00  0.209007E+01 0.665254E+03 0.952138E+02
     2026.00  0.207042E+01 0.656603E+03 0.108956E+03
     2036.00  0.205069E+01 0.647968E+03 0.123413E+03
     2046.00  0.203090E+01 0.639350E+03 0.138547E+03
     2056.00  0.201105E+01 0.630753E+03 0.154321E+03
     2066.00  0.199116E+01 0.622178E+03 0.170696E+03
     2076.00  0.197122E+01 0.613628E+03 0.187636E+03
     2086.00  0.195125E+01 0.605107E+03 0.205105E+03
     2096.00  0.193126E+01 0.596615E+03 0.223068E+03
     2106.00  0.191125E+01 0.588155E+03 0.241490E+03
     2116.00  0.189122E+01 0.579729E+03 0.260335E+03
     2126.00  0.187119E+01 0.571340E+03 0.279572E+03
     2136.00  0.185116E+01 0.562990E+03 0.299167E+03
     2146.00  0.183114E+01 0.554679E+03 0.319087E+03
     2156.00  0.181113E+01 0.546411E+03 0.339302E+03
     2166.00  0.179113E+01 0.538187E+03 0.359780E+03
     2176.00  0.177117E+01 0.530009E+03 0.380491E+03
     2186.00  0.175123E+01 0.521878E+03 0.401405E+03
     2196.00  0.173133E+01 0.513796E+03 0.422495E+03
     2206.00  0.171147E+01 0.505765E+03 0.443732E+03
     2216.00  0.169166E+01 0.497786E+03 0.465089E+03
     2226.00  0.167190E+01 0.489861E+03 0.486539E+03
     2236.00  0.165219E+01 0.481992E+03 0.508056E+03
     2246.00  0.163255E+01 0.474179E+03 0.529616E+03
     2256.00  0.161298E+01 0.466424E+03 0.551194E+03
     2266.00  0.159347E+01 0.458728E+03 0.572766E+03
     2276.00  0.157404E+01 0.451092E+03 0.594309E+03
     2286.00  0.155469E+01 0.443518E+03 0.615802E+03
     2296.00  0.153543E+01 0.436007E+03 0.637222E+03
     2306.00  0.151625E+01 0.428559E+03 0.658548E+03
     2316.00  0.149716E+01 0.421175E+03 0.679761E+03
     2326.00  0.147817E+01 0.413858E+03 0.700842E+03
     2336.00  0.145928E+01 0.406607E+03 0.721771E+03
     2346.00  0.144049E+01 0.399423E+03 0.742531E+03
     2356.00  0.142181E+01 0.392307E+03 0.763105E+03
     2366.00  0.140323E+01 0.385261E+03 0.783475E+03
     2376.00  0.138477E+01 0.378283E+03 0.803626E+03
     2386.00  0.136643E+01 0.371377E+03 0.823542E+03
     2396.00  0.134820E+01 0.364541E+03 0.843210E+03
     2406.00  0.133009E+01 0.357776E+03 0.862614E+03
     2416.00  0.131211E+01 0.351083E+03 0.881741E+03
     2426.00  0.129425E+01 0.344463E+03 0.900580E+03
     2436.00  0.127652E+01 0.337915E+03 0.919116E+03
     2446.00  0.125892E+01 0.331441E+03 0.937341E+03
     2456.00  0.124145E+01 0.325041E+03 0.955241E+03
     2466.00  0.122412E+01 0.318714E+03 0.972807E+03
     2476.00  0.120693E+01 0.312461E+03 0.990030E+03
     2486.00  0.118987E+01 0.306283E+03 0.100690E+04
     2496.00  0.117296E+01 0.300180E+03 0.102341E+04
     2506.00  0.115619E+01 0.294152E+03 0.103955E+04
     2516.00  0.113956E+01 0.288198E+03 0.105531E+04
     2526.00  0.112307E+01 0.282320E+03 0.107069E+04
     2536.00  0.110674E+01 0.276517E+03 0.108567E+04
     2546.00  0.109055E+01 0.270789E+03 0.110026E+04
     2556.00  0.107451E+01 0.265136E+03 0.111445E+04
     2566.00  0.105862E+01 0.259558E+03 0.112823E+04
     2576.00  0.104288E+01 0.254056E+03 0.114161E+04
     2586.00  0.102730E+01 0.248628E+03 0.115456E+04
     2596.00  0.101186E+01 0.243276E+03 0.116710E+04
     2606.00  0.996586E+00 0.237999E+03 0.117921E+04
     2616.00  0.981462E+00 0.232796E+03 0.119090E+04
     2626.00  0.966494E+00 0.227668E+03 0.120216E+04
     2636.00  0.951682E+00 0.222614E+03 0.121300E+04
     2646.00  0.937026E+00 0.217635E+03 0.122340E+04
     2656.00  0.922527E+00 0.212729E+03 0.123337E+04
     2666.00  0.908185E+00 0.207897E+03 0.124291E+04
     2676.00  0.894001E+00 0.203138E+03 0.125202E+04
     2686.00  0.879975E+00 0.198453E+03 0.126069E+04
     2696.00  0.866106E+00 0.193840E+03 0.126894E+04
     2706.00  0.852396E+00 0.189299E+03 0.127675E+04
     2716.00  0.838844E+00 0.184831E+03 0.128413E+04
     2726.00  0.825450E+00 0.180434E+03 0.129108E+04
     2736.00  0.812214E+00 0.176108E+03 0.129760E+04
     2746.00  0.799136E+00 0.171854E+03 0.130370E+04
     2756.00  0.786216E+00 0.167669E+03 0.130938E+04
     2766.00  0.773453E+00 0.163555E+03 0.131463E+04
     2776.00  0.760848E+00 0.159510E+03 0.131947E+04
     2786.00  0.748400E+00 0.155534E+03 0.132389E+04
     2796.00  0.736108E+00 0.151627E+03 0.132790E+04
     2806.00  0.723972E+00 0.147787E+03 0.133150E+04
     2816.00  0.711992E+00 0.144015E+03 0.133470E+04
     2826.00  0.700166E+00 0.140310E+03 0.133749E+04
     2836.00  0.688496E+00 0.136671E+03 0.133989E+04
     2846.00  0.676979E+00 0.133098E+03 0.134189E+04
     2856.00  0.665615E+00 0.129591E+03 0.134351E+04
     2866.00  0.654404E+00 0.126148E+03 0.134474E+04
     2876.00  0.643345E+00 0.122769E+03 0.134560E+04
     2886.00  0.632437E+00 0.119454E+03 0.134607E+04
     2896.00  0.621680E+00 0.116201E+03 0.134618E+04
     2906.00  0.611071E+00 0.113011E+03 0.134593E+04
     2916.00  0.600612E+00 0.109883E+03 0.134532E+04
     2926.00  0.590300E+00 0.106816E+03 0.134435E+04
     2936.00  0.580135E+00 0.103809E+03 0.134303E+04
     2946.00  0.570115E+00 0.100862E+03 0.134138E+04
     2956.00  0.560240E+00 0.979739E+02 0.133938E+04
     2966.00  0.550510E+00 0.951446E+02 0.133706E+04
     2976.00  0.540922E+00 0.923731E+02 0.133441E+04
     2986.00  0.531476E+00 0.896589E+02 0.133144E+04
     2996.00  0.522171E+00 0.870013E+02 0.132816E+04
     3006.00  0.513005E+00 0.843995E+02 0.132458E+04
     3016.00  0.503978E+00 0.818530E+02 0.132069E+04
     3026.00  0.495089E+00 0.793611E+02 0.131651E+04
     3036.00  0.486336E+00 0.769231E+02 0.131204E+04
     3046.00  0.477718E+00 0.745383E+02 0.130729E+04
     3056.00  0.469234E+00 0.722061E+02 0.130227E+04
     3066.00  0.460882E+00 0.699258E+02 0.129697E+04
     3076.00  0.452663E+00 0.676966E+02 0.129142E+04
     3086.00  0.444573E+00 0.655181E+02 0.128561E+04
     3096.00  0.436613E+00 0.633893E+02 0.127955E+04
     3106.00  0.428781E+00 0.613098E+02 0.127324E+04
     3116.00  0.421075E+00 0.592788E+02 0.126671E+04
     3126.00  0.413495E+00 0.572956E+02 0.125994E+04
     3136.00  0.406039E+00 0.553596E+02 0.125295E+04
     3146.00  0.398706E+00 0.534701E+02 0.124574E+04
     3156.00  0.391495E+00 0.516264E+02 0.123832E+04
     3166.00  0.384404E+00 0.498278E+02 0.123070E+04
     3176.00  0.377431E+00 0.480737E+02 0.122288E+04
     3186.00  0.370577E+00 0.463634E+02 0.121487E+04
     3196.00  0.363839E+00 0.446962E+02 0.120668E+04
     3206.00  0.357216E+00 0.430715E+02 0.119831E+04
     3216.00  0.350707E+00 0.414886E+02 0.118976E+04
     3226.00  0.344310E+00 0.399469E+02 0.118105E+04
     3236.00  0.338025E+00 0.384456E+02 0.117218E+04
     3246.00  0.331849E+00 0.369842E+02 0.116316E+04
     3256.00  0.325782E+00 0.355620E+02 0.115399E+04
     3266.00  0.319821E+00 0.341783E+02 0.114468E+04
     3276.00  0.313967E+00 0.328325E+02 0.113523E+04
     3286.00  0.308217E+00 0.315240E+02 0.112566E+04
     3296.00  0.302571E+00 0.302521E+02 0.111596E+04
     3306.00  0.297026E+00 0.290162E+02 0.110615E+04
     3316.00  0.291582E+00 0.278157E+02 0.109622E+04
     3326.00  0.286238E+00 0.266499E+02 0.108618E+04
     3336.00  0.280991E+00 0.255182E+02 0.107605E+04
     3346.00  0.275841E+00 0.244201E+02 0.106582E+04
     3356.00  0.270786E+00 0.233548E+02 0.105551E+04
     3366.00  0.265825E+00 0.223219E+02 0.104510E+04
     3376.00  0.260957E+00 0.213207E+02 0.103462E+04
     3386.00  0.256181E+00 0.203506E+02 0.102407E+04
     3396.00  0.251494E+00 0.194110E+02 0.101345E+04
     3406.00  0.246897E+00 0.185014E+02 0.100276E+04
     3416.00  0.242387E+00 0.176211E+02 0.992020E+03
     3426.00  0.237964E+00 0.167696E+02 0.981225E+03
     3436.00  0.233626E+00 0.159463E+02 0.970381E+03
     3446.00  0.229372E+00 0.151507E+02 0.959494E+03
     3456.00  0.225200E+00 0.143823E+02 0.948569E+03
     3466.00  0.221110E+00 0.136403E+02 0.937610E+03
     3476.00  0.217101E+00 0.129244E+02 0.926621E+03
     3486.00  0.213170E+00 0.122340E+02 0.915608E+03
     3496.00  0.209317E+00 0.115685E+02 0.904574E+03
     3506.00  0.205541E+00 0.109275E+02 0.893524E+03
     3516.00  0.201841E+00 0.103103E+02 0.882461E+03
     3526.00  0.198214E+00 0.971659E+01 0.871391E+03
     3536.00  0.194661E+00 0.914571E+01 0.860317E+03
     3546.00  0.191180E+00 0.859721E+01 0.849243E+03
     3556.00  0.187770E+00 0.807059E+01 0.838174E+03
     3566.00  0.184430E+00 0.756537E+01 0.827112E+03
     3576.00  0.181158E+00 0.708106E+01 0.816061E+03
     3586.00  0.177954E+00 0.661718E+01 0.805026E+03
     3596.00  0.174816E+00 0.617326E+01 0.794010E+03
     3606.00  0.171744E+00 0.574884E+01 0.783015E+03
     3616.00  0.168736E+00 0.534346E+01 0.772046E+03
     3626.00  0.165791E+00 0.495667E+01 0.761106E+03
     3636.00  0.162909E+00 0.458801E+01 0.750198E+03
     3646.00  0.160087E+00 0.423705E+01 0.739325E+03
     3656.00  0.157326E+00 0.390336E+01 0.728489E+03
     3666.00  0.154624E+00 0.358650E+01 0.717695E+03
     3676.00  0.151980E+00 0.328606E+01 0.706944E+03
     3686.00  0.149393E+00 0.300163E+01 0.696240E+03
     3696.00  0.146863E+00 0.273278E+01 0.685586E+03
     3706.00  0.144387E+00 0.247912E+01 0.674983E+03
     3716.00  0.141966E+00 0.224025E+01 0.664434E+03
     3726.00  0.139599E+00 0.201579E+01 0.653943E+03
     3736.00  0.137283E+00 0.180534E+01 0.643510E+03
     3746.00  0.135019E+00 0.160852E+01 0.633139E+03
     3756.00  0.132806E+00 0.142498E+01 0.622832E+03
     3766.00  0.130643E+00 0.125433E+01 0.612590E+03
     3776.00  0.128528E+00 0.109622E+01 0.602417E+03
     3786.00  0.126461E+00 0.950295E+00 0.592313E+03
     3796.00  0.124441E+00 0.816204E+00 0.582281E+03
     3806.00  0.122468E+00 0.693606E+00 0.572322E+03
     3816.00  0.120540E+00 0.582164E+00 0.562439E+03
     3826.00  0.118657E+00 0.481547E+00 0.552633E+03
     3836.00  0.116817E+00 0.391430E+00 0.542905E+03
     3846.00  0.115021E+00 0.311493E+00 0.533257E+03
     3856.00  0.113267E+00 0.241422E+00 0.523691E+03
     3866.00  0.111554E+00 0.180910E+00 0.514209E+03
     3876.00  0.109882E+00 0.129654E+00 0.504810E+03
     3886.00  0.108250E+00 0.873569E-01 0.495498E+03
     3896.00  0.106658E+00 0.537278E-01 0.486272E+03
     3906.00  0.105104E+00 0.284808E-01 0.477134E+03
     3916.00  0.103588E+00 0.113352E-01 0.468086E+03
     3926.00  0.102109E+00 0.201619E-02 0.459127E+03
     3936.00  0.100667E+00 0.253983E-03 0.450260E+03
     3946.00  0.992602E-01 0.578419E-02 0.441485E+03
     3956.00  0.978889E-01 0.183476E-01 0.432803E+03
     3966.00  0.965521E-01 0.376904E-01 0.424214E+03
     3976.00  0.952493E-01 0.635635E-01 0.415720E+03
     3986.00  0.939799E-01 0.957232E-01 0.407321E+03
     3996.00  0.927431E-01 0.133931E+00 0.399017E+03
     4006.00  0.915384E-01 0.177953E+00 0.390810E+03
     4016.00  0.903653E-01 0.227560E+00 0.382700E+03
     4026.00  0.892231E-01 0.282528E+00 0.374687E+03
     4036.00  0.881114E-01 0.342639E+00 0.366772E+03
     4046.00  0.870294E-01 0.407677E+00 0.358955E+03
     4056.00  0.859769E-01 0.477433E+00 0.351236E+03
     4066.00  0.849531E-01 0.551703E+00 0.343617E+03
     4076.00  0.839575E-01 0.630285E+00 0.336096E+03
     4086.00  0.829898E-01 0.712983E+00 0.328674E+03
     4096.00  0.820493E-01 0.799607E+00 0.321351E+03
     4106.00  0.811356E-01 0.889969E+00 0.314128E+03
     4116.00  0.802482E-01 0.983886E+00 0.307004E+03
     4126.00  0.793866E-01 0.108118E+01 0.299980E+03
     4136.00  0.785504E-01 0.118168E+01 0.293055E+03
     4146.00  0.777392E-01 0.128521E+01 0.286230E+03
     4156.00  0.769525E-01 0.139160E+01 0.279504E+03
     4166.00  0.761899E-01 0.150070E+01 0.272876E+03
     4176.00  0.754510E-01 0.161235E+01 0.266348E+03
     4186.00  0.747353E-01 0.172640E+01 0.259919E+03
     4196.00  0.740425E-01 0.184268E+01 0.253588E+03
     4206.00  0.733722E-01 0.196107E+01 0.247355E+03
     4216.00  0.727241E-01 0.208141E+01 0.241221E+03
     4226.00  0.720977E-01 0.220357E+01 0.235184E+03
     4236.00  0.714926E-01 0.232740E+01 0.229244E+03
     4246.00  0.709087E-01 0.245279E+01 0.223401E+03
     4256.00  0.703454E-01 0.257961E+01 0.217655E+03
     4266.00  0.698025E-01 0.270772E+01 0.212004E+03
     4276.00  0.692796E-01 0.283701E+01 0.206449E+03
     4286.00  0.687765E-01 0.296736E+01 0.200989E+03
     4296.00  0.682927E-01 0.309865E+01 0.195624E+03
     4306.00  0.678282E-01 0.323079E+01 0.190353E+03
     4316.00  0.673824E-01 0.336365E+01 0.185175E+03
     4326.00  0.669552E-01 0.349713E+01 0.180089E+03
     4336.00  0.665463E-01 0.363114E+01 0.175096E+03
     4346.00  0.661554E-01 0.376557E+01 0.170195E+03
     4356.00  0.657822E-01 0.390033E+01 0.165384E+03
     4366.00  0.654265E-01 0.403532E+01 0.160664E+03
     4376.00  0.650882E-01 0.417047E+01 0.156034E+03
     4386.00  0.647668E-01 0.430567E+01 0.151492E+03
     4396.00  0.644622E-01 0.444085E+01 0.147038E+03
     4406.00  0.641742E-01 0.457593E+01 0.142672E+03
     4416.00  0.639025E-01 0.471083E+01 0.138393E+03
     4426.00  0.636470E-01 0.484547E+01 0.134199E+03
     4436.00  0.634074E-01 0.497977E+01 0.130090E+03
     4446.00  0.631836E-01 0.511368E+01 0.126066E+03
     4456.00  0.629753E-01 0.524711E+01 0.122126E+03
     4466.00  0.627823E-01 0.538001E+01 0.118268E+03
     4476.00  0.626046E-01 0.551231E+01 0.114492E+03
     4486.00  0.624419E-01 0.564396E+01 0.110797E+03
     4511.00  0.620997E-01 0.596980E+01 0.101909E+03
     4536.00  0.618479E-01 0.629031E+01 0.935094E+02
     4561.00  0.616843E-01 0.660472E+01 0.855840E+02
     4586.00  0.616068E-01 0.691234E+01 0.781191E+02
     4611.00  0.616137E-01 0.721254E+01 0.711005E+02
     4636.00  0.617032E-01 0.750478E+01 0.645140E+02
     4661.00  0.618738E-01 0.778859E+01 0.583452E+02
     4686.00  0.621243E-01 0.806354E+01 0.525799E+02
     4711.00  0.624535E-01 0.832927E+01 0.472036E+02
     4736.00  0.628603E-01 0.858550E+01 0.422019E+02
     4761.00  0.633438E-01 0.883195E+01 0.375605E+02
     4786.00  0.639032E-01 0.906844E+01 0.332653E+02
     4811.00  0.645378E-01 0.929479E+01 0.293021E+02
     4836.00  0.652472E-01 0.951091E+01 0.256570E+02
     4861.00  0.660307E-01 0.971670E+01 0.223163E+02
     4886.00  0.668881E-01 0.991214E+01 0.192665E+02
     4911.00  0.678190E-01 0.100972E+02 0.164943E+02
     4936.00  0.688232E-01 0.102720E+02 0.139865E+02
     4961.00  0.699006E-01 0.104364E+02 0.117303E+02
     4986.00  0.710510E-01 0.105907E+02 0.971329E+01
     5011.00  0.722743E-01 0.107349E+02 0.792307E+01
     5036.00  0.735706E-01 0.108691E+02 0.634772E+01
     5061.00  0.749400E-01 0.109935E+02 0.497558E+01
     5086.00  0.763825E-01 0.111082E+02 0.379531E+01
     5111.00  0.778982E-01 0.112135E+02 0.279589E+01
     5136.00  0.794872E-01 0.113095E+02 0.196662E+01
     5161.00  0.811497E-01 0.113964E+02 0.129713E+01
     5186.00  0.828858E-01 0.114745E+02 0.777408E+00
     5211.00  0.846958E-01 0.115439E+02 0.397756E+00
     5236.00  0.865798E-01 0.116050E+02 0.148821E+00
     5261.00  0.885380E-01 0.116580E+02 0.215883E-01
     5286.00  0.905706E-01 0.117030E+02 0.738107E-02
     5311.00  0.926778E-01 0.117404E+02 0.978563E-01
     5336.00  0.948596E-01 0.117705E+02 0.285004E+00
     5361.00  0.971164E-01 0.117934E+02 0.561144E+00
     5386.00  0.994482E-01 0.118095E+02 0.918921E+00
     5411.00  0.101855E+00 0.118190E+02 0.135130E+01
     5436.00  0.104338E+00 0.118222E+02 0.185157E+01
     5461.00  0.106895E+00 0.118193E+02 0.241331E+01
     5511.00  0.112238E+00 0.117964E+02 0.369713E+01
     5561.00  0.117882E+00 0.117525E+02 0.515748E+01
     5611.00  0.123830E+00 0.116895E+02 0.675367E+01
     5661.00  0.130079E+00 0.116094E+02 0.844931E+01
     5711.00  0.136630E+00 0.115142E+02 0.102121E+02
     5761.00  0.143480E+00 0.114056E+02 0.120136E+02
     5811.00  0.150629E+00 0.112854E+02 0.138290E+02
     5861.00  0.158073E+00 0.111553E+02 0.156366E+02
     5911.00  0.165811E+00 0.110168E+02 0.174181E+02
     5961.00  0.173837E+00 0.108713E+02 0.191577E+02
     6011.00  0.182150E+00 0.107203E+02 0.208425E+02
     6061.00  0.190743E+00 0.105649E+02 0.224617E+02
     6111.00  0.199614E+00 0.104064E+02 0.240067E+02
     6161.00  0.208756E+00 0.102459E+02 0.254710E+02
     6211.00  0.218164E+00 0.100842E+02 0.268495E+02
     6261.00  0.227832E+00 0.992244E+01 0.281389E+02
     6311.00  0.237754E+00 0.976128E+01 0.293371E+02
     6361.00  0.247924E+00 0.960151E+01 0.304431E+02
     6411.00  0.258334E+00 0.944379E+01 0.314572E+02
     6461.00  0.268977E+00 0.928871E+01 0.323804E+02
     6511.00  0.279847E+00 0.913679E+01 0.332142E+02
     6561.00  0.290934E+00 0.898849E+01 0.339613E+02
     6611.00  0.302233E+00 0.884423E+01 0.346244E+02
     6661.00  0.313734E+00 0.870436E+01 0.352069E+02
     6711.00  0.325430E+00 0.856918E+01 0.357125E+02
     6761.00  0.337313E+00 0.843894E+01 0.361450E+02
     6811.00  0.349375E+00 0.831388E+01 0.365086E+02
     6861.00  0.361608E+00 0.819415E+01 0.368076E+02
     6911.00  0.374004E+00 0.807992E+01 0.370461E+02
     6961.00  0.386554E+00 0.797127E+01 0.372285E+02
     7011.00  0.399250E+00 0.786832E+01 0.373590E+02
     7061.00  0.412085E+00 0.777110E+01 0.374420E+02
     7111.00  0.425050E+00 0.767966E+01 0.374814E+02
     7161.00  0.438138E+00 0.759400E+01 0.374813E+02
     7211.00  0.451340E+00 0.751413E+01 0.374457E+02
     7261.00  0.464649E+00 0.744004E+01 0.373783E+02
     7311.00  0.478058E+00 0.737168E+01 0.372826E+02
     7361.00  0.491559E+00 0.730903E+01 0.371622E+02
     7411.00  0.505146E+00 0.725201E+01 0.370202E+02
     7511.00  0.532547E+00 0.715466E+01 0.366836E+02
     7611.00  0.560206E+00 0.707903E+01 0.362954E+02
     7711.00  0.588072E+00 0.702445E+01 0.358750E+02
     7811.00  0.616096E+00 0.699014E+01 0.354394E+02
     7911.00  0.644235E+00 0.697536E+01 0.350028E+02
     8011.00  0.672445E+00 0.697926E+01 0.345772E+02
     8111.00  0.700690E+00 0.700105E+01 0.341724E+02
     8211.00  0.728932E+00 0.703985E+01 0.337964E+02
     8311.00  0.757139E+00 0.709484E+01 0.334554E+02
     8411.00  0.785280E+00 0.716515E+01 0.331542E+02
     8511.00  0.813328E+00 0.724994E+01 0.328963E+02
     8611.00  0.841259E+00 0.734838E+01 0.326842E+02
     8711.00  0.869050E+00 0.745961E+01 0.325193E+02
     8811.00  0.896681E+00 0.758278E+01 0.324025E+02
     8911.00  0.924131E+00 0.771704E+01 0.323337E+02
     9011.00  0.951385E+00 0.786154E+01 0.323125E+02
     9111.00  0.978424E+00 0.801541E+01 0.323378E+02
     9211.00  0.100524E+01 0.817781E+01 0.324084E+02
     9311.00  0.103181E+01 0.834789E+01 0.325226E+02
     9411.00  0.105813E+01 0.852478E+01 0.326785E+02
     9511.00  0.108418E+01 0.870765E+01 0.328740E+02
     9611.00  0.110996E+01 0.889561E+01 0.331066E+02
     9711.00  0.113545E+01 0.908785E+01 0.333739E+02
     9811.00  0.116064E+01 0.928350E+01 0.336733E+02
     9911.00  0.118552E+01 0.948174E+01 0.340022E+02
    10011.00  0.121008E+01 0.968176E+01 0.343577E+02
    10111.00  0.123431E+01 0.988273E+01 0.347370E+02
    10211.00  0.125820E+01 0.100839E+02 0.351374E+02
    10311.00  0.128174E+01 0.102844E+02 0.355558E+02
    10411.00  0.130492E+01 0.104836E+02 0.359895E+02
    10511.00  0.132772E+01 0.106808E+02 0.364355E+02
    10611.00  0.135013E+01 0.108751E+02 0.368909E+02
    10711.00  0.137214E+01 0.110659E+02 0.373530E+02
    10811.00  0.139374E+01 0.112526E+02 0.378190E+02
    10911.00  0.141491E+01 0.114346E+02 0.382861E+02
    11011.00  0.143565E+01 0.116112E+02 0.387517E+02
    11111.00  0.145592E+01 0.117819E+02 0.392132E+02
    11211.00  0.147572E+01 0.119461E+02 0.396680E+02
    11311.00  0.149503E+01 0.121034E+02 0.401138E+02
    11411.00  0.151384E+01 0.122533E+02 0.405483E+02
    11511.00  0.153213E+01 0.123954E+02 0.409692E+02
    11611.00  0.154988E+01 0.125292E+02 0.413745E+02
    11711.00  0.156707E+01 0.126545E+02 0.417622E+02
    11811.00  0.158369E+01 0.127708E+02 0.421304E+02
    11911.00  0.159972E+01 0.128779E+02 0.424772E+02
    12011.00  0.161513E+01 0.129754E+02 0.428013E+02
    12111.00  0.162991E+01 0.130633E+02 0.431010E+02
    12211.00  0.164404E+01 0.131413E+02 0.433751E+02
    12311.00  0.165750E+01 0.132091E+02 0.436223E+02
    12411.00  0.167028E+01 0.132668E+02 0.438414E+02
    12511.00  0.168234E+01 0.133141E+02 0.440315E+02
    12611.00  0.169368E+01 0.133510E+02 0.441919E+02
    12711.00  0.170427E+01 0.133774E+02 0.443216E+02
    12811.00  0.171409E+01 0.133933E+02 0.444202E+02
    12911.00  0.172312E+01 0.133988E+02 0.444871E+02
    13011.00  0.173136E+01 0.133938E+02 0.445220E+02
    13111.00  0.173877E+01 0.133784E+02 0.445247E+02
    13211.00  0.174534E+01 0.133527E+02 0.444949E+02
    13311.00  0.175105E+01 0.133167E+02 0.444327E+02
    13411.00  0.175590E+01 0.132707E+02 0.443380E+02
    13511.00  0.175985E+01 0.132147E+02 0.442110E+02
    13611.00  0.176289E+01 0.131488E+02 0.440519E+02
    13711.00  0.176502E+01 0.130733E+02 0.438611E+02
    13811.00  0.176622E+01 0.129884E+02 0.436389E+02
    13911.00  0.176648E+01 0.128942E+02 0.433858E+02
    14011.00  0.176578E+01 0.127910E+02 0.431024E+02
    14111.00  0.176411E+01 0.126791E+02 0.427892E+02
    14211.00  0.176147E+01 0.125586E+02 0.424469E+02
    14311.00  0.175784E+01 0.124299E+02 0.420764E+02
    14411.00  0.175323E+01 0.122931E+02 0.416782E+02
    14511.00  0.174762E+01 0.121487E+02 0.412533E+02
    14611.00  0.174102E+01 0.119969E+02 0.408026E+02
    14711.00  0.173341E+01 0.118379E+02 0.403269E+02
    14811.00  0.172481E+01 0.116722E+02 0.398273E+02
    14911.00  0.171520E+01 0.115001E+02 0.393048E+02
    15011.00  0.170459E+01 0.113217E+02 0.387602E+02
    15111.00  0.169299E+01 0.111376E+02 0.381948E+02
    15211.00  0.168040E+01 0.109480E+02 0.376096E+02
    15311.00  0.166683E+01 0.107533E+02 0.370057E+02
    15411.00  0.165228E+01 0.105538E+02 0.363842E+02
    15511.00  0.163677E+01 0.103498E+02 0.357463E+02
    15611.00  0.162031E+01 0.101417E+02 0.350930E+02
    15711.00  0.160291E+01 0.992994E+01 0.344256E+02
    15811.00  0.158459E+01 0.971474E+01 0.337452E+02
    15911.00  0.156536E+01 0.949647E+01 0.330529E+02
    16011.00  0.154524E+01 0.927552E+01 0.323499E+02
    16111.00  0.152426E+01 0.905220E+01 0.316374E+02
    16211.00  0.150244E+01 0.882685E+01 0.309166E+02
    16311.00  0.147980E+01 0.859984E+01 0.301885E+02
    16411.00  0.145636E+01 0.837149E+01 0.294543E+02
    16511.00  0.143216E+01 0.814212E+01 0.287151E+02
    16611.00  0.140721E+01 0.791207E+01 0.279721E+02
    16711.00  0.138156E+01 0.768166E+01 0.272262E+02
    16811.00  0.135523E+01 0.745119E+01 0.264786E+02
    16911.00  0.132826E+01 0.722099E+01 0.257303E+02
    17011.00  0.130067E+01 0.699135E+01 0.249824E+02
    17111.00  0.127251E+01 0.676255E+01 0.242358E+02
    17211.00  0.124382E+01 0.653491E+01 0.234914E+02
    17311.00  0.121462E+01 0.630868E+01 0.227503E+02
    17411.00  0.118496E+01 0.608414E+01 0.220134E+02
    17511.00  0.115488E+01 0.586155E+01 0.212814E+02
    17611.00  0.112443E+01 0.564116E+01 0.205553E+02
    17711.00  0.109363E+01 0.542320E+01 0.198359E+02
    17811.00  0.106253E+01 0.520791E+01 0.191239E+02
    17911.00  0.103119E+01 0.499553E+01 0.184201E+02
    18011.00  0.999634E+00 0.478624E+01 0.177252E+02
    18111.00  0.967914E+00 0.458026E+01 0.170398E+02
    18211.00  0.936075E+00 0.437777E+01 0.163646E+02
    18311.00  0.904160E+00 0.417896E+01 0.157003E+02
    18411.00  0.872214E+00 0.398398E+01 0.150472E+02
    18511.00  0.840283E+00 0.379301E+01 0.144061E+02
    18611.00  0.808414E+00 0.360618E+01 0.137773E+02
    18711.00  0.776648E+00 0.342362E+01 0.131613E+02
    18811.00  0.745033E+00 0.324548E+01 0.125585E+02
    18911.00  0.713613E+00 0.307186E+01 0.119693E+02
    19011.00  0.682432E+00 0.290285E+01 0.113940E+02
    19111.00  0.651532E+00 0.273856E+01 0.108330E+02
    19311.00  0.590755E+00 0.242444E+01 0.975462E+01
    19511.00  0.531615E+00 0.213001E+01 0.873592E+01
    19711.00  0.474435E+00 0.185566E+01 0.777813E+01
    19911.00  0.419522E+00 0.160159E+01 0.688194E+01
    20111.00  0.367160E+00 0.136786E+01 0.604760E+01
    20311.00  0.317614E+00 0.115441E+01 0.527493E+01
    20511.00  0.271124E+00 0.961026E+00 0.456330E+01
    20711.00  0.227906E+00 0.787394E+00 0.391178E+01
    20911.00  0.188144E+00 0.633081E+00 0.331907E+01
    21111.00  0.151997E+00 0.497556E+00 0.278358E+01
    21311.00  0.119592E+00 0.380205E+00 0.230350E+01
    21511.00  0.910242E-01 0.280329E+00 0.187677E+01
    21711.00  0.663600E-01 0.197171E+00 0.150115E+01
    21911.00  0.456313E-01 0.129910E+00 0.117428E+01
    22111.00  0.288399E-01 0.776846E-01 0.893672E+00
    22311.00  0.159560E-01 0.395934E-01 0.656752E+00
    22511.00  0.691953E-02 0.147095E-01 0.460905E+00
    22711.00  0.164094E-02 0.208717E-02 0.303486E+00
    22911.00  0.263908E-05 0.770495E-03 0.181849E+00
    23111.00  0.186048E-02 0.980121E-02 0.933670E-01
    23311.00  0.704549E-02 0.282255E-01 0.354520E-01
    23511.00  0.153660E-01 0.551009E-01 0.556979E-02
    23711.00  0.266094E-01 0.895011E-01 0.125351E-02
    23911.00  0.405454E-01 0.130523E+00 0.201148E-01
    24111.00  0.569270E-01 0.177288E+00 0.598525E-01
    24311.00  0.754947E-01 0.228950E+00 0.118259E+00
    24511.00  0.959780E-01 0.284696E+00 0.193225E+00
    24711.00  0.118098E+00 0.343750E+00 0.282744E+00
    24911.00  0.141572E+00 0.405374E+00 0.384910E+00
    25111.00  0.166114E+00 0.468870E+00 0.497922E+00
    25311.00  0.191436E+00 0.533584E+00 0.620082E+00
    25511.00  0.217256E+00 0.598902E+00 0.749789E+00
    25711.00  0.243296E+00 0.664256E+00 0.885548E+00
    25911.00  0.269284E+00 0.729116E+00 0.102595E+01
    26111.00  0.294960E+00 0.793003E+00 0.116968E+01
    26311.00  0.320074E+00 0.855467E+00 0.131552E+01
    26511.00  0.344393E+00 0.916114E+00 0.146233E+01
    26711.00  0.367693E+00 0.974576E+00 0.160904E+01
    26911.00  0.389775E+00 0.103054E+01 0.175469E+01



