
         13        13        11       781C   C   D    0.822591500D+05
 E STATE HAS LABEL C   
 VIBRATIONAL LEVELS FOR STATE E IN 1/CM FOR J= 12
     -14957.14839    -12878.11980    -10928.76041     -9107.94496
     -7415.96803     -5854.96233     -4428.82904     -3143.99152
     -2010.61573     -1044.91309      -272.87941
 PROPORTION OF STATE C   
  0.999998E+00 0.999995E+00 0.999993E+00 0.999991E+00 0.999990E+00
  0.999989E+00 0.999989E+00 0.999989E+00 0.999989E+00 0.999990E+00
  0.999991E+00
 PROPORTION OF STATE D   
  0.160593E-05 0.488503E-05 0.733331E-05 0.905035E-05 0.101466E-04
  0.107438E-04 0.109541E-04 0.108763E-04 0.105466E-04 0.988364E-05
  0.856470E-05
 TABLE FOR EMISSION PROBABILITIES   E(J= 12,IE) ==>F(J= 12,IF)
         IE==>      0            1            2            3
     1.00000  0.816124E-32 0.889018E-28 0.574639E-27 0.224343E-24
     2.00000  0.466900E-28 0.505317E-24 0.327952E-23 0.127492E-20
     3.00000  0.732818E-26 0.788011E-22 0.513495E-21 0.198778E-18
     4.00000  0.263877E-24 0.281930E-20 0.184459E-19 0.711041E-17
     5.00000  0.424118E-23 0.450236E-19 0.295767E-18 0.113530E-15
     6.00000  0.409261E-22 0.431695E-18 0.284731E-17 0.108834E-14
     7.00000  0.277729E-21 0.291091E-17 0.192767E-16 0.733723E-14
     8.00000  0.145662E-20 0.151702E-16 0.100864E-15 0.382307E-13
     9.00000  0.627500E-20 0.649395E-16 0.433504E-15 0.163623E-12
    10.00000  0.231463E-19 0.238031E-15 0.159534E-14 0.599634E-12
    11.00000  0.753053E-19 0.769563E-15 0.517843E-14 0.193827E-11
    12.00000  0.220879E-18 0.224310E-14 0.151542E-13 0.564851E-11
    13.00000  0.593870E-18 0.599333E-14 0.406517E-13 0.150893E-10
    14.00000  0.148268E-17 0.148701E-13 0.101263E-12 0.374311E-10
    15.00000  0.347272E-17 0.346130E-13 0.236643E-12 0.871108E-10
    16.00000  0.769394E-17 0.762125E-13 0.523118E-12 0.191768E-09
    17.00000  0.162337E-16 0.159812E-12 0.110128E-11 0.402045E-09
    18.00000  0.328022E-16 0.320939E-12 0.222035E-11 0.807239E-09
    19.00000  0.637739E-16 0.620148E-12 0.430729E-11 0.155952E-08
    20.00000  0.119773E-15 0.115758E-11 0.807174E-11 0.291047E-08
    21.00000  0.218030E-15 0.209440E-11 0.146615E-10 0.526486E-08
    22.00000  0.385820E-15 0.368371E-11 0.258883E-10 0.925820E-08
    23.00000  0.665355E-15 0.631423E-11 0.445489E-10 0.158663E-07
    24.00000  0.112068E-14 0.105711E-10 0.748741E-10 0.265578E-07
    25.00000  0.184715E-14 0.173190E-10 0.123148E-09 0.435021E-07
    26.00000  0.298440E-14 0.278143E-10 0.198545E-09 0.698505E-07
    27.00000  0.473372E-14 0.438542E-10 0.314259E-09 0.110110E-06
    28.00000  0.738109E-14 0.679726E-10 0.488983E-09 0.170633E-06
    29.00000  0.113275E-13 0.103696E-09 0.748861E-09 0.260259E-06
    30.00000  0.171284E-13 0.155870E-09 0.113000E-08 0.391130E-06
    31.00000  0.255438E-13 0.231079E-09 0.168172E-08 0.579741E-06
    32.00000  0.376037E-13 0.338175E-09 0.247061E-08 0.848258E-06
    33.00000  0.546886E-13 0.488934E-09 0.358578E-08 0.122617E-05
    34.00000  0.786326E-13 0.698887E-09 0.514524E-08 0.175235E-05
    35.00000  0.111850E-12 0.988326E-09 0.730403E-08 0.247759E-05
    36.00000  0.157495E-12 0.138355E-08 0.102640E-07 0.346767E-05
    37.00000  0.219651E-12 0.191838E-08 0.142862E-07 0.480719E-05
    38.00000  0.303573E-12 0.263599E-08 0.197052E-07 0.660410E-05
    39.00000  0.415967E-12 0.359110E-08 0.269474E-07 0.899520E-05
    40.00000  0.565344E-12 0.485263E-08 0.365523E-07 0.121527E-04
    42.00000  0.102067E-11 0.866086E-08 0.657340E-07 0.216812E-04
    44.00000  0.179160E-11 0.150299E-07 0.114939E-06 0.376101E-04
    46.00000  0.306529E-11 0.254246E-07 0.195899E-06 0.635955E-04
    48.00000  0.512300E-11 0.420148E-07 0.326168E-06 0.105051E-03
    50.00000  0.837988E-11 0.679577E-07 0.531529E-06 0.169848E-03
    52.00000  0.134385E-10 0.107770E-06 0.849232E-06 0.269244E-03
    54.00000  0.211600E-10 0.167820E-06 0.133229E-05 0.419095E-03
    56.00000  0.327583E-10 0.256952E-06 0.205506E-05 0.641424E-03
    58.00000  0.499219E-10 0.387304E-06 0.312056E-05 0.966424E-03
    60.00000  0.749715E-10 0.575324E-06 0.466972E-05 0.143500E-02
    62.00000  0.111060E-09 0.843056E-06 0.689322E-05 0.210192E-02
    64.00000  0.162428E-09 0.121974E-05 0.100464E-04 0.303982E-02
    66.00000  0.234719E-09 0.174375E-05 0.144676E-04 0.434398E-02
    68.00000  0.335379E-09 0.246507E-05 0.206015E-04 0.613835E-02
    70.00000  0.474143E-09 0.344812E-05 0.290269E-04 0.858274E-02
    72.00000  0.663638E-09 0.477540E-05 0.404918E-04 0.118816E-01
    74.00000  0.920120E-09 0.655169E-05 0.559550E-04 0.162943E-01
    76.00000  0.126437E-08 0.890911E-05 0.766372E-04 0.221480E-01
    78.00000  0.172275E-08 0.120132E-04 0.104082E-03 0.298524E-01
    80.00000  0.232854E-08 0.160702E-04 0.140229E-03 0.399171E-01
    82.00000  0.312344E-08 0.213351E-04 0.187501E-03 0.529724E-01
    84.00000  0.415945E-08 0.281218E-04 0.248905E-03 0.697935E-01
    86.00000  0.550100E-08 0.368144E-04 0.328156E-03 0.913284E-01
    88.00000  0.722757E-08 0.478804E-04 0.429819E-03 0.118731E+00
    90.00000  0.943665E-08 0.618865E-04 0.559473E-03 0.153397E+00
    92.00000  0.122473E-07 0.795158E-04 0.723906E-03 0.197010E+00
    94.00000  0.158043E-07 0.101588E-03 0.931343E-03 0.251591E+00
    96.00000  0.202828E-07 0.129085E-03 0.119170E-02 0.319550E+00
    98.00000  0.258941E-07 0.163172E-03 0.151691E-02 0.403762E+00
   100.00000  0.328919E-07 0.205236E-03 0.192123E-02 0.507629E+00
   102.00000  0.415798E-07 0.256914E-03 0.242167E-02 0.635175E+00
   104.00000  0.523198E-07 0.320135E-03 0.303846E-02 0.791135E+00
   106.00000  0.655419E-07 0.397162E-03 0.379554E-02 0.981065E+00
   108.00000  0.817557E-07 0.490645E-03 0.472117E-02 0.121146E+01
   110.00000  0.101562E-06 0.603676E-03 0.584864E-02 0.148990E+01
   112.00000  0.125670E-06 0.739849E-03 0.721696E-02 0.182519E+01
   114.00000  0.154909E-06 0.903334E-03 0.887179E-02 0.222753E+01
   116.00000  0.190251E-06 0.109895E-02 0.108664E-01 0.270872E+01
   118.00000  0.232831E-06 0.133227E-02 0.132628E-01 0.328237E+01
   122.00000  0.345201E-06 0.193856E-02 0.195599E-01 0.477189E+01
   126.00000  0.505326E-06 0.278554E-02 0.284847E-01 0.685072E+01
   130.00000  0.730985E-06 0.395593E-02 0.409954E-01 0.972055E+01
   134.00000  0.104573E-05 0.555693E-02 0.583543E-01 0.136423E+02
   138.00000  0.148051E-05 0.772631E-02 0.822113E-01 0.189512E+02
   142.00000  0.207570E-05 0.106399E-01 0.114707E+00 0.260743E+02
   146.00000  0.288359E-05 0.145208E-01 0.158600E+00 0.355525E+02
   150.00000  0.397149E-05 0.196499E-01 0.217422E+00 0.480667E+02
   154.00000  0.542556E-05 0.263793E-01 0.295672E+00 0.644690E+02
   158.00000  0.735543E-05 0.351484E-01 0.399049E+00 0.858212E+02
   162.00000  0.990000E-05 0.465024E-01 0.534739E+00 0.113439E+03
   166.00000  0.132344E-04 0.611149E-01 0.711757E+00 0.148947E+03
   170.00000  0.175784E-04 0.798153E-01 0.941373E+00 0.194342E+03
   174.00000  0.232066E-04 0.103620E+00 0.123761E+01 0.252068E+03
   178.00000  0.304613E-04 0.133771E+00 0.161785E+01 0.325109E+03
   182.00000  0.397668E-04 0.171782E+00 0.210360E+01 0.417093E+03
   186.00000  0.516486E-04 0.219489E+00 0.272135E+01 0.532423E+03
   190.00000  0.667549E-04 0.279121E+00 0.350365E+01 0.676428E+03
   194.00000  0.858837E-04 0.353369E+00 0.449046E+01 0.855544E+03
   198.00000  0.110015E-03 0.445484E+00 0.573063E+01 0.107753E+04
   202.00000  0.140349E-03 0.559379E+00 0.728384E+01 0.135171E+04
   206.00000  0.178355E-03 0.699763E+00 0.922282E+01 0.168930E+04
   210.00000  0.225826E-03 0.872287E+00 0.116361E+02 0.210373E+04
   214.00000  0.284948E-03 0.108373E+01 0.146312E+02 0.261113E+04
   218.00000  0.358386E-03 0.134223E+01 0.183389E+02 0.323077E+04
   222.00000  0.449380E-03 0.165753E+01 0.229177E+02 0.398574E+04
   226.00000  0.561874E-03 0.204129E+01 0.285599E+02 0.490367E+04
   230.00000  0.700664E-03 0.250750E+01 0.354986E+02 0.601761E+04
   234.00000  0.871577E-03 0.307290E+01 0.440166E+02 0.736711E+04
   238.00000  0.108170E-02 0.375757E+01 0.544564E+02 0.899948E+04
   242.00000  0.133963E-02 0.458554E+01 0.672334E+02 0.109714E+05
   246.00000  0.165585E-02 0.558567E+01 0.828516E+02 0.133507E+05
   250.00000  0.204309E-02 0.679257E+01 0.101922E+03 0.162189E+05
   254.00000  0.251686E-02 0.824788E+01 0.125189E+03 0.196736E+05
   258.00000  0.309607E-02 0.100017E+02 0.153556E+03 0.238323E+05
   262.00000  0.380381E-02 0.121144E+02 0.188124E+03 0.288367E+05
   266.00000  0.466831E-02 0.146590E+02 0.230236E+03 0.348576E+05
   270.00000  0.572411E-02 0.177238E+02 0.281536E+03 0.421013E+05
   274.00000  0.701362E-02 0.214159E+02 0.344033E+03 0.508181E+05
   282.00000  0.105142E-01 0.312304E+02 0.513050E+03 0.739507E+05
   290.00000  0.157507E-01 0.455260E+02 0.764685E+03 0.107572E+06
   298.00000  0.236131E-01 0.664391E+02 0.114081E+04 0.156649E+06
   306.00000  0.354807E-01 0.972119E+02 0.170610E+04 0.228707E+06
   314.00000  0.535104E-01 0.142812E+03 0.256138E+04 0.335253E+06
   322.00000  0.810962E-01 0.210894E+03 0.386482E+04 0.493982E+06
   330.00000  0.123569E+00 0.313216E+03 0.586404E+04 0.732018E+06
   338.00000  0.189145E+00 0.467447E+03 0.893938E+04 0.109001E+07
   346.00000  0.289784E+00 0.698459E+03 0.136419E+05 0.162500E+07
   354.00000  0.440444E+00 0.103565E+04 0.206557E+05 0.240396E+07
   362.00000  0.652662E+00 0.149756E+04 0.304962E+05 0.346812E+07
   370.00000  0.916984E+00 0.205376E+04 0.426958E+05 0.474511E+07
   378.00000  0.118189E+01 0.258448E+04 0.548434E+05 0.595726E+07
   386.00000  0.136783E+01 0.292110E+04 0.632639E+05 0.671716E+07
   394.00000  0.142998E+01 0.298315E+04 0.659307E+05 0.684341E+07
   402.00000  0.138999E+01 0.283331E+04 0.638931E+05 0.648394E+07
   410.00000  0.129819E+01 0.258619E+04 0.594999E+05 0.590397E+07
   418.00000  0.119360E+01 0.232446E+04 0.545531E+05 0.529338E+07
   426.00000  0.109574E+01 0.208646E+04 0.499460E+05 0.473959E+07
   434.00000  0.101134E+01 0.188339E+04 0.459803E+05 0.426754E+07
   442.00000  0.941135E+00 0.171446E+04 0.426829E+05 0.387494E+07
   450.00000  0.883630E+00 0.157497E+04 0.399802E+05 0.355056E+07
   458.00000  0.836782E+00 0.145958E+04 0.377749E+05 0.328196E+07
   466.00000  0.798644E+00 0.136356E+04 0.359752E+05 0.305806E+07
   474.00000  0.767553E+00 0.128298E+04 0.345033E+05 0.286978E+07
   482.00000  0.742152E+00 0.121473E+04 0.332957E+05 0.270991E+07
   490.00000  0.721356E+00 0.115636E+04 0.323019E+05 0.257279E+07
   498.00000  0.704302E+00 0.110596E+04 0.314818E+05 0.245401E+07
   506.00000  0.690303E+00 0.106204E+04 0.308037E+05 0.235012E+07
   514.00000  0.678811E+00 0.102339E+04 0.302421E+05 0.225838E+07
   522.00000  0.669384E+00 0.989099E+03 0.297767E+05 0.217663E+07
   530.00000  0.661663E+00 0.958397E+03 0.293908E+05 0.210315E+07
   538.00000  0.655354E+00 0.930682E+03 0.290711E+05 0.203655E+07
   546.00000  0.650219E+00 0.905467E+03 0.288064E+05 0.197571E+07
   554.00000  0.646060E+00 0.882355E+03 0.285880E+05 0.191973E+07
   562.00000  0.642715E+00 0.861021E+03 0.284081E+05 0.186786E+07
   570.00000  0.640047E+00 0.841199E+03 0.282607E+05 0.181949E+07
   578.00000  0.637940E+00 0.822667E+03 0.281405E+05 0.177412E+07
   586.00000  0.636297E+00 0.805239E+03 0.280431E+05 0.173134E+07
   596.00000  0.634772E+00 0.784778E+03 0.279476E+05 0.168096E+07
   606.00000  0.633711E+00 0.765560E+03 0.278758E+05 0.163351E+07
   616.00000  0.633004E+00 0.747390E+03 0.278228E+05 0.158856E+07
   626.00000  0.632563E+00 0.730109E+03 0.277845E+05 0.154574E+07
   636.00000  0.632311E+00 0.713587E+03 0.277575E+05 0.150476E+07
   646.00000  0.632187E+00 0.697717E+03 0.277391E+05 0.146538E+07
   656.00000  0.632137E+00 0.682413E+03 0.277267E+05 0.142741E+07
   666.00000  0.632119E+00 0.667605E+03 0.277186E+05 0.139068E+07
   676.00000  0.632098E+00 0.653234E+03 0.277131E+05 0.135507E+07
   686.00000  0.632043E+00 0.639256E+03 0.277089E+05 0.132047E+07
   696.00000  0.631933E+00 0.625631E+03 0.277049E+05 0.128680E+07
   706.00000  0.631745E+00 0.612326E+03 0.277001E+05 0.125398E+07
   716.00000  0.631462E+00 0.599316E+03 0.276938E+05 0.122195E+07
   726.00000  0.631074E+00 0.586579E+03 0.276855E+05 0.119067E+07
   736.00000  0.630569E+00 0.574098E+03 0.276745E+05 0.116010E+07
   746.00000  0.629941E+00 0.561861E+03 0.276607E+05 0.113020E+07
   756.00000  0.629185E+00 0.549857E+03 0.276437E+05 0.110094E+07
   766.00000  0.628297E+00 0.538074E+03 0.276232E+05 0.107232E+07
   776.00000  0.627273E+00 0.526507E+03 0.275993E+05 0.104429E+07
   786.00000  0.626112E+00 0.515146E+03 0.275716E+05 0.101686E+07
   796.00000  0.624813E+00 0.503989E+03 0.275401E+05 0.989996E+06
   806.00000  0.623378E+00 0.493029E+03 0.275049E+05 0.963696E+06
   816.00000  0.621806E+00 0.482265E+03 0.274659E+05 0.937947E+06
   826.00000  0.620100E+00 0.471690E+03 0.274231E+05 0.912739E+06
   836.00000  0.618260E+00 0.461303E+03 0.273766E+05 0.888060E+06
   846.00000  0.616288E+00 0.451100E+03 0.273262E+05 0.863900E+06
   856.00000  0.614184E+00 0.441076E+03 0.272721E+05 0.840252E+06
   866.00000  0.611951E+00 0.431231E+03 0.272143E+05 0.817105E+06
   876.00000  0.609592E+00 0.421561E+03 0.271528E+05 0.794453E+06
   886.00000  0.607110E+00 0.412064E+03 0.270877E+05 0.772289E+06
   896.00000  0.604506E+00 0.402739E+03 0.270191E+05 0.750603E+06
   906.00000  0.601783E+00 0.393581E+03 0.269470E+05 0.729389E+06
   916.00000  0.598944E+00 0.384590E+03 0.268714E+05 0.708639E+06
   926.00000  0.595990E+00 0.375762E+03 0.267924E+05 0.688345E+06
   936.00000  0.592925E+00 0.367096E+03 0.267102E+05 0.668501E+06
   946.00000  0.589753E+00 0.358590E+03 0.266247E+05 0.649100E+06
   956.00000  0.586477E+00 0.350242E+03 0.265361E+05 0.630137E+06
   966.00000  0.583099E+00 0.342051E+03 0.264445E+05 0.611603E+06
   976.00000  0.579624E+00 0.334015E+03 0.263499E+05 0.593494E+06
   986.00000  0.576053E+00 0.326130E+03 0.262524E+05 0.575802E+06
   996.00000  0.572391E+00 0.318397E+03 0.261522E+05 0.558519E+06
  1006.00000  0.568639E+00 0.310811E+03 0.260492E+05 0.541641E+06
  1016.00000  0.564802E+00 0.303373E+03 0.259436E+05 0.525160E+06
  1026.00000  0.560883E+00 0.296079E+03 0.258355E+05 0.509070E+06
  1036.00000  0.556885E+00 0.288929E+03 0.257250E+05 0.493366E+06
  1046.00000  0.552812E+00 0.281920E+03 0.256121E+05 0.478039E+06
  1056.00000  0.548664E+00 0.275050E+03 0.254969E+05 0.463085E+06
  1066.00000  0.544447E+00 0.268316E+03 0.253795E+05 0.448495E+06
  1076.00000  0.540161E+00 0.261718E+03 0.252600E+05 0.434264E+06
  1086.00000  0.535810E+00 0.255253E+03 0.251383E+05 0.420385E+06
  1096.00000  0.531396E+00 0.248918E+03 0.250147E+05 0.406851E+06
  1106.00000  0.526923E+00 0.242713E+03 0.248890E+05 0.393658E+06
  1116.00000  0.522392E+00 0.236634E+03 0.247616E+05 0.380797E+06
  1126.00000  0.517808E+00 0.230681E+03 0.246323E+05 0.368264E+06
  1136.00000  0.513171E+00 0.224851E+03 0.245012E+05 0.356051E+06
  1146.00000  0.508485E+00 0.219141E+03 0.243684E+05 0.344154E+06
  1156.00000  0.503751E+00 0.213551E+03 0.242340E+05 0.332564E+06
  1166.00000  0.498972E+00 0.208078E+03 0.240980E+05 0.321277E+06
  1176.00000  0.494150E+00 0.202720E+03 0.239605E+05 0.310288E+06
  1186.00000  0.489289E+00 0.197475E+03 0.238215E+05 0.299589E+06
  1196.00000  0.484391E+00 0.192343E+03 0.236812E+05 0.289176E+06
  1206.00000  0.479457E+00 0.187320E+03 0.235395E+05 0.279043E+06
  1216.00000  0.474491E+00 0.182405E+03 0.233965E+05 0.269184E+06
  1226.00000  0.469495E+00 0.177596E+03 0.232524E+05 0.259594E+06
  1236.00000  0.464470E+00 0.172892E+03 0.231070E+05 0.250267E+06
  1246.00000  0.459419E+00 0.168290E+03 0.229606E+05 0.241199E+06
  1256.00000  0.454344E+00 0.163789E+03 0.228131E+05 0.232383E+06
  1266.00000  0.449247E+00 0.159388E+03 0.226646E+05 0.223814E+06
  1276.00000  0.444131E+00 0.155084E+03 0.225151E+05 0.215489E+06
  1286.00000  0.438998E+00 0.150876E+03 0.223648E+05 0.207400E+06
  1296.00000  0.433849E+00 0.146761E+03 0.222137E+05 0.199544E+06
  1306.00000  0.428687E+00 0.142740E+03 0.220617E+05 0.191916E+06
  1316.00000  0.423513E+00 0.138809E+03 0.219091E+05 0.184510E+06
  1326.00000  0.418329E+00 0.134967E+03 0.217557E+05 0.177321E+06
  1336.00000  0.413137E+00 0.131213E+03 0.216016E+05 0.170345E+06
  1346.00000  0.407938E+00 0.127545E+03 0.214469E+05 0.163578E+06
  1356.00000  0.402735E+00 0.123961E+03 0.212917E+05 0.157014E+06
  1366.00000  0.397529E+00 0.120459E+03 0.211359E+05 0.150649E+06
  1376.00000  0.392322E+00 0.117039E+03 0.209796E+05 0.144480E+06
  1386.00000  0.387115E+00 0.113699E+03 0.208229E+05 0.138500E+06
  1396.00000  0.381910E+00 0.110437E+03 0.206658E+05 0.132706E+06
  1406.00000  0.376709E+00 0.107252E+03 0.205082E+05 0.127095E+06
  1416.00000  0.371513E+00 0.104142E+03 0.203504E+05 0.121660E+06
  1426.00000  0.366322E+00 0.101106E+03 0.201922E+05 0.116400E+06
  1436.00000  0.361140E+00 0.981418E+02 0.200337E+05 0.111308E+06
  1446.00000  0.355967E+00 0.952490E+02 0.198750E+05 0.106383E+06
  1456.00000  0.350805E+00 0.924260E+02 0.197161E+05 0.101619E+06
  1466.00000  0.345656E+00 0.896714E+02 0.195570E+05 0.970127E+05
  1476.00000  0.340520E+00 0.869838E+02 0.193978E+05 0.925609E+05
  1486.00000  0.335399E+00 0.843621E+02 0.192385E+05 0.882596E+05
  1496.00000  0.330295E+00 0.818048E+02 0.190791E+05 0.841052E+05
  1506.00000  0.325208E+00 0.793106E+02 0.189197E+05 0.800942E+05
  1516.00000  0.320140E+00 0.768785E+02 0.187604E+05 0.762230E+05
  1526.00000  0.315092E+00 0.745071E+02 0.186010E+05 0.724883E+05
  1536.00000  0.310066E+00 0.721952E+02 0.184417E+05 0.688867E+05
  1546.00000  0.305062E+00 0.699417E+02 0.182825E+05 0.654149E+05
  1556.00000  0.300082E+00 0.677453E+02 0.181235E+05 0.620697E+05
  1566.00000  0.295126E+00 0.656051E+02 0.179646E+05 0.588480E+05
  1576.00000  0.290197E+00 0.635197E+02 0.178059E+05 0.557465E+05
  1586.00000  0.285294E+00 0.614881E+02 0.176474E+05 0.527622E+05
  1596.00000  0.280419E+00 0.595092E+02 0.174892E+05 0.498922E+05
  1606.00000  0.275573E+00 0.575818E+02 0.173312E+05 0.471334E+05
  1616.00000  0.270757E+00 0.557050E+02 0.171735E+05 0.444829E+05
  1626.00000  0.265972E+00 0.538775E+02 0.170161E+05 0.419380E+05
  1636.00000  0.261217E+00 0.520985E+02 0.168591E+05 0.394957E+05
  1646.00000  0.256496E+00 0.503669E+02 0.167024E+05 0.371535E+05
  1656.00000  0.251807E+00 0.486817E+02 0.165461E+05 0.349086E+05
  1666.00000  0.247153E+00 0.470419E+02 0.163902E+05 0.327585E+05
  1676.00000  0.242533E+00 0.454466E+02 0.162348E+05 0.307004E+05
  1686.00000  0.237949E+00 0.438947E+02 0.160798E+05 0.287320E+05
  1696.00000  0.233401E+00 0.423854E+02 0.159252E+05 0.268506E+05
  1706.00000  0.228890E+00 0.409176E+02 0.157711E+05 0.250540E+05
  1716.00000  0.224416E+00 0.394906E+02 0.156176E+05 0.233397E+05
  1726.00000  0.219981E+00 0.381034E+02 0.154645E+05 0.217055E+05
  1736.00000  0.215585E+00 0.367551E+02 0.153120E+05 0.201489E+05
  1746.00000  0.211228E+00 0.354449E+02 0.151600E+05 0.186679E+05
  1756.00000  0.206911E+00 0.341719E+02 0.150087E+05 0.172602E+05
  1766.00000  0.202635E+00 0.329354E+02 0.148579E+05 0.159237E+05
  1776.00000  0.198399E+00 0.317345E+02 0.147077E+05 0.146563E+05
  1786.00000  0.194206E+00 0.305683E+02 0.145582E+05 0.134560E+05
  1796.00000  0.190055E+00 0.294362E+02 0.144093E+05 0.123207E+05
  1806.00000  0.185946E+00 0.283373E+02 0.142610E+05 0.112485E+05
  1816.00000  0.181881E+00 0.272709E+02 0.141134E+05 0.102374E+05
  1826.00000  0.177859E+00 0.262362E+02 0.139665E+05 0.928565E+04
  1836.00000  0.173881E+00 0.252325E+02 0.138204E+05 0.839132E+04
  1846.00000  0.169947E+00 0.242591E+02 0.136749E+05 0.755265E+04
  1856.00000  0.166058E+00 0.233152E+02 0.135301E+05 0.676785E+04
  1866.00000  0.162214E+00 0.224002E+02 0.133861E+05 0.603523E+04
  1876.00000  0.158415E+00 0.215134E+02 0.132429E+05 0.535309E+04
  1886.00000  0.154662E+00 0.206542E+02 0.131004E+05 0.471979E+04
  1896.00000  0.150955E+00 0.198218E+02 0.129587E+05 0.413371E+04
  1906.00000  0.147294E+00 0.190156E+02 0.128178E+05 0.359330E+04
  1916.00000  0.143679E+00 0.182350E+02 0.126776E+05 0.309700E+04
  1926.00000  0.140111E+00 0.174794E+02 0.125383E+05 0.264332E+04
  1936.00000  0.136590E+00 0.167481E+02 0.123998E+05 0.223080E+04
  1946.00000  0.133116E+00 0.160405E+02 0.122621E+05 0.185800E+04
  1956.00000  0.129689E+00 0.153561E+02 0.121252E+05 0.152352E+04
  1966.00000  0.126309E+00 0.146944E+02 0.119892E+05 0.122600E+04
  1976.00000  0.122977E+00 0.140546E+02 0.118541E+05 0.964096E+03
  1986.00000  0.119693E+00 0.134363E+02 0.117197E+05 0.736517E+03
  1996.00000  0.116456E+00 0.128390E+02 0.115863E+05 0.541988E+03
  2006.00000  0.113267E+00 0.122620E+02 0.114537E+05 0.379268E+03
  2016.00000  0.110125E+00 0.117049E+02 0.113220E+05 0.247148E+03
  2026.00000  0.107032E+00 0.111671E+02 0.111912E+05 0.144446E+03
  2036.00000  0.103986E+00 0.106482E+02 0.110613E+05 0.700118E+02
  2046.00000  0.100989E+00 0.101477E+02 0.109322E+05 0.227212E+02
  2056.00000  0.980392E-01 0.966503E+01 0.108041E+05 0.147930E+01
  2066.00000  0.951376E-01 0.919978E+01 0.106768E+05 0.521827E+01
  2076.00000  0.922839E-01 0.875147E+01 0.105505E+05 0.328972E+02
  2086.00000  0.894782E-01 0.831966E+01 0.104251E+05 0.835017E+02
  2096.00000  0.867203E-01 0.790389E+01 0.103006E+05 0.156043E+03
  2106.00000  0.840103E-01 0.750373E+01 0.101770E+05 0.249559E+03
  2116.00000  0.813481E-01 0.711876E+01 0.100543E+05 0.363111E+03
  2126.00000  0.787336E-01 0.674856E+01 0.993260E+04 0.495786E+03
  2136.00000  0.761666E-01 0.639271E+01 0.981181E+04 0.646695E+03
  2146.00000  0.736472E-01 0.605081E+01 0.969195E+04 0.814971E+03
  2156.00000  0.711751E-01 0.572248E+01 0.957303E+04 0.999773E+03
  2166.00000  0.687503E-01 0.540733E+01 0.945505E+04 0.120028E+04
  2176.00000  0.663726E-01 0.510498E+01 0.933802E+04 0.141570E+04
  2186.00000  0.640419E-01 0.481507E+01 0.922193E+04 0.164525E+04
  2196.00000  0.617580E-01 0.453723E+01 0.910679E+04 0.188818E+04
  2206.00000  0.595208E-01 0.427112E+01 0.899260E+04 0.214375E+04
  2216.00000  0.573301E-01 0.401639E+01 0.887936E+04 0.241126E+04
  2226.00000  0.551856E-01 0.377269E+01 0.876707E+04 0.269001E+04
  2236.00000  0.530873E-01 0.353971E+01 0.865573E+04 0.297934E+04
  2246.00000  0.510348E-01 0.331711E+01 0.854535E+04 0.327858E+04
  2256.00000  0.490279E-01 0.310459E+01 0.843591E+04 0.358710E+04
  2266.00000  0.470665E-01 0.290182E+01 0.832743E+04 0.390429E+04
  2276.00000  0.451502E-01 0.270852E+01 0.821990E+04 0.422955E+04
  2286.00000  0.432790E-01 0.252439E+01 0.811332E+04 0.456230E+04
  2296.00000  0.414524E-01 0.234913E+01 0.800769E+04 0.490198E+04
  2306.00000  0.396703E-01 0.218247E+01 0.790301E+04 0.524805E+04
  2316.00000  0.379323E-01 0.202412E+01 0.779927E+04 0.559997E+04
  2326.00000  0.362383E-01 0.187384E+01 0.769649E+04 0.595724E+04
  2336.00000  0.345879E-01 0.173134E+01 0.759465E+04 0.631936E+04
  2346.00000  0.329809E-01 0.159637E+01 0.749376E+04 0.668585E+04
  2356.00000  0.314169E-01 0.146868E+01 0.739381E+04 0.705625E+04
  2366.00000  0.298956E-01 0.134803E+01 0.729480E+04 0.743010E+04
  2376.00000  0.284168E-01 0.123418E+01 0.719672E+04 0.780697E+04
  2386.00000  0.269802E-01 0.112690E+01 0.709958E+04 0.818644E+04
  2396.00000  0.255854E-01 0.102595E+01 0.700338E+04 0.856811E+04
  2406.00000  0.242321E-01 0.931117E+00 0.690810E+04 0.895158E+04
  2416.00000  0.229199E-01 0.842184E+00 0.681376E+04 0.933647E+04
  2426.00000  0.216487E-01 0.758940E+00 0.672034E+04 0.972242E+04
  2436.00000  0.204179E-01 0.681178E+00 0.662785E+04 0.101091E+05
  2446.00000  0.192274E-01 0.608697E+00 0.653627E+04 0.104961E+05
  2456.00000  0.180766E-01 0.541301E+00 0.644562E+04 0.108831E+05
  2466.00000  0.169654E-01 0.478799E+00 0.635588E+04 0.112699E+05
  2476.00000  0.158933E-01 0.421006E+00 0.626705E+04 0.116561E+05
  2486.00000  0.148600E-01 0.367739E+00 0.617913E+04 0.120414E+05
  2496.00000  0.138651E-01 0.318822E+00 0.609211E+04 0.124256E+05
  2506.00000  0.129083E-01 0.274083E+00 0.600600E+04 0.128083E+05
  2516.00000  0.119891E-01 0.233354E+00 0.592078E+04 0.131893E+05
  2526.00000  0.111073E-01 0.196472E+00 0.583645E+04 0.135684E+05
  2536.00000  0.102625E-01 0.163278E+00 0.575302E+04 0.139453E+05
  2546.00000  0.945420E-02 0.133617E+00 0.567047E+04 0.143199E+05
  2556.00000  0.868213E-02 0.107340E+00 0.558881E+04 0.146917E+05
  2566.00000  0.794588E-02 0.842987E-01 0.550802E+04 0.150608E+05
  2576.00000  0.724507E-02 0.643515E-01 0.542810E+04 0.154268E+05
  2586.00000  0.657932E-02 0.473598E-01 0.534906E+04 0.157896E+05
  2596.00000  0.594824E-02 0.331889E-01 0.527088E+04 0.161490E+05
  2606.00000  0.535143E-02 0.217078E-01 0.519356E+04 0.165047E+05
  2616.00000  0.478852E-02 0.127895E-01 0.511710E+04 0.168568E+05
  2626.00000  0.425910E-02 0.631035E-02 0.504148E+04 0.172049E+05
  2636.00000  0.376279E-02 0.215030E-02 0.496671E+04 0.175489E+05
  2646.00000  0.329919E-02 0.192830E-03 0.489278E+04 0.178888E+05
  2656.00000  0.286792E-02 0.324809E-03 0.481969E+04 0.182242E+05
  2666.00000  0.246856E-02 0.243644E-02 0.474743E+04 0.185553E+05
  2676.00000  0.210073E-02 0.642119E-02 0.467599E+04 0.188817E+05
  2686.00000  0.176403E-02 0.121757E-01 0.460538E+04 0.192034E+05
  2696.00000  0.145807E-02 0.195999E-01 0.453558E+04 0.195203E+05
  2706.00000  0.118243E-02 0.285965E-01 0.446659E+04 0.198323E+05
  2716.00000  0.936734E-03 0.390716E-01 0.439840E+04 0.201392E+05
  2726.00000  0.720572E-03 0.509338E-01 0.433102E+04 0.204411E+05
  2736.00000  0.533548E-03 0.640949E-01 0.426443E+04 0.207378E+05
  2746.00000  0.375264E-03 0.784694E-01 0.419862E+04 0.210292E+05
  2756.00000  0.245321E-03 0.939746E-01 0.413360E+04 0.213152E+05
  2766.00000  0.143323E-03 0.110531E+00 0.406936E+04 0.215959E+05
  2776.00000  0.688699E-04 0.128060E+00 0.400589E+04 0.218711E+05
  2786.00000  0.215660E-04 0.146487E+00 0.394319E+04 0.221408E+05
  2796.00000  0.101443E-05 0.165741E+00 0.388125E+04 0.224049E+05
  2806.00000  0.681927E-05 0.185751E+00 0.382006E+04 0.226634E+05
  2816.00000  0.385855E-04 0.206450E+00 0.375962E+04 0.229162E+05
  2826.00000  0.959188E-04 0.227773E+00 0.369993E+04 0.231634E+05
  2836.00000  0.178426E-03 0.249658E+00 0.364098E+04 0.234048E+05
  2846.00000  0.285715E-03 0.272043E+00 0.358276E+04 0.236405E+05
  2856.00000  0.417395E-03 0.294870E+00 0.352527E+04 0.238704E+05
  2866.00000  0.573075E-03 0.318084E+00 0.346850E+04 0.240945E+05
  2876.00000  0.752369E-03 0.341630E+00 0.341245E+04 0.243129E+05
  2886.00000  0.954887E-03 0.365456E+00 0.335711E+04 0.245253E+05
  2896.00000  0.118025E-02 0.389512E+00 0.330247E+04 0.247320E+05
  2906.00000  0.142806E-02 0.413751E+00 0.324853E+04 0.249328E+05
  2916.00000  0.169795E-02 0.438126E+00 0.319528E+04 0.251278E+05
  2926.00000  0.198953E-02 0.462592E+00 0.314272E+04 0.253170E+05
  2936.00000  0.230242E-02 0.487108E+00 0.309084E+04 0.255003E+05
  2946.00000  0.263626E-02 0.511634E+00 0.303964E+04 0.256778E+05
  2956.00000  0.299065E-02 0.536129E+00 0.298911E+04 0.258496E+05
  2966.00000  0.336524E-02 0.560556E+00 0.293924E+04 0.260155E+05
  2976.00000  0.375964E-02 0.584881E+00 0.289003E+04 0.261757E+05
  2986.00000  0.417349E-02 0.609069E+00 0.284148E+04 0.263301E+05
  2996.00000  0.460643E-02 0.633087E+00 0.279357E+04 0.264787E+05
  3006.00000  0.505808E-02 0.656905E+00 0.274630E+04 0.266217E+05
  3016.00000  0.552809E-02 0.680493E+00 0.269966E+04 0.267590E+05
  3026.00000  0.601610E-02 0.703824E+00 0.265365E+04 0.268906E+05
  3036.00000  0.652174E-02 0.726870E+00 0.260827E+04 0.270166E+05
  3046.00000  0.704467E-02 0.749606E+00 0.256350E+04 0.271370E+05
  3056.00000  0.758453E-02 0.772009E+00 0.251935E+04 0.272519E+05
  3066.00000  0.814096E-02 0.794056E+00 0.247580E+04 0.273613E+05
  3076.00000  0.871363E-02 0.815726E+00 0.243285E+04 0.274651E+05
  3086.00000  0.930219E-02 0.836998E+00 0.239049E+04 0.275636E+05
  3096.00000  0.990630E-02 0.857854E+00 0.234872E+04 0.276566E+05
  3106.00000  0.105256E-01 0.878276E+00 0.230754E+04 0.277443E+05
  3116.00000  0.111598E-01 0.898247E+00 0.226693E+04 0.278267E+05
  3126.00000  0.118085E-01 0.917751E+00 0.222690E+04 0.279038E+05
  3136.00000  0.124714E-01 0.936775E+00 0.218742E+04 0.279757E+05
  3146.00000  0.131482E-01 0.955304E+00 0.214851E+04 0.280425E+05
  3156.00000  0.138385E-01 0.973327E+00 0.211015E+04 0.281041E+05
  3166.00000  0.145421E-01 0.990831E+00 0.207234E+04 0.281607E+05
  3176.00000  0.152585E-01 0.100781E+01 0.203507E+04 0.282122E+05
  3186.00000  0.159876E-01 0.102424E+01 0.199834E+04 0.282589E+05
  3196.00000  0.167289E-01 0.104013E+01 0.196214E+04 0.283006E+05
  3206.00000  0.174822E-01 0.105547E+01 0.192647E+04 0.283374E+05
  3216.00000  0.182471E-01 0.107024E+01 0.189131E+04 0.283695E+05
  3226.00000  0.190234E-01 0.108445E+01 0.185668E+04 0.283969E+05
  3236.00000  0.198107E-01 0.109808E+01 0.182255E+04 0.284196E+05
  3246.00000  0.206088E-01 0.111114E+01 0.178892E+04 0.284377E+05
  3256.00000  0.214173E-01 0.112361E+01 0.175579E+04 0.284513E+05
  3266.00000  0.222360E-01 0.113549E+01 0.172316E+04 0.284603E+05
  3276.00000  0.230646E-01 0.114679E+01 0.169101E+04 0.284650E+05
  3286.00000  0.239027E-01 0.115750E+01 0.165935E+04 0.284652E+05
  3296.00000  0.247502E-01 0.116762E+01 0.162816E+04 0.284612E+05
  3306.00000  0.256066E-01 0.117715E+01 0.159745E+04 0.284529E+05
  3316.00000  0.264718E-01 0.118608E+01 0.156720E+04 0.284405E+05
  3326.00000  0.273455E-01 0.119442E+01 0.153741E+04 0.284239E+05
  3336.00000  0.282273E-01 0.120217E+01 0.150808E+04 0.284033E+05
  3346.00000  0.291171E-01 0.120934E+01 0.147920E+04 0.283787E+05
  3356.00000  0.300146E-01 0.121592E+01 0.145076E+04 0.283502E+05
  3366.00000  0.309195E-01 0.122191E+01 0.142277E+04 0.283178E+05
  3376.00000  0.318315E-01 0.122732E+01 0.139521E+04 0.282817E+05
  3386.00000  0.327504E-01 0.123216E+01 0.136808E+04 0.282418E+05
  3396.00000  0.336759E-01 0.123642E+01 0.134137E+04 0.281982E+05
  3406.00000  0.346079E-01 0.124012E+01 0.131509E+04 0.281510E+05
  3416.00000  0.355460E-01 0.124325E+01 0.128922E+04 0.281003E+05
  3426.00000  0.364900E-01 0.124582E+01 0.126376E+04 0.280462E+05
  3436.00000  0.374396E-01 0.124784E+01 0.123871E+04 0.279886E+05
  3446.00000  0.383947E-01 0.124930E+01 0.121405E+04 0.279277E+05
  3456.00000  0.393550E-01 0.125023E+01 0.118980E+04 0.278635E+05
  3466.00000  0.403203E-01 0.125063E+01 0.116593E+04 0.277961E+05
  3476.00000  0.412903E-01 0.125049E+01 0.114245E+04 0.277255E+05
  3486.00000  0.422648E-01 0.124983E+01 0.111935E+04 0.276518E+05
  3496.00000  0.432436E-01 0.124866E+01 0.109662E+04 0.275751E+05
  3506.00000  0.442265E-01 0.124699E+01 0.107427E+04 0.274955E+05
  3516.00000  0.452133E-01 0.124481E+01 0.105229E+04 0.274129E+05
  3526.00000  0.462037E-01 0.124215E+01 0.103067E+04 0.273276E+05
  3536.00000  0.471976E-01 0.123900E+01 0.100940E+04 0.272394E+05
  3546.00000  0.481948E-01 0.123538E+01 0.988494E+03 0.271485E+05
  3556.00000  0.491950E-01 0.123129E+01 0.967933E+03 0.270550E+05
  3566.00000  0.501980E-01 0.122675E+01 0.947716E+03 0.269589E+05
  3576.00000  0.512037E-01 0.122176E+01 0.927839E+03 0.268603E+05
  3586.00000  0.522118E-01 0.121634E+01 0.908298E+03 0.267592E+05
  3596.00000  0.532222E-01 0.121049E+01 0.889089E+03 0.266557E+05
  3606.00000  0.542347E-01 0.120421E+01 0.870206E+03 0.265498E+05
  3616.00000  0.552491E-01 0.119753E+01 0.851646E+03 0.264416E+05
  3626.00000  0.562652E-01 0.119045E+01 0.833405E+03 0.263312E+05
  3636.00000  0.572829E-01 0.118298E+01 0.815478E+03 0.262187E+05
  3646.00000  0.583019E-01 0.117513E+01 0.797861E+03 0.261040E+05
  3656.00000  0.593222E-01 0.116691E+01 0.780550E+03 0.259873E+05
  3666.00000  0.603435E-01 0.115833E+01 0.763541E+03 0.258686E+05
  3676.00000  0.613656E-01 0.114940E+01 0.746830E+03 0.257479E+05
  3686.00000  0.623885E-01 0.114013E+01 0.730413E+03 0.256254E+05
  3696.00000  0.634119E-01 0.113054E+01 0.714285E+03 0.255010E+05
  3706.00000  0.644358E-01 0.112062E+01 0.698444E+03 0.253749E+05
  3716.00000  0.654598E-01 0.111040E+01 0.682884E+03 0.252470E+05
  3726.00000  0.664840E-01 0.109988E+01 0.667603E+03 0.251175E+05
  3736.00000  0.675081E-01 0.108907E+01 0.652596E+03 0.249863E+05
  3746.00000  0.685320E-01 0.107798E+01 0.637859E+03 0.248536E+05
  3756.00000  0.695556E-01 0.106663E+01 0.623389E+03 0.247194E+05
  3766.00000  0.705787E-01 0.105502E+01 0.609182E+03 0.245837E+05
  3776.00000  0.716011E-01 0.104317E+01 0.595234E+03 0.244466E+05
  3786.00000  0.726229E-01 0.103108E+01 0.581542E+03 0.243082E+05
  3796.00000  0.736437E-01 0.101876E+01 0.568102E+03 0.241685E+05
  3806.00000  0.746635E-01 0.100623E+01 0.554910E+03 0.240275E+05
  3816.00000  0.756823E-01 0.993494E+00 0.541963E+03 0.238853E+05
  3826.00000  0.766997E-01 0.980564E+00 0.529258E+03 0.237420E+05
  3836.00000  0.777158E-01 0.967449E+00 0.516790E+03 0.235975E+05
  3846.00000  0.787305E-01 0.954161E+00 0.504557E+03 0.234520E+05
  3856.00000  0.797435E-01 0.940708E+00 0.492555E+03 0.233055E+05
  3866.00000  0.807547E-01 0.927101E+00 0.480780E+03 0.231580E+05
  3876.00000  0.817642E-01 0.913350E+00 0.469229E+03 0.230096E+05
  3886.00000  0.827717E-01 0.899464E+00 0.457900E+03 0.228603E+05
  3896.00000  0.837772E-01 0.885453E+00 0.446788E+03 0.227101E+05
  3906.00000  0.847805E-01 0.871328E+00 0.435890E+03 0.225592E+05
  3916.00000  0.857816E-01 0.857097E+00 0.425204E+03 0.224075E+05
  3926.00000  0.867803E-01 0.842771E+00 0.414725E+03 0.222551E+05
  3936.00000  0.877766E-01 0.828358E+00 0.404452E+03 0.221020E+05
  3946.00000  0.887703E-01 0.813869E+00 0.394380E+03 0.219483E+05
  3956.00000  0.897615E-01 0.799312E+00 0.384508E+03 0.217941E+05
  3966.00000  0.907499E-01 0.784696E+00 0.374831E+03 0.216392E+05
  3976.00000  0.917355E-01 0.770031E+00 0.365346E+03 0.214839E+05
  3986.00000  0.927182E-01 0.755325E+00 0.356052E+03 0.213281E+05
  3996.00000  0.936980E-01 0.740587E+00 0.346944E+03 0.211718E+05
  4006.00000  0.946747E-01 0.725827E+00 0.338020E+03 0.210152E+05
  4016.00000  0.956483E-01 0.711052E+00 0.329277E+03 0.208582E+05
  4026.00000  0.966187E-01 0.696272E+00 0.320712E+03 0.207008E+05
  4036.00000  0.975858E-01 0.681493E+00 0.312323E+03 0.205432E+05
  4046.00000  0.985496E-01 0.666726E+00 0.304107E+03 0.203853E+05
  4056.00000  0.995100E-01 0.651977E+00 0.296060E+03 0.202272E+05
  4066.00000  0.100467E+00 0.637256E+00 0.288180E+03 0.200689E+05
  4076.00000  0.101420E+00 0.622569E+00 0.280466E+03 0.199105E+05
  4086.00000  0.102370E+00 0.607924E+00 0.272913E+03 0.197519E+05
  4096.00000  0.103316E+00 0.593330E+00 0.265519E+03 0.195932E+05
  4106.00000  0.104258E+00 0.578793E+00 0.258282E+03 0.194345E+05
  4116.00000  0.105197E+00 0.564321E+00 0.251199E+03 0.192758E+05
  4126.00000  0.106131E+00 0.549922E+00 0.244268E+03 0.191170E+05
  4136.00000  0.107062E+00 0.535601E+00 0.237486E+03 0.189583E+05
  4146.00000  0.107989E+00 0.521367E+00 0.230851E+03 0.187996E+05
  4156.00000  0.108912E+00 0.507226E+00 0.224360E+03 0.186410E+05
  4166.00000  0.109831E+00 0.493185E+00 0.218011E+03 0.184826E+05
  4176.00000  0.110746E+00 0.479250E+00 0.211802E+03 0.183242E+05
  4186.00000  0.111656E+00 0.465427E+00 0.205730E+03 0.181661E+05
  4196.00000  0.112563E+00 0.451723E+00 0.199792E+03 0.180081E+05
  4206.00000  0.113465E+00 0.438145E+00 0.193988E+03 0.178504E+05
  4216.00000  0.114363E+00 0.424697E+00 0.188313E+03 0.176929E+05
  4226.00000  0.115257E+00 0.411385E+00 0.182767E+03 0.175356E+05
  4236.00000  0.116146E+00 0.398216E+00 0.177347E+03 0.173787E+05
  4246.00000  0.117031E+00 0.385195E+00 0.172051E+03 0.172220E+05
  4256.00000  0.117912E+00 0.372328E+00 0.166876E+03 0.170658E+05
  4266.00000  0.118788E+00 0.359619E+00 0.161821E+03 0.169098E+05
  4276.00000  0.119659E+00 0.347073E+00 0.156883E+03 0.167543E+05
  4286.00000  0.120527E+00 0.334697E+00 0.152061E+03 0.165991E+05
  4296.00000  0.121390E+00 0.322493E+00 0.147353E+03 0.164444E+05
  4306.00000  0.122248E+00 0.310468E+00 0.142755E+03 0.162901E+05
  4316.00000  0.123101E+00 0.298626E+00 0.138267E+03 0.161362E+05
  4326.00000  0.123951E+00 0.286970E+00 0.133887E+03 0.159829E+05
  4336.00000  0.124795E+00 0.275506E+00 0.129612E+03 0.158300E+05
  4346.00000  0.125635E+00 0.264237E+00 0.125441E+03 0.156777E+05
  4356.00000  0.126470E+00 0.253168E+00 0.121372E+03 0.155259E+05
  4366.00000  0.127301E+00 0.242301E+00 0.117402E+03 0.153747E+05
  4376.00000  0.128127E+00 0.231642E+00 0.113531E+03 0.152240E+05
  4386.00000  0.128948E+00 0.221193E+00 0.109756E+03 0.150739E+05
  4396.00000  0.129764E+00 0.210958E+00 0.106076E+03 0.149244E+05
  4406.00000  0.130576E+00 0.200940E+00 0.102489E+03 0.147755E+05
  4416.00000  0.131383E+00 0.191142E+00 0.989922E+02 0.146273E+05
  4426.00000  0.132186E+00 0.181567E+00 0.955853E+02 0.144797E+05
  4436.00000  0.132983E+00 0.172219E+00 0.922662E+02 0.143327E+05
  4446.00000  0.133776E+00 0.163099E+00 0.890331E+02 0.141864E+05
  4456.00000  0.134564E+00 0.154211E+00 0.858845E+02 0.140408E+05
  4466.00000  0.135348E+00 0.145557E+00 0.828189E+02 0.138960E+05
  4476.00000  0.136126E+00 0.137139E+00 0.798345E+02 0.137518E+05
  4486.00000  0.136900E+00 0.128960E+00 0.769299E+02 0.136083E+05
  4511.00000  0.138814E+00 0.109568E+00 0.700071E+02 0.132529E+05
  4536.00000  0.140697E+00 0.917078E-01 0.635499E+02 0.129023E+05
  4561.00000  0.142551E+00 0.754042E-01 0.575357E+02 0.125565E+05
  4586.00000  0.144376E+00 0.606762E-01 0.519429E+02 0.122158E+05
  4611.00000  0.146170E+00 0.475386E-01 0.467505E+02 0.118803E+05
  4636.00000  0.147936E+00 0.360017E-01 0.419384E+02 0.115501E+05
  4661.00000  0.149672E+00 0.260713E-01 0.374873E+02 0.112253E+05
  4686.00000  0.151379E+00 0.177493E-01 0.333786E+02 0.109059E+05
  4711.00000  0.153057E+00 0.110332E-01 0.295944E+02 0.105922E+05
  4736.00000  0.154706E+00 0.591675E-02 0.261174E+02 0.102840E+05
  4761.00000  0.156327E+00 0.238992E-02 0.229313E+02 0.998158E+04
  4786.00000  0.157920E+00 0.439070E-03 0.200200E+02 0.968486E+04
  4811.00000  0.159485E+00 0.470979E-04 0.173685E+02 0.939392E+04
  4836.00000  0.161023E+00 0.119361E-02 0.149620E+02 0.910877E+04
  4861.00000  0.162534E+00 0.385508E-02 0.127866E+02 0.882943E+04
  4886.00000  0.164017E+00 0.800499E-02 0.108289E+02 0.855591E+04
  4911.00000  0.165475E+00 0.136140E-01 0.907603E+01 0.828822E+04
  4936.00000  0.166906E+00 0.206501E-01 0.751564E+01 0.802634E+04
  4961.00000  0.168312E+00 0.290788E-01 0.613599E+01 0.777028E+04
  4986.00000  0.169693E+00 0.388632E-01 0.492581E+01 0.752000E+04
  5011.00000  0.171049E+00 0.499642E-01 0.387432E+01 0.727548E+04
  5036.00000  0.172381E+00 0.623407E-01 0.297124E+01 0.703669E+04
  5061.00000  0.173688E+00 0.759496E-01 0.220674E+01 0.680360E+04
  5086.00000  0.174972E+00 0.907463E-01 0.157144E+01 0.657615E+04
  5111.00000  0.176233E+00 0.106684E+00 0.105639E+01 0.635431E+04
  5136.00000  0.177472E+00 0.123716E+00 0.653063E+00 0.613803E+04
  5161.00000  0.178688E+00 0.141792E+00 0.353327E+00 0.592725E+04
  5186.00000  0.179883E+00 0.160861E+00 0.149444E+00 0.572191E+04
  5211.00000  0.181056E+00 0.180874E+00 0.340493E-01 0.552195E+04
  5236.00000  0.182208E+00 0.201777E+00 0.140400E-03 0.532729E+04
  5261.00000  0.183341E+00 0.223517E+00 0.410619E-01 0.513788E+04
  5286.00000  0.184453E+00 0.246042E+00 0.150494E+00 0.495365E+04
  5311.00000  0.185546E+00 0.269295E+00 0.322441E+00 0.477450E+04
  5336.00000  0.186619E+00 0.293224E+00 0.551215E+00 0.460038E+04
  5361.00000  0.187674E+00 0.317772E+00 0.831431E+00 0.443120E+04
  5386.00000  0.188711E+00 0.342886E+00 0.115799E+01 0.426688E+04
  5411.00000  0.189731E+00 0.368509E+00 0.152606E+01 0.410733E+04
  5436.00000  0.190732E+00 0.394587E+00 0.193110E+01 0.395248E+04
  5461.00000  0.191717E+00 0.421064E+00 0.236879E+01 0.380224E+04
  5511.00000  0.193638E+00 0.474999E+00 0.332615E+01 0.351525E+04
  5561.00000  0.195495E+00 0.529880E+00 0.436844E+01 0.324565E+04
  5611.00000  0.197293E+00 0.585283E+00 0.546941E+01 0.299276E+04
  5661.00000  0.199033E+00 0.640792E+00 0.660599E+01 0.275585E+04
  5711.00000  0.200720E+00 0.696009E+00 0.775802E+01 0.253423E+04
  5761.00000  0.202354E+00 0.750546E+00 0.890799E+01 0.232720E+04
  5811.00000  0.203940E+00 0.804035E+00 0.100408E+02 0.213405E+04
  5861.00000  0.205478E+00 0.856127E+00 0.111436E+02 0.195410E+04
  5911.00000  0.206971E+00 0.906494E+00 0.122055E+02 0.178669E+04
  5961.00000  0.208421E+00 0.954826E+00 0.132175E+02 0.163115E+04
  6011.00000  0.209829E+00 0.100084E+01 0.141721E+02 0.148684E+04
  6061.00000  0.211197E+00 0.104427E+01 0.150633E+02 0.135313E+04
  6111.00000  0.212526E+00 0.108489E+01 0.158866E+02 0.122943E+04
  6161.00000  0.213817E+00 0.112248E+01 0.166385E+02 0.111514E+04
  6211.00000  0.215071E+00 0.115685E+01 0.173166E+02 0.100970E+04
  6261.00000  0.216288E+00 0.118784E+01 0.179195E+02 0.912581E+03
  6311.00000  0.217469E+00 0.121532E+01 0.184466E+02 0.823248E+03
  6361.00000  0.218614E+00 0.123917E+01 0.188980E+02 0.741207E+03
  6411.00000  0.219723E+00 0.125931E+01 0.192743E+02 0.665980E+03
  6461.00000  0.220796E+00 0.127566E+01 0.195770E+02 0.597114E+03
  6511.00000  0.221833E+00 0.128821E+01 0.198077E+02 0.534174E+03
  6561.00000  0.222832E+00 0.129691E+01 0.199687E+02 0.476748E+03
  6611.00000  0.223792E+00 0.130179E+01 0.200624E+02 0.424446E+03
  6661.00000  0.224714E+00 0.130287E+01 0.200916E+02 0.376900E+03
  6711.00000  0.225596E+00 0.130019E+01 0.200594E+02 0.333757E+03
  6761.00000  0.226436E+00 0.129384E+01 0.199689E+02 0.294690E+03
  6811.00000  0.227233E+00 0.128388E+01 0.198235E+02 0.259385E+03
  6861.00000  0.227985E+00 0.127044E+01 0.196265E+02 0.227552E+03
  6911.00000  0.228691E+00 0.125362E+01 0.193816E+02 0.198914E+03
  6961.00000  0.229348E+00 0.123356E+01 0.190922E+02 0.173214E+03
  7011.00000  0.229955E+00 0.121043E+01 0.187619E+02 0.150209E+03
  7061.00000  0.230509E+00 0.118437E+01 0.183942E+02 0.129675E+03
  7111.00000  0.231007E+00 0.115556E+01 0.179926E+02 0.111400E+03
  7161.00000  0.231448E+00 0.112419E+01 0.175605E+02 0.951872E+02
  7211.00000  0.231828E+00 0.109046E+01 0.171012E+02 0.808535E+02
  7261.00000  0.232146E+00 0.105456E+01 0.166181E+02 0.682288E+02
  7311.00000  0.232397E+00 0.101672E+01 0.161143E+02 0.571551E+02
  7361.00000  0.232580E+00 0.977130E+00 0.155929E+02 0.474860E+02
  7411.00000  0.232691E+00 0.936028E+00 0.150569E+02 0.390861E+02
  7511.00000  0.232687E+00 0.850170E+00 0.139520E+02 0.256030E+02
  7611.00000  0.232361E+00 0.760950E+00 0.128209E+02 0.158179E+02
  7711.00000  0.231689E+00 0.670174E+00 0.116824E+02 0.898030E+01
  7811.00000  0.230646E+00 0.579616E+00 0.105534E+02 0.446036E+01
  7911.00000  0.229208E+00 0.490993E+00 0.944860E+01 0.173327E+01
  8011.00000  0.227353E+00 0.405929E+00 0.838043E+01 0.365252E+00
  8111.00000  0.225061E+00 0.325937E+00 0.735939E+01 0.923918E-03
  8211.00000  0.222312E+00 0.252399E+00 0.639404E+01 0.351986E+00
  8311.00000  0.219090E+00 0.186545E+00 0.549108E+01 0.118718E+01
  8411.00000  0.215380E+00 0.129444E+00 0.465554E+01 0.232342E+01
  8511.00000  0.211173E+00 0.819910E-01 0.389090E+01 0.361803E+01
  8611.00000  0.206461E+00 0.449016E-01 0.319921E+01 0.496197E+01
  8711.00000  0.201242E+00 0.187068E-01 0.258129E+01 0.627398E+01
  8811.00000  0.195518E+00 0.375332E-02 0.203682E+01 0.749555E+01
  8911.00000  0.189297E+00 0.205296E-03 0.156447E+01 0.858657E+01
  9011.00000  0.182589E+00 0.804902E-02 0.116209E+01 0.952170E+01
  9111.00000  0.175412E+00 0.271000E-01 0.826788E+00 0.102873E+02
  9211.00000  0.167790E+00 0.570122E-01 0.555085E+00 0.108786E+02
  9311.00000  0.159751E+00 0.972892E-01 0.343004E+00 0.112981E+02
  9411.00000  0.151330E+00 0.147297E+00 0.186183E+00 0.115531E+02
  9511.00000  0.142569E+00 0.206277E+00 0.799845E-01 0.116546E+02
  9611.00000  0.133512E+00 0.273363E+00 0.195737E-01 0.116163E+02
  9711.00000  0.124213E+00 0.347597E+00 0.895392E-05 0.114531E+02
  9811.00000  0.114729E+00 0.427942E+00 0.163142E-01 0.111809E+02
  9911.00000  0.105125E+00 0.513305E+00 0.635465E-01 0.108156E+02
 10011.00000  0.954674E-01 0.602548E+00 0.136856E+00 0.103730E+02
 10111.00000  0.858303E-01 0.694508E+00 0.231537E+00 0.986815E+01
 10211.00000  0.762905E-01 0.788014E+00 0.343077E+00 0.931525E+01
 10311.00000  0.669290E-01 0.881898E+00 0.467190E+00 0.872752E+01
 10411.00000  0.578295E-01 0.975015E+00 0.599851E+00 0.811701E+01
 10511.00000  0.490785E-01 0.106626E+01 0.737325E+00 0.749460E+01
 10611.00000  0.407642E-01 0.115456E+01 0.876182E+00 0.686995E+01
 10711.00000  0.329758E-01 0.123892E+01 0.101331E+01 0.625150E+01
 10811.00000  0.258027E-01 0.131841E+01 0.114595E+01 0.564655E+01
 10911.00000  0.193338E-01 0.139217E+01 0.127164E+01 0.506124E+01
 11011.00000  0.136565E-01 0.145945E+01 0.138829E+01 0.450067E+01
 11111.00000  0.885614E-02 0.151957E+01 0.149413E+01 0.396892E+01
 11211.00000  0.501489E-02 0.157196E+01 0.158772E+01 0.346920E+01
 11311.00000  0.221101E-02 0.161615E+01 0.166793E+01 0.300383E+01
 11411.00000  0.517993E-03 0.165178E+01 0.173395E+01 0.257438E+01
 11511.00000  0.373331E-05 0.167860E+01 0.178524E+01 0.218175E+01
 11611.00000  0.729755E-03 0.169645E+01 0.182154E+01 0.182620E+01
 11711.00000  0.275045E-02 0.170529E+01 0.184285E+01 0.150747E+01
 11811.00000  0.611238E-02 0.170515E+01 0.184938E+01 0.122482E+01
 11911.00000  0.108536E-01 0.169621E+01 0.184158E+01 0.977120E+00
 12011.00000  0.170031E-01 0.167868E+01 0.182007E+01 0.762890E+00
 12111.00000  0.245803E-01 0.165291E+01 0.178562E+01 0.580382E+00
 12211.00000  0.335945E-01 0.161930E+01 0.173918E+01 0.427617E+00
 12311.00000  0.440446E-01 0.157833E+01 0.168180E+01 0.302451E+00
 12411.00000  0.559190E-01 0.153053E+01 0.161461E+01 0.202610E+00
 12511.00000  0.691949E-01 0.147650E+01 0.153883E+01 0.125744E+00
 12611.00000  0.838388E-01 0.141690E+01 0.145575E+01 0.694624E-01
 12711.00000  0.998059E-01 0.135239E+01 0.136667E+01 0.313694E-01
 12811.00000  0.117041E+00 0.128370E+01 0.127291E+01 0.909868E-02
 12911.00000  0.135478E+00 0.121155E+01 0.117579E+01 0.341063E-03
 13011.00000  0.155040E+00 0.113670E+01 0.107660E+01 0.286986E-02
 13111.00000  0.175641E+00 0.105988E+01 0.976603E+00 0.145628E-01
 13211.00000  0.197185E+00 0.981837E+00 0.877013E+00 0.334206E-01
 13311.00000  0.219566E+00 0.903301E+00 0.778973E+00 0.575820E-01
 13411.00000  0.242672E+00 0.824980E+00 0.683561E+00 0.853363E-01
 13511.00000  0.266381E+00 0.747553E+00 0.591768E+00 0.115132E+00
 13611.00000  0.290566E+00 0.671666E+00 0.504497E+00 0.145585E+00
 13711.00000  0.315094E+00 0.597927E+00 0.422556E+00 0.175480E+00
 13811.00000  0.339826E+00 0.526897E+00 0.346651E+00 0.203772E+00
 13911.00000  0.364619E+00 0.459089E+00 0.277388E+00 0.229587E+00
 14011.00000  0.389329E+00 0.394962E+00 0.215264E+00 0.252219E+00
 14111.00000  0.413808E+00 0.334922E+00 0.160673E+00 0.271122E+00
 14211.00000  0.437908E+00 0.279314E+00 0.113905E+00 0.285904E+00
 14311.00000  0.461482E+00 0.228426E+00 0.751467E-01 0.296321E+00
 14411.00000  0.484383E+00 0.182484E+00 0.444861E-01 0.302264E+00
 14511.00000  0.506469E+00 0.141657E+00 0.219162E-01 0.303752E+00
 14611.00000  0.527598E+00 0.106049E+00 0.733974E-02 0.300914E+00
 14711.00000  0.547637E+00 0.757115E-01 0.574777E-03 0.293982E+00
 14811.00000  0.566455E+00 0.506347E-01 0.136122E-02 0.283275E+00
 14911.00000  0.583930E+00 0.307566E-01 0.936743E-02 0.269187E+00
 15011.00000  0.599947E+00 0.159633E-01 0.241974E-01 0.252173E+00
 15111.00000  0.614401E+00 0.609260E-02 0.453984E-01 0.232734E+00
 15211.00000  0.627195E+00 0.937634E-03 0.724685E-01 0.211409E+00
 15311.00000  0.638241E+00 0.251015E-03 0.104864E+00 0.188754E+00
 15411.00000  0.647467E+00 0.374901E-02 0.142009E+00 0.165339E+00
 15511.00000  0.654806E+00 0.111160E-01 0.183301E+00 0.141730E+00
 15611.00000  0.660207E+00 0.220094E-01 0.228118E+00 0.118480E+00
 15711.00000  0.663632E+00 0.360640E-01 0.275830E+00 0.961224E-01
 15811.00000  0.665054E+00 0.528971E-01 0.325801E+00 0.751577E-01
 15911.00000  0.664458E+00 0.721133E-01 0.377399E+00 0.560490E-01
 16011.00000  0.661847E+00 0.933092E-01 0.430002E+00 0.392146E-01
 16111.00000  0.657232E+00 0.116078E+00 0.483004E+00 0.250225E-01
 16211.00000  0.650638E+00 0.140014E+00 0.535817E+00 0.137862E-01
 16311.00000  0.642108E+00 0.164718E+00 0.587882E+00 0.576172E-02
 16411.00000  0.631691E+00 0.189799E+00 0.638668E+00 0.114556E-02
 16511.00000  0.619450E+00 0.214880E+00 0.687678E+00 0.736530E-04
 16611.00000  0.605464E+00 0.239602E+00 0.734456E+00 0.262149E-02
 16711.00000  0.589819E+00 0.263624E+00 0.778583E+00 0.880511E-02
 16811.00000  0.572612E+00 0.286630E+00 0.819680E+00 0.185830E-01
 16911.00000  0.553954E+00 0.308330E+00 0.857420E+00 0.318588E-01
 17011.00000  0.533960E+00 0.328459E+00 0.891514E+00 0.484846E-01
 17111.00000  0.512755E+00 0.346785E+00 0.921722E+00 0.682650E-01
 17211.00000  0.490473E+00 0.363106E+00 0.947850E+00 0.909618E-01
 17311.00000  0.467255E+00 0.377250E+00 0.969750E+00 0.116299E+00
 17411.00000  0.443244E+00 0.389078E+00 0.987318E+00 0.143967E+00
 17511.00000  0.418590E+00 0.398487E+00 0.100049E+01 0.173629E+00
 17611.00000  0.393447E+00 0.405404E+00 0.100927E+01 0.204929E+00
 17711.00000  0.367969E+00 0.409789E+00 0.101365E+01 0.237493E+00
 17811.00000  0.342314E+00 0.411632E+00 0.101372E+01 0.270935E+00
 17911.00000  0.316637E+00 0.410958E+00 0.100957E+01 0.304870E+00
 18011.00000  0.291096E+00 0.407815E+00 0.100132E+01 0.338907E+00
 18111.00000  0.265842E+00 0.402283E+00 0.989157E+00 0.372666E+00
 18211.00000  0.241029E+00 0.394466E+00 0.973258E+00 0.405775E+00
 18311.00000  0.216802E+00 0.384492E+00 0.953841E+00 0.437879E+00
 18411.00000  0.193302E+00 0.372509E+00 0.931145E+00 0.468638E+00
 18511.00000  0.170667E+00 0.358688E+00 0.905428E+00 0.497739E+00
 18611.00000  0.149025E+00 0.343211E+00 0.876962E+00 0.524894E+00
 18711.00000  0.128496E+00 0.326277E+00 0.846029E+00 0.549842E+00
 18811.00000  0.109195E+00 0.308097E+00 0.812926E+00 0.572353E+00
 18911.00000  0.912250E-01 0.288889E+00 0.777951E+00 0.592231E+00
 19011.00000  0.746798E-01 0.268876E+00 0.741407E+00 0.609310E+00
 19111.00000  0.596434E-01 0.248288E+00 0.703596E+00 0.623463E+00
 19311.00000  0.343788E-01 0.206298E+00 0.625378E+00 0.642642E+00
 19511.00000  0.158804E-01 0.164708E+00 0.545628E+00 0.649415E+00
 19711.00000  0.441215E-02 0.125212E+00 0.466534E+00 0.643954E+00
 19911.00000  0.494041E-04 0.893339E-01 0.390072E+00 0.626910E+00
 20111.00000  0.268128E-02 0.583744E-01 0.317962E+00 0.599338E+00
 20311.00000  0.120182E-01 0.333720E-01 0.251637E+00 0.562640E+00
 20511.00000  0.276042E-01 0.150710E-01 0.192217E+00 0.518461E+00
 20711.00000  0.488332E-01 0.390759E-02 0.140509E+00 0.468619E+00
 20911.00000  0.749693E-01 0.651566E-05 0.970016E-01 0.415005E+00
 21111.00000  0.105169E+00 0.319218E-02 0.618885E-01 0.359510E+00
 21311.00000  0.138510E+00 0.130100E-01 0.350854E-01 0.303951E+00
 21511.00000  0.174010E+00 0.287580E-01 0.162615E-01 0.250004E+00
 21711.00000  0.210664E+00 0.495263E-01 0.487549E-02 0.199156E+00
 21911.00000  0.247464E+00 0.742422E-01 0.213237E-03 0.152665E+00
 22111.00000  0.283430E+00 0.101720E+00 0.142937E-02 0.111533E+00
 22311.00000  0.317629E+00 0.130714E+00 0.758797E-02 0.764917E-01
 22511.00000  0.349205E+00 0.159963E+00 0.177025E-01 0.480036E-01
 22711.00000  0.377392E+00 0.188250E+00 0.307735E-01 0.262666E-01
 22911.00000  0.401533E+00 0.214436E+00 0.458225E-01 0.112325E-01
 23111.00000  0.421097E+00 0.237507E+00 0.619222E-01 0.263157E-02
 23311.00000  0.435677E+00 0.256604E+00 0.782211E-01 0.243752E-05
 23511.00000  0.445013E+00 0.271053E+00 0.939645E-01 0.272614E-02
 23711.00000  0.448973E+00 0.280375E+00 0.108507E+00 0.100623E-01
 23911.00000  0.447570E+00 0.284303E+00 0.121325E+00 0.211860E-01
 24111.00000  0.440943E+00 0.282782E+00 0.132018E+00 0.352239E-01
 24311.00000  0.429354E+00 0.275961E+00 0.140307E+00 0.512889E-01
 24511.00000  0.413177E+00 0.264182E+00 0.146037E+00 0.685112E-01
 24711.00000  0.392881E+00 0.247958E+00 0.149160E+00 0.860658E-01
 24911.00000  0.369020E+00 0.227953E+00 0.149728E+00 0.103197E+00
 25111.00000  0.342204E+00 0.204947E+00 0.147880E+00 0.119235E+00
 25311.00000  0.313097E+00 0.179808E+00 0.143828E+00 0.133614E+00
 25511.00000  0.282385E+00 0.153460E+00 0.137836E+00 0.145875E+00
 25711.00000  0.250766E+00 0.126844E+00 0.130210E+00 0.155680E+00
 25911.00000  0.218926E+00 0.100889E+00 0.121281E+00 0.162802E+00
 26111.00000  0.187529E+00 0.764805E-01 0.111388E+00 0.167129E+00
 26311.00000  0.157196E+00 0.544279E-01 0.100865E+00 0.168652E+00
 26511.00000  0.128496E+00 0.354447E-01 0.900343E-01 0.167461E+00
 26711.00000  0.101932E+00 0.201245E-01 0.791890E-01 0.163728E+00
 26911.00000  0.779326E-01 0.892678E-02 0.685920E-01 0.157694E+00
         IE==>      4            5            6            7
     1.00000  0.733843E-24 0.658004E-22 0.506108E-22 0.340542E-20
     2.00000  0.418737E-20 0.373863E-18 0.289715E-18 0.193543E-16
     3.00000  0.655527E-18 0.582788E-16 0.454989E-16 0.301784E-14
     4.00000  0.235439E-16 0.208425E-14 0.163931E-14 0.107958E-12
     5.00000  0.377444E-15 0.332719E-13 0.263634E-13 0.172386E-11
     6.00000  0.363296E-14 0.318892E-12 0.254546E-12 0.165267E-10
     7.00000  0.245913E-13 0.214944E-11 0.172837E-11 0.111426E-09
     8.00000  0.128650E-12 0.111974E-10 0.907000E-11 0.580622E-09
     9.00000  0.552829E-12 0.479138E-10 0.390950E-10 0.248516E-08
    10.00000  0.203412E-11 0.175555E-09 0.144288E-09 0.910800E-08
    11.00000  0.660150E-11 0.567350E-09 0.469697E-09 0.294426E-07
    12.00000  0.193153E-10 0.165304E-08 0.137844E-08 0.858067E-07
    13.00000  0.518050E-10 0.441497E-08 0.370818E-08 0.229235E-06
    14.00000  0.129023E-09 0.109497E-07 0.926300E-08 0.568678E-06
    15.00000  0.301463E-09 0.254771E-07 0.217075E-07 0.132351E-05
    16.00000  0.666290E-09 0.560742E-07 0.481194E-07 0.291375E-05
    17.00000  0.140245E-08 0.117536E-06 0.101582E-06 0.610902E-05
    18.00000  0.282705E-08 0.235944E-06 0.205368E-06 0.122664E-04
    19.00000  0.548328E-08 0.455728E-06 0.399484E-06 0.236987E-04
    20.00000  0.102737E-07 0.850328E-06 0.750652E-06 0.442296E-04
    21.00000  0.186579E-07 0.153787E-05 0.136717E-05 0.800116E-04
    22.00000  0.329391E-07 0.270375E-05 0.242052E-05 0.140704E-03
    23.00000  0.566719E-07 0.463260E-05 0.417637E-05 0.241142E-03
    24.00000  0.952328E-07 0.775260E-05 0.703790E-05 0.403646E-03
    25.00000  0.156605E-06 0.126962E-04 0.116059E-04 0.661196E-03
    26.00000  0.252443E-06 0.203816E-04 0.187608E-04 0.106170E-02
    27.00000  0.399498E-06 0.321220E-04 0.297720E-04 0.167366E-02
    28.00000  0.621506E-06 0.497676E-04 0.464448E-04 0.259367E-02
    29.00000  0.951648E-06 0.758917E-04 0.713118E-04 0.395607E-02
    30.00000  0.143575E-05 0.114029E-03 0.107882E-03 0.594548E-02
    31.00000  0.213637E-05 0.168980E-03 0.160963E-03 0.881264E-02
    32.00000  0.313799E-05 0.247191E-03 0.237069E-03 0.128945E-01
    33.00000  0.455359E-05 0.357242E-03 0.344941E-03 0.186394E-01
    34.00000  0.653282E-05 0.510431E-03 0.496195E-03 0.266383E-01
    35.00000  0.927217E-05 0.721520E-03 0.706133E-03 0.376630E-01
    36.00000  0.130275E-04 0.100963E-02 0.994751E-03 0.527139E-01
    37.00000  0.181294E-04 0.139933E-02 0.138796E-02 0.730767E-01
    38.00000  0.250018E-04 0.192196E-02 0.191912E-02 0.100392E+00
    39.00000  0.341846E-04 0.261725E-02 0.263083E-02 0.136740E+00
    40.00000  0.463611E-04 0.353517E-02 0.357716E-02 0.184738E+00
    42.00000  0.833445E-04 0.630415E-02 0.646386E-02 0.329577E+00
    44.00000  0.145680E-03 0.109308E-01 0.113559E-01 0.571697E+00
    46.00000  0.248208E-03 0.184747E-01 0.194456E-01 0.966657E+00
    48.00000  0.413117E-03 0.305038E-01 0.325265E-01 0.159671E+01
    50.00000  0.672985E-03 0.492964E-01 0.532486E-01 0.258145E+01
    52.00000  0.107486E-02 0.781090E-01 0.854617E-01 0.409186E+01
    54.00000  0.168567E-02 0.121525E+00 0.134674E+00 0.636876E+01
    56.00000  0.259925E-02 0.185907E+00 0.208656E+00 0.974657E+01
    58.00000  0.394551E-02 0.279973E+00 0.318228E+00 0.146837E+02
    60.00000  0.590214E-02 0.415522E+00 0.478271E+00 0.218009E+02
    62.00000  0.870942E-02 0.608352E+00 0.709028E+00 0.319296E+02
    64.00000  0.126889E-01 0.879385E+00 0.103774E+01 0.461714E+02
    66.00000  0.182667E-01 0.125606E+01 0.150069E+01 0.659718E+02
    68.00000  0.260021E-01 0.177405E+01 0.214581E+01 0.932102E+02
    70.00000  0.366235E-01 0.247931E+01 0.303578E+01 0.130309E+03
    72.00000  0.510709E-01 0.343058E+01 0.425202E+01 0.180366E+03
    74.00000  0.705495E-01 0.470238E+01 0.589939E+01 0.247313E+03
    76.00000  0.965923E-01 0.638859E+01 0.811202E+01 0.336104E+03
    78.00000  0.131137E+00 0.860667E+01 0.110603E+02 0.452939E+03
    80.00000  0.176619E+00 0.115027E+02 0.149594E+02 0.605531E+03
    82.00000  0.236075E+00 0.152571E+02 0.200791E+02 0.803417E+03
    84.00000  0.313276E+00 0.200919E+02 0.267561E+02 0.105832E+04
    86.00000  0.412879E+00 0.262780E+02 0.354080E+02 0.138457E+04
    88.00000  0.540600E+00 0.341453E+02 0.465501E+02 0.179959E+04
    90.00000  0.703423E+00 0.440924E+02 0.608149E+02 0.232448E+04
    92.00000  0.909845E+00 0.565997E+02 0.789756E+02 0.298465E+04
    94.00000  0.117015E+01 0.722430E+02 0.101973E+03 0.381057E+04
    96.00000  0.149675E+01 0.917100E+02 0.130945E+03 0.483863E+04
    98.00000  0.190453E+01 0.115818E+03 0.167267E+03 0.611211E+04
   100.00000  0.241132E+01 0.145537E+03 0.212591E+03 0.768232E+04
   102.00000  0.303836E+01 0.182008E+03 0.268893E+03 0.960981E+04
   104.00000  0.381087E+01 0.226579E+03 0.338533E+03 0.119659E+05
   106.00000  0.475874E+01 0.280826E+03 0.424315E+03 0.148340E+05
   108.00000  0.591720E+01 0.346591E+03 0.529564E+03 0.183120E+05
   110.00000  0.732771E+01 0.426023E+03 0.658204E+03 0.225135E+05
   112.00000  0.903889E+01 0.521615E+03 0.814859E+03 0.275708E+05
   114.00000  0.111076E+02 0.636255E+03 0.100496E+04 0.336370E+05
   116.00000  0.136001E+02 0.773280E+03 0.123485E+04 0.408891E+05
   118.00000  0.165935E+02 0.936533E+03 0.151197E+04 0.495308E+05
   122.00000  0.244548E+02 0.136004E+04 0.224385E+04 0.719545E+05
   126.00000  0.355879E+02 0.195036E+04 0.328775E+04 0.103221E+06
   130.00000  0.511823E+02 0.276429E+04 0.476025E+04 0.146342E+06
   134.00000  0.728033E+02 0.387517E+04 0.681589E+04 0.205210E+06
   138.00000  0.102495E+03 0.537704E+04 0.965795E+04 0.284816E+06
   142.00000  0.142907E+03 0.738957E+04 0.135518E+05 0.391509E+06
   146.00000  0.197451E+03 0.100640E+05 0.188414E+05 0.533317E+06
   150.00000  0.270491E+03 0.135906E+05 0.259700E+05 0.720329E+06
   154.00000  0.367581E+03 0.182067E+05 0.355049E+05 0.965149E+06
   158.00000  0.495749E+03 0.242078E+05 0.481691E+05 0.128345E+07
   162.00000  0.663848E+03 0.319596E+05 0.648788E+05 0.169462E+07
   166.00000  0.882979E+03 0.419124E+05 0.867897E+05 0.222255E+07
   170.00000  0.116700E+04 0.546191E+05 0.115353E+06 0.289654E+07
   174.00000  0.153315E+04 0.707553E+05 0.152385E+06 0.375241E+07
   178.00000  0.200277E+04 0.911439E+05 0.200146E+06 0.483376E+07
   182.00000  0.260223E+04 0.116784E+06 0.261446E+06 0.619352E+07
   186.00000  0.336399E+04 0.148887E+06 0.339759E+06 0.789576E+07
   190.00000  0.432795E+04 0.188914E+06 0.439379E+06 0.100179E+08
   194.00000  0.554295E+04 0.238629E+06 0.565591E+06 0.126531E+08
   198.00000  0.706873E+04 0.300153E+06 0.724887E+06 0.159137E+08
   202.00000  0.897818E+04 0.376033E+06 0.925227E+06 0.199341E+08
   206.00000  0.113600E+05 0.469324E+06 0.117635E+07 0.248757E+08
   210.00000  0.143223E+05 0.583683E+06 0.149015E+07 0.309314E+08
   214.00000  0.179959E+05 0.723483E+06 0.188113E+07 0.383319E+08
   218.00000  0.225399E+05 0.893953E+06 0.236697E+07 0.473529E+08
   222.00000  0.281473E+05 0.110134E+07 0.296920E+07 0.583235E+08
   226.00000  0.350517E+05 0.135311E+07 0.371400E+07 0.716363E+08
   230.00000  0.435361E+05 0.165817E+07 0.463321E+07 0.877602E+08
   234.00000  0.539437E+05 0.202718E+07 0.576556E+07 0.107255E+09
   238.00000  0.666896E+05 0.247284E+07 0.715809E+07 0.130788E+09
   242.00000  0.822772E+05 0.301037E+07 0.886804E+07 0.159157E+09
   246.00000  0.101316E+06 0.365793E+07 0.109650E+08 0.193316E+09
   250.00000  0.124547E+06 0.443731E+07 0.135336E+08 0.234404E+09
   254.00000  0.152867E+06 0.537459E+07 0.166769E+08 0.283789E+09
   258.00000  0.187368E+06 0.650111E+07 0.205208E+08 0.343107E+09
   262.00000  0.229380E+06 0.785452E+07 0.252188E+08 0.414328E+09
   266.00000  0.280523E+06 0.948022E+07 0.309585E+08 0.499820E+09
   270.00000  0.342776E+06 0.114330E+08 0.379698E+08 0.602442E+09
   274.00000  0.418561E+06 0.137790E+08 0.465348E+08 0.725645E+09
   282.00000  0.623275E+06 0.199894E+08 0.697923E+08 0.105141E+10
   290.00000  0.927605E+06 0.289863E+08 0.104593E+09 0.152261E+10
   298.00000  0.138182E+07 0.420762E+08 0.156859E+09 0.220704E+10
   306.00000  0.206348E+07 0.612325E+08 0.235768E+09 0.320695E+10
   314.00000  0.309331E+07 0.894635E+08 0.355671E+09 0.467786E+10
   322.00000  0.466048E+07 0.131381E+09 0.539153E+09 0.685773E+10
   330.00000  0.706072E+07 0.194030E+09 0.821683E+09 0.101092E+11
   338.00000  0.107475E+08 0.287927E+09 0.125794E+10 0.149723E+11
   346.00000  0.163765E+08 0.427743E+09 0.192748E+10 0.221973E+11
   354.00000  0.247589E+08 0.630540E+09 0.292984E+10 0.326509E+11
   362.00000  0.364989E+08 0.906384E+09 0.434174E+10 0.468288E+11
   370.00000  0.510224E+08 0.123558E+10 0.610024E+10 0.636862E+11
   378.00000  0.654393E+08 0.154546E+10 0.786246E+10 0.794612E+11
   386.00000  0.753713E+08 0.173602E+10 0.909901E+10 0.890291E+11
   394.00000  0.784282E+08 0.176188E+10 0.951183E+10 0.901121E+11
   402.00000  0.758876E+08 0.166285E+10 0.924495E+10 0.848087E+11
   410.00000  0.705607E+08 0.150814E+10 0.863332E+10 0.766941E+11
   418.00000  0.645943E+08 0.134676E+10 0.793655E+10 0.682798E+11
   426.00000  0.590474E+08 0.120096E+10 0.728456E+10 0.606966E+11
   434.00000  0.542745E+08 0.107689E+10 0.672214E+10 0.542487E+11
   442.00000  0.503036E+08 0.973729E+09 0.625412E+10 0.488861E+11
   450.00000  0.470445E+08 0.888427E+09 0.587054E+10 0.444475E+11
   458.00000  0.443796E+08 0.817677E+09 0.555782E+10 0.407598E+11
   466.00000  0.421987E+08 0.758561E+09 0.530298E+10 0.376715E+11
   474.00000  0.404080E+08 0.708697E+09 0.509496E+10 0.350591E+11
   482.00000  0.389319E+08 0.666202E+09 0.492473E+10 0.328253E+11
   490.00000  0.377097E+08 0.629601E+09 0.478506E+10 0.308940E+11
   498.00000  0.366936E+08 0.597747E+09 0.467022E+10 0.292062E+11
   506.00000  0.358456E+08 0.569744E+09 0.457563E+10 0.277159E+11
   514.00000  0.351355E+08 0.544886E+09 0.449765E+10 0.263869E+11
   522.00000  0.345389E+08 0.522615E+09 0.443333E+10 0.251905E+11
   530.00000  0.340360E+08 0.502486E+09 0.438028E+10 0.241041E+11
   538.00000  0.336110E+08 0.484143E+09 0.433656E+10 0.231094E+11
   546.00000  0.332508E+08 0.467298E+09 0.430058E+10 0.221920E+11
   554.00000  0.329446E+08 0.451720E+09 0.427101E+10 0.213399E+11
   562.00000  0.326835E+08 0.437218E+09 0.424680E+10 0.205437E+11
   570.00000  0.324604E+08 0.423639E+09 0.422701E+10 0.197954E+11
   578.00000  0.322688E+08 0.410853E+09 0.421090E+10 0.190886E+11
   586.00000  0.321037E+08 0.398754E+09 0.419781E+10 0.184181E+11
   596.00000  0.319278E+08 0.384464E+09 0.418488E+10 0.176241E+11
   606.00000  0.317792E+08 0.370971E+09 0.417494E+10 0.168728E+11
   616.00000  0.316521E+08 0.358163E+09 0.416727E+10 0.161587E+11
   626.00000  0.315419E+08 0.345950E+09 0.416130E+10 0.154773E+11
   636.00000  0.314446E+08 0.334258E+09 0.415651E+10 0.148250E+11
   646.00000  0.313568E+08 0.323028E+09 0.415250E+10 0.141989E+11
   656.00000  0.312759E+08 0.312211E+09 0.414892E+10 0.135965E+11
   666.00000  0.311997E+08 0.301767E+09 0.414550E+10 0.130161E+11
   676.00000  0.311262E+08 0.291664E+09 0.414200E+10 0.124560E+11
   686.00000  0.310541E+08 0.281876E+09 0.413824E+10 0.119149E+11
   696.00000  0.309821E+08 0.272382E+09 0.413407E+10 0.113918E+11
   706.00000  0.309092E+08 0.263161E+09 0.412936E+10 0.108858E+11
   716.00000  0.308344E+08 0.254200E+09 0.412399E+10 0.103962E+11
   726.00000  0.307571E+08 0.245486E+09 0.411790E+10 0.992229E+10
   736.00000  0.306770E+08 0.237008E+09 0.411102E+10 0.946361E+10
   746.00000  0.305935E+08 0.228758E+09 0.410332E+10 0.901972E+10
   756.00000  0.305064E+08 0.220728E+09 0.409476E+10 0.859022E+10
   766.00000  0.304156E+08 0.212912E+09 0.408533E+10 0.817474E+10
   776.00000  0.303207E+08 0.205304E+09 0.407501E+10 0.777297E+10
   786.00000  0.302218E+08 0.197898E+09 0.406379E+10 0.738462E+10
   796.00000  0.301188E+08 0.190691E+09 0.405167E+10 0.700940E+10
   806.00000  0.300117E+08 0.183677E+09 0.403867E+10 0.664706E+10
   816.00000  0.299005E+08 0.176853E+09 0.402480E+10 0.629736E+10
   826.00000  0.297852E+08 0.170215E+09 0.401006E+10 0.596004E+10
   836.00000  0.296659E+08 0.163760E+09 0.399448E+10 0.563487E+10
   846.00000  0.295426E+08 0.157484E+09 0.397805E+10 0.532161E+10
   856.00000  0.294154E+08 0.151382E+09 0.396081E+10 0.502001E+10
   866.00000  0.292843E+08 0.145453E+09 0.394276E+10 0.472985E+10
   876.00000  0.291494E+08 0.139692E+09 0.392392E+10 0.445090E+10
   886.00000  0.290108E+08 0.134098E+09 0.390433E+10 0.418293E+10
   896.00000  0.288687E+08 0.128666E+09 0.388399E+10 0.392573E+10
   906.00000  0.287230E+08 0.123393E+09 0.386293E+10 0.367905E+10
   916.00000  0.285739E+08 0.118277E+09 0.384116E+10 0.344268E+10
   926.00000  0.284215E+08 0.113314E+09 0.381871E+10 0.321638E+10
   936.00000  0.282658E+08 0.108501E+09 0.379561E+10 0.299994E+10
   946.00000  0.281070E+08 0.103837E+09 0.377187E+10 0.279313E+10
   956.00000  0.279453E+08 0.993167E+08 0.374751E+10 0.259574E+10
   966.00000  0.277807E+08 0.949387E+08 0.372258E+10 0.240754E+10
   976.00000  0.276133E+08 0.906998E+08 0.369708E+10 0.222832E+10
   986.00000  0.274433E+08 0.865973E+08 0.367105E+10 0.205785E+10
   996.00000  0.272707E+08 0.826282E+08 0.364449E+10 0.189591E+10
  1006.00000  0.270957E+08 0.787898E+08 0.361745E+10 0.174229E+10
  1016.00000  0.269184E+08 0.750794E+08 0.358993E+10 0.159678E+10
  1026.00000  0.267389E+08 0.714943E+08 0.356197E+10 0.145915E+10
  1036.00000  0.265574E+08 0.680319E+08 0.353358E+10 0.132920E+10
  1046.00000  0.263739E+08 0.646893E+08 0.350480E+10 0.120672E+10
  1056.00000  0.261885E+08 0.614640E+08 0.347563E+10 0.109149E+10
  1066.00000  0.260013E+08 0.583532E+08 0.344610E+10 0.983310E+09
  1076.00000  0.258123E+08 0.553543E+08 0.341622E+10 0.881974E+09
  1086.00000  0.256218E+08 0.524648E+08 0.338602E+10 0.787278E+09
  1096.00000  0.254297E+08 0.496820E+08 0.335552E+10 0.699023E+09
  1106.00000  0.252362E+08 0.470034E+08 0.332473E+10 0.617012E+09
  1116.00000  0.250414E+08 0.444267E+08 0.329367E+10 0.541051E+09
  1126.00000  0.248453E+08 0.419492E+08 0.326237E+10 0.470946E+09
  1136.00000  0.246479E+08 0.395686E+08 0.323083E+10 0.406508E+09
  1146.00000  0.244495E+08 0.372824E+08 0.319908E+10 0.347552E+09
  1156.00000  0.242500E+08 0.350883E+08 0.316712E+10 0.293893E+09
  1166.00000  0.240495E+08 0.329840E+08 0.313498E+10 0.245350E+09
  1176.00000  0.238481E+08 0.309671E+08 0.310267E+10 0.201747E+09
  1186.00000  0.236459E+08 0.290355E+08 0.307021E+10 0.162908E+09
  1196.00000  0.234430E+08 0.271869E+08 0.303762E+10 0.128662E+09
  1206.00000  0.232394E+08 0.254191E+08 0.300490E+10 0.988412E+08
  1216.00000  0.230352E+08 0.237300E+08 0.297209E+10 0.732786E+08
  1226.00000  0.228305E+08 0.221175E+08 0.293918E+10 0.518123E+08
  1236.00000  0.226253E+08 0.205795E+08 0.290620E+10 0.342828E+08
  1246.00000  0.224197E+08 0.191139E+08 0.287316E+10 0.205340E+08
  1256.00000  0.222138E+08 0.177188E+08 0.284007E+10 0.104126E+08
  1266.00000  0.220076E+08 0.163921E+08 0.280695E+10 0.376860E+07
  1276.00000  0.218013E+08 0.151320E+08 0.277380E+10 0.455163E+06
  1286.00000  0.215947E+08 0.139365E+08 0.274065E+10 0.328486E+06
  1296.00000  0.213881E+08 0.128037E+08 0.270751E+10 0.324792E+07
  1306.00000  0.211815E+08 0.117319E+08 0.267438E+10 0.907594E+07
  1316.00000  0.209749E+08 0.107191E+08 0.264127E+10 0.176781E+08
  1326.00000  0.207684E+08 0.976372E+07 0.260821E+10 0.289231E+08
  1336.00000  0.205620E+08 0.886389E+07 0.257519E+10 0.426827E+08
  1346.00000  0.203557E+08 0.801795E+07 0.254223E+10 0.588315E+08
  1356.00000  0.201497E+08 0.722424E+07 0.250934E+10 0.772474E+08
  1366.00000  0.199439E+08 0.648112E+07 0.247653E+10 0.978112E+08
  1376.00000  0.197384E+08 0.578699E+07 0.244380E+10 0.120407E+09
  1386.00000  0.195333E+08 0.514028E+07 0.241118E+10 0.144920E+09
  1396.00000  0.193286E+08 0.453945E+07 0.237865E+10 0.171242E+09
  1406.00000  0.191243E+08 0.398300E+07 0.234625E+10 0.199264E+09
  1416.00000  0.189204E+08 0.346944E+07 0.231396E+10 0.228882E+09
  1426.00000  0.187171E+08 0.299735E+07 0.228180E+10 0.259993E+09
  1436.00000  0.185143E+08 0.256530E+07 0.224978E+10 0.292499E+09
  1446.00000  0.183121E+08 0.217193E+07 0.221791E+10 0.326304E+09
  1456.00000  0.181105E+08 0.181587E+07 0.218619E+10 0.361313E+09
  1466.00000  0.179096E+08 0.149581E+07 0.215463E+10 0.397436E+09
  1476.00000  0.177093E+08 0.121045E+07 0.212323E+10 0.434586E+09
  1486.00000  0.175098E+08 0.958535E+06 0.209202E+10 0.472676E+09
  1496.00000  0.173111E+08 0.738826E+06 0.206098E+10 0.511623E+09
  1506.00000  0.171132E+08 0.550116E+06 0.203013E+10 0.551347E+09
  1516.00000  0.169160E+08 0.391225E+06 0.199947E+10 0.591770E+09
  1526.00000  0.167198E+08 0.261003E+06 0.196902E+10 0.632816E+09
  1536.00000  0.165244E+08 0.158323E+06 0.193876E+10 0.674413E+09
  1546.00000  0.163299E+08 0.820885E+05 0.190872E+10 0.716491E+09
  1556.00000  0.161364E+08 0.312260E+05 0.187889E+10 0.758981E+09
  1566.00000  0.159439E+08 0.468956E+04 0.184928E+10 0.801818E+09
  1576.00000  0.157523E+08 0.145824E+04 0.181990E+10 0.844937E+09
  1586.00000  0.155618E+08 0.205363E+05 0.179075E+10 0.888279E+09
  1596.00000  0.153724E+08 0.609529E+05 0.176183E+10 0.931783E+09
  1606.00000  0.151840E+08 0.121761E+06 0.173315E+10 0.975392E+09
  1616.00000  0.149967E+08 0.202039E+06 0.170470E+10 0.101905E+10
  1626.00000  0.148105E+08 0.300886E+06 0.167651E+10 0.106271E+10
  1636.00000  0.146254E+08 0.417427E+06 0.164856E+10 0.110632E+10
  1646.00000  0.144415E+08 0.550809E+06 0.162086E+10 0.114982E+10
  1656.00000  0.142587E+08 0.700201E+06 0.159341E+10 0.119318E+10
  1666.00000  0.140772E+08 0.864794E+06 0.156622E+10 0.123634E+10
  1676.00000  0.138968E+08 0.104380E+07 0.153929E+10 0.127927E+10
  1686.00000  0.137177E+08 0.123646E+07 0.151262E+10 0.132191E+10
  1696.00000  0.135398E+08 0.144202E+07 0.148622E+10 0.136425E+10
  1706.00000  0.133631E+08 0.165975E+07 0.146008E+10 0.140623E+10
  1716.00000  0.131877E+08 0.188897E+07 0.143421E+10 0.144781E+10
  1726.00000  0.130135E+08 0.212897E+07 0.140861E+10 0.148898E+10
  1736.00000  0.128407E+08 0.237909E+07 0.138328E+10 0.152968E+10
  1746.00000  0.126691E+08 0.263870E+07 0.135822E+10 0.156990E+10
  1756.00000  0.124988E+08 0.290715E+07 0.133343E+10 0.160960E+10
  1766.00000  0.123299E+08 0.318385E+07 0.130893E+10 0.164876E+10
  1776.00000  0.121623E+08 0.346821E+07 0.128469E+10 0.168735E+10
  1786.00000  0.119960E+08 0.375964E+07 0.126074E+10 0.172534E+10
  1796.00000  0.118311E+08 0.405760E+07 0.123706E+10 0.176271E+10
  1806.00000  0.116676E+08 0.436154E+07 0.121367E+10 0.179944E+10
  1816.00000  0.115054E+08 0.467095E+07 0.119055E+10 0.183551E+10
  1826.00000  0.113446E+08 0.498531E+07 0.116771E+10 0.187089E+10
  1836.00000  0.111851E+08 0.530415E+07 0.114515E+10 0.190558E+10
  1846.00000  0.110271E+08 0.562698E+07 0.112288E+10 0.193955E+10
  1856.00000  0.108704E+08 0.595335E+07 0.110088E+10 0.197279E+10
  1866.00000  0.107152E+08 0.628283E+07 0.107917E+10 0.200529E+10
  1876.00000  0.105613E+08 0.661497E+07 0.105773E+10 0.203702E+10
  1886.00000  0.104089E+08 0.694937E+07 0.103658E+10 0.206799E+10
  1896.00000  0.102579E+08 0.728563E+07 0.101571E+10 0.209817E+10
  1906.00000  0.101083E+08 0.762336E+07 0.995113E+09 0.212756E+10
  1916.00000  0.996008E+07 0.796219E+07 0.974799E+09 0.215615E+10
  1926.00000  0.981331E+07 0.830176E+07 0.954762E+09 0.218393E+10
  1936.00000  0.966795E+07 0.864173E+07 0.935004E+09 0.221090E+10
  1946.00000  0.952402E+07 0.898175E+07 0.915522E+09 0.223704E+10
  1956.00000  0.938151E+07 0.932153E+07 0.896316E+09 0.226235E+10
  1966.00000  0.924042E+07 0.966074E+07 0.877385E+09 0.228683E+10
  1976.00000  0.910076E+07 0.999908E+07 0.858728E+09 0.231048E+10
  1986.00000  0.896252E+07 0.103363E+08 0.840344E+09 0.233328E+10
  1996.00000  0.882571E+07 0.106721E+08 0.822232E+09 0.235525E+10
  2006.00000  0.869032E+07 0.110062E+08 0.804390E+09 0.237637E+10
  2016.00000  0.855634E+07 0.113383E+08 0.786816E+09 0.239665E+10
  2026.00000  0.842378E+07 0.116683E+08 0.769510E+09 0.241609E+10
  2036.00000  0.829264E+07 0.119959E+08 0.752470E+09 0.243469E+10
  2046.00000  0.816290E+07 0.123209E+08 0.735694E+09 0.245244E+10
  2056.00000  0.803458E+07 0.126430E+08 0.719181E+09 0.246936E+10
  2066.00000  0.790766E+07 0.129621E+08 0.702929E+09 0.248544E+10
  2076.00000  0.778215E+07 0.132779E+08 0.686937E+09 0.250069E+10
  2086.00000  0.765804E+07 0.135904E+08 0.671202E+09 0.251511E+10
  2096.00000  0.753532E+07 0.138993E+08 0.655724E+09 0.252870E+10
  2106.00000  0.741400E+07 0.142044E+08 0.640500E+09 0.254148E+10
  2116.00000  0.729407E+07 0.145056E+08 0.625529E+09 0.255345E+10
  2126.00000  0.717553E+07 0.148028E+08 0.610807E+09 0.256461E+10
  2136.00000  0.705836E+07 0.150957E+08 0.596335E+09 0.257496E+10
  2146.00000  0.694256E+07 0.153844E+08 0.582108E+09 0.258452E+10
  2156.00000  0.682814E+07 0.156686E+08 0.568126E+09 0.259330E+10
  2166.00000  0.671507E+07 0.159482E+08 0.554386E+09 0.260129E+10
  2176.00000  0.660336E+07 0.162231E+08 0.540887E+09 0.260852E+10
  2186.00000  0.649301E+07 0.164933E+08 0.527625E+09 0.261498E+10
  2196.00000  0.638400E+07 0.167586E+08 0.514600E+09 0.262068E+10
  2206.00000  0.627634E+07 0.170190E+08 0.501808E+09 0.262564E+10
  2216.00000  0.617000E+07 0.172743E+08 0.489248E+09 0.262987E+10
  2226.00000  0.606499E+07 0.175245E+08 0.476917E+09 0.263336E+10
  2236.00000  0.596130E+07 0.177695E+08 0.464813E+09 0.263614E+10
  2246.00000  0.585892E+07 0.180093E+08 0.452933E+09 0.263821E+10
  2256.00000  0.575784E+07 0.182437E+08 0.441276E+09 0.263959E+10
  2266.00000  0.565805E+07 0.184728E+08 0.429838E+09 0.264028E+10
  2276.00000  0.555955E+07 0.186964E+08 0.418618E+09 0.264028E+10
  2286.00000  0.546234E+07 0.189146E+08 0.407613E+09 0.263963E+10
  2296.00000  0.536639E+07 0.191273E+08 0.396821E+09 0.263832E+10
  2306.00000  0.527170E+07 0.193344E+08 0.386239E+09 0.263636E+10
  2316.00000  0.517827E+07 0.195360E+08 0.375865E+09 0.263377E+10
  2326.00000  0.508608E+07 0.197321E+08 0.365697E+09 0.263056E+10
  2336.00000  0.499514E+07 0.199225E+08 0.355731E+09 0.262674E+10
  2346.00000  0.490541E+07 0.201073E+08 0.345966E+09 0.262233E+10
  2356.00000  0.481691E+07 0.202864E+08 0.336399E+09 0.261732E+10
  2366.00000  0.472962E+07 0.204600E+08 0.327028E+09 0.261174E+10
  2376.00000  0.464353E+07 0.206279E+08 0.317850E+09 0.260559E+10
  2386.00000  0.455862E+07 0.207901E+08 0.308862E+09 0.259889E+10
  2396.00000  0.447490E+07 0.209467E+08 0.300063E+09 0.259165E+10
  2406.00000  0.439235E+07 0.210977E+08 0.291449E+09 0.258389E+10
  2416.00000  0.431097E+07 0.212430E+08 0.283019E+09 0.257560E+10
  2426.00000  0.423074E+07 0.213827E+08 0.274769E+09 0.256682E+10
  2436.00000  0.415165E+07 0.215169E+08 0.266698E+09 0.255754E+10
  2446.00000  0.407370E+07 0.216455E+08 0.258803E+09 0.254778E+10
  2456.00000  0.399687E+07 0.217685E+08 0.251082E+09 0.253755E+10
  2466.00000  0.392116E+07 0.218861E+08 0.243531E+09 0.252686E+10
  2476.00000  0.384655E+07 0.219981E+08 0.236149E+09 0.251574E+10
  2486.00000  0.377304E+07 0.221047E+08 0.228933E+09 0.250418E+10
  2496.00000  0.370062E+07 0.222059E+08 0.221881E+09 0.249219E+10
  2506.00000  0.362927E+07 0.223016E+08 0.214991E+09 0.247980E+10
  2516.00000  0.355898E+07 0.223920E+08 0.208259E+09 0.246702E+10
  2526.00000  0.348976E+07 0.224772E+08 0.201683E+09 0.245384E+10
  2536.00000  0.342157E+07 0.225570E+08 0.195262E+09 0.244030E+10
  2546.00000  0.335443E+07 0.226316E+08 0.188993E+09 0.242639E+10
  2556.00000  0.328831E+07 0.227011E+08 0.182873E+09 0.241213E+10
  2566.00000  0.322321E+07 0.227654E+08 0.176900E+09 0.239754E+10
  2576.00000  0.315911E+07 0.228246E+08 0.171072E+09 0.238261E+10
  2586.00000  0.309601E+07 0.228789E+08 0.165386E+09 0.236737E+10
  2596.00000  0.303389E+07 0.229281E+08 0.159841E+09 0.235183E+10
  2606.00000  0.297275E+07 0.229724E+08 0.154433E+09 0.233599E+10
  2616.00000  0.291258E+07 0.230119E+08 0.149160E+09 0.231987E+10
  2626.00000  0.285336E+07 0.230466E+08 0.144021E+09 0.230348E+10
  2636.00000  0.279508E+07 0.230765E+08 0.139013E+09 0.228683E+10
  2646.00000  0.273774E+07 0.231017E+08 0.134133E+09 0.226993E+10
  2656.00000  0.268132E+07 0.231222E+08 0.129380E+09 0.225278E+10
  2666.00000  0.262582E+07 0.231382E+08 0.124751E+09 0.223541E+10
  2676.00000  0.257122E+07 0.231497E+08 0.120245E+09 0.221781E+10
  2686.00000  0.251752E+07 0.231567E+08 0.115858E+09 0.220001E+10
  2696.00000  0.246470E+07 0.231594E+08 0.111589E+09 0.218201E+10
  2706.00000  0.241275E+07 0.231577E+08 0.107436E+09 0.216382E+10
  2716.00000  0.236167E+07 0.231518E+08 0.103397E+09 0.214545E+10
  2726.00000  0.231144E+07 0.231417E+08 0.994685E+08 0.212691E+10
  2736.00000  0.226206E+07 0.231275E+08 0.956499E+08 0.210821E+10
  2746.00000  0.221351E+07 0.231092E+08 0.919386E+08 0.208936E+10
  2756.00000  0.216578E+07 0.230869E+08 0.883326E+08 0.207037E+10
  2766.00000  0.211887E+07 0.230606E+08 0.848299E+08 0.205124E+10
  2776.00000  0.207276E+07 0.230305E+08 0.814286E+08 0.203199E+10
  2786.00000  0.202745E+07 0.229967E+08 0.781266E+08 0.201262E+10
  2796.00000  0.198292E+07 0.229590E+08 0.749221E+08 0.199315E+10
  2806.00000  0.193917E+07 0.229178E+08 0.718131E+08 0.197358E+10
  2816.00000  0.189618E+07 0.228729E+08 0.687977E+08 0.195392E+10
  2826.00000  0.185395E+07 0.228246E+08 0.658740E+08 0.193418E+10
  2836.00000  0.181247E+07 0.227728E+08 0.630402E+08 0.191436E+10
  2846.00000  0.177172E+07 0.227176E+08 0.602944E+08 0.189448E+10
  2856.00000  0.173170E+07 0.226591E+08 0.576349E+08 0.187454E+10
  2866.00000  0.169240E+07 0.225973E+08 0.550597E+08 0.185456E+10
  2876.00000  0.165381E+07 0.225324E+08 0.525672E+08 0.183452E+10
  2886.00000  0.161592E+07 0.224644E+08 0.501556E+08 0.181446E+10
  2896.00000  0.157871E+07 0.223933E+08 0.478231E+08 0.179436E+10
  2906.00000  0.154219E+07 0.223193E+08 0.455681E+08 0.177425E+10
  2916.00000  0.150634E+07 0.222424E+08 0.433888E+08 0.175412E+10
  2926.00000  0.147116E+07 0.221626E+08 0.412837E+08 0.173398E+10
  2936.00000  0.143662E+07 0.220801E+08 0.392510E+08 0.171384E+10
  2946.00000  0.140274E+07 0.219949E+08 0.372892E+08 0.169371E+10
  2956.00000  0.136949E+07 0.219070E+08 0.353967E+08 0.167359E+10
  2966.00000  0.133686E+07 0.218166E+08 0.335718E+08 0.165349E+10
  2976.00000  0.130486E+07 0.217237E+08 0.318130E+08 0.163341E+10
  2986.00000  0.127347E+07 0.216284E+08 0.301188E+08 0.161336E+10
  2996.00000  0.124267E+07 0.215307E+08 0.284878E+08 0.159334E+10
  3006.00000  0.121247E+07 0.214306E+08 0.269183E+08 0.157337E+10
  3016.00000  0.118286E+07 0.213284E+08 0.254089E+08 0.155344E+10
  3026.00000  0.115382E+07 0.212240E+08 0.239582E+08 0.153357E+10
  3036.00000  0.112534E+07 0.211174E+08 0.225648E+08 0.151375E+10
  3046.00000  0.109743E+07 0.210088E+08 0.212273E+08 0.149399E+10
  3056.00000  0.107007E+07 0.208983E+08 0.199442E+08 0.147430E+10
  3066.00000  0.104325E+07 0.207858E+08 0.187143E+08 0.145468E+10
  3076.00000  0.101697E+07 0.206714E+08 0.175361E+08 0.143513E+10
  3086.00000  0.991208E+06 0.205552E+08 0.164085E+08 0.141567E+10
  3096.00000  0.965969E+06 0.204373E+08 0.153300E+08 0.139628E+10
  3106.00000  0.941241E+06 0.203177E+08 0.142995E+08 0.137699E+10
  3116.00000  0.917017E+06 0.201965E+08 0.133156E+08 0.135779E+10
  3126.00000  0.893288E+06 0.200737E+08 0.123771E+08 0.133869E+10
  3136.00000  0.870047E+06 0.199495E+08 0.114829E+08 0.131968E+10
  3146.00000  0.847286E+06 0.198237E+08 0.106317E+08 0.130078E+10
  3156.00000  0.824998E+06 0.196966E+08 0.982238E+07 0.128199E+10
  3166.00000  0.803175E+06 0.195681E+08 0.905377E+07 0.126330E+10
  3176.00000  0.781811E+06 0.194383E+08 0.832476E+07 0.124473E+10
  3186.00000  0.760897E+06 0.193073E+08 0.763422E+07 0.122628E+10
  3196.00000  0.740426E+06 0.191751E+08 0.698108E+07 0.120794E+10
  3206.00000  0.720393E+06 0.190418E+08 0.636426E+07 0.118973E+10
  3216.00000  0.700788E+06 0.189074E+08 0.578271E+07 0.117165E+10
  3226.00000  0.681606E+06 0.187720E+08 0.523541E+07 0.115369E+10
  3236.00000  0.662840E+06 0.186357E+08 0.472134E+07 0.113587E+10
  3246.00000  0.644483E+06 0.184984E+08 0.423950E+07 0.111817E+10
  3256.00000  0.626528E+06 0.183602E+08 0.378894E+07 0.110062E+10
  3266.00000  0.608968E+06 0.182212E+08 0.336868E+07 0.108320E+10
  3276.00000  0.591796E+06 0.180815E+08 0.297779E+07 0.106592E+10
  3286.00000  0.575007E+06 0.179410E+08 0.261535E+07 0.104879E+10
  3296.00000  0.558594E+06 0.177998E+08 0.228047E+07 0.103179E+10
  3306.00000  0.542550E+06 0.176581E+08 0.197225E+07 0.101495E+10
  3316.00000  0.526870E+06 0.175157E+08 0.168983E+07 0.998250E+09
  3326.00000  0.511546E+06 0.173727E+08 0.143237E+07 0.981701E+09
  3336.00000  0.496573E+06 0.172293E+08 0.119904E+07 0.965303E+09
  3346.00000  0.481944E+06 0.170854E+08 0.989011E+06 0.949058E+09
  3356.00000  0.467654E+06 0.169411E+08 0.801496E+06 0.932966E+09
  3366.00000  0.453697E+06 0.167964E+08 0.635712E+06 0.917030E+09
  3376.00000  0.440067E+06 0.166514E+08 0.490897E+06 0.901250E+09
  3386.00000  0.426758E+06 0.165061E+08 0.366301E+06 0.885627E+09
  3396.00000  0.413764E+06 0.163606E+08 0.261192E+06 0.870163E+09
  3406.00000  0.401080E+06 0.162148E+08 0.174856E+06 0.854858E+09
  3416.00000  0.388699E+06 0.160689E+08 0.106592E+06 0.839713E+09
  3426.00000  0.376617E+06 0.159228E+08 0.557145E+05 0.824729E+09
  3436.00000  0.364829E+06 0.157766E+08 0.215546E+05 0.809907E+09
  3446.00000  0.353328E+06 0.156303E+08 0.345777E+04 0.795247E+09
  3456.00000  0.342109E+06 0.154840E+08 0.784316E+03 0.780749E+09
  3466.00000  0.331167E+06 0.153377E+08 0.129093E+05 0.766415E+09
  3476.00000  0.320498E+06 0.151914E+08 0.392221E+05 0.752245E+09
  3486.00000  0.310095E+06 0.150452E+08 0.791266E+05 0.738238E+09
  3496.00000  0.299954E+06 0.148991E+08 0.132040E+06 0.724396E+09
  3506.00000  0.290071E+06 0.147531E+08 0.197395E+06 0.710719E+09
  3516.00000  0.280439E+06 0.146073E+08 0.274636E+06 0.697206E+09
  3526.00000  0.271054E+06 0.144617E+08 0.363222E+06 0.683858E+09
  3536.00000  0.261912E+06 0.143163E+08 0.462625E+06 0.670675E+09
  3546.00000  0.253007E+06 0.141711E+08 0.572330E+06 0.657656E+09
  3556.00000  0.244336E+06 0.140262E+08 0.691835E+06 0.644802E+09
  3566.00000  0.235893E+06 0.138816E+08 0.820650E+06 0.632112E+09
  3576.00000  0.227674E+06 0.137373E+08 0.958299E+06 0.619587E+09
  3586.00000  0.219675E+06 0.135934E+08 0.110432E+07 0.607225E+09
  3596.00000  0.211891E+06 0.134499E+08 0.125825E+07 0.595028E+09
  3606.00000  0.204317E+06 0.133067E+08 0.141966E+07 0.582993E+09
  3616.00000  0.196951E+06 0.131640E+08 0.158811E+07 0.571121E+09
  3626.00000  0.189787E+06 0.130218E+08 0.176319E+07 0.559412E+09
  3636.00000  0.182821E+06 0.128800E+08 0.194449E+07 0.547865E+09
  3646.00000  0.176050E+06 0.127387E+08 0.213162E+07 0.536479E+09
  3656.00000  0.169469E+06 0.125979E+08 0.232420E+07 0.525254E+09
  3666.00000  0.163074E+06 0.124577E+08 0.252184E+07 0.514189E+09
  3676.00000  0.156862E+06 0.123180E+08 0.272419E+07 0.503284E+09
  3686.00000  0.150828E+06 0.121790E+08 0.293089E+07 0.492537E+09
  3696.00000  0.144970E+06 0.120405E+08 0.314160E+07 0.481949E+09
  3706.00000  0.139282E+06 0.119026E+08 0.335599E+07 0.471518E+09
  3716.00000  0.133763E+06 0.117654E+08 0.357374E+07 0.461243E+09
  3726.00000  0.128407E+06 0.116288E+08 0.379453E+07 0.451124E+09
  3736.00000  0.123211E+06 0.114929E+08 0.401806E+07 0.441159E+09
  3746.00000  0.118173E+06 0.113577E+08 0.424404E+07 0.431349E+09
  3756.00000  0.113288E+06 0.112231E+08 0.447217E+07 0.421691E+09
  3766.00000  0.108553E+06 0.110893E+08 0.470220E+07 0.412185E+09
  3776.00000  0.103965E+06 0.109563E+08 0.493384E+07 0.402830E+09
  3786.00000  0.995208E+05 0.108240E+08 0.516684E+07 0.393625E+09
  3796.00000  0.952168E+05 0.106924E+08 0.540094E+07 0.384568E+09
  3806.00000  0.910501E+05 0.105616E+08 0.563592E+07 0.375659E+09
  3816.00000  0.870175E+05 0.104316E+08 0.587153E+07 0.366897E+09
  3826.00000  0.831159E+05 0.103024E+08 0.610755E+07 0.358280E+09
  3836.00000  0.793425E+05 0.101740E+08 0.634376E+07 0.349808E+09
  3846.00000  0.756942E+05 0.100465E+08 0.657995E+07 0.341479E+09
  3856.00000  0.721680E+05 0.991975E+07 0.681592E+07 0.333291E+09
  3866.00000  0.687613E+05 0.979387E+07 0.705146E+07 0.325245E+09
  3876.00000  0.654711E+05 0.966885E+07 0.728640E+07 0.317338E+09
  3886.00000  0.622947E+05 0.954468E+07 0.752056E+07 0.309569E+09
  3896.00000  0.592294E+05 0.942139E+07 0.775375E+07 0.301937E+09
  3906.00000  0.562726E+05 0.929899E+07 0.798581E+07 0.294440E+09
  3916.00000  0.534216E+05 0.917747E+07 0.821657E+07 0.287079E+09
  3926.00000  0.506739E+05 0.905684E+07 0.844590E+07 0.279850E+09
  3936.00000  0.480269E+05 0.893713E+07 0.867362E+07 0.272753E+09
  3946.00000  0.454781E+05 0.881833E+07 0.889961E+07 0.265786E+09
  3956.00000  0.430252E+05 0.870044E+07 0.912373E+07 0.258949E+09
  3966.00000  0.406658E+05 0.858348E+07 0.934585E+07 0.252240E+09
  3976.00000  0.383974E+05 0.846746E+07 0.956584E+07 0.245657E+09
  3986.00000  0.362178E+05 0.835236E+07 0.978358E+07 0.239199E+09
  3996.00000  0.341248E+05 0.823822E+07 0.999896E+07 0.232864E+09
  4006.00000  0.321161E+05 0.812501E+07 0.102119E+08 0.226652E+09
  4016.00000  0.301895E+05 0.801276E+07 0.104222E+08 0.220561E+09
  4026.00000  0.283430E+05 0.790147E+07 0.106299E+08 0.214590E+09
  4036.00000  0.265743E+05 0.779113E+07 0.108348E+08 0.208737E+09
  4046.00000  0.248815E+05 0.768175E+07 0.110369E+08 0.203000E+09
  4056.00000  0.232624E+05 0.757334E+07 0.112360E+08 0.197379E+09
  4066.00000  0.217153E+05 0.746590E+07 0.114321E+08 0.191872E+09
  4076.00000  0.202380E+05 0.735942E+07 0.116251E+08 0.186477E+09
  4086.00000  0.188288E+05 0.725392E+07 0.118150E+08 0.181194E+09
  4096.00000  0.174857E+05 0.714940E+07 0.120017E+08 0.176020E+09
  4106.00000  0.162069E+05 0.704585E+07 0.121850E+08 0.170955E+09
  4116.00000  0.149906E+05 0.694328E+07 0.123651E+08 0.165997E+09
  4126.00000  0.138350E+05 0.684169E+07 0.125417E+08 0.161144E+09
  4136.00000  0.127385E+05 0.674108E+07 0.127149E+08 0.156395E+09
  4146.00000  0.116993E+05 0.664144E+07 0.128846E+08 0.151749E+09
  4156.00000  0.107158E+05 0.654279E+07 0.130508E+08 0.147205E+09
  4166.00000  0.978630E+04 0.644512E+07 0.132134E+08 0.142760E+09
  4176.00000  0.890930E+04 0.634843E+07 0.133724E+08 0.138414E+09
  4186.00000  0.808320E+04 0.625272E+07 0.135278E+08 0.134165E+09
  4196.00000  0.730648E+04 0.615798E+07 0.136795E+08 0.130012E+09
  4206.00000  0.657765E+04 0.606423E+07 0.138275E+08 0.125954E+09
  4216.00000  0.589524E+04 0.597145E+07 0.139718E+08 0.121988E+09
  4226.00000  0.525783E+04 0.587964E+07 0.141124E+08 0.118114E+09
  4236.00000  0.466401E+04 0.578881E+07 0.142493E+08 0.114330E+09
  4246.00000  0.411241E+04 0.569895E+07 0.143823E+08 0.110636E+09
  4256.00000  0.360169E+04 0.561006E+07 0.145116E+08 0.107028E+09
  4266.00000  0.313053E+04 0.552214E+07 0.146372E+08 0.103507E+09
  4276.00000  0.269765E+04 0.543518E+07 0.147589E+08 0.100071E+09
  4286.00000  0.230179E+04 0.534919E+07 0.148768E+08 0.967187E+08
  4296.00000  0.194172E+04 0.526415E+07 0.149910E+08 0.934484E+08
  4306.00000  0.161624E+04 0.518007E+07 0.151013E+08 0.902590E+08
  4316.00000  0.132417E+04 0.509694E+07 0.152079E+08 0.871492E+08
  4326.00000  0.106437E+04 0.501476E+07 0.153107E+08 0.841176E+08
  4336.00000  0.835708E+03 0.493353E+07 0.154097E+08 0.811631E+08
  4346.00000  0.637086E+03 0.485324E+07 0.155050E+08 0.782843E+08
  4356.00000  0.467432E+03 0.477389E+07 0.155965E+08 0.754800E+08
  4366.00000  0.325696E+03 0.469548E+07 0.156843E+08 0.727488E+08
  4376.00000  0.210855E+03 0.461799E+07 0.157683E+08 0.700895E+08
  4386.00000  0.121908E+03 0.454143E+07 0.158486E+08 0.675009E+08
  4396.00000  0.578771E+02 0.446579E+07 0.159253E+08 0.649818E+08
  4406.00000  0.178085E+02 0.439107E+07 0.159982E+08 0.625308E+08
  4416.00000  0.770482E+00 0.431726E+07 0.160676E+08 0.601469E+08
  4426.00000  0.585350E+01 0.424435E+07 0.161333E+08 0.578288E+08
  4436.00000  0.321700E+02 0.417236E+07 0.161954E+08 0.555753E+08
  4446.00000  0.788540E+02 0.410125E+07 0.162539E+08 0.533852E+08
  4456.00000  0.145060E+03 0.403105E+07 0.163088E+08 0.512574E+08
  4466.00000  0.229965E+03 0.396173E+07 0.163603E+08 0.491906E+08
  4476.00000  0.332765E+03 0.389329E+07 0.164083E+08 0.471839E+08
  4486.00000  0.452675E+03 0.382573E+07 0.164528E+08 0.452359E+08
  4511.00000  0.822343E+03 0.366062E+07 0.165491E+08 0.406158E+08
  4536.00000  0.128281E+04 0.350087E+07 0.166245E+08 0.363390E+08
  4561.00000  0.182339E+04 0.334638E+07 0.166795E+08 0.323886E+08
  4586.00000  0.243408E+04 0.319707E+07 0.167148E+08 0.287484E+08
  4611.00000  0.310551E+04 0.305283E+07 0.167309E+08 0.254023E+08
  4636.00000  0.382899E+04 0.291356E+07 0.167285E+08 0.223352E+08
  4661.00000  0.459639E+04 0.277917E+07 0.167082E+08 0.195319E+08
  4686.00000  0.540015E+04 0.264956E+07 0.166708E+08 0.169781E+08
  4711.00000  0.623327E+04 0.252461E+07 0.166168E+08 0.146598E+08
  4736.00000  0.708925E+04 0.240422E+07 0.165469E+08 0.125635E+08
  4761.00000  0.796210E+04 0.228830E+07 0.164620E+08 0.106763E+08
  4786.00000  0.884629E+04 0.217673E+07 0.163626E+08 0.898555E+07
  4811.00000  0.973670E+04 0.206940E+07 0.162494E+08 0.747926E+07
  4836.00000  0.106287E+05 0.196621E+07 0.161233E+08 0.614581E+07
  4861.00000  0.115179E+05 0.186706E+07 0.159847E+08 0.497406E+07
  4886.00000  0.124005E+05 0.177183E+07 0.158345E+08 0.395330E+07
  4911.00000  0.132729E+05 0.168042E+07 0.156734E+08 0.307331E+07
  4936.00000  0.141319E+05 0.159273E+07 0.155019E+08 0.232426E+07
  4961.00000  0.149746E+05 0.150865E+07 0.153207E+08 0.169678E+07
  4986.00000  0.157984E+05 0.142807E+07 0.151306E+08 0.118189E+07
  5011.00000  0.166009E+05 0.135090E+07 0.149322E+08 0.771050E+06
  5036.00000  0.173801E+05 0.127702E+07 0.147260E+08 0.456097E+06
  5061.00000  0.181341E+05 0.120635E+07 0.145127E+08 0.229268E+06
  5086.00000  0.188615E+05 0.113877E+07 0.142929E+08 0.831807E+05
  5111.00000  0.195607E+05 0.107420E+07 0.140672E+08 0.108219E+05
  5136.00000  0.202307E+05 0.101253E+07 0.138361E+08 0.553868E+04
  5161.00000  0.208705E+05 0.953674E+06 0.136002E+08 0.610277E+05
  5186.00000  0.214793E+05 0.897532E+06 0.133601E+08 0.171325E+06
  5211.00000  0.220563E+05 0.844014E+06 0.131162E+08 0.330795E+06
  5236.00000  0.226013E+05 0.793029E+06 0.128691E+08 0.534120E+06
  5261.00000  0.231137E+05 0.744488E+06 0.126191E+08 0.776291E+06
  5286.00000  0.235935E+05 0.698305E+06 0.123669E+08 0.105259E+07
  5311.00000  0.240405E+05 0.654393E+06 0.121128E+08 0.135860E+07
  5336.00000  0.244547E+05 0.612671E+06 0.118573E+08 0.169016E+07
  5361.00000  0.248363E+05 0.573055E+06 0.116007E+08 0.204338E+07
  5386.00000  0.251854E+05 0.535466E+06 0.113435E+08 0.241464E+07
  5411.00000  0.255025E+05 0.499826E+06 0.110860E+08 0.280054E+07
  5436.00000  0.257878E+05 0.466060E+06 0.108286E+08 0.319794E+07
  5461.00000  0.260418E+05 0.434093E+06 0.105716E+08 0.360391E+07
  5511.00000  0.264581E+05 0.375271E+06 0.100602E+08 0.443090E+07
  5561.00000  0.267563E+05 0.322805E+06 0.955404E+07 0.526225E+07
  5611.00000  0.269418E+05 0.276173E+06 0.905531E+07 0.608166E+07
  5661.00000  0.270208E+05 0.234879E+06 0.856582E+07 0.687558E+07
  5711.00000  0.269998E+05 0.198460E+06 0.808721E+07 0.763292E+07
  5761.00000  0.268857E+05 0.166480E+06 0.762085E+07 0.834477E+07
  5811.00000  0.266852E+05 0.138531E+06 0.716790E+07 0.900420E+07
  5861.00000  0.264057E+05 0.114232E+06 0.672935E+07 0.960603E+07
  5911.00000  0.260541E+05 0.932296E+05 0.630598E+07 0.101466E+08
  5961.00000  0.256373E+05 0.751936E+05 0.589841E+07 0.106236E+08
  6011.00000  0.251622E+05 0.598194E+05 0.550710E+07 0.110359E+08
  6061.00000  0.246354E+05 0.468248E+05 0.513238E+07 0.113834E+08
  6111.00000  0.240634E+05 0.359498E+05 0.477442E+07 0.116668E+08
  6161.00000  0.234523E+05 0.269554E+05 0.443331E+07 0.118876E+08
  6211.00000  0.228080E+05 0.196222E+05 0.410902E+07 0.120478E+08
  6261.00000  0.221360E+05 0.137494E+05 0.380141E+07 0.121500E+08
  6311.00000  0.214415E+05 0.915397E+04 0.351028E+07 0.121971E+08
  6361.00000  0.207295E+05 0.566920E+04 0.323534E+07 0.121923E+08
  6411.00000  0.200045E+05 0.314396E+04 0.297626E+07 0.121392E+08
  6461.00000  0.192709E+05 0.144153E+04 0.273263E+07 0.120412E+08
  6511.00000  0.185323E+05 0.438658E+03 0.250401E+07 0.119021E+08
  6561.00000  0.177926E+05 0.246266E+02 0.228992E+07 0.117255E+08
  6611.00000  0.170548E+05 0.100312E+03 0.208984E+07 0.115153E+08
  6661.00000  0.163220E+05 0.577326E+03 0.190325E+07 0.112751E+08
  6711.00000  0.155969E+05 0.137719E+04 0.172960E+07 0.110084E+08
  6761.00000  0.148818E+05 0.243052E+04 0.156831E+07 0.107187E+08
  6811.00000  0.141787E+05 0.367632E+04 0.141883E+07 0.104094E+08
  6861.00000  0.134897E+05 0.506122E+04 0.128056E+07 0.100836E+08
  6911.00000  0.128162E+05 0.653885E+04 0.115296E+07 0.974434E+07
  6961.00000  0.121596E+05 0.806918E+04 0.103543E+07 0.939450E+07
  7011.00000  0.115211E+05 0.961793E+04 0.927431E+06 0.903671E+07
  7061.00000  0.109017E+05 0.111561E+05 0.828402E+06 0.867346E+07
  7111.00000  0.103021E+05 0.126592E+05 0.737807E+06 0.830702E+07
  7161.00000  0.972286E+04 0.141072E+05 0.655122E+06 0.793950E+07
  7211.00000  0.916452E+04 0.154836E+05 0.579838E+06 0.757280E+07
  7261.00000  0.862735E+04 0.167754E+05 0.511464E+06 0.720866E+07
  7311.00000  0.811152E+04 0.179727E+05 0.449527E+06 0.684864E+07
  7361.00000  0.761707E+04 0.190678E+05 0.393573E+06 0.649413E+07
  7411.00000  0.714395E+04 0.200558E+05 0.343168E+06 0.614634E+07
  7511.00000  0.626103E+04 0.216995E+05 0.257363E+06 0.547507E+07
  7611.00000  0.546056E+04 0.228981E+05 0.189036E+06 0.484164E+07
  7711.00000  0.473933E+04 0.236668E+05 0.135426E+06 0.425080E+07
  7811.00000  0.409332E+04 0.240349E+05 0.940873E+05 0.370546E+07
  7911.00000  0.351799E+04 0.240411E+05 0.628687E+05 0.320705E+07
  8011.00000  0.300844E+04 0.237300E+05 0.398993E+05 0.275570E+07
  8111.00000  0.255958E+04 0.231482E+05 0.235659E+05 0.235055E+07
  8211.00000  0.216631E+04 0.223428E+05 0.124917E+05 0.198994E+07
  8311.00000  0.182355E+04 0.213590E+05 0.551301E+04 0.167161E+07
  8411.00000  0.152639E+04 0.202393E+05 0.165670E+04 0.139287E+07
  8511.00000  0.127013E+04 0.190226E+05 0.118157E+03 0.115076E+07
  8611.00000  0.105033E+04 0.177437E+05 0.240184E+03 0.942187E+06
  8711.00000  0.862827E+03 0.164330E+05 0.149337E+04 0.763982E+06
  8811.00000  0.703786E+03 0.151168E+05 0.345794E+04 0.613022E+06
  8911.00000  0.569672E+03 0.138168E+05 0.580722E+04 0.486275E+06
  9011.00000  0.457271E+03 0.125510E+05 0.829276E+04 0.380855E+06
  9111.00000  0.363677E+03 0.113336E+05 0.107311E+05 0.294053E+06
  9211.00000  0.286282E+03 0.101754E+05 0.129921E+05 0.223358E+06
  9311.00000  0.222763E+03 0.908430E+04 0.149889E+05 0.166477E+06
  9411.00000  0.171058E+03 0.806558E+04 0.166687E+05 0.121331E+06
  9511.00000  0.129354E+03 0.712224E+04 0.180061E+05 0.860585E+05
  9611.00000  0.960643E+02 0.625540E+04 0.189957E+05 0.590085E+05
  9711.00000  0.698065E+02 0.546461E+04 0.196479E+05 0.387312E+05
  9811.00000  0.493857E+02 0.474815E+04 0.199835E+05 0.239649E+05
  9911.00000  0.337740E+02 0.410332E+04 0.200311E+05 0.136225E+05
 10011.00000  0.220923E+02 0.352667E+04 0.198234E+05 0.677605E+04
 10111.00000  0.135934E+02 0.301419E+04 0.193955E+05 0.264154E+04
 10211.00000  0.764582E+01 0.256153E+04 0.187830E+05 0.563632E+03
 10311.00000  0.371953E+01 0.216411E+04 0.180205E+05 0.734636E+00
 10411.00000  0.137240E+01 0.181729E+04 0.171410E+05 0.510881E+03
 10511.00000  0.238266E+00 0.151645E+04 0.161749E+05 0.173846E+04
 10611.00000  0.160966E-01 0.125708E+04 0.151499E+05 0.340200E+04
 10711.00000  0.460464E+00 0.103485E+04 0.140904E+05 0.528296E+04
 10811.00000  0.137307E+01 0.845644E+03 0.130178E+05 0.721575E+04
 10911.00000  0.259530E+01 0.685607E+03 0.119503E+05 0.907872E+04
 11011.00000  0.400183E+01 0.551159E+03 0.109031E+05 0.107863E+05
 11111.00000  0.549493E+01 0.439009E+03 0.988855E+04 0.122821E+05
 11211.00000  0.699973E+01 0.346162E+03 0.891651E+04 0.135329E+05
 11311.00000  0.846007E+01 0.269910E+03 0.799435E+04 0.145238E+05
 11411.00000  0.983498E+01 0.207828E+03 0.712740E+04 0.152536E+05
 11511.00000  0.110958E+02 0.157758E+03 0.631913E+04 0.157314E+05
 11611.00000  0.122236E+02 0.117798E+03 0.557144E+04 0.159736E+05
 11711.00000  0.132072E+02 0.862786E+02 0.488488E+04 0.160016E+05
 11811.00000  0.140415E+02 0.617500E+02 0.425888E+04 0.158396E+05
 11911.00000  0.147259E+02 0.429604E+02 0.369196E+04 0.155131E+05
 12011.00000  0.152633E+02 0.288377E+02 0.318194E+04 0.150481E+05
 12111.00000  0.156592E+02 0.184701E+02 0.272606E+04 0.144699E+05
 12211.00000  0.159209E+02 0.110890E+02 0.232118E+04 0.138022E+05
 12311.00000  0.160570E+02 0.605150E+01 0.196388E+04 0.130674E+05
 12411.00000  0.160767E+02 0.282479E+01 0.165059E+04 0.122855E+05
 12511.00000  0.159897E+02 0.971318E+00 0.137765E+04 0.114746E+05
 12611.00000  0.158060E+02 0.135499E+00 0.114144E+04 0.106502E+05
 12711.00000  0.155353E+02 0.316106E-01 0.938392E+03 0.982611E+04
 12811.00000  0.151874E+02 0.432965E+00 0.765067E+03 0.901359E+04
 12911.00000  0.147716E+02 0.116231E+01 0.618191E+03 0.822211E+04
 13011.00000  0.142969E+02 0.208340E+01 0.494679E+03 0.745924E+04
 13111.00000  0.137718E+02 0.309365E+01 0.391654E+03 0.673090E+04
 13211.00000  0.132046E+02 0.411783E+01 0.306460E+03 0.604146E+04
 13311.00000  0.126029E+02 0.510261E+01 0.236667E+03 0.539401E+04
 13411.00000  0.119740E+02 0.601202E+01 0.180074E+03 0.479047E+04
 13511.00000  0.113248E+02 0.682357E+01 0.134700E+03 0.423177E+04
 13611.00000  0.106615E+02 0.752510E+01 0.987775E+02 0.371799E+04
 13711.00000  0.999020E+01 0.811216E+01 0.707462E+02 0.324856E+04
 13811.00000  0.931639E+01 0.858583E+01 0.492364E+02 0.282228E+04
 13911.00000  0.864518E+01 0.895112E+01 0.330579E+02 0.243757E+04
 14011.00000  0.798131E+01 0.921558E+01 0.211849E+02 0.209245E+04
 14111.00000  0.732907E+01 0.938822E+01 0.127419E+02 0.178473E+04
 14211.00000  0.669241E+01 0.947885E+01 0.698859E+01 0.151203E+04
 14311.00000  0.607487E+01 0.949737E+01 0.330565E+01 0.127186E+04
 14411.00000  0.547961E+01 0.945342E+01 0.118091E+01 0.106170E+04
 14511.00000  0.490942E+01 0.935612E+01 0.196079E+00 0.879001E+03
 14611.00000  0.436671E+01 0.921384E+01 0.143601E-01 0.721281E+03
 14711.00000  0.385351E+01 0.903411E+01 0.368936E+00 0.586115E+03
 14811.00000  0.337151E+01 0.882362E+01 0.105246E+01 0.471180E+03
 14911.00000  0.292201E+01 0.858818E+01 0.190750E+01 0.374266E+03
 15011.00000  0.250595E+01 0.833280E+01 0.281799E+01 0.293289E+03
 15111.00000  0.212398E+01 0.806172E+01 0.370166E+01 0.226310E+03
 15211.00000  0.177634E+01 0.777849E+01 0.450341E+01 0.171529E+03
 15311.00000  0.146301E+01 0.748605E+01 0.518950E+01 0.127293E+03
 15411.00000  0.118362E+01 0.718683E+01 0.574274E+01 0.920966E+02
 15511.00000  0.937547E+00 0.688279E+01 0.615822E+01 0.645772E+02
 15611.00000  0.723864E+00 0.657551E+01 0.643997E+01 0.435112E+02
 15711.00000  0.541414E+00 0.626630E+01 0.659808E+01 0.278093E+02
 15811.00000  0.388811E+00 0.595622E+01 0.664647E+01 0.165085E+02
 15911.00000  0.264465E+00 0.564616E+01 0.660107E+01 0.876531E+01
 16011.00000  0.166616E+00 0.533691E+01 0.647855E+01 0.384763E+01
 16111.00000  0.933543E-01 0.502914E+01 0.629525E+01 0.112591E+01
 16211.00000  0.426533E-01 0.472352E+01 0.606651E+01 0.647768E-01
 16311.00000  0.123964E-01 0.442069E+01 0.580621E+01 0.214362E+00
 16411.00000  0.406095E-03 0.412132E+01 0.552654E+01 0.120177E+01
 16511.00000  0.447238E-02 0.382610E+01 0.523783E+01 0.272279E+01
 16611.00000  0.223804E-01 0.353578E+01 0.494865E+01 0.453392E+01
 16711.00000  0.519367E-01 0.325114E+01 0.466582E+01 0.644479E+01
 16811.00000  0.909947E-01 0.297304E+01 0.439457E+01 0.831097E+01
 16911.00000  0.137478E+00 0.270236E+01 0.413876E+01 0.100273E+02
 17011.00000  0.189401E+00 0.244004E+01 0.390103E+01 0.115219E+02
 17111.00000  0.244889E+00 0.218701E+01 0.368298E+01 0.127500E+02
 17211.00000  0.302194E+00 0.194426E+01 0.348541E+01 0.136896E+02
 17311.00000  0.359710E+00 0.171274E+01 0.330843E+01 0.143363E+02
 17411.00000  0.415982E+00 0.149338E+01 0.315163E+01 0.146992E+02
 17511.00000  0.469717E+00 0.128707E+01 0.301424E+01 0.147980E+02
 17611.00000  0.519789E+00 0.109462E+01 0.289516E+01 0.146592E+02
 17711.00000  0.565243E+00 0.916775E+00 0.279310E+01 0.143140E+02
 17811.00000  0.605292E+00 0.754157E+00 0.270664E+01 0.137957E+02
 17911.00000  0.639324E+00 0.607273E+00 0.263424E+01 0.131385E+02
 18011.00000  0.666887E+00 0.476483E+00 0.257431E+01 0.123756E+02
 18111.00000  0.687687E+00 0.362002E+00 0.252523E+01 0.115383E+02
 18211.00000  0.701586E+00 0.263880E+00 0.248534E+01 0.106552E+02
 18311.00000  0.708583E+00 0.182000E+00 0.245298E+01 0.975187E+01
 18411.00000  0.708805E+00 0.116070E+00 0.242649E+01 0.885024E+01
 18511.00000  0.702501E+00 0.656311E-01 0.240422E+01 0.796871E+01
 18611.00000  0.690022E+00 0.300545E-01 0.238456E+01 0.712205E+01
 18711.00000  0.671807E+00 0.855287E-02 0.236589E+01 0.632163E+01
 18811.00000  0.648372E+00 0.190468E-03 0.234671E+01 0.557568E+01
 18911.00000  0.620297E+00 0.389737E-02 0.232552E+01 0.488954E+01
 19011.00000  0.588205E+00 0.184865E-01 0.230097E+01 0.426604E+01
 19111.00000  0.552753E+00 0.426729E-01 0.227178E+01 0.370591E+01
 19311.00000  0.474491E+00 0.114338E+00 0.219519E+01 0.277027E+01
 19511.00000  0.390940E+00 0.207498E+00 0.208884E+01 0.205992E+01
 19711.00000  0.307286E+00 0.310654E+00 0.194903E+01 0.154054E+01
 19911.00000  0.228167E+00 0.412953E+00 0.177568E+01 0.117447E+01
 20111.00000  0.157461E+00 0.504844E+00 0.157245E+01 0.926389E+00
 20311.00000  0.981358E-01 0.578634E+00 0.134641E+01 0.766537E+00
 20511.00000  0.521896E-01 0.628850E+00 0.110747E+01 0.671709E+00
 20711.00000  0.206486E-01 0.652438E+00 0.867376E+00 0.624805E+00
 20911.00000  0.362736E-02 0.648750E+00 0.638560E+00 0.613422E+00
 21111.00000  0.434570E-03 0.619365E+00 0.432939E+00 0.628142E+00
 21311.00000  0.971003E-02 0.567765E+00 0.260747E+00 0.660961E+00
 21511.00000  0.295815E-01 0.498875E+00 0.129567E+00 0.704155E+00
 21711.00000  0.578285E-01 0.418569E+00 0.436693E-01 0.749751E+00
 21911.00000  0.920424E-01 0.333121E+00 0.368884E-02 0.789562E+00
 22111.00000  0.129775E+00 0.248703E+00 0.668801E-02 0.815716E+00
 22311.00000  0.168668E+00 0.170930E+00 0.465580E-01 0.821439E+00
 22511.00000  0.206559E+00 0.104495E+00 0.114710E+00 0.801918E+00
 22711.00000  0.241564E+00 0.529145E-01 0.200969E+00 0.755024E+00
 22911.00000  0.272132E+00 0.183793E-01 0.294554E+00 0.681727E+00
 23111.00000  0.297079E+00 0.173040E-02 0.385069E+00 0.586150E+00
 23311.00000  0.315594E+00 0.252787E-02 0.463369E+00 0.475190E+00
 23511.00000  0.327235E+00 0.192080E-01 0.522266E+00 0.357799E+00
 23711.00000  0.331895E+00 0.493026E-01 0.556986E+00 0.243980E+00
 23911.00000  0.329776E+00 0.896983E-01 0.565380E+00 0.143671E+00
 24111.00000  0.321334E+00 0.136910E+00 0.547876E+00 0.656306E-01
 24311.00000  0.307237E+00 0.187348E+00 0.507204E+00 0.164790E-01
 24511.00000  0.288308E+00 0.237564E+00 0.447942E+00 0.160002E-05
 24711.00000  0.265480E+00 0.284448E+00 0.375940E+00 0.167838E-01
 24911.00000  0.239741E+00 0.325392E+00 0.297685E+00 0.642094E-01
 25111.00000  0.212098E+00 0.358387E+00 0.219677E+00 0.136803E+00
 25311.00000  0.183535E+00 0.382079E+00 0.147864E+00 0.226864E+00
 25511.00000  0.154978E+00 0.395766E+00 0.871805E-01 0.325301E+00
 25711.00000  0.127279E+00 0.399368E+00 0.412268E-01 0.422578E+00
 25911.00000  0.101182E+00 0.393343E+00 0.120912E-01 0.509640E+00
 26111.00000  0.773226E-01 0.378604E+00 0.323854E-03 0.578767E+00
 26311.00000  0.562092E-01 0.356401E+00 0.504197E-02 0.624213E+00
 26511.00000  0.382253E-01 0.328216E+00 0.241440E-01 0.642643E+00
 26711.00000  0.236267E-01 0.295647E+00 0.546020E-01 0.633285E+00
 26911.00000  0.125472E-01 0.260314E+00 0.927979E-01 0.597848E+00
         IE==>      8            9           10
     1.00000  0.664526E-21 0.565043E-20 0.107395E-18
     2.00000  0.371976E-17 0.324987E-16 0.612904E-15
     3.00000  0.571190E-15 0.512764E-14 0.959568E-13
     4.00000  0.201204E-13 0.185594E-12 0.344636E-11
     5.00000  0.316321E-12 0.299815E-11 0.552453E-10
     6.00000  0.298541E-11 0.290759E-10 0.531653E-09
     7.00000  0.198126E-10 0.198283E-09 0.359783E-08
     8.00000  0.101610E-09 0.104497E-08 0.188159E-07
     9.00000  0.427982E-09 0.452307E-08 0.808214E-07
    10.00000  0.154336E-08 0.167620E-07 0.297235E-06
    11.00000  0.490837E-08 0.547852E-07 0.964099E-06
    12.00000  0.140716E-07 0.161418E-06 0.281905E-05
    13.00000  0.369745E-07 0.435928E-06 0.755549E-05
    14.00000  0.902046E-07 0.109311E-05 0.188025E-04
    15.00000  0.206429E-06 0.257128E-05 0.438947E-04
    16.00000  0.446799E-06 0.572082E-05 0.969254E-04
    17.00000  0.920847E-06 0.121206E-04 0.203811E-03
    18.00000  0.181729E-05 0.245913E-04 0.410402E-03
    19.00000  0.345030E-05 0.480021E-04 0.795101E-03
    20.00000  0.632712E-05 0.905075E-04 0.148794E-02
    21.00000  0.112445E-04 0.165396E-03 0.269880E-02
    22.00000  0.194230E-04 0.293794E-03 0.475816E-02
    23.00000  0.326915E-04 0.508553E-03 0.817499E-02
    24.00000  0.537336E-04 0.859723E-03 0.137173E-01
    25.00000  0.864143E-04 0.142216E-02 0.225229E-01
    26.00000  0.136205E-03 0.230592E-02 0.362487E-01
    27.00000  0.210727E-03 0.367032E-02 0.572700E-01
    28.00000  0.320443E-03 0.574263E-02 0.889434E-01
    29.00000  0.479519E-03 0.884274E-02 0.135949E+00
    30.00000  0.706894E-03 0.134154E-01 0.204731E+00
    31.00000  0.102759E-02 0.200718E-01 0.304060E+00
    32.00000  0.147428E-02 0.296426E-01 0.445748E+00
    33.00000  0.208921E-02 0.432458E-01 0.645537E+00
    34.00000  0.292649E-02 0.623717E-01 0.924214E+00
    35.00000  0.405470E-02 0.889889E-01 0.130898E+01
    36.00000  0.556008E-02 0.125677E+00 0.183514E+01
    37.00000  0.755014E-02 0.175788E+00 0.254815E+01
    38.00000  0.101579E-01 0.243647E+00 0.350609E+01
    39.00000  0.135466E-01 0.334794E+00 0.478266E+01
    40.00000  0.179152E-01 0.456279E+00 0.647077E+01
    42.00000  0.306047E-01 0.828199E+00 0.115755E+02
    44.00000  0.507859E-01 0.146129E+01 0.201296E+02
    46.00000  0.820651E-01 0.251261E+01 0.341141E+02
    48.00000  0.129409E+00 0.421948E+01 0.564665E+02
    50.00000  0.199513E+00 0.693379E+01 0.914622E+02
    52.00000  0.301230E+00 0.111687E+02 0.145220E+03
    54.00000  0.446039E+00 0.176610E+02 0.226361E+03
    56.00000  0.648566E+00 0.274531E+02 0.346861E+03
    58.00000  0.927121E+00 0.420010E+02 0.523134E+03
    60.00000  0.130424E+01 0.633130E+02 0.777405E+03
    62.00000  0.180721E+01 0.941271E+02 0.113941E+04
    64.00000  0.246847E+01 0.138136E+03 0.164854E+04
    66.00000  0.332602E+01 0.200272E+03 0.235638E+04
    68.00000  0.442352E+01 0.287057E+03 0.332994E+04
    70.00000  0.581024E+01 0.407042E+03 0.465545E+04
    72.00000  0.754071E+01 0.571344E+03 0.644292E+04
    74.00000  0.967402E+01 0.794304E+03 0.883168E+04
    76.00000  0.122726E+02 0.109429E+04 0.119969E+05
    78.00000  0.154004E+02 0.149465E+04 0.161572E+05
    80.00000  0.191209E+02 0.202490E+04 0.215837E+05
    82.00000  0.234938E+02 0.272208E+04 0.286106E+05
    84.00000  0.285710E+02 0.363241E+04 0.376472E+05
    86.00000  0.343929E+02 0.481328E+04 0.491923E+05
    88.00000  0.409821E+02 0.633547E+04 0.638497E+05
    90.00000  0.483379E+02 0.828593E+04 0.823477E+05
    92.00000  0.564297E+02 0.107709E+05 0.105559E+06
    94.00000  0.651894E+02 0.139195E+05 0.134527E+06
    96.00000  0.745046E+02 0.178881E+05 0.170490E+06
    98.00000  0.842113E+02 0.228655E+05 0.214915E+06
   100.00000  0.940873E+02 0.290781E+05 0.269531E+06
   102.00000  0.103847E+03 0.367968E+05 0.336366E+06
   104.00000  0.113140E+03 0.463448E+05 0.417798E+06
   106.00000  0.121549E+03 0.581055E+05 0.516595E+06
   108.00000  0.128595E+03 0.725331E+05 0.635975E+06
   110.00000  0.133751E+03 0.901632E+05 0.779662E+06
   112.00000  0.136461E+03 0.111626E+06 0.951957E+06
   114.00000  0.136168E+03 0.137659E+06 0.115781E+07
   116.00000  0.132360E+03 0.169127E+06 0.140289E+07
   118.00000  0.124633E+03 0.207036E+06 0.169370E+07
   122.00000  0.968560E+02 0.307042E+06 0.244318E+07
   126.00000  0.555764E+02 0.449438E+06 0.347855E+07
   130.00000  0.137893E+02 0.649884E+06 0.489254E+07
   134.00000  0.296704E+01 0.929046E+06 0.680306E+07
   138.00000  0.854894E+02 0.131397E+07 0.935873E+07
   142.00000  0.372882E+03 0.183977E+07 0.127454E+08
   146.00000  0.105193E+04 0.255172E+07 0.171938E+08
   150.00000  0.242130E+04 0.350778E+07 0.229884E+08
   154.00000  0.494215E+04 0.478169E+07 0.304777E+08
   158.00000  0.930687E+04 0.646681E+07 0.400866E+08
   162.00000  0.165316E+05 0.868062E+07 0.523299E+08
   166.00000  0.280793E+05 0.115703E+08 0.678285E+08
   170.00000  0.460216E+05 0.153192E+08 0.873278E+08
   174.00000  0.732502E+05 0.201552E+08 0.111718E+09
   178.00000  0.113751E+06 0.263596E+08 0.142060E+09
   182.00000  0.172959E+06 0.342793E+08 0.179608E+09
   186.00000  0.258207E+06 0.443398E+08 0.225850E+09
   190.00000  0.379311E+06 0.570625E+08 0.282536E+09
   194.00000  0.549294E+06 0.730836E+08 0.351724E+09
   198.00000  0.785327E+06 0.931782E+08 0.435828E+09
   202.00000  0.110989E+07 0.118288E+09 0.537672E+09
   206.00000  0.155225E+07 0.149555E+09 0.660554E+09
   210.00000  0.215031E+07 0.188361E+09 0.808318E+09
   214.00000  0.295291E+07 0.236377E+09 0.985437E+09
   218.00000  0.402275E+07 0.295620E+09 0.119712E+10
   222.00000  0.544001E+07 0.368522E+09 0.144940E+10
   226.00000  0.730688E+07 0.458016E+09 0.174932E+10
   230.00000  0.975323E+07 0.567635E+09 0.210504E+10
   234.00000  0.129437E+08 0.701634E+09 0.252603E+10
   238.00000  0.170865E+08 0.865138E+09 0.302330E+10
   242.00000  0.224447E+08 0.106432E+10 0.360963E+10
   246.00000  0.293495E+08 0.130660E+10 0.429990E+10
   250.00000  0.382184E+08 0.160096E+10 0.511140E+10
   254.00000  0.495764E+08 0.195820E+10 0.606428E+10
   258.00000  0.640841E+08 0.239138E+10 0.718207E+10
   262.00000  0.825717E+08 0.291631E+10 0.849228E+10
   266.00000  0.106083E+09 0.355212E+10 0.100271E+11
   270.00000  0.135933E+09 0.432204E+10 0.118244E+11
   274.00000  0.173774E+09 0.525430E+10 0.139285E+11
   282.00000  0.282309E+09 0.775097E+10 0.192766E+11
   290.00000  0.455811E+09 0.114196E+11 0.266169E+11
   298.00000  0.732923E+09 0.168287E+11 0.367199E+11
   306.00000  0.117600E+10 0.248438E+11 0.506852E+11
   314.00000  0.188641E+10 0.367941E+11 0.700938E+11
   322.00000  0.302976E+10 0.547322E+11 0.972216E+11
   330.00000  0.487632E+10 0.818180E+11 0.135305E+12
   338.00000  0.786029E+10 0.122809E+12 0.188761E+12
   346.00000  0.126465E+11 0.184419E+12 0.262976E+12
   354.00000  0.201338E+11 0.274614E+12 0.362580E+12
   362.00000  0.311768E+11 0.398500E+12 0.486123E+12
   370.00000  0.456730E+11 0.548051E+12 0.616253E+12
   378.00000  0.612553E+11 0.691143E+12 0.714526E+12
   386.00000  0.736271E+11 0.782285E+12 0.741506E+12
   394.00000  0.798010E+11 0.799512E+12 0.692698E+12
   402.00000  0.802861E+11 0.759424E+12 0.599393E+12
   410.00000  0.774893E+11 0.692798E+12 0.496283E+12
   418.00000  0.735191E+11 0.621927E+12 0.402692E+12
   426.00000  0.695490E+11 0.557211E+12 0.324624E+12
   434.00000  0.660638E+11 0.501722E+12 0.261660E+12
   442.00000  0.631933E+11 0.455294E+12 0.211347E+12
   450.00000  0.609173E+11 0.416680E+12 0.171054E+12
   458.00000  0.591645E+11 0.384464E+12 0.138558E+12
   466.00000  0.578537E+11 0.357378E+12 0.112126E+12
   474.00000  0.569102E+11 0.334373E+12 0.904515E+11
   482.00000  0.562698E+11 0.314616E+12 0.725565E+11
   490.00000  0.558789E+11 0.297453E+12 0.577111E+11
   498.00000  0.556939E+11 0.282373E+12 0.453652E+11
   506.00000  0.556789E+11 0.268975E+12 0.351006E+11
   514.00000  0.558047E+11 0.256945E+12 0.265950E+11
   522.00000  0.560467E+11 0.246033E+12 0.195972E+11
   530.00000  0.563848E+11 0.236042E+12 0.139082E+11
   538.00000  0.568018E+11 0.226812E+12 0.936803E+10
   546.00000  0.572835E+11 0.218216E+12 0.584614E+10
   554.00000  0.578178E+11 0.210154E+12 0.323412E+10
   562.00000  0.583943E+11 0.202541E+12 0.144042E+10
   570.00000  0.590041E+11 0.195312E+12 0.386481E+09
   578.00000  0.596396E+11 0.188411E+12 0.378580E+07
   586.00000  0.602940E+11 0.181794E+12 0.231707E+09
   596.00000  0.611296E+11 0.173867E+12 0.129290E+10
   606.00000  0.619757E+11 0.166271E+12 0.312798E+10
   616.00000  0.628240E+11 0.158961E+12 0.565084E+10
   626.00000  0.636673E+11 0.151906E+12 0.878289E+10
   636.00000  0.644995E+11 0.145077E+12 0.124516E+11
   646.00000  0.653153E+11 0.138456E+12 0.165896E+11
   656.00000  0.661098E+11 0.132027E+12 0.211337E+11
   666.00000  0.668793E+11 0.125779E+12 0.260250E+11
   676.00000  0.676204E+11 0.119704E+12 0.312078E+11
   686.00000  0.683304E+11 0.113796E+12 0.366301E+11
   696.00000  0.690068E+11 0.108050E+12 0.422427E+11
   706.00000  0.696476E+11 0.102465E+12 0.479997E+11
   716.00000  0.702511E+11 0.970369E+11 0.538578E+11
   726.00000  0.708160E+11 0.917664E+11 0.597770E+11
   736.00000  0.713413E+11 0.866528E+11 0.657197E+11
   746.00000  0.718266E+11 0.816961E+11 0.716515E+11
   756.00000  0.722711E+11 0.768965E+11 0.775405E+11
   766.00000  0.726747E+11 0.722542E+11 0.833572E+11
   776.00000  0.730371E+11 0.677694E+11 0.890746E+11
   786.00000  0.733584E+11 0.634422E+11 0.946684E+11
   796.00000  0.736386E+11 0.592727E+11 0.100116E+12
   806.00000  0.738783E+11 0.552608E+11 0.105399E+12
   816.00000  0.740776E+11 0.514063E+11 0.110498E+12
   826.00000  0.742371E+11 0.477085E+11 0.115399E+12
   836.00000  0.743572E+11 0.441668E+11 0.120087E+12
   846.00000  0.744385E+11 0.407802E+11 0.124550E+12
   856.00000  0.744813E+11 0.375474E+11 0.128779E+12
   866.00000  0.744865E+11 0.344672E+11 0.132764E+12
   876.00000  0.744547E+11 0.315381E+11 0.136499E+12
   886.00000  0.743867E+11 0.287582E+11 0.139979E+12
   896.00000  0.742832E+11 0.261258E+11 0.143198E+12
   906.00000  0.741450E+11 0.236387E+11 0.146155E+12
   916.00000  0.739728E+11 0.212946E+11 0.148847E+12
   926.00000  0.737674E+11 0.190911E+11 0.151274E+12
   936.00000  0.735298E+11 0.170259E+11 0.153437E+12
   946.00000  0.732609E+11 0.150961E+11 0.155337E+12
   956.00000  0.729615E+11 0.132991E+11 0.156976E+12
   966.00000  0.726327E+11 0.116320E+11 0.158359E+12
   976.00000  0.722753E+11 0.100918E+11 0.159488E+12
   986.00000  0.718902E+11 0.867536E+10 0.160368E+12
   996.00000  0.714785E+11 0.737962E+10 0.161005E+12
  1006.00000  0.710409E+11 0.620134E+10 0.161404E+12
  1016.00000  0.705786E+11 0.513726E+10 0.161572E+12
  1026.00000  0.700924E+11 0.418404E+10 0.161516E+12
  1036.00000  0.695833E+11 0.333834E+10 0.161242E+12
  1046.00000  0.690524E+11 0.259675E+10 0.160758E+12
  1056.00000  0.685003E+11 0.195585E+10 0.160072E+12
  1066.00000  0.679280E+11 0.141221E+10 0.159191E+12
  1076.00000  0.673365E+11 0.962387E+09 0.158124E+12
  1086.00000  0.667265E+11 0.602931E+09 0.156879E+12
  1096.00000  0.660989E+11 0.330403E+09 0.155464E+12
  1106.00000  0.654547E+11 0.141374E+09 0.153887E+12
  1116.00000  0.647947E+11 0.324265E+08 0.152158E+12
  1126.00000  0.641197E+11 0.167605E+06 0.150284E+12
  1136.00000  0.634306E+11 0.412285E+08 0.148274E+12
  1146.00000  0.627281E+11 0.152271E+09 0.146137E+12
  1156.00000  0.620131E+11 0.329990E+09 0.143880E+12
  1166.00000  0.612862E+11 0.571119E+09 0.141513E+12
  1176.00000  0.605484E+11 0.872435E+09 0.139043E+12
  1186.00000  0.598003E+11 0.123076E+10 0.136479E+12
  1196.00000  0.590429E+11 0.164296E+10 0.133829E+12
  1206.00000  0.582767E+11 0.210596E+10 0.131101E+12
  1216.00000  0.575027E+11 0.261673E+10 0.128302E+12
  1226.00000  0.567213E+11 0.317231E+10 0.125439E+12
  1236.00000  0.559334E+11 0.376979E+10 0.122522E+12
  1246.00000  0.551396E+11 0.440631E+10 0.119555E+12
  1256.00000  0.543406E+11 0.507909E+10 0.116547E+12
  1266.00000  0.535371E+11 0.578540E+10 0.113505E+12
  1276.00000  0.527297E+11 0.652261E+10 0.110434E+12
  1286.00000  0.519190E+11 0.728810E+10 0.107342E+12
  1296.00000  0.511056E+11 0.807936E+10 0.104234E+12
  1306.00000  0.502902E+11 0.889394E+10 0.101117E+12
  1316.00000  0.494731E+11 0.972945E+10 0.979950E+11
  1326.00000  0.486551E+11 0.105836E+11 0.948747E+11
  1336.00000  0.478366E+11 0.114540E+11 0.917610E+11
  1346.00000  0.470181E+11 0.123386E+11 0.886588E+11
  1356.00000  0.462002E+11 0.132353E+11 0.855729E+11
  1366.00000  0.453833E+11 0.141421E+11 0.825079E+11
  1376.00000  0.445679E+11 0.150568E+11 0.794681E+11
  1386.00000  0.437545E+11 0.159777E+11 0.764575E+11
  1396.00000  0.429434E+11 0.169030E+11 0.734799E+11
  1406.00000  0.421352E+11 0.178307E+11 0.705390E+11
  1416.00000  0.413301E+11 0.187593E+11 0.676381E+11
  1426.00000  0.405286E+11 0.196871E+11 0.647805E+11
  1436.00000  0.397312E+11 0.206126E+11 0.619692E+11
  1446.00000  0.389380E+11 0.215341E+11 0.592069E+11
  1456.00000  0.381496E+11 0.224504E+11 0.564963E+11
  1466.00000  0.373663E+11 0.233601E+11 0.538397E+11
  1476.00000  0.365883E+11 0.242617E+11 0.512393E+11
  1486.00000  0.358161E+11 0.251542E+11 0.486972E+11
  1496.00000  0.350498E+11 0.260363E+11 0.462151E+11
  1506.00000  0.342898E+11 0.269069E+11 0.437947E+11
  1516.00000  0.335363E+11 0.277650E+11 0.414374E+11
  1526.00000  0.327897E+11 0.286095E+11 0.391446E+11
  1536.00000  0.320501E+11 0.294395E+11 0.369173E+11
  1546.00000  0.313179E+11 0.302541E+11 0.347566E+11
  1556.00000  0.305931E+11 0.310526E+11 0.326633E+11
  1566.00000  0.298761E+11 0.318341E+11 0.306380E+11
  1576.00000  0.291670E+11 0.325978E+11 0.286813E+11
  1586.00000  0.284661E+11 0.333433E+11 0.267936E+11
  1596.00000  0.277734E+11 0.340697E+11 0.249752E+11
  1606.00000  0.270892E+11 0.347765E+11 0.232261E+11
  1616.00000  0.264135E+11 0.354633E+11 0.215464E+11
  1626.00000  0.257466E+11 0.361294E+11 0.199359E+11
  1636.00000  0.250886E+11 0.367746E+11 0.183946E+11
  1646.00000  0.244395E+11 0.373983E+11 0.169221E+11
  1656.00000  0.237996E+11 0.380003E+11 0.155179E+11
  1666.00000  0.231688E+11 0.385802E+11 0.141817E+11
  1676.00000  0.225474E+11 0.391378E+11 0.129127E+11
  1686.00000  0.219353E+11 0.396728E+11 0.117104E+11
  1696.00000  0.213326E+11 0.401851E+11 0.105739E+11
  1706.00000  0.207394E+11 0.406744E+11 0.950252E+10
  1716.00000  0.201558E+11 0.411406E+11 0.849528E+10
  1726.00000  0.195818E+11 0.415837E+11 0.755125E+10
  1736.00000  0.190174E+11 0.420035E+11 0.666942E+10
  1746.00000  0.184627E+11 0.424001E+11 0.584871E+10
  1756.00000  0.179177E+11 0.427735E+11 0.508800E+10
  1766.00000  0.173824E+11 0.431237E+11 0.438613E+10
  1776.00000  0.168568E+11 0.434508E+11 0.374187E+10
  1786.00000  0.163410E+11 0.437548E+11 0.315398E+10
  1796.00000  0.158349E+11 0.440359E+11 0.262116E+10
  1806.00000  0.153385E+11 0.442941E+11 0.214209E+10
  1816.00000  0.148518E+11 0.445297E+11 0.171542E+10
  1826.00000  0.143748E+11 0.447427E+11 0.133977E+10
  1836.00000  0.139075E+11 0.449335E+11 0.101373E+10
  1846.00000  0.134498E+11 0.451023E+11 0.735904E+09
  1856.00000  0.130016E+11 0.452492E+11 0.504840E+09
  1866.00000  0.125630E+11 0.453746E+11 0.319094E+09
  1876.00000  0.121339E+11 0.454787E+11 0.177206E+09
  1886.00000  0.117143E+11 0.455617E+11 0.777096E+08
  1896.00000  0.113040E+11 0.456241E+11 0.191326E+08
  1906.00000  0.109030E+11 0.456661E+11 0.126508E+03
  1916.00000  0.105113E+11 0.456880E+11 0.188370E+08
  1926.00000  0.101288E+11 0.456902E+11 0.741697E+08
  1936.00000  0.975536E+10 0.456730E+11 0.164529E+09
  1946.00000  0.939097E+10 0.456368E+11 0.288450E+09
  1956.00000  0.903553E+10 0.455819E+11 0.444478E+09
  1966.00000  0.868895E+10 0.455088E+11 0.631167E+09
  1976.00000  0.835115E+10 0.454177E+11 0.847081E+09
  1986.00000  0.802204E+10 0.453092E+11 0.109080E+10
  1996.00000  0.770153E+10 0.451836E+11 0.136091E+10
  2006.00000  0.738951E+10 0.450414E+11 0.165603E+10
  2016.00000  0.708590E+10 0.448828E+11 0.197478E+10
  2026.00000  0.679058E+10 0.447084E+11 0.231581E+10
  2036.00000  0.650347E+10 0.445185E+11 0.267777E+10
  2046.00000  0.622444E+10 0.443136E+11 0.305935E+10
  2056.00000  0.595341E+10 0.440940E+11 0.345926E+10
  2066.00000  0.569026E+10 0.438604E+11 0.387622E+10
  2076.00000  0.543488E+10 0.436130E+11 0.430900E+10
  2086.00000  0.518716E+10 0.433522E+11 0.475636E+10
  2096.00000  0.494700E+10 0.430787E+11 0.521711E+10
  2106.00000  0.471427E+10 0.427927E+11 0.569008E+10
  2116.00000  0.448886E+10 0.424947E+11 0.617412E+10
  2126.00000  0.427067E+10 0.421851E+11 0.666811E+10
  2136.00000  0.405956E+10 0.418643E+11 0.717095E+10
  2146.00000  0.385543E+10 0.415329E+11 0.768159E+10
  2156.00000  0.365816E+10 0.411911E+11 0.819899E+10
  2166.00000  0.346762E+10 0.408395E+11 0.872214E+10
  2176.00000  0.328371E+10 0.404784E+11 0.925006E+10
  2186.00000  0.310630E+10 0.401083E+11 0.978179E+10
  2196.00000  0.293528E+10 0.397296E+11 0.103164E+11
  2206.00000  0.277052E+10 0.393427E+11 0.108531E+11
  2216.00000  0.261191E+10 0.389481E+11 0.113909E+11
  2226.00000  0.245932E+10 0.385460E+11 0.119290E+11
  2236.00000  0.231264E+10 0.381369E+11 0.124666E+11
  2246.00000  0.217175E+10 0.377212E+11 0.130029E+11
  2256.00000  0.203653E+10 0.372993E+11 0.135372E+11
  2266.00000  0.190685E+10 0.368716E+11 0.140687E+11
  2276.00000  0.178261E+10 0.364384E+11 0.145968E+11
  2286.00000  0.166369E+10 0.360001E+11 0.151208E+11
  2296.00000  0.154996E+10 0.355571E+11 0.156400E+11
  2306.00000  0.144132E+10 0.351097E+11 0.161540E+11
  2316.00000  0.133764E+10 0.346583E+11 0.166619E+11
  2326.00000  0.123881E+10 0.342032E+11 0.171634E+11
  2336.00000  0.114472E+10 0.337448E+11 0.176579E+11
  2346.00000  0.105526E+10 0.332835E+11 0.181449E+11
  2356.00000  0.970299E+09 0.328194E+11 0.186238E+11
  2366.00000  0.889741E+09 0.323530E+11 0.190944E+11
  2376.00000  0.813472E+09 0.318846E+11 0.195560E+11
  2386.00000  0.741381E+09 0.314144E+11 0.200084E+11
  2396.00000  0.673360E+09 0.309428E+11 0.204512E+11
  2406.00000  0.609302E+09 0.304701E+11 0.208839E+11
  2416.00000  0.549099E+09 0.299965E+11 0.213064E+11
  2426.00000  0.492646E+09 0.295223E+11 0.217182E+11
  2436.00000  0.439840E+09 0.290479E+11 0.221191E+11
  2446.00000  0.390577E+09 0.285734E+11 0.225088E+11
  2456.00000  0.344756E+09 0.280992E+11 0.228871E+11
  2466.00000  0.302275E+09 0.276255E+11 0.232538E+11
  2476.00000  0.263037E+09 0.271525E+11 0.236087E+11
  2486.00000  0.226942E+09 0.266804E+11 0.239515E+11
  2496.00000  0.193894E+09 0.262096E+11 0.242822E+11
  2506.00000  0.163799E+09 0.257402E+11 0.246006E+11
  2516.00000  0.136561E+09 0.252724E+11 0.249066E+11
  2526.00000  0.112089E+09 0.248064E+11 0.252000E+11
  2536.00000  0.902907E+08 0.243426E+11 0.254808E+11
  2546.00000  0.710774E+08 0.238809E+11 0.257489E+11
  2556.00000  0.543604E+08 0.234218E+11 0.260043E+11
  2566.00000  0.400528E+08 0.229652E+11 0.262469E+11
  2576.00000  0.280691E+08 0.225114E+11 0.264767E+11
  2586.00000  0.183253E+08 0.220606E+11 0.266937E+11
  2596.00000  0.107388E+08 0.216130E+11 0.268979E+11
  2606.00000  0.522856E+07 0.211686E+11 0.270893E+11
  2616.00000  0.171486E+07 0.207277E+11 0.272680E+11
  2626.00000  0.119530E+06 0.202903E+11 0.274339E+11
  2636.00000  0.365830E+06 0.198567E+11 0.275872E+11
  2646.00000  0.237850E+07 0.194269E+11 0.277279E+11
  2656.00000  0.608372E+07 0.190010E+11 0.278562E+11
  2666.00000  0.114092E+08 0.185793E+11 0.279720E+11
  2676.00000  0.182839E+08 0.181618E+11 0.280755E+11
  2686.00000  0.266386E+08 0.177485E+11 0.281668E+11
  2696.00000  0.364052E+08 0.173397E+11 0.282460E+11
  2706.00000  0.475172E+08 0.169355E+11 0.283133E+11
  2716.00000  0.599095E+08 0.165358E+11 0.283688E+11
  2726.00000  0.735184E+08 0.161408E+11 0.284126E+11
  2736.00000  0.882817E+08 0.157505E+11 0.284449E+11
  2746.00000  0.104139E+09 0.153651E+11 0.284658E+11
  2756.00000  0.121030E+09 0.149846E+11 0.284756E+11
  2766.00000  0.138897E+09 0.146091E+11 0.284743E+11
  2776.00000  0.157684E+09 0.142386E+11 0.284622E+11
  2786.00000  0.177335E+09 0.138732E+11 0.284395E+11
  2796.00000  0.197796E+09 0.135129E+11 0.284062E+11
  2806.00000  0.219015E+09 0.131578E+11 0.283627E+11
  2816.00000  0.240941E+09 0.128079E+11 0.283092E+11
  2826.00000  0.263524E+09 0.124634E+11 0.282458E+11
  2836.00000  0.286715E+09 0.121241E+11 0.281727E+11
  2846.00000  0.310468E+09 0.117901E+11 0.280902E+11
  2856.00000  0.334735E+09 0.114614E+11 0.279985E+11
  2866.00000  0.359474E+09 0.111382E+11 0.278977E+11
  2876.00000  0.384639E+09 0.108203E+11 0.277881E+11
  2886.00000  0.410189E+09 0.105078E+11 0.276700E+11
  2896.00000  0.436084E+09 0.102007E+11 0.275435E+11
  2906.00000  0.462283E+09 0.989906E+10 0.274088E+11
  2916.00000  0.488748E+09 0.960281E+10 0.272663E+11
  2926.00000  0.515441E+09 0.931197E+10 0.271160E+11
  2936.00000  0.542327E+09 0.902653E+10 0.269584E+11
  2946.00000  0.569371E+09 0.874650E+10 0.267935E+11
  2956.00000  0.596539E+09 0.847186E+10 0.266216E+11
  2966.00000  0.623797E+09 0.820260E+10 0.264429E+11
  2976.00000  0.651115E+09 0.793870E+10 0.262577E+11
  2986.00000  0.678462E+09 0.768014E+10 0.260662E+11
  2996.00000  0.705808E+09 0.742690E+10 0.258686E+11
  3006.00000  0.733125E+09 0.717895E+10 0.256652E+11
  3016.00000  0.760385E+09 0.693628E+10 0.254561E+11
  3026.00000  0.787563E+09 0.669884E+10 0.252416E+11
  3036.00000  0.814632E+09 0.646661E+10 0.250219E+11
  3046.00000  0.841568E+09 0.623955E+10 0.247972E+11
  3056.00000  0.868348E+09 0.601763E+10 0.245678E+11
  3066.00000  0.894950E+09 0.580081E+10 0.243338E+11
  3076.00000  0.921351E+09 0.558906E+10 0.240956E+11
  3086.00000  0.947531E+09 0.538232E+10 0.238532E+11
  3096.00000  0.973470E+09 0.518056E+10 0.236070E+11
  3106.00000  0.999150E+09 0.498374E+10 0.233571E+11
  3116.00000  0.102455E+10 0.479180E+10 0.231037E+11
  3126.00000  0.104966E+10 0.460470E+10 0.228471E+11
  3136.00000  0.107445E+10 0.442239E+10 0.225874E+11
  3146.00000  0.109892E+10 0.424482E+10 0.223248E+11
  3156.00000  0.112305E+10 0.407193E+10 0.220595E+11
  3166.00000  0.114682E+10 0.390368E+10 0.217918E+11
  3176.00000  0.117022E+10 0.374000E+10 0.215218E+11
  3186.00000  0.119324E+10 0.358085E+10 0.212497E+11
  3196.00000  0.121586E+10 0.342617E+10 0.209757E+11
  3206.00000  0.123808E+10 0.327590E+10 0.207000E+11
  3216.00000  0.125989E+10 0.312999E+10 0.204227E+11
  3226.00000  0.128127E+10 0.298837E+10 0.201440E+11
  3236.00000  0.130221E+10 0.285098E+10 0.198641E+11
  3246.00000  0.132271E+10 0.271777E+10 0.195832E+11
  3256.00000  0.134276E+10 0.258867E+10 0.193014E+11
  3266.00000  0.136236E+10 0.246362E+10 0.190190E+11
  3276.00000  0.138149E+10 0.234257E+10 0.187359E+11
  3286.00000  0.140014E+10 0.222544E+10 0.184525E+11
  3296.00000  0.141832E+10 0.211218E+10 0.181688E+11
  3306.00000  0.143602E+10 0.200272E+10 0.178850E+11
  3316.00000  0.145324E+10 0.189700E+10 0.176013E+11
  3326.00000  0.146996E+10 0.179495E+10 0.173177E+11
  3336.00000  0.148619E+10 0.169652E+10 0.170345E+11
  3346.00000  0.150192E+10 0.160164E+10 0.167517E+11
  3356.00000  0.151716E+10 0.151023E+10 0.164696E+11
  3366.00000  0.153189E+10 0.142225E+10 0.161881E+11
  3376.00000  0.154612E+10 0.133762E+10 0.159074E+11
  3386.00000  0.155984E+10 0.125629E+10 0.156278E+11
  3396.00000  0.157306E+10 0.117818E+10 0.153491E+11
  3406.00000  0.158578E+10 0.110323E+10 0.150717E+11
  3416.00000  0.159798E+10 0.103139E+10 0.147955E+11
  3426.00000  0.160969E+10 0.962575E+09 0.145208E+11
  3436.00000  0.162089E+10 0.896736E+09 0.142475E+11
  3446.00000  0.163158E+10 0.833806E+09 0.139758E+11
  3456.00000  0.164177E+10 0.773721E+09 0.137058E+11
  3466.00000  0.165146E+10 0.716420E+09 0.134376E+11
  3476.00000  0.166065E+10 0.661840E+09 0.131712E+11
  3486.00000  0.166935E+10 0.609919E+09 0.129068E+11
  3496.00000  0.167755E+10 0.560596E+09 0.126444E+11
  3506.00000  0.168526E+10 0.513809E+09 0.123841E+11
  3516.00000  0.169248E+10 0.469497E+09 0.121260E+11
  3526.00000  0.169922E+10 0.427602E+09 0.118701E+11
  3536.00000  0.170547E+10 0.388061E+09 0.116165E+11
  3546.00000  0.171125E+10 0.350817E+09 0.113654E+11
  3556.00000  0.171656E+10 0.315811E+09 0.111166E+11
  3566.00000  0.172139E+10 0.282984E+09 0.108704E+11
  3576.00000  0.172576E+10 0.252279E+09 0.106268E+11
  3586.00000  0.172967E+10 0.223638E+09 0.103857E+11
  3596.00000  0.173313E+10 0.197006E+09 0.101473E+11
  3606.00000  0.173613E+10 0.172326E+09 0.991160E+10
  3616.00000  0.173869E+10 0.149544E+09 0.967865E+10
  3626.00000  0.174081E+10 0.128605E+09 0.944851E+10
  3636.00000  0.174249E+10 0.109454E+09 0.922119E+10
  3646.00000  0.174375E+10 0.920385E+08 0.899674E+10
  3656.00000  0.174458E+10 0.763063E+08 0.877520E+10
  3666.00000  0.174500E+10 0.622052E+08 0.855658E+10
  3676.00000  0.174500E+10 0.496841E+08 0.834093E+10
  3686.00000  0.174460E+10 0.386924E+08 0.812827E+10
  3696.00000  0.174380E+10 0.291804E+08 0.791862E+10
  3706.00000  0.174261E+10 0.210991E+08 0.771200E+10
  3716.00000  0.174103E+10 0.144002E+08 0.750844E+10
  3726.00000  0.173907E+10 0.903611E+07 0.730794E+10
  3736.00000  0.173674E+10 0.496000E+07 0.711053E+10
  3746.00000  0.173404E+10 0.212580E+07 0.691621E+10
  3756.00000  0.173098E+10 0.488184E+06 0.672500E+10
  3766.00000  0.172757E+10 0.258624E+04 0.653691E+10
  3776.00000  0.172381E+10 0.625191E+06 0.635194E+10
  3786.00000  0.171971E+10 0.231294E+07 0.617009E+10
  3796.00000  0.171527E+10 0.502355E+07 0.599138E+10
  3806.00000  0.171052E+10 0.871549E+07 0.581579E+10
  3816.00000  0.170544E+10 0.133480E+08 0.564333E+10
  3826.00000  0.170005E+10 0.188811E+08 0.547400E+10
  3836.00000  0.169435E+10 0.252755E+08 0.530780E+10
  3846.00000  0.168836E+10 0.324928E+08 0.514471E+10
  3856.00000  0.168207E+10 0.404952E+08 0.498472E+10
  3866.00000  0.167550E+10 0.492458E+08 0.482784E+10
  3876.00000  0.166865E+10 0.587085E+08 0.467405E+10
  3886.00000  0.166153E+10 0.688477E+08 0.452333E+10
  3896.00000  0.165415E+10 0.796288E+08 0.437568E+10
  3906.00000  0.164651E+10 0.910179E+08 0.423108E+10
  3916.00000  0.163862E+10 0.102982E+09 0.408951E+10
  3926.00000  0.163048E+10 0.115488E+09 0.395096E+10
  3936.00000  0.162211E+10 0.128505E+09 0.381541E+10
  3946.00000  0.161351E+10 0.142001E+09 0.368283E+10
  3956.00000  0.160469E+10 0.155947E+09 0.355322E+10
  3966.00000  0.159564E+10 0.170313E+09 0.342654E+10
  3976.00000  0.158639E+10 0.185070E+09 0.330278E+10
  3986.00000  0.157694E+10 0.200190E+09 0.318190E+10
  3996.00000  0.156729E+10 0.215646E+09 0.306390E+10
  4006.00000  0.155745E+10 0.231410E+09 0.294873E+10
  4016.00000  0.154742E+10 0.247458E+09 0.283638E+10
  4026.00000  0.153722E+10 0.263763E+09 0.272682E+10
  4036.00000  0.152685E+10 0.280302E+09 0.262001E+10
  4046.00000  0.151632E+10 0.297049E+09 0.251594E+10
  4056.00000  0.150562E+10 0.313982E+09 0.241458E+10
  4066.00000  0.149477E+10 0.331079E+09 0.231588E+10
  4076.00000  0.148378E+10 0.348316E+09 0.221983E+10
  4086.00000  0.147265E+10 0.365674E+09 0.212639E+10
  4096.00000  0.146138E+10 0.383131E+09 0.203552E+10
  4106.00000  0.144999E+10 0.400667E+09 0.194721E+10
  4116.00000  0.143848E+10 0.418262E+09 0.186141E+10
  4126.00000  0.142685E+10 0.435899E+09 0.177810E+10
  4136.00000  0.141510E+10 0.453558E+09 0.169723E+10
  4146.00000  0.140326E+10 0.471223E+09 0.161878E+10
  4156.00000  0.139131E+10 0.488875E+09 0.154272E+10
  4166.00000  0.137928E+10 0.506499E+09 0.146900E+10
  4176.00000  0.136715E+10 0.524078E+09 0.139759E+10
  4186.00000  0.135494E+10 0.541598E+09 0.132846E+10
  4196.00000  0.134266E+10 0.559043E+09 0.126157E+10
  4206.00000  0.133030E+10 0.576400E+09 0.119689E+10
  4216.00000  0.131787E+10 0.593654E+09 0.113438E+10
  4226.00000  0.130538E+10 0.610792E+09 0.107401E+10
  4236.00000  0.129284E+10 0.627802E+09 0.101574E+10
  4246.00000  0.128024E+10 0.644671E+09 0.959527E+09
  4256.00000  0.126760E+10 0.661389E+09 0.905348E+09
  4266.00000  0.125491E+10 0.677943E+09 0.853161E+09
  4276.00000  0.124219E+10 0.694323E+09 0.802930E+09
  4286.00000  0.122943E+10 0.710518E+09 0.754620E+09
  4296.00000  0.121664E+10 0.726520E+09 0.708195E+09
  4306.00000  0.120383E+10 0.742318E+09 0.663617E+09
  4316.00000  0.119100E+10 0.757904E+09 0.620853E+09
  4326.00000  0.117815E+10 0.773270E+09 0.579865E+09
  4336.00000  0.116529E+10 0.788406E+09 0.540618E+09
  4346.00000  0.115242E+10 0.803306E+09 0.503076E+09
  4356.00000  0.113954E+10 0.817963E+09 0.467204E+09
  4366.00000  0.112667E+10 0.832369E+09 0.432966E+09
  4376.00000  0.111380E+10 0.846519E+09 0.400327E+09
  4386.00000  0.110094E+10 0.860406E+09 0.369253E+09
  4396.00000  0.108809E+10 0.874024E+09 0.339707E+09
  4406.00000  0.107525E+10 0.887369E+09 0.311656E+09
  4416.00000  0.106243E+10 0.900435E+09 0.285066E+09
  4426.00000  0.104963E+10 0.913218E+09 0.259901E+09
  4436.00000  0.103686E+10 0.925713E+09 0.236129E+09
  4446.00000  0.102412E+10 0.937918E+09 0.213714E+09
  4456.00000  0.101140E+10 0.949827E+09 0.192625E+09
  4466.00000  0.998721E+09 0.961438E+09 0.172828E+09
  4476.00000  0.986078E+09 0.972747E+09 0.154289E+09
  4486.00000  0.973475E+09 0.983753E+09 0.136977E+09
  4511.00000  0.942159E+09 0.100992E+10 0.988520E+08
  4536.00000  0.911152E+09 0.103415E+10 0.676968E+08
  4561.00000  0.880493E+09 0.105641E+10 0.430301E+08
  4586.00000  0.850218E+09 0.107671E+10 0.243845E+08
  4611.00000  0.820361E+09 0.109503E+10 0.113072E+08
  4636.00000  0.790952E+09 0.111138E+10 0.336054E+07
  4661.00000  0.762019E+09 0.112578E+10 0.122119E+06
  4686.00000  0.733588E+09 0.113825E+10 0.118557E+07
  4711.00000  0.705681E+09 0.114882E+10 0.616050E+07
  4736.00000  0.678320E+09 0.115752E+10 0.146728E+08
  4761.00000  0.651522E+09 0.116440E+10 0.263645E+08
  4786.00000  0.625304E+09 0.116948E+10 0.408942E+08
  4811.00000  0.599680E+09 0.117283E+10 0.579368E+08
  4836.00000  0.574661E+09 0.117449E+10 0.771830E+08
  4861.00000  0.550257E+09 0.117451E+10 0.983402E+08
  4886.00000  0.526476E+09 0.117296E+10 0.121131E+09
  4911.00000  0.503324E+09 0.116988E+10 0.145294E+09
  4936.00000  0.480807E+09 0.116535E+10 0.170584E+09
  4961.00000  0.458928E+09 0.115942E+10 0.196769E+09
  4986.00000  0.437687E+09 0.115216E+10 0.223633E+09
  5011.00000  0.417086E+09 0.114363E+10 0.250975E+09
  5036.00000  0.397123E+09 0.113390E+10 0.278606E+09
  5061.00000  0.377796E+09 0.112303E+10 0.306353E+09
  5086.00000  0.359101E+09 0.111109E+10 0.334053E+09
  5111.00000  0.341034E+09 0.109815E+10 0.361560E+09
  5136.00000  0.323590E+09 0.108426E+10 0.388737E+09
  5161.00000  0.306761E+09 0.106949E+10 0.415460E+09
  5186.00000  0.290541E+09 0.105391E+10 0.441616E+09
  5211.00000  0.274921E+09 0.103758E+10 0.467104E+09
  5236.00000  0.259892E+09 0.102056E+10 0.491831E+09
  5261.00000  0.245446E+09 0.100291E+10 0.515717E+09
  5286.00000  0.231571E+09 0.984690E+09 0.538689E+09
  5311.00000  0.218258E+09 0.965957E+09 0.560686E+09
  5336.00000  0.205495E+09 0.946767E+09 0.581652E+09
  5361.00000  0.193270E+09 0.927174E+09 0.601541E+09
  5386.00000  0.181572E+09 0.907230E+09 0.620315E+09
  5411.00000  0.170388E+09 0.886987E+09 0.637942E+09
  5436.00000  0.159706E+09 0.866493E+09 0.654398E+09
  5461.00000  0.149514E+09 0.845796E+09 0.669665E+09
  5511.00000  0.130544E+09 0.803971E+09 0.696587E+09
  5561.00000  0.113374E+09 0.761850E+09 0.718676E+09
  5611.00000  0.978981E+08 0.719744E+09 0.735975E+09
  5661.00000  0.840098E+08 0.677930E+09 0.748593E+09
  5711.00000  0.716039E+08 0.636657E+09 0.756694E+09
  5761.00000  0.605766E+08 0.596144E+09 0.760483E+09
  5811.00000  0.508261E+08 0.556581E+09 0.760205E+09
  5861.00000  0.422538E+08 0.518132E+09 0.756129E+09
  5911.00000  0.347643E+08 0.480935E+09 0.748545E+09
  5961.00000  0.282657E+08 0.445104E+09 0.737756E+09
  6011.00000  0.226704E+08 0.410730E+09 0.724072E+09
  6061.00000  0.178947E+08 0.377883E+09 0.707807E+09
  6111.00000  0.138596E+08 0.346614E+09 0.689272E+09
  6161.00000  0.104903E+08 0.316959E+09 0.668772E+09
  6211.00000  0.771674E+07 0.288933E+09 0.646604E+09
  6261.00000  0.547326E+07 0.262542E+09 0.623053E+09
  6311.00000  0.369873E+07 0.237777E+09 0.598392E+09
  6361.00000  0.233646E+07 0.214616E+09 0.572876E+09
  6411.00000  0.133406E+07 0.193030E+09 0.546746E+09
  6461.00000  0.643351E+06 0.172981E+09 0.520225E+09
  6511.00000  0.220184E+06 0.154424E+09 0.493518E+09
  6561.00000  0.243063E+05 0.137307E+09 0.466813E+09
  6611.00000  0.191728E+05 0.121574E+09 0.440279E+09
  6661.00000  0.171762E+06 0.107166E+09 0.414068E+09
  6711.00000  0.452388E+06 0.940194E+08 0.388315E+09
  6761.00000  0.834502E+06 0.820701E+08 0.363138E+09
  6811.00000  0.129450E+07 0.712521E+08 0.338637E+09
  6861.00000  0.181152E+07 0.614992E+08 0.314901E+09
  6911.00000  0.236727E+07 0.527448E+08 0.292001E+09
  6961.00000  0.294580E+07 0.449231E+08 0.269995E+09
  7011.00000  0.353334E+07 0.379694E+08 0.248929E+09
  7061.00000  0.411815E+07 0.318202E+08 0.228837E+09
  7111.00000  0.469027E+07 0.264141E+08 0.209744E+09
  7161.00000  0.524142E+07 0.216914E+08 0.191662E+09
  7211.00000  0.576483E+07 0.175948E+08 0.174597E+09
  7261.00000  0.625508E+07 0.140696E+08 0.158546E+09
  7311.00000  0.670795E+07 0.110634E+08 0.143499E+09
  7361.00000  0.712031E+07 0.852665E+07 0.129440E+09
  7411.00000  0.748998E+07 0.641256E+07 0.116348E+09
  7511.00000  0.809664E+07 0.327884E+07 0.929572E+08
  7611.00000  0.852542E+07 0.134297E+07 0.730782E+08
  7711.00000  0.878251E+07 0.329080E+06 0.564205E+08
  7811.00000  0.888029E+07 0.269670E+04 0.426699E+08
  7911.00000  0.883521E+07 0.167837E+06 0.315029E+08
  8011.00000  0.866608E+07 0.663657E+06 0.225980E+08
  8111.00000  0.839273E+07 0.136079E+07 0.156444E+08
  8211.00000  0.803500E+07 0.215761E+07 0.103490E+08
  8311.00000  0.761193E+07 0.297647E+07 0.644054E+07
  8411.00000  0.714128E+07 0.376018E+07 0.367265E+07
  8511.00000  0.663910E+07 0.446867E+07 0.182528E+07
  8611.00000  0.611964E+07 0.507594E+07 0.704986E+06
  8711.00000  0.559513E+07 0.556730E+07 0.144387E+06
  8811.00000  0.507591E+07 0.593695E+07 0.921361E+03
  8911.00000  0.457038E+07 0.618588E+07 0.155183E+06
  9011.00000  0.408522E+07 0.632008E+07 0.508933E+06
  9111.00000  0.362549E+07 0.634902E+07 0.982940E+06
  9211.00000  0.319481E+07 0.628441E+07 0.151477E+07
  9311.00000  0.279555E+07 0.613919E+07 0.205657E+07
  9411.00000  0.242900E+07 0.592674E+07 0.257297E+07
  9511.00000  0.209555E+07 0.566030E+07 0.303909E+07
  9611.00000  0.179484E+07 0.535247E+07 0.343871E+07
  9711.00000  0.152591E+07 0.501493E+07 0.376262E+07
  9811.00000  0.128737E+07 0.465821E+07 0.400714E+07
  9911.00000  0.107749E+07 0.429163E+07 0.417286E+07
 10011.00000  0.894289E+06 0.392318E+07 0.426353E+07
 10111.00000  0.735671E+06 0.355959E+07 0.428513E+07
 10211.00000  0.599457E+06 0.320634E+07 0.424509E+07
 10311.00000  0.483468E+06 0.286778E+07 0.415168E+07
 10411.00000  0.385564E+06 0.254719E+07 0.401350E+07
 10511.00000  0.303691E+06 0.224691E+07 0.383906E+07
 10611.00000  0.235897E+06 0.196848E+07 0.363656E+07
 10711.00000  0.180361E+06 0.171271E+07 0.341362E+07
 10811.00000  0.135403E+06 0.147982E+07 0.317717E+07
 10911.00000  0.994862E+05 0.126956E+07 0.293335E+07
 11011.00000  0.712268E+05 0.108126E+07 0.268748E+07
 11111.00000  0.493858E+05 0.913968E+06 0.244408E+07
 11211.00000  0.328674E+05 0.766504E+06 0.220686E+07
 11311.00000  0.207105E+05 0.637534E+06 0.197880E+07
 11411.00000  0.120805E+05 0.525626E+06 0.176218E+07
 11511.00000  0.626007E+04 0.429302E+06 0.155866E+07
 11611.00000  0.263821E+04 0.347078E+06 0.136937E+07
 11711.00000  0.700405E+03 0.277493E+06 0.119494E+07
 11811.00000  0.180768E+02 0.219141E+06 0.103562E+07
 11911.00000  0.238651E+03 0.170684E+06 0.891314E+06
 12011.00000  0.107603E+04 0.130869E+06 0.761664E+06
 12111.00000  0.230169E+04 0.985342E+05 0.646097E+06
 12211.00000  0.373643E+04 0.726176E+05 0.543880E+06
 12311.00000  0.524288E+04 0.521558E+05 0.454167E+06
 12411.00000  0.671875E+04 0.362844E+05 0.376037E+06
 12511.00000  0.809073E+04 0.242352E+05 0.308528E+06
 12611.00000  0.930925E+04 0.153317E+05 0.250669E+06
 12711.00000  0.103438E+05 0.898392E+04 0.201494E+06
 12811.00000  0.111788E+05 0.468203E+04 0.160068E+06
 12911.00000  0.118105E+05 0.198975E+04 0.125497E+06
 13011.00000  0.122438E+05 0.537635E+03 0.969375E+05
 13111.00000  0.124898E+05 0.162139E+02 0.736065E+05
 13211.00000  0.125640E+05 0.169330E+03 0.547822E+05
 13311.00000  0.124847E+05 0.787760E+03 0.398075E+05
 13411.00000  0.122716E+05 0.170319E+04 0.280904E+05
 13511.00000  0.119447E+05 0.278260E+04 0.191020E+05
 13611.00000  0.115240E+05 0.392311E+04 0.123742E+05
 13711.00000  0.110284E+05 0.504729E+04 0.749669E+04
 13811.00000  0.104754E+05 0.609897E+04 0.411308E+04
 13911.00000  0.988125E+04 0.703948E+04 0.191650E+04
 14011.00000  0.926035E+04 0.784435E+04 0.645449E+03
 14111.00000  0.862538E+04 0.850043E+04 0.793093E+02
 14211.00000  0.798731E+04 0.900347E+04 0.340203E+02
 14311.00000  0.735542E+04 0.935597E+04 0.357880E+03
 14411.00000  0.673738E+04 0.956536E+04 0.927563E+03
 14511.00000  0.613943E+04 0.964263E+04 0.164439E+04
 14611.00000  0.556643E+04 0.960100E+04 0.243090E+04
 14711.00000  0.502204E+04 0.945498E+04 0.322766E+04
 14811.00000  0.450888E+04 0.921966E+04 0.399049E+04
 14911.00000  0.402864E+04 0.890998E+04 0.468786E+04
 15011.00000  0.358221E+04 0.854038E+04 0.529865E+04
 15111.00000  0.316984E+04 0.812443E+04 0.581020E+04
 15211.00000  0.279121E+04 0.767461E+04 0.621656E+04
 15311.00000  0.244554E+04 0.720217E+04 0.651702E+04
 15411.00000  0.213172E+04 0.671708E+04 0.671486E+04
 15511.00000  0.184837E+04 0.622800E+04 0.681623E+04
 15611.00000  0.159390E+04 0.574228E+04 0.682933E+04
 15711.00000  0.136659E+04 0.526609E+04 0.676366E+04
 15811.00000  0.116461E+04 0.480443E+04 0.662937E+04
 15911.00000  0.986131E+03 0.436124E+04 0.643688E+04
 16011.00000  0.829288E+03 0.393955E+04 0.619645E+04
 16111.00000  0.692252E+03 0.354152E+04 0.591791E+04
 16211.00000  0.573240E+03 0.316857E+04 0.561047E+04
 16311.00000  0.470536E+03 0.282151E+04 0.528257E+04
 16411.00000  0.382501E+03 0.250060E+04 0.494180E+04
 16511.00000  0.307589E+03 0.220566E+04 0.459486E+04
 16611.00000  0.244347E+03 0.193615E+04 0.424756E+04
 16711.00000  0.191423E+03 0.169124E+04 0.390479E+04
 16811.00000  0.147565E+03 0.146988E+04 0.357063E+04
 16911.00000  0.111621E+03 0.127086E+04 0.324835E+04
 17011.00000  0.825392E+02 0.109285E+04 0.294051E+04
 17111.00000  0.593627E+02 0.934455E+03 0.264900E+04
 17211.00000  0.412272E+02 0.794253E+03 0.237512E+04
 17311.00000  0.273562E+02 0.670808E+03 0.211968E+04
 17411.00000  0.170561E+02 0.562703E+03 0.188305E+04
 17511.00000  0.971165E+01 0.468565E+03 0.166524E+04
 17611.00000  0.478009E+01 0.387067E+03 0.146593E+04
 17711.00000  0.178636E+01 0.316950E+03 0.128459E+04
 17811.00000  0.317688E+00 0.257022E+03 0.112050E+04
 17911.00000  0.184220E-01 0.206168E+03 0.972791E+03
 18011.00000  0.585043E+00 0.163350E+03 0.840493E+03
 18111.00000  0.176130E+01 0.127611E+03 0.722583E+03
 18211.00000  0.333355E+01 0.980678E+02 0.618006E+03
 18311.00000  0.512634E+01 0.739175E+02 0.525697E+03
 18411.00000  0.699817E+01 0.544287E+02 0.444609E+03
 18511.00000  0.883757E+01 0.389415E+02 0.373722E+03
 18611.00000  0.105594E+02 0.268623E+02 0.312061E+03
 18711.00000  0.121011E+02 0.176604E+02 0.258698E+03
 18811.00000  0.134201E+02 0.108642E+02 0.212765E+03
 18911.00000  0.144900E+02 0.605640E+01 0.173452E+03
 19011.00000  0.152987E+02 0.287042E+01 0.140010E+03
 19111.00000  0.158450E+02 0.986063E+00 0.111754E+03
 19311.00000  0.161909E+02 0.502551E-01 0.683484E+02
 19511.00000  0.156675E+02 0.147104E+01 0.388965E+02
 19711.00000  0.144756E+02 0.397932E+01 0.198812E+02
 19911.00000  0.128355E+02 0.671445E+01 0.849177E+01
 20111.00000  0.109572E+02 0.913604E+01 0.250997E+01
 20311.00000  0.902155E+01 0.109478E+02 0.205145E+00
 20511.00000  0.717005E+01 0.120321E+02 0.245187E+00
 20711.00000  0.550122E+01 0.123962E+02 0.162304E+01
 20911.00000  0.407273E+01 0.121268E+02 0.359755E+01
 21111.00000  0.290689E+01 0.113545E+02 0.564568E+01
 21311.00000  0.199827E+01 0.102273E+02 0.742312E+01
 21511.00000  0.132205E+01 0.888966E+01 0.873038E+01
 21711.00000  0.842090E+00 0.747035E+01 0.948260E+01
 21911.00000  0.517852E+00 0.607399E+01 0.968146E+01
 22111.00000  0.309909E+00 0.477819E+01 0.938963E+01
 22311.00000  0.183646E+00 0.363371E+01 0.870730E+01
 22511.00000  0.111318E+00 0.266708E+01 0.775192E+01
 22711.00000  0.726350E-01 0.188478E+01 0.664167E+01
 22911.00000  0.542112E-01 0.127803E+01 0.548297E+01
 23111.00000  0.482709E-01 0.827734E+00 0.436259E+01
 23311.00000  0.509859E-01 0.508985E+00 0.334357E+01
 23511.00000  0.607896E-01 0.294865E+00 0.246495E+01
 23711.00000  0.769258E-01 0.159371E+00 0.174394E+01
 23911.00000  0.984013E-01 0.794415E-01 0.118009E+01
 24111.00000  0.123413E+00 0.361119E-01 0.760139E+00
 24311.00000  0.149236E+00 0.149384E-01 0.463002E+00
 24511.00000  0.172487E+00 0.583656E-02 0.264207E+00
 24711.00000  0.189638E+00 0.251249E-02 0.139374E+00
 24911.00000  0.197639E+00 0.165497E-02 0.666397E-01
 25111.00000  0.194491E+00 0.203848E-02 0.280130E-01
 25311.00000  0.179686E+00 0.366183E-02 0.985123E-02
 25511.00000  0.154401E+00 0.701315E-02 0.265941E-02
 25711.00000  0.121442E+00 0.125188E-01 0.474808E-03
 25911.00000  0.849350E-01 0.202002E-01 0.522769E-04
 26111.00000  0.498131E-01 0.295365E-01 0.267991E-04
 26311.00000  0.211882E-01 0.395023E-01 0.168679E-03
 26511.00000  0.368582E-02 0.487411E-01 0.793330E-03
 26711.00000  0.838956E-03 0.558157E-01 0.234351E-02
 26911.00000  0.146204E-01 0.594854E-01 0.513228E-02



         13        13         1       781D   C   D    0.822591500D+05
     214
 E STATE HAS LABEL D   
 VIBRATIONAL LEVELS FOR STATE E IN 1/CM FOR J= 12
      -1315.38474
 PROPORTION OF STATE C   
  0.272704E-05
 PROPORTION OF STATE D   
  0.999997E+00
 TABLE FOR EMISSION PROBABILITIES   E(J= 12,IE) ==>F(J= 12,IF)
         IE==>      0
     1.00000  0.620974E-29
     2.00000  0.357816E-25
     3.00000  0.565599E-23
     4.00000  0.205092E-21
     5.00000  0.331914E-20
     6.00000  0.322471E-19
     7.00000  0.220304E-18
     8.00000  0.116310E-17
     9.00000  0.504335E-17
    10.00000  0.187232E-16
    11.00000  0.613031E-16
    12.00000  0.180939E-15
    13.00000  0.489499E-15
    14.00000  0.122958E-14
    15.00000  0.289729E-14
    16.00000  0.645725E-14
    17.00000  0.137044E-13
    18.00000  0.278519E-13
    19.00000  0.544593E-13
    20.00000  0.102856E-12
    21.00000  0.188279E-12
    22.00000  0.335004E-12
    23.00000  0.580857E-12
    24.00000  0.983591E-12
    25.00000  0.162976E-11
    26.00000  0.264690E-11
    27.00000  0.422000E-11
    28.00000  0.661349E-11
    29.00000  0.102004E-10
    30.00000  0.155003E-10
    31.00000  0.232288E-10
    32.00000  0.343605E-10
    33.00000  0.502097E-10
    34.00000  0.725318E-10
    35.00000  0.103651E-09
    36.00000  0.146617E-09
    37.00000  0.205404E-09
    38.00000  0.285147E-09
    39.00000  0.392440E-09
    40.00000  0.535686E-09
    42.00000  0.975388E-09
    44.00000  0.172637E-08
    46.00000  0.297763E-08
    48.00000  0.501585E-08
    50.00000  0.826780E-08
    52.00000  0.133582E-07
    54.00000  0.211875E-07
    56.00000  0.330348E-07
    58.00000  0.506930E-07
    60.00000  0.766449E-07
    62.00000  0.114288E-06
    64.00000  0.168223E-06
    66.00000  0.244616E-06
    68.00000  0.351653E-06
    70.00000  0.500105E-06
    72.00000  0.704029E-06
    74.00000  0.981627E-06
    76.00000  0.135629E-05
    78.00000  0.185789E-05
    80.00000  0.252429E-05
    82.00000  0.340319E-05
    84.00000  0.455436E-05
    86.00000  0.605224E-05
    88.00000  0.798902E-05
    90.00000  0.104783E-04
    92.00000  0.136595E-04
    94.00000  0.177025E-04
    96.00000  0.228142E-04
    98.00000  0.292445E-04
   100.00000  0.372949E-04
   102.00000  0.473274E-04
   104.00000  0.597748E-04
   106.00000  0.751533E-04
   108.00000  0.940757E-04
   110.00000  0.117268E-03
   112.00000  0.145586E-03
   114.00000  0.180038E-03
   116.00000  0.221806E-03
   118.00000  0.272274E-03
   122.00000  0.406023E-03
   126.00000  0.597598E-03
   130.00000  0.868871E-03
   134.00000  0.124891E-02
   138.00000  0.177602E-02
   142.00000  0.250028E-02
   146.00000  0.348672E-02
   150.00000  0.481914E-02
   154.00000  0.660496E-02
   158.00000  0.898103E-02
   162.00000  0.121208E-01
   166.00000  0.162430E-01
   170.00000  0.216222E-01
   174.00000  0.286015E-01
   178.00000  0.376078E-01
   182.00000  0.491707E-01
   186.00000  0.639446E-01
   190.00000  0.827362E-01
   194.00000  0.106537E+00
   198.00000  0.136562E+00
   202.00000  0.174297E+00
   206.00000  0.221557E+00
   210.00000  0.280552E+00
   214.00000  0.353970E+00
   218.00000  0.445075E+00
   222.00000  0.557834E+00
   226.00000  0.697053E+00
   230.00000  0.868560E+00
   234.00000  0.107942E+01
   238.00000  0.133818E+01
   242.00000  0.165521E+01
   246.00000  0.204307E+01
   250.00000  0.251699E+01
   254.00000  0.309544E+01
   258.00000  0.380086E+01
   262.00000  0.466057E+01
   266.00000  0.570781E+01
   270.00000  0.698314E+01
   274.00000  0.853616E+01
   282.00000  0.127318E+02
   290.00000  0.189667E+02
   298.00000  0.282632E+02
   306.00000  0.421933E+02
   314.00000  0.631951E+02
   322.00000  0.950729E+02
   330.00000  0.143748E+03
   338.00000  0.218248E+03
   346.00000  0.331534E+03
   354.00000  0.499438E+03
   362.00000  0.733263E+03
   370.00000  0.102038E+04
   378.00000  0.130214E+04
   386.00000  0.149158E+04
   394.00000  0.154292E+04
   402.00000  0.148348E+04
   410.00000  0.137003E+04
   418.00000  0.124520E+04
   426.00000  0.112965E+04
   434.00000  0.103007E+04
   442.00000  0.946741E+03
   450.00000  0.877675E+03
   458.00000  0.820425E+03
   466.00000  0.772723E+03
   474.00000  0.732664E+03
   482.00000  0.698714E+03
   490.00000  0.669654E+03
   498.00000  0.644527E+03
   506.00000  0.622573E+03
   514.00000  0.603194E+03
   522.00000  0.585908E+03
   530.00000  0.570331E+03
   538.00000  0.556152E+03
   546.00000  0.543120E+03
   554.00000  0.531031E+03
   562.00000  0.519718E+03
   570.00000  0.509045E+03
   578.00000  0.498899E+03
   586.00000  0.489186E+03
   596.00000  0.477538E+03
   606.00000  0.466326E+03
   616.00000  0.455456E+03
   626.00000  0.444853E+03
   636.00000  0.434458E+03
   646.00000  0.424226E+03
   656.00000  0.414121E+03
   666.00000  0.404116E+03
   676.00000  0.394194E+03
   686.00000  0.384340E+03
   696.00000  0.374547E+03
   706.00000  0.364808E+03
   716.00000  0.355120E+03
   726.00000  0.345486E+03
   736.00000  0.335906E+03
   746.00000  0.326385E+03
   756.00000  0.316929E+03
   766.00000  0.307543E+03
   776.00000  0.298232E+03
   786.00000  0.289003E+03
   796.00000  0.279863E+03
   806.00000  0.270820E+03
   816.00000  0.261878E+03
   826.00000  0.253046E+03
   836.00000  0.244329E+03
   846.00000  0.235732E+03
   856.00000  0.227262E+03
   866.00000  0.218923E+03
   876.00000  0.210721E+03
   886.00000  0.202661E+03
   896.00000  0.194746E+03
   906.00000  0.186981E+03
   916.00000  0.179369E+03
   926.00000  0.171914E+03
   936.00000  0.164619E+03
   946.00000  0.157486E+03
   956.00000  0.150518E+03
   966.00000  0.143717E+03
   976.00000  0.137085E+03
   986.00000  0.130623E+03
   996.00000  0.124332E+03
  1006.00000  0.118214E+03
  1016.00000  0.112269E+03
  1026.00000  0.106497E+03
  1036.00000  0.100899E+03
  1046.00000  0.954742E+02
  1056.00000  0.902223E+02
  1066.00000  0.851426E+02
  1076.00000  0.802344E+02
  1086.00000  0.754967E+02
  1096.00000  0.709282E+02
  1106.00000  0.665278E+02
  1116.00000  0.622938E+02
  1126.00000  0.582246E+02
  1136.00000  0.543184E+02
  1146.00000  0.505732E+02
  1156.00000  0.469869E+02
  1166.00000  0.435574E+02
  1176.00000  0.402823E+02
  1186.00000  0.371594E+02
  1196.00000  0.341862E+02
  1206.00000  0.313600E+02
  1216.00000  0.286783E+02
  1226.00000  0.261384E+02
  1236.00000  0.237374E+02
  1246.00000  0.214726E+02
  1256.00000  0.193410E+02
  1266.00000  0.173398E+02
  1276.00000  0.154659E+02
  1286.00000  0.137165E+02
  1296.00000  0.120883E+02
  1306.00000  0.105785E+02
  1316.00000  0.918388E+01
  1326.00000  0.790139E+01
  1336.00000  0.672795E+01
  1346.00000  0.566046E+01
  1356.00000  0.469584E+01
  1366.00000  0.383099E+01
  1376.00000  0.306284E+01
  1386.00000  0.238830E+01
  1396.00000  0.180434E+01
  1406.00000  0.130789E+01
  1416.00000  0.895958E+00
  1426.00000  0.565535E+00
  1436.00000  0.313655E+00
  1446.00000  0.137375E+00
  1456.00000  0.337837E-01
  1466.00000  0.213395E-06
  1476.00000  0.331792E-01
  1486.00000  0.130512E+00
  1496.00000  0.289226E+00
  1506.00000  0.506591E+00
  1516.00000  0.779917E+00
  1526.00000  0.110656E+01
  1536.00000  0.148391E+01
  1546.00000  0.190941E+01
  1556.00000  0.238055E+01
  1566.00000  0.289487E+01
  1576.00000  0.344996E+01
  1586.00000  0.404344E+01
  1596.00000  0.467300E+01
  1606.00000  0.533637E+01
  1616.00000  0.603133E+01
  1626.00000  0.675573E+01
  1636.00000  0.750743E+01
  1646.00000  0.828439E+01
  1656.00000  0.908459E+01
  1666.00000  0.990608E+01
  1676.00000  0.107469E+02
  1686.00000  0.116053E+02
  1696.00000  0.124794E+02
  1706.00000  0.133675E+02
  1716.00000  0.142678E+02
  1726.00000  0.151787E+02
  1736.00000  0.160986E+02
  1746.00000  0.170260E+02
  1756.00000  0.179593E+02
  1766.00000  0.188972E+02
  1776.00000  0.198382E+02
  1786.00000  0.207810E+02
  1796.00000  0.217243E+02
  1806.00000  0.226667E+02
  1816.00000  0.236072E+02
  1826.00000  0.245446E+02
  1836.00000  0.254777E+02
  1846.00000  0.264055E+02
  1856.00000  0.273269E+02
  1866.00000  0.282411E+02
  1876.00000  0.291470E+02
  1886.00000  0.300438E+02
  1896.00000  0.309306E+02
  1906.00000  0.318066E+02
  1916.00000  0.326710E+02
  1926.00000  0.335232E+02
  1936.00000  0.343624E+02
  1946.00000  0.351880E+02
  1956.00000  0.359993E+02
  1966.00000  0.367958E+02
  1976.00000  0.375770E+02
  1986.00000  0.383423E+02
  1996.00000  0.390913E+02
  2006.00000  0.398235E+02
  2016.00000  0.405385E+02
  2026.00000  0.412359E+02
  2036.00000  0.419154E+02
  2046.00000  0.425766E+02
  2056.00000  0.432194E+02
  2066.00000  0.438434E+02
  2076.00000  0.444483E+02
  2086.00000  0.450341E+02
  2096.00000  0.456004E+02
  2106.00000  0.461473E+02
  2116.00000  0.466744E+02
  2126.00000  0.471818E+02
  2136.00000  0.476694E+02
  2146.00000  0.481370E+02
  2156.00000  0.485846E+02
  2166.00000  0.490123E+02
  2176.00000  0.494200E+02
  2186.00000  0.498078E+02
  2196.00000  0.501756E+02
  2206.00000  0.505236E+02
  2216.00000  0.508518E+02
  2226.00000  0.511603E+02
  2236.00000  0.514493E+02
  2246.00000  0.517187E+02
  2256.00000  0.519688E+02
  2266.00000  0.521997E+02
  2276.00000  0.524115E+02
  2286.00000  0.526045E+02
  2296.00000  0.527788E+02
  2306.00000  0.529346E+02
  2316.00000  0.530721E+02
  2326.00000  0.531915E+02
  2336.00000  0.532931E+02
  2346.00000  0.533770E+02
  2356.00000  0.534435E+02
  2366.00000  0.534929E+02
  2376.00000  0.535254E+02
  2386.00000  0.535413E+02
  2396.00000  0.535408E+02
  2406.00000  0.535242E+02
  2416.00000  0.534918E+02
  2426.00000  0.534439E+02
  2436.00000  0.533808E+02
  2446.00000  0.533027E+02
  2456.00000  0.532100E+02
  2466.00000  0.531030E+02
  2476.00000  0.529819E+02
  2486.00000  0.528472E+02
  2496.00000  0.526990E+02
  2506.00000  0.525377E+02
  2516.00000  0.523636E+02
  2526.00000  0.521770E+02
  2536.00000  0.519783E+02
  2546.00000  0.517678E+02
  2556.00000  0.515457E+02
  2566.00000  0.513125E+02
  2576.00000  0.510683E+02
  2586.00000  0.508136E+02
  2596.00000  0.505486E+02
  2606.00000  0.502737E+02
  2616.00000  0.499892E+02
  2626.00000  0.496953E+02
  2636.00000  0.493924E+02
  2646.00000  0.490808E+02
  2656.00000  0.487608E+02
  2666.00000  0.484327E+02
  2676.00000  0.480968E+02
  2686.00000  0.477535E+02
  2696.00000  0.474029E+02
  2706.00000  0.470455E+02
  2716.00000  0.466814E+02
  2726.00000  0.463110E+02
  2736.00000  0.459346E+02
  2746.00000  0.455524E+02
  2756.00000  0.451647E+02
  2766.00000  0.447718E+02
  2776.00000  0.443739E+02
  2786.00000  0.439714E+02
  2796.00000  0.435645E+02
  2806.00000  0.431535E+02
  2816.00000  0.427385E+02
  2826.00000  0.423199E+02
  2836.00000  0.418980E+02
  2846.00000  0.414729E+02
  2856.00000  0.410449E+02
  2866.00000  0.406142E+02
  2876.00000  0.401810E+02
  2886.00000  0.397457E+02
  2896.00000  0.393084E+02
  2906.00000  0.388692E+02
  2916.00000  0.384286E+02
  2926.00000  0.379865E+02
  2936.00000  0.375434E+02
  2946.00000  0.370993E+02
  2956.00000  0.366544E+02
  2966.00000  0.362090E+02
  2976.00000  0.357632E+02
  2986.00000  0.353172E+02
  2996.00000  0.348712E+02
  3006.00000  0.344254E+02
  3016.00000  0.339799E+02
  3026.00000  0.335349E+02
  3036.00000  0.330905E+02
  3046.00000  0.326469E+02
  3056.00000  0.322043E+02
  3066.00000  0.317628E+02
  3076.00000  0.313226E+02
  3086.00000  0.308837E+02
  3096.00000  0.304464E+02
  3106.00000  0.300107E+02
  3116.00000  0.295768E+02
  3126.00000  0.291448E+02
  3136.00000  0.287148E+02
  3146.00000  0.282869E+02
  3156.00000  0.278613E+02
  3166.00000  0.274380E+02
  3176.00000  0.270172E+02
  3186.00000  0.265989E+02
  3196.00000  0.261832E+02
  3206.00000  0.257703E+02
  3216.00000  0.253602E+02
  3226.00000  0.249530E+02
  3236.00000  0.245488E+02
  3246.00000  0.241477E+02
  3256.00000  0.237496E+02
  3266.00000  0.233548E+02
  3276.00000  0.229633E+02
  3286.00000  0.225751E+02
  3296.00000  0.221903E+02
  3306.00000  0.218089E+02
  3316.00000  0.214311E+02
  3326.00000  0.210568E+02
  3336.00000  0.206861E+02
  3346.00000  0.203190E+02
  3356.00000  0.199556E+02
  3366.00000  0.195960E+02
  3376.00000  0.192401E+02
  3386.00000  0.188881E+02
  3396.00000  0.185398E+02
  3406.00000  0.181954E+02
  3416.00000  0.178549E+02
  3426.00000  0.175183E+02
  3436.00000  0.171857E+02
  3446.00000  0.168569E+02
  3456.00000  0.165322E+02
  3466.00000  0.162114E+02
  3476.00000  0.158946E+02
  3486.00000  0.155818E+02
  3496.00000  0.152730E+02
  3506.00000  0.149682E+02
  3516.00000  0.146674E+02
  3526.00000  0.143706E+02
  3536.00000  0.140778E+02
  3546.00000  0.137891E+02
  3556.00000  0.135044E+02
  3566.00000  0.132236E+02
  3576.00000  0.129469E+02
  3586.00000  0.126741E+02
  3596.00000  0.124054E+02
  3606.00000  0.121405E+02
  3616.00000  0.118797E+02
  3626.00000  0.116228E+02
  3636.00000  0.113698E+02
  3646.00000  0.111207E+02
  3656.00000  0.108755E+02
  3666.00000  0.106341E+02
  3676.00000  0.103966E+02
  3686.00000  0.101630E+02
  3696.00000  0.993310E+01
  3706.00000  0.970701E+01
  3716.00000  0.948468E+01
  3726.00000  0.926608E+01
  3736.00000  0.905118E+01
  3746.00000  0.883995E+01
  3756.00000  0.863237E+01
  3766.00000  0.842840E+01
  3776.00000  0.822802E+01
  3786.00000  0.803120E+01
  3796.00000  0.783790E+01
  3806.00000  0.764810E+01
  3816.00000  0.746175E+01
  3826.00000  0.727884E+01
  3836.00000  0.709931E+01
  3846.00000  0.692315E+01
  3856.00000  0.675031E+01
  3866.00000  0.658076E+01
  3876.00000  0.641447E+01
  3886.00000  0.625139E+01
  3896.00000  0.609150E+01
  3906.00000  0.593475E+01
  3916.00000  0.578112E+01
  3926.00000  0.563055E+01
  3936.00000  0.548302E+01
  3946.00000  0.533848E+01
  3956.00000  0.519691E+01
  3966.00000  0.505826E+01
  3976.00000  0.492249E+01
  3986.00000  0.478957E+01
  3996.00000  0.465946E+01
  4006.00000  0.453212E+01
  4016.00000  0.440751E+01
  4026.00000  0.428559E+01
  4036.00000  0.416633E+01
  4046.00000  0.404968E+01
  4056.00000  0.393561E+01
  4066.00000  0.382408E+01
  4076.00000  0.371506E+01
  4086.00000  0.360850E+01
  4096.00000  0.350436E+01
  4106.00000  0.340262E+01
  4116.00000  0.330322E+01
  4126.00000  0.320614E+01
  4136.00000  0.311133E+01
  4146.00000  0.301876E+01
  4156.00000  0.292840E+01
  4166.00000  0.284019E+01
  4176.00000  0.275412E+01
  4186.00000  0.267014E+01
  4196.00000  0.258821E+01
  4206.00000  0.250830E+01
  4216.00000  0.243038E+01
  4226.00000  0.235440E+01
  4236.00000  0.228034E+01
  4246.00000  0.220815E+01
  4256.00000  0.213781E+01
  4266.00000  0.206928E+01
  4276.00000  0.200252E+01
  4286.00000  0.193750E+01
  4296.00000  0.187419E+01
  4306.00000  0.181256E+01
  4316.00000  0.175257E+01
  4326.00000  0.169418E+01
  4336.00000  0.163738E+01
  4346.00000  0.158212E+01
  4356.00000  0.152838E+01
  4366.00000  0.147611E+01
  4376.00000  0.142531E+01
  4386.00000  0.137592E+01
  4396.00000  0.132792E+01
  4406.00000  0.128129E+01
  4416.00000  0.123600E+01
  4426.00000  0.119200E+01
  4436.00000  0.114928E+01
  4446.00000  0.110782E+01
  4456.00000  0.106757E+01
  4466.00000  0.102851E+01
  4476.00000  0.990622E+00
  4486.00000  0.953872E+00
  4511.00000  0.866811E+00
  4536.00000  0.786310E+00
  4561.00000  0.711986E+00
  4586.00000  0.643469E+00
  4611.00000  0.580404E+00
  4636.00000  0.522454E+00
  4661.00000  0.469292E+00
  4686.00000  0.420607E+00
  4711.00000  0.376103E+00
  4736.00000  0.335498E+00
  4761.00000  0.298521E+00
  4786.00000  0.264918E+00
  4811.00000  0.234445E+00
  4836.00000  0.206871E+00
  4861.00000  0.181979E+00
  4886.00000  0.159562E+00
  4911.00000  0.139426E+00
  4936.00000  0.121388E+00
  4961.00000  0.105274E+00
  4986.00000  0.909237E-01
  5011.00000  0.781838E-01
  5036.00000  0.669121E-01
  5061.00000  0.569755E-01
  5086.00000  0.482498E-01
  5111.00000  0.406193E-01
  5136.00000  0.339762E-01
  5161.00000  0.282209E-01
  5186.00000  0.232607E-01
  5211.00000  0.190104E-01
  5236.00000  0.153911E-01
  5261.00000  0.123305E-01
  5286.00000  0.976232E-02
  5311.00000  0.762577E-02
  5336.00000  0.586555E-02
  5361.00000  0.443138E-02
  5386.00000  0.327774E-02
  5411.00000  0.236358E-02
  5436.00000  0.165201E-02
  5461.00000  0.111006E-02
  5511.00000  0.421158E-03
  5561.00000  0.101700E-03
  5611.00000  0.347019E-05
  5661.00000  0.183330E-04
  5711.00000  0.719702E-04
  5761.00000  0.118224E-03
  5811.00000  0.134021E-03
  5861.00000  0.114844E-03
  5911.00000  0.707314E-04
  5961.00000  0.227648E-04
  6011.00000  0.833021E-08
  6061.00000  0.368767E-04
  6111.00000  0.170888E-03
  6161.00000  0.440774E-03
  6211.00000  0.884911E-03
  6261.00000  0.154005E-02
  6311.00000  0.244027E-02
  6361.00000  0.361626E-02
  6411.00000  0.509467E-02
  6461.00000  0.689774E-02
  6511.00000  0.904306E-02
  6561.00000  0.115434E-01
  6611.00000  0.144069E-01
  6661.00000  0.176370E-01
  6711.00000  0.212324E-01
  6761.00000  0.251878E-01
  6811.00000  0.294939E-01
  6861.00000  0.341378E-01
  6911.00000  0.391031E-01
  6961.00000  0.443706E-01
  7011.00000  0.499186E-01
  7061.00000  0.557230E-01
  7111.00000  0.617583E-01
  7161.00000  0.679970E-01
  7211.00000  0.744109E-01
  7261.00000  0.809709E-01
  7311.00000  0.876476E-01
  7361.00000  0.944112E-01
  7411.00000  0.101232E+00
  7511.00000  0.114931E+00
  7611.00000  0.128518E+00
  7711.00000  0.141783E+00
  7811.00000  0.154536E+00
  7911.00000  0.166611E+00
  8011.00000  0.177864E+00
  8111.00000  0.188180E+00
  8211.00000  0.197467E+00
  8311.00000  0.205660E+00
  8411.00000  0.212717E+00
  8511.00000  0.218616E+00
  8611.00000  0.223357E+00
  8711.00000  0.226957E+00
  8811.00000  0.229447E+00
  8911.00000  0.230872E+00
  9011.00000  0.231286E+00
  9111.00000  0.230751E+00
  9211.00000  0.229336E+00
  9311.00000  0.227114E+00
  9411.00000  0.224161E+00
  9511.00000  0.220553E+00
  9611.00000  0.216367E+00
  9711.00000  0.211676E+00
  9811.00000  0.206554E+00
  9911.00000  0.201070E+00
 10011.00000  0.195290E+00
 10111.00000  0.189277E+00
 10211.00000  0.183087E+00
 10311.00000  0.176775E+00
 10411.00000  0.170388E+00
 10511.00000  0.163972E+00
 10611.00000  0.157565E+00
 10711.00000  0.151202E+00
 10811.00000  0.144916E+00
 10911.00000  0.138732E+00
 11011.00000  0.132674E+00
 11111.00000  0.126762E+00
 11211.00000  0.121012E+00
 11311.00000  0.115437E+00
 11411.00000  0.110048E+00
 11511.00000  0.104853E+00
 11611.00000  0.998588E-01
 11711.00000  0.950682E-01
 11811.00000  0.904835E-01
 11911.00000  0.861053E-01
 12011.00000  0.819327E-01
 12111.00000  0.779637E-01
 12211.00000  0.741953E-01
 12311.00000  0.706237E-01
 12411.00000  0.672441E-01
 12511.00000  0.640515E-01
 12611.00000  0.610404E-01
 12711.00000  0.582046E-01
 12811.00000  0.555382E-01
 12911.00000  0.530347E-01
 13011.00000  0.506876E-01
 13111.00000  0.484906E-01
 13211.00000  0.464370E-01
 13311.00000  0.445205E-01
 13411.00000  0.427348E-01
 13511.00000  0.410738E-01
 13611.00000  0.395315E-01
 13711.00000  0.381021E-01
 13811.00000  0.367799E-01
 13911.00000  0.355597E-01
 14011.00000  0.344362E-01
 14111.00000  0.334045E-01
 14211.00000  0.324600E-01
 14311.00000  0.315981E-01
 14411.00000  0.308147E-01
 14511.00000  0.301056E-01
 14611.00000  0.294672E-01
 14711.00000  0.288958E-01
 14811.00000  0.283880E-01
 14911.00000  0.279406E-01
 15011.00000  0.275506E-01
 15111.00000  0.272151E-01
 15211.00000  0.269314E-01
 15311.00000  0.266969E-01
 15411.00000  0.265092E-01
 15511.00000  0.263659E-01
 15611.00000  0.262648E-01
 15711.00000  0.262038E-01
 15811.00000  0.261808E-01
 15911.00000  0.261938E-01
 16011.00000  0.262408E-01
 16111.00000  0.263201E-01
 16211.00000  0.264295E-01
 16311.00000  0.265674E-01
 16411.00000  0.267319E-01
 16511.00000  0.269211E-01
 16611.00000  0.271331E-01
 16711.00000  0.273662E-01
 16811.00000  0.276185E-01
 16911.00000  0.278880E-01
 17011.00000  0.281728E-01
 17111.00000  0.284709E-01
 17211.00000  0.287805E-01
 17311.00000  0.290993E-01
 17411.00000  0.294254E-01
 17511.00000  0.297566E-01
 17611.00000  0.300908E-01
 17711.00000  0.304258E-01
 17811.00000  0.307594E-01
 17911.00000  0.310894E-01
 18011.00000  0.314134E-01
 18111.00000  0.317292E-01
 18211.00000  0.320345E-01
 18311.00000  0.323271E-01
 18411.00000  0.326045E-01
 18511.00000  0.328645E-01
 18611.00000  0.331049E-01
 18711.00000  0.333234E-01
 18811.00000  0.335179E-01
 18911.00000  0.336861E-01
 19011.00000  0.338260E-01
 19111.00000  0.339355E-01
 19311.00000  0.340558E-01
 19511.00000  0.340328E-01
 19711.00000  0.338538E-01
 19911.00000  0.335086E-01
 20111.00000  0.329892E-01
 20311.00000  0.322905E-01
 20511.00000  0.314103E-01
 20711.00000  0.303498E-01
 20911.00000  0.291134E-01
 21111.00000  0.277091E-01
 21311.00000  0.261483E-01
 21511.00000  0.244460E-01
 21711.00000  0.226206E-01
 21911.00000  0.206935E-01
 22111.00000  0.186895E-01
 22311.00000  0.166359E-01
 22511.00000  0.145624E-01
 22711.00000  0.125009E-01
 22911.00000  0.104846E-01
 23111.00000  0.854808E-02
 23311.00000  0.672634E-02
 23511.00000  0.505453E-02
 23711.00000  0.356725E-02
 23911.00000  0.229807E-02
 24111.00000  0.127900E-02
 24311.00000  0.539909E-03
 24511.00000  0.108018E-03
 24711.00000  0.743595E-05
 24911.00000  0.258706E-03
 25111.00000  0.878405E-03
 25311.00000  0.187881E-02
 25511.00000  0.326760E-02
 25711.00000  0.504769E-02
 25911.00000  0.721696E-02
 26111.00000  0.976838E-02
 26311.00000  0.126898E-01
 26511.00000  0.159641E-01
 26711.00000  0.195694E-01
 26911.00000  0.234794E-01



