
          8         8        13       781C   C   D    0.822591500D+05
 E STATE HAS LABEL C   
 VIBRATIONAL LEVELS FOR STATE E IN 1/CM FOR J=  7
     -17637.39082    -15414.71034    -13324.27606    -11364.00876
     -9532.62572     -7830.61007     -6259.62933     -4823.52996
     -3528.18772     -2382.95106     -1402.38243      -608.52695
       -39.32433
 PROPORTION OF STATE C   
  0.999998E+00 0.999994E+00 0.999991E+00 0.999989E+00 0.999988E+00
  0.999987E+00 0.999987E+00 0.999986E+00 0.999987E+00 0.999987E+00
  0.999988E+00 0.999990E+00 0.999993E+00
 PROPORTION OF STATE D   
  0.176317E-05 0.561308E-05 0.857978E-05 0.107480E-04 0.122175E-04
  0.130914E-04 0.134854E-04 0.135061E-04 0.132386E-04 0.126996E-04
  0.118086E-04 0.102652E-04 0.741018E-05
 TABLE FOR EMISSION PROBABILITIES   E(J=  7,IE) ==>F(J=  7,IF)
         IE==>      0            1            2            3
        1.00  0.601787E-16 0.881020E-13 0.681735E-11 0.859704E-09
        2.00  0.103538E-13 0.151344E-10 0.116828E-08 0.147655E-06
        3.00  0.206099E-12 0.300792E-09 0.231631E-07 0.293406E-05
        4.00  0.169731E-11 0.247331E-08 0.190002E-06 0.241213E-04
        5.00  0.862140E-11 0.125437E-07 0.961288E-06 0.122312E-03
        6.00  0.322676E-10 0.468753E-07 0.358362E-05 0.456990E-03
        7.00  0.978404E-10 0.141915E-06 0.108232E-04 0.138328E-02
        8.00  0.254336E-09 0.368344E-06 0.280238E-04 0.358969E-02
        9.00  0.587869E-09 0.850085E-06 0.645183E-04 0.828295E-02
       10.00  0.123864E-08 0.178840E-05 0.135404E-03 0.174224E-01
       11.00  0.242165E-08 0.349119E-05 0.263686E-03 0.340044E-01
       12.00  0.445118E-08 0.640735E-05 0.482767E-03 0.623966E-01
       13.00  0.776892E-08 0.111663E-04 0.839292E-03 0.108720E+00
       14.00  0.129758E-07 0.186221E-04 0.139630E-02 0.181281E+00
       15.00  0.208675E-07 0.299028E-04 0.223669E-02 0.291042E+00
       16.00  0.324726E-07 0.464632E-04 0.346695E-02 0.452140E+00
       17.00  0.490949E-07 0.701423E-04 0.522111E-02 0.682440E+00
       18.00  0.723573E-07 0.103224E-03 0.766488E-02 0.100412E+01
       19.00  0.104249E-06 0.148499E-03 0.110000E-01 0.144427E+01
       20.00  0.147173E-06 0.209333E-03 0.154685E-01 0.203556E+01
       21.00  0.203998E-06 0.289731E-03 0.213573E-01 0.281683E+01
       22.00  0.278108E-06 0.394407E-03 0.290027E-01 0.383381E+01
       23.00  0.373459E-06 0.528856E-03 0.387947E-01 0.513977E+01
       24.00  0.494629E-06 0.699421E-03 0.511816E-01 0.679620E+01
       25.00  0.646877E-06 0.913372E-03 0.666750E-01 0.887352E+01
       26.00  0.836199E-06 0.117897E-02 0.858537E-01 0.114518E+02
       27.00  0.106938E-05 0.150556E-02 0.109369E+00 0.146214E+02
       28.00  0.135407E-05 0.190362E-02 0.137947E+00 0.184838E+02
       29.00  0.169882E-05 0.238484E-02 0.172397E+00 0.231521E+02
       30.00  0.211315E-05 0.296223E-02 0.213612E+00 0.287521E+02
       31.00  0.260760E-05 0.365011E-02 0.262574E+00 0.354225E+02
       32.00  0.319378E-05 0.446428E-02 0.320356E+00 0.433156E+02
       33.00  0.388446E-05 0.542197E-02 0.388128E+00 0.525983E+02
       34.00  0.469354E-05 0.654201E-02 0.467159E+00 0.634522E+02
       35.00  0.563620E-05 0.784480E-02 0.558818E+00 0.760743E+02
       36.00  0.672886E-05 0.935241E-02 0.664580E+00 0.906778E+02
       37.00  0.798928E-05 0.110887E-01 0.786026E+00 0.107492E+03
       38.00  0.943659E-05 0.130791E-01 0.924844E+00 0.126764E+03
       39.00  0.110913E-04 0.153511E-01 0.108284E+01 0.148758E+03
       40.00  0.129756E-04 0.179339E-01 0.126192E+01 0.173755E+03
       42.00  0.175281E-04 0.241589E-01 0.169160E+01 0.233981E+03
       44.00  0.233012E-04 0.320275E-01 0.223155E+01 0.310077E+03
       46.00  0.305282E-04 0.418459E-01 0.290132E+01 0.404987E+03
       48.00  0.394687E-04 0.539536E-01 0.372239E+01 0.521978E+03
       50.00  0.504100E-04 0.687237E-01 0.471807E+01 0.664632E+03
       52.00  0.636665E-04 0.865626E-01 0.591346E+01 0.836851E+03
       54.00  0.795798E-04 0.107909E+00 0.733536E+01 0.104284E+04
       56.00  0.985183E-04 0.133234E+00 0.901215E+01 0.128712E+04
       58.00  0.120877E-03 0.163039E+00 0.109737E+02 0.157449E+04
       60.00  0.147075E-03 0.197855E+00 0.132511E+02 0.191002E+04
       62.00  0.177556E-03 0.238236E+00 0.158766E+02 0.229902E+04
       64.00  0.212785E-03 0.284764E+00 0.188832E+02 0.274703E+04
       66.00  0.253244E-03 0.338035E+00 0.223043E+02 0.325974E+04
       68.00  0.299427E-03 0.398656E+00 0.261736E+02 0.384295E+04
       70.00  0.351839E-03 0.467243E+00 0.305241E+02 0.450249E+04
       72.00  0.410984E-03 0.544406E+00 0.353879E+02 0.524417E+04
       74.00  0.477364E-03 0.630745E+00 0.407958E+02 0.607369E+04
       76.00  0.551473E-03 0.726843E+00 0.467768E+02 0.699654E+04
       78.00  0.633785E-03 0.833254E+00 0.533571E+02 0.801798E+04
       80.00  0.724751E-03 0.950496E+00 0.605603E+02 0.914286E+04
       82.00  0.824788E-03 0.107904E+01 0.684062E+02 0.103756E+05
       84.00  0.934270E-03 0.121929E+01 0.769102E+02 0.117200E+05
       86.00  0.105352E-02 0.137159E+01 0.860829E+02 0.131792E+05
       88.00  0.118280E-02 0.153619E+01 0.959294E+02 0.147556E+05
       90.00  0.132230E-02 0.171325E+01 0.106449E+03 0.164504E+05
       92.00  0.147212E-02 0.190283E+01 0.117633E+03 0.182642E+05
       94.00  0.163228E-02 0.210487E+01 0.129467E+03 0.201963E+05
       96.00  0.180272E-02 0.231920E+01 0.141931E+03 0.222449E+05
       98.00  0.198326E-02 0.254552E+01 0.154995E+03 0.244070E+05
      100.00  0.217365E-02 0.278341E+01 0.168623E+03 0.266785E+05
      102.00  0.237352E-02 0.303235E+01 0.182775E+03 0.290541E+05
      104.00  0.258241E-02 0.329167E+01 0.197401E+03 0.315276E+05
      106.00  0.279977E-02 0.356062E+01 0.212447E+03 0.340916E+05
      108.00  0.302497E-02 0.383833E+01 0.227854E+03 0.367375E+05
      110.00  0.325728E-02 0.412384E+01 0.243558E+03 0.394561E+05
      112.00  0.349591E-02 0.441609E+01 0.259491E+03 0.422373E+05
      114.00  0.374000E-02 0.471397E+01 0.275583E+03 0.450704E+05
      116.00  0.398865E-02 0.501631E+01 0.291763E+03 0.479442E+05
      118.00  0.424091E-02 0.532192E+01 0.307957E+03 0.508471E+05
      122.00  0.475244E-02 0.593807E+01 0.340105E+03 0.566939E+05
      126.00  0.526693E-02 0.655285E+01 0.371477E+03 0.625194E+05
      130.00  0.577707E-02 0.715733E+01 0.401584E+03 0.682384E+05
      134.00  0.627625E-02 0.774351E+01 0.430008E+03 0.737751E+05
      138.00  0.675874E-02 0.830470E+01 0.456419E+03 0.790660E+05
      142.00  0.721988E-02 0.883554E+01 0.480578E+03 0.840608E+05
      146.00  0.765613E-02 0.933214E+01 0.502333E+03 0.887231E+05
      150.00  0.806506E-02 0.979205E+01 0.521617E+03 0.930302E+05
      154.00  0.844530E-02 0.102141E+02 0.538435E+03 0.969717E+05
      158.00  0.879637E-02 0.105982E+02 0.552851E+03 0.100548E+06
      162.00  0.911852E-02 0.109451E+02 0.564974E+03 0.103766E+06
      166.00  0.941254E-02 0.112562E+02 0.574939E+03 0.106641E+06
      170.00  0.967962E-02 0.115334E+02 0.582903E+03 0.109191E+06
      174.00  0.992121E-02 0.117789E+02 0.589029E+03 0.111437E+06
      178.00  0.101390E-01 0.119949E+02 0.593487E+03 0.113401E+06
      182.00  0.103346E-01 0.121838E+02 0.596443E+03 0.115107E+06
      186.00  0.105100E-01 0.123481E+02 0.598058E+03 0.116578E+06
      190.00  0.106668E-01 0.124902E+02 0.598485E+03 0.117837E+06
      194.00  0.108068E-01 0.126121E+02 0.597865E+03 0.118904E+06
      198.00  0.109315E-01 0.127160E+02 0.596326E+03 0.119800E+06
      202.00  0.110423E-01 0.128038E+02 0.593983E+03 0.120543E+06
      206.00  0.111407E-01 0.128771E+02 0.590939E+03 0.121149E+06
      210.00  0.112278E-01 0.129375E+02 0.587289E+03 0.121633E+06
      214.00  0.113048E-01 0.129865E+02 0.583114E+03 0.122008E+06
      218.00  0.113726E-01 0.130253E+02 0.578489E+03 0.122287E+06
      222.00  0.114322E-01 0.130550E+02 0.573480E+03 0.122482E+06
      226.00  0.114845E-01 0.130768E+02 0.568145E+03 0.122600E+06
      230.00  0.115300E-01 0.130915E+02 0.562534E+03 0.122653E+06
      234.00  0.115697E-01 0.130998E+02 0.556692E+03 0.122646E+06
      238.00  0.116038E-01 0.131026E+02 0.550655E+03 0.122587E+06
      242.00  0.116331E-01 0.131005E+02 0.544458E+03 0.122482E+06
      246.00  0.116578E-01 0.130939E+02 0.538129E+03 0.122335E+06
      250.00  0.116785E-01 0.130833E+02 0.531693E+03 0.122151E+06
      254.00  0.116955E-01 0.130692E+02 0.525174E+03 0.121935E+06
      258.00  0.117090E-01 0.130521E+02 0.518590E+03 0.121690E+06
      262.00  0.117195E-01 0.130321E+02 0.511961E+03 0.121420E+06
      266.00  0.117271E-01 0.130097E+02 0.505301E+03 0.121127E+06
      270.00  0.117322E-01 0.129852E+02 0.498623E+03 0.120815E+06
      274.00  0.117348E-01 0.129587E+02 0.491938E+03 0.120484E+06
      282.00  0.117335E-01 0.129007E+02 0.478586E+03 0.119778E+06
      290.00  0.117244E-01 0.128371E+02 0.465308E+03 0.119022E+06
      298.00  0.117086E-01 0.127690E+02 0.452155E+03 0.118227E+06
      306.00  0.116869E-01 0.126975E+02 0.439165E+03 0.117401E+06
      314.00  0.116600E-01 0.126234E+02 0.426369E+03 0.116553E+06
      322.00  0.116284E-01 0.125471E+02 0.413788E+03 0.115687E+06
      330.00  0.115926E-01 0.124693E+02 0.401436E+03 0.114809E+06
      338.00  0.115529E-01 0.123901E+02 0.389323E+03 0.113921E+06
      346.00  0.115095E-01 0.123101E+02 0.377458E+03 0.113026E+06
      354.00  0.114629E-01 0.122294E+02 0.365846E+03 0.112128E+06
      362.00  0.114133E-01 0.121482E+02 0.354491E+03 0.111228E+06
      370.00  0.113607E-01 0.120668E+02 0.343391E+03 0.110327E+06
      378.00  0.113052E-01 0.119852E+02 0.332546E+03 0.109426E+06
      386.00  0.112471E-01 0.119034E+02 0.321952E+03 0.108526E+06
      394.00  0.111863E-01 0.118216E+02 0.311609E+03 0.107628E+06
      402.00  0.111231E-01 0.117399E+02 0.301514E+03 0.106732E+06
      410.00  0.110574E-01 0.116582E+02 0.291663E+03 0.105839E+06
      418.00  0.109893E-01 0.115766E+02 0.282053E+03 0.104949E+06
      426.00  0.109189E-01 0.114952E+02 0.272678E+03 0.104062E+06
      434.00  0.108461E-01 0.114139E+02 0.263536E+03 0.103178E+06
      442.00  0.107711E-01 0.113327E+02 0.254621E+03 0.102297E+06
      450.00  0.106939E-01 0.112517E+02 0.245932E+03 0.101419E+06
      458.00  0.106146E-01 0.111709E+02 0.237463E+03 0.100546E+06
      466.00  0.105333E-01 0.110903E+02 0.229211E+03 0.996757E+05
      474.00  0.104499E-01 0.110100E+02 0.221172E+03 0.988099E+05
      482.00  0.103645E-01 0.109299E+02 0.213343E+03 0.979481E+05
      490.00  0.102772E-01 0.108500E+02 0.205718E+03 0.970902E+05
      498.00  0.101880E-01 0.107704E+02 0.198295E+03 0.962366E+05
      506.00  0.100970E-01 0.106912E+02 0.191070E+03 0.953873E+05
      514.00  0.100042E-01 0.106122E+02 0.184039E+03 0.945426E+05
      522.00  0.990969E-02 0.105336E+02 0.177199E+03 0.937026E+05
      530.00  0.981353E-02 0.104552E+02 0.170546E+03 0.928673E+05
      538.00  0.971575E-02 0.103773E+02 0.164076E+03 0.920366E+05
      546.00  0.961637E-02 0.102996E+02 0.157785E+03 0.912105E+05
      554.00  0.951544E-02 0.102223E+02 0.151670E+03 0.903889E+05
      562.00  0.941301E-02 0.101453E+02 0.145728E+03 0.895720E+05
      570.00  0.930914E-02 0.100686E+02 0.139954E+03 0.887597E+05
      578.00  0.920387E-02 0.999233E+01 0.134346E+03 0.879522E+05
      586.00  0.909723E-02 0.991637E+01 0.128900E+03 0.871493E+05
      596.00  0.896207E-02 0.982190E+01 0.122316E+03 0.861521E+05
      606.00  0.882490E-02 0.972792E+01 0.115972E+03 0.851617E+05
      616.00  0.868581E-02 0.963444E+01 0.109864E+03 0.841782E+05
      626.00  0.854488E-02 0.954147E+01 0.103985E+03 0.832015E+05
      636.00  0.840223E-02 0.944901E+01 0.983301E+02 0.822318E+05
      646.00  0.825794E-02 0.935708E+01 0.928924E+02 0.812690E+05
      656.00  0.811210E-02 0.926566E+01 0.876667E+02 0.803130E+05
      666.00  0.796480E-02 0.917475E+01 0.826474E+02 0.793638E+05
      676.00  0.781613E-02 0.908435E+01 0.778292E+02 0.784214E+05
      686.00  0.766620E-02 0.899447E+01 0.732069E+02 0.774858E+05
      696.00  0.751512E-02 0.890514E+01 0.687754E+02 0.765572E+05
      706.00  0.736300E-02 0.881637E+01 0.645297E+02 0.756357E+05
      716.00  0.720994E-02 0.872817E+01 0.604650E+02 0.747213E+05
      726.00  0.705603E-02 0.864053E+01 0.565764E+02 0.738141E+05
      736.00  0.690138E-02 0.855347E+01 0.528590E+02 0.729140E+05
      746.00  0.674609E-02 0.846698E+01 0.493082E+02 0.720210E+05
      756.00  0.659025E-02 0.838109E+01 0.459194E+02 0.711352E+05
      766.00  0.643399E-02 0.829579E+01 0.426883E+02 0.702566E+05
      776.00  0.627741E-02 0.821110E+01 0.396104E+02 0.693855E+05
      786.00  0.612059E-02 0.812702E+01 0.366814E+02 0.685216E+05
      796.00  0.596365E-02 0.804354E+01 0.338972E+02 0.676650E+05
      806.00  0.580667E-02 0.796067E+01 0.312534E+02 0.668156E+05
      816.00  0.564975E-02 0.787840E+01 0.287461E+02 0.659733E+05
      826.00  0.549300E-02 0.779674E+01 0.263713E+02 0.651382E+05
      836.00  0.533652E-02 0.771568E+01 0.241252E+02 0.643103E+05
      846.00  0.518041E-02 0.763523E+01 0.220039E+02 0.634896E+05
      856.00  0.502477E-02 0.755540E+01 0.200039E+02 0.626760E+05
      866.00  0.486971E-02 0.747618E+01 0.181213E+02 0.618696E+05
      876.00  0.471531E-02 0.739757E+01 0.163528E+02 0.610703E+05
      886.00  0.456168E-02 0.731956E+01 0.146947E+02 0.602780E+05
      896.00  0.440892E-02 0.724216E+01 0.131438E+02 0.594927E+05
      906.00  0.425713E-02 0.716537E+01 0.116967E+02 0.587145E+05
      916.00  0.410642E-02 0.708919E+01 0.103501E+02 0.579434E+05
      926.00  0.395689E-02 0.701364E+01 0.910097E+01 0.571794E+05
      936.00  0.380864E-02 0.693872E+01 0.794607E+01 0.564224E+05
      946.00  0.366177E-02 0.686441E+01 0.688240E+01 0.556726E+05
      956.00  0.351639E-02 0.679073E+01 0.590698E+01 0.549297E+05
      966.00  0.337258E-02 0.671767E+01 0.501691E+01 0.541939E+05
      976.00  0.323045E-02 0.664523E+01 0.420932E+01 0.534650E+05
      986.00  0.309010E-02 0.657342E+01 0.348146E+01 0.527432E+05
      996.00  0.295163E-02 0.650225E+01 0.283059E+01 0.520285E+05
     1006.00  0.281514E-02 0.643170E+01 0.225406E+01 0.513208E+05
     1016.00  0.268073E-02 0.636179E+01 0.174926E+01 0.506200E+05
     1026.00  0.254849E-02 0.629251E+01 0.131367E+01 0.499263E+05
     1036.00  0.241851E-02 0.622386E+01 0.944780E+00 0.492394E+05
     1046.00  0.229090E-02 0.615583E+01 0.640186E+00 0.485594E+05
     1056.00  0.216575E-02 0.608842E+01 0.397516E+00 0.478863E+05
     1066.00  0.204315E-02 0.602163E+01 0.214460E+00 0.472201E+05
     1076.00  0.192321E-02 0.595548E+01 0.887601E-01 0.465606E+05
     1086.00  0.180600E-02 0.588994E+01 0.182130E-01 0.459079E+05
     1096.00  0.169164E-02 0.582503E+01 0.667316E-03 0.452620E+05
     1106.00  0.158020E-02 0.576073E+01 0.340236E-01 0.446229E+05
     1116.00  0.147179E-02 0.569705E+01 0.116233E+00 0.439904E+05
     1126.00  0.136648E-02 0.563397E+01 0.245295E+00 0.433645E+05
     1136.00  0.126439E-02 0.557151E+01 0.419259E+00 0.427452E+05
     1146.00  0.116559E-02 0.550965E+01 0.636221E+00 0.421325E+05
     1156.00  0.107017E-02 0.544841E+01 0.894325E+00 0.415263E+05
     1166.00  0.978234E-03 0.538777E+01 0.119176E+01 0.409267E+05
     1176.00  0.889860E-03 0.532774E+01 0.152676E+01 0.403336E+05
     1186.00  0.805139E-03 0.526831E+01 0.189761E+01 0.397470E+05
     1196.00  0.724157E-03 0.520948E+01 0.230263E+01 0.391668E+05
     1206.00  0.647002E-03 0.515126E+01 0.274018E+01 0.385929E+05
     1216.00  0.573758E-03 0.509363E+01 0.320868E+01 0.380255E+05
     1226.00  0.504512E-03 0.503659E+01 0.370657E+01 0.374644E+05
     1236.00  0.439346E-03 0.498015E+01 0.423234E+01 0.369096E+05
     1246.00  0.378346E-03 0.492430E+01 0.478452E+01 0.363611E+05
     1256.00  0.321593E-03 0.486904E+01 0.536170E+01 0.358188E+05
     1266.00  0.269170E-03 0.481438E+01 0.596246E+01 0.352828E+05
     1276.00  0.221157E-03 0.476030E+01 0.658547E+01 0.347530E+05
     1286.00  0.177635E-03 0.470680E+01 0.722941E+01 0.342292E+05
     1296.00  0.138682E-03 0.465388E+01 0.789298E+01 0.337116E+05
     1306.00  0.104378E-03 0.460154E+01 0.857495E+01 0.332001E+05
     1316.00  0.748011E-04 0.454977E+01 0.927411E+01 0.326945E+05
     1326.00  0.500274E-04 0.449857E+01 0.998927E+01 0.321949E+05
     1336.00  0.301334E-04 0.444793E+01 0.107193E+02 0.317013E+05
     1346.00  0.151945E-04 0.439787E+01 0.114631E+02 0.312135E+05
     1356.00  0.528526E-05 0.434836E+01 0.122195E+02 0.307316E+05
     1366.00  0.479347E-06 0.429941E+01 0.129876E+02 0.302556E+05
     1376.00  0.849630E-06 0.425101E+01 0.137664E+02 0.297852E+05
     1386.00  0.646810E-05 0.420316E+01 0.145547E+02 0.293206E+05
     1396.00  0.174059E-04 0.415585E+01 0.153517E+02 0.288617E+05
     1406.00  0.337332E-04 0.410908E+01 0.161564E+02 0.284084E+05
     1416.00  0.555195E-04 0.406285E+01 0.169679E+02 0.279606E+05
     1426.00  0.828331E-04 0.401716E+01 0.177855E+02 0.275184E+05
     1436.00  0.115742E-03 0.397199E+01 0.186081E+02 0.270817E+05
     1446.00  0.154312E-03 0.392735E+01 0.194350E+02 0.266505E+05
     1456.00  0.198610E-03 0.388323E+01 0.202655E+02 0.262246E+05
     1466.00  0.248700E-03 0.383963E+01 0.210987E+02 0.258042E+05
     1476.00  0.304646E-03 0.379655E+01 0.219338E+02 0.253890E+05
     1486.00  0.366511E-03 0.375398E+01 0.227703E+02 0.249792E+05
     1496.00  0.434358E-03 0.371192E+01 0.236074E+02 0.245746E+05
     1506.00  0.508248E-03 0.367035E+01 0.244443E+02 0.241751E+05
     1516.00  0.588240E-03 0.362929E+01 0.252805E+02 0.237809E+05
     1526.00  0.674395E-03 0.358873E+01 0.261154E+02 0.233917E+05
     1536.00  0.766771E-03 0.354866E+01 0.269484E+02 0.230076E+05
     1546.00  0.865426E-03 0.350908E+01 0.277788E+02 0.226286E+05
     1556.00  0.970416E-03 0.346999E+01 0.286062E+02 0.222545E+05
     1566.00  0.108180E-02 0.343138E+01 0.294299E+02 0.218854E+05
     1576.00  0.119963E-02 0.339325E+01 0.302495E+02 0.215212E+05
     1586.00  0.132396E-02 0.335559E+01 0.310645E+02 0.211619E+05
     1596.00  0.145484E-02 0.331840E+01 0.318744E+02 0.208073E+05
     1606.00  0.159233E-02 0.328168E+01 0.326786E+02 0.204575E+05
     1616.00  0.173647E-02 0.324542E+01 0.334769E+02 0.201125E+05
     1626.00  0.188732E-02 0.320962E+01 0.342688E+02 0.197721E+05
     1636.00  0.204493E-02 0.317427E+01 0.350538E+02 0.194363E+05
     1646.00  0.220935E-02 0.313937E+01 0.358316E+02 0.191052E+05
     1656.00  0.238062E-02 0.310492E+01 0.366018E+02 0.187786E+05
     1666.00  0.255878E-02 0.307092E+01 0.373640E+02 0.184565E+05
     1676.00  0.274390E-02 0.303735E+01 0.381179E+02 0.181388E+05
     1686.00  0.293600E-02 0.300421E+01 0.388632E+02 0.178256E+05
     1696.00  0.313514E-02 0.297151E+01 0.395996E+02 0.175167E+05
     1706.00  0.334136E-02 0.293923E+01 0.403267E+02 0.172122E+05
     1716.00  0.355469E-02 0.290737E+01 0.410443E+02 0.169119E+05
     1726.00  0.377518E-02 0.287593E+01 0.417522E+02 0.166159E+05
     1736.00  0.400288E-02 0.284490E+01 0.424500E+02 0.163241E+05
     1746.00  0.423781E-02 0.281428E+01 0.431375E+02 0.160364E+05
     1756.00  0.448003E-02 0.278407E+01 0.438145E+02 0.157529E+05
     1766.00  0.472956E-02 0.275426E+01 0.444809E+02 0.154734E+05
     1776.00  0.498644E-02 0.272485E+01 0.451363E+02 0.151979E+05
     1786.00  0.525071E-02 0.269583E+01 0.457806E+02 0.149264E+05
     1796.00  0.552240E-02 0.266720E+01 0.464136E+02 0.146589E+05
     1806.00  0.580155E-02 0.263896E+01 0.470352E+02 0.143952E+05
     1816.00  0.608819E-02 0.261110E+01 0.476452E+02 0.141354E+05
     1826.00  0.638235E-02 0.258362E+01 0.482434E+02 0.138795E+05
     1836.00  0.668406E-02 0.255651E+01 0.488298E+02 0.136273E+05
     1846.00  0.699337E-02 0.252977E+01 0.494042E+02 0.133788E+05
     1856.00  0.731028E-02 0.250341E+01 0.499665E+02 0.131340E+05
     1866.00  0.763485E-02 0.247740E+01 0.505166E+02 0.128929E+05
     1876.00  0.796708E-02 0.245176E+01 0.510544E+02 0.126554E+05
     1886.00  0.830702E-02 0.242647E+01 0.515799E+02 0.124215E+05
     1896.00  0.865468E-02 0.240154E+01 0.520929E+02 0.121911E+05
     1906.00  0.901010E-02 0.237695E+01 0.525934E+02 0.119642E+05
     1916.00  0.937329E-02 0.235271E+01 0.530813E+02 0.117408E+05
     1926.00  0.974428E-02 0.232880E+01 0.535566E+02 0.115208E+05
     1936.00  0.101231E-01 0.230524E+01 0.540193E+02 0.113041E+05
     1946.00  0.105098E-01 0.228201E+01 0.544692E+02 0.110908E+05
     1956.00  0.109043E-01 0.225911E+01 0.549064E+02 0.108808E+05
     1966.00  0.113067E-01 0.223654E+01 0.553310E+02 0.106740E+05
     1976.00  0.117171E-01 0.221429E+01 0.557427E+02 0.104705E+05
     1986.00  0.121353E-01 0.219236E+01 0.561418E+02 0.102701E+05
     1996.00  0.125615E-01 0.217075E+01 0.565280E+02 0.100729E+05
     2006.00  0.129957E-01 0.214944E+01 0.569016E+02 0.987878E+04
     2016.00  0.134378E-01 0.212845E+01 0.572623E+02 0.968774E+04
     2026.00  0.138880E-01 0.210776E+01 0.576104E+02 0.949972E+04
     2036.00  0.143461E-01 0.208737E+01 0.579457E+02 0.931470E+04
     2046.00  0.148123E-01 0.206728E+01 0.582684E+02 0.913263E+04
     2056.00  0.152865E-01 0.204749E+01 0.585785E+02 0.895348E+04
     2066.00  0.157687E-01 0.202798E+01 0.588760E+02 0.877721E+04
     2076.00  0.162590E-01 0.200877E+01 0.591609E+02 0.860379E+04
     2086.00  0.167574E-01 0.198984E+01 0.594334E+02 0.843319E+04
     2096.00  0.172639E-01 0.197119E+01 0.596934E+02 0.826536E+04
     2106.00  0.177784E-01 0.195281E+01 0.599411E+02 0.810027E+04
     2116.00  0.183010E-01 0.193472E+01 0.601765E+02 0.793789E+04
     2126.00  0.188318E-01 0.191689E+01 0.603996E+02 0.777818E+04
     2136.00  0.193706E-01 0.189933E+01 0.606105E+02 0.762110E+04
     2146.00  0.199176E-01 0.188204E+01 0.608094E+02 0.746663E+04
     2156.00  0.204727E-01 0.186501E+01 0.609963E+02 0.731473E+04
     2166.00  0.210359E-01 0.184823E+01 0.611712E+02 0.716537E+04
     2176.00  0.216073E-01 0.183172E+01 0.613344E+02 0.701851E+04
     2186.00  0.221867E-01 0.181545E+01 0.614858E+02 0.687413E+04
     2196.00  0.227744E-01 0.179944E+01 0.616256E+02 0.673218E+04
     2206.00  0.233701E-01 0.178367E+01 0.617538E+02 0.659265E+04
     2216.00  0.239741E-01 0.176815E+01 0.618707E+02 0.645549E+04
     2226.00  0.245861E-01 0.175287E+01 0.619762E+02 0.632067E+04
     2236.00  0.252064E-01 0.173782E+01 0.620705E+02 0.618817E+04
     2246.00  0.258347E-01 0.172302E+01 0.621537E+02 0.605794E+04
     2256.00  0.264712E-01 0.170844E+01 0.622258E+02 0.592997E+04
     2266.00  0.271159E-01 0.169409E+01 0.622872E+02 0.580422E+04
     2276.00  0.277687E-01 0.167997E+01 0.623377E+02 0.568065E+04
     2286.00  0.284296E-01 0.166608E+01 0.623776E+02 0.555925E+04
     2296.00  0.290986E-01 0.165240E+01 0.624069E+02 0.543998E+04
     2306.00  0.297758E-01 0.163895E+01 0.624259E+02 0.532281E+04
     2316.00  0.304612E-01 0.162571E+01 0.624346E+02 0.520771E+04
     2326.00  0.311546E-01 0.161269E+01 0.624332E+02 0.509465E+04
     2336.00  0.318562E-01 0.159987E+01 0.624217E+02 0.498361E+04
     2346.00  0.325659E-01 0.158726E+01 0.624003E+02 0.487455E+04
     2356.00  0.332836E-01 0.157486E+01 0.623692E+02 0.476745E+04
     2366.00  0.340095E-01 0.156266E+01 0.623284E+02 0.466227E+04
     2376.00  0.347435E-01 0.155067E+01 0.622781E+02 0.455900E+04
     2386.00  0.354855E-01 0.153887E+01 0.622184E+02 0.445761E+04
     2396.00  0.362355E-01 0.152726E+01 0.621495E+02 0.435806E+04
     2406.00  0.369936E-01 0.151585E+01 0.620714E+02 0.426032E+04
     2416.00  0.377598E-01 0.150462E+01 0.619844E+02 0.416439E+04
     2426.00  0.385340E-01 0.149359E+01 0.618885E+02 0.407022E+04
     2436.00  0.393162E-01 0.148274E+01 0.617840E+02 0.397779E+04
     2446.00  0.401064E-01 0.147208E+01 0.616708E+02 0.388708E+04
     2456.00  0.409046E-01 0.146159E+01 0.615493E+02 0.379807E+04
     2466.00  0.417107E-01 0.145128E+01 0.614194E+02 0.371071E+04
     2476.00  0.425249E-01 0.144116E+01 0.612814E+02 0.362500E+04
     2486.00  0.433469E-01 0.143120E+01 0.611354E+02 0.354091E+04
     2496.00  0.441769E-01 0.142142E+01 0.609815E+02 0.345841E+04
     2506.00  0.450148E-01 0.141180E+01 0.608199E+02 0.337747E+04
     2516.00  0.458605E-01 0.140236E+01 0.606506E+02 0.329808E+04
     2526.00  0.467142E-01 0.139307E+01 0.604739E+02 0.322021E+04
     2536.00  0.475757E-01 0.138396E+01 0.602899E+02 0.314384E+04
     2546.00  0.484450E-01 0.137500E+01 0.600987E+02 0.306895E+04
     2556.00  0.493222E-01 0.136620E+01 0.599005E+02 0.299550E+04
     2566.00  0.502071E-01 0.135756E+01 0.596954E+02 0.292349E+04
     2576.00  0.510999E-01 0.134908E+01 0.594835E+02 0.285289E+04
     2586.00  0.520004E-01 0.134075E+01 0.592650E+02 0.278367E+04
     2596.00  0.529087E-01 0.133257E+01 0.590401E+02 0.271582E+04
     2606.00  0.538247E-01 0.132454E+01 0.588088E+02 0.264931E+04
     2616.00  0.547483E-01 0.131666E+01 0.585713E+02 0.258412E+04
     2626.00  0.556797E-01 0.130892E+01 0.583278E+02 0.252023E+04
     2636.00  0.566187E-01 0.130133E+01 0.580783E+02 0.245763E+04
     2646.00  0.575654E-01 0.129388E+01 0.578231E+02 0.239628E+04
     2656.00  0.585196E-01 0.128657E+01 0.575622E+02 0.233618E+04
     2666.00  0.594815E-01 0.127940E+01 0.572958E+02 0.227729E+04
     2676.00  0.604509E-01 0.127236E+01 0.570240E+02 0.221961E+04
     2686.00  0.614278E-01 0.126546E+01 0.567469E+02 0.216310E+04
     2696.00  0.624123E-01 0.125869E+01 0.564648E+02 0.210776E+04
     2706.00  0.634042E-01 0.125206E+01 0.561776E+02 0.205356E+04
     2716.00  0.644037E-01 0.124555E+01 0.558857E+02 0.200049E+04
     2726.00  0.654105E-01 0.123917E+01 0.555890E+02 0.194852E+04
     2736.00  0.664248E-01 0.123292E+01 0.552877E+02 0.189763E+04
     2746.00  0.674464E-01 0.122680E+01 0.549820E+02 0.184782E+04
     2756.00  0.684754E-01 0.122079E+01 0.546719E+02 0.179906E+04
     2766.00  0.695117E-01 0.121491E+01 0.543576E+02 0.175133E+04
     2776.00  0.705553E-01 0.120915E+01 0.540392E+02 0.170462E+04
     2786.00  0.716062E-01 0.120350E+01 0.537169E+02 0.165891E+04
     2796.00  0.726642E-01 0.119798E+01 0.533907E+02 0.161418E+04
     2806.00  0.737295E-01 0.119257E+01 0.530609E+02 0.157041E+04
     2816.00  0.748020E-01 0.118727E+01 0.527274E+02 0.152760E+04
     2826.00  0.758816E-01 0.118208E+01 0.523905E+02 0.148571E+04
     2836.00  0.769683E-01 0.117701E+01 0.520502E+02 0.144475E+04
     2846.00  0.780621E-01 0.117205E+01 0.517067E+02 0.140468E+04
     2856.00  0.791629E-01 0.116719E+01 0.513601E+02 0.136551E+04
     2866.00  0.802708E-01 0.116244E+01 0.510105E+02 0.132720E+04
     2876.00  0.813856E-01 0.115780E+01 0.506581E+02 0.128974E+04
     2886.00  0.825073E-01 0.115326E+01 0.503028E+02 0.125313E+04
     2896.00  0.836360E-01 0.114882E+01 0.499449E+02 0.121734E+04
     2906.00  0.847716E-01 0.114448E+01 0.495845E+02 0.118236E+04
     2916.00  0.859140E-01 0.114025E+01 0.492217E+02 0.114818E+04
     2926.00  0.870632E-01 0.113611E+01 0.488565E+02 0.111478E+04
     2936.00  0.882191E-01 0.113207E+01 0.484891E+02 0.108215E+04
     2946.00  0.893819E-01 0.112812E+01 0.481196E+02 0.105027E+04
     2956.00  0.905513E-01 0.112427E+01 0.477482E+02 0.101913E+04
     2966.00  0.917274E-01 0.112052E+01 0.473748E+02 0.988719E+03
     2976.00  0.929102E-01 0.111686E+01 0.469997E+02 0.959022E+03
     2986.00  0.940996E-01 0.111329E+01 0.466229E+02 0.930026E+03
     2996.00  0.952956E-01 0.110981E+01 0.462446E+02 0.901719E+03
     3006.00  0.964981E-01 0.110641E+01 0.458647E+02 0.874087E+03
     3016.00  0.977071E-01 0.110311E+01 0.454835E+02 0.847117E+03
     3026.00  0.989225E-01 0.109989E+01 0.451009E+02 0.820799E+03
     3036.00  0.100144E+00 0.109676E+01 0.447172E+02 0.795118E+03
     3046.00  0.101373E+00 0.109371E+01 0.443324E+02 0.770064E+03
     3056.00  0.102607E+00 0.109075E+01 0.439466E+02 0.745625E+03
     3066.00  0.103848E+00 0.108787E+01 0.435599E+02 0.721789E+03
     3076.00  0.105095E+00 0.108507E+01 0.431724E+02 0.698545E+03
     3086.00  0.106349E+00 0.108235E+01 0.427842E+02 0.675881E+03
     3096.00  0.107608E+00 0.107970E+01 0.423953E+02 0.653786E+03
     3106.00  0.108874E+00 0.107714E+01 0.420059E+02 0.632250E+03
     3116.00  0.110146E+00 0.107465E+01 0.416160E+02 0.611261E+03
     3126.00  0.111424E+00 0.107224E+01 0.412258E+02 0.590810E+03
     3136.00  0.112708E+00 0.106991E+01 0.408352E+02 0.570884E+03
     3146.00  0.113998E+00 0.106765E+01 0.404444E+02 0.551475E+03
     3156.00  0.115294E+00 0.106546E+01 0.400535E+02 0.532572E+03
     3166.00  0.116596E+00 0.106334E+01 0.396626E+02 0.514165E+03
     3176.00  0.117904E+00 0.106130E+01 0.392716E+02 0.496244E+03
     3186.00  0.119218E+00 0.105932E+01 0.388807E+02 0.478800E+03
     3196.00  0.120537E+00 0.105741E+01 0.384900E+02 0.461823E+03
     3206.00  0.121862E+00 0.105557E+01 0.380996E+02 0.445303E+03
     3216.00  0.123193E+00 0.105380E+01 0.377095E+02 0.429232E+03
     3226.00  0.124530E+00 0.105210E+01 0.373197E+02 0.413600E+03
     3236.00  0.125872E+00 0.105046E+01 0.369304E+02 0.398398E+03
     3246.00  0.127220E+00 0.104888E+01 0.365417E+02 0.383618E+03
     3256.00  0.128573E+00 0.104737E+01 0.361535E+02 0.369251E+03
     3266.00  0.129932E+00 0.104592E+01 0.357660E+02 0.355288E+03
     3276.00  0.131296E+00 0.104453E+01 0.353792E+02 0.341721E+03
     3286.00  0.132666E+00 0.104321E+01 0.349933E+02 0.328542E+03
     3296.00  0.134041E+00 0.104194E+01 0.346081E+02 0.315742E+03
     3306.00  0.135421E+00 0.104073E+01 0.342239E+02 0.303314E+03
     3316.00  0.136807E+00 0.103958E+01 0.338406E+02 0.291250E+03
     3326.00  0.138197E+00 0.103849E+01 0.334584E+02 0.279541E+03
     3336.00  0.139593E+00 0.103746E+01 0.330773E+02 0.268182E+03
     3346.00  0.140994E+00 0.103648E+01 0.326973E+02 0.257163E+03
     3356.00  0.142401E+00 0.103555E+01 0.323185E+02 0.246477E+03
     3366.00  0.143812E+00 0.103468E+01 0.319409E+02 0.236118E+03
     3376.00  0.145228E+00 0.103387E+01 0.315647E+02 0.226079E+03
     3386.00  0.146649E+00 0.103310E+01 0.311898E+02 0.216351E+03
     3396.00  0.148076E+00 0.103239E+01 0.308164E+02 0.206929E+03
     3406.00  0.149507E+00 0.103173E+01 0.304444E+02 0.197806E+03
     3416.00  0.150942E+00 0.103112E+01 0.300739E+02 0.188974E+03
     3426.00  0.152383E+00 0.103056E+01 0.297050E+02 0.180428E+03
     3436.00  0.153829E+00 0.103005E+01 0.293376E+02 0.172161E+03
     3446.00  0.155279E+00 0.102959E+01 0.289720E+02 0.164167E+03
     3456.00  0.156733E+00 0.102917E+01 0.286080E+02 0.156440E+03
     3466.00  0.158193E+00 0.102880E+01 0.282457E+02 0.148972E+03
     3476.00  0.159657E+00 0.102848E+01 0.278852E+02 0.141759E+03
     3486.00  0.161125E+00 0.102820E+01 0.275265E+02 0.134795E+03
     3496.00  0.162598E+00 0.102796E+01 0.271697E+02 0.128074E+03
     3506.00  0.164075E+00 0.102777E+01 0.268148E+02 0.121589E+03
     3516.00  0.165557E+00 0.102763E+01 0.264618E+02 0.115336E+03
     3526.00  0.167043E+00 0.102752E+01 0.261108E+02 0.109310E+03
     3536.00  0.168533E+00 0.102746E+01 0.257617E+02 0.103504E+03
     3546.00  0.170028E+00 0.102744E+01 0.254147E+02 0.979129E+02
     3556.00  0.171526E+00 0.102746E+01 0.250698E+02 0.925324E+02
     3566.00  0.173029E+00 0.102751E+01 0.247270E+02 0.873570E+02
     3576.00  0.174536E+00 0.102761E+01 0.243863E+02 0.823818E+02
     3586.00  0.176047E+00 0.102774E+01 0.240477E+02 0.776017E+02
     3596.00  0.177562E+00 0.102792E+01 0.237114E+02 0.730119E+02
     3606.00  0.179081E+00 0.102813E+01 0.233772E+02 0.686078E+02
     3616.00  0.180604E+00 0.102837E+01 0.230453E+02 0.643847E+02
     3626.00  0.182131E+00 0.102865E+01 0.227157E+02 0.603381E+02
     3636.00  0.183661E+00 0.102896E+01 0.223884E+02 0.564634E+02
     3646.00  0.185195E+00 0.102931E+01 0.220634E+02 0.527563E+02
     3656.00  0.186733E+00 0.102970E+01 0.217407E+02 0.492124E+02
     3666.00  0.188274E+00 0.103011E+01 0.214204E+02 0.458276E+02
     3676.00  0.189819E+00 0.103056E+01 0.211025E+02 0.425977E+02
     3686.00  0.191368E+00 0.103104E+01 0.207870E+02 0.395186E+02
     3696.00  0.192920E+00 0.103155E+01 0.204739E+02 0.365864E+02
     3706.00  0.194476E+00 0.103209E+01 0.201632E+02 0.337970E+02
     3716.00  0.196035E+00 0.103266E+01 0.198551E+02 0.311468E+02
     3726.00  0.197597E+00 0.103325E+01 0.195494E+02 0.286320E+02
     3736.00  0.199163E+00 0.103388E+01 0.192462E+02 0.262487E+02
     3746.00  0.200732E+00 0.103453E+01 0.189455E+02 0.239935E+02
     3756.00  0.202304E+00 0.103521E+01 0.186473E+02 0.218628E+02
     3766.00  0.203879E+00 0.103592E+01 0.183517E+02 0.198531E+02
     3776.00  0.205457E+00 0.103665E+01 0.180587E+02 0.179610E+02
     3786.00  0.207038E+00 0.103741E+01 0.177682E+02 0.161832E+02
     3796.00  0.208623E+00 0.103820E+01 0.174803E+02 0.145163E+02
     3806.00  0.210210E+00 0.103900E+01 0.171949E+02 0.129572E+02
     3816.00  0.211800E+00 0.103983E+01 0.169122E+02 0.115028E+02
     3826.00  0.213393E+00 0.104068E+01 0.166321E+02 0.101500E+02
     3836.00  0.214989E+00 0.104156E+01 0.163546E+02 0.889574E+01
     3846.00  0.216587E+00 0.104246E+01 0.160798E+02 0.773707E+01
     3856.00  0.218189E+00 0.104337E+01 0.158076E+02 0.667113E+01
     3866.00  0.219792E+00 0.104431E+01 0.155380E+02 0.569507E+01
     3876.00  0.221399E+00 0.104527E+01 0.152711E+02 0.480612E+01
     3886.00  0.223008E+00 0.104624E+01 0.150068E+02 0.400157E+01
     3896.00  0.224620E+00 0.104724E+01 0.147452E+02 0.327876E+01
     3906.00  0.226234E+00 0.104825E+01 0.144863E+02 0.263510E+01
     3916.00  0.227850E+00 0.104928E+01 0.142300E+02 0.206803E+01
     3926.00  0.229469E+00 0.105033E+01 0.139764E+02 0.157507E+01
     3936.00  0.231090E+00 0.105139E+01 0.137254E+02 0.115378E+01
     3946.00  0.232713E+00 0.105247E+01 0.134772E+02 0.801773E+00
     3956.00  0.234338E+00 0.105356E+01 0.132316E+02 0.516718E+00
     3966.00  0.235966E+00 0.105467E+01 0.129887E+02 0.296332E+00
     3976.00  0.237595E+00 0.105579E+01 0.127485E+02 0.138385E+00
     3986.00  0.239227E+00 0.105693E+01 0.125109E+02 0.406936E-01
     3996.00  0.240861E+00 0.105808E+01 0.122760E+02 0.112379E-02
     4006.00  0.242497E+00 0.105924E+01 0.120438E+02 0.175894E-01
     4016.00  0.244134E+00 0.106041E+01 0.118143E+02 0.880511E-01
     4026.00  0.245774E+00 0.106160E+01 0.115874E+02 0.210515E+00
     4036.00  0.247415E+00 0.106279E+01 0.113632E+02 0.383034E+00
     4046.00  0.249058E+00 0.106399E+01 0.111416E+02 0.603704E+00
     4056.00  0.250702E+00 0.106521E+01 0.109227E+02 0.870664E+00
     4066.00  0.252348E+00 0.106643E+01 0.107065E+02 0.118210E+01
     4076.00  0.253996E+00 0.106766E+01 0.104929E+02 0.153623E+01
     4086.00  0.255645E+00 0.106890E+01 0.102819E+02 0.193133E+01
     4096.00  0.257296E+00 0.107014E+01 0.100736E+02 0.236571E+01
     4106.00  0.258948E+00 0.107139E+01 0.986790E+01 0.283770E+01
     4116.00  0.260601E+00 0.107265E+01 0.966481E+01 0.334571E+01
     4126.00  0.262256E+00 0.107391E+01 0.946435E+01 0.388815E+01
     4136.00  0.263912E+00 0.107518E+01 0.926648E+01 0.446348E+01
     4146.00  0.265569E+00 0.107645E+01 0.907122E+01 0.507022E+01
     4156.00  0.267228E+00 0.107773E+01 0.887854E+01 0.570689E+01
     4166.00  0.268887E+00 0.107901E+01 0.868844E+01 0.637208E+01
     4176.00  0.270547E+00 0.108029E+01 0.850091E+01 0.706438E+01
     4186.00  0.272209E+00 0.108157E+01 0.831593E+01 0.778245E+01
     4196.00  0.273871E+00 0.108286E+01 0.813351E+01 0.852496E+01
     4206.00  0.275534E+00 0.108415E+01 0.795363E+01 0.929063E+01
     4216.00  0.277199E+00 0.108543E+01 0.777627E+01 0.100782E+02
     4226.00  0.278863E+00 0.108672E+01 0.760143E+01 0.108864E+02
     4236.00  0.280529E+00 0.108801E+01 0.742909E+01 0.117141E+02
     4246.00  0.282195E+00 0.108929E+01 0.725925E+01 0.125602E+02
     4256.00  0.283862E+00 0.109058E+01 0.709188E+01 0.134234E+02
     4266.00  0.285529E+00 0.109186E+01 0.692699E+01 0.143027E+02
     4276.00  0.287197E+00 0.109314E+01 0.676455E+01 0.151970E+02
     4286.00  0.288865E+00 0.109442E+01 0.660455E+01 0.161053E+02
     4296.00  0.290534E+00 0.109569E+01 0.644699E+01 0.170266E+02
     4306.00  0.292203E+00 0.109696E+01 0.629184E+01 0.179599E+02
     4316.00  0.293872E+00 0.109823E+01 0.613909E+01 0.189041E+02
     4326.00  0.295542E+00 0.109949E+01 0.598873E+01 0.198585E+02
     4336.00  0.297212E+00 0.110074E+01 0.584074E+01 0.208220E+02
     4346.00  0.298882E+00 0.110199E+01 0.569511E+01 0.217938E+02
     4356.00  0.300552E+00 0.110324E+01 0.555182E+01 0.227731E+02
     4366.00  0.302222E+00 0.110447E+01 0.541086E+01 0.237589E+02
     4376.00  0.303892E+00 0.110570E+01 0.527222E+01 0.247506E+02
     4386.00  0.305562E+00 0.110692E+01 0.513587E+01 0.257473E+02
     4396.00  0.307232E+00 0.110813E+01 0.500181E+01 0.267483E+02
     4406.00  0.308902E+00 0.110933E+01 0.487001E+01 0.277528E+02
     4416.00  0.310571E+00 0.111053E+01 0.474046E+01 0.287600E+02
     4426.00  0.312240E+00 0.111171E+01 0.461314E+01 0.297694E+02
     4436.00  0.313909E+00 0.111288E+01 0.448804E+01 0.307803E+02
     4446.00  0.315578E+00 0.111404E+01 0.436514E+01 0.317919E+02
     4456.00  0.317246E+00 0.111519E+01 0.424443E+01 0.328037E+02
     4466.00  0.318913E+00 0.111633E+01 0.412588E+01 0.338151E+02
     4476.00  0.320580E+00 0.111746E+01 0.400948E+01 0.348254E+02
     4486.00  0.322246E+00 0.111857E+01 0.389521E+01 0.358341E+02
     4511.00  0.326410E+00 0.112130E+01 0.361874E+01 0.383452E+02
     4536.00  0.330568E+00 0.112394E+01 0.335521E+01 0.408348E+02
     4561.00  0.334720E+00 0.112648E+01 0.310434E+01 0.432953E+02
     4586.00  0.338865E+00 0.112891E+01 0.286583E+01 0.457199E+02
     4611.00  0.343003E+00 0.113124E+01 0.263940E+01 0.481025E+02
     4636.00  0.347133E+00 0.113345E+01 0.242475E+01 0.504374E+02
     4661.00  0.351253E+00 0.113553E+01 0.222159E+01 0.527195E+02
     4686.00  0.355363E+00 0.113749E+01 0.202963E+01 0.549444E+02
     4711.00  0.359463E+00 0.113931E+01 0.184856E+01 0.571080E+02
     4736.00  0.363550E+00 0.114099E+01 0.167809E+01 0.592066E+02
     4761.00  0.367625E+00 0.114252E+01 0.151791E+01 0.612371E+02
     4786.00  0.371687E+00 0.114389E+01 0.136772E+01 0.631967E+02
     4811.00  0.375734E+00 0.114511E+01 0.122722E+01 0.650830E+02
     4836.00  0.379766E+00 0.114616E+01 0.109611E+01 0.668941E+02
     4861.00  0.383782E+00 0.114704E+01 0.974094E+00 0.686283E+02
     4886.00  0.387782E+00 0.114775E+01 0.860869E+00 0.702841E+02
     4911.00  0.391764E+00 0.114828E+01 0.756139E+00 0.718605E+02
     4936.00  0.395727E+00 0.114862E+01 0.659608E+00 0.733568E+02
     4961.00  0.399671E+00 0.114877E+01 0.570983E+00 0.747723E+02
     4986.00  0.403595E+00 0.114873E+01 0.489973E+00 0.761067E+02
     5011.00  0.407499E+00 0.114849E+01 0.416289E+00 0.773601E+02
     5036.00  0.411380E+00 0.114805E+01 0.349647E+00 0.785325E+02
     5061.00  0.415239E+00 0.114741E+01 0.289764E+00 0.796241E+02
     5086.00  0.419074E+00 0.114655E+01 0.236361E+00 0.806355E+02
     5111.00  0.422885E+00 0.114549E+01 0.189163E+00 0.815674E+02
     5136.00  0.426670E+00 0.114420E+01 0.147898E+00 0.824204E+02
     5161.00  0.430430E+00 0.114270E+01 0.112298E+00 0.831956E+02
     5186.00  0.434163E+00 0.114097E+01 0.821018E-01 0.838941E+02
     5211.00  0.437868E+00 0.113902E+01 0.570487E-01 0.845169E+02
     5236.00  0.441545E+00 0.113684E+01 0.368846E-01 0.850653E+02
     5261.00  0.445192E+00 0.113444E+01 0.213594E-01 0.855407E+02
     5286.00  0.448809E+00 0.113180E+01 0.102279E-01 0.859446E+02
     5311.00  0.452395E+00 0.112893E+01 0.324978E-02 0.862784E+02
     5336.00  0.455949E+00 0.112582E+01 0.189582E-03 0.865438E+02
     5361.00  0.459470E+00 0.112248E+01 0.816926E-03 0.867425E+02
     5386.00  0.462959E+00 0.111890E+01 0.490657E-02 0.868760E+02
     5411.00  0.466413E+00 0.111508E+01 0.122385E-01 0.869462E+02
     5436.00  0.469832E+00 0.111103E+01 0.225980E-01 0.869548E+02
     5461.00  0.473216E+00 0.110673E+01 0.357756E-01 0.869036E+02
     5511.00  0.479872E+00 0.109742E+01 0.697748E-01 0.866293E+02
     5561.00  0.486376E+00 0.108716E+01 0.112669E+00 0.861381E+02
     5611.00  0.492721E+00 0.107594E+01 0.162981E+00 0.854449E+02
     5661.00  0.498900E+00 0.106377E+01 0.219319E+00 0.845647E+02
     5711.00  0.504908E+00 0.105067E+01 0.280381E+00 0.835123E+02
     5761.00  0.510738E+00 0.103664E+01 0.344954E+00 0.823026E+02
     5811.00  0.516385E+00 0.102171E+01 0.411910E+00 0.809498E+02
     5861.00  0.521842E+00 0.100590E+01 0.480210E+00 0.794680E+02
     5911.00  0.527104E+00 0.989220E+00 0.548897E+00 0.778708E+02
     5961.00  0.532165E+00 0.971709E+00 0.617100E+00 0.761714E+02
     6011.00  0.537020E+00 0.953393E+00 0.684027E+00 0.743824E+02
     6061.00  0.541663E+00 0.934302E+00 0.748966E+00 0.725158E+02
     6111.00  0.546089E+00 0.914473E+00 0.811283E+00 0.705831E+02
     6161.00  0.550293E+00 0.893943E+00 0.870417E+00 0.685953E+02
     6211.00  0.554268E+00 0.872750E+00 0.925878E+00 0.665627E+02
     6261.00  0.558012E+00 0.850937E+00 0.977246E+00 0.644949E+02
     6311.00  0.561518E+00 0.828547E+00 0.102417E+01 0.624012E+02
     6361.00  0.564782E+00 0.805626E+00 0.106635E+01 0.602900E+02
     6411.00  0.567799E+00 0.782221E+00 0.110356E+01 0.581694E+02
     6461.00  0.570566E+00 0.758381E+00 0.113563E+01 0.560468E+02
     6511.00  0.573078E+00 0.734158E+00 0.116244E+01 0.539290E+02
     6561.00  0.575333E+00 0.709602E+00 0.118391E+01 0.518223E+02
     6611.00  0.577325E+00 0.684766E+00 0.120002E+01 0.497325E+02
     6661.00  0.579051E+00 0.659703E+00 0.121080E+01 0.476649E+02
     6711.00  0.580509E+00 0.634467E+00 0.121631E+01 0.456242E+02
     6761.00  0.581695E+00 0.609113E+00 0.121665E+01 0.436148E+02
     6811.00  0.582606E+00 0.583694E+00 0.121194E+01 0.416404E+02
     6861.00  0.583240E+00 0.558266E+00 0.120237E+01 0.397046E+02
     6911.00  0.583594E+00 0.532882E+00 0.118813E+01 0.378103E+02
     6961.00  0.583667E+00 0.507598E+00 0.116943E+01 0.359604E+02
     7011.00  0.583456E+00 0.482466E+00 0.114653E+01 0.341569E+02
     7061.00  0.582959E+00 0.457540E+00 0.111969E+01 0.324020E+02
     7111.00  0.582177E+00 0.432873E+00 0.108918E+01 0.306972E+02
     7161.00  0.581108E+00 0.408516E+00 0.105532E+01 0.290440E+02
     7211.00  0.579752E+00 0.384518E+00 0.101841E+01 0.274432E+02
     7261.00  0.578107E+00 0.360928E+00 0.978763E+00 0.258959E+02
     7311.00  0.576173E+00 0.337794E+00 0.936715E+00 0.244024E+02
     7361.00  0.573952E+00 0.315161E+00 0.892598E+00 0.229633E+02
     7411.00  0.571443E+00 0.293074E+00 0.846747E+00 0.215785E+02
     7511.00  0.565566E+00 0.250701E+00 0.751194E+00 0.189716E+02
     7611.00  0.558552E+00 0.210989E+00 0.652740E+00 0.165794E+02
     7711.00  0.550418E+00 0.174214E+00 0.554005E+00 0.143971E+02
     7811.00  0.541185E+00 0.140616E+00 0.457493E+00 0.124180E+02
     7911.00  0.530879E+00 0.110395E+00 0.365553E+00 0.106341E+02
     8011.00  0.519532E+00 0.837070E-01 0.280342E+00 0.903584E+01
     8111.00  0.507180E+00 0.606674E-01 0.203797E+00 0.761318E+01
     8211.00  0.493866E+00 0.413473E-01 0.137612E+00 0.635528E+01
     8311.00  0.479638E+00 0.257743E-01 0.832227E-01 0.525099E+01
     8411.00  0.464550E+00 0.139335E-01 0.417948E-01 0.428897E+01
     8511.00  0.448659E+00 0.576847E-02 0.142186E-01 0.345787E+01
     8611.00  0.432028E+00 0.118279E-02 0.110888E-02 0.274646E+01
     8711.00  0.414724E+00 0.425220E-04 0.280876E-02 0.214378E+01
     8811.00  0.396819E+00 0.217860E-02 0.193977E-01 0.163919E+01
     8911.00  0.378389E+00 0.738978E-02 0.507030E-01 0.122248E+01
     9011.00  0.359514E+00 0.154460E-01 0.963147E-01 0.883915E+00
     9111.00  0.340278E+00 0.260917E-01 0.155603E+00 0.614297E+00
     9211.00  0.320767E+00 0.390501E-01 0.227737E+00 0.404970E+00
     9311.00  0.301070E+00 0.540265E-01 0.311708E+00 0.247863E+00
     9411.00  0.281277E+00 0.707127E-01 0.406351E+00 0.135493E+00
     9511.00  0.261481E+00 0.887910E-01 0.510367E+00 0.609748E-01
     9611.00  0.241776E+00 0.107938E+00 0.622350E+00 0.180104E-01
     9711.00  0.222258E+00 0.127830E+00 0.740810E+00 0.883920E-03
     9811.00  0.203022E+00 0.148145E+00 0.864198E+00 0.444573E-02
     9911.00  0.184161E+00 0.168567E+00 0.990931E+00 0.240936E-01
    10011.00  0.165770E+00 0.188791E+00 0.111941E+01 0.557504E-01
    10111.00  0.147940E+00 0.208524E+00 0.124804E+01 0.958399E-01
    10211.00  0.130762E+00 0.227491E+00 0.137528E+01 0.141259E+00
    10311.00  0.114324E+00 0.245435E+00 0.149961E+01 0.189349E+00
    10411.00  0.987104E-01 0.262122E+00 0.161960E+01 0.237866E+00
    10511.00  0.840018E-01 0.277341E+00 0.173389E+01 0.284953E+00
    10611.00  0.702753E-01 0.290907E+00 0.184123E+01 0.329103E+00
    10711.00  0.576028E-01 0.302661E+00 0.194047E+01 0.369135E+00
    10811.00  0.460514E-01 0.312475E+00 0.203059E+01 0.404159E+00
    10911.00  0.356825E-01 0.320247E+00 0.211069E+01 0.433549E+00
    11011.00  0.265514E-01 0.325906E+00 0.218002E+01 0.456911E+00
    11111.00  0.187073E-01 0.329411E+00 0.223797E+01 0.474057E+00
    11211.00  0.121922E-01 0.330746E+00 0.228405E+01 0.484976E+00
    11311.00  0.704138E-02 0.329928E+00 0.231796E+01 0.489811E+00
    11411.00  0.328268E-02 0.326998E+00 0.233949E+01 0.488833E+00
    11511.00  0.936351E-03 0.322022E+00 0.234861E+01 0.482414E+00
    11611.00  0.149414E-04 0.315094E+00 0.234541E+01 0.471014E+00
    11711.00  0.523109E-03 0.306327E+00 0.233011E+01 0.455155E+00
    11811.00  0.245756E-02 0.295855E+00 0.230307E+01 0.435402E+00
    11911.00  0.580702E-02 0.283831E+00 0.226475E+01 0.412353E+00
    12011.00  0.105522E-01 0.270422E+00 0.221572E+01 0.386616E+00
    12111.00  0.166661E-01 0.255810E+00 0.215664E+01 0.358800E+00
    12211.00  0.241137E-01 0.240186E+00 0.208829E+01 0.329506E+00
    12311.00  0.328524E-01 0.223751E+00 0.201147E+01 0.299309E+00
    12411.00  0.428325E-01 0.206709E+00 0.192710E+01 0.268758E+00
    12511.00  0.539970E-01 0.189267E+00 0.183611E+01 0.238363E+00
    12611.00  0.662819E-01 0.171635E+00 0.173948E+01 0.208593E+00
    12711.00  0.796174E-01 0.154017E+00 0.163824E+01 0.179868E+00
    12811.00  0.939270E-01 0.136613E+00 0.153341E+01 0.152559E+00
    12911.00  0.109129E+00 0.119618E+00 0.142603E+01 0.126984E+00
    13011.00  0.125136E+00 0.103216E+00 0.131713E+01 0.103410E+00
    13111.00  0.141858E+00 0.875789E-01 0.120771E+01 0.820484E-01
    13211.00  0.159198E+00 0.728678E-01 0.109876E+01 0.630602E-01
    13311.00  0.177058E+00 0.592279E-01 0.991234E+00 0.465550E-01
    13411.00  0.195335E+00 0.467884E-01 0.886034E+00 0.325942E-01
    13511.00  0.213927E+00 0.356619E-01 0.784014E+00 0.211938E-01
    13611.00  0.232727E+00 0.259424E-01 0.685966E+00 0.123278E-01
    13711.00  0.251628E+00 0.177055E-01 0.592620E+00 0.593169E-02
    13811.00  0.270525E+00 0.110076E-01 0.504635E+00 0.190642E-02
    13911.00  0.289308E+00 0.588556E-02 0.422596E+00 0.122759E-03
    14011.00  0.307874E+00 0.235686E-02 0.347010E+00 0.425422E-03
    14111.00  0.326118E+00 0.419896E-03 0.278306E+00 0.263746E-02
    14211.00  0.343939E+00 0.542982E-04 0.216831E+00 0.656457E-02
    14311.00  0.361235E+00 0.122164E-02 0.162851E+00 0.119993E-01
    14411.00  0.377914E+00 0.386630E-02 0.116550E+00 0.187253E-01
    14511.00  0.393881E+00 0.791642E-02 0.780335E-01 0.265210E-01
    14611.00  0.409049E+00 0.132852E-01 0.473279E-01 0.351634E-01
    14711.00  0.423337E+00 0.198720E-01 0.243848E-01 0.444316E-01
    14811.00  0.436667E+00 0.275640E-01 0.908339E-02 0.541098E-01
    14911.00  0.448969E+00 0.362379E-01 0.123480E-02 0.639902E-01
    15011.00  0.460177E+00 0.457611E-01 0.586188E-03 0.738757E-01
    15111.00  0.470232E+00 0.559936E-01 0.682570E-02 0.835817E-01
    15211.00  0.479085E+00 0.667901E-01 0.195877E-01 0.929382E-01
    15311.00  0.486690E+00 0.780012E-01 0.384584E-01 0.101791E+00
    15411.00  0.493011E+00 0.894756E-01 0.629813E-01 0.110004E+00
    15511.00  0.498017E+00 0.101062E+00 0.926637E-01 0.117458E+00
    15611.00  0.501689E+00 0.112609E+00 0.126982E+00 0.124053E+00
    15711.00  0.504011E+00 0.123971E+00 0.165390E+00 0.129708E+00
    15811.00  0.504978E+00 0.135005E+00 0.207321E+00 0.134360E+00
    15911.00  0.504592E+00 0.145575E+00 0.252199E+00 0.137966E+00
    16011.00  0.502861E+00 0.155553E+00 0.299438E+00 0.140499E+00
    16111.00  0.499801E+00 0.164819E+00 0.348456E+00 0.141951E+00
    16211.00  0.495438E+00 0.173265E+00 0.398673E+00 0.142331E+00
    16311.00  0.489800E+00 0.180792E+00 0.449522E+00 0.141660E+00
    16411.00  0.482928E+00 0.187315E+00 0.500448E+00 0.139976E+00
    16511.00  0.474864E+00 0.192760E+00 0.550919E+00 0.137329E+00
    16611.00  0.465660E+00 0.197070E+00 0.600426E+00 0.133780E+00
    16711.00  0.455372E+00 0.200198E+00 0.648486E+00 0.129400E+00
    16811.00  0.444061E+00 0.202113E+00 0.694652E+00 0.124269E+00
    16911.00  0.431795E+00 0.202801E+00 0.738507E+00 0.118474E+00
    17011.00  0.418643E+00 0.202257E+00 0.779671E+00 0.112106E+00
    17111.00  0.404683E+00 0.200496E+00 0.817805E+00 0.105261E+00
    17211.00  0.389992E+00 0.197543E+00 0.852608E+00 0.980378E-01
    17311.00  0.374652E+00 0.193438E+00 0.883823E+00 0.905351E-01
    17411.00  0.358747E+00 0.188235E+00 0.911233E+00 0.828525E-01
    17511.00  0.342364E+00 0.181998E+00 0.934666E+00 0.750876E-01
    17611.00  0.325590E+00 0.174804E+00 0.953990E+00 0.673354E-01
    17711.00  0.308514E+00 0.166741E+00 0.969116E+00 0.596875E-01
    17811.00  0.291224E+00 0.157905E+00 0.979997E+00 0.522306E-01
    17911.00  0.273809E+00 0.148400E+00 0.986623E+00 0.450461E-01
    18011.00  0.256356E+00 0.138340E+00 0.989025E+00 0.382093E-01
    18111.00  0.238952E+00 0.127843E+00 0.987270E+00 0.317885E-01
    18211.00  0.221683E+00 0.117030E+00 0.981459E+00 0.258450E-01
    18311.00  0.204629E+00 0.106030E+00 0.971725E+00 0.204323E-01
    18411.00  0.187872E+00 0.949704E-01 0.958232E+00 0.155960E-01
    18511.00  0.171488E+00 0.839802E-01 0.941168E+00 0.113736E-01
    18611.00  0.155551E+00 0.731882E-01 0.920747E+00 0.779440E-02
    18711.00  0.140129E+00 0.627216E-01 0.897205E+00 0.487963E-02
    18811.00  0.125288E+00 0.527042E-01 0.870795E+00 0.264245E-02
    18911.00  0.111088E+00 0.432555E-01 0.841783E+00 0.108822E-02
    19011.00  0.975862E-01 0.344898E-01 0.810451E+00 0.214731E-03
    19111.00  0.848321E-01 0.265149E-01 0.777090E+00 0.126076E-04
    19311.00  0.617440E-01 0.133297E-01 0.705459E+00 0.155137E-02
    19511.00  0.421221E-01 0.439611E-02 0.629283E+00 0.550210E-02
    19711.00  0.261734E-01 0.251226E-03 0.550909E+00 0.115779E-01
    19911.00  0.140135E-01 0.125528E-02 0.472580E+00 0.194260E-01
    20111.00  0.566717E-02 0.757996E-02 0.396353E+00 0.286469E-01
    20311.00  0.107156E-02 0.192042E-01 0.324048E+00 0.388138E-01
    20511.00  0.813759E-04 0.359172E-01 0.257207E+00 0.494914E-01
    20711.00  0.247584E-02 0.573275E-01 0.197059E+00 0.602528E-01
    20911.00  0.796720E-02 0.828796E-01 0.144514E+00 0.706953E-01
    21111.00  0.162105E-01 0.111874E+00 0.100148E+00 0.804532E-01
    21311.00  0.268143E-01 0.143495E+00 0.642236E-01 0.892080E-01
    21511.00  0.393522E-01 0.176835E+00 0.367018E-01 0.966969E-01
    21711.00  0.533740E-01 0.210933E+00 0.172735E-01 0.102717E+00
    21911.00  0.684186E-01 0.244800E+00 0.539464E-02 0.107128E+00
    22111.00  0.840238E-01 0.277458E+00 0.326318E-03 0.109853E+00
    22311.00  0.997392E-01 0.307967E+00 0.117903E-02 0.110875E+00
    22511.00  0.115134E+00 0.335455E+00 0.695788E-02 0.110234E+00
    22711.00  0.129810E+00 0.359149E+00 0.166076E-01 0.108017E+00
    22911.00  0.143403E+00 0.378391E+00 0.290557E-01 0.104359E+00
    23111.00  0.155596E+00 0.392660E+00 0.432521E-01 0.994276E-01
    23311.00  0.166123E+00 0.401589E+00 0.582050E-01 0.934174E-01
    23511.00  0.174769E+00 0.404966E+00 0.730100E-01 0.865411E-01
    23711.00  0.181375E+00 0.402742E+00 0.868756E-01 0.790220E-01
    23911.00  0.185840E+00 0.395029E+00 0.991394E-01 0.710836E-01
    24111.00  0.188119E+00 0.382092E+00 0.109282E+00 0.629449E-01
    24311.00  0.188219E+00 0.364339E+00 0.116929E+00 0.548113E-01
    24511.00  0.186200E+00 0.342306E+00 0.121854E+00 0.468710E-01
    24711.00  0.182167E+00 0.316634E+00 0.123969E+00 0.392893E-01
    24911.00  0.176268E+00 0.288056E+00 0.123319E+00 0.322061E-01
    25111.00  0.168686E+00 0.257367E+00 0.120060E+00 0.257332E-01
    25311.00  0.159632E+00 0.225401E+00 0.114451E+00 0.199539E-01
    25511.00  0.149343E+00 0.193010E+00 0.106825E+00 0.149225E-01
    25711.00  0.138068E+00 0.161035E+00 0.975746E-01 0.106657E-01
    25911.00  0.126068E+00 0.130285E+00 0.871298E-01 0.718444E-02
    26111.00  0.113605E+00 0.101513E+00 0.759354E-01 0.445652E-02
    26311.00  0.100937E+00 0.754033E-01 0.644339E-01 0.243958E-02
    26511.00  0.883129E-01 0.525451E-01 0.530460E-01 0.107470E-02
    26711.00  0.759659E-01 0.334276E-01 0.421572E-01 0.290113E-03
    26911.00  0.641092E-01 0.184250E-01 0.321037E-01 0.498608E-05
         IE==>      4            5            6            7
        1.00  0.492261E-08 0.535206E-06 0.486249E-06 0.521917E-04
        2.00  0.842529E-06 0.919056E-04 0.829795E-04 0.896247E-02
        3.00  0.166837E-04 0.182593E-02 0.163831E-02 0.178063E+00
        4.00  0.136682E-03 0.150085E-01 0.133822E-01 0.146363E+01
        5.00  0.690659E-03 0.760897E-01 0.674192E-01 0.742035E+01
        6.00  0.257150E-02 0.284241E+00 0.250269E+00 0.277197E+02
        7.00  0.775661E-02 0.860225E+00 0.752639E+00 0.838914E+02
        8.00  0.200584E-01 0.223192E+01 0.194044E+01 0.217664E+03
        9.00  0.461215E-01 0.514906E+01 0.444826E+01 0.502156E+03
       10.00  0.966726E-01 0.108286E+02 0.929537E+01 0.105605E+04
       11.00  0.188021E+00 0.211310E+02 0.180235E+02 0.206080E+04
       12.00  0.343798E+00 0.387674E+02 0.328551E+02 0.378079E+04
       13.00  0.596932E+00 0.675363E+02 0.568701E+02 0.658650E+04
       14.00  0.991827E+00 0.112590E+03 0.941993E+02 0.109804E+05
       15.00  0.158674E+01 0.180727E+03 0.150233E+03 0.176255E+05
       16.00  0.245635E+01 0.280712E+03 0.231841E+03 0.273766E+05
       17.00  0.369441E+01 0.423616E+03 0.347601E+03 0.413134E+05
       18.00  0.541662E+01 0.623178E+03 0.508034E+03 0.607758E+05
       19.00  0.776342E+01 0.896182E+03 0.725840E+03 0.874005E+05
       20.00  0.109030E+02 0.126285E+04 0.101613E+04 0.123159E+06
       21.00  0.150342E+02 0.174722E+04 0.139667E+04 0.170397E+06
       22.00  0.203895E+02 0.237760E+04 0.188810E+04 0.231873E+06
       23.00  0.272379E+02 0.318692E+04 0.251414E+04 0.310800E+06
       24.00  0.358878E+02 0.421320E+04 0.330182E+04 0.410885E+06
       25.00  0.466903E+02 0.549998E+04 0.428172E+04 0.536372E+06
       26.00  0.600415E+02 0.709672E+04 0.548809E+04 0.692085E+06
       27.00  0.763858E+02 0.905925E+04 0.695912E+04 0.883467E+06
       28.00  0.962187E+02 0.114502E+05 0.873707E+04 0.111663E+07
       29.00  0.120089E+03 0.143395E+05 0.108684E+05 0.139837E+07
       30.00  0.148601E+03 0.178045E+05 0.134041E+05 0.173626E+07
       31.00  0.182419E+03 0.219310E+05 0.163995E+05 0.213864E+07
       32.00  0.222266E+03 0.268128E+05 0.199146E+05 0.261467E+07
       33.00  0.268927E+03 0.325528E+05 0.240141E+05 0.317437E+07
       34.00  0.323253E+03 0.392628E+05 0.287672E+05 0.382864E+07
       35.00  0.386159E+03 0.470643E+05 0.342483E+05 0.458932E+07
       36.00  0.458625E+03 0.560883E+05 0.405360E+05 0.546919E+07
       37.00  0.541703E+03 0.664763E+05 0.477143E+05 0.648201E+07
       38.00  0.636512E+03 0.783798E+05 0.558714E+05 0.764257E+07
       39.00  0.744240E+03 0.919612E+05 0.651006E+05 0.896670E+07
       40.00  0.866148E+03 0.107394E+06 0.754999E+05 0.104713E+08
       42.00  0.115791E+04 0.144564E+06 0.100224E+06 0.140949E+08
       44.00  0.152333E+04 0.191506E+06 0.130919E+06 0.186710E+08
       46.00  0.197509E+04 0.250028E+06 0.168530E+06 0.243755E+08
       48.00  0.252704E+04 0.322132E+06 0.214070E+06 0.314035E+08
       50.00  0.319410E+04 0.410012E+06 0.268604E+06 0.399685E+08
       52.00  0.399221E+04 0.516056E+06 0.333248E+06 0.503030E+08
       54.00  0.493828E+04 0.642837E+06 0.409154E+06 0.626575E+08
       56.00  0.605005E+04 0.793111E+06 0.497503E+06 0.773001E+08
       58.00  0.734603E+04 0.969808E+06 0.599490E+06 0.945157E+08
       60.00  0.884537E+04 0.117602E+07 0.716315E+06 0.114605E+09
       62.00  0.105677E+05 0.141498E+07 0.849166E+06 0.137883E+09
       64.00  0.125329E+05 0.169006E+07 0.999203E+06 0.164676E+09
       66.00  0.147608E+05 0.200472E+07 0.116754E+07 0.195320E+09
       68.00  0.172713E+05 0.236246E+07 0.135520E+07 0.230157E+09
       70.00  0.200834E+05 0.276683E+07 0.156315E+07 0.269529E+09
       72.00  0.232154E+05 0.322133E+07 0.179220E+07 0.313777E+09
       74.00  0.266845E+05 0.372940E+07 0.204305E+07 0.363235E+09
       76.00  0.305062E+05 0.429436E+07 0.231621E+07 0.418222E+09
       78.00  0.346944E+05 0.491935E+07 0.261205E+07 0.479044E+09
       80.00  0.392606E+05 0.560729E+07 0.293071E+07 0.545982E+09
       82.00  0.442139E+05 0.636078E+07 0.327211E+07 0.619288E+09
       84.00  0.495606E+05 0.718211E+07 0.363595E+07 0.699180E+09
       86.00  0.553034E+05 0.807310E+07 0.402165E+07 0.785834E+09
       88.00  0.614416E+05 0.903508E+07 0.442836E+07 0.879378E+09
       90.00  0.679703E+05 0.100688E+08 0.485496E+07 0.979882E+09
       92.00  0.748807E+05 0.111745E+08 0.530003E+07 0.108736E+10
       94.00  0.821594E+05 0.123516E+08 0.576187E+07 0.120176E+10
       96.00  0.897888E+05 0.135990E+08 0.623851E+07 0.132296E+10
       98.00  0.977470E+05 0.149147E+08 0.672772E+07 0.145078E+10
      100.00  0.106008E+06 0.162961E+08 0.722707E+07 0.158495E+10
      102.00  0.114542E+06 0.177400E+08 0.773392E+07 0.172516E+10
      104.00  0.123315E+06 0.192424E+08 0.824545E+07 0.187102E+10
      106.00  0.132291E+06 0.207988E+08 0.875875E+07 0.202207E+10
      108.00  0.141430E+06 0.224038E+08 0.927078E+07 0.217781E+10
      110.00  0.150691E+06 0.240518E+08 0.977848E+07 0.233768E+10
      112.00  0.160029E+06 0.257366E+08 0.102788E+08 0.250107E+10
      114.00  0.169400E+06 0.274515E+08 0.107686E+08 0.266734E+10
      116.00  0.178758E+06 0.291898E+08 0.112451E+08 0.283581E+10
      118.00  0.188060E+06 0.309443E+08 0.117055E+08 0.300580E+10
      122.00  0.206315E+06 0.344738E+08 0.125673E+08 0.334758E+10
      126.00  0.223839E+06 0.379843E+08 0.133361E+08 0.368727E+10
      130.00  0.240343E+06 0.414241E+08 0.139978E+08 0.401982E+10
      134.00  0.255594E+06 0.447474E+08 0.145432E+08 0.434080E+10
      138.00  0.269417E+06 0.479159E+08 0.149674E+08 0.464648E+10
      142.00  0.281694E+06 0.508995E+08 0.152699E+08 0.493397E+10
      146.00  0.292365E+06 0.536766E+08 0.154535E+08 0.520118E+10
      150.00  0.301419E+06 0.562340E+08 0.155243E+08 0.544684E+10
      154.00  0.308889E+06 0.585660E+08 0.154905E+08 0.567041E+10
      158.00  0.314842E+06 0.606730E+08 0.153619E+08 0.587196E+10
      162.00  0.319367E+06 0.625607E+08 0.151490E+08 0.605205E+10
      166.00  0.322570E+06 0.642379E+08 0.148626E+08 0.621157E+10
      170.00  0.324565E+06 0.657163E+08 0.145132E+08 0.635165E+10
      174.00  0.325467E+06 0.670088E+08 0.141110E+08 0.647359E+10
      178.00  0.325392E+06 0.681296E+08 0.136655E+08 0.657875E+10
      182.00  0.324452E+06 0.690931E+08 0.131852E+08 0.666855E+10
      186.00  0.322752E+06 0.699136E+08 0.126782E+08 0.674440E+10
      190.00  0.320393E+06 0.706050E+08 0.121514E+08 0.680765E+10
      194.00  0.317463E+06 0.711806E+08 0.116109E+08 0.685959E+10
      198.00  0.314045E+06 0.716522E+08 0.110622E+08 0.690140E+10
      202.00  0.310210E+06 0.720311E+08 0.105098E+08 0.693415E+10
      206.00  0.306022E+06 0.723273E+08 0.995771E+07 0.695882E+10
      210.00  0.301540E+06 0.725497E+08 0.940925E+07 0.697631E+10
      214.00  0.296813E+06 0.727068E+08 0.886732E+07 0.698741E+10
      218.00  0.291886E+06 0.728061E+08 0.833433E+07 0.699287E+10
      222.00  0.286798E+06 0.728542E+08 0.781230E+07 0.699333E+10
      226.00  0.281583E+06 0.728571E+08 0.730291E+07 0.698939E+10
      230.00  0.276271E+06 0.728202E+08 0.680753E+07 0.698154E+10
      234.00  0.270888E+06 0.727481E+08 0.632727E+07 0.697026E+10
      238.00  0.265454E+06 0.726447E+08 0.586304E+07 0.695592E+10
      242.00  0.259988E+06 0.725137E+08 0.541553E+07 0.693888E+10
      246.00  0.254508E+06 0.723581E+08 0.498530E+07 0.691943E+10
      250.00  0.249026E+06 0.721809E+08 0.457278E+07 0.689786E+10
      254.00  0.243555E+06 0.719844E+08 0.417829E+07 0.687440E+10
      258.00  0.238107E+06 0.717710E+08 0.380206E+07 0.684929E+10
      262.00  0.232689E+06 0.715427E+08 0.344421E+07 0.682271E+10
      266.00  0.227310E+06 0.713013E+08 0.310484E+07 0.679485E+10
      270.00  0.221977E+06 0.710484E+08 0.278394E+07 0.676585E+10
      274.00  0.216695E+06 0.707852E+08 0.248148E+07 0.673585E+10
      282.00  0.206303E+06 0.702327E+08 0.193155E+07 0.667326E+10
      290.00  0.196162E+06 0.696517E+08 0.145406E+07 0.660786E+10
      298.00  0.186294E+06 0.690487E+08 0.104764E+07 0.654030E+10
      306.00  0.176716E+06 0.684293E+08 0.710663E+06 0.647110E+10
      314.00  0.167436E+06 0.677979E+08 0.441326E+06 0.640071E+10
      322.00  0.158460E+06 0.671579E+08 0.237698E+06 0.632946E+10
      330.00  0.149790E+06 0.665116E+08 0.977818E+05 0.625758E+10
      338.00  0.141426E+06 0.658612E+08 0.195503E+05 0.618528E+10
      346.00  0.133366E+06 0.652084E+08 0.965842E+03 0.611275E+10
      354.00  0.125609E+06 0.645549E+08 0.399979E+05 0.604015E+10
      362.00  0.118149E+06 0.639019E+08 0.134636E+06 0.596759E+10
      370.00  0.110983E+06 0.632500E+08 0.282900E+06 0.589515E+10
      378.00  0.104103E+06 0.625998E+08 0.482841E+06 0.582288E+10
      386.00  0.975058E+05 0.619516E+08 0.732545E+06 0.575083E+10
      394.00  0.911839E+05 0.613060E+08 0.103014E+07 0.567904E+10
      402.00  0.851320E+05 0.606632E+08 0.137378E+07 0.560757E+10
      410.00  0.793439E+05 0.600236E+08 0.176169E+07 0.553643E+10
      418.00  0.738134E+05 0.593873E+08 0.219209E+07 0.546566E+10
      426.00  0.685342E+05 0.587544E+08 0.266327E+07 0.539525E+10
      434.00  0.635002E+05 0.581247E+08 0.317354E+07 0.532521E+10
      442.00  0.587055E+05 0.574985E+08 0.372124E+07 0.525556E+10
      450.00  0.541442E+05 0.568760E+08 0.430478E+07 0.518632E+10
      458.00  0.498106E+05 0.562572E+08 0.492258E+07 0.511751E+10
      466.00  0.456990E+05 0.556423E+08 0.557312E+07 0.504914E+10
      474.00  0.418036E+05 0.550312E+08 0.625489E+07 0.498122E+10
      482.00  0.381188E+05 0.544241E+08 0.696642E+07 0.491375E+10
      490.00  0.346392E+05 0.538209E+08 0.770629E+07 0.484675E+10
      498.00  0.313593E+05 0.532218E+08 0.847310E+07 0.478022E+10
      506.00  0.282740E+05 0.526268E+08 0.926551E+07 0.471418E+10
      514.00  0.253780E+05 0.520360E+08 0.100822E+08 0.464864E+10
      522.00  0.226663E+05 0.514495E+08 0.109219E+08 0.458361E+10
      530.00  0.201337E+05 0.508674E+08 0.117834E+08 0.451909E+10
      538.00  0.177753E+05 0.502894E+08 0.126653E+08 0.445508E+10
      546.00  0.155864E+05 0.497157E+08 0.135666E+08 0.439158E+10
      554.00  0.135620E+05 0.491462E+08 0.144860E+08 0.432860E+10
      562.00  0.116976E+05 0.485810E+08 0.154224E+08 0.426614E+10
      570.00  0.998872E+04 0.480201E+08 0.163747E+08 0.420420E+10
      578.00  0.843075E+04 0.474634E+08 0.173419E+08 0.414280E+10
      586.00  0.701935E+04 0.469110E+08 0.183228E+08 0.408192E+10
      596.00  0.545469E+04 0.462264E+08 0.195666E+08 0.400656E+10
      606.00  0.410416E+04 0.455482E+08 0.208284E+08 0.393201E+10
      616.00  0.295977E+04 0.448765E+08 0.221060E+08 0.385828E+10
      626.00  0.201377E+04 0.442111E+08 0.233977E+08 0.378537E+10
      636.00  0.125857E+04 0.435521E+08 0.247018E+08 0.371328E+10
      646.00  0.686783E+03 0.428995E+08 0.260164E+08 0.364202E+10
      656.00  0.291199E+03 0.422533E+08 0.273399E+08 0.357159E+10
      666.00  0.647908E+02 0.416134E+08 0.286707E+08 0.350198E+10
      676.00  0.706228E+00 0.409798E+08 0.300072E+08 0.343319E+10
      686.00  0.922644E+02 0.403526E+08 0.313478E+08 0.336524E+10
      696.00  0.332952E+03 0.397317E+08 0.326912E+08 0.329813E+10
      706.00  0.716423E+03 0.391172E+08 0.340361E+08 0.323185E+10
      716.00  0.123649E+04 0.385092E+08 0.353811E+08 0.316643E+10
      726.00  0.188714E+04 0.379076E+08 0.367249E+08 0.310185E+10
      736.00  0.266251E+04 0.373124E+08 0.380663E+08 0.303811E+10
      746.00  0.355687E+04 0.367236E+08 0.394040E+08 0.297522E+10
      756.00  0.456468E+04 0.361412E+08 0.407371E+08 0.291317E+10
      766.00  0.568053E+04 0.355653E+08 0.420644E+08 0.285197E+10
      776.00  0.689916E+04 0.349957E+08 0.433849E+08 0.279162E+10
      786.00  0.821546E+04 0.344326E+08 0.446976E+08 0.273212E+10
      796.00  0.962444E+04 0.338758E+08 0.460016E+08 0.267346E+10
      806.00  0.111213E+05 0.333254E+08 0.472958E+08 0.261563E+10
      816.00  0.127012E+05 0.327812E+08 0.485794E+08 0.255864E+10
      826.00  0.143597E+05 0.322433E+08 0.498514E+08 0.250248E+10
      836.00  0.160922E+05 0.317116E+08 0.511113E+08 0.244715E+10
      846.00  0.178946E+05 0.311861E+08 0.523580E+08 0.239265E+10
      856.00  0.197625E+05 0.306669E+08 0.535910E+08 0.233897E+10
      866.00  0.216918E+05 0.301538E+08 0.548095E+08 0.228611E+10
      876.00  0.236786E+05 0.296467E+08 0.560129E+08 0.223406E+10
      886.00  0.257191E+05 0.291458E+08 0.572003E+08 0.218282E+10
      896.00  0.278094E+05 0.286509E+08 0.583713E+08 0.213238E+10
      906.00  0.299459E+05 0.281620E+08 0.595253E+08 0.208274E+10
      916.00  0.321252E+05 0.276791E+08 0.606618E+08 0.203390E+10
      926.00  0.343438E+05 0.272022E+08 0.617803E+08 0.198586E+10
      936.00  0.365984E+05 0.267313E+08 0.628804E+08 0.193860E+10
      946.00  0.388858E+05 0.262663E+08 0.639616E+08 0.189213E+10
      956.00  0.412030E+05 0.258073E+08 0.650235E+08 0.184643E+10
      966.00  0.435468E+05 0.253540E+08 0.660657E+08 0.180151E+10
      976.00  0.459144E+05 0.249066E+08 0.670879E+08 0.175736E+10
      986.00  0.483030E+05 0.244650E+08 0.680897E+08 0.171396E+10
      996.00  0.507098E+05 0.240292E+08 0.690710E+08 0.167133E+10
     1006.00  0.531324E+05 0.235992E+08 0.700314E+08 0.162944E+10
     1016.00  0.555681E+05 0.231749E+08 0.709706E+08 0.158830E+10
     1026.00  0.580145E+05 0.227562E+08 0.718885E+08 0.154790E+10
     1036.00  0.604691E+05 0.223432E+08 0.727848E+08 0.150824E+10
     1046.00  0.629296E+05 0.219357E+08 0.736592E+08 0.146929E+10
     1056.00  0.653939E+05 0.215338E+08 0.745117E+08 0.143107E+10
     1066.00  0.678599E+05 0.211374E+08 0.753420E+08 0.139355E+10
     1076.00  0.703253E+05 0.207465E+08 0.761501E+08 0.135674E+10
     1086.00  0.727884E+05 0.203610E+08 0.769359E+08 0.132063E+10
     1096.00  0.752471E+05 0.199809E+08 0.776992E+08 0.128521E+10
     1106.00  0.776996E+05 0.196062E+08 0.784399E+08 0.125048E+10
     1116.00  0.801442E+05 0.192367E+08 0.791580E+08 0.121642E+10
     1126.00  0.825789E+05 0.188725E+08 0.798534E+08 0.118302E+10
     1136.00  0.850023E+05 0.185134E+08 0.805261E+08 0.115029E+10
     1146.00  0.874127E+05 0.181596E+08 0.811760E+08 0.111822E+10
     1156.00  0.898087E+05 0.178108E+08 0.818033E+08 0.108679E+10
     1166.00  0.921888E+05 0.174672E+08 0.824079E+08 0.105600E+10
     1176.00  0.945517E+05 0.171286E+08 0.829898E+08 0.102584E+10
     1186.00  0.968960E+05 0.167949E+08 0.835493E+08 0.996307E+09
     1196.00  0.992205E+05 0.164663E+08 0.840862E+08 0.967392E+09
     1206.00  0.101524E+06 0.161426E+08 0.846006E+08 0.939088E+09
     1216.00  0.103805E+06 0.158237E+08 0.850927E+08 0.911386E+09
     1226.00  0.106063E+06 0.155096E+08 0.855625E+08 0.884279E+09
     1236.00  0.108296E+06 0.152004E+08 0.860103E+08 0.857759E+09
     1246.00  0.110505E+06 0.148958E+08 0.864360E+08 0.831820E+09
     1256.00  0.112687E+06 0.145960E+08 0.868400E+08 0.806453E+09
     1266.00  0.114842E+06 0.143009E+08 0.872223E+08 0.781652E+09
     1276.00  0.116969E+06 0.140103E+08 0.875832E+08 0.757408E+09
     1286.00  0.119067E+06 0.137243E+08 0.879226E+08 0.733713E+09
     1296.00  0.121135E+06 0.134429E+08 0.882409E+08 0.710560E+09
     1306.00  0.123174E+06 0.131659E+08 0.885382E+08 0.687941E+09
     1316.00  0.125181E+06 0.128933E+08 0.888145E+08 0.665848E+09
     1326.00  0.127157E+06 0.126251E+08 0.890703E+08 0.644274E+09
     1336.00  0.129101E+06 0.123612E+08 0.893056E+08 0.623211E+09
     1346.00  0.131012E+06 0.121016E+08 0.895206E+08 0.602652E+09
     1356.00  0.132889E+06 0.118463E+08 0.897157E+08 0.582588E+09
     1366.00  0.134733E+06 0.115952E+08 0.898910E+08 0.563013E+09
     1376.00  0.136543E+06 0.113482E+08 0.900466E+08 0.543918E+09
     1386.00  0.138318E+06 0.111053E+08 0.901829E+08 0.525296E+09
     1396.00  0.140058E+06 0.108664E+08 0.902999E+08 0.507139E+09
     1406.00  0.141763E+06 0.106316E+08 0.903980E+08 0.489440E+09
     1416.00  0.143432E+06 0.104007E+08 0.904774E+08 0.472191E+09
     1426.00  0.145065E+06 0.101737E+08 0.905383E+08 0.455385E+09
     1436.00  0.146662E+06 0.995061E+07 0.905810E+08 0.439015E+09
     1446.00  0.148222E+06 0.973134E+07 0.906058E+08 0.423074E+09
     1456.00  0.149746E+06 0.951584E+07 0.906129E+08 0.407553E+09
     1466.00  0.151232E+06 0.930408E+07 0.906026E+08 0.392447E+09
     1476.00  0.152682E+06 0.909600E+07 0.905751E+08 0.377748E+09
     1486.00  0.154095E+06 0.889157E+07 0.905306E+08 0.363448E+09
     1496.00  0.155470E+06 0.869074E+07 0.904696E+08 0.349541E+09
     1506.00  0.156808E+06 0.849346E+07 0.903921E+08 0.336020E+09
     1516.00  0.158109E+06 0.829969E+07 0.902986E+08 0.322877E+09
     1526.00  0.159372E+06 0.810940E+07 0.901892E+08 0.310107E+09
     1536.00  0.160598E+06 0.792253E+07 0.900644E+08 0.297701E+09
     1546.00  0.161787E+06 0.773905E+07 0.899243E+08 0.285654E+09
     1556.00  0.162938E+06 0.755891E+07 0.897693E+08 0.273958E+09
     1566.00  0.164053E+06 0.738207E+07 0.895996E+08 0.262608E+09
     1576.00  0.165130E+06 0.720848E+07 0.894156E+08 0.251595E+09
     1586.00  0.166170E+06 0.703811E+07 0.892174E+08 0.240915E+09
     1596.00  0.167174E+06 0.687090E+07 0.890054E+08 0.230559E+09
     1606.00  0.168140E+06 0.670682E+07 0.887798E+08 0.220523E+09
     1616.00  0.169070E+06 0.654582E+07 0.885409E+08 0.210799E+09
     1626.00  0.169964E+06 0.638787E+07 0.882890E+08 0.201381E+09
     1636.00  0.170821E+06 0.623291E+07 0.880245E+08 0.192263E+09
     1646.00  0.171642E+06 0.608092E+07 0.877475E+08 0.183438E+09
     1656.00  0.172427E+06 0.593185E+07 0.874584E+08 0.174902E+09
     1666.00  0.173177E+06 0.578566E+07 0.871574E+08 0.166647E+09
     1676.00  0.173891E+06 0.564231E+07 0.868448E+08 0.158668E+09
     1686.00  0.174569E+06 0.550175E+07 0.865209E+08 0.150959E+09
     1696.00  0.175213E+06 0.536395E+07 0.861859E+08 0.143513E+09
     1706.00  0.175822E+06 0.522886E+07 0.858400E+08 0.136326E+09
     1716.00  0.176397E+06 0.509645E+07 0.854837E+08 0.129391E+09
     1726.00  0.176937E+06 0.496668E+07 0.851170E+08 0.122704E+09
     1736.00  0.177443E+06 0.483951E+07 0.847404E+08 0.116257E+09
     1746.00  0.177916E+06 0.471491E+07 0.843542E+08 0.110047E+09
     1756.00  0.178356E+06 0.459283E+07 0.839584E+08 0.104067E+09
     1766.00  0.178763E+06 0.447323E+07 0.835535E+08 0.983125E+08
     1776.00  0.179137E+06 0.435609E+07 0.831397E+08 0.927780E+08
     1786.00  0.179478E+06 0.424136E+07 0.827172E+08 0.874583E+08
     1796.00  0.179788E+06 0.412900E+07 0.822863E+08 0.823483E+08
     1806.00  0.180066E+06 0.401898E+07 0.818472E+08 0.774430E+08
     1816.00  0.180313E+06 0.391126E+07 0.814003E+08 0.727375E+08
     1826.00  0.180528E+06 0.380582E+07 0.809457E+08 0.682268E+08
     1836.00  0.180714E+06 0.370260E+07 0.804837E+08 0.639062E+08
     1846.00  0.180869E+06 0.360158E+07 0.800146E+08 0.597709E+08
     1856.00  0.180995E+06 0.350273E+07 0.795386E+08 0.558163E+08
     1866.00  0.181091E+06 0.340601E+07 0.790561E+08 0.520377E+08
     1876.00  0.181158E+06 0.331138E+07 0.785671E+08 0.484307E+08
     1886.00  0.181197E+06 0.321881E+07 0.780720E+08 0.449907E+08
     1896.00  0.181207E+06 0.312827E+07 0.775710E+08 0.417133E+08
     1906.00  0.181190E+06 0.303972E+07 0.770642E+08 0.385943E+08
     1916.00  0.181145E+06 0.295314E+07 0.765520E+08 0.356294E+08
     1926.00  0.181073E+06 0.286848E+07 0.760346E+08 0.328144E+08
     1936.00  0.180975E+06 0.278572E+07 0.755121E+08 0.301452E+08
     1946.00  0.180850E+06 0.270483E+07 0.749849E+08 0.276178E+08
     1956.00  0.180700E+06 0.262577E+07 0.744531E+08 0.252282E+08
     1966.00  0.180524E+06 0.254852E+07 0.739170E+08 0.229724E+08
     1976.00  0.180323E+06 0.247304E+07 0.733767E+08 0.208467E+08
     1986.00  0.180098E+06 0.239930E+07 0.728325E+08 0.188473E+08
     1996.00  0.179849E+06 0.232727E+07 0.722846E+08 0.169705E+08
     2006.00  0.179576E+06 0.225693E+07 0.717331E+08 0.152126E+08
     2016.00  0.179279E+06 0.218823E+07 0.711783E+08 0.135701E+08
     2026.00  0.178960E+06 0.212117E+07 0.706203E+08 0.120395E+08
     2036.00  0.178618E+06 0.205569E+07 0.700594E+08 0.106173E+08
     2046.00  0.178254E+06 0.199179E+07 0.694958E+08 0.930018E+07
     2056.00  0.177868E+06 0.192942E+07 0.689295E+08 0.808480E+07
     2066.00  0.177461E+06 0.186856E+07 0.683609E+08 0.696793E+07
     2076.00  0.177033E+06 0.180919E+07 0.677901E+08 0.594637E+07
     2086.00  0.176585E+06 0.175128E+07 0.672172E+08 0.501702E+07
     2096.00  0.176117E+06 0.169479E+07 0.666425E+08 0.417681E+07
     2106.00  0.175629E+06 0.163971E+07 0.660662E+08 0.342273E+07
     2116.00  0.175121E+06 0.158601E+07 0.654883E+08 0.275186E+07
     2126.00  0.174595E+06 0.153366E+07 0.649091E+08 0.216131E+07
     2136.00  0.174051E+06 0.148264E+07 0.643287E+08 0.164826E+07
     2146.00  0.173488E+06 0.143293E+07 0.637473E+08 0.120995E+07
     2156.00  0.172908E+06 0.138449E+07 0.631650E+08 0.843675E+06
     2166.00  0.172310E+06 0.133730E+07 0.625821E+08 0.546793E+06
     2176.00  0.171696E+06 0.129134E+07 0.619985E+08 0.316710E+06
     2186.00  0.171065E+06 0.124659E+07 0.614146E+08 0.150893E+06
     2196.00  0.170418E+06 0.120303E+07 0.608305E+08 0.468626E+05
     2206.00  0.169756E+06 0.116062E+07 0.602463E+08 0.219382E+04
     2216.00  0.169078E+06 0.111935E+07 0.596621E+08 0.145165E+05
     2226.00  0.168386E+06 0.107920E+07 0.590781E+08 0.815134E+05
     2236.00  0.167679E+06 0.104013E+07 0.584944E+08 0.200920E+06
     2246.00  0.166958E+06 0.100214E+07 0.579111E+08 0.370524E+06
     2256.00  0.166223E+06 0.965203E+06 0.573284E+08 0.588164E+06
     2266.00  0.165475E+06 0.929290E+06 0.567464E+08 0.851729E+06
     2276.00  0.164714E+06 0.894385E+06 0.561652E+08 0.115916E+07
     2286.00  0.163940E+06 0.860467E+06 0.555850E+08 0.150844E+07
     2296.00  0.163154E+06 0.827516E+06 0.550058E+08 0.189762E+07
     2306.00  0.162357E+06 0.795511E+06 0.544279E+08 0.232477E+07
     2316.00  0.161547E+06 0.764434E+06 0.538512E+08 0.278802E+07
     2326.00  0.160727E+06 0.734265E+06 0.532759E+08 0.328557E+07
     2336.00  0.159896E+06 0.704984E+06 0.527021E+08 0.381563E+07
     2346.00  0.159054E+06 0.676573E+06 0.521299E+08 0.437647E+07
     2356.00  0.158202E+06 0.649014E+06 0.515594E+08 0.496641E+07
     2366.00  0.157340E+06 0.622287E+06 0.509907E+08 0.558380E+07
     2376.00  0.156469E+06 0.596376E+06 0.504239E+08 0.622705E+07
     2386.00  0.155589E+06 0.571261E+06 0.498591E+08 0.689459E+07
     2396.00  0.154700E+06 0.546927E+06 0.492964E+08 0.758492E+07
     2406.00  0.153802E+06 0.523355E+06 0.487358E+08 0.829657E+07
     2416.00  0.152896E+06 0.500530E+06 0.481774E+08 0.902809E+07
     2426.00  0.151983E+06 0.478434E+06 0.476214E+08 0.977809E+07
     2436.00  0.151061E+06 0.457051E+06 0.470679E+08 0.105452E+08
     2446.00  0.150133E+06 0.436365E+06 0.465168E+08 0.113282E+08
     2456.00  0.149198E+06 0.416360E+06 0.459682E+08 0.121257E+08
     2466.00  0.148256E+06 0.397021E+06 0.454224E+08 0.129365E+08
     2476.00  0.147307E+06 0.378332E+06 0.448792E+08 0.137594E+08
     2486.00  0.146353E+06 0.360279E+06 0.443388E+08 0.145932E+08
     2496.00  0.145393E+06 0.342846E+06 0.438012E+08 0.154368E+08
     2506.00  0.144427E+06 0.326019E+06 0.432666E+08 0.162891E+08
     2516.00  0.143456E+06 0.309784E+06 0.427349E+08 0.171491E+08
     2526.00  0.142481E+06 0.294126E+06 0.422063E+08 0.180156E+08
     2536.00  0.141500E+06 0.279033E+06 0.416807E+08 0.188877E+08
     2546.00  0.140516E+06 0.264489E+06 0.411583E+08 0.197645E+08
     2556.00  0.139527E+06 0.250483E+06 0.406391E+08 0.206450E+08
     2566.00  0.138534E+06 0.237001E+06 0.401231E+08 0.215283E+08
     2576.00  0.137538E+06 0.224029E+06 0.396105E+08 0.224135E+08
     2586.00  0.136538E+06 0.211556E+06 0.391012E+08 0.232999E+08
     2596.00  0.135536E+06 0.199569E+06 0.385953E+08 0.241864E+08
     2606.00  0.134530E+06 0.188055E+06 0.380928E+08 0.250725E+08
     2616.00  0.133522E+06 0.177003E+06 0.375938E+08 0.259574E+08
     2626.00  0.132512E+06 0.166401E+06 0.370984E+08 0.268402E+08
     2636.00  0.131500E+06 0.156238E+06 0.366065E+08 0.277203E+08
     2646.00  0.130485E+06 0.146501E+06 0.361182E+08 0.285971E+08
     2656.00  0.129469E+06 0.137180E+06 0.356335E+08 0.294698E+08
     2666.00  0.128452E+06 0.128264E+06 0.351525E+08 0.303379E+08
     2676.00  0.127433E+06 0.119743E+06 0.346752E+08 0.312007E+08
     2686.00  0.126413E+06 0.111605E+06 0.342016E+08 0.320578E+08
     2696.00  0.125393E+06 0.103840E+06 0.337318E+08 0.329084E+08
     2706.00  0.124372E+06 0.964383E+05 0.332657E+08 0.337522E+08
     2716.00  0.123351E+06 0.893900E+05 0.328035E+08 0.345885E+08
     2726.00  0.122329E+06 0.826852E+05 0.323451E+08 0.354170E+08
     2736.00  0.121307E+06 0.763143E+05 0.318905E+08 0.362371E+08
     2746.00  0.120286E+06 0.702679E+05 0.314398E+08 0.370483E+08
     2756.00  0.119265E+06 0.645368E+05 0.309930E+08 0.378504E+08
     2766.00  0.118245E+06 0.591121E+05 0.305500E+08 0.386429E+08
     2776.00  0.117225E+06 0.539848E+05 0.301110E+08 0.394253E+08
     2786.00  0.116206E+06 0.491463E+05 0.296759E+08 0.401974E+08
     2796.00  0.115188E+06 0.445881E+05 0.292447E+08 0.409588E+08
     2806.00  0.114172E+06 0.403020E+05 0.288175E+08 0.417091E+08
     2816.00  0.113157E+06 0.362797E+05 0.283943E+08 0.424481E+08
     2826.00  0.112143E+06 0.325133E+05 0.279750E+08 0.431755E+08
     2836.00  0.111132E+06 0.289949E+05 0.275598E+08 0.438909E+08
     2846.00  0.110122E+06 0.257170E+05 0.271485E+08 0.445942E+08
     2856.00  0.109114E+06 0.226719E+05 0.267411E+08 0.452851E+08
     2866.00  0.108108E+06 0.198525E+05 0.263378E+08 0.459634E+08
     2876.00  0.107105E+06 0.172514E+05 0.259385E+08 0.466289E+08
     2886.00  0.106104E+06 0.148616E+05 0.255432E+08 0.472813E+08
     2896.00  0.105106E+06 0.126764E+05 0.251518E+08 0.479205E+08
     2906.00  0.104111E+06 0.106888E+05 0.247645E+08 0.485463E+08
     2916.00  0.103118E+06 0.889245E+04 0.243811E+08 0.491586E+08
     2926.00  0.102128E+06 0.728076E+04 0.240018E+08 0.497572E+08
     2936.00  0.101142E+06 0.584748E+04 0.236264E+08 0.503420E+08
     2946.00  0.100159E+06 0.458643E+04 0.232551E+08 0.509129E+08
     2956.00  0.991788E+05 0.349158E+04 0.228877E+08 0.514699E+08
     2966.00  0.982025E+05 0.255705E+04 0.225243E+08 0.520127E+08
     2976.00  0.972297E+05 0.177708E+04 0.221648E+08 0.525414E+08
     2986.00  0.962607E+05 0.114603E+04 0.218093E+08 0.530558E+08
     2996.00  0.952955E+05 0.658406E+03 0.214578E+08 0.535560E+08
     3006.00  0.943343E+05 0.308833E+03 0.211102E+08 0.540418E+08
     3016.00  0.933770E+05 0.920624E+02 0.207665E+08 0.545132E+08
     3026.00  0.924239E+05 0.296657E+01 0.204268E+08 0.549702E+08
     3036.00  0.914749E+05 0.365396E+02 0.200909E+08 0.554128E+08
     3046.00  0.905303E+05 0.187894E+03 0.197590E+08 0.558410E+08
     3056.00  0.895901E+05 0.452258E+03 0.194309E+08 0.562548E+08
     3066.00  0.886543E+05 0.824976E+03 0.191067E+08 0.566542E+08
     3076.00  0.877231E+05 0.130150E+04 0.187863E+08 0.570391E+08
     3086.00  0.867966E+05 0.187741E+04 0.184698E+08 0.574098E+08
     3096.00  0.858748E+05 0.254837E+04 0.181571E+08 0.577661E+08
     3106.00  0.849578E+05 0.331016E+04 0.178482E+08 0.581081E+08
     3116.00  0.840456E+05 0.415868E+04 0.175431E+08 0.584359E+08
     3126.00  0.831385E+05 0.508992E+04 0.172418E+08 0.587495E+08
     3136.00  0.822363E+05 0.609997E+04 0.169442E+08 0.590490E+08
     3146.00  0.813392E+05 0.718502E+04 0.166503E+08 0.593345E+08
     3156.00  0.804472E+05 0.834136E+04 0.163601E+08 0.596060E+08
     3166.00  0.795604E+05 0.956539E+04 0.160736E+08 0.598636E+08
     3176.00  0.786788E+05 0.108536E+05 0.157908E+08 0.601074E+08
     3186.00  0.778026E+05 0.122025E+05 0.155116E+08 0.603375E+08
     3196.00  0.769317E+05 0.136088E+05 0.152361E+08 0.605539E+08
     3206.00  0.760662E+05 0.150693E+05 0.149641E+08 0.607569E+08
     3216.00  0.752062E+05 0.165808E+05 0.146957E+08 0.609464E+08
     3226.00  0.743517E+05 0.181403E+05 0.144309E+08 0.611227E+08
     3236.00  0.735027E+05 0.197447E+05 0.141696E+08 0.612858E+08
     3246.00  0.726593E+05 0.213911E+05 0.139119E+08 0.614359E+08
     3256.00  0.718216E+05 0.230767E+05 0.136576E+08 0.615730E+08
     3266.00  0.709896E+05 0.247989E+05 0.134067E+08 0.616974E+08
     3276.00  0.701632E+05 0.265548E+05 0.131593E+08 0.618090E+08
     3286.00  0.693426E+05 0.283420E+05 0.129153E+08 0.619082E+08
     3296.00  0.685277E+05 0.301579E+05 0.126747E+08 0.619949E+08
     3306.00  0.677187E+05 0.320001E+05 0.124375E+08 0.620694E+08
     3316.00  0.669155E+05 0.338663E+05 0.122035E+08 0.621318E+08
     3326.00  0.661182E+05 0.357540E+05 0.119729E+08 0.621822E+08
     3336.00  0.653267E+05 0.376612E+05 0.117456E+08 0.622209E+08
     3346.00  0.645411E+05 0.395856E+05 0.115215E+08 0.622478E+08
     3356.00  0.637615E+05 0.415251E+05 0.113007E+08 0.622633E+08
     3366.00  0.629878E+05 0.434778E+05 0.110830E+08 0.622674E+08
     3376.00  0.622201E+05 0.454417E+05 0.108686E+08 0.622604E+08
     3386.00  0.614584E+05 0.474149E+05 0.106572E+08 0.622423E+08
     3396.00  0.607028E+05 0.493955E+05 0.104490E+08 0.622134E+08
     3406.00  0.599531E+05 0.513819E+05 0.102439E+08 0.621738E+08
     3416.00  0.592095E+05 0.533722E+05 0.100419E+08 0.621236E+08
     3426.00  0.584719E+05 0.553648E+05 0.984288E+07 0.620631E+08
     3436.00  0.577403E+05 0.573581E+05 0.964689E+07 0.619924E+08
     3446.00  0.570148E+05 0.593506E+05 0.945387E+07 0.619117E+08
     3456.00  0.562954E+05 0.613407E+05 0.926381E+07 0.618211E+08
     3466.00  0.555821E+05 0.633271E+05 0.907667E+07 0.617208E+08
     3476.00  0.548748E+05 0.653084E+05 0.889243E+07 0.616110E+08
     3486.00  0.541736E+05 0.672832E+05 0.871105E+07 0.614919E+08
     3496.00  0.534784E+05 0.692502E+05 0.853252E+07 0.613636E+08
     3506.00  0.527894E+05 0.712082E+05 0.835680E+07 0.612263E+08
     3516.00  0.521064E+05 0.731561E+05 0.818386E+07 0.610802E+08
     3526.00  0.514295E+05 0.750926E+05 0.801368E+07 0.609254E+08
     3536.00  0.507587E+05 0.770167E+05 0.784623E+07 0.607622E+08
     3546.00  0.500939E+05 0.789273E+05 0.768148E+07 0.605906E+08
     3556.00  0.494352E+05 0.808234E+05 0.751939E+07 0.604109E+08
     3566.00  0.487825E+05 0.827041E+05 0.735994E+07 0.602232E+08
     3576.00  0.481359E+05 0.845684E+05 0.720311E+07 0.600278E+08
     3586.00  0.474953E+05 0.864154E+05 0.704887E+07 0.598247E+08
     3596.00  0.468607E+05 0.882444E+05 0.689717E+07 0.596142E+08
     3606.00  0.462321E+05 0.900543E+05 0.674801E+07 0.593964E+08
     3616.00  0.456095E+05 0.918446E+05 0.660134E+07 0.591714E+08
     3626.00  0.449929E+05 0.936145E+05 0.645715E+07 0.589396E+08
     3636.00  0.443822E+05 0.953632E+05 0.631539E+07 0.587009E+08
     3646.00  0.437775E+05 0.970901E+05 0.617605E+07 0.584557E+08
     3656.00  0.431787E+05 0.987946E+05 0.603910E+07 0.582040E+08
     3666.00  0.425859E+05 0.100476E+06 0.590451E+07 0.579460E+08
     3676.00  0.419989E+05 0.102134E+06 0.577224E+07 0.576819E+08
     3686.00  0.414178E+05 0.103768E+06 0.564228E+07 0.574119E+08
     3696.00  0.408425E+05 0.105377E+06 0.551460E+07 0.571361E+08
     3706.00  0.402731E+05 0.106961E+06 0.538916E+07 0.568547E+08
     3716.00  0.397096E+05 0.108519E+06 0.526594E+07 0.565679E+08
     3726.00  0.391518E+05 0.110052E+06 0.514492E+07 0.562757E+08
     3736.00  0.385997E+05 0.111558E+06 0.502606E+07 0.559784E+08
     3746.00  0.380534E+05 0.113038E+06 0.490934E+07 0.556761E+08
     3756.00  0.375129E+05 0.114490E+06 0.479473E+07 0.553689E+08
     3766.00  0.369780E+05 0.115915E+06 0.468220E+07 0.550571E+08
     3776.00  0.364488E+05 0.117313E+06 0.457173E+07 0.547408E+08
     3786.00  0.359252E+05 0.118682E+06 0.446330E+07 0.544201E+08
     3796.00  0.354072E+05 0.120023E+06 0.435686E+07 0.540952E+08
     3806.00  0.348949E+05 0.121336E+06 0.425241E+07 0.537662E+08
     3816.00  0.343881E+05 0.122621E+06 0.414991E+07 0.534333E+08
     3826.00  0.338868E+05 0.123877E+06 0.404933E+07 0.530966E+08
     3836.00  0.333911E+05 0.125103E+06 0.395066E+07 0.527563E+08
     3846.00  0.329008E+05 0.126301E+06 0.385386E+07 0.524125E+08
     3856.00  0.324160E+05 0.127470E+06 0.375891E+07 0.520653E+08
     3866.00  0.319366E+05 0.128610E+06 0.366578E+07 0.517150E+08
     3876.00  0.314626E+05 0.129720E+06 0.357446E+07 0.513616E+08
     3886.00  0.309939E+05 0.130801E+06 0.348490E+07 0.510052E+08
     3896.00  0.305306E+05 0.131852E+06 0.339710E+07 0.506460E+08
     3906.00  0.300725E+05 0.132874E+06 0.331102E+07 0.502842E+08
     3916.00  0.296197E+05 0.133867E+06 0.322664E+07 0.499198E+08
     3926.00  0.291722E+05 0.134830E+06 0.314393E+07 0.495530E+08
     3936.00  0.287298E+05 0.135764E+06 0.306288E+07 0.491839E+08
     3946.00  0.282926E+05 0.136669E+06 0.298346E+07 0.488127E+08
     3956.00  0.278605E+05 0.137544E+06 0.290563E+07 0.484394E+08
     3966.00  0.274335E+05 0.138390E+06 0.282939E+07 0.480642E+08
     3976.00  0.270116E+05 0.139207E+06 0.275471E+07 0.476873E+08
     3986.00  0.265947E+05 0.139995E+06 0.268156E+07 0.473086E+08
     3996.00  0.261828E+05 0.140754E+06 0.260992E+07 0.469284E+08
     4006.00  0.257759E+05 0.141484E+06 0.253977E+07 0.465468E+08
     4016.00  0.253738E+05 0.142185E+06 0.247108E+07 0.461638E+08
     4026.00  0.249767E+05 0.142858E+06 0.240384E+07 0.457796E+08
     4036.00  0.245844E+05 0.143502E+06 0.233802E+07 0.453943E+08
     4046.00  0.241969E+05 0.144118E+06 0.227359E+07 0.450080E+08
     4056.00  0.238142E+05 0.144706E+06 0.221055E+07 0.446208E+08
     4066.00  0.234362E+05 0.145266E+06 0.214886E+07 0.442328E+08
     4076.00  0.230629E+05 0.145798E+06 0.208850E+07 0.438441E+08
     4086.00  0.226943E+05 0.146303E+06 0.202946E+07 0.434548E+08
     4096.00  0.223304E+05 0.146780E+06 0.197171E+07 0.430650E+08
     4106.00  0.219710E+05 0.147230E+06 0.191523E+07 0.426748E+08
     4116.00  0.216161E+05 0.147654E+06 0.186000E+07 0.422843E+08
     4126.00  0.212658E+05 0.148050E+06 0.180600E+07 0.418936E+08
     4136.00  0.209200E+05 0.148420E+06 0.175321E+07 0.415027E+08
     4146.00  0.205786E+05 0.148764E+06 0.170162E+07 0.411119E+08
     4156.00  0.202417E+05 0.149082E+06 0.165119E+07 0.407211E+08
     4166.00  0.199091E+05 0.149374E+06 0.160191E+07 0.403304E+08
     4176.00  0.195808E+05 0.149641E+06 0.155377E+07 0.399400E+08
     4186.00  0.192568E+05 0.149882E+06 0.150674E+07 0.395498E+08
     4196.00  0.189371E+05 0.150099E+06 0.146081E+07 0.391601E+08
     4206.00  0.186216E+05 0.150291E+06 0.141595E+07 0.387708E+08
     4216.00  0.183103E+05 0.150458E+06 0.137214E+07 0.383821E+08
     4226.00  0.180031E+05 0.150601E+06 0.132938E+07 0.379939E+08
     4236.00  0.177001E+05 0.150721E+06 0.128763E+07 0.376065E+08
     4246.00  0.174011E+05 0.150817E+06 0.124689E+07 0.372199E+08
     4256.00  0.171061E+05 0.150889E+06 0.120713E+07 0.368340E+08
     4266.00  0.168152E+05 0.150939E+06 0.116835E+07 0.364491E+08
     4276.00  0.165282E+05 0.150966E+06 0.113051E+07 0.360652E+08
     4286.00  0.162451E+05 0.150970E+06 0.109360E+07 0.356822E+08
     4296.00  0.159659E+05 0.150953E+06 0.105762E+07 0.353004E+08
     4306.00  0.156906E+05 0.150914E+06 0.102253E+07 0.349198E+08
     4316.00  0.154191E+05 0.150853E+06 0.988326E+06 0.345404E+08
     4326.00  0.151513E+05 0.150771E+06 0.954990E+06 0.341622E+08
     4336.00  0.148873E+05 0.150669E+06 0.922506E+06 0.337854E+08
     4346.00  0.146270E+05 0.150545E+06 0.890858E+06 0.334100E+08
     4356.00  0.143703E+05 0.150402E+06 0.860030E+06 0.330361E+08
     4366.00  0.141173E+05 0.150239E+06 0.830006E+06 0.326637E+08
     4376.00  0.138679E+05 0.150056E+06 0.800773E+06 0.322928E+08
     4386.00  0.136220E+05 0.149854E+06 0.772314E+06 0.319235E+08
     4396.00  0.133796E+05 0.149633E+06 0.744615E+06 0.315559E+08
     4406.00  0.131408E+05 0.149393E+06 0.717661E+06 0.311900E+08
     4416.00  0.129053E+05 0.149135E+06 0.691438E+06 0.308258E+08
     4426.00  0.126733E+05 0.148859E+06 0.665931E+06 0.304634E+08
     4436.00  0.124446E+05 0.148565E+06 0.641127E+06 0.301029E+08
     4446.00  0.122193E+05 0.148254E+06 0.617012E+06 0.297442E+08
     4456.00  0.119973E+05 0.147926E+06 0.593571E+06 0.293875E+08
     4466.00  0.117786E+05 0.147582E+06 0.570793E+06 0.290327E+08
     4476.00  0.115631E+05 0.147220E+06 0.548662E+06 0.286799E+08
     4486.00  0.113507E+05 0.146843E+06 0.527167E+06 0.283291E+08
     4511.00  0.108337E+05 0.145832E+06 0.476124E+06 0.274613E+08
     4536.00  0.103359E+05 0.144727E+06 0.428774E+06 0.266069E+08
     4561.00  0.985677E+04 0.143533E+06 0.384927E+06 0.257664E+08
     4586.00  0.939579E+04 0.142255E+06 0.344402E+06 0.249402E+08
     4611.00  0.895244E+04 0.140898E+06 0.307021E+06 0.241286E+08
     4636.00  0.852623E+04 0.139466E+06 0.272616E+06 0.233320E+08
     4661.00  0.811663E+04 0.137964E+06 0.241023E+06 0.225507E+08
     4686.00  0.772317E+04 0.136397E+06 0.212087E+06 0.217849E+08
     4711.00  0.734533E+04 0.134769E+06 0.185657E+06 0.210349E+08
     4736.00  0.698266E+04 0.133084E+06 0.161588E+06 0.203008E+08
     4761.00  0.663468E+04 0.131347E+06 0.139743E+06 0.195828E+08
     4786.00  0.630093E+04 0.129561E+06 0.119989E+06 0.188809E+08
     4811.00  0.598096E+04 0.127731E+06 0.102198E+06 0.181953E+08
     4836.00  0.567432E+04 0.125861E+06 0.862496E+05 0.175260E+08
     4861.00  0.538059E+04 0.123954E+06 0.720272E+05 0.168731E+08
     4886.00  0.509933E+04 0.122015E+06 0.594195E+05 0.162365E+08
     4911.00  0.483014E+04 0.120046E+06 0.483206E+05 0.156161E+08
     4936.00  0.457260E+04 0.118051E+06 0.386289E+05 0.150120E+08
     4961.00  0.432632E+04 0.116034E+06 0.302481E+05 0.144241E+08
     4986.00  0.409091E+04 0.113997E+06 0.230859E+05 0.138523E+08
     5011.00  0.386599E+04 0.111945E+06 0.170548E+05 0.132964E+08
     5036.00  0.365120E+04 0.109879E+06 0.120714E+05 0.127564E+08
     5061.00  0.344617E+04 0.107803E+06 0.805637E+04 0.122320E+08
     5086.00  0.325055E+04 0.105720E+06 0.493446E+04 0.117232E+08
     5111.00  0.306400E+04 0.103632E+06 0.263423E+04 0.112297E+08
     5136.00  0.288619E+04 0.101541E+06 0.108794E+04 0.107513E+08
     5161.00  0.271679E+04 0.994506E+05 0.231437E+03 0.102878E+08
     5186.00  0.255549E+04 0.973624E+05 0.399354E+01 0.983913E+07
     5211.00  0.240198E+04 0.952788E+05 0.348214E+03 0.940491E+07
     5236.00  0.225595E+04 0.932018E+05 0.120989E+04 0.898495E+07
     5261.00  0.211713E+04 0.911335E+05 0.253787E+04 0.857900E+07
     5286.00  0.198523E+04 0.890756E+05 0.428397E+04 0.818681E+07
     5311.00  0.185998E+04 0.870301E+05 0.640282E+04 0.780814E+07
     5336.00  0.174111E+04 0.849985E+05 0.885177E+04 0.744271E+07
     5361.00  0.162836E+04 0.829825E+05 0.115908E+05 0.709025E+07
     5386.00  0.152149E+04 0.809835E+05 0.145823E+05 0.675051E+07
     5411.00  0.142026E+04 0.790029E+05 0.177912E+05 0.642318E+07
     5436.00  0.132442E+04 0.770421E+05 0.211846E+05 0.610801E+07
     5461.00  0.123376E+04 0.751021E+05 0.247317E+05 0.580470E+07
     5511.00  0.106708E+04 0.712894E+05 0.321751E+05 0.523256E+07
     5561.00  0.918556E+03 0.675729E+05 0.399158E+05 0.470449E+07
     5611.00  0.786620E+03 0.639593E+05 0.477776E+05 0.421820E+07
     5661.00  0.669816E+03 0.604542E+05 0.556103E+05 0.377144E+07
     5711.00  0.566789E+03 0.570622E+05 0.632876E+05 0.336198E+07
     5761.00  0.476277E+03 0.537868E+05 0.707045E+05 0.298762E+07
     5811.00  0.397108E+03 0.506308E+05 0.777751E+05 0.264622E+07
     5861.00  0.328199E+03 0.475959E+05 0.844309E+05 0.233568E+07
     5911.00  0.268544E+03 0.446831E+05 0.906183E+05 0.205398E+07
     5961.00  0.217216E+03 0.418929E+05 0.962974E+05 0.179916E+07
     6011.00  0.173361E+03 0.392250E+05 0.101440E+06 0.156933E+07
     6061.00  0.136192E+03 0.366785E+05 0.106028E+06 0.136267E+07
     6111.00  0.104987E+03 0.342521E+05 0.110052E+06 0.117746E+07
     6161.00  0.790814E+02 0.319440E+05 0.113513E+06 0.101203E+07
     6211.00  0.578706E+02 0.297521E+05 0.116414E+06 0.864832E+06
     6261.00  0.408004E+02 0.276739E+05 0.118767E+06 0.734359E+06
     6311.00  0.273664E+02 0.257065E+05 0.120588E+06 0.619207E+06
     6361.00  0.171098E+02 0.238471E+05 0.121896E+06 0.518048E+06
     6411.00  0.961432E+01 0.220923E+05 0.122714E+06 0.429633E+06
     6461.00  0.450322E+01 0.204388E+05 0.123068E+06 0.352791E+06
     6511.00  0.143637E+01 0.188830E+05 0.122984E+06 0.286425E+06
     6561.00  0.107524E+00 0.174214E+05 0.122490E+06 0.229513E+06
     6611.00  0.241699E+00 0.160504E+05 0.121616E+06 0.181103E+06
     6661.00  0.159277E+01 0.147661E+05 0.120391E+06 0.140312E+06
     6711.00  0.394114E+01 0.135648E+05 0.118845E+06 0.106321E+06
     6761.00  0.709159E+01 0.124429E+05 0.117008E+06 0.783744E+05
     6811.00  0.108712E+02 0.113965E+05 0.114908E+06 0.557775E+05
     6861.00  0.151276E+02 0.104221E+05 0.112574E+06 0.378910E+05
     6911.00  0.197269E+02 0.951602E+04 0.110033E+06 0.241297E+05
     6961.00  0.245523E+02 0.867471E+04 0.107313E+06 0.139592E+05
     7011.00  0.295025E+02 0.789470E+04 0.104437E+06 0.689309E+04
     7061.00  0.344900E+02 0.717263E+04 0.101432E+06 0.248974E+04
     7111.00  0.394402E+02 0.650520E+04 0.983190E+05 0.349734E+03
     7161.00  0.442898E+02 0.588923E+04 0.951205E+05 0.112981E+03
     7211.00  0.489859E+02 0.532164E+04 0.918568E+05 0.145608E+04
     7261.00  0.534844E+02 0.479946E+04 0.885465E+05 0.408973E+04
     7311.00  0.577500E+02 0.431984E+04 0.852075E+05 0.775622E+04
     7361.00  0.617544E+02 0.388004E+04 0.818558E+05 0.122270E+05
     7411.00  0.654759E+02 0.347744E+04 0.785064E+05 0.173006E+05
     7511.00  0.720112E+02 0.277394E+04 0.718673E+05 0.285712E+05
     7611.00  0.772854E+02 0.219072E+04 0.653841E+05 0.404138E+05
     7711.00  0.812900E+02 0.171096E+04 0.591316E+05 0.519771E+05
     7811.00  0.840628E+02 0.131964E+04 0.531680E+05 0.626590E+05
     7911.00  0.856742E+02 0.100341E+04 0.475359E+05 0.720589E+05
     8011.00  0.862177E+02 0.750462E+03 0.422644E+05 0.799371E+05
     8111.00  0.858002E+02 0.550481E+03 0.373712E+05 0.861797E+05
     8211.00  0.845362E+02 0.394476E+03 0.328642E+05 0.907689E+05
     8311.00  0.825427E+02 0.274680E+03 0.287430E+05 0.937580E+05
     8411.00  0.799348E+02 0.184425E+03 0.250006E+05 0.952510E+05
     8511.00  0.768230E+02 0.118029E+03 0.216248E+05 0.953857E+05
     8611.00  0.733113E+02 0.706853E+02 0.185992E+05 0.943198E+05
     8711.00  0.694960E+02 0.383574E+02 0.159045E+05 0.922213E+05
     8811.00  0.654642E+02 0.176846E+02 0.135193E+05 0.892592E+05
     8911.00  0.612946E+02 0.589284E+01 0.114211E+05 0.855983E+05
     9011.00  0.570564E+02 0.713528E+00 0.958661E+04 0.813944E+05
     9111.00  0.528099E+02 0.311077E+00 0.799263E+04 0.767911E+05
     9211.00  0.486071E+02 0.321766E+01 0.661633E+04 0.719183E+05
     9311.00  0.444914E+02 0.827535E+01 0.543562E+04 0.668906E+05
     9411.00  0.404993E+02 0.145852E+02 0.442944E+04 0.618079E+05
     9511.00  0.366600E+02 0.214629E+02 0.357792E+04 0.567548E+05
     9611.00  0.329968E+02 0.284000E+02 0.286252E+04 0.518021E+05
     9711.00  0.295272E+02 0.350309E+02 0.226612E+04 0.470070E+05
     9811.00  0.262639E+02 0.411046E+02 0.177303E+04 0.424143E+05
     9911.00  0.232151E+02 0.464606E+02 0.136900E+04 0.380581E+05
    10011.00  0.203852E+02 0.510090E+02 0.104120E+04 0.339625E+05
    10111.00  0.177754E+02 0.547138E+02 0.778158E+03 0.301432E+05
    10211.00  0.153841E+02 0.575789E+02 0.569687E+03 0.266085E+05
    10311.00  0.132073E+02 0.596374E+02 0.406822E+03 0.233605E+05
    10411.00  0.112391E+02 0.609422E+02 0.281726E+03 0.203964E+05
    10511.00  0.947206E+01 0.615590E+02 0.187597E+03 0.177089E+05
    10611.00  0.789732E+01 0.615606E+02 0.118583E+03 0.152878E+05
    10711.00  0.650512E+01 0.610227E+02 0.696822E+02 0.131202E+05
    10811.00  0.528497E+01 0.600210E+02 0.366621E+02 0.111916E+05
    10911.00  0.422585E+01 0.586283E+02 0.159688E+02 0.948606E+04
    11011.00  0.331642E+01 0.569133E+02 0.464814E+01 0.798709E+04
    11111.00  0.254519E+01 0.549396E+02 0.270122E+00 0.667791E+04
    11211.00  0.190064E+01 0.527649E+02 0.859134E+00 0.554177E+04
    11311.00  0.137137E+01 0.504407E+02 0.483023E+01 0.456228E+04
    11411.00  0.946181E+00 0.480124E+02 0.109314E+02 0.372360E+04
    11511.00  0.614192E+00 0.455197E+02 0.181915E+02 0.301064E+04
    11611.00  0.364886E+00 0.429965E+02 0.258744E+02 0.240916E+04
    11711.00  0.188186E+00 0.404717E+02 0.334381E+02 0.190584E+04
    11811.00  0.744961E-01 0.379692E+02 0.404993E+02 0.148836E+04
    11911.00  0.147489E-01 0.355090E+02 0.468022E+02 0.114543E+04
    12011.00  0.429391E-03 0.331070E+02 0.521925E+02 0.866735E+03
    12111.00  0.235996E-01 0.307759E+02 0.565945E+02 0.642970E+03
    12211.00  0.769133E-01 0.285255E+02 0.599925E+02 0.465793E+03
    12311.00  0.153624E+00 0.263632E+02 0.624146E+02 0.327771E+03
    12411.00  0.247589E+00 0.242943E+02 0.639206E+02 0.222345E+03
    12511.00  0.353264E+00 0.223221E+02 0.645904E+02 0.143759E+03
    12611.00  0.465700E+00 0.204487E+02 0.645165E+02 0.870084E+02
    12711.00  0.580526E+00 0.186750E+02 0.637972E+02 0.477766E+02
    12811.00  0.693941E+00 0.170007E+02 0.625315E+02 0.223709E+02
    12911.00  0.802686E+00 0.154249E+02 0.608155E+02 0.766300E+01
    13011.00  0.904031E+00 0.139460E+02 0.587398E+02 0.102955E+01
    13111.00  0.995743E+00 0.125621E+02 0.563878E+02 0.295227E+00
    13211.00  0.107606E+01 0.112707E+02 0.538344E+02 0.367920E+01
    13311.00  0.114368E+01 0.100691E+02 0.511460E+02 0.974500E+01
    13411.00  0.119769E+01 0.895454E+01 0.483797E+02 0.173540E+02
    13511.00  0.123757E+01 0.792392E+01 0.455845E+02 0.256228E+02
    13611.00  0.126314E+01 0.697416E+01 0.428006E+02 0.338845E+02
    13711.00  0.127455E+01 0.610209E+01 0.400612E+02 0.416534E+02
    13811.00  0.127220E+01 0.530450E+01 0.373922E+02 0.485942E+02
    13911.00  0.125675E+01 0.457816E+01 0.348137E+02 0.544939E+02
    14011.00  0.122908E+01 0.391982E+01 0.323405E+02 0.592375E+02
    14111.00  0.119022E+01 0.332624E+01 0.299826E+02 0.627872E+02
    14211.00  0.114135E+01 0.279416E+01 0.277463E+02 0.651638E+02
    14311.00  0.108376E+01 0.232033E+01 0.256347E+02 0.664313E+02
    14411.00  0.101883E+01 0.190151E+01 0.236482E+02 0.666842E+02
    14511.00  0.947956E+00 0.153445E+01 0.217851E+02 0.660363E+02
    14611.00  0.872590E+00 0.121590E+01 0.200424E+02 0.646121E+02
    14711.00  0.794161E+00 0.942656E+00 0.184155E+02 0.625401E+02
    14811.00  0.714073E+00 0.711479E+00 0.168991E+02 0.599469E+02
    14911.00  0.633680E+00 0.519175E+00 0.154877E+02 0.569534E+02
    15011.00  0.554271E+00 0.362566E+00 0.141749E+02 0.536718E+02
    15111.00  0.477045E+00 0.238507E+00 0.129546E+02 0.502034E+02
    15211.00  0.403108E+00 0.143898E+00 0.118208E+02 0.466378E+02
    15311.00  0.333452E+00 0.756900E-01 0.107673E+02 0.430524E+02
    15411.00  0.268951E+00 0.309015E-01 0.978847E+01 0.395117E+02
    15511.00  0.210352E+00 0.662924E-02 0.887898E+01 0.360688E+02
    15611.00  0.158275E+00 0.627563E-04 0.803384E+01 0.327654E+02
    15711.00  0.113206E+00 0.849767E-02 0.724844E+01 0.296327E+02
    15811.00  0.754967E-01 0.293495E-01 0.651865E+01 0.266931E+02
    15911.00  0.453725E-01 0.601668E-01 0.584074E+01 0.239604E+02
    16011.00  0.229301E-01 0.986435E-01 0.521135E+01 0.214420E+02
    16111.00  0.814615E-02 0.142630E+00 0.462755E+01 0.191391E+02
    16211.00  0.883241E-03 0.190144E+00 0.408678E+01 0.170484E+02
    16311.00  0.898167E-03 0.239377E+00 0.358677E+01 0.151630E+02
    16411.00  0.785119E-02 0.288702E+00 0.312557E+01 0.134728E+02
    16511.00  0.213162E-01 0.336680E+00 0.270152E+01 0.119663E+02
    16611.00  0.407911E-01 0.382059E+00 0.231311E+01 0.106301E+02
    16711.00  0.657097E-01 0.423776E+00 0.195908E+01 0.945047E+01
    16811.00  0.954528E-01 0.460957E+00 0.163827E+01 0.841341E+01
    16911.00  0.129359E+00 0.492910E+00 0.134962E+01 0.750497E+01
    17011.00  0.166739E+00 0.519119E+00 0.109215E+01 0.671171E+01
    17111.00  0.206882E+00 0.539244E+00 0.864902E+00 0.602089E+01
    17211.00  0.249073E+00 0.553098E+00 0.666911E+00 0.542055E+01
    17311.00  0.292595E+00 0.560647E+00 0.497179E+00 0.489963E+01
    17411.00  0.336750E+00 0.561995E+00 0.354652E+00 0.444804E+01
    17511.00  0.380856E+00 0.557365E+00 0.238195E+00 0.405663E+01
    17611.00  0.424263E+00 0.547092E+00 0.146578E+00 0.371716E+01
    17711.00  0.466359E+00 0.531604E+00 0.784680E-01 0.342226E+01
    17811.00  0.506574E+00 0.511404E+00 0.324157E-01 0.316539E+01
    17911.00  0.544388E+00 0.487058E+00 0.685981E-02 0.294074E+01
    18011.00  0.579335E+00 0.459180E+00 0.128365E-03 0.274319E+01
    18111.00  0.611007E+00 0.428415E+00 0.104465E-01 0.256821E+01
    18211.00  0.639054E+00 0.395424E+00 0.359488E-01 0.241183E+01
    18311.00  0.663189E+00 0.360870E+00 0.746948E-01 0.227057E+01
    18411.00  0.683187E+00 0.325409E+00 0.124688E+00 0.214140E+01
    18511.00  0.698886E+00 0.289673E+00 0.183900E+00 0.202167E+01
    18611.00  0.710183E+00 0.254263E+00 0.250287E+00 0.190913E+01
    18711.00  0.717039E+00 0.219738E+00 0.321827E+00 0.180185E+01
    18811.00  0.719468E+00 0.186610E+00 0.396532E+00 0.169822E+01
    18911.00  0.717539E+00 0.155334E+00 0.472486E+00 0.159695E+01
    19011.00  0.711374E+00 0.126307E+00 0.547861E+00 0.149701E+01
    19111.00  0.701143E+00 0.998621E-01 0.620949E+00 0.139768E+01
    19311.00  0.669356E+00 0.557249E-01 0.754126E+00 0.119918E+01
    19511.00  0.624295E+00 0.242832E-01 0.861434E+00 0.100051E+01
    19711.00  0.568522E+00 0.589159E-02 0.935265E+00 0.804104E+00
    19911.00  0.504895E+00 0.224389E-07 0.971266E+00 0.615016E+00
    20111.00  0.436404E+00 0.530310E-02 0.968356E+00 0.440004E+00
    20311.00  0.366022E+00 0.199217E-01 0.928518E+00 0.286462E+00
    20511.00  0.296582E+00 0.415990E-01 0.856394E+00 0.161349E+00
    20711.00  0.230655E+00 0.678952E-01 0.758696E+00 0.701840E-01
    20911.00  0.170470E+00 0.963687E-01 0.643537E+00 0.162492E-01
    21111.00  0.117847E+00 0.124732E+00 0.519694E+00 0.631769E-04
    21311.00  0.741574E-01 0.150976E+00 0.395894E+00 0.191964E-01
    21511.00  0.403076E-01 0.173461E+00 0.280168E+00 0.684313E-01
    21711.00  0.167427E-01 0.190968E+00 0.179318E+00 0.140238E+00
    21911.00  0.347069E-02 0.202723E+00 0.985235E-01 0.225503E+00
    22111.00  0.100174E-03 0.208381E+00 0.411142E-01 0.314413E+00
    22311.00  0.589135E-02 0.207995E+00 0.850003E-02 0.397395E+00
    22511.00  0.198153E-01 0.201958E+00 0.251826E-03 0.466000E+00
    22711.00  0.406185E-01 0.190941E+00 0.143116E-01 0.513648E+00
    22911.00  0.668903E-01 0.175815E+00 0.472993E-01 0.536154E+00
    23111.00  0.971286E-01 0.157581E+00 0.948833E-01 0.531989E+00
    23311.00  0.129804E+00 0.137295E+00 0.152181E+00 0.502284E+00
    23511.00  0.163417E+00 0.116010E+00 0.214149E+00 0.450562E+00
    23711.00  0.196552E+00 0.947163E-01 0.275949E+00 0.382276E+00
    23911.00  0.227916E+00 0.743041E-01 0.333245E+00 0.304176E+00
    24111.00  0.256381E+00 0.555301E-01 0.382444E+00 0.223617E+00
    24311.00  0.281002E+00 0.389980E-01 0.420839E+00 0.147835E+00
    24511.00  0.301042E+00 0.251505E-01 0.446689E+00 0.833055E-01
    24711.00  0.315974E+00 0.142689E-01 0.459214E+00 0.352052E-01
    24911.00  0.325487E+00 0.648155E-02 0.458526E+00 0.703364E-02
    25111.00  0.329476E+00 0.177704E-02 0.445517E+00 0.413804E-03
    25311.00  0.328027E+00 0.225954E-04 0.421699E+00 0.150725E-01
    25511.00  0.321405E+00 0.984425E-03 0.389037E+00 0.489883E-01
    25711.00  0.310022E+00 0.434942E-02 0.349765E+00 0.986778E-01
    25911.00  0.294423E+00 0.974688E-02 0.306222E+00 0.159584E+00
    26111.00  0.275244E+00 0.167691E-01 0.260694E+00 0.226521E+00
    26311.00  0.253198E+00 0.249907E-01 0.215292E+00 0.294134E+00
    26511.00  0.229032E+00 0.339849E-01 0.171855E+00 0.357331E+00
    26711.00  0.203514E+00 0.433392E-01 0.131884E+00 0.411665E+00
    26911.00  0.177393E+00 0.526658E-01 0.965101E-01 0.453604E+00
         IE==>      8            9           10           11
        1.00  0.217462E-04 0.755660E-03 0.819685E-03 0.183756E-04
        2.00  0.370282E-02 0.129885E+00 0.139936E+00 0.277610E-02
        3.00  0.729438E-01 0.258293E+01 0.276390E+01 0.481253E-01
        4.00  0.594486E+00 0.212508E+02 0.225850E+02 0.341933E+00
        5.00  0.298823E+01 0.107837E+03 0.113826E+03 0.148230E+01
        6.00  0.110674E+02 0.403211E+03 0.422697E+03 0.467540E+01
        7.00  0.332069E+02 0.122141E+04 0.127167E+04 0.117704E+02
        8.00  0.854156E+02 0.317195E+04 0.327980E+04 0.249542E+02
        9.00  0.195350E+03 0.732442E+04 0.752138E+04 0.460266E+02
       10.00  0.407259E+03 0.154174E+05 0.157229E+05 0.753104E+02
       11.00  0.787802E+03 0.301130E+05 0.304975E+05 0.110420E+03
       12.00  0.143267E+04 0.552956E+05 0.556140E+05 0.145307E+03
       13.00  0.247391E+04 0.964163E+05 0.962984E+05 0.170192E+03
       14.00  0.408788E+04 0.160879E+06 0.159565E+06 0.173178E+03
       15.00  0.650367E+04 0.258468E+06 0.254570E+06 0.144543E+03
       16.00  0.100119E+05 0.401816E+06 0.392991E+06 0.848325E+02
       17.00  0.149739E+05 0.606904E+06 0.589417E+06 0.180603E+02
       18.00  0.218306E+05 0.893590E+06 0.861752E+06 0.114337E+02
       19.00  0.311117E+05 0.128617E+07 0.123162E+07 0.203111E+03
       20.00  0.434446E+05 0.181396E+07 0.172477E+07 0.839572E+03
       21.00  0.595628E+05 0.251187E+07 0.237149E+07 0.232422E+04
       22.00  0.803139E+05 0.342103E+07 0.320696E+07 0.527880E+04
       23.00  0.106667E+06 0.458942E+07 0.427168E+07 0.106193E+05
       24.00  0.139722E+06 0.607248E+07 0.561182E+07 0.196481E+05
       25.00  0.180713E+06 0.793376E+07 0.727959E+07 0.341632E+05
       26.00  0.231018E+06 0.102456E+08 0.933357E+07 0.565875E+05
       27.00  0.292160E+06 0.130898E+08 0.118391E+08 0.901181E+05
       28.00  0.365819E+06 0.165581E+08 0.148684E+08 0.138898E+06
       29.00  0.453830E+06 0.207532E+08 0.185011E+08 0.208212E+06
       30.00  0.558187E+06 0.257892E+08 0.228245E+08 0.304706E+06
       31.00  0.681050E+06 0.317919E+08 0.279335E+08 0.436630E+06
       32.00  0.824739E+06 0.389001E+08 0.339309E+08 0.614115E+06
       33.00  0.991739E+06 0.472655E+08 0.409277E+08 0.849467E+06
       34.00  0.118470E+07 0.570537E+08 0.490430E+08 0.115749E+07
       35.00  0.140643E+07 0.684443E+08 0.584040E+08 0.155586E+07
       36.00  0.165989E+07 0.816320E+08 0.691464E+08 0.206547E+07
       37.00  0.194820E+07 0.968265E+08 0.814141E+08 0.271087E+07
       38.00  0.227465E+07 0.114254E+09 0.953592E+08 0.352071E+07
       39.00  0.264264E+07 0.134155E+09 0.111142E+09 0.452819E+07
       40.00  0.305575E+07 0.156789E+09 0.128932E+09 0.577157E+07
       42.00  0.403225E+07 0.211377E+09 0.171245E+09 0.914758E+07
       44.00  0.523529E+07 0.280436E+09 0.223809E+09 0.140768E+08
       46.00  0.669789E+07 0.366680E+09 0.288256E+09 0.211049E+08
       48.00  0.845453E+07 0.473119E+09 0.366332E+09 0.309158E+08
       50.00  0.105408E+08 0.603065E+09 0.459881E+09 0.443533E+08
       52.00  0.129931E+08 0.760129E+09 0.570832E+09 0.624440E+08
       54.00  0.158477E+08 0.948215E+09 0.701184E+09 0.864205E+08
       56.00  0.191408E+08 0.117152E+10 0.852980E+09 0.117746E+09
       58.00  0.229076E+08 0.143450E+10 0.102830E+10 0.158136E+09
       60.00  0.271822E+08 0.174189E+10 0.122922E+10 0.209584E+09
       62.00  0.319964E+08 0.209867E+10 0.145781E+10 0.274385E+09
       64.00  0.373798E+08 0.251000E+10 0.171609E+10 0.355149E+09
       66.00  0.433582E+08 0.298122E+10 0.200599E+10 0.454822E+09
       68.00  0.499534E+08 0.351777E+10 0.232933E+10 0.576699E+09
       70.00  0.571823E+08 0.412517E+10 0.268776E+10 0.724423E+09
       72.00  0.650561E+08 0.480887E+10 0.308272E+10 0.901993E+09
       74.00  0.735794E+08 0.557427E+10 0.351543E+10 0.111375E+10
       76.00  0.827503E+08 0.642660E+10 0.398682E+10 0.136438E+10
       78.00  0.925591E+08 0.737084E+10 0.449751E+10 0.165887E+10
       80.00  0.102988E+09 0.841165E+10 0.504778E+10 0.200248E+10
       82.00  0.114012E+09 0.955325E+10 0.563753E+10 0.240073E+10
       84.00  0.125596E+09 0.107993E+11 0.626623E+10 0.285932E+10
       86.00  0.137696E+09 0.121530E+11 0.693290E+10 0.338407E+10
       88.00  0.150261E+09 0.136165E+11 0.763610E+10 0.398084E+10
       90.00  0.163228E+09 0.151914E+11 0.837388E+10 0.465546E+10
       92.00  0.176526E+09 0.168781E+11 0.914380E+10 0.541363E+10
       94.00  0.190078E+09 0.186762E+11 0.994292E+10 0.626081E+10
       96.00  0.203799E+09 0.205842E+11 0.107678E+11 0.720216E+10
       98.00  0.217597E+09 0.225994E+11 0.116147E+11 0.824238E+10
      100.00  0.231375E+09 0.247182E+11 0.124793E+11 0.938569E+10
      102.00  0.245035E+09 0.269357E+11 0.133570E+11 0.106357E+11
      104.00  0.258475E+09 0.292462E+11 0.142430E+11 0.119954E+11
      106.00  0.271594E+09 0.316429E+11 0.151321E+11 0.134668E+11
      108.00  0.284290E+09 0.341179E+11 0.160192E+11 0.150513E+11
      110.00  0.296466E+09 0.366626E+11 0.168989E+11 0.167495E+11
      112.00  0.308029E+09 0.392677E+11 0.177658E+11 0.185607E+11
      114.00  0.318889E+09 0.419230E+11 0.186147E+11 0.204838E+11
      116.00  0.328965E+09 0.446182E+11 0.194404E+11 0.225164E+11
      118.00  0.338186E+09 0.473424E+11 0.202382E+11 0.246554E+11
      122.00  0.353816E+09 0.528341E+11 0.217316E+11 0.292361E+11
      126.00  0.365400E+09 0.583123E+11 0.230634E+11 0.341862E+11
      130.00  0.372735E+09 0.636962E+11 0.242092E+11 0.394571E+11
      134.00  0.375789E+09 0.689139E+11 0.251527E+11 0.449943E+11
      138.00  0.374685E+09 0.739046E+11 0.258854E+11 0.507401E+11
      142.00  0.369672E+09 0.786199E+11 0.264060E+11 0.566371E+11
      146.00  0.361101E+09 0.830246E+11 0.267198E+11 0.626300E+11
      150.00  0.349394E+09 0.870959E+11 0.268370E+11 0.686680E+11
      154.00  0.335015E+09 0.908231E+11 0.267721E+11 0.747062E+11
      158.00  0.318442E+09 0.942050E+11 0.265419E+11 0.807063E+11
      162.00  0.300147E+09 0.972484E+11 0.261649E+11 0.866362E+11
      166.00  0.280578E+09 0.999656E+11 0.256598E+11 0.924699E+11
      170.00  0.260152E+09 0.102373E+12 0.250450E+11 0.981866E+11
      174.00  0.239245E+09 0.104490E+12 0.243383E+11 0.103771E+12
      178.00  0.218191E+09 0.106337E+12 0.235561E+11 0.109210E+12
      182.00  0.197284E+09 0.107936E+12 0.227137E+11 0.114498E+12
      186.00  0.176777E+09 0.109308E+12 0.218248E+11 0.119629E+12
      190.00  0.156884E+09 0.110475E+12 0.209018E+11 0.124601E+12
      194.00  0.137786E+09 0.111455E+12 0.199553E+11 0.129413E+12
      198.00  0.119629E+09 0.112268E+12 0.189949E+11 0.134068E+12
      202.00  0.102534E+09 0.112931E+12 0.180286E+11 0.138565E+12
      206.00  0.865982E+08 0.113459E+12 0.170633E+11 0.142907E+12
      210.00  0.718973E+08 0.113866E+12 0.161050E+11 0.147098E+12
      214.00  0.584903E+08 0.114164E+12 0.151587E+11 0.151139E+12
      218.00  0.464212E+08 0.114366E+12 0.142286E+11 0.155034E+12
      222.00  0.357217E+08 0.114482E+12 0.133184E+11 0.158787E+12
      226.00  0.264128E+08 0.114521E+12 0.124310E+11 0.162402E+12
      230.00  0.185069E+08 0.114491E+12 0.115687E+11 0.165881E+12
      234.00  0.120093E+08 0.114401E+12 0.107336E+11 0.169228E+12
      238.00  0.691918E+07 0.114255E+12 0.992722E+10 0.172446E+12
      242.00  0.323103E+07 0.114060E+12 0.915080E+10 0.175537E+12
      246.00  0.935382E+06 0.113821E+12 0.840531E+10 0.178503E+12
      250.00  0.195402E+05 0.113542E+12 0.769151E+10 0.181348E+12
      254.00  0.468180E+06 0.113228E+12 0.700993E+10 0.184073E+12
      258.00  0.226388E+07 0.112881E+12 0.636095E+10 0.186681E+12
      262.00  0.538753E+07 0.112505E+12 0.574481E+10 0.189175E+12
      266.00  0.981875E+07 0.112103E+12 0.516161E+10 0.191556E+12
      270.00  0.155361E+08 0.111678E+12 0.461134E+10 0.193826E+12
      274.00  0.225174E+08 0.111232E+12 0.409392E+10 0.195988E+12
      282.00  0.401802E+08 0.110283E+12 0.315685E+10 0.199993E+12
      290.00  0.626203E+08 0.109270E+12 0.234837E+10 0.203584E+12
      298.00  0.896478E+08 0.108204E+12 0.166572E+10 0.206773E+12
      306.00  0.121074E+09 0.107094E+12 0.110564E+10 0.209574E+12
      314.00  0.156710E+09 0.105948E+12 0.664512E+09 0.212001E+12
      322.00  0.196373E+09 0.104773E+12 0.338456E+09 0.214066E+12
      330.00  0.239881E+09 0.103573E+12 0.123446E+09 0.215779E+12
      338.00  0.287057E+09 0.102352E+12 0.153689E+08 0.217152E+12
      346.00  0.337729E+09 0.101113E+12 0.100647E+08 0.218197E+12
      354.00  0.391729E+09 0.998600E+11 0.103365E+09 0.218925E+12
      362.00  0.448897E+09 0.985955E+11 0.291116E+09 0.219349E+12
      370.00  0.509071E+09 0.973214E+11 0.569200E+09 0.219479E+12
      378.00  0.572097E+09 0.960389E+11 0.933542E+09 0.219325E+12
      386.00  0.637820E+09 0.947495E+11 0.138012E+10 0.218897E+12
      394.00  0.706095E+09 0.934546E+11 0.190497E+10 0.218208E+12
      402.00  0.776777E+09 0.921553E+11 0.250419E+10 0.217266E+12
      410.00  0.849727E+09 0.908529E+11 0.317397E+10 0.216085E+12
      418.00  0.924806E+09 0.895480E+11 0.391054E+10 0.214674E+12
      426.00  0.100188E+10 0.882413E+11 0.471019E+10 0.213042E+12
      434.00  0.108081E+10 0.869335E+11 0.556932E+10 0.211202E+12
      442.00  0.116148E+10 0.856253E+11 0.648435E+10 0.209162E+12
      450.00  0.124376E+10 0.843175E+11 0.745184E+10 0.206935E+12
      458.00  0.132753E+10 0.830110E+11 0.846839E+10 0.204531E+12
      466.00  0.141267E+10 0.817064E+11 0.953070E+10 0.201960E+12
      474.00  0.149908E+10 0.804043E+11 0.106355E+11 0.199233E+12
      482.00  0.158663E+10 0.791052E+11 0.117797E+11 0.196359E+12
      490.00  0.167521E+10 0.778096E+11 0.129602E+11 0.193349E+12
      498.00  0.176473E+10 0.765181E+11 0.141740E+11 0.190212E+12
      506.00  0.185509E+10 0.752314E+11 0.154181E+11 0.186959E+12
      514.00  0.194619E+10 0.739501E+11 0.166899E+11 0.183600E+12
      522.00  0.203793E+10 0.726747E+11 0.179865E+11 0.180143E+12
      530.00  0.213022E+10 0.714056E+11 0.193053E+11 0.176598E+12
      538.00  0.222297E+10 0.701431E+11 0.206436E+11 0.172973E+12
      546.00  0.231609E+10 0.688877E+11 0.219990E+11 0.169276E+12
      554.00  0.240949E+10 0.676396E+11 0.233690E+11 0.165517E+12
      562.00  0.250310E+10 0.663993E+11 0.247513E+11 0.161703E+12
      570.00  0.259683E+10 0.651672E+11 0.261435E+11 0.157843E+12
      578.00  0.269061E+10 0.639436E+11 0.275435E+11 0.153943E+12
      586.00  0.278436E+10 0.627288E+11 0.289491E+11 0.150011E+12
      596.00  0.290139E+10 0.612231E+11 0.307107E+11 0.145062E+12
      606.00  0.301810E+10 0.597320E+11 0.324739E+11 0.140087E+12
      616.00  0.313437E+10 0.582560E+11 0.342348E+11 0.135099E+12
      626.00  0.325006E+10 0.567956E+11 0.359899E+11 0.130109E+12
      636.00  0.336506E+10 0.553514E+11 0.377359E+11 0.125131E+12
      646.00  0.347925E+10 0.539239E+11 0.394695E+11 0.120173E+12
      656.00  0.359250E+10 0.525134E+11 0.411875E+11 0.115248E+12
      666.00  0.370472E+10 0.511204E+11 0.428872E+11 0.110364E+12
      676.00  0.381580E+10 0.497453E+11 0.445657E+11 0.105530E+12
      686.00  0.392564E+10 0.483884E+11 0.462204E+11 0.100756E+12
      696.00  0.403416E+10 0.470502E+11 0.478490E+11 0.960494E+11
      706.00  0.414127E+10 0.457310E+11 0.494493E+11 0.914179E+11
      716.00  0.424690E+10 0.444313E+11 0.510192E+11 0.868684E+11
      726.00  0.435096E+10 0.431512E+11 0.525567E+11 0.824073E+11
      736.00  0.445339E+10 0.418910E+11 0.540599E+11 0.780404E+11
      746.00  0.455412E+10 0.406508E+11 0.555271E+11 0.737731E+11
      756.00  0.465308E+10 0.394311E+11 0.569568E+11 0.696102E+11
      766.00  0.475021E+10 0.382319E+11 0.583476E+11 0.655562E+11
      776.00  0.484547E+10 0.370534E+11 0.596982E+11 0.616151E+11
      786.00  0.493881E+10 0.358958E+11 0.610075E+11 0.577901E+11
      796.00  0.503016E+10 0.347591E+11 0.622742E+11 0.540844E+11
      806.00  0.511949E+10 0.336434E+11 0.634973E+11 0.505005E+11
      816.00  0.520674E+10 0.325488E+11 0.646760E+11 0.470405E+11
      826.00  0.529188E+10 0.314753E+11 0.658094E+11 0.437063E+11
      836.00  0.537487E+10 0.304229E+11 0.668970E+11 0.404994E+11
      846.00  0.545569E+10 0.293917E+11 0.679381E+11 0.374210E+11
      856.00  0.553430E+10 0.283817E+11 0.689323E+11 0.344718E+11
      866.00  0.561067E+10 0.273929E+11 0.698792E+11 0.316522E+11
      876.00  0.568477E+10 0.264252E+11 0.707783E+11 0.289625E+11
      886.00  0.575659E+10 0.254785E+11 0.716294E+11 0.264025E+11
      896.00  0.582610E+10 0.245528E+11 0.724325E+11 0.239719E+11
      906.00  0.589329E+10 0.236481E+11 0.731873E+11 0.216700E+11
      916.00  0.595816E+10 0.227642E+11 0.738941E+11 0.194961E+11
      926.00  0.602069E+10 0.219011E+11 0.745529E+11 0.174490E+11
      936.00  0.608088E+10 0.210587E+11 0.751639E+11 0.155275E+11
      946.00  0.613872E+10 0.202369E+11 0.757272E+11 0.137301E+11
      956.00  0.619421E+10 0.194354E+11 0.762432E+11 0.120549E+11
      966.00  0.624734E+10 0.186542E+11 0.767120E+11 0.105004E+11
      976.00  0.629812E+10 0.178932E+11 0.771342E+11 0.906428E+10
      986.00  0.634655E+10 0.171521E+11 0.775103E+11 0.774456E+10
      996.00  0.639265E+10 0.164307E+11 0.778407E+11 0.653893E+10
     1006.00  0.643643E+10 0.157290E+11 0.781260E+11 0.544496E+10
     1016.00  0.647788E+10 0.150467E+11 0.783667E+11 0.446013E+10
     1026.00  0.651702E+10 0.143837E+11 0.785635E+11 0.358181E+10
     1036.00  0.655387E+10 0.137396E+11 0.787170E+11 0.280730E+10
     1046.00  0.658842E+10 0.131143E+11 0.788278E+11 0.213380E+10
     1056.00  0.662070E+10 0.125075E+11 0.788966E+11 0.155845E+10
     1066.00  0.665072E+10 0.119190E+11 0.789243E+11 0.107833E+10
     1076.00  0.667850E+10 0.113487E+11 0.789115E+11 0.690467E+09
     1086.00  0.670407E+10 0.107962E+11 0.788592E+11 0.391841E+09
     1096.00  0.672743E+10 0.102613E+11 0.787681E+11 0.179396E+09
     1106.00  0.674862E+10 0.974376E+10 0.786390E+11 0.500516E+08
     1116.00  0.676765E+10 0.924332E+10 0.784728E+11 0.703198E+06
     1126.00  0.678453E+10 0.875970E+10 0.782704E+11 0.282333E+08
     1136.00  0.679930E+10 0.829267E+10 0.780326E+11 0.129516E+09
     1146.00  0.681199E+10 0.784194E+10 0.777603E+11 0.301424E+09
     1156.00  0.682261E+10 0.740726E+10 0.774545E+11 0.540834E+09
     1166.00  0.683121E+10 0.698836E+10 0.771163E+11 0.844634E+09
     1176.00  0.683780E+10 0.658496E+10 0.767464E+11 0.120973E+10
     1186.00  0.684242E+10 0.619679E+10 0.763459E+11 0.163303E+10
     1196.00  0.684509E+10 0.582358E+10 0.759158E+11 0.211151E+10
     1206.00  0.684585E+10 0.546504E+10 0.754569E+11 0.264212E+10
     1216.00  0.684472E+10 0.512090E+10 0.749703E+11 0.322188E+10
     1226.00  0.684174E+10 0.479087E+10 0.744569E+11 0.384784E+10
     1236.00  0.683694E+10 0.447468E+10 0.739178E+11 0.451709E+10
     1246.00  0.683036E+10 0.417204E+10 0.733538E+11 0.522676E+10
     1256.00  0.682202E+10 0.388267E+10 0.727661E+11 0.597404E+10
     1266.00  0.681198E+10 0.360630E+10 0.721555E+11 0.675616E+10
     1276.00  0.680025E+10 0.334263E+10 0.715231E+11 0.757041E+10
     1286.00  0.678686E+10 0.309139E+10 0.708697E+11 0.841412E+10
     1296.00  0.677186E+10 0.285230E+10 0.701963E+11 0.928468E+10
     1306.00  0.675528E+10 0.262506E+10 0.695038E+11 0.101796E+11
     1316.00  0.673715E+10 0.240942E+10 0.687932E+11 0.110963E+11
     1326.00  0.671750E+10 0.220508E+10 0.680654E+11 0.120323E+11
     1336.00  0.669637E+10 0.201177E+10 0.673213E+11 0.129855E+11
     1346.00  0.667379E+10 0.182922E+10 0.665618E+11 0.139534E+11
     1356.00  0.664981E+10 0.165715E+10 0.657879E+11 0.149338E+11
     1366.00  0.662445E+10 0.149529E+10 0.650003E+11 0.159245E+11
     1376.00  0.659775E+10 0.134337E+10 0.641999E+11 0.169236E+11
     1386.00  0.656974E+10 0.120113E+10 0.633875E+11 0.179288E+11
     1396.00  0.654045E+10 0.106830E+10 0.625641E+11 0.189382E+11
     1406.00  0.650992E+10 0.944611E+09 0.617304E+11 0.199500E+11
     1416.00  0.647818E+10 0.829813E+09 0.608872E+11 0.209623E+11
     1426.00  0.644527E+10 0.723645E+09 0.600353E+11 0.219734E+11
     1436.00  0.641123E+10 0.625853E+09 0.591756E+11 0.229815E+11
     1446.00  0.637608E+10 0.536186E+09 0.583087E+11 0.239851E+11
     1456.00  0.633986E+10 0.454395E+09 0.574355E+11 0.249825E+11
     1466.00  0.630261E+10 0.380233E+09 0.565567E+11 0.259723E+11
     1476.00  0.626435E+10 0.313458E+09 0.556730E+11 0.269531E+11
     1486.00  0.622513E+10 0.253831E+09 0.547851E+11 0.279234E+11
     1496.00  0.618497E+10 0.201116E+09 0.538936E+11 0.288821E+11
     1506.00  0.614390E+10 0.155078E+09 0.529994E+11 0.298277E+11
     1516.00  0.610197E+10 0.115489E+09 0.521029E+11 0.307593E+11
     1526.00  0.605920E+10 0.821214E+08 0.512049E+11 0.316757E+11
     1536.00  0.601563E+10 0.547533E+08 0.503061E+11 0.325757E+11
     1546.00  0.597129E+10 0.331649E+08 0.494069E+11 0.334586E+11
     1556.00  0.592621E+10 0.171403E+08 0.485081E+11 0.343233E+11
     1566.00  0.588042E+10 0.646704E+07 0.476101E+11 0.351690E+11
     1576.00  0.583396E+10 0.936444E+06 0.467136E+11 0.359948E+11
     1586.00  0.578684E+10 0.343392E+06 0.458189E+11 0.368000E+11
     1596.00  0.573911E+10 0.448644E+07 0.449268E+11 0.375840E+11
     1606.00  0.569079E+10 0.131678E+08 0.440376E+11 0.383460E+11
     1616.00  0.564192E+10 0.261935E+08 0.431519E+11 0.390854E+11
     1626.00  0.559251E+10 0.433731E+08 0.422702E+11 0.398018E+11
     1636.00  0.554260E+10 0.645199E+08 0.413928E+11 0.404946E+11
     1646.00  0.549223E+10 0.894512E+08 0.405202E+11 0.411635E+11
     1656.00  0.544141E+10 0.117988E+09 0.396529E+11 0.418079E+11
     1666.00  0.539017E+10 0.149954E+09 0.387913E+11 0.424276E+11
     1676.00  0.533854E+10 0.185178E+09 0.379356E+11 0.430222E+11
     1686.00  0.528654E+10 0.223493E+09 0.370864E+11 0.435915E+11
     1696.00  0.523420E+10 0.264733E+09 0.362438E+11 0.441352E+11
     1706.00  0.518155E+10 0.308738E+09 0.354084E+11 0.446532E+11
     1716.00  0.512861E+10 0.355351E+09 0.345804E+11 0.451453E+11
     1726.00  0.507540E+10 0.404419E+09 0.337601E+11 0.456115E+11
     1736.00  0.502196E+10 0.455793E+09 0.329478E+11 0.460515E+11
     1746.00  0.496829E+10 0.509326E+09 0.321438E+11 0.464656E+11
     1756.00  0.491444E+10 0.564876E+09 0.313484E+11 0.468535E+11
     1766.00  0.486041E+10 0.622305E+09 0.305618E+11 0.472154E+11
     1776.00  0.480624E+10 0.681476E+09 0.297843E+11 0.475513E+11
     1786.00  0.475194E+10 0.742259E+09 0.290160E+11 0.478614E+11
     1796.00  0.469754E+10 0.804526E+09 0.282572E+11 0.481457E+11
     1806.00  0.464305E+10 0.868151E+09 0.275081E+11 0.484044E+11
     1816.00  0.458850E+10 0.933013E+09 0.267689E+11 0.486377E+11
     1826.00  0.453390E+10 0.998996E+09 0.260397E+11 0.488457E+11
     1836.00  0.447929E+10 0.106598E+10 0.253207E+11 0.490288E+11
     1846.00  0.442467E+10 0.113387E+10 0.246121E+11 0.491871E+11
     1856.00  0.437006E+10 0.120254E+10 0.239139E+11 0.493210E+11
     1866.00  0.431550E+10 0.127189E+10 0.232264E+11 0.494308E+11
     1876.00  0.426098E+10 0.134182E+10 0.225496E+11 0.495167E+11
     1886.00  0.420654E+10 0.141224E+10 0.218837E+11 0.495791E+11
     1896.00  0.415218E+10 0.148304E+10 0.212287E+11 0.496183E+11
     1906.00  0.409793E+10 0.155414E+10 0.205846E+11 0.496348E+11
     1916.00  0.404380E+10 0.162545E+10 0.199516E+11 0.496287E+11
     1926.00  0.398980E+10 0.169689E+10 0.193298E+11 0.496007E+11
     1936.00  0.393595E+10 0.176836E+10 0.187191E+11 0.495510E+11
     1946.00  0.388227E+10 0.183979E+10 0.181197E+11 0.494802E+11
     1956.00  0.382877E+10 0.191110E+10 0.175315E+11 0.493885E+11
     1966.00  0.377546E+10 0.198223E+10 0.169545E+11 0.492765E+11
     1976.00  0.372236E+10 0.205309E+10 0.163889E+11 0.491446E+11
     1986.00  0.366949E+10 0.212362E+10 0.158345E+11 0.489933E+11
     1996.00  0.361684E+10 0.219376E+10 0.152915E+11 0.488231E+11
     2006.00  0.356445E+10 0.226343E+10 0.147597E+11 0.486343E+11
     2016.00  0.351230E+10 0.233259E+10 0.142392E+11 0.484275E+11
     2026.00  0.346043E+10 0.240117E+10 0.137298E+11 0.482031E+11
     2036.00  0.340884E+10 0.246911E+10 0.132317E+11 0.479617E+11
     2046.00  0.335754E+10 0.253636E+10 0.127448E+11 0.477037E+11
     2056.00  0.330654E+10 0.260288E+10 0.122690E+11 0.474296E+11
     2066.00  0.325585E+10 0.266861E+10 0.118042E+11 0.471399E+11
     2076.00  0.320548E+10 0.273351E+10 0.113504E+11 0.468352E+11
     2086.00  0.315545E+10 0.279753E+10 0.109076E+11 0.465158E+11
     2096.00  0.310575E+10 0.286063E+10 0.104757E+11 0.461824E+11
     2106.00  0.305640E+10 0.292278E+10 0.100545E+11 0.458354E+11
     2116.00  0.300741E+10 0.298394E+10 0.964408E+10 0.454754E+11
     2126.00  0.295878E+10 0.304406E+10 0.924428E+10 0.451027E+11
     2136.00  0.291052E+10 0.310312E+10 0.885503E+10 0.447179E+11
     2146.00  0.286264E+10 0.316109E+10 0.847622E+10 0.443216E+11
     2156.00  0.281515E+10 0.321793E+10 0.810777E+10 0.439141E+11
     2166.00  0.276805E+10 0.327363E+10 0.774957E+10 0.434961E+11
     2176.00  0.272135E+10 0.332815E+10 0.740151E+10 0.430679E+11
     2186.00  0.267505E+10 0.338147E+10 0.706350E+10 0.426301E+11
     2196.00  0.262917E+10 0.343357E+10 0.673541E+10 0.421832E+11
     2206.00  0.258370E+10 0.348443E+10 0.641712E+10 0.417276E+11
     2216.00  0.253865E+10 0.353403E+10 0.610853E+10 0.412637E+11
     2226.00  0.249403E+10 0.358236E+10 0.580950E+10 0.407922E+11
     2236.00  0.244984E+10 0.362939E+10 0.551992E+10 0.403133E+11
     2246.00  0.240609E+10 0.367512E+10 0.523966E+10 0.398277E+11
     2256.00  0.236277E+10 0.371953E+10 0.496858E+10 0.393356E+11
     2266.00  0.231989E+10 0.376262E+10 0.470655E+10 0.388376E+11
     2276.00  0.227746E+10 0.380436E+10 0.445345E+10 0.383341E+11
     2286.00  0.223548E+10 0.384476E+10 0.420913E+10 0.378255E+11
     2296.00  0.219396E+10 0.388381E+10 0.397346E+10 0.373123E+11
     2306.00  0.215288E+10 0.392149E+10 0.374631E+10 0.367948E+11
     2316.00  0.211226E+10 0.395782E+10 0.352752E+10 0.362735E+11
     2326.00  0.207211E+10 0.399278E+10 0.331697E+10 0.357488E+11
     2336.00  0.203241E+10 0.402638E+10 0.311451E+10 0.352210E+11
     2346.00  0.199318E+10 0.405861E+10 0.291999E+10 0.346906E+11
     2356.00  0.195441E+10 0.408946E+10 0.273327E+10 0.341579E+11
     2366.00  0.191610E+10 0.411896E+10 0.255421E+10 0.336232E+11
     2376.00  0.187826E+10 0.414708E+10 0.238266E+10 0.330870E+11
     2386.00  0.184089E+10 0.417385E+10 0.221847E+10 0.325496E+11
     2396.00  0.180398E+10 0.419926E+10 0.206151E+10 0.320113E+11
     2406.00  0.176754E+10 0.422331E+10 0.191162E+10 0.314725E+11
     2416.00  0.173157E+10 0.424602E+10 0.176866E+10 0.309334E+11
     2426.00  0.169607E+10 0.426739E+10 0.163249E+10 0.303945E+11
     2436.00  0.166103E+10 0.428743E+10 0.150295E+10 0.298560E+11
     2446.00  0.162647E+10 0.430614E+10 0.137991E+10 0.293183E+11
     2456.00  0.159237E+10 0.432354E+10 0.126321E+10 0.287815E+11
     2466.00  0.155873E+10 0.433964E+10 0.115272E+10 0.282461E+11
     2476.00  0.152557E+10 0.435444E+10 0.104828E+10 0.277122E+11
     2486.00  0.149286E+10 0.436796E+10 0.949756E+09 0.271802E+11
     2496.00  0.146062E+10 0.438021E+10 0.857005E+09 0.266503E+11
     2506.00  0.142885E+10 0.439120E+10 0.769884E+09 0.261227E+11
     2516.00  0.139753E+10 0.440094E+10 0.688252E+09 0.255978E+11
     2526.00  0.136667E+10 0.440945E+10 0.611967E+09 0.250756E+11
     2536.00  0.133627E+10 0.441674E+10 0.540890E+09 0.245566E+11
     2546.00  0.130633E+10 0.442283E+10 0.474884E+09 0.240408E+11
     2556.00  0.127684E+10 0.442773E+10 0.413810E+09 0.235285E+11
     2566.00  0.124780E+10 0.443145E+10 0.357533E+09 0.230199E+11
     2576.00  0.121921E+10 0.443402E+10 0.305917E+09 0.225152E+11
     2586.00  0.119107E+10 0.443545E+10 0.258829E+09 0.220145E+11
     2596.00  0.116338E+10 0.443575E+10 0.216137E+09 0.215182E+11
     2606.00  0.113613E+10 0.443494E+10 0.177710E+09 0.210262E+11
     2616.00  0.110931E+10 0.443304E+10 0.143417E+09 0.205388E+11
     2626.00  0.108294E+10 0.443007E+10 0.113132E+09 0.200562E+11
     2636.00  0.105700E+10 0.442604E+10 0.867264E+08 0.195784E+11
     2646.00  0.103149E+10 0.442097E+10 0.640764E+08 0.191057E+11
     2656.00  0.100641E+10 0.441488E+10 0.450581E+08 0.186381E+11
     2666.00  0.981751E+09 0.440779E+10 0.295498E+08 0.181758E+11
     2676.00  0.957518E+09 0.439972E+10 0.174311E+08 0.177190E+11
     2686.00  0.933704E+09 0.439068E+10 0.858356E+07 0.172676E+11
     2696.00  0.910306E+09 0.438070E+10 0.289030E+07 0.168219E+11
     2706.00  0.887321E+09 0.436979E+10 0.236172E+06 0.163819E+11
     2716.00  0.864745E+09 0.435797E+10 0.507794E+06 0.159477E+11
     2726.00  0.842575E+09 0.434526E+10 0.359354E+07 0.155195E+11
     2736.00  0.820806E+09 0.433168E+10 0.938357E+07 0.150972E+11
     2746.00  0.799436E+09 0.431725E+10 0.177698E+08 0.146810E+11
     2756.00  0.778461E+09 0.430199E+10 0.286461E+08 0.142709E+11
     2766.00  0.757876E+09 0.428592E+10 0.419080E+08 0.138669E+11
     2776.00  0.737679E+09 0.426906E+10 0.574530E+08 0.134692E+11
     2786.00  0.717865E+09 0.425142E+10 0.751803E+08 0.130779E+11
     2796.00  0.698431E+09 0.423303E+10 0.949910E+08 0.126928E+11
     2806.00  0.679372E+09 0.421390E+10 0.116788E+09 0.123141E+11
     2816.00  0.660685E+09 0.419406E+10 0.140477E+09 0.119418E+11
     2826.00  0.642367E+09 0.417352E+10 0.165964E+09 0.115760E+11
     2836.00  0.624412E+09 0.415231E+10 0.193157E+09 0.112166E+11
     2846.00  0.606817E+09 0.413044E+10 0.221967E+09 0.108638E+11
     2856.00  0.589577E+09 0.410793E+10 0.252308E+09 0.105174E+11
     2866.00  0.572690E+09 0.408480E+10 0.284091E+09 0.101775E+11
     2876.00  0.556150E+09 0.406107E+10 0.317235E+09 0.984413E+10
     2886.00  0.539954E+09 0.403676E+10 0.351656E+09 0.951728E+10
     2896.00  0.524097E+09 0.401189E+10 0.387275E+09 0.919693E+10
     2906.00  0.508575E+09 0.398647E+10 0.424013E+09 0.888309E+10
     2916.00  0.493385E+09 0.396053E+10 0.461794E+09 0.857574E+10
     2926.00  0.478522E+09 0.393408E+10 0.500543E+09 0.827487E+10
     2936.00  0.463981E+09 0.390714E+10 0.540187E+09 0.798046E+10
     2946.00  0.449759E+09 0.387973E+10 0.580655E+09 0.769249E+10
     2956.00  0.435852E+09 0.385187E+10 0.621878E+09 0.741093E+10
     2966.00  0.422256E+09 0.382357E+10 0.663788E+09 0.713576E+10
     2976.00  0.408965E+09 0.379485E+10 0.706320E+09 0.686694E+10
     2986.00  0.395977E+09 0.376574E+10 0.749410E+09 0.660443E+10
     2996.00  0.383286E+09 0.373624E+10 0.792996E+09 0.634820E+10
     3006.00  0.370889E+09 0.370638E+10 0.837017E+09 0.609821E+10
     3016.00  0.358781E+09 0.367617E+10 0.881415E+09 0.585441E+10
     3026.00  0.346959E+09 0.364562E+10 0.926132E+09 0.561676E+10
     3036.00  0.335418E+09 0.361476E+10 0.971113E+09 0.538520E+10
     3046.00  0.324154E+09 0.358360E+10 0.101630E+10 0.515969E+10
     3056.00  0.313163E+09 0.355215E+10 0.106165E+10 0.494018E+10
     3066.00  0.302441E+09 0.352044E+10 0.110711E+10 0.472660E+10
     3076.00  0.291983E+09 0.348847E+10 0.115263E+10 0.451890E+10
     3086.00  0.281786E+09 0.345627E+10 0.119816E+10 0.431702E+10
     3096.00  0.271845E+09 0.342385E+10 0.124365E+10 0.412090E+10
     3106.00  0.262157E+09 0.339122E+10 0.128907E+10 0.393048E+10
     3116.00  0.252717E+09 0.335839E+10 0.133437E+10 0.374568E+10
     3126.00  0.243522E+09 0.332539E+10 0.137950E+10 0.356644E+10
     3136.00  0.234567E+09 0.329223E+10 0.142444E+10 0.339270E+10
     3146.00  0.225849E+09 0.325891E+10 0.146913E+10 0.322438E+10
     3156.00  0.217363E+09 0.322546E+10 0.151355E+10 0.306142E+10
     3166.00  0.209105E+09 0.319188E+10 0.155766E+10 0.290373E+10
     3176.00  0.201073E+09 0.315820E+10 0.160142E+10 0.275125E+10
     3186.00  0.193260E+09 0.312442E+10 0.164480E+10 0.260390E+10
     3196.00  0.185665E+09 0.309055E+10 0.168777E+10 0.246161E+10
     3206.00  0.178283E+09 0.305661E+10 0.173031E+10 0.232430E+10
     3216.00  0.171110E+09 0.302262E+10 0.177237E+10 0.219190E+10
     3226.00  0.164143E+09 0.298858E+10 0.181394E+10 0.206432E+10
     3236.00  0.157378E+09 0.295450E+10 0.185499E+10 0.194148E+10
     3246.00  0.150810E+09 0.292039E+10 0.189549E+10 0.182332E+10
     3256.00  0.144437E+09 0.288628E+10 0.193543E+10 0.170974E+10
     3266.00  0.138255E+09 0.285216E+10 0.197476E+10 0.160067E+10
     3276.00  0.132260E+09 0.281806E+10 0.201349E+10 0.149603E+10
     3286.00  0.126449E+09 0.278397E+10 0.205158E+10 0.139574E+10
     3296.00  0.120817E+09 0.274992E+10 0.208902E+10 0.129971E+10
     3306.00  0.115362E+09 0.271590E+10 0.212578E+10 0.120786E+10
     3316.00  0.110081E+09 0.268193E+10 0.216186E+10 0.112012E+10
     3326.00  0.104968E+09 0.264803E+10 0.219723E+10 0.103640E+10
     3336.00  0.100022E+09 0.261419E+10 0.223189E+10 0.956620E+09
     3346.00  0.952393E+08 0.258043E+10 0.226581E+10 0.880698E+09
     3356.00  0.906157E+08 0.254676E+10 0.229898E+10 0.808553E+09
     3366.00  0.861483E+08 0.251318E+10 0.233139E+10 0.740103E+09
     3376.00  0.818339E+08 0.247971E+10 0.236304E+10 0.675269E+09
     3386.00  0.776692E+08 0.244635E+10 0.239391E+10 0.613968E+09
     3396.00  0.736511E+08 0.241312E+10 0.242399E+10 0.556121E+09
     3406.00  0.697763E+08 0.238001E+10 0.245327E+10 0.501646E+09
     3416.00  0.660419E+08 0.234704E+10 0.248174E+10 0.450464E+09
     3426.00  0.624446E+08 0.231421E+10 0.250941E+10 0.402496E+09
     3436.00  0.589815E+08 0.228153E+10 0.253625E+10 0.357663E+09
     3446.00  0.556495E+08 0.224901E+10 0.256228E+10 0.315885E+09
     3456.00  0.524458E+08 0.221665E+10 0.258747E+10 0.277085E+09
     3466.00  0.493673E+08 0.218447E+10 0.261184E+10 0.241185E+09
     3476.00  0.464111E+08 0.215246E+10 0.263537E+10 0.208108E+09
     3486.00  0.435745E+08 0.212063E+10 0.265807E+10 0.177779E+09
     3496.00  0.408546E+08 0.208900E+10 0.267992E+10 0.150120E+09
     3506.00  0.382487E+08 0.205755E+10 0.270094E+10 0.125059E+09
     3516.00  0.357539E+08 0.202631E+10 0.272112E+10 0.102519E+09
     3526.00  0.333677E+08 0.199527E+10 0.274045E+10 0.824271E+08
     3536.00  0.310873E+08 0.196444E+10 0.275895E+10 0.647112E+08
     3546.00  0.289101E+08 0.193383E+10 0.277661E+10 0.492989E+08
     3556.00  0.268335E+08 0.190344E+10 0.279344E+10 0.361189E+08
     3566.00  0.248551E+08 0.187327E+10 0.280943E+10 0.251008E+08
     3576.00  0.229722E+08 0.184332E+10 0.282459E+10 0.161750E+08
     3586.00  0.211825E+08 0.181362E+10 0.283893E+10 0.927286E+07
     3596.00  0.194834E+08 0.178414E+10 0.285244E+10 0.432646E+07
     3606.00  0.178726E+08 0.175491E+10 0.286513E+10 0.126885E+07
     3616.00  0.163478E+08 0.172592E+10 0.287701E+10 0.339964E+05
     3626.00  0.149065E+08 0.169717E+10 0.288808E+10 0.556757E+06
     3636.00  0.135466E+08 0.166868E+10 0.289834E+10 0.277294E+07
     3646.00  0.122658E+08 0.164044E+10 0.290781E+10 0.661929E+07
     3656.00  0.110618E+08 0.161246E+10 0.291649E+10 0.120335E+08
     3666.00  0.993255E+07 0.158473E+10 0.292438E+10 0.189543E+08
     3676.00  0.887586E+07 0.155727E+10 0.293149E+10 0.273212E+08
     3686.00  0.788964E+07 0.153006E+10 0.293784E+10 0.370750E+08
     3696.00  0.697182E+07 0.150313E+10 0.294342E+10 0.481572E+08
     3706.00  0.612038E+07 0.147646E+10 0.294825E+10 0.605104E+08
     3716.00  0.533332E+07 0.145006E+10 0.295233E+10 0.740783E+08
     3726.00  0.460869E+07 0.142394E+10 0.295567E+10 0.888054E+08
     3736.00  0.394456E+07 0.139808E+10 0.295829E+10 0.104638E+09
     3746.00  0.333905E+07 0.137251E+10 0.296018E+10 0.121521E+09
     3756.00  0.279031E+07 0.134721E+10 0.296137E+10 0.139404E+09
     3766.00  0.229651E+07 0.132218E+10 0.296185E+10 0.158235E+09
     3776.00  0.185588E+07 0.129744E+10 0.296164E+10 0.177963E+09
     3786.00  0.146665E+07 0.127297E+10 0.296075E+10 0.198539E+09
     3796.00  0.112713E+07 0.124878E+10 0.295919E+10 0.219916E+09
     3806.00  0.835608E+06 0.122488E+10 0.295697E+10 0.242045E+09
     3816.00  0.590449E+06 0.120126E+10 0.295409E+10 0.264880E+09
     3826.00  0.390030E+06 0.117792E+10 0.295058E+10 0.288377E+09
     3836.00  0.232764E+06 0.115486E+10 0.294644E+10 0.312491E+09
     3846.00  0.117096E+06 0.113209E+10 0.294168E+10 0.337179E+09
     3856.00  0.415037E+05 0.110960E+10 0.293631E+10 0.362398E+09
     3866.00  0.449428E+04 0.108739E+10 0.293034E+10 0.388108E+09
     3876.00  0.460677E+04 0.106547E+10 0.292379E+10 0.414268E+09
     3886.00  0.404107E+05 0.104383E+10 0.291666E+10 0.440838E+09
     3896.00  0.110506E+06 0.102247E+10 0.290897E+10 0.467782E+09
     3906.00  0.213522E+06 0.100140E+10 0.290073E+10 0.495060E+09
     3916.00  0.348118E+06 0.980604E+09 0.289195E+10 0.522638E+09
     3926.00  0.512982E+06 0.960094E+09 0.288264E+10 0.550479E+09
     3936.00  0.706833E+06 0.939865E+09 0.287280E+10 0.578549E+09
     3946.00  0.928415E+06 0.919917E+09 0.286247E+10 0.606815E+09
     3956.00  0.117650E+07 0.900249E+09 0.285164E+10 0.635244E+09
     3966.00  0.144990E+07 0.880859E+09 0.284032E+10 0.663804E+09
     3976.00  0.174744E+07 0.861748E+09 0.282854E+10 0.692465E+09
     3986.00  0.206797E+07 0.842914E+09 0.281629E+10 0.721198E+09
     3996.00  0.241038E+07 0.824356E+09 0.280359E+10 0.749972E+09
     4006.00  0.277358E+07 0.806073E+09 0.279046E+10 0.778761E+09
     4016.00  0.315650E+07 0.788064E+09 0.277690E+10 0.807536E+09
     4026.00  0.355811E+07 0.770327E+09 0.276293E+10 0.836273E+09
     4036.00  0.397740E+07 0.752861E+09 0.274855E+10 0.864944E+09
     4046.00  0.441337E+07 0.735664E+09 0.273378E+10 0.893526E+09
     4056.00  0.486507E+07 0.718736E+09 0.271864E+10 0.921995E+09
     4066.00  0.533155E+07 0.702075E+09 0.270312E+10 0.950328E+09
     4076.00  0.581191E+07 0.685679E+09 0.268724E+10 0.978503E+09
     4086.00  0.630525E+07 0.669546E+09 0.267102E+10 0.100650E+10
     4096.00  0.681070E+07 0.653675E+09 0.265446E+10 0.103429E+10
     4106.00  0.732742E+07 0.638063E+09 0.263758E+10 0.106187E+10
     4116.00  0.785459E+07 0.622711E+09 0.262038E+10 0.108921E+10
     4126.00  0.839141E+07 0.607614E+09 0.260288E+10 0.111629E+10
     4136.00  0.893710E+07 0.592773E+09 0.258509E+10 0.114309E+10
     4146.00  0.949090E+07 0.578184E+09 0.256702E+10 0.116961E+10
     4156.00  0.100521E+08 0.563845E+09 0.254868E+10 0.119581E+10
     4166.00  0.106199E+08 0.549756E+09 0.253007E+10 0.122170E+10
     4176.00  0.111938E+08 0.535913E+09 0.251122E+10 0.124724E+10
     4186.00  0.117729E+08 0.522315E+09 0.249213E+10 0.127244E+10
     4196.00  0.123567E+08 0.508959E+09 0.247280E+10 0.129727E+10
     4206.00  0.129445E+08 0.495844E+09 0.245326E+10 0.132173E+10
     4216.00  0.135356E+08 0.482967E+09 0.243351E+10 0.134579E+10
     4226.00  0.141296E+08 0.470326E+09 0.241356E+10 0.136946E+10
     4236.00  0.147259E+08 0.457919E+09 0.239342E+10 0.139271E+10
     4246.00  0.153237E+08 0.445744E+09 0.237310E+10 0.141554E+10
     4256.00  0.159228E+08 0.433798E+09 0.235261E+10 0.143795E+10
     4266.00  0.165224E+08 0.422079E+09 0.233196E+10 0.145991E+10
     4276.00  0.171221E+08 0.410585E+09 0.231115E+10 0.148142E+10
     4286.00  0.177214E+08 0.399314E+09 0.229020E+10 0.150248E+10
     4296.00  0.183199E+08 0.388262E+09 0.226912E+10 0.152307E+10
     4306.00  0.189170E+08 0.377429E+09 0.224792E+10 0.154319E+10
     4316.00  0.195124E+08 0.366810E+09 0.222660E+10 0.156284E+10
     4326.00  0.201056E+08 0.356405E+09 0.220517E+10 0.158200E+10
     4336.00  0.206962E+08 0.346211E+09 0.218364E+10 0.160068E+10
     4346.00  0.212839E+08 0.336225E+09 0.216203E+10 0.161887E+10
     4356.00  0.218681E+08 0.326444E+09 0.214033E+10 0.163655E+10
     4366.00  0.224487E+08 0.316867E+09 0.211855E+10 0.165374E+10
     4376.00  0.230251E+08 0.307491E+09 0.209671E+10 0.167043E+10
     4386.00  0.235972E+08 0.298313E+09 0.207482E+10 0.168660E+10
     4396.00  0.241645E+08 0.289331E+09 0.205287E+10 0.170227E+10
     4406.00  0.247267E+08 0.280543E+09 0.203087E+10 0.171743E+10
     4416.00  0.252836E+08 0.271946E+09 0.200885E+10 0.173207E+10
     4426.00  0.258349E+08 0.263538E+09 0.198679E+10 0.174620E+10
     4436.00  0.263803E+08 0.255316E+09 0.196471E+10 0.175981E+10
     4446.00  0.269195E+08 0.247277E+09 0.194262E+10 0.177291E+10
     4456.00  0.274524E+08 0.239420E+09 0.192052E+10 0.178549E+10
     4466.00  0.279786E+08 0.231742E+09 0.189842E+10 0.179755E+10
     4476.00  0.284979E+08 0.224240E+09 0.187632E+10 0.180910E+10
     4486.00  0.290101E+08 0.216912E+09 0.185424E+10 0.182014E+10
     4511.00  0.302585E+08 0.199336E+09 0.179913E+10 0.184548E+10
     4536.00  0.314586E+08 0.182794E+09 0.174423E+10 0.186763E+10
     4561.00  0.326078E+08 0.167247E+09 0.168962E+10 0.188663E+10
     4586.00  0.337041E+08 0.152658E+09 0.163540E+10 0.190253E+10
     4611.00  0.347458E+08 0.138989E+09 0.158163E+10 0.191539E+10
     4636.00  0.357314E+08 0.126205E+09 0.152840E+10 0.192525E+10
     4661.00  0.366598E+08 0.114269E+09 0.147577E+10 0.193221E+10
     4686.00  0.375300E+08 0.103144E+09 0.142381E+10 0.193632E+10
     4711.00  0.383416E+08 0.927975E+08 0.137257E+10 0.193768E+10
     4736.00  0.390943E+08 0.831935E+08 0.132210E+10 0.193638E+10
     4761.00  0.397877E+08 0.742989E+08 0.127247E+10 0.193251E+10
     4786.00  0.404222E+08 0.660807E+08 0.122370E+10 0.192616E+10
     4811.00  0.409980E+08 0.585067E+08 0.117585E+10 0.191743E+10
     4836.00  0.415155E+08 0.515456E+08 0.112894E+10 0.190643E+10
     4861.00  0.419754E+08 0.451668E+08 0.108302E+10 0.189326E+10
     4886.00  0.423785E+08 0.393404E+08 0.103810E+10 0.187803E+10
     4911.00  0.427257E+08 0.340374E+08 0.994224E+09 0.186085E+10
     4936.00  0.430180E+08 0.292298E+08 0.951399E+09 0.184181E+10
     4961.00  0.432566E+08 0.248903E+08 0.909647E+09 0.182104E+10
     4986.00  0.434426E+08 0.209925E+08 0.868983E+09 0.179863E+10
     5011.00  0.435776E+08 0.175106E+08 0.829418E+09 0.177470E+10
     5036.00  0.436628E+08 0.144202E+08 0.790962E+09 0.174935E+10
     5061.00  0.436997E+08 0.116972E+08 0.753619E+09 0.172268E+10
     5086.00  0.436899E+08 0.931863E+07 0.717392E+09 0.169480E+10
     5111.00  0.436350E+08 0.726239E+07 0.682283E+09 0.166581E+10
     5136.00  0.435364E+08 0.550713E+07 0.648289E+09 0.163581E+10
     5161.00  0.433960E+08 0.403236E+07 0.615407E+09 0.160489E+10
     5186.00  0.432154E+08 0.281841E+07 0.583631E+09 0.157316E+10
     5211.00  0.429963E+08 0.184642E+07 0.552953E+09 0.154070E+10
     5236.00  0.427404E+08 0.109834E+07 0.523364E+09 0.150760E+10
     5261.00  0.424494E+08 0.556904E+06 0.494851E+09 0.147395E+10
     5286.00  0.421250E+08 0.205605E+06 0.467403E+09 0.143984E+10
     5311.00  0.417689E+08 0.287068E+05 0.441004E+09 0.140534E+10
     5336.00  0.413829E+08 0.112102E+05 0.415640E+09 0.137054E+10
     5361.00  0.409687E+08 0.138840E+06 0.391293E+09 0.133551E+10
     5386.00  0.405279E+08 0.398030E+06 0.367947E+09 0.130032E+10
     5411.00  0.400621E+08 0.775902E+06 0.345581E+09 0.126504E+10
     5436.00  0.395730E+08 0.126025E+07 0.324176E+09 0.122973E+10
     5461.00  0.390622E+08 0.183952E+07 0.303713E+09 0.119446E+10
     5511.00  0.379819E+08 0.323979E+07 0.265523E+09 0.112428E+10
     5561.00  0.368331E+08 0.489663E+07 0.230837E+09 0.105491E+10
     5611.00  0.356277E+08 0.673921E+07 0.199471E+09 0.986753E+09
     5661.00  0.343764E+08 0.870530E+07 0.171239E+09 0.920140E+09
     5711.00  0.330898E+08 0.107407E+08 0.145951E+09 0.855363E+09
     5761.00  0.317774E+08 0.127986E+08 0.123418E+09 0.792671E+09
     5811.00  0.304481E+08 0.148390E+08 0.103453E+09 0.732268E+09
     5861.00  0.291103E+08 0.168281E+08 0.858691E+08 0.674321E+09
     5911.00  0.277716E+08 0.187380E+08 0.704854E+08 0.618961E+09
     5961.00  0.264387E+08 0.205456E+08 0.571256E+08 0.566283E+09
     6011.00  0.251179E+08 0.222327E+08 0.456190E+08 0.516352E+09
     6061.00  0.238148E+08 0.237852E+08 0.358018E+08 0.469206E+09
     6111.00  0.225342E+08 0.251928E+08 0.275172E+08 0.424856E+09
     6161.00  0.212805E+08 0.264484E+08 0.206163E+08 0.383292E+09
     6211.00  0.200574E+08 0.275478E+08 0.149578E+08 0.344480E+09
     6261.00  0.188681E+08 0.284893E+08 0.104089E+08 0.308374E+09
     6311.00  0.177152E+08 0.292735E+08 0.684464E+07 0.274909E+09
     6361.00  0.166011E+08 0.299027E+08 0.414862E+07 0.244009E+09
     6411.00  0.155275E+08 0.303809E+08 0.221251E+07 0.215586E+09
     6461.00  0.144956E+08 0.307134E+08 0.936037E+06 0.189544E+09
     6511.00  0.135066E+08 0.309065E+08 0.226831E+06 0.165780E+09
     6561.00  0.125611E+08 0.309675E+08 0.171344E+03 0.144184E+09
     6611.00  0.116594E+08 0.309041E+08 0.178728E+06 0.124645E+09
     6661.00  0.108014E+08 0.307249E+08 0.692266E+06 0.107047E+09
     6711.00  0.998713E+07 0.304383E+08 0.147732E+07 0.912736E+08
     6761.00  0.921599E+07 0.300533E+08 0.247687E+07 0.772095E+08
     6811.00  0.848737E+07 0.295788E+08 0.363996E+07 0.647387E+08
     6861.00  0.780048E+07 0.290237E+08 0.492137E+07 0.537474E+08
     6911.00  0.715434E+07 0.283967E+08 0.628123E+07 0.441243E+08
     6961.00  0.654787E+07 0.277066E+08 0.768467E+07 0.357610E+08
     7011.00  0.597987E+07 0.269615E+08 0.910145E+07 0.285530E+08
     7061.00  0.544905E+07 0.261696E+08 0.105056E+08 0.223992E+08
     7111.00  0.495405E+07 0.253384E+08 0.118752E+08 0.172035E+08
     7161.00  0.449347E+07 0.244753E+08 0.131917E+08 0.128738E+08
     7211.00  0.406584E+07 0.235871E+08 0.144400E+08 0.932311E+07
     7261.00  0.366969E+07 0.226803E+08 0.156080E+08 0.646923E+07
     7311.00  0.330352E+07 0.217608E+08 0.166863E+08 0.423493E+07
     7361.00  0.296583E+07 0.208342E+08 0.176676E+08 0.254797E+07
     7411.00  0.265513E+07 0.199056E+08 0.185471E+08 0.134106E+07
     7511.00  0.210878E+07 0.180606E+08 0.199900E+08 0.122581E+06
     7611.00  0.165294E+07 0.162580E+08 0.210091E+08 0.136886E+06
     7711.00  0.127661E+07 0.145235E+08 0.216186E+08 0.101331E+07
     7811.00  0.969449E+06 0.128767E+08 0.218470E+08 0.244747E+07
     7911.00  0.721898E+06 0.113320E+08 0.217326E+08 0.419482E+07
     8011.00  0.525206E+06 0.989885E+07 0.213192E+08 0.606387E+07
     8111.00  0.371469E+06 0.858271E+07 0.206535E+08 0.790932E+07
     8211.00  0.253618E+06 0.738557E+07 0.197823E+08 0.962538E+07
     8311.00  0.165406E+06 0.630660E+07 0.187509E+08 0.111394E+08
     8411.00  0.101359E+06 0.534268E+07 0.176019E+08 0.124062E+08
     8511.00  0.567378E+05 0.448895E+07 0.163740E+08 0.134024E+08
     8611.00  0.274766E+05 0.373921E+07 0.151016E+08 0.141221E+08
     8711.00  0.101270E+05 0.308638E+07 0.138147E+08 0.145723E+08
     8811.00  0.179660E+04 0.252282E+07 0.125384E+08 0.147697E+08
     8911.00  0.884531E+02 0.204058E+07 0.112937E+08 0.147377E+08
     9011.00  0.304263E+04 0.163169E+07 0.100972E+08 0.145038E+08
     9111.00  0.908023E+04 0.128829E+07 0.896167E+07 0.140976E+08
     9211.00  0.169511E+05 0.100284E+07 0.789639E+07 0.135491E+08
     9311.00  0.256856E+05 0.768148E+06 0.690752E+07 0.128878E+08
     9411.00  0.345506E+05 0.577526E+06 0.599862E+07 0.121416E+08
     9511.00  0.430103E+05 0.424786E+06 0.517093E+07 0.113362E+08
     9611.00  0.506909E+05 0.304291E+06 0.442389E+07 0.104946E+08
     9711.00  0.573497E+05 0.210957E+06 0.375541E+07 0.963714E+07
     9811.00  0.628490E+05 0.140246E+06 0.316225E+07 0.878118E+07
     9911.00  0.671323E+05 0.881517E+05 0.264028E+07 0.794125E+07
    10011.00  0.702053E+05 0.511699E+05 0.218477E+07 0.712912E+07
    10111.00  0.721196E+05 0.262690E+05 0.179059E+07 0.635404E+07
    10211.00  0.729586E+05 0.108524E+05 0.145243E+07 0.562292E+07
    10311.00  0.728272E+05 0.272081E+04 0.116491E+07 0.494061E+07
    10411.00  0.718425E+05 0.324397E+02 0.922734E+06 0.431017E+07
    10511.00  0.701266E+05 0.126458E+04 0.720784E+06 0.373305E+07
    10611.00  0.678021E+05 0.517574E+04 0.554192E+06 0.320943E+07
    10711.00  0.649867E+05 0.107697E+05 0.418390E+06 0.273840E+07
    10811.00  0.617916E+05 0.172620E+05 0.309152E+06 0.231822E+07
    10911.00  0.583191E+05 0.240488E+05 0.222608E+06 0.194647E+07
    11011.00  0.546611E+05 0.306786E+05 0.155256E+06 0.162026E+07
    11111.00  0.508990E+05 0.368272E+05 0.103959E+06 0.133638E+07
    11211.00  0.471033E+05 0.422742E+05 0.659353E+05 0.109141E+07
    11311.00  0.433339E+05 0.468839E+05 0.387410E+05 0.881848E+06
    11411.00  0.396406E+05 0.505873E+05 0.202525E+05 0.704199E+06
    11511.00  0.360638E+05 0.533677E+05 0.864196E+04 0.555041E+06
    11611.00  0.326352E+05 0.552476E+05 0.235306E+04 0.431091E+06
    11711.00  0.293789E+05 0.562781E+05 0.752890E+02 0.329236E+06
    11811.00  0.263121E+05 0.565301E+05 0.718453E+03 0.246571E+06
    11911.00  0.234458E+05 0.560872E+05 0.338765E+04 0.180418E+06
    12011.00  0.207862E+05 0.550395E+05 0.735935E+04 0.128331E+06
    12111.00  0.183349E+05 0.534793E+05 0.120588E+05 0.881037E+05
    12211.00  0.160900E+05 0.514977E+05 0.170390E+05 0.577635E+05
    12311.00  0.140466E+05 0.491817E+05 0.219616E+05 0.355667E+05
    12411.00  0.121978E+05 0.466124E+05 0.265793E+05 0.199857E+05
    12511.00  0.105346E+05 0.438642E+05 0.307202E+05 0.969582E+04
    12611.00  0.904689E+04 0.410032E+05 0.342743E+05 0.355985E+04
    12711.00  0.772369E+04 0.380880E+05 0.371809E+05 0.612270E+03
    12811.00  0.655344E+04 0.351686E+05 0.394181E+05 0.424148E+02
    12911.00  0.552435E+04 0.322873E+05 0.409944E+05 0.117809E+04
    13011.00  0.462469E+04 0.294791E+05 0.419400E+05 0.346957E+04
    13111.00  0.384286E+04 0.267720E+05 0.423012E+05 0.647425E+04
    13211.00  0.316766E+04 0.241876E+05 0.421349E+05 0.984240E+04
    13311.00  0.258834E+04 0.217421E+05 0.415041E+05 0.133038E+05
    13411.00  0.209472E+04 0.194464E+05 0.404745E+05 0.166555E+05
    13511.00  0.167721E+04 0.173074E+05 0.391118E+05 0.197511E+05
    13611.00  0.132691E+04 0.153280E+05 0.374800E+05 0.224906E+05
    13711.00  0.103556E+04 0.135084E+05 0.356392E+05 0.248122E+05
    13811.00  0.795586E+03 0.118459E+05 0.336451E+05 0.266840E+05
    13911.00  0.600096E+03 0.103360E+05 0.315481E+05 0.280983E+05
    14011.00  0.442838E+03 0.897256E+04 0.293932E+05 0.290652E+05
    14111.00  0.318188E+03 0.774821E+04 0.272194E+05 0.296085E+05
    14211.00  0.221118E+03 0.665480E+04 0.250602E+05 0.297612E+05
    14311.00  0.147164E+03 0.568362E+04 0.229435E+05 0.295628E+05
    14411.00  0.923819E+02 0.482568E+04 0.208923E+05 0.290561E+05
    14511.00  0.533178E+02 0.407192E+04 0.189246E+05 0.282853E+05
    14611.00  0.269637E+02 0.341334E+04 0.170543E+05 0.272944E+05
    14711.00  0.107215E+02 0.284119E+04 0.152913E+05 0.261261E+05
    14811.00  0.236431E+01 0.234703E+04 0.136423E+05 0.248204E+05
    14911.00  0.721382E-03 0.192286E+04 0.121108E+05 0.234144E+05
    15011.00  0.203995E+01 0.156110E+04 0.106981E+05 0.219418E+05
    15111.00  0.715893E+01 0.125470E+04 0.940324E+04 0.204325E+05
    15211.00  0.142715E+02 0.997104E+03 0.822365E+04 0.189126E+05
    15311.00  0.224997E+02 0.782301E+03 0.715540E+04 0.174047E+05
    15411.00  0.311469E+02 0.604785E+03 0.619349E+04 0.159275E+05
    15511.00  0.396736E+02 0.459565E+03 0.533219E+04 0.144966E+05
    15611.00  0.476749E+02 0.342136E+03 0.456524E+04 0.131243E+05
    15711.00  0.548600E+02 0.248458E+03 0.388604E+04 0.118200E+05
    15811.00  0.610342E+02 0.174929E+03 0.328786E+04 0.105908E+05
    15911.00  0.660823E+02 0.118356E+03 0.276396E+04 0.944107E+04
    16011.00  0.699535E+02 0.759246E+02 0.230771E+04 0.837353E+04
    16111.00  0.726491E+02 0.451683E+02 0.191269E+04 0.738905E+04
    16211.00  0.742107E+02 0.239393E+02 0.157274E+04 0.648709E+04
    16311.00  0.747101E+02 0.103783E+02 0.128203E+04 0.566590E+04
    16411.00  0.742413E+02 0.288702E+01 0.103508E+04 0.492278E+04
    16511.00  0.729127E+02 0.101005E+00 0.826821E+03 0.425431E+04
    16611.00  0.708411E+02 0.864754E+00 0.652541E+03 0.365648E+04
    16711.00  0.681468E+02 0.420825E+01 0.507942E+03 0.312490E+04
    16811.00  0.649490E+02 0.932532E+01 0.389109E+03 0.265493E+04
    16911.00  0.613629E+02 0.155537E+02 0.292503E+03 0.224182E+04
    17011.00  0.574969E+02 0.223568E+02 0.214945E+03 0.188076E+04
    17111.00  0.534510E+02 0.293073E+02 0.153595E+03 0.156707E+04
    17211.00  0.493152E+02 0.360720E+02 0.105934E+03 0.129616E+04
    17311.00  0.451688E+02 0.423985E+02 0.697351E+02 0.106364E+04
    17411.00  0.410803E+02 0.481032E+02 0.430474E+02 0.865349E+03
    17511.00  0.371071E+02 0.530603E+02 0.241674E+02 0.697401E+03
    17611.00  0.332956E+02 0.571923E+02 0.116181E+02 0.556171E+03
    17711.00  0.296825E+02 0.604618E+02 0.412733E+01 0.438326E+03
    17811.00  0.262946E+02 0.628637E+02 0.605789E+00 0.340822E+03
    17911.00  0.231502E+02 0.644187E+02 0.128077E+00 0.260901E+03
    18011.00  0.202601E+02 0.651678E+02 0.191398E+01 0.196079E+03
    18111.00  0.176281E+02 0.651674E+02 0.531156E+01 0.144140E+03
    18211.00  0.152523E+02 0.644844E+02 0.978148E+01 0.103115E+03
    18311.00  0.131262E+02 0.631934E+02 0.148829E+02 0.712678E+02
    18411.00  0.112393E+02 0.613731E+02 0.202605E+02 0.470777E+02
    18511.00  0.957837E+01 0.591037E+02 0.256330E+02 0.292201E+02
    18611.00  0.812784E+01 0.564647E+02 0.307824E+02 0.165487E+02
    18711.00  0.687091E+01 0.535337E+02 0.355452E+02 0.807749E+01
    18811.00  0.579000E+01 0.503841E+02 0.398039E+02 0.296327E+01
    18911.00  0.486735E+01 0.470846E+02 0.434794E+02 0.489754E+00
    19011.00  0.408552E+01 0.436986E+02 0.465249E+02 0.522497E-01
    19111.00  0.342769E+01 0.402830E+02 0.489203E+02 0.114371E+01
    19311.00  0.242176E+01 0.335583E+02 0.517823E+02 0.629858E+01
    19511.00  0.173735E+01 0.272349E+02 0.522593E+02 0.133990E+02
    19711.00  0.128364E+01 0.215339E+02 0.507101E+02 0.207649E+02
    19911.00  0.991190E+00 0.165835E+02 0.475743E+02 0.273514E+02
    20111.00  0.809491E+00 0.124323E+02 0.433111E+02 0.325675E+02
    20311.00  0.703279E+00 0.906653E+01 0.383563E+02 0.361421E+02
    20511.00  0.648431E+00 0.642712E+01 0.330956E+02 0.380269E+02
    20711.00  0.628183E+00 0.442594E+01 0.278481E+02 0.383242E+02
    20911.00  0.630112E+00 0.296038E+01 0.228603E+02 0.372355E+02
    21111.00  0.644068E+00 0.192499E+01 0.183066E+02 0.350200E+02
    21311.00  0.661062E+00 0.122041E+01 0.142946E+02 0.319645E+02
    21511.00  0.672979E+00 0.759236E+00 0.108746E+02 0.283579E+02
    21711.00  0.672839E+00 0.469221E+00 0.804980E+01 0.244716E+02
    21911.00  0.655375E+00 0.294146E+00 0.578858E+01 0.205451E+02
    22111.00  0.617612E+00 0.192928E+00 0.403498E+01 0.167748E+02
    22311.00  0.559296E+00 0.137529E+00 0.271916E+01 0.133094E+02
    22511.00  0.482983E+00 0.110195E+00 0.176576E+01 0.102483E+02
    22711.00  0.393774E+00 0.100543E+00 0.110058E+01 0.764426E+01
    22911.00  0.298704E+00 0.102852E+00 0.655423E+00 0.550982E+01
    23111.00  0.205859E+00 0.113837E+00 0.371075E+00 0.382483E+01
    23311.00  0.123379E+00 0.131046E+00 0.198809E+00 0.254574E+01
    23511.00  0.584401E-01 0.151911E+00 0.100584E+00 0.161464E+01
    23711.00  0.164009E-01 0.173386E+00 0.483428E-01 0.967439E+00
    23911.00  0.175431E-03 0.192057E+00 0.226682E-01 0.540608E+00
    24111.00  0.993244E-02 0.204554E+00 0.111280E-01 0.276125E+00
    24311.00  0.431296E-01 0.208081E+00 0.652747E-02 0.124532E+00
    24511.00  0.948669E-01 0.200939E+00 0.526713E-02 0.463381E-01
    24711.00  0.158499E+00 0.182888E+00 0.593014E-02 0.120204E-01
    24911.00  0.226418E+00 0.155293E+00 0.817426E-02 0.105999E-02
    25111.00  0.290918E+00 0.121024E+00 0.119537E-01 0.389990E-03
    25311.00  0.345008E+00 0.841109E-01 0.170569E-01 0.262002E-02
    25511.00  0.383130E+00 0.492371E-01 0.229176E-01 0.430929E-02
    25711.00  0.401655E+00 0.211227E-01 0.286377E-01 0.447142E-02
    25911.00  0.399171E+00 0.390460E-02 0.331515E-01 0.340533E-02
    26111.00  0.376495E+00 0.590218E-03 0.354593E-01 0.187376E-02
    26311.00  0.336469E+00 0.126609E-01 0.348677E-01 0.599518E-03
    26511.00  0.283547E+00 0.398699E-01 0.311826E-01 0.192387E-04
    26711.00  0.223254E+00 0.802557E-01 0.248203E-01 0.223811E-03
    26911.00  0.161561E+00 0.130361E+00 0.168153E-01 0.101646E-02
         IE==>     12
        1.00  0.379742E-02
        2.00  0.665396E+00
        3.00  0.134805E+02
        4.00  0.112918E+03
        5.00  0.583033E+03
        6.00  0.221687E+04
        7.00  0.682506E+04
        8.00  0.180044E+05
        9.00  0.422092E+05
       10.00  0.901594E+05
       11.00  0.178611E+06
       12.00  0.332506E+06
       13.00  0.587515E+06
       14.00  0.992979E+06
       15.00  0.161525E+07
       16.00  0.254141E+07
       17.00  0.388340E+07
       18.00  0.578244E+07
       19.00  0.841382E+07
       20.00  0.119919E+08
       21.00  0.167755E+08
       22.00  0.230733E+08
       23.00  0.312494E+08
       24.00  0.417296E+08
       25.00  0.550072E+08
       26.00  0.716493E+08
       27.00  0.923027E+08
       28.00  0.117701E+09
       29.00  0.148670E+09
       30.00  0.186135E+09
       31.00  0.231125E+09
       32.00  0.284782E+09
       33.00  0.348362E+09
       34.00  0.423244E+09
       35.00  0.510935E+09
       36.00  0.613070E+09
       37.00  0.731425E+09
       38.00  0.867915E+09
       39.00  0.102460E+10
       40.00  0.120369E+10
       42.00  0.163870E+10
       44.00  0.219376E+10
       46.00  0.289225E+10
       48.00  0.376019E+10
       50.00  0.482618E+10
       52.00  0.612137E+10
       54.00  0.767933E+10
       56.00  0.953594E+10
       58.00  0.117292E+11
       60.00  0.142991E+11
       62.00  0.172870E+11
       64.00  0.207357E+11
       66.00  0.246887E+11
       68.00  0.291896E+11
       70.00  0.342816E+11
       72.00  0.400066E+11
       74.00  0.464048E+11
       76.00  0.535136E+11
       78.00  0.613672E+11
       80.00  0.699954E+11
       82.00  0.794233E+11
       84.00  0.896697E+11
       86.00  0.100747E+12
       88.00  0.112659E+12
       90.00  0.125402E+12
       92.00  0.138963E+12
       94.00  0.153319E+12
       96.00  0.168438E+12
       98.00  0.184279E+12
      100.00  0.200789E+12
      102.00  0.217909E+12
      104.00  0.235570E+12
      106.00  0.253695E+12
      108.00  0.272201E+12
      110.00  0.290999E+12
      112.00  0.309994E+12
      114.00  0.329089E+12
      116.00  0.348187E+12
      118.00  0.367186E+12
      122.00  0.404504E+12
      126.00  0.440304E+12
      130.00  0.473932E+12
      134.00  0.504844E+12
      138.00  0.532622E+12
      142.00  0.556978E+12
      146.00  0.577747E+12
      150.00  0.594884E+12
      154.00  0.608442E+12
      158.00  0.618553E+12
      162.00  0.625408E+12
      166.00  0.629236E+12
      170.00  0.630287E+12
      174.00  0.628824E+12
      178.00  0.625110E+12
      182.00  0.619403E+12
      186.00  0.611951E+12
      190.00  0.602986E+12
      194.00  0.592721E+12
      198.00  0.581352E+12
      202.00  0.569055E+12
      206.00  0.555986E+12
      210.00  0.542287E+12
      214.00  0.528084E+12
      218.00  0.513490E+12
      222.00  0.498604E+12
      226.00  0.483514E+12
      230.00  0.468297E+12
      234.00  0.453019E+12
      238.00  0.437738E+12
      242.00  0.422505E+12
      246.00  0.407365E+12
      250.00  0.392356E+12
      254.00  0.377511E+12
      258.00  0.362861E+12
      262.00  0.348432E+12
      266.00  0.334244E+12
      270.00  0.320317E+12
      274.00  0.306667E+12
      282.00  0.280244E+12
      290.00  0.255058E+12
      298.00  0.231164E+12
      306.00  0.208594E+12
      314.00  0.187364E+12
      322.00  0.167475E+12
      330.00  0.148915E+12
      338.00  0.131665E+12
      346.00  0.115699E+12
      354.00  0.100983E+12
      362.00  0.874817E+11
      370.00  0.751539E+11
      378.00  0.639567E+11
      386.00  0.538450E+11
      394.00  0.447730E+11
      402.00  0.366938E+11
      410.00  0.295600E+11
      418.00  0.233242E+11
      426.00  0.179388E+11
      434.00  0.133571E+11
      442.00  0.953256E+10
      450.00  0.641972E+10
      458.00  0.397380E+10
      466.00  0.215104E+10
      474.00  0.908787E+09
      482.00  0.205552E+09
      490.00  0.110131E+07
      498.00  0.256498E+09
      506.00  0.934148E+09
      514.00  0.199783E+10
      522.00  0.341275E+10
      530.00  0.514549E+10
      538.00  0.716407E+10
      546.00  0.943792E+10
      554.00  0.119379E+11
      562.00  0.146362E+11
      570.00  0.175064E+11
      578.00  0.205236E+11
      586.00  0.236640E+11
      596.00  0.277288E+11
      606.00  0.319102E+11
      616.00  0.361703E+11
      626.00  0.404739E+11
      636.00  0.447891E+11
      646.00  0.490862E+11
      656.00  0.533383E+11
      666.00  0.575211E+11
      676.00  0.616126E+11
      686.00  0.655929E+11
      696.00  0.694447E+11
      706.00  0.731527E+11
      716.00  0.767032E+11
      726.00  0.800845E+11
      736.00  0.832868E+11
      746.00  0.863015E+11
      756.00  0.891219E+11
      766.00  0.917427E+11
      776.00  0.941598E+11
      786.00  0.963704E+11
      796.00  0.983726E+11
      806.00  0.100166E+12
      816.00  0.101750E+12
      826.00  0.103126E+12
      836.00  0.104297E+12
      846.00  0.105265E+12
      856.00  0.106033E+12
      866.00  0.106605E+12
      876.00  0.106986E+12
      886.00  0.107181E+12
      896.00  0.107195E+12
      906.00  0.107034E+12
      916.00  0.106705E+12
      926.00  0.106213E+12
      936.00  0.105566E+12
      946.00  0.104770E+12
      956.00  0.103833E+12
      966.00  0.102761E+12
      976.00  0.101562E+12
      986.00  0.100243E+12
      996.00  0.988112E+11
     1006.00  0.972746E+11
     1016.00  0.956402E+11
     1026.00  0.939150E+11
     1036.00  0.921063E+11
     1046.00  0.902211E+11
     1056.00  0.882663E+11
     1066.00  0.862489E+11
     1076.00  0.841756E+11
     1086.00  0.820528E+11
     1096.00  0.798871E+11
     1106.00  0.776845E+11
     1116.00  0.754511E+11
     1126.00  0.731927E+11
     1136.00  0.709150E+11
     1146.00  0.686235E+11
     1156.00  0.663235E+11
     1166.00  0.640199E+11
     1176.00  0.617178E+11
     1186.00  0.594216E+11
     1196.00  0.571358E+11
     1206.00  0.548647E+11
     1216.00  0.526121E+11
     1226.00  0.503819E+11
     1236.00  0.481777E+11
     1246.00  0.460029E+11
     1256.00  0.438605E+11
     1266.00  0.417536E+11
     1276.00  0.396848E+11
     1286.00  0.376568E+11
     1296.00  0.356719E+11
     1306.00  0.337322E+11
     1316.00  0.318396E+11
     1326.00  0.299961E+11
     1336.00  0.282033E+11
     1346.00  0.264625E+11
     1356.00  0.247751E+11
     1366.00  0.231423E+11
     1376.00  0.215648E+11
     1386.00  0.200437E+11
     1396.00  0.185796E+11
     1406.00  0.171729E+11
     1416.00  0.158242E+11
     1426.00  0.145336E+11
     1436.00  0.133014E+11
     1446.00  0.121276E+11
     1456.00  0.110122E+11
     1466.00  0.995482E+10
     1476.00  0.895535E+10
     1486.00  0.801337E+10
     1496.00  0.712841E+10
     1506.00  0.629992E+10
     1516.00  0.552726E+10
     1526.00  0.480973E+10
     1536.00  0.414654E+10
     1546.00  0.353686E+10
     1556.00  0.297977E+10
     1566.00  0.247430E+10
     1576.00  0.201944E+10
     1586.00  0.161412E+10
     1596.00  0.125722E+10
     1606.00  0.947597E+09
     1616.00  0.684060E+09
     1626.00  0.465386E+09
     1636.00  0.290325E+09
     1646.00  0.157600E+09
     1656.00  0.659115E+08
     1666.00  0.139425E+08
     1676.00  0.358979E+06
     1686.00  0.238142E+08
     1696.00  0.829514E+08
     1706.00  0.176407E+09
     1716.00  0.302811E+09
     1726.00  0.460793E+09
     1736.00  0.648983E+09
     1746.00  0.866012E+09
     1756.00  0.111052E+10
     1766.00  0.138114E+10
     1776.00  0.167654E+10
     1786.00  0.199537E+10
     1796.00  0.233631E+10
     1806.00  0.269804E+10
     1816.00  0.307927E+10
     1826.00  0.347873E+10
     1836.00  0.389515E+10
     1846.00  0.432728E+10
     1856.00  0.477392E+10
     1866.00  0.523386E+10
     1876.00  0.570593E+10
     1886.00  0.618897E+10
     1896.00  0.668185E+10
     1906.00  0.718347E+10
     1916.00  0.769276E+10
     1926.00  0.820866E+10
     1936.00  0.873015E+10
     1946.00  0.925623E+10
     1956.00  0.978593E+10
     1966.00  0.103183E+11
     1976.00  0.108525E+11
     1986.00  0.113875E+11
     1996.00  0.119226E+11
     2006.00  0.124569E+11
     2016.00  0.129896E+11
     2026.00  0.135199E+11
     2036.00  0.140471E+11
     2046.00  0.145705E+11
     2056.00  0.150894E+11
     2066.00  0.156031E+11
     2076.00  0.161110E+11
     2086.00  0.166126E+11
     2096.00  0.171073E+11
     2106.00  0.175944E+11
     2116.00  0.180736E+11
     2126.00  0.185442E+11
     2136.00  0.190059E+11
     2146.00  0.194582E+11
     2156.00  0.199007E+11
     2166.00  0.203331E+11
     2176.00  0.207549E+11
     2186.00  0.211658E+11
     2196.00  0.215656E+11
     2206.00  0.219539E+11
     2216.00  0.223305E+11
     2226.00  0.226951E+11
     2236.00  0.230475E+11
     2246.00  0.233876E+11
     2256.00  0.237151E+11
     2266.00  0.240299E+11
     2276.00  0.243318E+11
     2286.00  0.246208E+11
     2296.00  0.248968E+11
     2306.00  0.251596E+11
     2316.00  0.254092E+11
     2326.00  0.256456E+11
     2336.00  0.258687E+11
     2346.00  0.260786E+11
     2356.00  0.262752E+11
     2366.00  0.264586E+11
     2376.00  0.266287E+11
     2386.00  0.267857E+11
     2396.00  0.269295E+11
     2406.00  0.270603E+11
     2416.00  0.271782E+11
     2426.00  0.272832E+11
     2436.00  0.273755E+11
     2446.00  0.274552E+11
     2456.00  0.275224E+11
     2466.00  0.275773E+11
     2476.00  0.276199E+11
     2486.00  0.276505E+11
     2496.00  0.276692E+11
     2506.00  0.276763E+11
     2516.00  0.276718E+11
     2526.00  0.276559E+11
     2536.00  0.276290E+11
     2546.00  0.275911E+11
     2556.00  0.275425E+11
     2566.00  0.274834E+11
     2576.00  0.274139E+11
     2586.00  0.273344E+11
     2596.00  0.272451E+11
     2606.00  0.271461E+11
     2616.00  0.270378E+11
     2626.00  0.269203E+11
     2636.00  0.267938E+11
     2646.00  0.266587E+11
     2656.00  0.265152E+11
     2666.00  0.263634E+11
     2676.00  0.262037E+11
     2686.00  0.260364E+11
     2696.00  0.258615E+11
     2706.00  0.256795E+11
     2716.00  0.254905E+11
     2726.00  0.252947E+11
     2736.00  0.250925E+11
     2746.00  0.248841E+11
     2756.00  0.246697E+11
     2766.00  0.244495E+11
     2776.00  0.242239E+11
     2786.00  0.239930E+11
     2796.00  0.237571E+11
     2806.00  0.235164E+11
     2816.00  0.232712E+11
     2826.00  0.230216E+11
     2836.00  0.227680E+11
     2846.00  0.225106E+11
     2856.00  0.222495E+11
     2866.00  0.219851E+11
     2876.00  0.217174E+11
     2886.00  0.214468E+11
     2896.00  0.211735E+11
     2906.00  0.208977E+11
     2916.00  0.206195E+11
     2926.00  0.203392E+11
     2936.00  0.200570E+11
     2946.00  0.197731E+11
     2956.00  0.194877E+11
     2966.00  0.192010E+11
     2976.00  0.189131E+11
     2986.00  0.186242E+11
     2996.00  0.183346E+11
     3006.00  0.180444E+11
     3016.00  0.177538E+11
     3026.00  0.174629E+11
     3036.00  0.171719E+11
     3046.00  0.168810E+11
     3056.00  0.165904E+11
     3066.00  0.163000E+11
     3076.00  0.160103E+11
     3086.00  0.157211E+11
     3096.00  0.154328E+11
     3106.00  0.151455E+11
     3116.00  0.148592E+11
     3126.00  0.145741E+11
     3136.00  0.142903E+11
     3146.00  0.140080E+11
     3156.00  0.137273E+11
     3166.00  0.134482E+11
     3176.00  0.131709E+11
     3186.00  0.128955E+11
     3196.00  0.126221E+11
     3206.00  0.123508E+11
     3216.00  0.120816E+11
     3226.00  0.118147E+11
     3236.00  0.115502E+11
     3246.00  0.112881E+11
     3256.00  0.110285E+11
     3266.00  0.107714E+11
     3276.00  0.105171E+11
     3286.00  0.102654E+11
     3296.00  0.100166E+11
     3306.00  0.977054E+10
     3316.00  0.952742E+10
     3326.00  0.928725E+10
     3336.00  0.905009E+10
     3346.00  0.881598E+10
     3356.00  0.858497E+10
     3366.00  0.835709E+10
     3376.00  0.813239E+10
     3386.00  0.791090E+10
     3396.00  0.769265E+10
     3406.00  0.747768E+10
     3416.00  0.726600E+10
     3426.00  0.705764E+10
     3436.00  0.685263E+10
     3446.00  0.665097E+10
     3456.00  0.645269E+10
     3466.00  0.625780E+10
     3476.00  0.606631E+10
     3486.00  0.587823E+10
     3496.00  0.569357E+10
     3506.00  0.551233E+10
     3516.00  0.533450E+10
     3526.00  0.516010E+10
     3536.00  0.498912E+10
     3546.00  0.482155E+10
     3556.00  0.465740E+10
     3566.00  0.449664E+10
     3576.00  0.433927E+10
     3586.00  0.418528E+10
     3596.00  0.403466E+10
     3606.00  0.388738E+10
     3616.00  0.374344E+10
     3626.00  0.360282E+10
     3636.00  0.346549E+10
     3646.00  0.333144E+10
     3656.00  0.320063E+10
     3666.00  0.307306E+10
     3676.00  0.294869E+10
     3686.00  0.282750E+10
     3696.00  0.270947E+10
     3706.00  0.259455E+10
     3716.00  0.248273E+10
     3726.00  0.237397E+10
     3736.00  0.226824E+10
     3746.00  0.216551E+10
     3756.00  0.206574E+10
     3766.00  0.196891E+10
     3776.00  0.187498E+10
     3786.00  0.178390E+10
     3796.00  0.169566E+10
     3806.00  0.161020E+10
     3816.00  0.152749E+10
     3826.00  0.144750E+10
     3836.00  0.137019E+10
     3846.00  0.129551E+10
     3856.00  0.122343E+10
     3866.00  0.115391E+10
     3876.00  0.108690E+10
     3886.00  0.102237E+10
     3896.00  0.960283E+09
     3906.00  0.900589E+09
     3916.00  0.843250E+09
     3926.00  0.788225E+09
     3936.00  0.735472E+09
     3946.00  0.684949E+09
     3956.00  0.636616E+09
     3966.00  0.590429E+09
     3976.00  0.546348E+09
     3986.00  0.504330E+09
     3996.00  0.464335E+09
     4006.00  0.426319E+09
     4016.00  0.390241E+09
     4026.00  0.356060E+09
     4036.00  0.323734E+09
     4046.00  0.293222E+09
     4056.00  0.264482E+09
     4066.00  0.237474E+09
     4076.00  0.212157E+09
     4086.00  0.188489E+09
     4096.00  0.166431E+09
     4106.00  0.145942E+09
     4116.00  0.126983E+09
     4126.00  0.109514E+09
     4136.00  0.934951E+08
     4146.00  0.788881E+08
     4156.00  0.656540E+08
     4166.00  0.537546E+08
     4176.00  0.431519E+08
     4186.00  0.338083E+08
     4196.00  0.256865E+08
     4206.00  0.187498E+08
     4216.00  0.129617E+08
     4226.00  0.828622E+07
     4236.00  0.468780E+07
     4246.00  0.213127E+07
     4256.00  0.581916E+06
     4266.00  0.547081E+04
     4276.00  0.368122E+06
     4286.00  0.163652E+07
     4296.00  0.377778E+07
     4306.00  0.675949E+07
     4316.00  0.105497E+08
     4326.00  0.151171E+08
     4336.00  0.204305E+08
     4346.00  0.264596E+08
     4356.00  0.331744E+08
     4366.00  0.405454E+08
     4376.00  0.485437E+08
     4386.00  0.571408E+08
     4396.00  0.663087E+08
     4406.00  0.760200E+08
     4416.00  0.862477E+08
     4426.00  0.969655E+08
     4436.00  0.108147E+09
     4446.00  0.119768E+09
     4456.00  0.131802E+09
     4466.00  0.144226E+09
     4476.00  0.157016E+09
     4486.00  0.170147E+09
     4511.00  0.204324E+09
     4536.00  0.240156E+09
     4561.00  0.277316E+09
     4586.00  0.315502E+09
     4611.00  0.354428E+09
     4636.00  0.393826E+09
     4661.00  0.433448E+09
     4686.00  0.473063E+09
     4711.00  0.512457E+09
     4736.00  0.551433E+09
     4761.00  0.589811E+09
     4786.00  0.627425E+09
     4811.00  0.664127E+09
     4836.00  0.699781E+09
     4861.00  0.734266E+09
     4886.00  0.767474E+09
     4911.00  0.799312E+09
     4936.00  0.829696E+09
     4961.00  0.858556E+09
     4986.00  0.885831E+09
     5011.00  0.911474E+09
     5036.00  0.935443E+09
     5061.00  0.957710E+09
     5086.00  0.978252E+09
     5111.00  0.997056E+09
     5136.00  0.101412E+10
     5161.00  0.102943E+10
     5186.00  0.104302E+10
     5211.00  0.105488E+10
     5236.00  0.106505E+10
     5261.00  0.107354E+10
     5286.00  0.108038E+10
     5311.00  0.108562E+10
     5336.00  0.108928E+10
     5361.00  0.109140E+10
     5386.00  0.109204E+10
     5411.00  0.109124E+10
     5436.00  0.108904E+10
     5461.00  0.108550E+10
     5511.00  0.107461E+10
     5561.00  0.105901E+10
     5611.00  0.103913E+10
     5661.00  0.101545E+10
     5711.00  0.988408E+09
     5761.00  0.958461E+09
     5811.00  0.926045E+09
     5861.00  0.891582E+09
     5911.00  0.855473E+09
     5961.00  0.818102E+09
     6011.00  0.779825E+09
     6061.00  0.740975E+09
     6111.00  0.701859E+09
     6161.00  0.662757E+09
     6211.00  0.623923E+09
     6261.00  0.585583E+09
     6311.00  0.547941E+09
     6361.00  0.511172E+09
     6411.00  0.475429E+09
     6461.00  0.440841E+09
     6511.00  0.407516E+09
     6561.00  0.375542E+09
     6611.00  0.344986E+09
     6661.00  0.315898E+09
     6711.00  0.288312E+09
     6761.00  0.262249E+09
     6811.00  0.237713E+09
     6861.00  0.214699E+09
     6911.00  0.193190E+09
     6961.00  0.173161E+09
     7011.00  0.154577E+09
     7061.00  0.137398E+09
     7111.00  0.121577E+09
     7161.00  0.107062E+09
     7211.00  0.937978E+08
     7261.00  0.817266E+08
     7311.00  0.707878E+08
     7361.00  0.609195E+08
     7411.00  0.520591E+08
     7511.00  0.371113E+08
     7611.00  0.254490E+08
     7711.00  0.165955E+08
     7811.00  0.101028E+08
     7911.00  0.555857E+07
     8011.00  0.259048E+07
     8111.00  0.868181E+06
     8211.00  0.103590E+06
     8311.00  0.497859E+05
     8411.00  0.498869E+06
     8511.00  0.127910E+07
     8611.00  0.225159E+07
     8711.00  0.330672E+07
     8811.00  0.436050E+07
     8911.00  0.535102E+07
     9011.00  0.623501E+07
     9111.00  0.698464E+07
     9211.00  0.758467E+07
     9311.00  0.802978E+07
     9411.00  0.832234E+07
     9511.00  0.847040E+07
     9611.00  0.848604E+07
     9711.00  0.838392E+07
     9811.00  0.818018E+07
     9911.00  0.789149E+07
    10011.00  0.753433E+07
    10111.00  0.712449E+07
    10211.00  0.667667E+07
    10311.00  0.620417E+07
    10411.00  0.571883E+07
    10511.00  0.523087E+07
    10611.00  0.474896E+07
    10711.00  0.428022E+07
    10811.00  0.383033E+07
    10911.00  0.340366E+07
    11011.00  0.300338E+07
    11111.00  0.263160E+07
    11211.00  0.228953E+07
    11311.00  0.197757E+07
    11411.00  0.169551E+07
    11511.00  0.144258E+07
    11611.00  0.121763E+07
    11711.00  0.101918E+07
    11811.00  0.845538E+06
    11911.00  0.694852E+06
    12011.00  0.565195E+06
    12111.00  0.454617E+06
    12211.00  0.361182E+06
    12311.00  0.283010E+06
    12411.00  0.218307E+06
    12511.00  0.165377E+06
    12611.00  0.122644E+06
    12711.00  0.886601E+05
    12811.00  0.621053E+05
    12911.00  0.417927E+05
    13011.00  0.266641E+05
    13111.00  0.157854E+05
    13211.00  0.834054E+04
    13311.00  0.362342E+04
    13411.00  0.102948E+04
    13511.00  0.467555E+02
    13611.00  0.246788E+03
    13711.00  0.127568E+04
    13811.00  0.284541E+04
    13911.00  0.472559E+04
    14011.00  0.673569E+04
    14111.00  0.873791E+04
    14211.00  0.106306E+05
    14311.00  0.123421E+05
    14411.00  0.138259E+05
    14511.00  0.150552E+05
    14611.00  0.160193E+05
    14711.00  0.167198E+05
    14811.00  0.171672E+05
    14911.00  0.173789E+05
    15011.00  0.173764E+05
    15111.00  0.171840E+05
    15211.00  0.168271E+05
    15311.00  0.163312E+05
    15411.00  0.157211E+05
    15511.00  0.150204E+05
    15611.00  0.142507E+05
    15711.00  0.134319E+05
    15811.00  0.125817E+05
    15911.00  0.117158E+05
    16011.00  0.108475E+05
    16111.00  0.998857E+04
    16211.00  0.914854E+04
    16311.00  0.833535E+04
    16411.00  0.755532E+04
    16511.00  0.681337E+04
    16611.00  0.611305E+04
    16711.00  0.545684E+04
    16811.00  0.484617E+04
    16911.00  0.428162E+04
    17011.00  0.376300E+04
    17111.00  0.328953E+04
    17211.00  0.285987E+04
    17311.00  0.247228E+04
    17411.00  0.212472E+04
    17511.00  0.181489E+04
    17611.00  0.154033E+04
    17711.00  0.129848E+04
    17811.00  0.108677E+04
    17911.00  0.902605E+03
    18011.00  0.743458E+03
    18111.00  0.606882E+03
    18211.00  0.490531E+03
    18311.00  0.392186E+03
    18411.00  0.309764E+03
    18511.00  0.241323E+03
    18611.00  0.185071E+03
    18711.00  0.139365E+03
    18811.00  0.102707E+03
    18911.00  0.737454E+02
    19011.00  0.512683E+02
    19111.00  0.341973E+02
    19311.00  0.125906E+02
    19511.00  0.271289E+01
    19711.00  0.988737E-02
    19911.00  0.130124E+01
    20111.00  0.449000E+01
    20311.00  0.828472E+01
    20511.00  0.119534E+02
    20711.00  0.151232E+02
    20911.00  0.176312E+02
    21111.00  0.194258E+02
    21311.00  0.205085E+02
    21511.00  0.209078E+02
    21711.00  0.206707E+02
    21911.00  0.198643E+02
    22111.00  0.185771E+02
    22311.00  0.169164E+02
    22511.00  0.150017E+02
    22711.00  0.129543E+02
    22911.00  0.108861E+02
    23111.00  0.889212E+01
    23311.00  0.704552E+01
    23511.00  0.539706E+01
    23711.00  0.397727E+01
    23911.00  0.279938E+01
    24111.00  0.186241E+01
    24311.00  0.115342E+01
    24511.00  0.649389E+00
    24711.00  0.319196E+00
    24911.00  0.126322E+00
    25111.00  0.324792E-01
    25311.00  0.167936E-02
    25511.00  0.390051E-02
    25711.00  0.174448E-01
    25911.00  0.294410E-01
    26111.00  0.345846E-01
    26311.00  0.327628E-01
    26511.00  0.264401E-01
    26711.00  0.185614E-01
    26911.00  0.113414E-01



          8         8         2       781D   C   D    0.822591500D+05
     200    234
 E STATE HAS LABEL D   
 VIBRATIONAL LEVELS FOR STATE E IN 1/CM FOR J=  7
      -3907.74165     -1766.08748
 PROPORTION OF STATE C   
  0.314248E-05 0.687009E-05
 PROPORTION OF STATE D   
  0.999997E+00 0.999993E+00
 TABLE FOR EMISSION PROBABILITIES   E(J=  7,IE) ==>F(J=  7,IF)
         IE==>      0            1
        1.00  0.879993E-12 0.288720E-10
        2.00  0.150794E-09 0.494666E-08
        3.00  0.298957E-08 0.980538E-07
        4.00  0.245213E-07 0.804128E-06
        5.00  0.124054E-06 0.406740E-05
        6.00  0.462438E-06 0.151593E-04
        7.00  0.139655E-05 0.457721E-04
        8.00  0.361579E-05 0.118484E-03
        9.00  0.832397E-05 0.272710E-03
       10.00  0.174683E-04 0.572181E-03
       11.00  0.340154E-04 0.111395E-02
       12.00  0.622727E-04 0.203888E-02
       13.00  0.108254E-03 0.354357E-02
       14.00  0.180086E-03 0.589354E-02
       15.00  0.288453E-03 0.943779E-02
       16.00  0.447081E-03 0.146243E-01
       17.00  0.673239E-03 0.220167E-01
       18.00  0.988281E-03 0.323111E-01
       19.00  0.141819E-02 0.463547E-01
       20.00  0.199415E-02 0.651631E-01
       21.00  0.275311E-02 0.899394E-01
       22.00  0.373837E-02 0.122092E+00
       23.00  0.500014E-02 0.163254E+00
       24.00  0.659614E-02 0.215301E+00
       25.00  0.859220E-02 0.280370E+00
       26.00  0.110628E-01 0.360879E+00
       27.00  0.140917E-01 0.459544E+00
       28.00  0.177725E-01 0.579395E+00
       29.00  0.222090E-01 0.723800E+00
       30.00  0.275163E-01 0.896471E+00
       31.00  0.338203E-01 0.110149E+01
       32.00  0.412593E-01 0.134332E+01
       33.00  0.499835E-01 0.162680E+01
       34.00  0.601559E-01 0.195719E+01
       35.00  0.719525E-01 0.234017E+01
       36.00  0.855625E-01 0.278181E+01
       37.00  0.101189E+00 0.328865E+01
       38.00  0.119049E+00 0.386766E+01
       39.00  0.139374E+00 0.452625E+01
       40.00  0.162409E+00 0.527229E+01
       42.00  0.217668E+00 0.706058E+01
       44.00  0.287090E+00 0.930490E+01
       46.00  0.373185E+00 0.120852E+02
       48.00  0.478700E+00 0.154888E+02
       50.00  0.606621E+00 0.196103E+02
       52.00  0.760161E+00 0.245514E+02
       54.00  0.942745E+00 0.304200E+02
       56.00  0.115800E+01 0.373298E+02
       58.00  0.140974E+01 0.454001E+02
       60.00  0.170193E+01 0.547546E+02
       62.00  0.203869E+01 0.655207E+02
       64.00  0.242421E+01 0.778281E+02
       66.00  0.286276E+01 0.918076E+02
       68.00  0.335859E+01 0.107589E+03
       70.00  0.391591E+01 0.125299E+03
       72.00  0.453878E+01 0.145061E+03
       74.00  0.523111E+01 0.166989E+03
       76.00  0.599654E+01 0.191191E+03
       78.00  0.683839E+01 0.217762E+03
       80.00  0.775958E+01 0.246784E+03
       82.00  0.876260E+01 0.278324E+03
       84.00  0.984934E+01 0.312429E+03
       86.00  0.110211E+02 0.349128E+03
       88.00  0.122784E+02 0.388425E+03
       90.00  0.136211E+02 0.430298E+03
       92.00  0.150480E+02 0.474700E+03
       94.00  0.165573E+02 0.521554E+03
       96.00  0.181461E+02 0.570757E+03
       98.00  0.198106E+02 0.622175E+03
      100.00  0.215463E+02 0.675650E+03
      102.00  0.233476E+02 0.730996E+03
      104.00  0.252084E+02 0.788005E+03
      106.00  0.271216E+02 0.846445E+03
      108.00  0.290796E+02 0.906065E+03
      110.00  0.310742E+02 0.966599E+03
      112.00  0.330966E+02 0.102777E+04
      114.00  0.351380E+02 0.108928E+04
      116.00  0.371891E+02 0.115084E+04
      118.00  0.392405E+02 0.121217E+04
      122.00  0.433082E+02 0.133295E+04
      126.00  0.472714E+02 0.144947E+04
      130.00  0.510673E+02 0.155981E+04
      134.00  0.546435E+02 0.166239E+04
      138.00  0.579581E+02 0.175599E+04
      142.00  0.609812E+02 0.183978E+04
      146.00  0.636941E+02 0.191329E+04
      150.00  0.660889E+02 0.197636E+04
      154.00  0.681668E+02 0.202914E+04
      158.00  0.699366E+02 0.207201E+04
      162.00  0.714126E+02 0.210549E+04
      166.00  0.726126E+02 0.213023E+04
      170.00  0.735568E+02 0.214692E+04
      174.00  0.742667E+02 0.215630E+04
      178.00  0.747640E+02 0.215908E+04
      182.00  0.750702E+02 0.215599E+04
      186.00  0.752060E+02 0.214770E+04
      190.00  0.751912E+02 0.213486E+04
      194.00  0.750437E+02 0.211805E+04
      198.00  0.747800E+02 0.209779E+04
      202.00  0.744149E+02 0.207457E+04
      206.00  0.739616E+02 0.204881E+04
      210.00  0.734321E+02 0.202088E+04
      214.00  0.728369E+02 0.199112E+04
      218.00  0.721856E+02 0.195984E+04
      222.00  0.714865E+02 0.192729E+04
      226.00  0.707471E+02 0.189371E+04
      230.00  0.699737E+02 0.185930E+04
      234.00  0.691720E+02 0.182424E+04
      238.00  0.683468E+02 0.178867E+04
      242.00  0.675023E+02 0.175272E+04
      246.00  0.666421E+02 0.171652E+04
      250.00  0.657696E+02 0.168016E+04
      254.00  0.648876E+02 0.164374E+04
      258.00  0.639986E+02 0.160732E+04
      262.00  0.631049E+02 0.157099E+04
      266.00  0.622085E+02 0.153479E+04
      270.00  0.613108E+02 0.149878E+04
      274.00  0.604135E+02 0.146301E+04
      282.00  0.586245E+02 0.139230E+04
      290.00  0.568492E+02 0.132293E+04
      298.00  0.550942E+02 0.125507E+04
      306.00  0.533643E+02 0.118889E+04
      314.00  0.516633E+02 0.112448E+04
      322.00  0.499939E+02 0.106194E+04
      330.00  0.483577E+02 0.100130E+04
      338.00  0.467560E+02 0.942607E+03
      346.00  0.451898E+02 0.885883E+03
      354.00  0.436598E+02 0.831142E+03
      362.00  0.421663E+02 0.778389E+03
      370.00  0.407091E+02 0.727615E+03
      378.00  0.392881E+02 0.678809E+03
      386.00  0.379030E+02 0.631955E+03
      394.00  0.365533E+02 0.587037E+03
      402.00  0.352387E+02 0.544034E+03
      410.00  0.339589E+02 0.502924E+03
      418.00  0.327131E+02 0.463682E+03
      426.00  0.315008E+02 0.426280E+03
      434.00  0.303214E+02 0.390691E+03
      442.00  0.291743E+02 0.356888E+03
      450.00  0.280591E+02 0.324842E+03
      458.00  0.269752E+02 0.294525E+03
      466.00  0.259220E+02 0.265905E+03
      474.00  0.248989E+02 0.238953E+03
      482.00  0.239055E+02 0.213636E+03
      490.00  0.229410E+02 0.189923E+03
      498.00  0.220049E+02 0.167783E+03
      506.00  0.210968E+02 0.147182E+03
      514.00  0.202161E+02 0.128088E+03
      522.00  0.193623E+02 0.110469E+03
      530.00  0.185347E+02 0.942910E+02
      538.00  0.177328E+02 0.795208E+02
      546.00  0.169562E+02 0.661250E+02
      554.00  0.162041E+02 0.540704E+02
      562.00  0.154762E+02 0.433238E+02
      570.00  0.147719E+02 0.338518E+02
      578.00  0.140907E+02 0.256213E+02
      586.00  0.134320E+02 0.185990E+02
      596.00  0.126397E+02 0.114700E+02
      606.00  0.118808E+02 0.611311E+01
      616.00  0.111545E+02 0.246463E+01
      626.00  0.104598E+02 0.461205E+00
      636.00  0.979588E+01 0.399461E-01
      646.00  0.916180E+01 0.113850E+01
      656.00  0.855670E+01 0.369508E+01
      666.00  0.797972E+01 0.764854E+01
      676.00  0.743003E+01 0.129384E+02
      686.00  0.690682E+01 0.195048E+02
      696.00  0.640930E+01 0.272888E+02
      706.00  0.593669E+01 0.362323E+02
      716.00  0.548821E+01 0.462780E+02
      726.00  0.506311E+01 0.573696E+02
      736.00  0.466064E+01 0.694514E+02
      746.00  0.428007E+01 0.824691E+02
      756.00  0.392070E+01 0.963692E+02
      766.00  0.358182E+01 0.111099E+03
      776.00  0.326275E+01 0.126608E+03
      786.00  0.296282E+01 0.142846E+03
      796.00  0.268136E+01 0.159762E+03
      806.00  0.241775E+01 0.177309E+03
      816.00  0.217133E+01 0.195439E+03
      826.00  0.194151E+01 0.214107E+03
      836.00  0.172768E+01 0.233267E+03
      846.00  0.152926E+01 0.252877E+03
      856.00  0.134567E+01 0.272892E+03
      866.00  0.117635E+01 0.293271E+03
      876.00  0.102076E+01 0.313975E+03
      886.00  0.878362E+00 0.334962E+03
      896.00  0.748635E+00 0.356196E+03
      906.00  0.631074E+00 0.377638E+03
      916.00  0.525182E+00 0.399254E+03
      926.00  0.430479E+00 0.421009E+03
      936.00  0.346491E+00 0.442869E+03
      946.00  0.272760E+00 0.464801E+03
      956.00  0.208839E+00 0.486774E+03
      966.00  0.154292E+00 0.508758E+03
      976.00  0.108696E+00 0.530723E+03
      986.00  0.716362E-01 0.552642E+03
      996.00  0.427123E-01 0.574489E+03
     1006.00  0.215332E-01 0.596236E+03
     1016.00  0.771901E-02 0.617860E+03
     1026.00  0.900524E-03 0.639336E+03
     1036.00  0.719012E-03 0.660641E+03
     1046.00  0.682609E-02 0.681754E+03
     1056.00  0.188835E-01 0.702652E+03
     1066.00  0.365630E-01 0.723317E+03
     1076.00  0.595460E-01 0.743730E+03
     1086.00  0.875238E-01 0.763872E+03
     1096.00  0.120197E+00 0.783727E+03
     1106.00  0.157275E+00 0.803277E+03
     1116.00  0.198477E+00 0.822508E+03
     1126.00  0.243531E+00 0.841404E+03
     1136.00  0.292173E+00 0.859953E+03
     1146.00  0.344149E+00 0.878140E+03
     1156.00  0.399211E+00 0.895955E+03
     1166.00  0.457123E+00 0.913386E+03
     1176.00  0.517654E+00 0.930424E+03
     1186.00  0.580582E+00 0.947058E+03
     1196.00  0.645692E+00 0.963280E+03
     1206.00  0.712779E+00 0.979081E+03
     1216.00  0.781643E+00 0.994454E+03
     1226.00  0.852091E+00 0.100939E+04
     1236.00  0.923941E+00 0.102389E+04
     1246.00  0.997014E+00 0.103794E+04
     1256.00  0.107114E+01 0.105155E+04
     1266.00  0.114615E+01 0.106469E+04
     1276.00  0.122190E+01 0.107739E+04
     1286.00  0.129823E+01 0.108961E+04
     1296.00  0.137499E+01 0.110138E+04
     1306.00  0.145205E+01 0.111268E+04
     1316.00  0.152927E+01 0.112352E+04
     1326.00  0.160652E+01 0.113388E+04
     1336.00  0.168370E+01 0.114378E+04
     1346.00  0.176067E+01 0.115321E+04
     1356.00  0.183733E+01 0.116217E+04
     1366.00  0.191357E+01 0.117067E+04
     1376.00  0.198930E+01 0.117870E+04
     1386.00  0.206441E+01 0.118627E+04
     1396.00  0.213882E+01 0.119337E+04
     1406.00  0.221244E+01 0.120001E+04
     1416.00  0.228518E+01 0.120620E+04
     1426.00  0.235698E+01 0.121193E+04
     1436.00  0.242775E+01 0.121721E+04
     1446.00  0.249744E+01 0.122205E+04
     1456.00  0.256597E+01 0.122644E+04
     1466.00  0.263330E+01 0.123039E+04
     1476.00  0.269934E+01 0.123392E+04
     1486.00  0.276407E+01 0.123701E+04
     1496.00  0.282742E+01 0.123967E+04
     1506.00  0.288936E+01 0.124192E+04
     1516.00  0.294983E+01 0.124376E+04
     1526.00  0.300881E+01 0.124519E+04
     1536.00  0.306625E+01 0.124622E+04
     1546.00  0.312213E+01 0.124685E+04
     1556.00  0.317641E+01 0.124709E+04
     1566.00  0.322907E+01 0.124696E+04
     1576.00  0.328009E+01 0.124644E+04
     1586.00  0.332943E+01 0.124556E+04
     1596.00  0.337709E+01 0.124432E+04
     1606.00  0.342305E+01 0.124272E+04
     1616.00  0.346729E+01 0.124077E+04
     1626.00  0.350980E+01 0.123848E+04
     1636.00  0.355058E+01 0.123585E+04
     1646.00  0.358962E+01 0.123290E+04
     1656.00  0.362691E+01 0.122963E+04
     1666.00  0.366244E+01 0.122605E+04
     1676.00  0.369623E+01 0.122216E+04
     1686.00  0.372826E+01 0.121798E+04
     1696.00  0.375854E+01 0.121350E+04
     1706.00  0.378707E+01 0.120874E+04
     1716.00  0.381387E+01 0.120370E+04
     1726.00  0.383893E+01 0.119840E+04
     1736.00  0.386227E+01 0.119284E+04
     1746.00  0.388389E+01 0.118702E+04
     1756.00  0.390382E+01 0.118095E+04
     1766.00  0.392205E+01 0.117465E+04
     1776.00  0.393861E+01 0.116812E+04
     1786.00  0.395351E+01 0.116136E+04
     1796.00  0.396677E+01 0.115439E+04
     1806.00  0.397840E+01 0.114721E+04
     1816.00  0.398842E+01 0.113983E+04
     1826.00  0.399686E+01 0.113225E+04
     1836.00  0.400373E+01 0.112448E+04
     1846.00  0.400905E+01 0.111654E+04
     1856.00  0.401285E+01 0.110842E+04
     1866.00  0.401515E+01 0.110013E+04
     1876.00  0.401597E+01 0.109169E+04
     1886.00  0.401533E+01 0.108310E+04
     1896.00  0.401327E+01 0.107436E+04
     1906.00  0.400980E+01 0.106548E+04
     1916.00  0.400495E+01 0.105647E+04
     1926.00  0.399875E+01 0.104733E+04
     1936.00  0.399122E+01 0.103808E+04
     1946.00  0.398239E+01 0.102871E+04
     1956.00  0.397228E+01 0.101923E+04
     1966.00  0.396094E+01 0.100966E+04
     1976.00  0.394837E+01 0.999990E+03
     1986.00  0.393461E+01 0.990233E+03
     1996.00  0.391970E+01 0.980394E+03
     2006.00  0.390365E+01 0.970478E+03
     2016.00  0.388649E+01 0.960491E+03
     2026.00  0.386825E+01 0.950439E+03
     2036.00  0.384897E+01 0.940326E+03
     2046.00  0.382866E+01 0.930159E+03
     2056.00  0.380736E+01 0.919943E+03
     2066.00  0.378510E+01 0.909683E+03
     2076.00  0.376191E+01 0.899383E+03
     2086.00  0.373781E+01 0.889050E+03
     2096.00  0.371284E+01 0.878688E+03
     2106.00  0.368702E+01 0.868301E+03
     2116.00  0.366038E+01 0.857894E+03
     2126.00  0.363294E+01 0.847473E+03
     2136.00  0.360475E+01 0.837040E+03
     2146.00  0.357582E+01 0.826601E+03
     2156.00  0.354618E+01 0.816159E+03
     2166.00  0.351587E+01 0.805720E+03
     2176.00  0.348490E+01 0.795286E+03
     2186.00  0.345331E+01 0.784863E+03
     2196.00  0.342112E+01 0.774453E+03
     2206.00  0.338837E+01 0.764061E+03
     2216.00  0.335507E+01 0.753691E+03
     2226.00  0.332126E+01 0.743345E+03
     2236.00  0.328695E+01 0.733027E+03
     2246.00  0.325218E+01 0.722741E+03
     2256.00  0.321698E+01 0.712489E+03
     2266.00  0.318135E+01 0.702275E+03
     2276.00  0.314534E+01 0.692102E+03
     2286.00  0.310897E+01 0.681972E+03
     2296.00  0.307225E+01 0.671888E+03
     2306.00  0.303522E+01 0.661855E+03
     2316.00  0.299789E+01 0.651872E+03
     2326.00  0.296030E+01 0.641945E+03
     2336.00  0.292246E+01 0.632074E+03
     2346.00  0.288439E+01 0.622262E+03
     2356.00  0.284612E+01 0.612512E+03
     2366.00  0.280766E+01 0.602825E+03
     2376.00  0.276905E+01 0.593204E+03
     2386.00  0.273030E+01 0.583650E+03
     2396.00  0.269143E+01 0.574166E+03
     2406.00  0.265245E+01 0.564753E+03
     2416.00  0.261340E+01 0.555413E+03
     2426.00  0.257429E+01 0.546148E+03
     2436.00  0.253513E+01 0.536959E+03
     2446.00  0.249596E+01 0.527848E+03
     2456.00  0.245678E+01 0.518816E+03
     2466.00  0.241761E+01 0.509865E+03
     2476.00  0.237847E+01 0.500996E+03
     2486.00  0.233937E+01 0.492209E+03
     2496.00  0.230034E+01 0.483507E+03
     2506.00  0.226139E+01 0.474891E+03
     2516.00  0.222253E+01 0.466360E+03
     2526.00  0.218378E+01 0.457917E+03
     2536.00  0.214516E+01 0.449562E+03
     2546.00  0.210668E+01 0.441295E+03
     2556.00  0.206834E+01 0.433119E+03
     2566.00  0.203018E+01 0.425033E+03
     2576.00  0.199220E+01 0.417038E+03
     2586.00  0.195441E+01 0.409134E+03
     2596.00  0.191682E+01 0.401323E+03
     2606.00  0.187945E+01 0.393604E+03
     2616.00  0.184232E+01 0.385978E+03
     2626.00  0.180542E+01 0.378445E+03
     2636.00  0.176877E+01 0.371006E+03
     2646.00  0.173239E+01 0.363660E+03
     2656.00  0.169627E+01 0.356408E+03
     2666.00  0.166044E+01 0.349251E+03
     2676.00  0.162491E+01 0.342188E+03
     2686.00  0.158967E+01 0.335219E+03
     2696.00  0.155474E+01 0.328344E+03
     2706.00  0.152013E+01 0.321564E+03
     2716.00  0.148585E+01 0.314878E+03
     2726.00  0.145190E+01 0.308286E+03
     2736.00  0.141829E+01 0.301787E+03
     2746.00  0.138503E+01 0.295383E+03
     2756.00  0.135212E+01 0.289072E+03
     2766.00  0.131958E+01 0.282853E+03
     2776.00  0.128740E+01 0.276728E+03
     2786.00  0.125560E+01 0.270695E+03
     2796.00  0.122417E+01 0.264755E+03
     2806.00  0.119313E+01 0.258906E+03
     2816.00  0.116247E+01 0.253149E+03
     2826.00  0.113221E+01 0.247482E+03
     2836.00  0.110235E+01 0.241906E+03
     2846.00  0.107289E+01 0.236420E+03
     2856.00  0.104383E+01 0.231023E+03
     2866.00  0.101519E+01 0.225715E+03
     2876.00  0.986949E+00 0.220496E+03
     2886.00  0.959128E+00 0.215364E+03
     2896.00  0.931725E+00 0.210318E+03
     2906.00  0.904741E+00 0.205360E+03
     2916.00  0.878179E+00 0.200487E+03
     2926.00  0.852041E+00 0.195699E+03
     2936.00  0.826329E+00 0.190995E+03
     2946.00  0.801044E+00 0.186375E+03
     2956.00  0.776187E+00 0.181838E+03
     2966.00  0.751760E+00 0.177383E+03
     2976.00  0.727763E+00 0.173009E+03
     2986.00  0.704196E+00 0.168716E+03
     2996.00  0.681061E+00 0.164503E+03
     3006.00  0.658357E+00 0.160369E+03
     3016.00  0.636084E+00 0.156313E+03
     3026.00  0.614242E+00 0.152335E+03
     3036.00  0.592830E+00 0.148433E+03
     3046.00  0.571848E+00 0.144607E+03
     3056.00  0.551296E+00 0.140856E+03
     3066.00  0.531171E+00 0.137179E+03
     3076.00  0.511474E+00 0.133575E+03
     3086.00  0.492202E+00 0.130043E+03
     3096.00  0.473355E+00 0.126583E+03
     3106.00  0.454930E+00 0.123193E+03
     3116.00  0.436926E+00 0.119873E+03
     3126.00  0.419341E+00 0.116622E+03
     3136.00  0.402173E+00 0.113439E+03
     3146.00  0.385420E+00 0.110323E+03
     3156.00  0.369080E+00 0.107273E+03
     3166.00  0.353149E+00 0.104288E+03
     3176.00  0.337625E+00 0.101367E+03
     3186.00  0.322507E+00 0.985100E+02
     3196.00  0.307790E+00 0.957154E+02
     3206.00  0.293472E+00 0.929824E+02
     3216.00  0.279551E+00 0.903101E+02
     3226.00  0.266022E+00 0.876977E+02
     3236.00  0.252883E+00 0.851442E+02
     3246.00  0.240130E+00 0.826488E+02
     3256.00  0.227760E+00 0.802105E+02
     3266.00  0.215770E+00 0.778285E+02
     3276.00  0.204155E+00 0.755018E+02
     3286.00  0.192913E+00 0.732297E+02
     3296.00  0.182039E+00 0.710112E+02
     3306.00  0.171530E+00 0.688454E+02
     3316.00  0.161382E+00 0.667316E+02
     3326.00  0.151590E+00 0.646687E+02
     3336.00  0.142152E+00 0.626560E+02
     3346.00  0.133062E+00 0.606925E+02
     3356.00  0.124317E+00 0.587776E+02
     3366.00  0.115912E+00 0.569102E+02
     3376.00  0.107844E+00 0.550896E+02
     3386.00  0.100108E+00 0.533150E+02
     3396.00  0.926990E-01 0.515854E+02
     3406.00  0.856138E-01 0.499002E+02
     3416.00  0.788476E-01 0.482584E+02
     3426.00  0.723960E-01 0.466593E+02
     3436.00  0.662544E-01 0.451021E+02
     3446.00  0.604185E-01 0.435860E+02
     3456.00  0.548837E-01 0.421101E+02
     3466.00  0.496455E-01 0.406738E+02
     3476.00  0.446993E-01 0.392762E+02
     3486.00  0.400405E-01 0.379166E+02
     3496.00  0.356646E-01 0.365943E+02
     3506.00  0.315670E-01 0.353084E+02
     3516.00  0.277431E-01 0.340583E+02
     3526.00  0.241882E-01 0.328431E+02
     3536.00  0.208976E-01 0.316623E+02
     3546.00  0.178669E-01 0.305151E+02
     3556.00  0.150912E-01 0.294008E+02
     3566.00  0.125661E-01 0.283186E+02
     3576.00  0.102868E-01 0.272680E+02
     3586.00  0.824879E-02 0.262481E+02
     3596.00  0.644734E-02 0.252584E+02
     3606.00  0.487788E-02 0.242982E+02
     3616.00  0.353578E-02 0.233668E+02
     3626.00  0.241647E-02 0.224637E+02
     3636.00  0.151534E-02 0.215880E+02
     3646.00  0.827832E-03 0.207393E+02
     3656.00  0.349386E-03 0.199169E+02
     3666.00  0.754628E-04 0.191202E+02
     3676.00  0.154389E-05 0.183487E+02
     3686.00  0.123130E-03 0.176016E+02
     3696.00  0.435742E-03 0.168785E+02
     3706.00  0.934927E-03 0.161787E+02
     3716.00  0.161625E-02 0.155018E+02
     3726.00  0.247532E-02 0.148470E+02
     3736.00  0.350774E-02 0.142140E+02
     3746.00  0.470918E-02 0.136021E+02
     3756.00  0.607530E-02 0.130109E+02
     3766.00  0.760183E-02 0.124398E+02
     3776.00  0.928449E-02 0.118883E+02
     3786.00  0.111191E-01 0.113559E+02
     3796.00  0.131014E-01 0.108421E+02
     3806.00  0.152272E-01 0.103464E+02
     3816.00  0.174925E-01 0.986837E+01
     3826.00  0.198932E-01 0.940752E+01
     3836.00  0.224251E-01 0.896339E+01
     3846.00  0.250844E-01 0.853553E+01
     3856.00  0.278670E-01 0.812350E+01
     3866.00  0.307689E-01 0.772686E+01
     3876.00  0.337864E-01 0.734518E+01
     3886.00  0.369154E-01 0.697806E+01
     3896.00  0.401523E-01 0.662508E+01
     3906.00  0.434933E-01 0.628583E+01
     3916.00  0.469345E-01 0.595993E+01
     3926.00  0.504724E-01 0.564698E+01
     3936.00  0.541033E-01 0.534661E+01
     3946.00  0.578235E-01 0.505845E+01
     3956.00  0.616296E-01 0.478213E+01
     3966.00  0.655180E-01 0.451730E+01
     3976.00  0.694853E-01 0.426362E+01
     3986.00  0.735280E-01 0.402073E+01
     3996.00  0.776428E-01 0.378831E+01
     4006.00  0.818263E-01 0.356604E+01
     4016.00  0.860752E-01 0.335358E+01
     4026.00  0.903864E-01 0.315063E+01
     4036.00  0.947565E-01 0.295689E+01
     4046.00  0.991826E-01 0.277206E+01
     4056.00  0.103661E+00 0.259584E+01
     4066.00  0.108190E+00 0.242795E+01
     4076.00  0.112765E+00 0.226811E+01
     4086.00  0.117384E+00 0.211605E+01
     4096.00  0.122044E+00 0.197151E+01
     4106.00  0.126742E+00 0.183422E+01
     4116.00  0.131475E+00 0.170394E+01
     4126.00  0.136240E+00 0.158041E+01
     4136.00  0.141035E+00 0.146340E+01
     4146.00  0.145857E+00 0.135267E+01
     4156.00  0.150704E+00 0.124800E+01
     4166.00  0.155572E+00 0.114916E+01
     4176.00  0.160459E+00 0.105593E+01
     4186.00  0.165363E+00 0.968098E+00
     4196.00  0.170282E+00 0.885465E+00
     4206.00  0.175212E+00 0.807827E+00
     4216.00  0.180152E+00 0.734990E+00
     4226.00  0.185100E+00 0.666762E+00
     4236.00  0.190052E+00 0.602959E+00
     4246.00  0.195007E+00 0.543401E+00
     4256.00  0.199963E+00 0.487913E+00
     4266.00  0.204917E+00 0.436325E+00
     4276.00  0.209868E+00 0.388473E+00
     4286.00  0.214813E+00 0.344194E+00
     4296.00  0.219751E+00 0.303335E+00
     4306.00  0.224679E+00 0.265742E+00
     4316.00  0.229596E+00 0.231270E+00
     4326.00  0.234499E+00 0.199775E+00
     4336.00  0.239388E+00 0.171120E+00
     4346.00  0.244259E+00 0.145171E+00
     4356.00  0.249112E+00 0.121797E+00
     4366.00  0.253945E+00 0.100872E+00
     4376.00  0.258756E+00 0.822750E-01
     4386.00  0.263544E+00 0.658873E-01
     4396.00  0.268306E+00 0.515948E-01
     4406.00  0.273042E+00 0.392867E-01
     4416.00  0.277750E+00 0.288562E-01
     4426.00  0.282429E+00 0.201996E-01
     4436.00  0.287076E+00 0.132171E-01
     4446.00  0.291692E+00 0.781212E-02
     4456.00  0.296274E+00 0.389135E-02
     4466.00  0.300821E+00 0.136479E-02
     4476.00  0.305333E+00 0.145626E-03
     4486.00  0.309807E+00 0.150111E-03
     4511.00  0.320821E+00 0.499244E-02
     4536.00  0.331579E+00 0.158047E-01
     4561.00  0.342065E+00 0.315142E-01
     4586.00  0.352263E+00 0.511503E-01
     4611.00  0.362160E+00 0.738385E-01
     4636.00  0.371746E+00 0.987942E-01
     4661.00  0.381009E+00 0.125316E+00
     4686.00  0.389940E+00 0.152783E+00
     4711.00  0.398531E+00 0.180645E+00
     4736.00  0.406774E+00 0.208420E+00
     4761.00  0.414664E+00 0.235691E+00
     4786.00  0.422194E+00 0.262095E+00
     4811.00  0.429362E+00 0.287328E+00
     4836.00  0.436164E+00 0.311131E+00
     4861.00  0.442598E+00 0.333293E+00
     4886.00  0.448662E+00 0.353644E+00
     4911.00  0.454356E+00 0.372049E+00
     4936.00  0.459679E+00 0.388412E+00
     4961.00  0.464632E+00 0.402666E+00
     4986.00  0.469217E+00 0.414771E+00
     5011.00  0.473436E+00 0.424713E+00
     5036.00  0.477292E+00 0.432501E+00
     5061.00  0.480787E+00 0.438164E+00
     5086.00  0.483926E+00 0.441747E+00
     5111.00  0.486712E+00 0.443311E+00
     5136.00  0.489151E+00 0.442931E+00
     5161.00  0.491247E+00 0.440693E+00
     5186.00  0.493007E+00 0.436693E+00
     5211.00  0.494435E+00 0.431032E+00
     5236.00  0.495538E+00 0.423821E+00
     5261.00  0.496323E+00 0.415174E+00
     5286.00  0.496797E+00 0.405209E+00
     5311.00  0.496965E+00 0.394046E+00
     5336.00  0.496837E+00 0.381807E+00
     5361.00  0.496419E+00 0.368615E+00
     5386.00  0.495719E+00 0.354591E+00
     5411.00  0.494744E+00 0.339856E+00
     5436.00  0.493503E+00 0.324527E+00
     5461.00  0.492004E+00 0.308722E+00
     5511.00  0.488262E+00 0.276128E+00
     5561.00  0.483584E+00 0.242930E+00
     5611.00  0.478037E+00 0.209914E+00
     5661.00  0.471685E+00 0.177788E+00
     5711.00  0.464594E+00 0.147174E+00
     5761.00  0.456830E+00 0.118609E+00
     5811.00  0.448456E+00 0.925392E-01
     5861.00  0.439533E+00 0.693265E-01
     5911.00  0.430122E+00 0.492473E-01
     5961.00  0.420283E+00 0.324981E-01
     6011.00  0.410070E+00 0.192002E-01
     6061.00  0.399539E+00 0.940533E-02
     6111.00  0.388739E+00 0.310175E-02
     6161.00  0.377722E+00 0.220837E-03
     6211.00  0.366532E+00 0.643685E-03
     6261.00  0.355214E+00 0.420775E-02
     6311.00  0.343808E+00 0.107135E-01
     6361.00  0.332354E+00 0.199306E-01
     6411.00  0.320888E+00 0.316045E-01
     6461.00  0.309443E+00 0.454618E-01
     6511.00  0.298050E+00 0.612160E-01
     6561.00  0.286738E+00 0.785726E-01
     6611.00  0.275533E+00 0.972334E-01
     6661.00  0.264458E+00 0.116901E+00
     6711.00  0.253536E+00 0.137283E+00
     6761.00  0.242785E+00 0.158094E+00
     6811.00  0.232224E+00 0.179061E+00
     6861.00  0.221866E+00 0.199922E+00
     6911.00  0.211727E+00 0.220432E+00
     6961.00  0.201818E+00 0.240362E+00
     7011.00  0.192149E+00 0.259504E+00
     7061.00  0.182729E+00 0.277666E+00
     7111.00  0.173564E+00 0.294678E+00
     7161.00  0.164662E+00 0.310392E+00
     7211.00  0.156026E+00 0.324678E+00
     7261.00  0.147659E+00 0.337428E+00
     7311.00  0.139564E+00 0.348554E+00
     7361.00  0.131742E+00 0.357989E+00
     7411.00  0.124194E+00 0.365685E+00
     7511.00  0.109915E+00 0.375755E+00
     7611.00  0.967141E-01 0.378736E+00
     7711.00  0.845686E-01 0.374846E+00
     7811.00  0.734481E-01 0.364524E+00
     7911.00  0.633157E-01 0.348381E+00
     8011.00  0.541303E-01 0.327175E+00
     8111.00  0.458476E-01 0.301764E+00
     8211.00  0.384217E-01 0.273079E+00
     8311.00  0.318056E-01 0.242089E+00
     8411.00  0.259525E-01 0.209776E+00
     8511.00  0.208161E-01 0.177109E+00
     8611.00  0.163515E-01 0.145022E+00
     8711.00  0.125153E-01 0.114400E+00
     8811.00  0.926647E-02 0.860641E-01
     8911.00  0.656591E-02 0.607614E-01
     9011.00  0.437713E-02 0.391589E-01
     9111.00  0.266615E-02 0.218384E-01
     9211.00  0.140160E-02 0.929477E-02
     9311.00  0.554668E-03 0.193606E-02
     9411.00  0.991454E-04 0.853838E-04
     9511.00  0.113098E-04 0.398411E-02
     9611.00  0.269860E-03 0.137962E-01
     9711.00  0.855813E-03 0.296134E-01
     9811.00  0.175239E-02 0.514609E-01
     9911.00  0.294489E-02 0.793039E-01
    10011.00  0.442058E-02 0.113053E+00
    10111.00  0.616852E-02 0.152572E+00
    10211.00  0.817948E-02 0.197683E+00
    10311.00  0.104458E-01 0.248173E+00
    10411.00  0.129612E-01 0.303799E+00
    10511.00  0.157208E-01 0.364296E+00
    10611.00  0.187209E-01 0.429378E+00
    10711.00  0.219587E-01 0.498747E+00
    10811.00  0.254325E-01 0.572094E+00
    10911.00  0.291414E-01 0.649104E+00
    11011.00  0.330853E-01 0.729459E+00
    11111.00  0.372648E-01 0.812844E+00
    11211.00  0.416808E-01 0.898944E+00
    11311.00  0.463349E-01 0.987451E+00
    11411.00  0.512290E-01 0.107806E+01
    11511.00  0.563653E-01 0.117049E+01
    11611.00  0.617463E-01 0.126444E+01
    11711.00  0.673744E-01 0.135965E+01
    11811.00  0.732523E-01 0.145585E+01
    11911.00  0.793829E-01 0.155280E+01
    12011.00  0.857686E-01 0.165026E+01
    12111.00  0.924120E-01 0.174800E+01
    12211.00  0.993156E-01 0.184581E+01
    12311.00  0.106481E+00 0.194349E+01
    12411.00  0.113911E+00 0.204086E+01
    12511.00  0.121606E+00 0.213772E+01
    12611.00  0.129569E+00 0.223393E+01
    12711.00  0.137799E+00 0.232932E+01
    12811.00  0.146297E+00 0.242375E+01
    12911.00  0.155063E+00 0.251709E+01
    13011.00  0.164097E+00 0.260920E+01
    13111.00  0.173397E+00 0.269998E+01
    13211.00  0.182961E+00 0.278931E+01
    13311.00  0.192787E+00 0.287709E+01
    13411.00  0.202873E+00 0.296323E+01
    13511.00  0.213214E+00 0.304765E+01
    13611.00  0.223806E+00 0.313026E+01
    13711.00  0.234644E+00 0.321099E+01
    13811.00  0.245722E+00 0.328977E+01
    13911.00  0.257034E+00 0.336654E+01
    14011.00  0.268572E+00 0.344123E+01
    14111.00  0.280329E+00 0.351380E+01
    14211.00  0.292296E+00 0.358420E+01
    14311.00  0.304463E+00 0.365237E+01
    14411.00  0.316820E+00 0.371827E+01
    14511.00  0.329355E+00 0.378187E+01
    14611.00  0.342057E+00 0.384313E+01
    14711.00  0.354914E+00 0.390201E+01
    14811.00  0.367911E+00 0.395849E+01
    14911.00  0.381035E+00 0.401253E+01
    15011.00  0.394271E+00 0.406412E+01
    15111.00  0.407603E+00 0.411322E+01
    15211.00  0.421016E+00 0.415981E+01
    15311.00  0.434492E+00 0.420389E+01
    15411.00  0.448014E+00 0.424543E+01
    15511.00  0.461563E+00 0.428441E+01
    15611.00  0.475122E+00 0.432083E+01
    15711.00  0.488670E+00 0.435466E+01
    15811.00  0.502189E+00 0.438592E+01
    15911.00  0.515658E+00 0.441459E+01
    16011.00  0.529055E+00 0.444066E+01
    16111.00  0.542362E+00 0.446414E+01
    16211.00  0.555556E+00 0.448502E+01
    16311.00  0.568615E+00 0.450330E+01
    16411.00  0.581517E+00 0.451899E+01
    16511.00  0.594243E+00 0.453209E+01
    16611.00  0.606768E+00 0.454262E+01
    16711.00  0.619070E+00 0.455058E+01
    16811.00  0.631129E+00 0.455599E+01
    16911.00  0.642921E+00 0.455885E+01
    17011.00  0.654425E+00 0.455919E+01
    17111.00  0.665619E+00 0.455702E+01
    17211.00  0.676482E+00 0.455237E+01
    17311.00  0.686990E+00 0.454524E+01
    17411.00  0.697126E+00 0.453568E+01
    17511.00  0.706868E+00 0.452370E+01
    17611.00  0.716195E+00 0.450933E+01
    17711.00  0.725089E+00 0.449262E+01
    17811.00  0.733531E+00 0.447358E+01
    17911.00  0.741501E+00 0.445224E+01
    18011.00  0.748982E+00 0.442865E+01
    18111.00  0.755960E+00 0.440285E+01
    18211.00  0.762415E+00 0.437488E+01
    18311.00  0.768333E+00 0.434476E+01
    18411.00  0.773702E+00 0.431257E+01
    18511.00  0.778506E+00 0.427832E+01
    18611.00  0.782734E+00 0.424208E+01
    18711.00  0.786374E+00 0.420389E+01
    18811.00  0.789417E+00 0.416380E+01
    18911.00  0.791852E+00 0.412186E+01
    19011.00  0.793672E+00 0.407812E+01
    19111.00  0.794872E+00 0.403265E+01
    19311.00  0.795381E+00 0.393671E+01
    19511.00  0.793353E+00 0.383451E+01
    19711.00  0.788775E+00 0.372652E+01
    19911.00  0.781657E+00 0.361323E+01
    20111.00  0.772031E+00 0.349518E+01
    20311.00  0.759944E+00 0.337287E+01
    20511.00  0.745472E+00 0.324685E+01
    20711.00  0.728701E+00 0.311765E+01
    20911.00  0.709741E+00 0.298584E+01
    21111.00  0.688720E+00 0.285194E+01
    21311.00  0.665780E+00 0.271652E+01
    21511.00  0.641081E+00 0.258012E+01
    21711.00  0.614794E+00 0.244328E+01
    21911.00  0.587105E+00 0.230653E+01
    22111.00  0.558208E+00 0.217039E+01
    22311.00  0.528308E+00 0.203538E+01
    22511.00  0.497614E+00 0.190198E+01
    22711.00  0.466340E+00 0.177066E+01
    22911.00  0.434706E+00 0.164189E+01
    23111.00  0.402927E+00 0.151610E+01
    23311.00  0.371222E+00 0.139368E+01
    23511.00  0.339801E+00 0.127503E+01
    23711.00  0.308873E+00 0.116050E+01
    23911.00  0.278637E+00 0.105040E+01
    24111.00  0.249285E+00 0.945045E+00
    24311.00  0.220996E+00 0.844685E+00
    24511.00  0.193937E+00 0.749556E+00
    24711.00  0.168262E+00 0.659853E+00
    24911.00  0.144110E+00 0.575743E+00
    25111.00  0.121604E+00 0.497356E+00
    25311.00  0.100849E+00 0.424790E+00
    25511.00  0.819342E-01 0.358113E+00
    25711.00  0.649289E-01 0.297357E+00
    25911.00  0.498856E-01 0.242524E+00
    26111.00  0.368375E-01 0.193584E+00
    26311.00  0.257999E-01 0.150480E+00
    26511.00  0.167696E-01 0.113125E+00
    26711.00  0.972653E-02 0.814041E-01
    26911.00  0.463312E-02 0.551788E-01



