
          7         7        13       781C   C   D    0.822591500D+05
 E STATE HAS LABEL C   
 VIBRATIONAL LEVELS FOR STATE E IN 1/CM FOR J=  6
     -18038.90288    -15795.10160    -13683.99342    -11703.36099
     -9851.75639     -8129.39045     -6537.72978     -5080.25315
     -3762.39536     -2592.82068     -1585.06067      -759.24898
      -148.78620
 PROPORTION OF STATE C   
  0.999998E+00 0.999994E+00 0.999991E+00 0.999989E+00 0.999987E+00
  0.999987E+00 0.999986E+00 0.999986E+00 0.999986E+00 0.999987E+00
  0.999988E+00 0.999989E+00 0.999991E+00
 PROPORTION OF STATE D   
  0.178511E-05 0.571842E-05 0.876208E-05 0.109989E-04 0.125268E-04
  0.134462E-04 0.138730E-04 0.139131E-04 0.136524E-04 0.131322E-04
  0.122598E-04 0.108147E-04 0.912008E-05
 TABLE FOR EMISSION PROBABILITIES   E(J=  6,IE) ==>F(J=  6,IF)
         IE==>      0            1            2            3
        1.00  0.555401E-14 0.102607E-10 0.973166E-10 0.798245E-07
        2.00  0.494884E-12 0.911838E-09 0.860913E-08 0.709208E-05
        3.00  0.679880E-11 0.124936E-07 0.117424E-06 0.971495E-04
        4.00  0.434524E-10 0.796365E-07 0.745085E-06 0.619099E-03
        5.00  0.182621E-09 0.333802E-06 0.310887E-05 0.259437E-02
        6.00  0.588804E-09 0.107337E-05 0.995130E-05 0.834043E-02
        7.00  0.158111E-08 0.287460E-05 0.265290E-04 0.223313E-01
        8.00  0.371376E-08 0.673393E-05 0.618616E-04 0.522997E-01
        9.00  0.787529E-08 0.142416E-04 0.130231E-03 0.110582E+00
       10.00  0.154066E-07 0.277864E-04 0.252925E-03 0.215702E+00
       11.00  0.282385E-07 0.507928E-04 0.460213E-03 0.394202E+00
       12.00  0.490490E-07 0.879881E-04 0.793552E-03 0.682709E+00
       13.00  0.814410E-07 0.145703E-03 0.130801E-02 0.113025E+01
       14.00  0.130140E-06 0.232202E-03 0.207488E-02 0.180081E+01
       15.00  0.201210E-06 0.358043E-03 0.318453E-02 0.277609E+01
       16.00  0.302292E-06 0.536466E-03 0.474931E-02 0.415848E+01
       17.00  0.442859E-06 0.783807E-03 0.690673E-02 0.607430E+01
       18.00  0.634491E-06 0.111994E-02 0.982267E-02 0.867716E+01
       19.00  0.891171E-06 0.156876E-02 0.136948E-01 0.121516E+02
       20.00  0.122961E-05 0.215867E-02 0.187564E-01 0.167170E+02
       21.00  0.166958E-05 0.292315E-02 0.252797E-01 0.226317E+02
       22.00  0.223431E-05 0.390130E-02 0.335804E-01 0.301974E+02
       23.00  0.295086E-05 0.513852E-02 0.440216E-01 0.397643E+02
       24.00  0.385060E-05 0.668711E-02 0.570180E-01 0.517354E+02
       25.00  0.496960E-05 0.860699E-02 0.730412E-01 0.665725E+02
       26.00  0.634918E-05 0.109665E-01 0.926236E-01 0.848015E+02
       27.00  0.803639E-05 0.138429E-01 0.116364E+00 0.107018E+03
       28.00  0.100846E-04 0.173237E-01 0.144930E+00 0.133895E+03
       29.00  0.125539E-04 0.215068E-01 0.179070E+00 0.166187E+03
       30.00  0.155120E-04 0.265022E-01 0.219609E+00 0.204737E+03
       31.00  0.190349E-04 0.324323E-01 0.267463E+00 0.250486E+03
       32.00  0.232070E-04 0.394330E-01 0.323638E+00 0.304481E+03
       33.00  0.281228E-04 0.476552E-01 0.389242E+00 0.367879E+03
       34.00  0.338869E-04 0.572657E-01 0.465489E+00 0.441959E+03
       35.00  0.406153E-04 0.684483E-01 0.553705E+00 0.528134E+03
       36.00  0.484364E-04 0.814055E-01 0.655340E+00 0.627955E+03
       37.00  0.574915E-04 0.963593E-01 0.771967E+00 0.743125E+03
       38.00  0.679363E-04 0.113553E+00 0.905301E+00 0.875508E+03
       39.00  0.799418E-04 0.133253E+00 0.105719E+01 0.102714E+04
       40.00  0.936950E-04 0.155749E+00 0.122965E+01 0.120025E+04
       42.00  0.127282E-03 0.210418E+00 0.164507E+01 0.162075E+04
       44.00  0.170560E-03 0.280413E+00 0.217085E+01 0.215882E+04
       46.00  0.225726E-03 0.369064E+00 0.282907E+01 0.283991E+04
       48.00  0.295333E-03 0.480208E+00 0.364472E+01 0.369333E+04
       50.00  0.382329E-03 0.618227E+00 0.464576E+01 0.475248E+04
       52.00  0.490067E-03 0.788054E+00 0.586301E+01 0.605498E+04
       54.00  0.622307E-03 0.995156E+00 0.732983E+01 0.764243E+04
       56.00  0.783184E-03 0.124547E+01 0.908144E+01 0.955997E+04
       58.00  0.977137E-03 0.154527E+01 0.111539E+02 0.118552E+05
       60.00  0.120878E-02 0.190095E+01 0.135823E+02 0.145767E+05
       62.00  0.148269E-02 0.231871E+01 0.163988E+02 0.177713E+05
       64.00  0.180316E-02 0.280414E+01 0.196294E+02 0.214810E+05
       66.00  0.217383E-02 0.336169E+01 0.232910E+02 0.257391E+05
       68.00  0.259726E-02 0.399401E+01 0.273869E+02 0.305651E+05
       70.00  0.307447E-02 0.470135E+01 0.319036E+02 0.359601E+05
       72.00  0.360445E-02 0.548085E+01 0.368069E+02 0.419012E+05
       74.00  0.418380E-02 0.632605E+01 0.420394E+02 0.483383E+05
       76.00  0.480642E-02 0.722659E+01 0.475203E+02 0.551915E+05
       78.00  0.546355E-02 0.816832E+01 0.531472E+02 0.623521E+05
       80.00  0.614402E-02 0.913385E+01 0.588006E+02 0.696869E+05
       82.00  0.683486E-02 0.101035E+02 0.643514E+02 0.770456E+05
       84.00  0.752221E-02 0.110567E+02 0.696706E+02 0.842713E+05
       86.00  0.819230E-02 0.119734E+02 0.746380E+02 0.912121E+05
       88.00  0.883246E-02 0.128359E+02 0.791519E+02 0.977321E+05
       90.00  0.943199E-02 0.136294E+02 0.831350E+02 0.103721E+06
       92.00  0.998273E-02 0.143433E+02 0.865377E+02 0.109097E+06
       94.00  0.104793E-01 0.149711E+02 0.893382E+02 0.113814E+06
       96.00  0.109190E-01 0.155104E+02 0.915401E+02 0.117853E+06
       98.00  0.113015E-01 0.159623E+02 0.931679E+02 0.121225E+06
      100.00  0.116288E-01 0.163308E+02 0.942617E+02 0.123959E+06
      102.00  0.119040E-01 0.166217E+02 0.948720E+02 0.126102E+06
      104.00  0.121313E-01 0.168423E+02 0.950548E+02 0.127709E+06
      106.00  0.123157E-01 0.170004E+02 0.948678E+02 0.128841E+06
      108.00  0.124622E-01 0.171040E+02 0.943671E+02 0.129559E+06
      110.00  0.125758E-01 0.171609E+02 0.936055E+02 0.129922E+06
      112.00  0.126614E-01 0.171784E+02 0.926309E+02 0.129987E+06
      114.00  0.127232E-01 0.171630E+02 0.914859E+02 0.129802E+06
      116.00  0.127652E-01 0.171206E+02 0.902075E+02 0.129414E+06
      118.00  0.127910E-01 0.170563E+02 0.888273E+02 0.128860E+06
      122.00  0.128055E-01 0.168792E+02 0.858634E+02 0.127388E+06
      126.00  0.127862E-01 0.166594E+02 0.827572E+02 0.125597E+06
      130.00  0.127470E-01 0.164166E+02 0.796174E+02 0.123635E+06
      134.00  0.126978E-01 0.161639E+02 0.765142E+02 0.121604E+06
      138.00  0.126453E-01 0.159105E+02 0.734908E+02 0.119569E+06
      142.00  0.125939E-01 0.156618E+02 0.705718E+02 0.117575E+06
      146.00  0.125466E-01 0.154215E+02 0.677697E+02 0.115647E+06
      150.00  0.125051E-01 0.151914E+02 0.650886E+02 0.113799E+06
      154.00  0.124704E-01 0.149725E+02 0.625275E+02 0.112038E+06
      158.00  0.124429E-01 0.147649E+02 0.600829E+02 0.110364E+06
      162.00  0.124228E-01 0.145685E+02 0.577494E+02 0.108778E+06
      166.00  0.124101E-01 0.143829E+02 0.555210E+02 0.107276E+06
      170.00  0.124045E-01 0.142077E+02 0.533916E+02 0.105853E+06
      174.00  0.124059E-01 0.140423E+02 0.513549E+02 0.104505E+06
      178.00  0.124139E-01 0.138859E+02 0.494049E+02 0.103228E+06
      182.00  0.124281E-01 0.137380E+02 0.475356E+02 0.102015E+06
      186.00  0.124482E-01 0.135978E+02 0.457416E+02 0.100862E+06
      190.00  0.124737E-01 0.134647E+02 0.440179E+02 0.997637E+05
      194.00  0.125044E-01 0.133381E+02 0.423599E+02 0.987157E+05
      198.00  0.125399E-01 0.132176E+02 0.407636E+02 0.977139E+05
      202.00  0.125800E-01 0.131026E+02 0.392252E+02 0.967547E+05
      206.00  0.126243E-01 0.129927E+02 0.377414E+02 0.958348E+05
      210.00  0.126726E-01 0.128875E+02 0.363092E+02 0.949511E+05
      214.00  0.127248E-01 0.127866E+02 0.349257E+02 0.941006E+05
      218.00  0.127805E-01 0.126896E+02 0.335884E+02 0.932806E+05
      222.00  0.128395E-01 0.125963E+02 0.322948E+02 0.924886E+05
      226.00  0.129016E-01 0.125063E+02 0.310430E+02 0.917223E+05
      230.00  0.129667E-01 0.124194E+02 0.298310E+02 0.909797E+05
      234.00  0.130346E-01 0.123353E+02 0.286570E+02 0.902590E+05
      238.00  0.131052E-01 0.122538E+02 0.275195E+02 0.895586E+05
      242.00  0.131784E-01 0.121748E+02 0.264172E+02 0.888773E+05
      246.00  0.132541E-01 0.120980E+02 0.253486E+02 0.882136E+05
      250.00  0.133321E-01 0.120234E+02 0.243126E+02 0.875666E+05
      254.00  0.134124E-01 0.119507E+02 0.233081E+02 0.869349E+05
      258.00  0.134948E-01 0.118799E+02 0.223339E+02 0.863175E+05
      262.00  0.135794E-01 0.118108E+02 0.213891E+02 0.857134E+05
      266.00  0.136659E-01 0.117432E+02 0.204729E+02 0.851218E+05
      270.00  0.137544E-01 0.116772E+02 0.195842E+02 0.845418E+05
      274.00  0.138447E-01 0.116125E+02 0.187224E+02 0.839727E+05
      282.00  0.140309E-01 0.114870E+02 0.170767E+02 0.828650E+05
      290.00  0.142240E-01 0.113662E+02 0.155303E+02 0.817944E+05
      298.00  0.144238E-01 0.112496E+02 0.140785E+02 0.807571E+05
      306.00  0.146300E-01 0.111367E+02 0.127170E+02 0.797493E+05
      314.00  0.148421E-01 0.110270E+02 0.114419E+02 0.787678E+05
      322.00  0.150601E-01 0.109202E+02 0.102496E+02 0.778098E+05
      330.00  0.152836E-01 0.108161E+02 0.913697E+01 0.768735E+05
      338.00  0.155127E-01 0.107143E+02 0.810100E+01 0.759570E+05
      346.00  0.157470E-01 0.106148E+02 0.713890E+01 0.750585E+05
      354.00  0.159865E-01 0.105171E+02 0.624806E+01 0.741762E+05
      362.00  0.162309E-01 0.104212E+02 0.542603E+01 0.733087E+05
      370.00  0.164802E-01 0.103269E+02 0.467052E+01 0.724549E+05
      378.00  0.167344E-01 0.102340E+02 0.397937E+01 0.716140E+05
      386.00  0.169933E-01 0.101425E+02 0.335049E+01 0.707852E+05
      394.00  0.172569E-01 0.100524E+02 0.278188E+01 0.699680E+05
      402.00  0.175252E-01 0.996341E+01 0.227164E+01 0.691614E+05
      410.00  0.177980E-01 0.987554E+01 0.181790E+01 0.683650E+05
      418.00  0.180755E-01 0.978873E+01 0.141889E+01 0.675782E+05
      426.00  0.183575E-01 0.970294E+01 0.107289E+01 0.668007E+05
      434.00  0.186441E-01 0.961815E+01 0.778221E+00 0.660325E+05
      442.00  0.189353E-01 0.953432E+01 0.533255E+00 0.652732E+05
      450.00  0.192312E-01 0.945141E+01 0.336410E+00 0.645225E+05
      458.00  0.195316E-01 0.936938E+01 0.186145E+00 0.637800E+05
      466.00  0.198366E-01 0.928819E+01 0.809601E-01 0.630456E+05
      474.00  0.201462E-01 0.920782E+01 0.193934E-01 0.623190E+05
      482.00  0.204604E-01 0.912825E+01 0.193136E-04 0.616000E+05
      490.00  0.207792E-01 0.904948E+01 0.214464E-01 0.608886E+05
      498.00  0.211027E-01 0.897148E+01 0.823167E-01 0.601846E+05
      506.00  0.214308E-01 0.889421E+01 0.181304E+00 0.594878E+05
      514.00  0.217636E-01 0.881766E+01 0.317112E+00 0.587979E+05
      522.00  0.221009E-01 0.874178E+01 0.488474E+00 0.581147E+05
      530.00  0.224428E-01 0.866657E+01 0.694149E+00 0.574382E+05
      538.00  0.227893E-01 0.859202E+01 0.932924E+00 0.567681E+05
      546.00  0.231405E-01 0.851810E+01 0.120361E+01 0.561044E+05
      554.00  0.234962E-01 0.844482E+01 0.150506E+01 0.554471E+05
      562.00  0.238566E-01 0.837216E+01 0.183612E+01 0.547960E+05
      570.00  0.242216E-01 0.830010E+01 0.219569E+01 0.541510E+05
      578.00  0.245913E-01 0.822863E+01 0.258266E+01 0.535119E+05
      586.00  0.249655E-01 0.815773E+01 0.299598E+01 0.528787E+05
      596.00  0.254398E-01 0.806990E+01 0.354808E+01 0.520954E+05
      606.00  0.259214E-01 0.798298E+01 0.413773E+01 0.513213E+05
      616.00  0.264103E-01 0.789695E+01 0.476300E+01 0.505562E+05
      626.00  0.269067E-01 0.781181E+01 0.542200E+01 0.498001E+05
      636.00  0.274105E-01 0.772755E+01 0.611291E+01 0.490529E+05
      646.00  0.279217E-01 0.764415E+01 0.683393E+01 0.483144E+05
      656.00  0.284403E-01 0.756161E+01 0.758335E+01 0.475847E+05
      666.00  0.289666E-01 0.747994E+01 0.835948E+01 0.468638E+05
      676.00  0.295005E-01 0.739914E+01 0.916072E+01 0.461515E+05
      686.00  0.300420E-01 0.731920E+01 0.998549E+01 0.454478E+05
      696.00  0.305913E-01 0.724011E+01 0.108322E+02 0.447528E+05
      706.00  0.311483E-01 0.716187E+01 0.116995E+02 0.440662E+05
      716.00  0.317130E-01 0.708446E+01 0.125857E+02 0.433879E+05
      726.00  0.322855E-01 0.700787E+01 0.134896E+02 0.427178E+05
      736.00  0.328658E-01 0.693210E+01 0.144097E+02 0.420560E+05
      746.00  0.334539E-01 0.685714E+01 0.153448E+02 0.414023E+05
      756.00  0.340499E-01 0.678299E+01 0.162935E+02 0.407566E+05
      766.00  0.346538E-01 0.670964E+01 0.172546E+02 0.401190E+05
      776.00  0.352655E-01 0.663706E+01 0.182268E+02 0.394891E+05
      786.00  0.358850E-01 0.656526E+01 0.192089E+02 0.388671E+05
      796.00  0.365124E-01 0.649422E+01 0.201999E+02 0.382527E+05
      806.00  0.371477E-01 0.642394E+01 0.211986E+02 0.376459E+05
      816.00  0.377909E-01 0.635441E+01 0.222039E+02 0.370467E+05
      826.00  0.384421E-01 0.628565E+01 0.232148E+02 0.364551E+05
      836.00  0.391013E-01 0.621762E+01 0.242303E+02 0.358709E+05
      846.00  0.397684E-01 0.615034E+01 0.252494E+02 0.352941E+05
      856.00  0.404436E-01 0.608379E+01 0.262711E+02 0.347246E+05
      866.00  0.411267E-01 0.601796E+01 0.272947E+02 0.341623E+05
      876.00  0.418178E-01 0.595286E+01 0.283191E+02 0.336073E+05
      886.00  0.425170E-01 0.588848E+01 0.293436E+02 0.330594E+05
      896.00  0.432244E-01 0.582483E+01 0.303673E+02 0.325187E+05
      906.00  0.439399E-01 0.576189E+01 0.313896E+02 0.319851E+05
      916.00  0.446636E-01 0.569966E+01 0.324096E+02 0.314584E+05
      926.00  0.453954E-01 0.563814E+01 0.334266E+02 0.309387E+05
      936.00  0.461354E-01 0.557731E+01 0.344398E+02 0.304258E+05
      946.00  0.468836E-01 0.551718E+01 0.354487E+02 0.299197E+05
      956.00  0.476400E-01 0.545773E+01 0.364525E+02 0.294204E+05
      966.00  0.484046E-01 0.539896E+01 0.374507E+02 0.289278E+05
      976.00  0.491775E-01 0.534088E+01 0.384426E+02 0.284418E+05
      986.00  0.499586E-01 0.528346E+01 0.394277E+02 0.279624E+05
      996.00  0.507480E-01 0.522672E+01 0.404055E+02 0.274894E+05
     1006.00  0.515456E-01 0.517062E+01 0.413752E+02 0.270229E+05
     1016.00  0.523514E-01 0.511518E+01 0.423365E+02 0.265628E+05
     1026.00  0.531654E-01 0.506038E+01 0.432889E+02 0.261089E+05
     1036.00  0.539877E-01 0.500622E+01 0.442318E+02 0.256612E+05
     1046.00  0.548181E-01 0.495269E+01 0.451648E+02 0.252197E+05
     1056.00  0.556568E-01 0.489979E+01 0.460875E+02 0.247844E+05
     1066.00  0.565038E-01 0.484751E+01 0.469996E+02 0.243551E+05
     1076.00  0.573590E-01 0.479586E+01 0.479006E+02 0.239318E+05
     1086.00  0.582224E-01 0.474481E+01 0.487901E+02 0.235144E+05
     1096.00  0.590940E-01 0.469437E+01 0.496677E+02 0.231029E+05
     1106.00  0.599738E-01 0.464453E+01 0.505332E+02 0.226972E+05
     1116.00  0.608619E-01 0.459528E+01 0.513863E+02 0.222972E+05
     1126.00  0.617581E-01 0.454663E+01 0.522266E+02 0.219029E+05
     1136.00  0.626627E-01 0.449856E+01 0.530539E+02 0.215144E+05
     1146.00  0.635755E-01 0.445108E+01 0.538679E+02 0.211314E+05
     1156.00  0.644965E-01 0.440418E+01 0.546685E+02 0.207539E+05
     1166.00  0.654259E-01 0.435785E+01 0.554553E+02 0.203819E+05
     1176.00  0.663634E-01 0.431209E+01 0.562282E+02 0.200154E+05
     1186.00  0.673092E-01 0.426689E+01 0.569869E+02 0.196542E+05
     1196.00  0.682632E-01 0.422225E+01 0.577313E+02 0.192983E+05
     1206.00  0.692255E-01 0.417816E+01 0.584611E+02 0.189477E+05
     1216.00  0.701960E-01 0.413462E+01 0.591763E+02 0.186022E+05
     1226.00  0.711747E-01 0.409162E+01 0.598768E+02 0.182620E+05
     1236.00  0.721617E-01 0.404915E+01 0.605623E+02 0.179268E+05
     1246.00  0.731569E-01 0.400722E+01 0.612327E+02 0.175966E+05
     1256.00  0.741603E-01 0.396582E+01 0.618880E+02 0.172714E+05
     1266.00  0.751718E-01 0.392493E+01 0.625279E+02 0.169511E+05
     1276.00  0.761915E-01 0.388456E+01 0.631525E+02 0.166356E+05
     1286.00  0.772192E-01 0.384470E+01 0.637616E+02 0.163250E+05
     1296.00  0.782550E-01 0.380534E+01 0.643551E+02 0.160190E+05
     1306.00  0.792989E-01 0.376647E+01 0.649330E+02 0.157178E+05
     1316.00  0.803509E-01 0.372810E+01 0.654953E+02 0.154212E+05
     1326.00  0.814109E-01 0.369022E+01 0.660419E+02 0.151291E+05
     1336.00  0.824789E-01 0.365282E+01 0.665727E+02 0.148416E+05
     1346.00  0.835549E-01 0.361590E+01 0.670879E+02 0.145586E+05
     1356.00  0.846389E-01 0.357944E+01 0.675872E+02 0.142800E+05
     1366.00  0.857307E-01 0.354346E+01 0.680708E+02 0.140057E+05
     1376.00  0.868304E-01 0.350793E+01 0.685385E+02 0.137357E+05
     1386.00  0.879380E-01 0.347287E+01 0.689905E+02 0.134700E+05
     1396.00  0.890534E-01 0.343825E+01 0.694268E+02 0.132085E+05
     1406.00  0.901767E-01 0.340408E+01 0.698474E+02 0.129511E+05
     1416.00  0.913079E-01 0.337036E+01 0.702524E+02 0.126979E+05
     1426.00  0.924468E-01 0.333708E+01 0.706418E+02 0.124487E+05
     1436.00  0.935936E-01 0.330423E+01 0.710156E+02 0.122035E+05
     1446.00  0.947480E-01 0.327181E+01 0.713740E+02 0.119623E+05
     1456.00  0.959103E-01 0.323981E+01 0.717169E+02 0.117250E+05
     1466.00  0.970801E-01 0.320824E+01 0.720445E+02 0.114915E+05
     1476.00  0.982577E-01 0.317708E+01 0.723568E+02 0.112619E+05
     1486.00  0.994429E-01 0.314633E+01 0.726539E+02 0.110360E+05
     1496.00  0.100636E+00 0.311599E+01 0.729359E+02 0.108139E+05
     1506.00  0.101836E+00 0.308606E+01 0.732029E+02 0.105954E+05
     1516.00  0.103044E+00 0.305652E+01 0.734551E+02 0.103806E+05
     1526.00  0.104260E+00 0.302738E+01 0.736925E+02 0.101693E+05
     1536.00  0.105483E+00 0.299863E+01 0.739152E+02 0.996157E+04
     1546.00  0.106714E+00 0.297026E+01 0.741233E+02 0.975733E+04
     1556.00  0.107952E+00 0.294227E+01 0.743169E+02 0.955652E+04
     1566.00  0.109197E+00 0.291466E+01 0.744962E+02 0.935910E+04
     1576.00  0.110450E+00 0.288742E+01 0.746612E+02 0.916503E+04
     1586.00  0.111710E+00 0.286055E+01 0.748121E+02 0.897427E+04
     1596.00  0.112978E+00 0.283404E+01 0.749491E+02 0.878676E+04
     1606.00  0.114253E+00 0.280789E+01 0.750722E+02 0.860248E+04
     1616.00  0.115535E+00 0.278209E+01 0.751816E+02 0.842136E+04
     1626.00  0.116824E+00 0.275664E+01 0.752774E+02 0.824338E+04
     1636.00  0.118120E+00 0.273155E+01 0.753598E+02 0.806848E+04
     1646.00  0.119423E+00 0.270679E+01 0.754289E+02 0.789663E+04
     1656.00  0.120734E+00 0.268237E+01 0.754848E+02 0.772778E+04
     1666.00  0.122051E+00 0.265828E+01 0.755277E+02 0.756189E+04
     1676.00  0.123375E+00 0.263453E+01 0.755578E+02 0.739892E+04
     1686.00  0.124707E+00 0.261109E+01 0.755751E+02 0.723882E+04
     1696.00  0.126045E+00 0.258798E+01 0.755799E+02 0.708157E+04
     1706.00  0.127390E+00 0.256519E+01 0.755723E+02 0.692712E+04
     1716.00  0.128741E+00 0.254272E+01 0.755526E+02 0.677542E+04
     1726.00  0.130100E+00 0.252056E+01 0.755207E+02 0.662646E+04
     1736.00  0.131465E+00 0.249870E+01 0.754771E+02 0.648018E+04
     1746.00  0.132837E+00 0.247715E+01 0.754216E+02 0.633654E+04
     1756.00  0.134215E+00 0.245589E+01 0.753547E+02 0.619551E+04
     1766.00  0.135601E+00 0.243494E+01 0.752763E+02 0.605705E+04
     1776.00  0.136992E+00 0.241427E+01 0.751867E+02 0.592112E+04
     1786.00  0.138390E+00 0.239390E+01 0.750861E+02 0.578769E+04
     1796.00  0.139795E+00 0.237381E+01 0.749746E+02 0.565672E+04
     1806.00  0.141206E+00 0.235400E+01 0.748524E+02 0.552818E+04
     1816.00  0.142623E+00 0.233448E+01 0.747197E+02 0.540203E+04
     1826.00  0.144047E+00 0.231522E+01 0.745767E+02 0.527823E+04
     1836.00  0.145477E+00 0.229625E+01 0.744235E+02 0.515675E+04
     1846.00  0.146913E+00 0.227754E+01 0.742603E+02 0.503756E+04
     1856.00  0.148356E+00 0.225909E+01 0.740872E+02 0.492062E+04
     1866.00  0.149805E+00 0.224091E+01 0.739045E+02 0.480590E+04
     1876.00  0.151259E+00 0.222299E+01 0.737124E+02 0.469335E+04
     1886.00  0.152720E+00 0.220532E+01 0.735109E+02 0.458296E+04
     1896.00  0.154187E+00 0.218790E+01 0.733002E+02 0.447468E+04
     1906.00  0.155659E+00 0.217073E+01 0.730806E+02 0.436849E+04
     1916.00  0.157138E+00 0.215381E+01 0.728522E+02 0.426435E+04
     1926.00  0.158622E+00 0.213713E+01 0.726151E+02 0.416224E+04
     1936.00  0.160112E+00 0.212070E+01 0.723697E+02 0.406211E+04
     1946.00  0.161608E+00 0.210449E+01 0.721159E+02 0.396395E+04
     1956.00  0.163109E+00 0.208853E+01 0.718541E+02 0.386771E+04
     1966.00  0.164616E+00 0.207279E+01 0.715843E+02 0.377337E+04
     1976.00  0.166129E+00 0.205728E+01 0.713067E+02 0.368090E+04
     1986.00  0.167646E+00 0.204199E+01 0.710215E+02 0.359027E+04
     1996.00  0.169170E+00 0.202692E+01 0.707289E+02 0.350145E+04
     2006.00  0.170698E+00 0.201208E+01 0.704290E+02 0.341440E+04
     2016.00  0.172232E+00 0.199745E+01 0.701221E+02 0.332911E+04
     2026.00  0.173772E+00 0.198303E+01 0.698082E+02 0.324555E+04
     2036.00  0.175316E+00 0.196882E+01 0.694875E+02 0.316368E+04
     2046.00  0.176865E+00 0.195482E+01 0.691603E+02 0.308349E+04
     2056.00  0.178420E+00 0.194103E+01 0.688267E+02 0.300493E+04
     2066.00  0.179980E+00 0.192743E+01 0.684868E+02 0.292800E+04
     2076.00  0.181544E+00 0.191404E+01 0.681409E+02 0.285265E+04
     2086.00  0.183114E+00 0.190085E+01 0.677890E+02 0.277887E+04
     2096.00  0.184688E+00 0.188785E+01 0.674314E+02 0.270662E+04
     2106.00  0.186267E+00 0.187504E+01 0.670681E+02 0.263589E+04
     2116.00  0.187851E+00 0.186242E+01 0.666995E+02 0.256664E+04
     2126.00  0.189440E+00 0.184999E+01 0.663255E+02 0.249886E+04
     2136.00  0.191033E+00 0.183774E+01 0.659464E+02 0.243252E+04
     2146.00  0.192631E+00 0.182568E+01 0.655624E+02 0.236759E+04
     2156.00  0.194233E+00 0.181379E+01 0.651736E+02 0.230405E+04
     2166.00  0.195840E+00 0.180209E+01 0.647802E+02 0.224188E+04
     2176.00  0.197452E+00 0.179056E+01 0.643823E+02 0.218106E+04
     2186.00  0.199067E+00 0.177920E+01 0.639800E+02 0.212155E+04
     2196.00  0.200687E+00 0.176802E+01 0.635735E+02 0.206335E+04
     2206.00  0.202312E+00 0.175700E+01 0.631630E+02 0.200642E+04
     2216.00  0.203940E+00 0.174615E+01 0.627486E+02 0.195074E+04
     2226.00  0.205573E+00 0.173546E+01 0.623305E+02 0.189630E+04
     2236.00  0.207209E+00 0.172493E+01 0.619087E+02 0.184307E+04
     2246.00  0.208850E+00 0.171457E+01 0.614835E+02 0.179102E+04
     2256.00  0.210494E+00 0.170436E+01 0.610549E+02 0.174015E+04
     2266.00  0.212143E+00 0.169430E+01 0.606231E+02 0.169042E+04
     2276.00  0.213795E+00 0.168440E+01 0.601883E+02 0.164182E+04
     2286.00  0.215451E+00 0.167466E+01 0.597506E+02 0.159433E+04
     2296.00  0.217110E+00 0.166506E+01 0.593101E+02 0.154792E+04
     2306.00  0.218774E+00 0.165560E+01 0.588669E+02 0.150259E+04
     2316.00  0.220441E+00 0.164630E+01 0.584213E+02 0.145830E+04
     2326.00  0.222111E+00 0.163713E+01 0.579732E+02 0.141504E+04
     2336.00  0.223785E+00 0.162811E+01 0.575229E+02 0.137280E+04
     2346.00  0.225462E+00 0.161922E+01 0.570704E+02 0.133154E+04
     2356.00  0.227142E+00 0.161047E+01 0.566159E+02 0.129126E+04
     2366.00  0.228825E+00 0.160186E+01 0.561595E+02 0.125194E+04
     2376.00  0.230512E+00 0.159338E+01 0.557014E+02 0.121356E+04
     2386.00  0.232202E+00 0.158503E+01 0.552416E+02 0.117610E+04
     2396.00  0.233895E+00 0.157681E+01 0.547803E+02 0.113954E+04
     2406.00  0.235590E+00 0.156872E+01 0.543175E+02 0.110387E+04
     2416.00  0.237289E+00 0.156076E+01 0.538535E+02 0.106908E+04
     2426.00  0.238991E+00 0.155292E+01 0.533883E+02 0.103513E+04
     2436.00  0.240695E+00 0.154520E+01 0.529221E+02 0.100203E+04
     2446.00  0.242402E+00 0.153760E+01 0.524548E+02 0.969749E+03
     2456.00  0.244112E+00 0.153013E+01 0.519868E+02 0.938275E+03
     2466.00  0.245824E+00 0.152277E+01 0.515180E+02 0.907591E+03
     2476.00  0.247539E+00 0.151552E+01 0.510485E+02 0.877685E+03
     2486.00  0.249256E+00 0.150839E+01 0.505786E+02 0.848539E+03
     2496.00  0.250976E+00 0.150138E+01 0.501082E+02 0.820140E+03
     2506.00  0.252698E+00 0.149447E+01 0.496375E+02 0.792472E+03
     2516.00  0.254422E+00 0.148768E+01 0.491665E+02 0.765523E+03
     2526.00  0.256149E+00 0.148099E+01 0.486955E+02 0.739277E+03
     2536.00  0.257877E+00 0.147441E+01 0.482244E+02 0.713720E+03
     2546.00  0.259608E+00 0.146793E+01 0.477534E+02 0.688840E+03
     2556.00  0.261341E+00 0.146156E+01 0.472825E+02 0.664622E+03
     2566.00  0.263076E+00 0.145529E+01 0.468119E+02 0.641053E+03
     2576.00  0.264813E+00 0.144912E+01 0.463416E+02 0.618120E+03
     2586.00  0.266551E+00 0.144305E+01 0.458718E+02 0.595810E+03
     2596.00  0.268292E+00 0.143707E+01 0.454025E+02 0.574111E+03
     2606.00  0.270034E+00 0.143120E+01 0.449337E+02 0.553010E+03
     2616.00  0.271778E+00 0.142541E+01 0.444657E+02 0.532495E+03
     2626.00  0.273523E+00 0.141973E+01 0.439984E+02 0.512553E+03
     2636.00  0.275270E+00 0.141413E+01 0.435319E+02 0.493173E+03
     2646.00  0.277018E+00 0.140862E+01 0.430663E+02 0.474344E+03
     2656.00  0.278768E+00 0.140321E+01 0.426018E+02 0.456053E+03
     2666.00  0.280519E+00 0.139788E+01 0.421383E+02 0.438290E+03
     2676.00  0.282271E+00 0.139263E+01 0.416760E+02 0.421043E+03
     2686.00  0.284025E+00 0.138748E+01 0.412149E+02 0.404301E+03
     2696.00  0.285779E+00 0.138240E+01 0.407550E+02 0.388054E+03
     2706.00  0.287535E+00 0.137741E+01 0.402965E+02 0.372290E+03
     2716.00  0.289292E+00 0.137250E+01 0.398394E+02 0.357000E+03
     2726.00  0.291049E+00 0.136767E+01 0.393838E+02 0.342174E+03
     2736.00  0.292807E+00 0.136292E+01 0.389298E+02 0.327800E+03
     2746.00  0.294566E+00 0.135825E+01 0.384773E+02 0.313870E+03
     2756.00  0.296326E+00 0.135365E+01 0.380266E+02 0.300373E+03
     2766.00  0.298087E+00 0.134913E+01 0.375775E+02 0.287301E+03
     2776.00  0.299848E+00 0.134469E+01 0.371303E+02 0.274643E+03
     2786.00  0.301609E+00 0.134031E+01 0.366849E+02 0.262390E+03
     2796.00  0.303371E+00 0.133601E+01 0.362414E+02 0.250534E+03
     2806.00  0.305133E+00 0.133178E+01 0.357999E+02 0.239065E+03
     2816.00  0.306896E+00 0.132761E+01 0.353603E+02 0.227975E+03
     2826.00  0.308659E+00 0.132352E+01 0.349229E+02 0.217254E+03
     2836.00  0.310422E+00 0.131949E+01 0.344876E+02 0.206895E+03
     2846.00  0.312186E+00 0.131553E+01 0.340544E+02 0.196889E+03
     2856.00  0.313949E+00 0.131164E+01 0.336234E+02 0.187228E+03
     2866.00  0.315712E+00 0.130781E+01 0.331947E+02 0.177904E+03
     2876.00  0.317476E+00 0.130404E+01 0.327683E+02 0.168909E+03
     2886.00  0.319239E+00 0.130033E+01 0.323442E+02 0.160235E+03
     2896.00  0.321002E+00 0.129669E+01 0.319226E+02 0.151875E+03
     2906.00  0.322765E+00 0.129310E+01 0.315033E+02 0.143821E+03
     2916.00  0.324527E+00 0.128957E+01 0.310866E+02 0.136065E+03
     2926.00  0.326289E+00 0.128611E+01 0.306723E+02 0.128601E+03
     2936.00  0.328051E+00 0.128269E+01 0.302606E+02 0.121422E+03
     2946.00  0.329812E+00 0.127934E+01 0.298515E+02 0.114520E+03
     2956.00  0.331573E+00 0.127604E+01 0.294450E+02 0.107889E+03
     2966.00  0.333333E+00 0.127279E+01 0.290412E+02 0.101522E+03
     2976.00  0.335093E+00 0.126960E+01 0.286400E+02 0.954127E+02
     2986.00  0.336852E+00 0.126646E+01 0.282416E+02 0.895540E+02
     2996.00  0.338610E+00 0.126337E+01 0.278459E+02 0.839399E+02
     3006.00  0.340367E+00 0.126033E+01 0.274529E+02 0.785641E+02
     3016.00  0.342123E+00 0.125733E+01 0.270628E+02 0.734206E+02
     3026.00  0.343878E+00 0.125439E+01 0.266755E+02 0.685034E+02
     3036.00  0.345632E+00 0.125150E+01 0.262911E+02 0.638066E+02
     3046.00  0.347385E+00 0.124865E+01 0.259095E+02 0.593245E+02
     3056.00  0.349136E+00 0.124584E+01 0.255309E+02 0.550513E+02
     3066.00  0.350887E+00 0.124309E+01 0.251552E+02 0.509816E+02
     3076.00  0.352636E+00 0.124037E+01 0.247824E+02 0.471099E+02
     3086.00  0.354384E+00 0.123770E+01 0.244126E+02 0.434308E+02
     3096.00  0.356130E+00 0.123507E+01 0.240457E+02 0.399392E+02
     3106.00  0.357875E+00 0.123248E+01 0.236819E+02 0.366299E+02
     3116.00  0.359618E+00 0.122993E+01 0.233211E+02 0.334979E+02
     3126.00  0.361360E+00 0.122743E+01 0.229634E+02 0.305383E+02
     3136.00  0.363100E+00 0.122496E+01 0.226087E+02 0.277461E+02
     3146.00  0.364838E+00 0.122252E+01 0.222570E+02 0.251168E+02
     3156.00  0.366574E+00 0.122013E+01 0.219085E+02 0.226457E+02
     3166.00  0.368308E+00 0.121777E+01 0.215630E+02 0.203281E+02
     3176.00  0.370040E+00 0.121545E+01 0.212206E+02 0.181597E+02
     3186.00  0.371770E+00 0.121316E+01 0.208814E+02 0.161362E+02
     3196.00  0.373499E+00 0.121090E+01 0.205453E+02 0.142531E+02
     3206.00  0.375225E+00 0.120868E+01 0.202123E+02 0.125064E+02
     3216.00  0.376948E+00 0.120649E+01 0.198825E+02 0.108920E+02
     3226.00  0.378670E+00 0.120434E+01 0.195558E+02 0.940573E+01
     3236.00  0.380389E+00 0.120221E+01 0.192323E+02 0.804381E+01
     3246.00  0.382106E+00 0.120012E+01 0.189119E+02 0.680233E+01
     3256.00  0.383820E+00 0.119805E+01 0.185947E+02 0.567754E+01
     3266.00  0.385532E+00 0.119601E+01 0.182807E+02 0.466574E+01
     3276.00  0.387241E+00 0.119400E+01 0.179699E+02 0.376332E+01
     3286.00  0.388948E+00 0.119202E+01 0.176623E+02 0.296676E+01
     3296.00  0.390651E+00 0.119006E+01 0.173578E+02 0.227259E+01
     3306.00  0.392353E+00 0.118813E+01 0.170565E+02 0.167743E+01
     3316.00  0.394051E+00 0.118622E+01 0.167585E+02 0.117798E+01
     3326.00  0.395746E+00 0.118434E+01 0.164636E+02 0.770995E+00
     3336.00  0.397439E+00 0.118249E+01 0.161718E+02 0.453310E+00
     3346.00  0.399128E+00 0.118065E+01 0.158833E+02 0.221830E+00
     3356.00  0.400815E+00 0.117884E+01 0.155980E+02 0.735278E-01
     3366.00  0.402498E+00 0.117705E+01 0.153158E+02 0.544332E-02
     3376.00  0.404178E+00 0.117528E+01 0.150368E+02 0.146833E-01
     3386.00  0.405855E+00 0.117353E+01 0.147610E+02 0.984197E-01
     3396.00  0.407529E+00 0.117181E+01 0.144884E+02 0.253889E+00
     3406.00  0.409199E+00 0.117010E+01 0.142189E+02 0.478389E+00
     3416.00  0.410866E+00 0.116841E+01 0.139526E+02 0.769283E+00
     3426.00  0.412530E+00 0.116673E+01 0.136894E+02 0.112399E+01
     3436.00  0.414190E+00 0.116508E+01 0.134294E+02 0.154000E+01
     3446.00  0.415846E+00 0.116344E+01 0.131725E+02 0.201484E+01
     3456.00  0.417499E+00 0.116182E+01 0.129188E+02 0.254612E+01
     3466.00  0.419148E+00 0.116021E+01 0.126682E+02 0.313149E+01
     3476.00  0.420793E+00 0.115861E+01 0.124206E+02 0.376867E+01
     3486.00  0.422435E+00 0.115704E+01 0.121762E+02 0.445541E+01
     3496.00  0.424072E+00 0.115547E+01 0.119349E+02 0.518955E+01
     3506.00  0.425706E+00 0.115392E+01 0.116966E+02 0.596894E+01
     3516.00  0.427336E+00 0.115238E+01 0.114615E+02 0.679153E+01
     3526.00  0.428961E+00 0.115085E+01 0.112293E+02 0.765527E+01
     3536.00  0.430583E+00 0.114933E+01 0.110003E+02 0.855821E+01
     3546.00  0.432200E+00 0.114783E+01 0.107742E+02 0.949841E+01
     3556.00  0.433813E+00 0.114633E+01 0.105512E+02 0.104740E+02
     3566.00  0.435422E+00 0.114484E+01 0.103312E+02 0.114831E+02
     3576.00  0.437027E+00 0.114337E+01 0.101142E+02 0.125241E+02
     3586.00  0.438626E+00 0.114190E+01 0.990017E+01 0.135950E+02
     3596.00  0.440222E+00 0.114043E+01 0.968911E+01 0.146943E+02
     3606.00  0.441813E+00 0.113898E+01 0.948100E+01 0.158203E+02
     3616.00  0.443399E+00 0.113753E+01 0.927582E+01 0.169714E+02
     3626.00  0.444981E+00 0.113609E+01 0.907357E+01 0.181460E+02
     3636.00  0.446558E+00 0.113465E+01 0.887422E+01 0.193427E+02
     3646.00  0.448130E+00 0.113322E+01 0.867777E+01 0.205599E+02
     3656.00  0.449698E+00 0.113179E+01 0.848418E+01 0.217961E+02
     3666.00  0.451261E+00 0.113037E+01 0.829346E+01 0.230501E+02
     3676.00  0.452818E+00 0.112895E+01 0.810557E+01 0.243203E+02
     3686.00  0.454371E+00 0.112754E+01 0.792051E+01 0.256056E+02
     3696.00  0.455919E+00 0.112612E+01 0.773825E+01 0.269046E+02
     3706.00  0.457462E+00 0.112471E+01 0.755877E+01 0.282161E+02
     3716.00  0.458999E+00 0.112330E+01 0.738207E+01 0.295388E+02
     3726.00  0.460532E+00 0.112189E+01 0.720811E+01 0.308715E+02
     3736.00  0.462059E+00 0.112049E+01 0.703689E+01 0.322132E+02
     3746.00  0.463581E+00 0.111908E+01 0.686838E+01 0.335627E+02
     3756.00  0.465097E+00 0.111767E+01 0.670256E+01 0.349190E+02
     3766.00  0.466608E+00 0.111626E+01 0.653942E+01 0.362809E+02
     3776.00  0.468114E+00 0.111485E+01 0.637893E+01 0.376475E+02
     3786.00  0.469614E+00 0.111344E+01 0.622108E+01 0.390178E+02
     3796.00  0.471109E+00 0.111203E+01 0.606584E+01 0.403908E+02
     3806.00  0.472598E+00 0.111061E+01 0.591320E+01 0.417656E+02
     3816.00  0.474081E+00 0.110919E+01 0.576313E+01 0.431413E+02
     3826.00  0.475559E+00 0.110777E+01 0.561562E+01 0.445171E+02
     3836.00  0.477031E+00 0.110635E+01 0.547064E+01 0.458920E+02
     3846.00  0.478497E+00 0.110492E+01 0.532817E+01 0.472654E+02
     3856.00  0.479957E+00 0.110348E+01 0.518819E+01 0.486363E+02
     3866.00  0.481412E+00 0.110204E+01 0.505068E+01 0.500041E+02
     3876.00  0.482860E+00 0.110060E+01 0.491562E+01 0.513680E+02
     3886.00  0.484303E+00 0.109915E+01 0.478298E+01 0.527273E+02
     3896.00  0.485739E+00 0.109769E+01 0.465275E+01 0.540814E+02
     3906.00  0.487170E+00 0.109623E+01 0.452490E+01 0.554295E+02
     3916.00  0.488594E+00 0.109476E+01 0.439942E+01 0.567710E+02
     3926.00  0.490012E+00 0.109328E+01 0.427627E+01 0.581053E+02
     3936.00  0.491423E+00 0.109179E+01 0.415544E+01 0.594318E+02
     3946.00  0.492829E+00 0.109030E+01 0.403691E+01 0.607500E+02
     3956.00  0.494228E+00 0.108879E+01 0.392065E+01 0.620593E+02
     3966.00  0.495620E+00 0.108728E+01 0.380664E+01 0.633591E+02
     3976.00  0.497006E+00 0.108576E+01 0.369486E+01 0.646491E+02
     3986.00  0.498386E+00 0.108423E+01 0.358528E+01 0.659286E+02
     3996.00  0.499759E+00 0.108269E+01 0.347789E+01 0.671972E+02
     4006.00  0.501125E+00 0.108114E+01 0.337266E+01 0.684545E+02
     4016.00  0.502485E+00 0.107958E+01 0.326957E+01 0.697001E+02
     4026.00  0.503838E+00 0.107800E+01 0.316859E+01 0.709334E+02
     4036.00  0.505184E+00 0.107642E+01 0.306971E+01 0.721542E+02
     4046.00  0.506524E+00 0.107482E+01 0.297289E+01 0.733621E+02
     4056.00  0.507856E+00 0.107321E+01 0.287812E+01 0.745566E+02
     4066.00  0.509181E+00 0.107159E+01 0.278538E+01 0.757375E+02
     4076.00  0.510500E+00 0.106996E+01 0.269464E+01 0.769045E+02
     4086.00  0.511812E+00 0.106831E+01 0.260587E+01 0.780572E+02
     4096.00  0.513116E+00 0.106665E+01 0.251907E+01 0.791953E+02
     4106.00  0.514413E+00 0.106498E+01 0.243420E+01 0.803186E+02
     4116.00  0.515704E+00 0.106329E+01 0.235123E+01 0.814268E+02
     4126.00  0.516987E+00 0.106159E+01 0.227016E+01 0.825196E+02
     4136.00  0.518263E+00 0.105987E+01 0.219095E+01 0.835968E+02
     4146.00  0.519531E+00 0.105814E+01 0.211359E+01 0.846582E+02
     4156.00  0.520792E+00 0.105640E+01 0.203804E+01 0.857037E+02
     4166.00  0.522046E+00 0.105464E+01 0.196429E+01 0.867328E+02
     4176.00  0.523292E+00 0.105286E+01 0.189231E+01 0.877456E+02
     4186.00  0.524531E+00 0.105107E+01 0.182209E+01 0.887419E+02
     4196.00  0.525763E+00 0.104926E+01 0.175360E+01 0.897214E+02
     4206.00  0.526986E+00 0.104743E+01 0.168681E+01 0.906840E+02
     4216.00  0.528203E+00 0.104559E+01 0.162171E+01 0.916296E+02
     4226.00  0.529411E+00 0.104373E+01 0.155826E+01 0.925581E+02
     4236.00  0.530612E+00 0.104186E+01 0.149646E+01 0.934694E+02
     4246.00  0.531805E+00 0.103997E+01 0.143628E+01 0.943633E+02
     4256.00  0.532990E+00 0.103806E+01 0.137769E+01 0.952398E+02
     4266.00  0.534168E+00 0.103613E+01 0.132067E+01 0.960988E+02
     4276.00  0.535338E+00 0.103418E+01 0.126520E+01 0.969402E+02
     4286.00  0.536499E+00 0.103222E+01 0.121126E+01 0.977639E+02
     4296.00  0.537653E+00 0.103024E+01 0.115883E+01 0.985699E+02
     4306.00  0.538799E+00 0.102824E+01 0.110789E+01 0.993582E+02
     4316.00  0.539937E+00 0.102622E+01 0.105840E+01 0.100129E+03
     4326.00  0.541067E+00 0.102418E+01 0.101036E+01 0.100881E+03
     4336.00  0.542189E+00 0.102213E+01 0.963736E+00 0.101616E+03
     4346.00  0.543303E+00 0.102005E+01 0.918511E+00 0.102333E+03
     4356.00  0.544408E+00 0.101795E+01 0.874663E+00 0.103033E+03
     4366.00  0.545505E+00 0.101584E+01 0.832170E+00 0.103714E+03
     4376.00  0.546594E+00 0.101370E+01 0.791011E+00 0.104377E+03
     4386.00  0.547674E+00 0.101155E+01 0.751166E+00 0.105023E+03
     4396.00  0.548747E+00 0.100937E+01 0.712613E+00 0.105651E+03
     4406.00  0.549810E+00 0.100718E+01 0.675331E+00 0.106261E+03
     4416.00  0.550866E+00 0.100496E+01 0.639299E+00 0.106853E+03
     4426.00  0.551913E+00 0.100273E+01 0.604498E+00 0.107428E+03
     4436.00  0.552951E+00 0.100047E+01 0.570906E+00 0.107985E+03
     4446.00  0.553981E+00 0.998192E+00 0.538503E+00 0.108524E+03
     4456.00  0.555002E+00 0.995893E+00 0.507268E+00 0.109046E+03
     4466.00  0.556015E+00 0.993574E+00 0.477182E+00 0.109551E+03
     4476.00  0.557019E+00 0.991233E+00 0.448224E+00 0.110038E+03
     4486.00  0.558014E+00 0.988871E+00 0.420376E+00 0.110508E+03
     4511.00  0.560463E+00 0.982872E+00 0.355474E+00 0.111607E+03
     4536.00  0.562858E+00 0.976738E+00 0.297073E+00 0.112600E+03
     4561.00  0.565196E+00 0.970466E+00 0.244872E+00 0.113488E+03
     4586.00  0.567477E+00 0.964058E+00 0.198578E+00 0.114273E+03
     4611.00  0.569701E+00 0.957510E+00 0.157903E+00 0.114957E+03
     4636.00  0.571868E+00 0.950824E+00 0.122563E+00 0.115542E+03
     4661.00  0.573977E+00 0.943997E+00 0.922829E-01 0.116030E+03
     4686.00  0.576027E+00 0.937031E+00 0.667912E-01 0.116422E+03
     4711.00  0.578018E+00 0.929923E+00 0.458238E-01 0.116722E+03
     4736.00  0.579949E+00 0.922676E+00 0.291228E-01 0.116931E+03
     4761.00  0.581820E+00 0.915288E+00 0.164363E-01 0.117053E+03
     4786.00  0.583630E+00 0.907761E+00 0.751914E-02 0.117088E+03
     4811.00  0.585380E+00 0.900096E+00 0.213231E-02 0.117041E+03
     4836.00  0.587068E+00 0.892291E+00 0.434650E-04 0.116913E+03
     4861.00  0.588694E+00 0.884350E+00 0.102675E-02 0.116707E+03
     4886.00  0.590257E+00 0.876272E+00 0.486286E-02 0.116426E+03
     4911.00  0.591757E+00 0.868059E+00 0.113390E-01 0.116072E+03
     4936.00  0.593195E+00 0.859712E+00 0.202491E-01 0.115648E+03
     4961.00  0.594568E+00 0.851234E+00 0.313934E-01 0.115156E+03
     4986.00  0.595878E+00 0.842625E+00 0.445789E-01 0.114599E+03
     5011.00  0.597122E+00 0.833888E+00 0.596189E-01 0.113980E+03
     5036.00  0.598302E+00 0.825025E+00 0.763336E-01 0.113301E+03
     5061.00  0.599417E+00 0.816038E+00 0.945491E-01 0.112565E+03
     5086.00  0.600465E+00 0.806929E+00 0.114098E+00 0.111774E+03
     5111.00  0.601448E+00 0.797701E+00 0.134821E+00 0.110931E+03
     5136.00  0.602364E+00 0.788357E+00 0.156561E+00 0.110038E+03
     5161.00  0.603214E+00 0.778900E+00 0.179172E+00 0.109098E+03
     5186.00  0.603997E+00 0.769333E+00 0.202512E+00 0.108113E+03
     5211.00  0.604713E+00 0.759659E+00 0.226443E+00 0.107086E+03
     5236.00  0.605361E+00 0.749881E+00 0.250838E+00 0.106019E+03
     5261.00  0.605942E+00 0.740002E+00 0.275571E+00 0.104914E+03
     5286.00  0.606454E+00 0.730027E+00 0.300524E+00 0.103774E+03
     5311.00  0.606899E+00 0.719959E+00 0.325587E+00 0.102601E+03
     5336.00  0.607275E+00 0.709802E+00 0.350652E+00 0.101396E+03
     5361.00  0.607583E+00 0.699560E+00 0.375619E+00 0.100163E+03
     5386.00  0.607822E+00 0.689237E+00 0.400393E+00 0.989032E+02
     5411.00  0.607992E+00 0.678836E+00 0.424883E+00 0.976183E+02
     5436.00  0.608093E+00 0.668362E+00 0.449005E+00 0.963107E+02
     5461.00  0.608124E+00 0.657820E+00 0.472680E+00 0.949822E+02
     5511.00  0.607979E+00 0.636547E+00 0.518398E+00 0.922702E+02
     5561.00  0.607555E+00 0.615054E+00 0.561503E+00 0.894966E+02
     5611.00  0.606851E+00 0.593378E+00 0.601538E+00 0.866750E+02
     5661.00  0.605867E+00 0.571558E+00 0.638120E+00 0.838181E+02
     5711.00  0.604604E+00 0.549634E+00 0.670933E+00 0.809378E+02
     5761.00  0.603060E+00 0.527646E+00 0.699730E+00 0.780453E+02
     5811.00  0.601236E+00 0.505635E+00 0.724322E+00 0.751508E+02
     5861.00  0.599133E+00 0.483643E+00 0.744580E+00 0.722639E+02
     5911.00  0.596752E+00 0.461713E+00 0.760429E+00 0.693933E+02
     5961.00  0.594093E+00 0.439886E+00 0.771842E+00 0.665469E+02
     6011.00  0.591158E+00 0.418203E+00 0.778841E+00 0.637320E+02
     6061.00  0.587949E+00 0.396708E+00 0.781489E+00 0.609552E+02
     6111.00  0.584467E+00 0.375441E+00 0.779889E+00 0.582225E+02
     6161.00  0.580714E+00 0.354443E+00 0.774179E+00 0.555391E+02
     6211.00  0.576692E+00 0.333755E+00 0.764528E+00 0.529098E+02
     6261.00  0.572404E+00 0.313416E+00 0.751135E+00 0.503387E+02
     6311.00  0.567853E+00 0.293466E+00 0.734224E+00 0.478294E+02
     6361.00  0.563043E+00 0.273942E+00 0.714042E+00 0.453851E+02
     6411.00  0.557976E+00 0.254881E+00 0.690853E+00 0.430084E+02
     6461.00  0.552657E+00 0.236318E+00 0.664937E+00 0.407015E+02
     6511.00  0.547090E+00 0.218286E+00 0.636589E+00 0.384662E+02
     6561.00  0.541278E+00 0.200819E+00 0.606113E+00 0.363038E+02
     6611.00  0.535227E+00 0.183947E+00 0.573820E+00 0.342154E+02
     6661.00  0.528941E+00 0.167698E+00 0.540028E+00 0.322016E+02
     6711.00  0.522425E+00 0.152101E+00 0.505056E+00 0.302628E+02
     6761.00  0.515684E+00 0.137179E+00 0.469226E+00 0.283992E+02
     6811.00  0.508724E+00 0.122957E+00 0.432856E+00 0.266105E+02
     6861.00  0.501551E+00 0.109455E+00 0.396263E+00 0.248963E+02
     6911.00  0.494172E+00 0.966929E-01 0.359758E+00 0.232561E+02
     6961.00  0.486592E+00 0.846875E-01 0.323644E+00 0.216891E+02
     7011.00  0.478818E+00 0.734534E-01 0.288217E+00 0.201941E+02
     7061.00  0.470858E+00 0.630032E-01 0.253764E+00 0.187701E+02
     7111.00  0.462719E+00 0.533472E-01 0.220559E+00 0.174158E+02
     7161.00  0.454408E+00 0.444931E-01 0.188863E+00 0.161297E+02
     7211.00  0.445932E+00 0.364467E-01 0.158927E+00 0.149104E+02
     7261.00  0.437300E+00 0.292113E-01 0.130984E+00 0.137560E+02
     7311.00  0.428520E+00 0.227881E-01 0.105255E+00 0.126651E+02
     7361.00  0.419600E+00 0.171758E-01 0.819426E-01 0.116357E+02
     7411.00  0.410549E+00 0.123710E-01 0.612353E-01 0.106661E+02
     7511.00  0.392087E+00 0.515887E-02 0.283001E-01 0.889839E+01
     7611.00  0.373209E+00 0.108038E-02 0.760509E-02 0.734656E+01
     7711.00  0.353991E+00 0.306332E-04 0.235879E-04 0.599479E+01
     7811.00  0.334510E+00 0.187318E-02 0.614417E-02 0.482721E+01
     7911.00  0.314848E+00 0.644232E-02 0.262743E-01 0.382812E+01
     8011.00  0.295087E+00 0.135457E-01 0.604483E-01 0.298215E+01
     8111.00  0.275312E+00 0.229671E-01 0.108440E+00 0.227436E+01
     8211.00  0.255609E+00 0.344700E-01 0.169778E+00 0.169045E+01
     8311.00  0.236063E+00 0.478005E-01 0.243764E+00 0.121672E+01
     8411.00  0.216763E+00 0.626908E-01 0.329499E+00 0.840246E+00
     8511.00  0.197795E+00 0.788633E-01 0.425898E+00 0.548868E+00
     8611.00  0.179245E+00 0.960335E-01 0.531722E+00 0.331238E+00
     8711.00  0.161200E+00 0.113914E+00 0.645601E+00 0.176836E+00
     8811.00  0.143742E+00 0.132219E+00 0.766061E+00 0.759737E-01
     8911.00  0.126955E+00 0.150666E+00 0.891552E+00 0.197907E-01
     9011.00  0.110918E+00 0.168979E+00 0.102047E+01 0.238485E-03
     9111.00  0.957088E-01 0.186895E+00 0.115119E+01 0.100609E-01
     9211.00  0.814003E-01 0.204163E+00 0.128207E+01 0.427666E-01
     9311.00  0.680628E-01 0.220548E+00 0.141151E+01 0.925979E-01
     9411.00  0.557622E-01 0.235835E+00 0.153796E+01 0.154495E+00
     9511.00  0.445598E-01 0.249828E+00 0.165989E+01 0.224058E+00
     9611.00  0.345118E-01 0.262355E+00 0.177592E+01 0.297508E+00
     9711.00  0.256691E-01 0.273267E+00 0.188470E+01 0.371644E+00
     9811.00  0.180769E-01 0.282442E+00 0.198505E+01 0.443800E+00
     9911.00  0.117742E-01 0.289782E+00 0.207589E+01 0.511805E+00
    10011.00  0.679376E-02 0.295216E+00 0.215627E+01 0.573938E+00
    10111.00  0.316177E-02 0.298699E+00 0.222541E+01 0.628887E+00
    10211.00  0.897513E-03 0.300214E+00 0.228264E+01 0.675710E+00
    10311.00  0.132860E-04 0.299768E+00 0.232748E+01 0.713791E+00
    10411.00  0.514230E-03 0.297394E+00 0.235959E+01 0.742804E+00
    10511.00  0.239824E-02 0.293149E+00 0.237879E+01 0.762675E+00
    10611.00  0.565589E-02 0.287111E+00 0.238502E+01 0.773549E+00
    10711.00  0.102704E-01 0.279380E+00 0.237842E+01 0.775751E+00
    10811.00  0.162178E-01 0.270076E+00 0.235922E+01 0.769764E+00
    10911.00  0.234668E-01 0.259334E+00 0.232782E+01 0.756190E+00
    11011.00  0.319791E-01 0.247305E+00 0.228473E+01 0.735730E+00
    11111.00  0.417094E-01 0.234153E+00 0.223057E+01 0.709154E+00
    11211.00  0.526058E-01 0.220051E+00 0.216607E+01 0.677279E+00
    11311.00  0.646098E-01 0.205181E+00 0.209206E+01 0.640954E+00
    11411.00  0.776569E-01 0.189730E+00 0.200943E+01 0.601032E+00
    11511.00  0.916766E-01 0.173889E+00 0.191916E+01 0.558363E+00
    11611.00  0.106593E+00 0.157847E+00 0.182227E+01 0.513775E+00
    11711.00  0.122326E+00 0.141793E+00 0.171983E+01 0.468058E+00
    11811.00  0.138789E+00 0.125913E+00 0.161294E+01 0.421964E+00
    11911.00  0.155894E+00 0.110385E+00 0.150271E+01 0.376188E+00
    12011.00  0.173546E+00 0.953787E-01 0.139024E+01 0.331367E+00
    12111.00  0.191650E+00 0.810544E-01 0.127665E+01 0.288073E+00
    12211.00  0.210107E+00 0.675603E-01 0.116301E+01 0.246811E+00
    12311.00  0.228817E+00 0.550314E-01 0.105039E+01 0.208014E+00
    12411.00  0.247677E+00 0.435880E-01 0.939783E+00 0.172045E+00
    12511.00  0.266584E+00 0.333344E-01 0.832157E+00 0.139196E+00
    12611.00  0.285437E+00 0.243584E-01 0.728412E+00 0.109688E+00
    12711.00  0.304131E+00 0.167305E-01 0.629380E+00 0.836774E-01
    12811.00  0.322566E+00 0.105031E-01 0.535820E+00 0.612538E-01
    12911.00  0.340641E+00 0.571097E-02 0.448414E+00 0.424475E-01
    13011.00  0.358259E+00 0.237048E-02 0.367760E+00 0.272323E-01
    13111.00  0.375325E+00 0.480330E-03 0.294370E+00 0.155307E-01
    13211.00  0.391747E+00 0.217348E-04 0.228667E+00 0.721889E-02
    13311.00  0.407437E+00 0.959076E-03 0.170984E+00 0.213206E-02
    13411.00  0.422312E+00 0.324068E-02 0.121565E+00 0.700708E-04
    13511.00  0.436292E+00 0.679979E-02 0.805625E-01 0.802963E-03
    13611.00  0.449304E+00 0.115556E-01 0.480430E-01 0.407649E-02
    13711.00  0.461281E+00 0.174147E-01 0.239866E-01 0.961758E-02
    13811.00  0.472160E+00 0.242721E-01 0.829153E-02 0.171397E-01
    13911.00  0.481885E+00 0.320131E-01 0.777459E-03 0.263477E-01
    14011.00  0.490408E+00 0.405146E-01 0.119042E-02 0.369431E-01
    14111.00  0.497688E+00 0.496467E-01 0.920786E-02 0.486279E-01
    14211.00  0.503688E+00 0.592745E-01 0.244443E-01 0.611094E-01
    14311.00  0.508382E+00 0.692596E-01 0.464573E-01 0.741034E-01
    14411.00  0.511749E+00 0.794620E-01 0.747540E-01 0.873380E-01
    14511.00  0.513775E+00 0.897415E-01 0.108798E+00 0.100556E+00
    14611.00  0.514457E+00 0.999598E-01 0.148015E+00 0.113519E+00
    14711.00  0.513795E+00 0.109982E+00 0.191802E+00 0.126006E+00
    14811.00  0.511800E+00 0.119676E+00 0.239532E+00 0.137819E+00
    14911.00  0.508488E+00 0.128920E+00 0.290562E+00 0.148783E+00
    15011.00  0.503882E+00 0.137595E+00 0.344240E+00 0.158745E+00
    15111.00  0.498014E+00 0.145593E+00 0.399911E+00 0.167579E+00
    15211.00  0.490921E+00 0.152817E+00 0.456923E+00 0.175179E+00
    15311.00  0.482646E+00 0.159179E+00 0.514636E+00 0.181467E+00
    15411.00  0.473239E+00 0.164602E+00 0.572424E+00 0.186387E+00
    15511.00  0.462756E+00 0.169025E+00 0.629681E+00 0.189905E+00
    15611.00  0.451258E+00 0.172397E+00 0.685830E+00 0.192011E+00
    15711.00  0.438809E+00 0.174680E+00 0.740322E+00 0.192714E+00
    15811.00  0.425480E+00 0.175851E+00 0.792643E+00 0.192044E+00
    15911.00  0.411346E+00 0.175901E+00 0.842319E+00 0.190046E+00
    16011.00  0.396483E+00 0.174834E+00 0.888913E+00 0.186784E+00
    16111.00  0.380973E+00 0.172668E+00 0.932037E+00 0.182336E+00
    16211.00  0.364899E+00 0.169433E+00 0.971345E+00 0.176789E+00
    16311.00  0.348345E+00 0.165172E+00 0.100654E+01 0.170246E+00
    16411.00  0.331398E+00 0.159942E+00 0.103737E+01 0.162815E+00
    16511.00  0.314147E+00 0.153810E+00 0.106364E+01 0.154613E+00
    16611.00  0.296678E+00 0.146852E+00 0.108519E+01 0.145760E+00
    16711.00  0.279080E+00 0.139156E+00 0.110193E+01 0.136380E+00
    16811.00  0.261440E+00 0.130817E+00 0.111379E+01 0.126600E+00
    16911.00  0.243844E+00 0.121939E+00 0.112077E+01 0.116545E+00
    17011.00  0.226377E+00 0.112631E+00 0.112290E+01 0.106340E+00
    17111.00  0.209120E+00 0.103008E+00 0.112025E+01 0.961046E-01
    17211.00  0.192155E+00 0.931886E-01 0.111295E+01 0.859564E-01
    17311.00  0.175557E+00 0.832936E-01 0.110115E+01 0.760064E-01
    17411.00  0.159400E+00 0.734458E-01 0.108503E+01 0.663590E-01
    17511.00  0.143755E+00 0.637674E-01 0.106483E+01 0.571109E-01
    17611.00  0.128687E+00 0.543801E-01 0.104077E+01 0.483509E-01
    17711.00  0.114257E+00 0.454028E-01 0.101315E+01 0.401588E-01
    17811.00  0.100521E+00 0.369507E-01 0.982251E+00 0.326047E-01
    17911.00  0.875321E-01 0.291343E-01 0.948388E+00 0.257491E-01
    18011.00  0.753362E-01 0.220583E-01 0.911889E+00 0.196427E-01
    18111.00  0.639744E-01 0.158204E-01 0.873091E+00 0.143256E-01
    18211.00  0.534825E-01 0.105105E-01 0.832338E+00 0.982819E-02
    18311.00  0.438905E-01 0.620991E-02 0.789981E+00 0.617062E-02
    18411.00  0.352228E-01 0.299029E-02 0.746368E+00 0.336338E-02
    18511.00  0.274981E-01 0.913311E-03 0.701846E+00 0.140747E-02
    18611.00  0.207295E-01 0.299709E-04 0.656757E+00 0.294860E-03
    18711.00  0.149241E-01 0.380122E-03 0.611434E+00 0.893106E-05
    18811.00  0.100837E-01 0.199216E-02 0.566198E+00 0.525060E-03
    18911.00  0.620456E-02 0.488277E-02 0.521357E+00 0.181120E-02
    19011.00  0.327740E-02 0.905685E-02 0.477206E+00 0.382855E-02
    19111.00  0.128783E-02 0.145075E-01 0.434018E+00 0.653222E-02
    19311.00  0.390099E-04 0.291521E-01 0.351535E+00 0.137930E-01
    19511.00  0.224660E-02 0.485314E-01 0.275697E+00 0.231407E-01
    19711.00  0.763055E-02 0.721882E-01 0.207929E+00 0.340728E-01
    19911.00  0.158517E-01 0.995109E-01 0.149268E+00 0.460603E-01
    20111.00  0.265224E-01 0.129757E+00 0.100365E+00 0.585707E-01
    20311.00  0.392175E-01 0.162078E+00 0.614907E-01 0.710878E-01
    20511.00  0.534860E-01 0.195550E+00 0.325635E-01 0.831305E-01
    20711.00  0.688631E-01 0.229210E+00 0.131792E-01 0.942671E-01
    20911.00  0.848811E-01 0.262079E+00 0.265528E-02 0.104127E+00
    21111.00  0.101082E+00 0.293205E+00 0.790179E-04 0.112412E+00
    21311.00  0.117024E+00 0.321687E+00 0.436006E-02 0.118895E+00
    21511.00  0.132297E+00 0.346706E+00 0.142848E-01 0.123430E+00
    21711.00  0.146525E+00 0.367549E+00 0.285705E-01 0.125944E+00
    21911.00  0.159377E+00 0.383633E+00 0.459169E-01 0.126440E+00
    22111.00  0.170571E+00 0.394519E+00 0.650544E-01 0.124985E+00
    22311.00  0.179876E+00 0.399923E+00 0.847859E-01 0.121706E+00
    22511.00  0.187122E+00 0.399727E+00 0.104024E+00 0.116779E+00
    22711.00  0.192190E+00 0.393970E+00 0.121820E+00 0.110422E+00
    22911.00  0.195023E+00 0.382859E+00 0.137384E+00 0.102880E+00
    23111.00  0.195616E+00 0.366743E+00 0.150100E+00 0.944168E-01
    23311.00  0.194018E+00 0.346115E+00 0.159533E+00 0.853064E-01
    23511.00  0.190326E+00 0.321582E+00 0.165425E+00 0.758193E-01
    23711.00  0.184679E+00 0.293856E+00 0.167691E+00 0.662164E-01
    23911.00  0.177257E+00 0.263722E+00 0.166404E+00 0.567409E-01
    24111.00  0.168268E+00 0.232018E+00 0.161779E+00 0.476110E-01
    24311.00  0.157949E+00 0.199611E+00 0.154151E+00 0.390162E-01
    24511.00  0.146550E+00 0.167366E+00 0.143948E+00 0.311124E-01
    24711.00  0.134336E+00 0.136128E+00 0.131672E+00 0.240211E-01
    24911.00  0.121574E+00 0.106694E+00 0.117867E+00 0.178277E-01
    25111.00  0.108530E+00 0.797949E-01 0.103096E+00 0.125826E-01
    25311.00  0.954602E-01 0.560740E-01 0.879205E-01 0.830249E-02
    25511.00  0.826089E-01 0.360744E-01 0.728728E-01 0.497351E-02
    25711.00  0.701998E-01 0.202246E-01 0.584411E-01 0.255425E-02
    25911.00  0.584348E-01 0.883167E-02 0.450539E-01 0.980138E-03
    26111.00  0.474889E-01 0.207531E-02 0.330662E-01 0.167733E-03
    26311.00  0.375092E-01 0.741771E-05 0.227531E-01 0.195093E-04
    26511.00  0.286116E-01 0.255437E-02 0.143038E-01 0.428516E-03
    26711.00  0.208816E-01 0.952305E-02 0.782218E-02 0.128295E-02
    26911.00  0.143731E-01 0.206097E-01 0.332824E-02 0.247044E-02
         IE==>      4            5            6            7
        1.00  0.104628E-07 0.470710E-04 0.525109E-05 0.476379E-02
        2.00  0.912617E-06 0.418100E-02 0.473943E-03 0.423049E+00
        3.00  0.122713E-04 0.572581E-01 0.659442E-02 0.579240E+01
        4.00  0.767482E-04 0.364792E+00 0.426800E-01 0.368959E+02
        5.00  0.315592E-03 0.152830E+01 0.181623E+00 0.154544E+03
        6.00  0.995384E-03 0.491194E+01 0.592856E+00 0.496599E+03
        7.00  0.261424E-02 0.131482E+02 0.161154E+01 0.132901E+04
        8.00  0.600458E-02 0.307852E+02 0.383130E+01 0.311110E+04
        9.00  0.124491E-01 0.650751E+02 0.822237E+01 0.657501E+04
       10.00  0.238066E-01 0.126904E+03 0.162774E+02 0.128193E+05
       11.00  0.426447E-01 0.231861E+03 0.301868E+02 0.234167E+05
       12.00  0.723770E-01 0.401451E+03 0.530460E+02 0.405360E+05
       13.00  0.117401E+00 0.664449E+03 0.890972E+02 0.670775E+05
       14.00  0.183234E+00 0.105838E+04 0.144006E+03 0.106823E+06
       15.00  0.276643E+00 0.163115E+04 0.225176E+03 0.164598E+06
       16.00  0.405769E+00 0.244278E+04 0.342103E+03 0.246447E+06
       17.00  0.580233E+00 0.356726E+04 0.506763E+03 0.359815E+06
       18.00  0.811239E+00 0.509452E+04 0.734055E+03 0.513753E+06
       19.00  0.111166E+01 0.713258E+04 0.104228E+04 0.719125E+06
       20.00  0.149610E+01 0.980977E+04 0.145366E+04 0.988832E+06
       21.00  0.198098E+01 0.132772E+05 0.199496E+04 0.133806E+07
       22.00  0.258458E+01 0.177111E+05 0.269811E+04 0.178452E+07
       23.00  0.332705E+01 0.233161E+05 0.360091E+04 0.234874E+07
       24.00  0.423049E+01 0.303275E+05 0.474783E+04 0.305437E+07
       25.00  0.531889E+01 0.390150E+05 0.619086E+04 0.392844E+07
       26.00  0.661817E+01 0.496852E+05 0.799041E+04 0.500173E+07
       27.00  0.815609E+01 0.626858E+05 0.102163E+05 0.630908E+07
       28.00  0.996222E+01 0.784084E+05 0.129488E+05 0.788974E+07
       29.00  0.120679E+02 0.972926E+05 0.162800E+05 0.978777E+07
       30.00  0.145060E+02 0.119830E+06 0.203147E+05 0.120524E+08
       31.00  0.173109E+02 0.146568E+06 0.251719E+05 0.147384E+08
       32.00  0.205186E+02 0.178116E+06 0.309865E+05 0.179066E+08
       33.00  0.241661E+02 0.215146E+06 0.379108E+05 0.216245E+08
       34.00  0.282917E+02 0.258402E+06 0.461158E+05 0.259664E+08
       35.00  0.329344E+02 0.308705E+06 0.557938E+05 0.310142E+08
       36.00  0.381343E+02 0.366956E+06 0.671598E+05 0.368580E+08
       37.00  0.439318E+02 0.434143E+06 0.804539E+05 0.435965E+08
       38.00  0.503676E+02 0.511349E+06 0.959438E+05 0.513377E+08
       39.00  0.574824E+02 0.599755E+06 0.113927E+06 0.601996E+08
       40.00  0.653166E+02 0.700648E+06 0.134732E+06 0.703104E+08
       42.00  0.833007E+02 0.945611E+06 0.186305E+06 0.948486E+08
       44.00  0.104620E+03 0.125888E+07 0.254044E+06 0.126212E+09
       46.00  0.129541E+03 0.165517E+07 0.342023E+06 0.165865E+09
       48.00  0.158275E+03 0.215141E+07 0.455098E+06 0.215492E+09
       50.00  0.190963E+03 0.276690E+07 0.598999E+06 0.277011E+09
       52.00  0.227645E+03 0.352333E+07 0.780404E+06 0.352573E+09
       54.00  0.268234E+03 0.444467E+07 0.100699E+07 0.444557E+09
       56.00  0.312483E+03 0.555689E+07 0.128745E+07 0.555533E+09
       58.00  0.359949E+03 0.688735E+07 0.163137E+07 0.688207E+09
       60.00  0.409958E+03 0.846383E+07 0.204911E+07 0.845322E+09
       62.00  0.461571E+03 0.103131E+08 0.255142E+07 0.102952E+10
       64.00  0.513568E+03 0.124592E+08 0.314903E+07 0.124314E+10
       66.00  0.564447E+03 0.149209E+08 0.385189E+07 0.148802E+10
       68.00  0.612444E+03 0.177089E+08 0.466840E+07 0.176518E+10
       70.00  0.655597E+03 0.208233E+08 0.560440E+07 0.207457E+10
       72.00  0.691836E+03 0.242504E+08 0.666206E+07 0.241478E+10
       74.00  0.719125E+03 0.279606E+08 0.783890E+07 0.278282E+10
       76.00  0.735619E+03 0.319073E+08 0.912700E+07 0.317400E+10
       78.00  0.739854E+03 0.360272E+08 0.105126E+08 0.358200E+10
       80.00  0.730913E+03 0.402431E+08 0.119765E+08 0.399910E+10
       82.00  0.708571E+03 0.444681E+08 0.134947E+08 0.441666E+10
       84.00  0.673358E+03 0.486117E+08 0.150400E+08 0.482570E+10
       86.00  0.626552E+03 0.525864E+08 0.165841E+08 0.521753E+10
       88.00  0.570084E+03 0.563142E+08 0.180996E+08 0.558445E+10
       90.00  0.506373E+03 0.597316E+08 0.195619E+08 0.592021E+10
       92.00  0.438130E+03 0.627930E+08 0.209506E+08 0.622032E+10
       94.00  0.368147E+03 0.654712E+08 0.222505E+08 0.648216E+10
       96.00  0.299115E+03 0.677570E+08 0.234518E+08 0.670486E+10
       98.00  0.233480E+03 0.696563E+08 0.245495E+08 0.688908E+10
      100.00  0.173356E+03 0.711874E+08 0.255432E+08 0.703669E+10
      102.00  0.120475E+03 0.723774E+08 0.264360E+08 0.715040E+10
      104.00  0.761849E+02 0.732586E+08 0.272335E+08 0.723349E+10
      106.00  0.414766E+02 0.738662E+08 0.279432E+08 0.728946E+10
      108.00  0.170225E+02 0.742359E+08 0.285736E+08 0.732188E+10
      110.00  0.322898E+01 0.744020E+08 0.291334E+08 0.733418E+10
      112.00  0.288348E+00 0.743966E+08 0.296315E+08 0.732954E+10
      114.00  0.822778E+01 0.742489E+08 0.300760E+08 0.731087E+10
      116.00  0.269522E+02 0.739846E+08 0.304748E+08 0.728072E+10
      118.00  0.562802E+02 0.736262E+08 0.308348E+08 0.724134E+10
      122.00  0.145757E+03 0.727018E+08 0.314627E+08 0.714223E+10
      126.00  0.274425E+03 0.715973E+08 0.320008E+08 0.702559E+10
      130.00  0.439935E+03 0.703976E+08 0.324799E+08 0.689981E+10
      134.00  0.640069E+03 0.691606E+08 0.329226E+08 0.677058E+10
      138.00  0.872852E+03 0.679246E+08 0.333452E+08 0.664166E+10
      142.00  0.113658E+04 0.667138E+08 0.337593E+08 0.651544E+10
      146.00  0.142980E+04 0.655430E+08 0.341726E+08 0.639333E+10
      150.00  0.175129E+04 0.644199E+08 0.345907E+08 0.627610E+10
      154.00  0.209999E+04 0.633480E+08 0.350167E+08 0.616405E+10
      158.00  0.247500E+04 0.623281E+08 0.354529E+08 0.605725E+10
      162.00  0.287554E+04 0.613592E+08 0.359004E+08 0.595559E+10
      166.00  0.330095E+04 0.604395E+08 0.363601E+08 0.585888E+10
      170.00  0.375064E+04 0.595665E+08 0.368322E+08 0.576686E+10
      174.00  0.422407E+04 0.587375E+08 0.373168E+08 0.567926E+10
      178.00  0.472077E+04 0.579495E+08 0.378135E+08 0.559576E+10
      182.00  0.524028E+04 0.571994E+08 0.383218E+08 0.551607E+10
      186.00  0.578216E+04 0.564841E+08 0.388413E+08 0.543987E+10
      190.00  0.634600E+04 0.558009E+08 0.393712E+08 0.536688E+10
      194.00  0.693139E+04 0.551471E+08 0.399109E+08 0.529685E+10
      198.00  0.753795E+04 0.545204E+08 0.404599E+08 0.522953E+10
      202.00  0.816533E+04 0.539186E+08 0.410175E+08 0.516471E+10
      206.00  0.881316E+04 0.533399E+08 0.415833E+08 0.510220E+10
      210.00  0.948109E+04 0.527823E+08 0.421568E+08 0.504183E+10
      214.00  0.101688E+05 0.522443E+08 0.427374E+08 0.498342E+10
      218.00  0.108759E+05 0.517243E+08 0.433246E+08 0.492681E+10
      222.00  0.116020E+05 0.512207E+08 0.439178E+08 0.487187E+10
      226.00  0.123467E+05 0.507322E+08 0.445164E+08 0.481845E+10
      230.00  0.131098E+05 0.502578E+08 0.451202E+08 0.476645E+10
      234.00  0.138908E+05 0.497963E+08 0.457285E+08 0.471577E+10
      238.00  0.146895E+05 0.493469E+08 0.463412E+08 0.466631E+10
      242.00  0.155054E+05 0.489089E+08 0.469579E+08 0.461800E+10
      246.00  0.163384E+05 0.484813E+08 0.475784E+08 0.457077E+10
      250.00  0.171880E+05 0.480637E+08 0.482022E+08 0.452454E+10
      254.00  0.180539E+05 0.476553E+08 0.488291E+08 0.447925E+10
      258.00  0.189358E+05 0.472554E+08 0.494588E+08 0.443485E+10
      262.00  0.198334E+05 0.468636E+08 0.500909E+08 0.439127E+10
      266.00  0.207462E+05 0.464792E+08 0.507252E+08 0.434846E+10
      270.00  0.216741E+05 0.461020E+08 0.513615E+08 0.430638E+10
      274.00  0.226165E+05 0.457313E+08 0.519995E+08 0.426500E+10
      282.00  0.245443E+05 0.450087E+08 0.532798E+08 0.418416E+10
      290.00  0.265270E+05 0.443088E+08 0.545649E+08 0.410571E+10
      298.00  0.285622E+05 0.436295E+08 0.558533E+08 0.402943E+10
      306.00  0.306475E+05 0.429685E+08 0.571433E+08 0.395510E+10
      314.00  0.327802E+05 0.423241E+08 0.584334E+08 0.388255E+10
      322.00  0.349579E+05 0.416948E+08 0.597223E+08 0.381164E+10
      330.00  0.371782E+05 0.410793E+08 0.610089E+08 0.374224E+10
      338.00  0.394389E+05 0.404766E+08 0.622923E+08 0.367426E+10
      346.00  0.417375E+05 0.398858E+08 0.635712E+08 0.360761E+10
      354.00  0.440717E+05 0.393058E+08 0.648445E+08 0.354218E+10
      362.00  0.464389E+05 0.387358E+08 0.661111E+08 0.347789E+10
      370.00  0.488370E+05 0.381752E+08 0.673699E+08 0.341470E+10
      378.00  0.512637E+05 0.376234E+08 0.686204E+08 0.335255E+10
      386.00  0.537172E+05 0.370802E+08 0.698619E+08 0.329140E+10
      394.00  0.561952E+05 0.365451E+08 0.710936E+08 0.323122E+10
      402.00  0.586956E+05 0.360176E+08 0.723147E+08 0.317196E+10
      410.00  0.612163E+05 0.354974E+08 0.735247E+08 0.311359E+10
      418.00  0.637555E+05 0.349842E+08 0.747227E+08 0.305609E+10
      426.00  0.663113E+05 0.344779E+08 0.759086E+08 0.299944E+10
      434.00  0.688821E+05 0.339784E+08 0.770820E+08 0.294362E+10
      442.00  0.714661E+05 0.334854E+08 0.782424E+08 0.288862E+10
      450.00  0.740618E+05 0.329988E+08 0.793895E+08 0.283443E+10
      458.00  0.766672E+05 0.325184E+08 0.805227E+08 0.278102E+10
      466.00  0.792807E+05 0.320441E+08 0.816416E+08 0.272837E+10
      474.00  0.819007E+05 0.315756E+08 0.827459E+08 0.267649E+10
      482.00  0.845259E+05 0.311130E+08 0.838352E+08 0.262534E+10
      490.00  0.871547E+05 0.306561E+08 0.849095E+08 0.257494E+10
      498.00  0.897857E+05 0.302048E+08 0.859683E+08 0.252526E+10
      506.00  0.924175E+05 0.297591E+08 0.870112E+08 0.247629E+10
      514.00  0.950484E+05 0.293187E+08 0.880380E+08 0.242803E+10
      522.00  0.976770E+05 0.288835E+08 0.890481E+08 0.238045E+10
      530.00  0.100302E+06 0.284535E+08 0.900414E+08 0.233355E+10
      538.00  0.102922E+06 0.280286E+08 0.910175E+08 0.228732E+10
      546.00  0.105536E+06 0.276086E+08 0.919763E+08 0.224176E+10
      554.00  0.108142E+06 0.271937E+08 0.929177E+08 0.219686E+10
      562.00  0.110740E+06 0.267836E+08 0.938413E+08 0.215261E+10
      570.00  0.113328E+06 0.263784E+08 0.947469E+08 0.210899E+10
      578.00  0.115905E+06 0.259779E+08 0.956343E+08 0.206602E+10
      586.00  0.118469E+06 0.255820E+08 0.965033E+08 0.202366E+10
      596.00  0.121656E+06 0.250937E+08 0.975635E+08 0.197160E+10
      606.00  0.124821E+06 0.246126E+08 0.985947E+08 0.192050E+10
      616.00  0.127961E+06 0.241386E+08 0.995968E+08 0.187035E+10
      626.00  0.131076E+06 0.236717E+08 0.100570E+09 0.182115E+10
      636.00  0.134163E+06 0.232118E+08 0.101514E+09 0.177289E+10
      646.00  0.137221E+06 0.227587E+08 0.102428E+09 0.172555E+10
      656.00  0.140249E+06 0.223126E+08 0.103313E+09 0.167912E+10
      666.00  0.143244E+06 0.218732E+08 0.104168E+09 0.163360E+10
      676.00  0.146206E+06 0.214405E+08 0.104995E+09 0.158898E+10
      686.00  0.149134E+06 0.210146E+08 0.105792E+09 0.154525E+10
      696.00  0.152027E+06 0.205952E+08 0.106560E+09 0.150240E+10
      706.00  0.154882E+06 0.201824E+08 0.107299E+09 0.146041E+10
      716.00  0.157700E+06 0.197760E+08 0.108009E+09 0.141927E+10
      726.00  0.160478E+06 0.193760E+08 0.108690E+09 0.137898E+10
      736.00  0.163217E+06 0.189823E+08 0.109341E+09 0.133953E+10
      746.00  0.165914E+06 0.185948E+08 0.109964E+09 0.130090E+10
      756.00  0.168570E+06 0.182135E+08 0.110558E+09 0.126308E+10
      766.00  0.171183E+06 0.178383E+08 0.111124E+09 0.122606E+10
      776.00  0.173752E+06 0.174690E+08 0.111661E+09 0.118983E+10
      786.00  0.176276E+06 0.171057E+08 0.112169E+09 0.115439E+10
      796.00  0.178755E+06 0.167483E+08 0.112649E+09 0.111971E+10
      806.00  0.181189E+06 0.163966E+08 0.113101E+09 0.108579E+10
      816.00  0.183575E+06 0.160507E+08 0.113525E+09 0.105262E+10
      826.00  0.185915E+06 0.157105E+08 0.113922E+09 0.102019E+10
      836.00  0.188207E+06 0.153758E+08 0.114291E+09 0.988487E+09
      846.00  0.190452E+06 0.150467E+08 0.114632E+09 0.957505E+09
      856.00  0.192648E+06 0.147231E+08 0.114947E+09 0.927232E+09
      866.00  0.194795E+06 0.144049E+08 0.115235E+09 0.897657E+09
      876.00  0.196893E+06 0.140921E+08 0.115496E+09 0.868771E+09
      886.00  0.198942E+06 0.137846E+08 0.115732E+09 0.840565E+09
      896.00  0.200941E+06 0.134823E+08 0.115942E+09 0.813029E+09
      906.00  0.202891E+06 0.131853E+08 0.116126E+09 0.786153E+09
      916.00  0.204792E+06 0.128933E+08 0.116285E+09 0.759927E+09
      926.00  0.206642E+06 0.126065E+08 0.116420E+09 0.734341E+09
      936.00  0.208443E+06 0.123246E+08 0.116530E+09 0.709384E+09
      946.00  0.210194E+06 0.120477E+08 0.116615E+09 0.685047E+09
      956.00  0.211894E+06 0.117757E+08 0.116677E+09 0.661320E+09
      966.00  0.213544E+06 0.115084E+08 0.116716E+09 0.638193E+09
      976.00  0.215145E+06 0.112460E+08 0.116731E+09 0.615658E+09
      986.00  0.216696E+06 0.109883E+08 0.116724E+09 0.593703E+09
      996.00  0.218196E+06 0.107352E+08 0.116694E+09 0.572319E+09
     1006.00  0.219647E+06 0.104867E+08 0.116642E+09 0.551496E+09
     1016.00  0.221048E+06 0.102427E+08 0.116568E+09 0.531224E+09
     1026.00  0.222398E+06 0.100031E+08 0.116472E+09 0.511494E+09
     1036.00  0.223700E+06 0.976797E+07 0.116355E+09 0.492297E+09
     1046.00  0.224952E+06 0.953717E+07 0.116217E+09 0.473623E+09
     1056.00  0.226154E+06 0.931066E+07 0.116059E+09 0.455464E+09
     1066.00  0.227308E+06 0.908837E+07 0.115881E+09 0.437809E+09
     1076.00  0.228413E+06 0.887026E+07 0.115684E+09 0.420650E+09
     1086.00  0.229470E+06 0.865627E+07 0.115466E+09 0.403978E+09
     1096.00  0.230478E+06 0.844632E+07 0.115230E+09 0.387783E+09
     1106.00  0.231438E+06 0.824038E+07 0.114975E+09 0.372057E+09
     1116.00  0.232351E+06 0.803839E+07 0.114702E+09 0.356791E+09
     1126.00  0.233216E+06 0.784030E+07 0.114411E+09 0.341976E+09
     1136.00  0.234035E+06 0.764605E+07 0.114103E+09 0.327604E+09
     1146.00  0.234808E+06 0.745559E+07 0.113777E+09 0.313667E+09
     1156.00  0.235535E+06 0.726888E+07 0.113435E+09 0.300155E+09
     1166.00  0.236216E+06 0.708585E+07 0.113077E+09 0.287061E+09
     1176.00  0.236852E+06 0.690645E+07 0.112702E+09 0.274375E+09
     1186.00  0.237443E+06 0.673062E+07 0.112313E+09 0.262090E+09
     1196.00  0.237990E+06 0.655832E+07 0.111907E+09 0.250198E+09
     1206.00  0.238494E+06 0.638950E+07 0.111487E+09 0.238690E+09
     1216.00  0.238954E+06 0.622410E+07 0.111053E+09 0.227558E+09
     1226.00  0.239371E+06 0.606208E+07 0.110605E+09 0.216795E+09
     1236.00  0.239746E+06 0.590338E+07 0.110142E+09 0.206393E+09
     1246.00  0.240079E+06 0.574795E+07 0.109667E+09 0.196343E+09
     1256.00  0.240370E+06 0.559574E+07 0.109178E+09 0.186639E+09
     1266.00  0.240621E+06 0.544670E+07 0.108677E+09 0.177273E+09
     1276.00  0.240831E+06 0.530078E+07 0.108164E+09 0.168236E+09
     1286.00  0.241001E+06 0.515793E+07 0.107638E+09 0.159522E+09
     1296.00  0.241131E+06 0.501811E+07 0.107101E+09 0.151124E+09
     1306.00  0.241222E+06 0.488126E+07 0.106552E+09 0.143034E+09
     1316.00  0.241275E+06 0.474734E+07 0.105992E+09 0.135246E+09
     1326.00  0.241290E+06 0.461631E+07 0.105422E+09 0.127752E+09
     1336.00  0.241267E+06 0.448811E+07 0.104842E+09 0.120545E+09
     1346.00  0.241208E+06 0.436270E+07 0.104251E+09 0.113619E+09
     1356.00  0.241112E+06 0.424003E+07 0.103651E+09 0.106966E+09
     1366.00  0.240980E+06 0.412006E+07 0.103041E+09 0.100581E+09
     1376.00  0.240813E+06 0.400275E+07 0.102422E+09 0.944568E+08
     1386.00  0.240610E+06 0.388805E+07 0.101795E+09 0.885869E+08
     1396.00  0.240374E+06 0.377592E+07 0.101159E+09 0.829651E+08
     1406.00  0.240104E+06 0.366632E+07 0.100515E+09 0.775851E+08
     1416.00  0.239801E+06 0.355920E+07 0.998631E+08 0.724409E+08
     1426.00  0.239465E+06 0.345452E+07 0.992040E+08 0.675265E+08
     1436.00  0.239098E+06 0.335225E+07 0.985377E+08 0.628358E+08
     1446.00  0.238699E+06 0.325233E+07 0.978647E+08 0.583631E+08
     1456.00  0.238270E+06 0.315474E+07 0.971850E+08 0.541025E+08
     1466.00  0.237810E+06 0.305942E+07 0.964992E+08 0.500484E+08
     1476.00  0.237320E+06 0.296635E+07 0.958073E+08 0.461953E+08
     1486.00  0.236802E+06 0.287547E+07 0.951098E+08 0.425376E+08
     1496.00  0.236254E+06 0.278676E+07 0.944070E+08 0.390699E+08
     1506.00  0.235679E+06 0.270018E+07 0.936991E+08 0.357871E+08
     1516.00  0.235077E+06 0.261568E+07 0.929863E+08 0.326838E+08
     1526.00  0.234448E+06 0.253323E+07 0.922691E+08 0.297550E+08
     1536.00  0.233792E+06 0.245279E+07 0.915475E+08 0.269956E+08
     1546.00  0.233111E+06 0.237433E+07 0.908220E+08 0.244006E+08
     1556.00  0.232405E+06 0.229781E+07 0.900926E+08 0.219653E+08
     1566.00  0.231673E+06 0.222319E+07 0.893597E+08 0.196847E+08
     1576.00  0.230918E+06 0.215043E+07 0.886234E+08 0.175544E+08
     1586.00  0.230139E+06 0.207951E+07 0.878842E+08 0.155696E+08
     1596.00  0.229337E+06 0.201039E+07 0.871421E+08 0.137259E+08
     1606.00  0.228513E+06 0.194304E+07 0.863974E+08 0.120189E+08
     1616.00  0.227666E+06 0.187742E+07 0.856504E+08 0.104442E+08
     1626.00  0.226798E+06 0.181349E+07 0.849013E+08 0.899751E+07
     1636.00  0.225910E+06 0.175123E+07 0.841503E+08 0.767474E+07
     1646.00  0.225000E+06 0.169061E+07 0.833976E+08 0.647179E+07
     1656.00  0.224071E+06 0.163159E+07 0.826435E+08 0.538464E+07
     1666.00  0.223122E+06 0.157414E+07 0.818880E+08 0.440936E+07
     1676.00  0.222155E+06 0.151823E+07 0.811315E+08 0.354212E+07
     1686.00  0.221169E+06 0.146383E+07 0.803741E+08 0.277914E+07
     1696.00  0.220165E+06 0.141090E+07 0.796161E+08 0.211674E+07
     1706.00  0.219143E+06 0.135943E+07 0.788576E+08 0.155130E+07
     1716.00  0.218105E+06 0.130939E+07 0.780989E+08 0.107930E+07
     1726.00  0.217050E+06 0.126073E+07 0.773401E+08 0.697258E+06
     1736.00  0.215980E+06 0.121344E+07 0.765814E+08 0.401803E+06
     1746.00  0.214894E+06 0.116749E+07 0.758231E+08 0.189619E+06
     1756.00  0.213793E+06 0.112284E+07 0.750652E+08 0.574663E+05
     1766.00  0.212678E+06 0.107948E+07 0.743079E+08 0.217783E+04
     1776.00  0.211548E+06 0.103738E+07 0.735515E+08 0.206576E+05
     1786.00  0.210406E+06 0.996499E+06 0.727960E+08 0.109880E+06
     1796.00  0.209250E+06 0.956826E+06 0.720417E+08 0.266887E+06
     1806.00  0.208081E+06 0.918331E+06 0.712887E+08 0.488793E+06
     1816.00  0.206901E+06 0.880989E+06 0.705371E+08 0.772776E+06
     1826.00  0.205708E+06 0.844776E+06 0.697872E+08 0.111608E+07
     1836.00  0.204505E+06 0.809666E+06 0.690391E+08 0.151603E+07
     1846.00  0.203290E+06 0.775637E+06 0.682928E+08 0.196998E+07
     1856.00  0.202066E+06 0.742664E+06 0.675486E+08 0.247540E+07
     1866.00  0.200831E+06 0.710724E+06 0.668066E+08 0.302977E+07
     1876.00  0.199586E+06 0.679795E+06 0.660668E+08 0.363066E+07
     1886.00  0.198333E+06 0.649852E+06 0.653294E+08 0.427571E+07
     1896.00  0.197070E+06 0.620876E+06 0.645946E+08 0.496260E+07
     1906.00  0.195800E+06 0.592843E+06 0.638625E+08 0.568907E+07
     1916.00  0.194521E+06 0.565732E+06 0.631331E+08 0.645294E+07
     1926.00  0.193235E+06 0.539523E+06 0.624067E+08 0.725206E+07
     1936.00  0.191941E+06 0.514194E+06 0.616832E+08 0.808436E+07
     1946.00  0.190641E+06 0.489725E+06 0.609629E+08 0.894782E+07
     1956.00  0.189334E+06 0.466097E+06 0.602458E+08 0.984045E+07
     1966.00  0.188021E+06 0.443288E+06 0.595320E+08 0.107604E+08
     1976.00  0.186702E+06 0.421281E+06 0.588216E+08 0.117057E+08
     1986.00  0.185378E+06 0.400055E+06 0.581147E+08 0.126746E+08
     1996.00  0.184049E+06 0.379593E+06 0.574113E+08 0.136653E+08
     2006.00  0.182715E+06 0.359875E+06 0.567117E+08 0.146762E+08
     2016.00  0.181376E+06 0.340884E+06 0.560158E+08 0.157055E+08
     2026.00  0.180034E+06 0.322602E+06 0.553238E+08 0.167517E+08
     2036.00  0.178687E+06 0.305011E+06 0.546357E+08 0.178131E+08
     2046.00  0.177338E+06 0.288095E+06 0.539517E+08 0.188884E+08
     2056.00  0.175985E+06 0.271836E+06 0.532717E+08 0.199760E+08
     2066.00  0.174630E+06 0.256219E+06 0.525959E+08 0.210745E+08
     2076.00  0.173272E+06 0.241226E+06 0.519244E+08 0.221825E+08
     2086.00  0.171912E+06 0.226841E+06 0.512571E+08 0.232986E+08
     2096.00  0.170550E+06 0.213050E+06 0.505942E+08 0.244217E+08
     2106.00  0.169187E+06 0.199837E+06 0.499357E+08 0.255504E+08
     2116.00  0.167823E+06 0.187187E+06 0.492817E+08 0.266836E+08
     2126.00  0.166457E+06 0.175084E+06 0.486323E+08 0.278200E+08
     2136.00  0.165091E+06 0.163514E+06 0.479874E+08 0.289585E+08
     2146.00  0.163724E+06 0.152464E+06 0.473472E+08 0.300981E+08
     2156.00  0.162357E+06 0.141918E+06 0.467117E+08 0.312377E+08
     2166.00  0.160991E+06 0.131864E+06 0.460809E+08 0.323764E+08
     2176.00  0.159625E+06 0.122288E+06 0.454549E+08 0.335130E+08
     2186.00  0.158259E+06 0.113177E+06 0.448338E+08 0.346467E+08
     2196.00  0.156894E+06 0.104517E+06 0.442176E+08 0.357767E+08
     2206.00  0.155531E+06 0.962959E+05 0.436062E+08 0.369019E+08
     2216.00  0.154169E+06 0.885014E+05 0.429998E+08 0.380216E+08
     2226.00  0.152808E+06 0.811212E+05 0.423983E+08 0.391349E+08
     2236.00  0.151449E+06 0.741434E+05 0.418019E+08 0.402412E+08
     2246.00  0.150092E+06 0.675561E+05 0.412105E+08 0.413396E+08
     2256.00  0.148738E+06 0.613479E+05 0.406241E+08 0.424295E+08
     2266.00  0.147385E+06 0.555075E+05 0.400428E+08 0.435101E+08
     2276.00  0.146036E+06 0.500240E+05 0.394666E+08 0.445809E+08
     2286.00  0.144689E+06 0.448864E+05 0.388956E+08 0.456411E+08
     2296.00  0.143346E+06 0.400843E+05 0.383296E+08 0.466903E+08
     2306.00  0.142005E+06 0.356072E+05 0.377689E+08 0.477279E+08
     2316.00  0.140668E+06 0.314450E+05 0.372133E+08 0.487532E+08
     2326.00  0.139335E+06 0.275878E+05 0.366629E+08 0.497659E+08
     2336.00  0.138005E+06 0.240258E+05 0.361177E+08 0.507653E+08
     2346.00  0.136680E+06 0.207495E+05 0.355777E+08 0.517511E+08
     2356.00  0.135358E+06 0.177496E+05 0.350429E+08 0.527228E+08
     2366.00  0.134041E+06 0.150171E+05 0.345133E+08 0.536799E+08
     2376.00  0.132728E+06 0.125429E+05 0.339889E+08 0.546222E+08
     2386.00  0.131420E+06 0.103184E+05 0.334698E+08 0.555492E+08
     2396.00  0.130116E+06 0.833506E+04 0.329559E+08 0.564607E+08
     2406.00  0.128818E+06 0.658452E+04 0.324472E+08 0.573562E+08
     2416.00  0.127524E+06 0.505863E+04 0.319438E+08 0.582355E+08
     2426.00  0.126236E+06 0.374944E+04 0.314456E+08 0.590982E+08
     2436.00  0.124953E+06 0.264914E+04 0.309526E+08 0.599442E+08
     2446.00  0.123676E+06 0.175012E+04 0.304649E+08 0.607732E+08
     2456.00  0.122404E+06 0.104495E+04 0.299824E+08 0.615850E+08
     2466.00  0.121138E+06 0.526356E+03 0.295050E+08 0.623793E+08
     2476.00  0.119877E+06 0.187248E+03 0.290329E+08 0.631559E+08
     2486.00  0.118623E+06 0.206928E+02 0.285660E+08 0.639148E+08
     2496.00  0.117374E+06 0.199214E+02 0.281042E+08 0.646557E+08
     2506.00  0.116132E+06 0.178327E+03 0.276477E+08 0.653785E+08
     2516.00  0.114897E+06 0.489462E+03 0.271962E+08 0.660831E+08
     2526.00  0.113667E+06 0.947031E+03 0.267500E+08 0.667694E+08
     2536.00  0.112444E+06 0.154489E+04 0.263088E+08 0.674373E+08
     2546.00  0.111228E+06 0.227706E+04 0.258728E+08 0.680867E+08
     2556.00  0.110018E+06 0.313769E+04 0.254419E+08 0.687176E+08
     2566.00  0.108816E+06 0.412109E+04 0.250160E+08 0.693298E+08
     2576.00  0.107620E+06 0.522169E+04 0.245952E+08 0.699234E+08
     2586.00  0.106431E+06 0.643409E+04 0.241795E+08 0.704984E+08
     2596.00  0.105249E+06 0.775301E+04 0.237687E+08 0.710547E+08
     2606.00  0.104074E+06 0.917331E+04 0.233630E+08 0.715923E+08
     2616.00  0.102906E+06 0.106900E+05 0.229622E+08 0.721112E+08
     2626.00  0.101746E+06 0.122981E+05 0.225664E+08 0.726115E+08
     2636.00  0.100593E+06 0.139930E+05 0.221755E+08 0.730931E+08
     2646.00  0.994470E+05 0.157700E+05 0.217895E+08 0.735562E+08
     2656.00  0.983087E+05 0.176246E+05 0.214084E+08 0.740008E+08
     2666.00  0.971779E+05 0.195525E+05 0.210321E+08 0.744270E+08
     2676.00  0.960547E+05 0.215493E+05 0.206607E+08 0.748347E+08
     2686.00  0.949391E+05 0.236110E+05 0.202940E+08 0.752242E+08
     2696.00  0.938311E+05 0.257335E+05 0.199321E+08 0.755954E+08
     2706.00  0.927309E+05 0.279128E+05 0.195750E+08 0.759486E+08
     2716.00  0.916384E+05 0.301453E+05 0.192225E+08 0.762837E+08
     2726.00  0.905536E+05 0.324271E+05 0.188747E+08 0.766008E+08
     2736.00  0.894767E+05 0.347547E+05 0.185316E+08 0.769002E+08
     2746.00  0.884076E+05 0.371245E+05 0.181931E+08 0.771820E+08
     2756.00  0.873464E+05 0.395333E+05 0.178592E+08 0.774462E+08
     2766.00  0.862932E+05 0.419777E+05 0.175298E+08 0.776930E+08
     2776.00  0.852479E+05 0.444546E+05 0.172050E+08 0.779226E+08
     2786.00  0.842106E+05 0.469608E+05 0.168846E+08 0.781351E+08
     2796.00  0.831814E+05 0.494934E+05 0.165687E+08 0.783307E+08
     2806.00  0.821602E+05 0.520494E+05 0.162572E+08 0.785095E+08
     2816.00  0.811470E+05 0.546260E+05 0.159501E+08 0.786717E+08
     2826.00  0.801419E+05 0.572205E+05 0.156474E+08 0.788175E+08
     2836.00  0.791450E+05 0.598303E+05 0.153490E+08 0.789471E+08
     2846.00  0.781561E+05 0.624528E+05 0.150548E+08 0.790605E+08
     2856.00  0.771753E+05 0.650856E+05 0.147650E+08 0.791581E+08
     2866.00  0.762027E+05 0.677262E+05 0.144793E+08 0.792400E+08
     2876.00  0.752382E+05 0.703723E+05 0.141978E+08 0.793064E+08
     2886.00  0.742819E+05 0.730218E+05 0.139205E+08 0.793575E+08
     2896.00  0.733338E+05 0.756724E+05 0.136472E+08 0.793935E+08
     2906.00  0.723938E+05 0.783221E+05 0.133781E+08 0.794145E+08
     2916.00  0.714620E+05 0.809689E+05 0.131130E+08 0.794209E+08
     2926.00  0.705383E+05 0.836108E+05 0.128519E+08 0.794128E+08
     2936.00  0.696228E+05 0.862461E+05 0.125947E+08 0.793905E+08
     2946.00  0.687155E+05 0.888728E+05 0.123415E+08 0.793541E+08
     2956.00  0.678163E+05 0.914893E+05 0.120922E+08 0.793038E+08
     2966.00  0.669253E+05 0.940939E+05 0.118467E+08 0.792399E+08
     2976.00  0.660425E+05 0.966849E+05 0.116050E+08 0.791626E+08
     2986.00  0.651677E+05 0.992610E+05 0.113671E+08 0.790720E+08
     2996.00  0.643011E+05 0.101821E+06 0.111330E+08 0.789685E+08
     3006.00  0.634425E+05 0.104362E+06 0.109025E+08 0.788522E+08
     3016.00  0.625921E+05 0.106884E+06 0.106758E+08 0.787234E+08
     3026.00  0.617497E+05 0.109386E+06 0.104526E+08 0.785823E+08
     3036.00  0.609154E+05 0.111866E+06 0.102331E+08 0.784290E+08
     3046.00  0.600891E+05 0.114323E+06 0.100170E+08 0.782639E+08
     3056.00  0.592708E+05 0.116756E+06 0.980456E+07 0.780872E+08
     3066.00  0.584606E+05 0.119163E+06 0.959555E+07 0.778990E+08
     3076.00  0.576583E+05 0.121544E+06 0.938999E+07 0.776997E+08
     3086.00  0.568639E+05 0.123898E+06 0.918782E+07 0.774894E+08
     3096.00  0.560775E+05 0.126224E+06 0.898902E+07 0.772683E+08
     3106.00  0.552990E+05 0.128521E+06 0.879355E+07 0.770367E+08
     3116.00  0.545283E+05 0.130787E+06 0.860137E+07 0.767949E+08
     3126.00  0.537655E+05 0.133023E+06 0.841244E+07 0.765429E+08
     3136.00  0.530105E+05 0.135228E+06 0.822672E+07 0.762811E+08
     3146.00  0.522633E+05 0.137400E+06 0.804419E+07 0.760096E+08
     3156.00  0.515238E+05 0.139539E+06 0.786479E+07 0.757288E+08
     3166.00  0.507921E+05 0.141645E+06 0.768850E+07 0.754387E+08
     3176.00  0.500680E+05 0.143716E+06 0.751528E+07 0.751397E+08
     3186.00  0.493516E+05 0.145753E+06 0.734509E+07 0.748319E+08
     3196.00  0.486428E+05 0.147755E+06 0.717790E+07 0.745156E+08
     3206.00  0.479416E+05 0.149721E+06 0.701366E+07 0.741911E+08
     3216.00  0.472480E+05 0.151651E+06 0.685235E+07 0.738584E+08
     3226.00  0.465619E+05 0.153545E+06 0.669392E+07 0.735179E+08
     3236.00  0.458832E+05 0.155401E+06 0.653834E+07 0.731697E+08
     3246.00  0.452120E+05 0.157220E+06 0.638558E+07 0.728140E+08
     3256.00  0.445482E+05 0.159002E+06 0.623560E+07 0.724511E+08
     3266.00  0.438918E+05 0.160746E+06 0.608836E+07 0.720812E+08
     3276.00  0.432426E+05 0.162451E+06 0.594382E+07 0.717045E+08
     3286.00  0.426008E+05 0.164118E+06 0.580196E+07 0.713211E+08
     3296.00  0.419662E+05 0.165747E+06 0.566274E+07 0.709313E+08
     3306.00  0.413388E+05 0.167337E+06 0.552612E+07 0.705354E+08
     3316.00  0.407185E+05 0.168888E+06 0.539206E+07 0.701334E+08
     3326.00  0.401054E+05 0.170400E+06 0.526055E+07 0.697256E+08
     3336.00  0.394993E+05 0.171873E+06 0.513153E+07 0.693122E+08
     3346.00  0.389002E+05 0.173307E+06 0.500498E+07 0.688935E+08
     3356.00  0.383082E+05 0.174701E+06 0.488086E+07 0.684695E+08
     3366.00  0.377230E+05 0.176056E+06 0.475914E+07 0.680405E+08
     3376.00  0.371448E+05 0.177372E+06 0.463979E+07 0.676066E+08
     3386.00  0.365734E+05 0.178649E+06 0.452277E+07 0.671681E+08
     3396.00  0.360088E+05 0.179887E+06 0.440805E+07 0.667252E+08
     3406.00  0.354510E+05 0.181085E+06 0.429560E+07 0.662779E+08
     3416.00  0.348999E+05 0.182244E+06 0.418538E+07 0.658266E+08
     3426.00  0.343554E+05 0.183364E+06 0.407736E+07 0.653713E+08
     3436.00  0.338175E+05 0.184446E+06 0.397151E+07 0.649123E+08
     3446.00  0.332862E+05 0.185488E+06 0.386781E+07 0.644498E+08
     3456.00  0.327614E+05 0.186492E+06 0.376621E+07 0.639838E+08
     3466.00  0.322431E+05 0.187458E+06 0.366669E+07 0.635146E+08
     3476.00  0.317311E+05 0.188385E+06 0.356921E+07 0.630423E+08
     3486.00  0.312256E+05 0.189274E+06 0.347375E+07 0.625671E+08
     3496.00  0.307264E+05 0.190125E+06 0.338027E+07 0.620892E+08
     3506.00  0.302334E+05 0.190938E+06 0.328875E+07 0.616087E+08
     3516.00  0.297467E+05 0.191714E+06 0.319915E+07 0.611259E+08
     3526.00  0.292661E+05 0.192453E+06 0.311145E+07 0.606407E+08
     3536.00  0.287916E+05 0.193155E+06 0.302562E+07 0.601534E+08
     3546.00  0.283233E+05 0.193820E+06 0.294162E+07 0.596642E+08
     3556.00  0.278609E+05 0.194448E+06 0.285943E+07 0.591732E+08
     3566.00  0.274045E+05 0.195041E+06 0.277902E+07 0.586804E+08
     3576.00  0.269540E+05 0.195597E+06 0.270036E+07 0.581862E+08
     3586.00  0.265094E+05 0.196118E+06 0.262342E+07 0.576906E+08
     3596.00  0.260706E+05 0.196603E+06 0.254818E+07 0.571937E+08
     3606.00  0.256376E+05 0.197054E+06 0.247461E+07 0.566957E+08
     3616.00  0.252103E+05 0.197470E+06 0.240268E+07 0.561968E+08
     3626.00  0.247886E+05 0.197852E+06 0.233236E+07 0.556970E+08
     3636.00  0.243726E+05 0.198199E+06 0.226363E+07 0.551965E+08
     3646.00  0.239621E+05 0.198514E+06 0.219647E+07 0.546954E+08
     3656.00  0.235572E+05 0.198795E+06 0.213084E+07 0.541939E+08
     3666.00  0.231577E+05 0.199043E+06 0.206672E+07 0.536920E+08
     3676.00  0.227636E+05 0.199259E+06 0.200408E+07 0.531899E+08
     3686.00  0.223749E+05 0.199442E+06 0.194290E+07 0.526877E+08
     3696.00  0.219915E+05 0.199594E+06 0.188316E+07 0.521855E+08
     3706.00  0.216134E+05 0.199714E+06 0.182483E+07 0.516835E+08
     3716.00  0.212405E+05 0.199804E+06 0.176788E+07 0.511817E+08
     3726.00  0.208727E+05 0.199863E+06 0.171229E+07 0.506802E+08
     3736.00  0.205101E+05 0.199892E+06 0.165804E+07 0.501792E+08
     3746.00  0.201525E+05 0.199891E+06 0.160511E+07 0.496787E+08
     3756.00  0.197999E+05 0.199860E+06 0.155346E+07 0.491789E+08
     3766.00  0.194523E+05 0.199801E+06 0.150309E+07 0.486799E+08
     3776.00  0.191097E+05 0.199713E+06 0.145396E+07 0.481817E+08
     3786.00  0.187718E+05 0.199598E+06 0.140605E+07 0.476845E+08
     3796.00  0.184388E+05 0.199454E+06 0.135934E+07 0.471883E+08
     3806.00  0.181106E+05 0.199283E+06 0.131381E+07 0.466933E+08
     3816.00  0.177871E+05 0.199086E+06 0.126944E+07 0.461995E+08
     3826.00  0.174683E+05 0.198862E+06 0.122620E+07 0.457070E+08
     3836.00  0.171540E+05 0.198612E+06 0.118408E+07 0.452159E+08
     3846.00  0.168444E+05 0.198336E+06 0.114305E+07 0.447262E+08
     3856.00  0.165393E+05 0.198035E+06 0.110309E+07 0.442381E+08
     3866.00  0.162386E+05 0.197710E+06 0.106419E+07 0.437517E+08
     3876.00  0.159424E+05 0.197360E+06 0.102631E+07 0.432670E+08
     3886.00  0.156505E+05 0.196986E+06 0.989456E+06 0.427840E+08
     3896.00  0.153630E+05 0.196589E+06 0.953591E+06 0.423029E+08
     3906.00  0.150798E+05 0.196169E+06 0.918700E+06 0.418237E+08
     3916.00  0.148008E+05 0.195726E+06 0.884765E+06 0.413466E+08
     3926.00  0.145260E+05 0.195262E+06 0.851766E+06 0.408714E+08
     3936.00  0.142553E+05 0.194775E+06 0.819684E+06 0.403984E+08
     3946.00  0.139888E+05 0.194267E+06 0.788503E+06 0.399276E+08
     3956.00  0.137262E+05 0.193738E+06 0.758203E+06 0.394591E+08
     3966.00  0.134677E+05 0.193189E+06 0.728767E+06 0.389928E+08
     3976.00  0.132132E+05 0.192619E+06 0.700177E+06 0.385289E+08
     3986.00  0.129626E+05 0.192030E+06 0.672417E+06 0.380674E+08
     3996.00  0.127158E+05 0.191422E+06 0.645469E+06 0.376084E+08
     4006.00  0.124729E+05 0.190795E+06 0.619316E+06 0.371518E+08
     4016.00  0.122337E+05 0.190150E+06 0.593942E+06 0.366979E+08
     4026.00  0.119983E+05 0.189486E+06 0.569331E+06 0.362465E+08
     4036.00  0.117666E+05 0.188805E+06 0.545467E+06 0.357979E+08
     4046.00  0.115385E+05 0.188107E+06 0.522333E+06 0.353519E+08
     4056.00  0.113140E+05 0.187392E+06 0.499915E+06 0.349086E+08
     4066.00  0.110931E+05 0.186661E+06 0.478196E+06 0.344682E+08
     4076.00  0.108757E+05 0.185914E+06 0.457163E+06 0.340306E+08
     4086.00  0.106618E+05 0.185151E+06 0.436800E+06 0.335958E+08
     4096.00  0.104513E+05 0.184373E+06 0.417092E+06 0.331640E+08
     4106.00  0.102442E+05 0.183580E+06 0.398025E+06 0.327350E+08
     4116.00  0.100404E+05 0.182773E+06 0.379585E+06 0.323091E+08
     4126.00  0.983996E+04 0.181952E+06 0.361758E+06 0.318861E+08
     4136.00  0.964278E+04 0.181117E+06 0.344530E+06 0.314662E+08
     4146.00  0.944883E+04 0.180269E+06 0.327887E+06 0.310494E+08
     4156.00  0.925807E+04 0.179408E+06 0.311817E+06 0.306356E+08
     4166.00  0.907044E+04 0.178535E+06 0.296306E+06 0.302249E+08
     4176.00  0.888593E+04 0.177649E+06 0.281341E+06 0.298174E+08
     4186.00  0.870448E+04 0.176752E+06 0.266909E+06 0.294131E+08
     4196.00  0.852605E+04 0.175843E+06 0.252999E+06 0.290119E+08
     4206.00  0.835061E+04 0.174923E+06 0.239598E+06 0.286139E+08
     4216.00  0.817812E+04 0.173993E+06 0.226693E+06 0.282192E+08
     4226.00  0.800854E+04 0.173052E+06 0.214273E+06 0.278277E+08
     4236.00  0.784183E+04 0.172101E+06 0.202327E+06 0.274394E+08
     4246.00  0.767796E+04 0.171141E+06 0.190842E+06 0.270544E+08
     4256.00  0.751688E+04 0.170172E+06 0.179808E+06 0.266728E+08
     4266.00  0.735857E+04 0.169193E+06 0.169213E+06 0.262944E+08
     4276.00  0.720298E+04 0.168206E+06 0.159046E+06 0.259193E+08
     4286.00  0.705007E+04 0.167210E+06 0.149298E+06 0.255476E+08
     4296.00  0.689982E+04 0.166207E+06 0.139957E+06 0.251792E+08
     4306.00  0.675218E+04 0.165196E+06 0.131012E+06 0.248141E+08
     4316.00  0.660712E+04 0.164178E+06 0.122455E+06 0.244525E+08
     4326.00  0.646460E+04 0.163152E+06 0.114274E+06 0.240941E+08
     4336.00  0.632459E+04 0.162120E+06 0.106460E+06 0.237392E+08
     4346.00  0.618706E+04 0.161081E+06 0.990038E+05 0.233876E+08
     4356.00  0.605197E+04 0.160037E+06 0.918955E+05 0.230393E+08
     4366.00  0.591928E+04 0.158986E+06 0.851258E+05 0.226945E+08
     4376.00  0.578897E+04 0.157931E+06 0.786858E+05 0.223530E+08
     4386.00  0.566099E+04 0.156869E+06 0.725664E+05 0.220150E+08
     4396.00  0.553533E+04 0.155803E+06 0.667589E+05 0.216803E+08
     4406.00  0.541193E+04 0.154733E+06 0.612547E+05 0.213489E+08
     4416.00  0.529078E+04 0.153658E+06 0.560453E+05 0.210210E+08
     4426.00  0.517184E+04 0.152578E+06 0.511226E+05 0.206964E+08
     4436.00  0.505507E+04 0.151495E+06 0.464782E+05 0.203753E+08
     4446.00  0.494046E+04 0.150409E+06 0.421044E+05 0.200574E+08
     4456.00  0.482795E+04 0.149319E+06 0.379932E+05 0.197430E+08
     4466.00  0.471754E+04 0.148226E+06 0.341370E+05 0.194319E+08
     4476.00  0.460917E+04 0.147130E+06 0.305284E+05 0.191242E+08
     4486.00  0.450283E+04 0.146032E+06 0.271598E+05 0.188198E+08
     4511.00  0.424565E+04 0.143277E+06 0.197421E+05 0.180734E+08
     4536.00  0.400047E+04 0.140511E+06 0.136715E+05 0.173478E+08
     4561.00  0.376686E+04 0.137738E+06 0.884476E+04 0.166427E+08
     4586.00  0.354437E+04 0.134961E+06 0.516361E+04 0.159580E+08
     4611.00  0.333260E+04 0.132184E+06 0.253494E+04 0.152935E+08
     4636.00  0.313113E+04 0.129409E+06 0.870496E+03 0.146490E+08
     4661.00  0.293957E+04 0.126640E+06 0.867569E+02 0.140243E+08
     4686.00  0.275752E+04 0.123880E+06 0.104720E+03 0.134189E+08
     4711.00  0.258461E+04 0.121130E+06 0.849751E+03 0.128328E+08
     4736.00  0.242048E+04 0.118394E+06 0.225142E+04 0.122656E+08
     4761.00  0.226478E+04 0.115675E+06 0.424331E+04 0.117170E+08
     4786.00  0.211716E+04 0.112973E+06 0.676292E+04 0.111867E+08
     4811.00  0.197729E+04 0.110292E+06 0.975144E+04 0.106744E+08
     4836.00  0.184486E+04 0.107634E+06 0.131536E+05 0.101797E+08
     4861.00  0.171953E+04 0.104999E+06 0.169177E+05 0.970226E+07
     4886.00  0.160103E+04 0.102391E+06 0.209950E+05 0.924182E+07
     4911.00  0.148905E+04 0.998106E+05 0.253403E+05 0.879798E+07
     4936.00  0.138332E+04 0.972592E+05 0.299110E+05 0.837038E+07
     4961.00  0.128355E+04 0.947384E+05 0.346677E+05 0.795866E+07
     4986.00  0.118949E+04 0.922495E+05 0.395734E+05 0.756246E+07
     5011.00  0.110088E+04 0.897937E+05 0.445941E+05 0.718140E+07
     5036.00  0.101748E+04 0.873720E+05 0.496980E+05 0.681513E+07
     5061.00  0.939048E+03 0.849855E+05 0.548557E+05 0.646326E+07
     5086.00  0.865355E+03 0.826351E+05 0.600401E+05 0.612542E+07
     5111.00  0.796182E+03 0.803216E+05 0.652262E+05 0.580125E+07
     5136.00  0.731315E+03 0.780457E+05 0.703913E+05 0.549038E+07
     5161.00  0.670550E+03 0.758081E+05 0.755141E+05 0.519245E+07
     5186.00  0.613689E+03 0.736092E+05 0.805757E+05 0.490707E+07
     5211.00  0.560542E+03 0.714497E+05 0.855586E+05 0.463390E+07
     5236.00  0.510927E+03 0.693299E+05 0.904470E+05 0.437256E+07
     5261.00  0.464667E+03 0.672502E+05 0.952267E+05 0.412271E+07
     5286.00  0.421594E+03 0.652108E+05 0.998850E+05 0.388399E+07
     5311.00  0.381544E+03 0.632120E+05 0.104411E+06 0.365605E+07
     5336.00  0.344362E+03 0.612539E+05 0.108793E+06 0.343855E+07
     5361.00  0.309899E+03 0.593365E+05 0.113024E+06 0.323114E+07
     5386.00  0.278009E+03 0.574600E+05 0.117096E+06 0.303350E+07
     5411.00  0.248554E+03 0.556243E+05 0.121002E+06 0.284529E+07
     5436.00  0.221404E+03 0.538293E+05 0.124736E+06 0.266618E+07
     5461.00  0.196430E+03 0.520749E+05 0.128294E+06 0.249587E+07
     5511.00  0.152531E+03 0.486874E+05 0.134868E+06 0.218036E+07
     5561.00  0.115947E+03 0.454598E+05 0.140703E+06 0.189635E+07
     5611.00  0.858437E+02 0.423899E+05 0.145790E+06 0.164149E+07
     5661.00  0.614601E+02 0.394747E+05 0.150131E+06 0.141359E+07
     5711.00  0.421024E+02 0.367110E+05 0.153736E+06 0.121051E+07
     5761.00  0.271396E+02 0.340951E+05 0.156621E+06 0.103026E+07
     5811.00  0.159995E+02 0.316229E+05 0.158808E+06 0.870929E+06
     5861.00  0.816386E+01 0.292902E+05 0.160326E+06 0.730729E+06
     5911.00  0.316517E+01 0.270924E+05 0.161206E+06 0.607969E+06
     5961.00  0.582320E+00 0.250249E+05 0.161481E+06 0.501061E+06
     6011.00  0.372692E-01 0.230828E+05 0.161190E+06 0.408519E+06
     6061.00  0.119165E+01 0.212612E+05 0.160368E+06 0.328956E+06
     6111.00  0.374357E+01 0.195551E+05 0.159057E+06 0.261079E+06
     6161.00  0.742465E+01 0.179596E+05 0.157294E+06 0.203685E+06
     6211.00  0.119972E+02 0.164697E+05 0.155120E+06 0.155660E+06
     6261.00  0.172517E+02 0.150804E+05 0.152574E+06 0.115977E+06
     6311.00  0.230042E+02 0.137869E+05 0.149693E+06 0.836857E+05
     6361.00  0.290941E+02 0.125843E+05 0.146516E+06 0.579136E+05
     6411.00  0.353820E+02 0.114679E+05 0.143079E+06 0.378614E+05
     6461.00  0.417477E+02 0.104331E+05 0.139416E+06 0.227979E+05
     6511.00  0.480886E+02 0.947534E+04 0.135561E+06 0.120570E+05
     6561.00  0.543175E+02 0.859026E+04 0.131545E+06 0.503344E+04
     6611.00  0.603613E+02 0.777361E+04 0.127399E+06 0.117931E+04
     6661.00  0.661599E+02 0.702129E+04 0.123149E+06 0.786773E-02
     6711.00  0.716641E+02 0.632934E+04 0.118824E+06 0.105089E+04
     6761.00  0.768348E+02 0.569396E+04 0.114446E+06 0.393371E+04
     6811.00  0.816420E+02 0.511150E+04 0.110039E+06 0.829326E+04
     6861.00  0.860635E+02 0.457848E+04 0.105623E+06 0.138142E+05
     6911.00  0.900841E+02 0.409155E+04 0.101218E+06 0.202178E+05
     6961.00  0.936945E+02 0.364754E+04 0.968412E+05 0.272594E+05
     7011.00  0.968907E+02 0.324342E+04 0.925077E+05 0.347251E+05
     7061.00  0.996735E+02 0.287633E+04 0.882319E+05 0.424295E+05
     7111.00  0.102047E+03 0.254355E+04 0.840264E+05 0.502130E+05
     7161.00  0.104020E+03 0.224250E+04 0.799022E+05 0.579394E+05
     7211.00  0.105602E+03 0.197075E+04 0.758688E+05 0.654941E+05
     7261.00  0.106806E+03 0.172603E+04 0.719348E+05 0.727813E+05
     7311.00  0.107647E+03 0.150616E+04 0.681072E+05 0.797229E+05
     7361.00  0.108142E+03 0.130914E+04 0.643920E+05 0.862557E+05
     7411.00  0.108307E+03 0.113306E+04 0.607939E+05 0.923308E+05
     7511.00  0.107724E+03 0.836773E+03 0.539641E+05 0.102971E+06
     7611.00  0.106049E+03 0.604478E+03 0.476379E+05 0.111471E+06
     7711.00  0.103439E+03 0.425061E+03 0.418230E+05 0.117791E+06
     7811.00  0.100045E+03 0.288950E+03 0.365166E+05 0.121989E+06
     7911.00  0.960129E+02 0.187963E+03 0.317075E+05 0.124195E+06
     8011.00  0.914802E+02 0.115154E+03 0.273778E+05 0.124587E+06
     8111.00  0.865726E+02 0.646690E+02 0.235048E+05 0.123370E+06
     8211.00  0.814044E+02 0.316173E+02 0.200620E+05 0.120766E+06
     8311.00  0.760771E+02 0.119441E+02 0.170206E+05 0.117000E+06
     8411.00  0.706802E+02 0.231979E+01 0.143502E+05 0.112290E+06
     8511.00  0.652909E+02 0.372854E-01 0.120201E+05 0.106843E+06
     8611.00  0.599749E+02 0.292052E+01 0.999946E+04 0.100852E+06
     8711.00  0.547872E+02 0.924256E+01 0.825833E+04 0.944905E+05
     8811.00  0.497726E+02 0.176535E+02 0.676776E+04 0.879122E+05
     8911.00  0.449670E+02 0.271169E+02 0.550029E+04 0.812511E+05
     9011.00  0.403981E+02 0.368552E+02 0.443006E+04 0.746209E+05
     9111.00  0.360861E+02 0.463014E+02 0.353306E+04 0.681165E+05
     9211.00  0.320448E+02 0.550590E+02 0.278714E+04 0.618148E+05
     9311.00  0.282827E+02 0.628667E+02 0.217211E+04 0.557764E+05
     9411.00  0.248030E+02 0.695700E+02 0.166965E+04 0.500471E+05
     9511.00  0.216051E+02 0.750960E+02 0.126332E+04 0.446596E+05
     9611.00  0.186850E+02 0.794338E+02 0.938445E+03 0.396351E+05
     9711.00  0.160355E+02 0.826176E+02 0.682048E+03 0.349849E+05
     9811.00  0.136475E+02 0.847135E+02 0.482721E+03 0.307123E+05
     9911.00  0.115097E+02 0.858085E+02 0.330520E+03 0.268135E+05
    10011.00  0.960968E+01 0.860026E+02 0.216838E+03 0.232792E+05
    10111.00  0.793378E+01 0.854017E+02 0.134284E+03 0.200958E+05
    10211.00  0.646773E+01 0.841130E+02 0.765610E+02 0.172464E+05
    10311.00  0.519679E+01 0.822412E+02 0.383519E+02 0.147117E+05
    10411.00  0.410602E+01 0.798858E+02 0.152047E+02 0.124708E+05
    10511.00  0.318050E+01 0.771395E+02 0.342972E+01 0.105017E+05
    10611.00  0.240548E+01 0.740873E+02 0.115484E-02 0.878226E+04
    10711.00  0.176654E+01 0.708054E+02 0.246753E+01 0.729036E+04
    10811.00  0.124969E+01 0.673617E+02 0.886974E+01 0.600435E+04
    10911.00  0.841481E+00 0.638156E+02 0.176671E+02 0.490331E+04
    11011.00  0.529091E+00 0.602182E+02 0.276714E+02 0.396732E+04
    11111.00  0.300351E+00 0.566133E+02 0.379879E+02 0.317761E+04
    11211.00  0.143813E+00 0.530375E+02 0.479639E+02 0.251664E+04
    11311.00  0.487751E-01 0.495211E+02 0.571440E+02 0.196822E+04
    11411.00  0.530077E-02 0.460887E+02 0.652308E+02 0.151747E+04
    11511.00  0.422931E-02 0.427600E+02 0.720519E+02 0.115087E+04
    11611.00  0.371766E-01 0.395501E+02 0.775316E+02 0.856210E+03
    11711.00  0.965293E-01 0.364705E+02 0.816672E+02 0.622557E+03
    11811.00  0.175433E+00 0.335293E+02 0.845094E+02 0.440183E+03
    11911.00  0.267774E+00 0.307318E+02 0.861465E+02 0.300503E+03
    12011.00  0.368155E+00 0.280812E+02 0.866904E+02 0.195995E+03
    12111.00  0.471875E+00 0.255785E+02 0.862678E+02 0.120126E+03
    12211.00  0.574891E+00 0.232234E+02 0.850107E+02 0.672598E+02
    12311.00  0.673789E+00 0.210142E+02 0.830512E+02 0.325814E+02
    12411.00  0.765754E+00 0.189482E+02 0.805167E+02 0.120121E+02
    12511.00  0.848522E+00 0.170219E+02 0.775266E+02 0.213192E+01
    12611.00  0.920352E+00 0.152313E+02 0.741906E+02 0.104710E+00
    12711.00  0.979979E+00 0.135720E+02 0.706069E+02 0.360757E+01
    12811.00  0.102657E+01 0.120390E+02 0.668620E+02 0.107649E+02
    12911.00  0.105971E+01 0.106273E+02 0.630310E+02 0.200875E+02
    13011.00  0.107931E+01 0.933183E+01 0.591773E+02 0.304171E+02
    13111.00  0.108563E+01 0.814722E+01 0.553537E+02 0.408754E+02
    13211.00  0.107916E+01 0.706822E+01 0.516031E+02 0.508193E+02
    13311.00  0.106068E+01 0.608954E+01 0.479595E+02 0.597995E+02
    13411.00  0.103111E+01 0.520594E+01 0.444487E+02 0.675255E+02
    13511.00  0.991584E+00 0.441221E+01 0.410899E+02 0.738339E+02
    13611.00  0.943313E+00 0.370321E+01 0.378958E+02 0.786610E+02
    13711.00  0.887624E+00 0.307388E+01 0.348745E+02 0.820197E+02
    13811.00  0.825897E+00 0.251924E+01 0.320298E+02 0.839799E+02
    13911.00  0.759536E+00 0.203439E+01 0.293618E+02 0.846509E+02
    14011.00  0.689953E+00 0.161451E+01 0.268682E+02 0.841690E+02
    14111.00  0.618531E+00 0.125487E+01 0.245443E+02 0.826850E+02
    14211.00  0.546607E+00 0.950846E+00 0.223839E+02 0.803560E+02
    14311.00  0.475454E+00 0.697899E+00 0.203799E+02 0.773383E+02
    14411.00  0.406260E+00 0.491598E+00 0.185242E+02 0.737818E+02
    14511.00  0.340116E+00 0.327621E+00 0.168082E+02 0.698267E+02
    14611.00  0.278002E+00 0.201768E+00 0.152235E+02 0.656006E+02
    14711.00  0.220782E+00 0.109960E+00 0.137613E+02 0.612168E+02
    14811.00  0.169190E+00 0.482592E-01 0.124134E+02 0.567737E+02
    14911.00  0.123833E+00 0.128732E-01 0.111717E+02 0.523550E+02
    15011.00  0.851853E-01 0.168432E-03 0.100285E+02 0.480295E+02
    15111.00  0.535874E-01 0.668115E-02 0.897663E+01 0.438523E+02
    15211.00  0.292512E-01 0.291283E-01 0.800951E+01 0.398661E+02
    15311.00  0.122619E-01 0.644185E-01 0.712096E+01 0.361017E+02
    15411.00  0.258465E-02 0.109661E+00 0.630536E+01 0.325801E+02
    15511.00  0.709665E-04 0.162178E+00 0.555760E+01 0.293134E+02
    15611.00  0.446749E-02 0.219505E+00 0.487306E+01 0.263064E+02
    15711.00  0.154253E-01 0.279407E+00 0.424757E+01 0.235578E+02
    15811.00  0.325102E-01 0.339873E+00 0.367739E+01 0.210615E+02
    15911.00  0.552138E-01 0.399126E+00 0.315914E+01 0.188074E+02
    16011.00  0.829645E-01 0.455616E+00 0.268979E+01 0.167829E+02
    16111.00  0.115140E+00 0.508028E+00 0.226659E+01 0.149734E+02
    16211.00  0.151078E+00 0.555269E+00 0.188707E+01 0.133629E+02
    16311.00  0.190088E+00 0.596464E+00 0.154891E+01 0.119352E+02
    16411.00  0.231466E+00 0.630955E+00 0.125001E+01 0.106736E+02
    16511.00  0.274498E+00 0.658282E+00 0.988359E+00 0.956220E+01
    16611.00  0.318478E+00 0.678176E+00 0.762034E+00 0.858528E+01
    16711.00  0.362715E+00 0.690544E+00 0.569179E+00 0.772818E+01
    16811.00  0.406541E+00 0.695458E+00 0.407956E+00 0.697714E+01
    16911.00  0.449320E+00 0.693132E+00 0.276529E+00 0.631942E+01
    17011.00  0.490456E+00 0.683915E+00 0.173045E+00 0.574343E+01
    17111.00  0.529401E+00 0.668265E+00 0.956163E-01 0.523860E+01
    17211.00  0.565654E+00 0.646735E+00 0.423090E-01 0.479542E+01
    17311.00  0.598773E+00 0.619957E+00 0.111414E-01 0.440538E+01
    17411.00  0.628376E+00 0.588621E+00 0.802407E-04 0.406088E+01
    17511.00  0.654138E+00 0.553458E+00 0.704502E-02 0.375520E+01
    17611.00  0.675802E+00 0.515227E+00 0.299157E-01 0.348239E+01
    17711.00  0.693173E+00 0.474696E+00 0.665440E-01 0.323723E+01
    17811.00  0.706117E+00 0.432626E+00 0.114768E+00 0.301514E+01
    17911.00  0.714564E+00 0.389761E+00 0.172428E+00 0.281214E+01
    18011.00  0.718506E+00 0.346817E+00 0.237388E+00 0.262480E+01
    18111.00  0.717990E+00 0.304464E+00 0.307556E+00 0.245016E+01
    18211.00  0.713116E+00 0.263323E+00 0.380904E+00 0.228573E+01
    18311.00  0.704038E+00 0.223960E+00 0.455491E+00 0.212942E+01
    18411.00  0.690956E+00 0.186871E+00 0.529485E+00 0.197956E+01
    18511.00  0.674107E+00 0.152486E+00 0.601181E+00 0.183480E+01
    18611.00  0.653771E+00 0.121165E+00 0.669023E+00 0.169416E+01
    18711.00  0.630256E+00 0.931909E-01 0.731621E+00 0.155695E+01
    18811.00  0.603897E+00 0.687755E-01 0.787759E+00 0.142278E+01
    18911.00  0.575050E+00 0.480574E-01 0.836413E+00 0.129150E+01
    19011.00  0.544091E+00 0.311056E-01 0.876761E+00 0.116322E+01
    19111.00  0.511400E+00 0.179224E-01 0.908177E+00 0.103823E+01
    19311.00  0.442382E+00 0.256450E-02 0.942750E+00 0.800180E+00
    19511.00  0.371093E+00 0.853625E-03 0.939185E+00 0.582611E+00
    19711.00  0.300498E+00 0.109388E-01 0.899525E+00 0.391892E+00
    19911.00  0.233314E+00 0.304585E-01 0.828390E+00 0.234356E+00
    20111.00  0.171908E+00 0.567558E-01 0.732421E+00 0.115237E+00
    20311.00  0.118226E+00 0.870827E-01 0.619601E+00 0.377835E-01
    20511.00  0.737433E-01 0.118783E+00 0.498558E+00 0.263876E-02
    20711.00  0.394428E-01 0.149443E+00 0.377864E+00 0.755486E-02
    20911.00  0.158186E-01 0.177007E+00 0.265403E+00 0.474504E-01
    21111.00  0.289657E-02 0.199858E+00 0.167853E+00 0.114801E+00
    21311.00  0.273966E-03 0.216851E+00 0.902964E-01 0.200298E+00
    21511.00  0.717310E-02 0.227325E+00 0.359956E-01 0.293705E+00
    21711.00  0.225047E-01 0.231073E+00 0.631542E-02 0.384782E+00
    21911.00  0.449377E-01 0.228300E+00 0.801952E-03 0.464209E+00
    22111.00  0.729722E-01 0.219556E+00 0.173828E-01 0.524371E+00
    22311.00  0.105011E+00 0.205660E+00 0.526672E-01 0.559960E+00
    22511.00  0.139430E+00 0.187623E+00 0.102311E+00 0.568326E+00
    22711.00  0.174639E+00 0.166567E+00 0.161408E+00 0.549545E+00
    22911.00  0.209142E+00 0.143653E+00 0.224891E+00 0.506249E+00
    23111.00  0.241581E+00 0.120018E+00 0.287880E+00 0.443198E+00
    23311.00  0.270776E+00 0.967163E-01 0.346002E+00 0.366712E+00
    23511.00  0.295750E+00 0.746825E-01 0.395620E+00 0.283971E+00
    23711.00  0.315750E+00 0.546987E-01 0.433995E+00 0.202307E+00
    23911.00  0.330256E+00 0.373775E-01 0.459364E+00 0.128523E+00
    24111.00  0.338975E+00 0.231544E-01 0.470941E+00 0.683157E-01
    24311.00  0.341839E+00 0.122907E-01 0.468860E+00 0.258481E-01
    24511.00  0.338984E+00 0.488240E-02 0.454051E+00 0.348646E-02
    24711.00  0.330731E+00 0.876674E-03 0.428098E+00 0.172594E-02
    24911.00  0.317560E+00 0.914403E-04 0.393053E+00 0.192838E-01
    25111.00  0.300083E+00 0.223805E-02 0.351263E+00 0.533421E-01
    25311.00  0.279008E+00 0.694492E-02 0.305188E+00 0.999024E-01
    25511.00  0.255112E+00 0.137812E-01 0.257248E+00 0.154212E+00
    25711.00  0.229208E+00 0.222794E-01 0.209685E+00 0.211213E+00
    25911.00  0.202118E+00 0.319564E-01 0.164465E+00 0.265984E+00
    26111.00  0.174638E+00 0.423316E-01 0.123201E+00 0.314123E+00
    26311.00  0.147525E+00 0.529440E-01 0.871166E-01 0.352057E+00
    26511.00  0.121465E+00 0.633642E-01 0.570358E-01 0.377253E+00
    26711.00  0.970626E-01 0.732067E-01 0.333954E-01 0.388327E+00
    26911.00  0.748263E-01 0.821362E-01 0.162797E-01 0.385049E+00
         IE==>      8            9           10           11
        1.00  0.373314E-03 0.890758E-01 0.884805E-02 0.110991E+00
        2.00  0.337687E-01 0.791190E+01 0.770601E+00 0.994372E+01
        3.00  0.470881E+00 0.108351E+03 0.103457E+02 0.137342E+03
        4.00  0.305413E+01 0.690290E+03 0.646032E+02 0.882417E+03
        5.00  0.130241E+02 0.289191E+04 0.265226E+03 0.372790E+04
        6.00  0.426010E+02 0.929434E+04 0.835169E+03 0.120810E+05
        7.00  0.116036E+03 0.248783E+05 0.218983E+04 0.326046E+05
        8.00  0.276415E+03 0.582481E+05 0.502130E+04 0.769630E+05
        9.00  0.594377E+03 0.123123E+06 0.103926E+05 0.164003E+06
       10.00  0.117892E+04 0.240095E+06 0.198393E+05 0.322384E+06
       11.00  0.219046E+04 0.438651E+06 0.354751E+05 0.593688E+06
       12.00  0.385637E+04 0.759461E+06 0.600998E+05 0.103601E+07
       13.00  0.648906E+04 0.125694E+07 0.973068E+05 0.172807E+07
       14.00  0.105070E+05 0.200204E+07 0.151587E+06 0.277383E+07
       15.00  0.164583E+05 0.308534E+07 0.228426E+06 0.430765E+07
       16.00  0.250480E+05 0.462028E+07 0.334393E+06 0.649991E+07
       17.00  0.371674E+05 0.674672E+07 0.477218E+06 0.956323E+07
       18.00  0.539279E+05 0.963462E+07 0.665860E+06 0.137592E+08
       19.00  0.766981E+05 0.134881E+08 0.910557E+06 0.194055E+08
       20.00  0.107144E+06 0.185495E+08 0.122287E+07 0.268842E+08
       21.00  0.147277E+06 0.251043E+08 0.161572E+07 0.366502E+08
       22.00  0.199499E+06 0.334854E+08 0.210339E+07 0.492403E+08
       23.00  0.266664E+06 0.440791E+08 0.270157E+07 0.652840E+08
       24.00  0.352134E+06 0.573296E+08 0.342730E+07 0.855140E+08
       25.00  0.459848E+06 0.737458E+08 0.429899E+07 0.110778E+09
       26.00  0.594390E+06 0.939065E+08 0.533635E+07 0.142051E+09
       27.00  0.761072E+06 0.118467E+09 0.656036E+07 0.180448E+09
       28.00  0.966013E+06 0.148167E+09 0.799312E+07 0.227241E+09
       29.00  0.121623E+07 0.183835E+09 0.965787E+07 0.283870E+09
       30.00  0.151975E+07 0.226397E+09 0.115787E+08 0.351962E+09
       31.00  0.188569E+07 0.276886E+09 0.137808E+08 0.433345E+09
       32.00  0.232440E+07 0.336448E+09 0.162897E+08 0.530072E+09
       33.00  0.284756E+07 0.406351E+09 0.191317E+08 0.644434E+09
       34.00  0.346837E+07 0.487997E+09 0.223335E+08 0.778989E+09
       35.00  0.420162E+07 0.582928E+09 0.259221E+08 0.936576E+09
       36.00  0.506394E+07 0.692842E+09 0.299243E+08 0.112035E+10
       37.00  0.607389E+07 0.819598E+09 0.343671E+08 0.133379E+10
       38.00  0.725217E+07 0.965232E+09 0.392767E+08 0.158075E+10
       39.00  0.862185E+07 0.113197E+10 0.446790E+08 0.186547E+10
       40.00  0.102085E+08 0.132222E+10 0.505985E+08 0.219260E+10
       42.00  0.141490E+08 0.178402E+10 0.640817E+08 0.299498E+10
       44.00  0.193371E+08 0.237438E+10 0.798911E+08 0.403456E+10
       46.00  0.260909E+08 0.312091E+10 0.981514E+08 0.536654E+10
       48.00  0.347908E+08 0.405538E+10 0.118933E+09 0.705553E+10
       50.00  0.458864E+08 0.521394E+10 0.142235E+09 0.917633E+10
       52.00  0.599033E+08 0.663718E+10 0.167969E+09 0.118144E+11
       54.00  0.774476E+08 0.836995E+10 0.195937E+09 0.150661E+11
       56.00  0.992057E+08 0.104607E+11 0.225810E+09 0.190376E+11
       58.00  0.125940E+09 0.129606E+11 0.257111E+09 0.238437E+11
       60.00  0.158473E+09 0.159213E+11 0.289191E+09 0.296040E+11
       62.00  0.197667E+09 0.193925E+11 0.321218E+09 0.364385E+11
       64.00  0.244381E+09 0.234186E+11 0.352182E+09 0.444601E+11
       66.00  0.299423E+09 0.280341E+11 0.380904E+09 0.537662E+11
       68.00  0.363480E+09 0.332583E+11 0.406080E+09 0.644271E+11
       70.00  0.437042E+09 0.390904E+11 0.426341E+09 0.764746E+11
       72.00  0.520316E+09 0.455036E+11 0.440344E+09 0.898889E+11
       74.00  0.613141E+09 0.524414E+11 0.446880E+09 0.104588E+12
       76.00  0.714929E+09 0.598155E+11 0.445006E+09 0.120423E+12
       78.00  0.824633E+09 0.675065E+11 0.434165E+09 0.137171E+12
       80.00  0.940756E+09 0.753689E+11 0.414293E+09 0.154551E+12
       82.00  0.106143E+10 0.832397E+11 0.385883E+09 0.172232E+12
       84.00  0.118452E+10 0.909491E+11 0.349992E+09 0.189856E+12
       86.00  0.130779E+10 0.983335E+11 0.308182E+09 0.207067E+12
       88.00  0.142907E+10 0.105247E+12 0.262408E+09 0.223537E+12
       90.00  0.154639E+10 0.111573E+12 0.214862E+09 0.238983E+12
       92.00  0.165813E+10 0.117225E+12 0.167811E+09 0.253189E+12
       94.00  0.176303E+10 0.122155E+12 0.123439E+09 0.266009E+12
       96.00  0.186029E+10 0.126345E+12 0.837272E+08 0.277366E+12
       98.00  0.194949E+10 0.129809E+12 0.503654E+08 0.287247E+12
      100.00  0.203055E+10 0.132582E+12 0.247151E+08 0.295689E+12
      102.00  0.210370E+10 0.134714E+12 0.780118E+07 0.302773E+12
      104.00  0.216936E+10 0.136268E+12 0.334574E+06 0.308602E+12
      106.00  0.222808E+10 0.137310E+12 0.275015E+07 0.313298E+12
      108.00  0.228053E+10 0.137907E+12 0.152538E+08 0.316989E+12
      110.00  0.232739E+10 0.138123E+12 0.378708E+08 0.319801E+12
      112.00  0.236933E+10 0.138019E+12 0.704908E+08 0.321855E+12
      114.00  0.240702E+10 0.137650E+12 0.112907E+09 0.323264E+12
      116.00  0.244105E+10 0.137064E+12 0.164851E+09 0.324129E+12
      118.00  0.247197E+10 0.136302E+12 0.226013E+09 0.324539E+12
      122.00  0.252641E+10 0.134394E+12 0.374685E+09 0.324301E+12
      126.00  0.257359E+10 0.132153E+12 0.556315E+09 0.323053E+12
      130.00  0.261596E+10 0.129737E+12 0.768471E+09 0.321158E+12
      134.00  0.265531E+10 0.127253E+12 0.100901E+10 0.318874E+12
      138.00  0.269295E+10 0.124773E+12 0.127611E+10 0.316378E+12
      142.00  0.272981E+10 0.122342E+12 0.156822E+10 0.313789E+12
      146.00  0.276653E+10 0.119986E+12 0.188405E+10 0.311184E+12
      150.00  0.280354E+10 0.117720E+12 0.222251E+10 0.308611E+12
      154.00  0.284111E+10 0.115550E+12 0.258263E+10 0.306098E+12
      158.00  0.287941E+10 0.113476E+12 0.296358E+10 0.303659E+12
      162.00  0.291855E+10 0.111498E+12 0.336465E+10 0.301299E+12
      166.00  0.295860E+10 0.109611E+12 0.378517E+10 0.299019E+12
      170.00  0.299958E+10 0.107810E+12 0.422456E+10 0.296818E+12
      174.00  0.304150E+10 0.106091E+12 0.468228E+10 0.294688E+12
      178.00  0.308433E+10 0.104448E+12 0.515780E+10 0.292625E+12
      182.00  0.312803E+10 0.102874E+12 0.565062E+10 0.290618E+12
      186.00  0.317256E+10 0.101365E+12 0.616025E+10 0.288660E+12
      190.00  0.321787E+10 0.999148E+11 0.668620E+10 0.286743E+12
      194.00  0.326391E+10 0.985185E+11 0.722798E+10 0.284859E+12
      198.00  0.331063E+10 0.971718E+11 0.778515E+10 0.283001E+12
      202.00  0.335798E+10 0.958709E+11 0.835726E+10 0.281162E+12
      206.00  0.340593E+10 0.946121E+11 0.894386E+10 0.279338E+12
      210.00  0.345442E+10 0.933922E+11 0.954452E+10 0.277524E+12
      214.00  0.350343E+10 0.922079E+11 0.101588E+11 0.275714E+12
      218.00  0.355289E+10 0.910563E+11 0.107862E+11 0.273904E+12
      222.00  0.360277E+10 0.899348E+11 0.114264E+11 0.272089E+12
      226.00  0.365302E+10 0.888411E+11 0.120787E+11 0.270266E+12
      230.00  0.370361E+10 0.877728E+11 0.127429E+11 0.268433E+12
      234.00  0.375449E+10 0.867284E+11 0.134185E+11 0.266585E+12
      238.00  0.380565E+10 0.857060E+11 0.141050E+11 0.264723E+12
      242.00  0.385706E+10 0.847043E+11 0.148020E+11 0.262843E+12
      246.00  0.390868E+10 0.837219E+11 0.155091E+11 0.260945E+12
      250.00  0.396050E+10 0.827576E+11 0.162260E+11 0.259027E+12
      254.00  0.401249E+10 0.818103E+11 0.169522E+11 0.257089E+12
      258.00  0.406461E+10 0.808788E+11 0.176872E+11 0.255129E+12
      262.00  0.411685E+10 0.799622E+11 0.184307E+11 0.253146E+12
      266.00  0.416918E+10 0.790595E+11 0.191822E+11 0.251141E+12
      270.00  0.422158E+10 0.781699E+11 0.199413E+11 0.249112E+12
      274.00  0.427403E+10 0.772927E+11 0.207077E+11 0.247059E+12
      282.00  0.437900E+10 0.755734E+11 0.222607E+11 0.242883E+12
      290.00  0.448398E+10 0.738974E+11 0.238381E+11 0.238616E+12
      298.00  0.458884E+10 0.722607E+11 0.254371E+11 0.234260E+12
      306.00  0.469343E+10 0.706599E+11 0.270545E+11 0.229817E+12
      314.00  0.479763E+10 0.690919E+11 0.286875E+11 0.225292E+12
      322.00  0.490132E+10 0.675544E+11 0.303332E+11 0.220688E+12
      330.00  0.500440E+10 0.660454E+11 0.319888E+11 0.216013E+12
      338.00  0.510678E+10 0.645635E+11 0.336519E+11 0.211272E+12
      346.00  0.520837E+10 0.631070E+11 0.353197E+11 0.206473E+12
      354.00  0.530906E+10 0.616746E+11 0.369896E+11 0.201621E+12
      362.00  0.540875E+10 0.602649E+11 0.386590E+11 0.196722E+12
      370.00  0.550736E+10 0.588773E+11 0.403256E+11 0.191785E+12
      378.00  0.560483E+10 0.575110E+11 0.419871E+11 0.186816E+12
      386.00  0.570111E+10 0.561656E+11 0.436414E+11 0.181824E+12
      394.00  0.579613E+10 0.548406E+11 0.452865E+11 0.176815E+12
      402.00  0.588982E+10 0.535354E+11 0.469202E+11 0.171797E+12
      410.00  0.598213E+10 0.522497E+11 0.485406E+11 0.166777E+12
      418.00  0.607301E+10 0.509833E+11 0.501459E+11 0.161762E+12
      426.00  0.616243E+10 0.497358E+11 0.517343E+11 0.156759E+12
      434.00  0.625036E+10 0.485074E+11 0.533044E+11 0.151775E+12
      442.00  0.633676E+10 0.472978E+11 0.548547E+11 0.146816E+12
      450.00  0.642161E+10 0.461068E+11 0.563836E+11 0.141888E+12
      458.00  0.650486E+10 0.449344E+11 0.578898E+11 0.136998E+12
      466.00  0.658648E+10 0.437803E+11 0.593718E+11 0.132151E+12
      474.00  0.666644E+10 0.426444E+11 0.608284E+11 0.127352E+12
      482.00  0.674473E+10 0.415267E+11 0.622585E+11 0.122607E+12
      490.00  0.682132E+10 0.404271E+11 0.636611E+11 0.117920E+12
      498.00  0.689621E+10 0.393456E+11 0.650351E+11 0.113296E+12
      506.00  0.696935E+10 0.382819E+11 0.663794E+11 0.108739E+12
      514.00  0.704072E+10 0.372360E+11 0.676932E+11 0.104253E+12
      522.00  0.711030E+10 0.362078E+11 0.689753E+11 0.998421E+11
      530.00  0.717806E+10 0.351971E+11 0.702250E+11 0.955093E+11
      538.00  0.724399E+10 0.342039E+11 0.714416E+11 0.912581E+11
      546.00  0.730809E+10 0.332281E+11 0.726245E+11 0.870916E+11
      554.00  0.737034E+10 0.322696E+11 0.737729E+11 0.830127E+11
      562.00  0.743074E+10 0.313285E+11 0.748864E+11 0.790238E+11
      570.00  0.748926E+10 0.304044E+11 0.759644E+11 0.751273E+11
      578.00  0.754589E+10 0.294974E+11 0.770063E+11 0.713253E+11
      586.00  0.760063E+10 0.286073E+11 0.780118E+11 0.676195E+11
      596.00  0.766638E+10 0.275185E+11 0.792168E+11 0.631255E+11
      606.00  0.772919E+10 0.264560E+11 0.803639E+11 0.587877E+11
      616.00  0.778905E+10 0.254195E+11 0.814529E+11 0.546087E+11
      626.00  0.784599E+10 0.244090E+11 0.824833E+11 0.505902E+11
      636.00  0.789999E+10 0.234243E+11 0.834550E+11 0.467338E+11
      646.00  0.795107E+10 0.224650E+11 0.843679E+11 0.430403E+11
      656.00  0.799925E+10 0.215310E+11 0.852219E+11 0.395105E+11
      666.00  0.804454E+10 0.206221E+11 0.860174E+11 0.361445E+11
      676.00  0.808698E+10 0.197382E+11 0.867546E+11 0.329422E+11
      686.00  0.812659E+10 0.188788E+11 0.874338E+11 0.299031E+11
      696.00  0.816338E+10 0.180438E+11 0.880554E+11 0.270263E+11
      706.00  0.819739E+10 0.172329E+11 0.886197E+11 0.243105E+11
      716.00  0.822861E+10 0.164457E+11 0.891271E+11 0.217543E+11
      726.00  0.825708E+10 0.156821E+11 0.895782E+11 0.193559E+11
      736.00  0.828282E+10 0.149416E+11 0.899736E+11 0.171133E+11
      746.00  0.830588E+10 0.142240E+11 0.903140E+11 0.150243E+11
      756.00  0.832627E+10 0.135291E+11 0.906002E+11 0.130864E+11
      766.00  0.834403E+10 0.128563E+11 0.908329E+11 0.112969E+11
      776.00  0.835916E+10 0.122055E+11 0.910127E+11 0.965313E+10
      786.00  0.837171E+10 0.115763E+11 0.911404E+11 0.815191E+10
      796.00  0.838169E+10 0.109684E+11 0.912170E+11 0.679016E+10
      806.00  0.838916E+10 0.103814E+11 0.912434E+11 0.556459E+10
      816.00  0.839415E+10 0.981498E+10 0.912206E+11 0.447177E+10
      826.00  0.839671E+10 0.926884E+10 0.911498E+11 0.350819E+10
      836.00  0.839686E+10 0.874263E+10 0.910319E+11 0.267021E+10
      846.00  0.839464E+10 0.823599E+10 0.908680E+11 0.195413E+10
      856.00  0.839010E+10 0.774857E+10 0.906591E+11 0.135616E+10
      866.00  0.838326E+10 0.728002E+10 0.904063E+11 0.872449E+09
      876.00  0.837419E+10 0.683000E+10 0.901109E+11 0.499104E+09
      886.00  0.836292E+10 0.639814E+10 0.897741E+11 0.232187E+09
      896.00  0.834950E+10 0.598410E+10 0.893970E+11 0.677278E+08
      906.00  0.833399E+10 0.558752E+10 0.889810E+11 0.173679E+07
      916.00  0.831641E+10 0.520804E+10 0.885272E+11 0.302131E+08
      926.00  0.829681E+10 0.484529E+10 0.880367E+11 0.149153E+09
      936.00  0.827523E+10 0.449892E+10 0.875107E+11 0.354560E+09
      946.00  0.825172E+10 0.416857E+10 0.869505E+11 0.642446E+09
      956.00  0.822632E+10 0.385388E+10 0.863572E+11 0.100885E+10
      966.00  0.819908E+10 0.355449E+10 0.857322E+11 0.144983E+10
      976.00  0.817005E+10 0.327005E+10 0.850766E+11 0.196148E+10
      986.00  0.813926E+10 0.300020E+10 0.843917E+11 0.253993E+10
      996.00  0.810676E+10 0.274459E+10 0.836786E+11 0.318137E+10
     1006.00  0.807259E+10 0.250286E+10 0.829384E+11 0.388202E+10
     1016.00  0.803679E+10 0.227466E+10 0.821723E+11 0.463814E+10
     1026.00  0.799940E+10 0.205964E+10 0.813815E+11 0.544609E+10
     1036.00  0.796048E+10 0.185747E+10 0.805672E+11 0.630225E+10
     1046.00  0.792005E+10 0.166779E+10 0.797306E+11 0.720309E+10
     1056.00  0.787818E+10 0.149028E+10 0.788728E+11 0.814515E+10
     1066.00  0.783491E+10 0.132458E+10 0.779950E+11 0.912504E+10
     1076.00  0.779026E+10 0.117038E+10 0.770982E+11 0.101394E+11
     1086.00  0.774430E+10 0.102733E+10 0.761837E+11 0.111850E+11
     1096.00  0.769706E+10 0.895116E+09 0.752524E+11 0.122588E+11
     1106.00  0.764858E+10 0.773407E+09 0.743054E+11 0.133575E+11
     1116.00  0.759890E+10 0.661886E+09 0.733438E+11 0.144782E+11
     1126.00  0.754808E+10 0.560236E+09 0.723688E+11 0.156180E+11
     1136.00  0.749616E+10 0.468147E+09 0.713814E+11 0.167741E+11
     1146.00  0.744318E+10 0.385308E+09 0.703825E+11 0.179437E+11
     1156.00  0.738918E+10 0.311416E+09 0.693733E+11 0.191241E+11
     1166.00  0.733420E+10 0.246170E+09 0.683546E+11 0.203129E+11
     1176.00  0.727829E+10 0.189274E+09 0.673274E+11 0.215075E+11
     1186.00  0.722147E+10 0.140436E+09 0.662927E+11 0.227055E+11
     1196.00  0.716380E+10 0.993699E+08 0.652513E+11 0.239047E+11
     1206.00  0.710531E+10 0.657917E+08 0.642041E+11 0.251028E+11
     1216.00  0.704603E+10 0.394235E+08 0.631521E+11 0.262976E+11
     1226.00  0.698602E+10 0.199916E+08 0.620961E+11 0.274873E+11
     1236.00  0.692531E+10 0.722681E+07 0.610370E+11 0.286697E+11
     1246.00  0.686394E+10 0.864862E+06 0.599754E+11 0.298431E+11
     1256.00  0.680193E+10 0.646043E+06 0.589123E+11 0.310057E+11
     1266.00  0.673932E+10 0.631544E+07 0.578483E+11 0.321557E+11
     1276.00  0.667615E+10 0.176229E+08 0.567841E+11 0.332915E+11
     1286.00  0.661245E+10 0.343229E+08 0.557206E+11 0.344116E+11
     1296.00  0.654825E+10 0.561750E+08 0.546583E+11 0.355146E+11
     1306.00  0.648359E+10 0.829433E+08 0.535980E+11 0.365991E+11
     1316.00  0.641851E+10 0.114397E+09 0.525403E+11 0.376637E+11
     1326.00  0.635303E+10 0.150309E+09 0.514859E+11 0.387073E+11
     1336.00  0.628719E+10 0.190459E+09 0.504354E+11 0.397288E+11
     1346.00  0.622102E+10 0.234630E+09 0.493894E+11 0.407270E+11
     1356.00  0.615454E+10 0.282610E+09 0.483483E+11 0.417010E+11
     1366.00  0.608779E+10 0.334192E+09 0.473128E+11 0.426498E+11
     1376.00  0.602080E+10 0.389174E+09 0.462834E+11 0.435726E+11
     1386.00  0.595359E+10 0.447357E+09 0.452606E+11 0.444685E+11
     1396.00  0.588620E+10 0.508550E+09 0.442450E+11 0.453370E+11
     1406.00  0.581865E+10 0.572564E+09 0.432368E+11 0.461773E+11
     1416.00  0.575098E+10 0.639216E+09 0.422368E+11 0.469889E+11
     1426.00  0.568321E+10 0.708327E+09 0.412452E+11 0.477713E+11
     1436.00  0.561536E+10 0.779723E+09 0.402625E+11 0.485239E+11
     1446.00  0.554747E+10 0.853234E+09 0.392890E+11 0.492464E+11
     1456.00  0.547956E+10 0.928696E+09 0.383251E+11 0.499384E+11
     1466.00  0.541164E+10 0.100595E+10 0.373713E+11 0.505996E+11
     1476.00  0.534375E+10 0.108483E+10 0.364277E+11 0.512297E+11
     1486.00  0.527591E+10 0.116520E+10 0.354948E+11 0.518287E+11
     1496.00  0.520815E+10 0.124690E+10 0.345728E+11 0.523962E+11
     1506.00  0.514048E+10 0.132980E+10 0.336620E+11 0.529324E+11
     1516.00  0.507293E+10 0.141375E+10 0.327627E+11 0.534370E+11
     1526.00  0.500551E+10 0.149862E+10 0.318751E+11 0.539101E+11
     1536.00  0.493826E+10 0.158428E+10 0.309995E+11 0.543517E+11
     1546.00  0.487118E+10 0.167061E+10 0.301360E+11 0.547619E+11
     1556.00  0.480430E+10 0.175748E+10 0.292849E+11 0.551408E+11
     1566.00  0.473764E+10 0.184477E+10 0.284463E+11 0.554885E+11
     1576.00  0.467121E+10 0.193237E+10 0.276204E+11 0.558051E+11
     1586.00  0.460503E+10 0.202017E+10 0.268074E+11 0.560910E+11
     1596.00  0.453912E+10 0.210806E+10 0.260073E+11 0.563464E+11
     1606.00  0.447349E+10 0.219594E+10 0.252204E+11 0.565715E+11
     1616.00  0.440816E+10 0.228372E+10 0.244467E+11 0.567666E+11
     1626.00  0.434316E+10 0.237129E+10 0.236863E+11 0.569322E+11
     1636.00  0.427848E+10 0.245857E+10 0.229393E+11 0.570684E+11
     1646.00  0.421415E+10 0.254547E+10 0.222058E+11 0.571758E+11
     1656.00  0.415018E+10 0.263190E+10 0.214858E+11 0.572547E+11
     1666.00  0.408658E+10 0.271778E+10 0.207794E+11 0.573055E+11
     1676.00  0.402336E+10 0.280304E+10 0.200866E+11 0.573287E+11
     1686.00  0.396055E+10 0.288759E+10 0.194075E+11 0.573248E+11
     1696.00  0.389814E+10 0.297138E+10 0.187420E+11 0.572942E+11
     1706.00  0.383616E+10 0.305432E+10 0.180901E+11 0.572375E+11
     1716.00  0.377462E+10 0.313637E+10 0.174520E+11 0.571552E+11
     1726.00  0.371352E+10 0.321744E+10 0.168274E+11 0.570478E+11
     1736.00  0.365287E+10 0.329750E+10 0.162165E+11 0.569158E+11
     1746.00  0.359269E+10 0.337647E+10 0.156192E+11 0.567598E+11
     1756.00  0.353299E+10 0.345431E+10 0.150354E+11 0.565804E+11
     1766.00  0.347377E+10 0.353097E+10 0.144651E+11 0.563782E+11
     1776.00  0.341504E+10 0.360640E+10 0.139082E+11 0.561536E+11
     1786.00  0.335681E+10 0.368055E+10 0.133647E+11 0.559074E+11
     1796.00  0.329909E+10 0.375339E+10 0.128345E+11 0.556402E+11
     1806.00  0.324189E+10 0.382487E+10 0.123175E+11 0.553524E+11
     1816.00  0.318521E+10 0.389496E+10 0.118136E+11 0.550448E+11
     1826.00  0.312906E+10 0.396362E+10 0.113227E+11 0.547179E+11
     1836.00  0.307345E+10 0.403082E+10 0.108447E+11 0.543725E+11
     1846.00  0.301837E+10 0.409653E+10 0.103796E+11 0.540090E+11
     1856.00  0.296385E+10 0.416072E+10 0.992710E+10 0.536280E+11
     1866.00  0.290987E+10 0.422337E+10 0.948722E+10 0.532303E+11
     1876.00  0.285646E+10 0.428446E+10 0.905979E+10 0.528164E+11
     1886.00  0.280360E+10 0.434395E+10 0.864468E+10 0.523870E+11
     1896.00  0.275131E+10 0.440183E+10 0.824176E+10 0.519426E+11
     1906.00  0.269958E+10 0.445809E+10 0.785089E+10 0.514838E+11
     1916.00  0.264843E+10 0.451271E+10 0.747193E+10 0.510114E+11
     1926.00  0.259785E+10 0.456567E+10 0.710473E+10 0.505258E+11
     1936.00  0.254785E+10 0.461697E+10 0.674914E+10 0.500276E+11
     1946.00  0.249843E+10 0.466659E+10 0.640502E+10 0.495176E+11
     1956.00  0.244959E+10 0.471452E+10 0.607219E+10 0.489962E+11
     1966.00  0.240134E+10 0.476077E+10 0.575051E+10 0.484641E+11
     1976.00  0.235367E+10 0.480531E+10 0.543981E+10 0.479218E+11
     1986.00  0.230658E+10 0.484815E+10 0.513993E+10 0.473699E+11
     1996.00  0.226009E+10 0.488928E+10 0.485070E+10 0.468090E+11
     2006.00  0.221418E+10 0.492871E+10 0.457194E+10 0.462396E+11
     2016.00  0.216886E+10 0.496644E+10 0.430350E+10 0.456622E+11
     2026.00  0.212413E+10 0.500246E+10 0.404520E+10 0.450775E+11
     2036.00  0.207999E+10 0.503678E+10 0.379687E+10 0.444860E+11
     2046.00  0.203644E+10 0.506940E+10 0.355832E+10 0.438882E+11
     2056.00  0.199348E+10 0.510034E+10 0.332939E+10 0.432846E+11
     2066.00  0.195110E+10 0.512960E+10 0.310990E+10 0.426757E+11
     2076.00  0.190932E+10 0.515718E+10 0.289967E+10 0.420621E+11
     2086.00  0.186812E+10 0.518309E+10 0.269852E+10 0.414442E+11
     2096.00  0.182750E+10 0.520735E+10 0.250626E+10 0.408225E+11
     2106.00  0.178747E+10 0.522996E+10 0.232273E+10 0.401975E+11
     2116.00  0.174803E+10 0.525094E+10 0.214774E+10 0.395696E+11
     2126.00  0.170916E+10 0.527029E+10 0.198111E+10 0.389393E+11
     2136.00  0.167087E+10 0.528804E+10 0.182266E+10 0.383071E+11
     2146.00  0.163316E+10 0.530420E+10 0.167222E+10 0.376734E+11
     2156.00  0.159602E+10 0.531878E+10 0.152959E+10 0.370386E+11
     2166.00  0.155945E+10 0.533181E+10 0.139461E+10 0.364031E+11
     2176.00  0.152345E+10 0.534328E+10 0.126710E+10 0.357674E+11
     2186.00  0.148802E+10 0.535323E+10 0.114687E+10 0.351318E+11
     2196.00  0.145316E+10 0.536168E+10 0.103375E+10 0.344966E+11
     2206.00  0.141885E+10 0.536863E+10 0.927562E+09 0.338624E+11
     2216.00  0.138510E+10 0.537410E+10 0.828133E+09 0.332293E+11
     2226.00  0.135190E+10 0.537813E+10 0.735289E+09 0.325979E+11
     2236.00  0.131925E+10 0.538072E+10 0.648856E+09 0.319683E+11
     2246.00  0.128715E+10 0.538190E+10 0.568662E+09 0.313410E+11
     2256.00  0.125559E+10 0.538169E+10 0.494538E+09 0.307163E+11
     2266.00  0.122457E+10 0.538010E+10 0.426314E+09 0.300944E+11
     2276.00  0.119409E+10 0.537718E+10 0.363822E+09 0.294757E+11
     2286.00  0.116413E+10 0.537292E+10 0.306898E+09 0.288604E+11
     2296.00  0.113470E+10 0.536736E+10 0.255376E+09 0.282489E+11
     2306.00  0.110580E+10 0.536052E+10 0.209095E+09 0.276413E+11
     2316.00  0.107741E+10 0.535242E+10 0.167893E+09 0.270380E+11
     2326.00  0.104954E+10 0.534309E+10 0.131611E+09 0.264392E+11
     2336.00  0.102217E+10 0.533254E+10 0.100093E+09 0.258451E+11
     2346.00  0.995309E+09 0.532080E+10 0.731824E+08 0.252560E+11
     2356.00  0.968948E+09 0.530790E+10 0.507268E+08 0.246720E+11
     2366.00  0.943082E+09 0.529386E+10 0.325748E+08 0.240934E+11
     2376.00  0.917706E+09 0.527870E+10 0.185772E+08 0.235204E+11
     2386.00  0.892816E+09 0.526244E+10 0.858677E+07 0.229531E+11
     2396.00  0.868407E+09 0.524512E+10 0.245859E+07 0.223918E+11
     2406.00  0.844474E+09 0.522676E+10 0.497767E+05 0.218366E+11
     2416.00  0.821012E+09 0.520738E+10 0.121963E+07 0.212876E+11
     2426.00  0.798015E+09 0.518700E+10 0.582966E+07 0.207451E+11
     2436.00  0.775479E+09 0.516565E+10 0.137436E+08 0.202091E+11
     2446.00  0.753399E+09 0.514336E+10 0.248275E+08 0.196799E+11
     2456.00  0.731770E+09 0.512014E+10 0.389496E+08 0.191575E+11
     2466.00  0.710586E+09 0.509603E+10 0.559805E+08 0.186420E+11
     2476.00  0.689842E+09 0.507104E+10 0.757930E+08 0.181335E+11
     2486.00  0.669533E+09 0.504521E+10 0.982622E+08 0.176323E+11
     2496.00  0.649654E+09 0.501855E+10 0.123266E+09 0.171382E+11
     2506.00  0.630200E+09 0.499109E+10 0.150683E+09 0.166515E+11
     2516.00  0.611165E+09 0.496286E+10 0.180397E+09 0.161722E+11
     2526.00  0.592544E+09 0.493387E+10 0.212292E+09 0.157005E+11
     2536.00  0.574332E+09 0.490416E+10 0.246255E+09 0.152362E+11
     2546.00  0.556523E+09 0.487375E+10 0.282175E+09 0.147796E+11
     2556.00  0.539112E+09 0.484265E+10 0.319943E+09 0.143306E+11
     2566.00  0.522094E+09 0.481090E+10 0.359454E+09 0.138894E+11
     2576.00  0.505463E+09 0.477851E+10 0.400603E+09 0.134559E+11
     2586.00  0.489214E+09 0.474551E+10 0.443290E+09 0.130301E+11
     2596.00  0.473342E+09 0.471193E+10 0.487415E+09 0.126122E+11
     2606.00  0.457842E+09 0.467777E+10 0.532882E+09 0.122020E+11
     2616.00  0.442707E+09 0.464307E+10 0.579596E+09 0.117997E+11
     2626.00  0.427933E+09 0.460786E+10 0.627465E+09 0.114053E+11
     2636.00  0.413515E+09 0.457214E+10 0.676399E+09 0.110187E+11
     2646.00  0.399446E+09 0.453594E+10 0.726311E+09 0.106399E+11
     2656.00  0.385723E+09 0.449929E+10 0.777115E+09 0.102690E+11
     2666.00  0.372339E+09 0.446220E+10 0.828728E+09 0.990585E+10
     2676.00  0.359290E+09 0.442470E+10 0.881069E+09 0.955054E+10
     2686.00  0.346570E+09 0.438680E+10 0.934060E+09 0.920301E+10
     2696.00  0.334173E+09 0.434853E+10 0.987625E+09 0.886323E+10
     2706.00  0.322096E+09 0.430991E+10 0.104169E+10 0.853117E+10
     2716.00  0.310332E+09 0.427096E+10 0.109618E+10 0.820680E+10
     2726.00  0.298876E+09 0.423168E+10 0.115102E+10 0.789007E+10
     2736.00  0.287724E+09 0.419212E+10 0.120616E+10 0.758096E+10
     2746.00  0.276870E+09 0.415227E+10 0.126152E+10 0.727940E+10
     2756.00  0.266310E+09 0.411217E+10 0.131703E+10 0.698535E+10
     2766.00  0.256038E+09 0.407184E+10 0.137265E+10 0.669875E+10
     2776.00  0.246049E+09 0.403128E+10 0.142830E+10 0.641955E+10
     2786.00  0.236338E+09 0.399052E+10 0.148393E+10 0.614770E+10
     2796.00  0.226901E+09 0.394957E+10 0.153948E+10 0.588312E+10
     2806.00  0.217733E+09 0.390846E+10 0.159491E+10 0.562574E+10
     2816.00  0.208828E+09 0.386719E+10 0.165015E+10 0.537551E+10
     2826.00  0.200182E+09 0.382579E+10 0.170516E+10 0.513236E+10
     2836.00  0.191791E+09 0.378428E+10 0.175989E+10 0.489619E+10
     2846.00  0.183649E+09 0.374266E+10 0.181429E+10 0.466695E+10
     2856.00  0.175751E+09 0.370095E+10 0.186832E+10 0.444455E+10
     2866.00  0.168094E+09 0.365918E+10 0.192194E+10 0.422891E+10
     2876.00  0.160673E+09 0.361735E+10 0.197510E+10 0.401995E+10
     2886.00  0.153482E+09 0.357547E+10 0.202776E+10 0.381759E+10
     2896.00  0.146518E+09 0.353358E+10 0.207990E+10 0.362173E+10
     2906.00  0.139776E+09 0.349167E+10 0.213146E+10 0.343230E+10
     2916.00  0.133251E+09 0.344976E+10 0.218242E+10 0.324921E+10
     2926.00  0.126940E+09 0.340786E+10 0.223274E+10 0.307236E+10
     2936.00  0.120837E+09 0.336600E+10 0.228240E+10 0.290166E+10
     2946.00  0.114939E+09 0.332418E+10 0.233135E+10 0.273701E+10
     2956.00  0.109242E+09 0.328241E+10 0.237958E+10 0.257834E+10
     2966.00  0.103740E+09 0.324071E+10 0.242706E+10 0.242553E+10
     2976.00  0.984307E+08 0.319909E+10 0.247376E+10 0.227850E+10
     2986.00  0.933091E+08 0.315755E+10 0.251965E+10 0.213715E+10
     2996.00  0.883712E+08 0.311612E+10 0.256472E+10 0.200137E+10
     3006.00  0.836131E+08 0.307480E+10 0.260895E+10 0.187108E+10
     3016.00  0.790308E+08 0.303361E+10 0.265230E+10 0.174617E+10
     3026.00  0.746204E+08 0.299255E+10 0.269477E+10 0.162655E+10
     3036.00  0.703781E+08 0.295163E+10 0.273633E+10 0.151211E+10
     3046.00  0.663000E+08 0.291087E+10 0.277698E+10 0.140276E+10
     3056.00  0.623824E+08 0.287027E+10 0.281669E+10 0.129840E+10
     3066.00  0.586215E+08 0.282984E+10 0.285545E+10 0.119892E+10
     3076.00  0.550136E+08 0.278960E+10 0.289325E+10 0.110423E+10
     3086.00  0.515552E+08 0.274955E+10 0.293008E+10 0.101423E+10
     3096.00  0.482427E+08 0.270969E+10 0.296592E+10 0.928812E+09
     3106.00  0.450725E+08 0.267005E+10 0.300077E+10 0.847881E+09
     3116.00  0.420412E+08 0.263062E+10 0.303462E+10 0.771338E+09
     3126.00  0.391453E+08 0.259141E+10 0.306745E+10 0.699084E+09
     3136.00  0.363815E+08 0.255244E+10 0.309927E+10 0.631018E+09
     3146.00  0.337465E+08 0.251370E+10 0.313007E+10 0.567043E+09
     3156.00  0.312369E+08 0.247521E+10 0.315984E+10 0.507060E+09
     3166.00  0.288495E+08 0.243697E+10 0.318858E+10 0.450972E+09
     3176.00  0.265813E+08 0.239899E+10 0.321628E+10 0.398682E+09
     3186.00  0.244289E+08 0.236127E+10 0.324295E+10 0.350093E+09
     3196.00  0.223895E+08 0.232382E+10 0.326858E+10 0.305110E+09
     3206.00  0.204598E+08 0.228665E+10 0.329318E+10 0.263636E+09
     3216.00  0.186370E+08 0.224976E+10 0.331673E+10 0.225578E+09
     3226.00  0.169181E+08 0.221316E+10 0.333926E+10 0.190841E+09
     3236.00  0.153002E+08 0.217684E+10 0.336074E+10 0.159333E+09
     3246.00  0.137805E+08 0.214083E+10 0.338120E+10 0.130961E+09
     3256.00  0.123561E+08 0.210511E+10 0.340062E+10 0.105635E+09
     3266.00  0.110244E+08 0.206971E+10 0.341902E+10 0.832629E+08
     3276.00  0.978255E+07 0.203461E+10 0.343639E+10 0.637565E+08
     3286.00  0.862801E+07 0.199982E+10 0.345275E+10 0.470269E+08
     3296.00  0.755814E+07 0.196535E+10 0.346810E+10 0.329866E+08
     3306.00  0.657037E+07 0.193120E+10 0.348245E+10 0.215491E+08
     3316.00  0.566219E+07 0.189738E+10 0.349579E+10 0.126290E+08
     3326.00  0.483113E+07 0.186388E+10 0.350815E+10 0.614172E+07
     3336.00  0.407476E+07 0.183071E+10 0.351952E+10 0.200411E+07
     3346.00  0.339069E+07 0.179788E+10 0.352992E+10 0.133925E+06
     3356.00  0.277660E+07 0.176538E+10 0.353934E+10 0.450095E+06
     3366.00  0.223019E+07 0.173322E+10 0.354782E+10 0.287269E+07
     3376.00  0.174920E+07 0.170139E+10 0.355534E+10 0.732296E+07
     3386.00  0.133145E+07 0.166991E+10 0.356192E+10 0.137233E+08
     3396.00  0.974747E+06 0.163878E+10 0.356757E+10 0.219973E+08
     3406.00  0.676987E+06 0.160798E+10 0.357231E+10 0.320698E+08
     3416.00  0.436088E+06 0.157754E+10 0.357614E+10 0.438668E+08
     3426.00  0.250013E+06 0.154744E+10 0.357907E+10 0.573156E+08
     3436.00  0.116765E+06 0.151769E+10 0.358111E+10 0.723446E+08
     3446.00  0.343908E+05 0.148828E+10 0.358228E+10 0.888835E+08
     3456.00  0.974337E+03 0.145923E+10 0.358259E+10 0.106863E+09
     3466.00  0.146415E+05 0.143053E+10 0.358205E+10 0.126216E+09
     3476.00  0.735574E+05 0.140219E+10 0.358067E+10 0.146876E+09
     3486.00  0.175926E+06 0.137419E+10 0.357846E+10 0.168777E+09
     3496.00  0.319990E+06 0.134655E+10 0.357545E+10 0.191855E+09
     3506.00  0.504032E+06 0.131926E+10 0.357163E+10 0.216048E+09
     3516.00  0.726369E+06 0.129232E+10 0.356703E+10 0.241294E+09
     3526.00  0.985358E+06 0.126573E+10 0.356166E+10 0.267534E+09
     3536.00  0.127939E+07 0.123950E+10 0.355553E+10 0.294707E+09
     3546.00  0.160690E+07 0.121361E+10 0.354865E+10 0.322756E+09
     3556.00  0.196635E+07 0.118808E+10 0.354104E+10 0.351626E+09
     3566.00  0.235625E+07 0.116290E+10 0.353271E+10 0.381260E+09
     3576.00  0.277512E+07 0.113807E+10 0.352368E+10 0.411605E+09
     3586.00  0.322154E+07 0.111359E+10 0.351396E+10 0.442609E+09
     3596.00  0.369412E+07 0.108945E+10 0.350357E+10 0.474219E+09
     3606.00  0.419149E+07 0.106566E+10 0.349251E+10 0.506386E+09
     3616.00  0.471233E+07 0.104222E+10 0.348080E+10 0.539060E+09
     3626.00  0.525534E+07 0.101912E+10 0.346847E+10 0.572195E+09
     3636.00  0.581926E+07 0.996363E+09 0.345551E+10 0.605743E+09
     3646.00  0.640286E+07 0.973948E+09 0.344195E+10 0.639660E+09
     3656.00  0.700494E+07 0.951874E+09 0.342780E+10 0.673901E+09
     3666.00  0.762433E+07 0.930139E+09 0.341307E+10 0.708423E+09
     3676.00  0.825990E+07 0.908740E+09 0.339779E+10 0.743185E+09
     3686.00  0.891054E+07 0.887676E+09 0.338196E+10 0.778146E+09
     3696.00  0.957517E+07 0.866945E+09 0.336559E+10 0.813266E+09
     3706.00  0.102527E+08 0.846545E+09 0.334871E+10 0.848508E+09
     3716.00  0.109422E+08 0.826475E+09 0.333132E+10 0.883835E+09
     3726.00  0.116427E+08 0.806732E+09 0.331344E+10 0.919209E+09
     3736.00  0.123531E+08 0.787314E+09 0.329509E+10 0.954597E+09
     3746.00  0.130725E+08 0.768218E+09 0.327628E+10 0.989965E+09
     3756.00  0.138000E+08 0.749444E+09 0.325702E+10 0.102528E+10
     3766.00  0.145348E+08 0.730987E+09 0.323733E+10 0.106051E+10
     3776.00  0.152760E+08 0.712847E+09 0.321721E+10 0.109563E+10
     3786.00  0.160227E+08 0.695020E+09 0.319669E+10 0.113060E+10
     3796.00  0.167742E+08 0.677505E+09 0.317578E+10 0.116539E+10
     3806.00  0.175296E+08 0.660298E+09 0.315450E+10 0.119999E+10
     3816.00  0.182883E+08 0.643397E+09 0.313284E+10 0.123436E+10
     3826.00  0.190494E+08 0.626800E+09 0.311084E+10 0.126848E+10
     3836.00  0.198124E+08 0.610503E+09 0.308850E+10 0.130232E+10
     3846.00  0.205763E+08 0.594505E+09 0.306583E+10 0.133586E+10
     3856.00  0.213408E+08 0.578802E+09 0.304285E+10 0.136908E+10
     3866.00  0.221049E+08 0.563391E+09 0.301958E+10 0.140195E+10
     3876.00  0.228683E+08 0.548270E+09 0.299601E+10 0.143446E+10
     3886.00  0.236302E+08 0.533437E+09 0.297217E+10 0.146659E+10
     3896.00  0.243901E+08 0.518887E+09 0.294808E+10 0.149830E+10
     3906.00  0.251474E+08 0.504619E+09 0.292373E+10 0.152960E+10
     3916.00  0.259016E+08 0.490629E+09 0.289914E+10 0.156046E+10
     3926.00  0.266522E+08 0.476914E+09 0.287434E+10 0.159086E+10
     3936.00  0.273987E+08 0.463472E+09 0.284931E+10 0.162079E+10
     3946.00  0.281405E+08 0.450299E+09 0.282409E+10 0.165023E+10
     3956.00  0.288773E+08 0.437393E+09 0.279868E+10 0.167917E+10
     3966.00  0.296086E+08 0.424750E+09 0.277309E+10 0.170760E+10
     3976.00  0.303340E+08 0.412368E+09 0.274734E+10 0.173551E+10
     3986.00  0.310531E+08 0.400244E+09 0.272143E+10 0.176287E+10
     3996.00  0.317654E+08 0.388373E+09 0.269537E+10 0.178969E+10
     4006.00  0.324706E+08 0.376754E+09 0.266918E+10 0.181595E+10
     4016.00  0.331684E+08 0.365383E+09 0.264287E+10 0.184164E+10
     4026.00  0.338584E+08 0.354257E+09 0.261645E+10 0.186675E+10
     4036.00  0.345403E+08 0.343374E+09 0.258992E+10 0.189127E+10
     4046.00  0.352137E+08 0.332729E+09 0.256330E+10 0.191521E+10
     4056.00  0.358784E+08 0.322320E+09 0.253660E+10 0.193854E+10
     4066.00  0.365342E+08 0.312144E+09 0.250982E+10 0.196126E+10
     4076.00  0.371806E+08 0.302197E+09 0.248298E+10 0.198338E+10
     4086.00  0.378176E+08 0.292477E+09 0.245609E+10 0.200487E+10
     4096.00  0.384448E+08 0.282981E+09 0.242915E+10 0.202574E+10
     4106.00  0.390621E+08 0.273705E+09 0.240218E+10 0.204599E+10
     4116.00  0.396691E+08 0.264647E+09 0.237519E+10 0.206560E+10
     4126.00  0.402658E+08 0.255802E+09 0.234817E+10 0.208459E+10
     4136.00  0.408519E+08 0.247169E+09 0.232115E+10 0.210294E+10
     4146.00  0.414273E+08 0.238744E+09 0.229412E+10 0.212065E+10
     4156.00  0.419917E+08 0.230524E+09 0.226711E+10 0.213772E+10
     4166.00  0.425451E+08 0.222506E+09 0.224010E+10 0.215415E+10
     4176.00  0.430874E+08 0.214686E+09 0.221312E+10 0.216994E+10
     4186.00  0.436182E+08 0.207063E+09 0.218618E+10 0.218510E+10
     4196.00  0.441377E+08 0.199632E+09 0.215927E+10 0.219961E+10
     4206.00  0.446456E+08 0.192392E+09 0.213240E+10 0.221348E+10
     4216.00  0.451418E+08 0.185338E+09 0.210559E+10 0.222671E+10
     4226.00  0.456263E+08 0.178468E+09 0.207884E+10 0.223931E+10
     4236.00  0.460990E+08 0.171779E+09 0.205216E+10 0.225128E+10
     4246.00  0.465598E+08 0.165268E+09 0.202554E+10 0.226261E+10
     4256.00  0.470087E+08 0.158932E+09 0.199901E+10 0.227331E+10
     4266.00  0.474456E+08 0.152768E+09 0.197257E+10 0.228338E+10
     4276.00  0.478704E+08 0.146773E+09 0.194621E+10 0.229284E+10
     4286.00  0.482832E+08 0.140944E+09 0.191996E+10 0.230167E+10
     4296.00  0.486839E+08 0.135279E+09 0.189381E+10 0.230989E+10
     4306.00  0.490724E+08 0.129775E+09 0.186777E+10 0.231749E+10
     4316.00  0.494489E+08 0.124428E+09 0.184184E+10 0.232449E+10
     4326.00  0.498132E+08 0.119236E+09 0.181603E+10 0.233089E+10
     4336.00  0.501653E+08 0.114197E+09 0.179035E+10 0.233669E+10
     4346.00  0.505054E+08 0.109307E+09 0.176480E+10 0.234189E+10
     4356.00  0.508333E+08 0.104563E+09 0.173939E+10 0.234652E+10
     4366.00  0.511491E+08 0.999638E+08 0.171411E+10 0.235056E+10
     4376.00  0.514529E+08 0.955056E+08 0.168898E+10 0.235402E+10
     4386.00  0.517446E+08 0.911860E+08 0.166400E+10 0.235692E+10
     4396.00  0.520244E+08 0.870024E+08 0.163917E+10 0.235926E+10
     4406.00  0.522922E+08 0.829520E+08 0.161450E+10 0.236104E+10
     4416.00  0.525482E+08 0.790324E+08 0.158999E+10 0.236227E+10
     4426.00  0.527923E+08 0.752410E+08 0.156564E+10 0.236296E+10
     4436.00  0.530246E+08 0.715752E+08 0.154146E+10 0.236311E+10
     4446.00  0.532453E+08 0.680325E+08 0.151746E+10 0.236274E+10
     4456.00  0.534543E+08 0.646104E+08 0.149363E+10 0.236185E+10
     4466.00  0.536517E+08 0.613064E+08 0.146998E+10 0.236044E+10
     4476.00  0.538376E+08 0.581180E+08 0.144650E+10 0.235853E+10
     4486.00  0.540122E+08 0.550430E+08 0.142322E+10 0.235613E+10
     4511.00  0.543993E+08 0.478351E+08 0.136583E+10 0.234798E+10
     4536.00  0.547171E+08 0.412837E+08 0.130965E+10 0.233691E+10
     4561.00  0.549672E+08 0.353531E+08 0.125472E+10 0.232302E+10
     4586.00  0.551514E+08 0.300087E+08 0.120106E+10 0.230647E+10
     4611.00  0.552713E+08 0.252173E+08 0.114871E+10 0.228737E+10
     4636.00  0.553291E+08 0.209465E+08 0.109769E+10 0.226586E+10
     4661.00  0.553265E+08 0.171651E+08 0.104801E+10 0.224208E+10
     4686.00  0.552656E+08 0.138428E+08 0.999688E+09 0.221616E+10
     4711.00  0.551485E+08 0.109507E+08 0.952737E+09 0.218824E+10
     4736.00  0.549774E+08 0.846070E+07 0.907164E+09 0.215844E+10
     4761.00  0.547544E+08 0.634596E+07 0.862971E+09 0.212691E+10
     4786.00  0.544816E+08 0.458060E+07 0.820159E+09 0.209377E+10
     4811.00  0.541614E+08 0.313980E+07 0.778727E+09 0.205915E+10
     4836.00  0.537960E+08 0.199978E+07 0.738669E+09 0.202318E+10
     4861.00  0.533874E+08 0.113779E+07 0.699977E+09 0.198598E+10
     4886.00  0.529380E+08 0.532056E+06 0.662641E+09 0.194768E+10
     4911.00  0.524499E+08 0.161808E+06 0.626649E+09 0.190839E+10
     4936.00  0.519254E+08 0.723069E+04 0.591987E+09 0.186822E+10
     4961.00  0.513665E+08 0.494515E+05 0.558638E+09 0.182729E+10
     4986.00  0.507755E+08 0.270521E+06 0.526585E+09 0.178571E+10
     5011.00  0.501544E+08 0.653388E+06 0.495807E+09 0.174358E+10
     5036.00  0.495053E+08 0.118188E+07 0.466283E+09 0.170099E+10
     5061.00  0.488303E+08 0.184067E+07 0.437991E+09 0.165806E+10
     5086.00  0.481313E+08 0.261528E+07 0.410907E+09 0.161487E+10
     5111.00  0.474102E+08 0.349201E+07 0.385007E+09 0.157150E+10
     5136.00  0.466690E+08 0.445796E+07 0.360264E+09 0.152805E+10
     5161.00  0.459096E+08 0.550100E+07 0.336653E+09 0.148459E+10
     5186.00  0.451337E+08 0.660969E+07 0.314146E+09 0.144121E+10
     5211.00  0.443431E+08 0.777334E+07 0.292714E+09 0.139797E+10
     5236.00  0.435395E+08 0.898192E+07 0.272331E+09 0.135495E+10
     5261.00  0.427245E+08 0.102261E+08 0.252966E+09 0.131220E+10
     5286.00  0.418998E+08 0.114971E+08 0.234592E+09 0.126979E+10
     5311.00  0.410668E+08 0.127868E+08 0.217178E+09 0.122778E+10
     5336.00  0.402270E+08 0.140876E+08 0.200695E+09 0.118623E+10
     5361.00  0.393819E+08 0.153927E+08 0.185113E+09 0.114517E+10
     5386.00  0.385328E+08 0.166955E+08 0.170403E+09 0.110465E+10
     5411.00  0.376810E+08 0.179902E+08 0.156535E+09 0.106473E+10
     5436.00  0.368277E+08 0.192713E+08 0.143480E+09 0.102543E+10
     5461.00  0.359742E+08 0.205338E+08 0.131208E+09 0.986791E+09
     5511.00  0.342708E+08 0.229856E+08 0.108899E+09 0.911635E+09
     5561.00  0.325793E+08 0.253145E+08 0.893801E+08 0.839479E+09
     5611.00  0.309072E+08 0.274954E+08 0.724278E+08 0.770498E+09
     5661.00  0.292612E+08 0.295089E+08 0.578272E+08 0.704822E+09
     5711.00  0.276472E+08 0.313407E+08 0.453709E+08 0.642544E+09
     5761.00  0.260705E+08 0.329805E+08 0.348605E+08 0.583718E+09
     5811.00  0.245353E+08 0.344222E+08 0.261069E+08 0.528367E+09
     5861.00  0.230456E+08 0.356629E+08 0.189312E+08 0.476483E+09
     5911.00  0.216044E+08 0.367027E+08 0.131645E+08 0.428032E+09
     5961.00  0.202142E+08 0.375439E+08 0.864820E+07 0.382959E+09
     6011.00  0.188771E+08 0.381914E+08 0.523431E+07 0.341185E+09
     6061.00  0.175944E+08 0.386516E+08 0.278509E+07 0.302619E+09
     6111.00  0.163671E+08 0.389322E+08 0.117302E+07 0.267153E+09
     6161.00  0.151959E+08 0.390423E+08 0.280603E+06 0.234669E+09
     6211.00  0.140809E+08 0.389919E+08 0.649369E+02 0.205036E+09
     6261.00  0.130220E+08 0.387914E+08 0.233028E+06 0.178122E+09
     6311.00  0.120187E+08 0.384520E+08 0.890143E+06 0.153784E+09
     6361.00  0.110703E+08 0.379851E+08 0.189069E+07 0.131880E+09
     6411.00  0.101759E+08 0.374020E+08 0.316214E+07 0.112263E+09
     6461.00  0.933415E+07 0.367142E+08 0.463973E+07 0.947878E+08
     6511.00  0.854384E+07 0.359329E+08 0.626600E+07 0.793091E+08
     6561.00  0.780341E+07 0.350694E+08 0.799030E+07 0.656837E+08
     6611.00  0.711126E+07 0.341341E+08 0.976836E+07 0.537717E+08
     6661.00  0.646565E+07 0.331377E+08 0.115618E+08 0.434365E+08
     6711.00  0.586477E+07 0.320898E+08 0.133378E+08 0.345465E+08
     6761.00  0.530678E+07 0.309999E+08 0.150685E+08 0.269745E+08
     6811.00  0.478976E+07 0.298769E+08 0.167305E+08 0.205992E+08
     6861.00  0.431180E+07 0.287291E+08 0.183048E+08 0.153049E+08
     6911.00  0.387095E+07 0.275643E+08 0.197761E+08 0.109819E+08
     6961.00  0.346529E+07 0.263896E+08 0.211324E+08 0.752677E+07
     7011.00  0.309290E+07 0.252117E+08 0.223650E+08 0.484221E+07
     7061.00  0.275189E+07 0.240366E+08 0.234677E+08 0.283737E+07
     7111.00  0.244040E+07 0.228699E+08 0.244367E+08 0.142762E+07
     7161.00  0.215662E+07 0.217163E+08 0.252705E+08 0.534510E+06
     7211.00  0.189878E+07 0.205805E+08 0.259693E+08 0.856733E+05
     7261.00  0.166517E+07 0.194661E+08 0.265347E+08 0.146330E+05
     7311.00  0.145413E+07 0.183768E+08 0.269700E+08 0.260621E+06
     7361.00  0.126408E+07 0.173153E+08 0.272794E+08 0.768359E+06
     7411.00  0.109348E+07 0.162843E+08 0.274679E+08 0.148782E+07
     7511.00  0.804867E+06 0.143216E+08 0.275069E+08 0.338655E+07
     7611.00  0.577418E+06 0.125010E+08 0.271405E+08 0.565181E+07
     7711.00  0.401351E+06 0.108297E+08 0.264271E+08 0.804565E+07
     7811.00  0.267967E+06 0.931024E+07 0.254269E+08 0.103884E+08
     7911.00  0.169605E+06 0.794157E+07 0.241988E+08 0.125503E+08
     8011.00  0.995952E+05 0.671972E+07 0.227989E+08 0.144430E+08
     8111.00  0.521867E+05 0.563843E+07 0.212787E+08 0.160126E+08
     8211.00  0.224748E+05 0.468976E+07 0.196847E+08 0.172327E+08
     8311.00  0.632216E+04 0.386460E+07 0.180574E+08 0.180985E+08
     8411.00  0.280354E+03 0.315313E+07 0.164316E+08 0.186211E+08
     8511.00  0.151113E+04 0.254515E+07 0.148362E+08 0.188236E+08
     8611.00  0.771152E+04 0.203041E+07 0.132944E+08 0.187372E+08
     8711.00  0.170428E+05 0.159886E+07 0.118246E+08 0.183977E+08
     8811.00  0.280645E+05 0.124081E+07 0.104402E+08 0.178436E+08
     8911.00  0.396741E+05 0.947068E+06 0.915058E+07 0.171136E+08
     9011.00  0.510518E+05 0.709078E+06 0.796146E+07 0.162453E+08
     9111.00  0.616126E+05 0.518937E+06 0.687549E+07 0.152743E+08
     9211.00  0.709619E+05 0.369452E+06 0.589273E+07 0.142330E+08
     9311.00  0.788591E+05 0.254143E+06 0.501115E+07 0.131506E+08
     9411.00  0.851840E+05 0.167238E+06 0.422709E+07 0.120525E+08
     9511.00  0.899097E+05 0.103646E+06 0.353563E+07 0.109603E+08
     9611.00  0.930790E+05 0.589226E+05 0.293095E+07 0.989199E+07
     9711.00  0.947846E+05 0.292299E+05 0.240665E+07 0.886216E+07
     9811.00  0.951534E+05 0.112866E+05 0.195596E+07 0.788205E+07
     9911.00  0.943334E+05 0.231980E+04 0.157202E+07 0.695998E+07
    10011.00  0.924832E+05 0.132780E+02 0.124799E+07 0.610167E+07
    10111.00  0.897646E+05 0.245742E+04 0.977240E+06 0.531058E+07
    10211.00  0.863358E+05 0.810034E+04 0.753428E+06 0.458818E+07
    10311.00  0.823476E+05 0.157017E+05 0.570580E+06 0.393438E+07
    10411.00  0.779397E+05 0.242893E+05 0.423144E+06 0.334772E+07
    10511.00  0.732391E+05 0.331192E+05 0.306022E+06 0.282572E+07
    10611.00  0.683589E+05 0.416399E+05 0.214591E+06 0.236510E+07
    10711.00  0.633980E+05 0.494590E+05 0.144695E+06 0.196201E+07
    10811.00  0.584412E+05 0.563151E+05 0.926411E+05 0.161222E+07
    10911.00  0.535593E+05 0.620517E+05 0.551791E+05 0.131129E+07
    11011.00  0.488108E+05 0.665956E+05 0.294772E+05 0.105468E+07
    11111.00  0.442419E+05 0.699380E+05 0.130937E+05 0.837915E+06
    11211.00  0.398883E+05 0.721178E+05 0.394489E+04 0.656607E+06
    11311.00  0.357759E+05 0.732090E+05 0.272951E+03 0.506576E+06
    11411.00  0.319226E+05 0.733089E+05 0.612275E+03 0.383876E+06
    11511.00  0.283388E+05 0.725293E+05 0.375715E+04 0.284834E+06
    11611.00  0.250287E+05 0.709896E+05 0.873036E+04 0.206075E+06
    11711.00  0.219916E+05 0.688104E+05 0.147534E+05 0.144531E+06
    11811.00  0.192224E+05 0.661098E+05 0.212190E+05 0.974402E+05
    11911.00  0.167127E+05 0.630001E+05 0.276653E+05 0.623437E+05
    12011.00  0.144517E+05 0.595853E+05 0.337530E+05 0.370736E+05
    12111.00  0.124264E+05 0.559600E+05 0.392446E+05 0.197381E+05
    12211.00  0.106226E+05 0.522085E+05 0.439854E+05 0.870223E+04
    12311.00  0.902527E+04 0.484042E+05 0.478880E+05 0.256825E+04
    12411.00  0.761892E+04 0.446103E+05 0.509179E+05 0.154242E+03
    12511.00  0.638791E+04 0.408794E+05 0.530810E+05 0.472588E+03
    12611.00  0.531683E+04 0.372550E+05 0.544139E+05 0.270871E+04
    12711.00  0.439067E+04 0.337712E+05 0.549749E+05 0.620052E+04
    12811.00  0.359499E+04 0.304544E+05 0.548369E+05 0.104189E+05
    12911.00  0.291607E+04 0.273238E+05 0.540817E+05 0.149494E+05
    13011.00  0.234097E+04 0.243921E+05 0.527951E+05 0.194756E+05
    13111.00  0.185764E+04 0.216668E+05 0.510633E+05 0.237634E+05
    13211.00  0.145489E+04 0.191507E+05 0.489705E+05 0.276477E+05
    13311.00  0.112245E+04 0.168428E+05 0.465960E+05 0.310197E+05
    13411.00  0.850939E+03 0.147388E+05 0.440135E+05 0.338162E+05
    13511.00  0.631862E+03 0.128321E+05 0.412900E+05 0.360104E+05
    13611.00  0.457560E+03 0.111141E+05 0.384850E+05 0.376034E+05
    13711.00  0.321185E+03 0.957478E+04 0.356504E+05 0.386175E+05
    13811.00  0.216648E+03 0.820319E+04 0.328310E+05 0.390905E+05
    13911.00  0.138570E+03 0.698773E+04 0.300639E+05 0.390704E+05
    14011.00  0.822374E+02 0.591655E+04 0.273800E+05 0.386120E+05
    14111.00  0.435403E+02 0.497775E+04 0.248035E+05 0.377733E+05
    14211.00  0.189275E+02 0.415958E+04 0.223529E+05 0.366130E+05
    14311.00  0.535321E+01 0.345069E+04 0.200418E+05 0.351890E+05
    14411.00  0.227519E+00 0.284016E+04 0.178793E+05 0.335562E+05
    14511.00  0.136958E+01 0.231765E+04 0.158703E+05 0.317659E+05
    14611.00  0.696269E+01 0.187345E+04 0.140167E+05 0.298653E+05
    14711.00  0.155123E+02 0.149850E+04 0.123176E+05 0.278965E+05
    14811.00  0.258068E+02 0.118445E+04 0.107696E+05 0.258968E+05
    14911.00  0.368814E+02 0.923636E+03 0.936775E+04 0.238984E+05
    15011.00  0.479844E+02 0.709066E+03 0.810557E+04 0.219288E+05
    15111.00  0.585474E+02 0.534421E+03 0.697559E+04 0.200106E+05
    15211.00  0.681572E+02 0.394014E+03 0.596961E+04 0.181622E+05
    15311.00  0.765309E+02 0.282759E+03 0.507899E+04 0.163980E+05
    15411.00  0.834940E+02 0.196137E+03 0.429490E+04 0.147286E+05
    15511.00  0.889604E+02 0.130151E+03 0.360848E+04 0.131616E+05
    15611.00  0.929147E+02 0.812941E+02 0.301100E+04 0.117016E+05
    15711.00  0.953969E+02 0.465000E+02 0.249399E+04 0.103509E+05
    15811.00  0.964896E+02 0.231095E+02 0.204934E+04 0.910960E+04
    15911.00  0.963054E+02 0.882954E+01 0.166936E+04 0.797610E+04
    16011.00  0.949781E+02 0.169690E+01 0.134684E+04 0.694742E+04
    16111.00  0.926543E+02 0.432887E-01 0.107507E+04 0.601944E+04
    16211.00  0.894859E+02 0.246280E+01 0.847845E+03 0.518721E+04
    16311.00  0.856251E+02 0.778169E+01 0.659496E+03 0.444514E+04
    16411.00  0.812202E+02 0.150305E+02 0.504865E+03 0.378726E+04
    16511.00  0.764113E+02 0.234183E+02 0.379285E+03 0.320736E+04
    16611.00  0.713283E+02 0.323098E+02 0.278572E+03 0.269911E+04
    16711.00  0.660894E+02 0.412040E+02 0.198990E+03 0.225626E+04
    16811.00  0.607990E+02 0.497152E+02 0.137225E+03 0.187269E+04
    16911.00  0.555482E+02 0.575560E+02 0.903579E+02 0.154247E+04
    17011.00  0.504140E+02 0.645225E+02 0.558290E+02 0.126000E+04
    17111.00  0.454599E+02 0.704801E+02 0.314097E+02 0.101997E+04
    17211.00  0.407365E+02 0.753521E+02 0.151706E+02 0.817433E+03
    17311.00  0.362820E+02 0.791092E+02 0.545335E+01 0.647811E+03
    17411.00  0.321239E+02 0.817599E+02 0.841437E+00 0.506913E+03
    17511.00  0.282792E+02 0.833426E+02 0.134448E+00 0.390919E+03
    17611.00  0.247565E+02 0.839190E+02 0.232325E+01 0.296380E+03
    17711.00  0.215566E+02 0.835678E+02 0.656725E+01 0.220204E+03
    17811.00  0.186741E+02 0.823791E+02 0.121735E+02 0.159635E+03
    17911.00  0.160981E+02 0.804510E+02 0.185775E+02 0.112233E+03
    18011.00  0.138142E+02 0.778853E+02 0.253265E+02 0.758534E+02
    18111.00  0.118043E+02 0.747843E+02 0.320633E+02 0.486225E+02
    18211.00  0.100486E+02 0.712486E+02 0.385131E+02 0.289124E+02
    18311.00  0.852607E+01 0.673753E+02 0.444705E+02 0.153187E+02
    18411.00  0.721485E+01 0.632559E+02 0.497893E+02 0.663677E+01
    18511.00  0.609328E+01 0.589751E+02 0.543720E+02 0.184058E+01
    18611.00  0.514027E+01 0.546105E+02 0.581621E+02 0.617176E-01
    18711.00  0.433563E+01 0.502317E+02 0.611363E+02 0.570376E+00
    18811.00  0.366042E+01 0.458995E+02 0.632979E+02 0.275788E+01
    18911.00  0.309716E+01 0.416669E+02 0.646719E+02 0.612072E+01
    19011.00  0.262997E+01 0.375782E+02 0.652994E+02 0.102462E+02
    19111.00  0.224456E+01 0.336696E+02 0.652337E+02 0.147998E+02
    19311.00  0.167016E+01 0.265001E+02 0.632769E+02 0.241760E+02
    19511.00  0.129138E+01 0.203037E+02 0.593520E+02 0.327353E+02
    19711.00  0.104760E+01 0.151296E+02 0.540293E+02 0.396187E+02
    19911.00  0.895765E+00 0.109514E+02 0.478480E+02 0.444261E+02
    20111.00  0.805861E+00 0.768844E+01 0.412839E+02 0.470724E+02
    20311.00  0.756690E+00 0.522625E+01 0.347307E+02 0.476811E+02
    20511.00  0.732628E+00 0.343365E+01 0.284934E+02 0.465082E+02
    20711.00  0.721393E+00 0.217708E+01 0.227892E+02 0.438848E+02
    20911.00  0.712829E+00 0.133124E+01 0.177542E+02 0.401752E+02
    21111.00  0.698515E+00 0.786146E+00 0.134544E+02 0.357445E+02
    21311.00  0.671912E+00 0.450880E+00 0.989789E+01 0.309340E+02
    21511.00  0.628788E+00 0.254611E+00 0.704914E+01 0.260445E+02
    21711.00  0.567602E+00 0.145475E+00 0.484171E+01 0.213236E+02
    21911.00  0.489716E+00 0.880290E-01 0.319060E+01 0.169606E+02
    22111.00  0.399260E+00 0.598998E-01 0.200262E+01 0.130844E+02
    22311.00  0.302648E+00 0.482263E-01 0.118467E+01 0.976755E+01
    22511.00  0.207792E+00 0.463446E-01 0.649955E+00 0.703247E+01
    22711.00  0.123105E+00 0.510267E-01 0.322095E+00 0.486095E+01
    22911.00  0.564362E-01 0.604482E-01 0.137359E+00 0.320465E+01
    23111.00  0.140841E-01 0.729205E-01 0.453196E-01 0.199565E+01
    23311.00  0.797766E-05 0.863258E-01 0.830901E-02 0.115644E+01
    23511.00  0.153406E-01 0.981037E-01 0.319236E-05 0.608129E+00
    23711.00  0.582490E-01 0.105611E+00 0.350350E-02 0.276939E+00
    23911.00  0.124148E+00 0.106652E+00 0.920729E-02 0.983970E-01
    24111.00  0.206224E+00 0.100008E+00 0.127165E-01 0.196432E-01
    24311.00  0.296197E+00 0.858177E-01 0.129655E-01 0.830498E-05
    24511.00  0.385213E+00 0.657361E-01 0.106839E-01 0.103072E-01
    24711.00  0.464771E+00 0.428212E-01 0.725219E-02 0.312825E-01
    24911.00  0.527553E+00 0.211798E-01 0.395288E-02 0.516129E-01
    25111.00  0.568116E+00 0.542717E-02 0.158116E-02 0.658304E-01
    25311.00  0.583317E+00 0.455720E-04 0.349619E-03 0.723958E-01
    25511.00  0.572517E+00 0.874033E-02 0.439792E-05 0.720908E-01
    25711.00  0.537477E+00 0.338857E-01 0.653508E-04 0.667902E-01
    25911.00  0.482061E+00 0.761366E-01 0.107564E-03 0.586213E-01
    26111.00  0.411711E+00 0.134256E+00 0.142464E-04 0.494595E-01
    26311.00  0.332840E+00 0.205175E+00 0.149398E-03 0.406967E-01
    26511.00  0.252145E+00 0.284278E+00 0.142000E-02 0.332000E-01
    26711.00  0.175969E+00 0.365865E+00 0.521933E-02 0.273940E-01
    26911.00  0.109730E+00 0.443736E+00 0.132628E-01 0.234009E-01
         IE==>     12
        1.00  0.133677E+01
        2.00  0.118088E+03
        3.00  0.160832E+04
        4.00  0.101901E+05
        5.00  0.424543E+05
        6.00  0.135686E+06
        7.00  0.361165E+06
        8.00  0.840859E+06
        9.00  0.176736E+07
       10.00  0.342691E+07
       11.00  0.622527E+07
       12.00  0.107165E+08
       13.00  0.176343E+08
       14.00  0.279257E+08
       15.00  0.427865E+08
       16.00  0.636992E+08
       17.00  0.924714E+08
       18.00  0.131277E+09
       19.00  0.182696E+09
       20.00  0.249761E+09
       21.00  0.336002E+09
       22.00  0.445493E+09
       23.00  0.582902E+09
       24.00  0.753544E+09
       25.00  0.963433E+09
       26.00  0.121933E+10
       27.00  0.152882E+10
       28.00  0.190033E+10
       29.00  0.234321E+10
       30.00  0.286780E+10
       31.00  0.348548E+10
       32.00  0.420873E+10
       33.00  0.505119E+10
       34.00  0.602777E+10
       35.00  0.715468E+10
       36.00  0.844953E+10
       37.00  0.993141E+10
       38.00  0.116209E+11
       39.00  0.135404E+11
       40.00  0.157136E+11
       42.00  0.209260E+11
       44.00  0.274855E+11
       46.00  0.356494E+11
       48.00  0.457058E+11
       50.00  0.579731E+11
       52.00  0.727973E+11
       54.00  0.905475E+11
       56.00  0.111606E+12
       58.00  0.136356E+12
       60.00  0.165159E+12
       62.00  0.198326E+12
       64.00  0.236092E+12
       66.00  0.278567E+12
       68.00  0.325698E+12
       70.00  0.377229E+12
       72.00  0.432662E+12
       74.00  0.491241E+12
       76.00  0.551949E+12
       78.00  0.613540E+12
       80.00  0.674605E+12
       82.00  0.733658E+12
       84.00  0.789248E+12
       86.00  0.840069E+12
       88.00  0.885051E+12
       90.00  0.923430E+12
       92.00  0.954771E+12
       94.00  0.978962E+12
       96.00  0.996174E+12
       98.00  0.100680E+13
      100.00  0.101141E+13
      102.00  0.101066E+13
      104.00  0.100525E+13
      106.00  0.995890E+12
      108.00  0.983248E+12
      110.00  0.967949E+12
      112.00  0.950545E+12
      114.00  0.931524E+12
      116.00  0.911302E+12
      118.00  0.890229E+12
      122.00  0.846647E+12
      126.00  0.802522E+12
      130.00  0.758982E+12
      134.00  0.716715E+12
      138.00  0.676119E+12
      142.00  0.637392E+12
      146.00  0.600603E+12
      150.00  0.565744E+12
      154.00  0.532757E+12
      158.00  0.501559E+12
      162.00  0.472057E+12
      166.00  0.444156E+12
      170.00  0.417760E+12
      174.00  0.392777E+12
      178.00  0.369119E+12
      182.00  0.346705E+12
      186.00  0.325458E+12
      190.00  0.305308E+12
      194.00  0.286193E+12
      198.00  0.268055E+12
      202.00  0.250841E+12
      206.00  0.234503E+12
      210.00  0.218996E+12
      214.00  0.204280E+12
      218.00  0.190316E+12
      222.00  0.177069E+12
      226.00  0.164507E+12
      230.00  0.152599E+12
      234.00  0.141318E+12
      238.00  0.130637E+12
      242.00  0.120532E+12
      246.00  0.110979E+12
      250.00  0.101958E+12
      254.00  0.934463E+11
      258.00  0.854248E+11
      262.00  0.778745E+11
      266.00  0.707775E+11
      270.00  0.641166E+11
      274.00  0.578755E+11
      282.00  0.465902E+11
      290.00  0.368031E+11
      298.00  0.284036E+11
      306.00  0.212885E+11
      314.00  0.153614E+11
      322.00  0.105317E+11
      330.00  0.671438E+10
      338.00  0.382913E+10
      346.00  0.180011E+10
      354.00  0.555691E+09
      362.00  0.281454E+08
      370.00  0.153418E+09
      378.00  0.870909E+09
      386.00  0.212332E+10
      394.00  0.385649E+10
      402.00  0.601928E+10
      410.00  0.856342E+10
      418.00  0.114434E+11
      426.00  0.146164E+11
      434.00  0.180422E+11
      442.00  0.216831E+11
      450.00  0.255037E+11
      458.00  0.294708E+11
      466.00  0.335534E+11
      474.00  0.377228E+11
      482.00  0.419520E+11
      490.00  0.462163E+11
      498.00  0.504926E+11
      506.00  0.547595E+11
      514.00  0.589974E+11
      522.00  0.631881E+11
      530.00  0.673150E+11
      538.00  0.713631E+11
      546.00  0.753188E+11
      554.00  0.791697E+11
      562.00  0.829046E+11
      570.00  0.865137E+11
      578.00  0.899880E+11
      586.00  0.933198E+11
      596.00  0.972741E+11
      606.00  0.100985E+12
      616.00  0.104443E+12
      626.00  0.107641E+12
      636.00  0.110576E+12
      646.00  0.113243E+12
      656.00  0.115642E+12
      666.00  0.117771E+12
      676.00  0.119633E+12
      686.00  0.121229E+12
      696.00  0.122564E+12
      706.00  0.123641E+12
      716.00  0.124465E+12
      726.00  0.125043E+12
      736.00  0.125381E+12
      746.00  0.125487E+12
      756.00  0.125367E+12
      766.00  0.125032E+12
      776.00  0.124488E+12
      786.00  0.123745E+12
      796.00  0.122812E+12
      806.00  0.121698E+12
      816.00  0.120413E+12
      826.00  0.118967E+12
      836.00  0.117369E+12
      846.00  0.115630E+12
      856.00  0.113757E+12
      866.00  0.111762E+12
      876.00  0.109654E+12
      886.00  0.107442E+12
      896.00  0.105136E+12
      906.00  0.102745E+12
      916.00  0.100277E+12
      926.00  0.977425E+11
      936.00  0.951484E+11
      946.00  0.925036E+11
      956.00  0.898160E+11
      966.00  0.870935E+11
      976.00  0.843437E+11
      986.00  0.815736E+11
      996.00  0.787902E+11
     1006.00  0.760002E+11
     1016.00  0.732098E+11
     1026.00  0.704253E+11
     1036.00  0.676523E+11
     1046.00  0.648965E+11
     1056.00  0.621631E+11
     1066.00  0.594569E+11
     1076.00  0.567828E+11
     1086.00  0.541449E+11
     1096.00  0.515474E+11
     1106.00  0.489941E+11
     1116.00  0.464886E+11
     1126.00  0.440342E+11
     1136.00  0.416340E+11
     1146.00  0.392906E+11
     1156.00  0.370066E+11
     1166.00  0.347843E+11
     1176.00  0.326258E+11
     1186.00  0.305328E+11
     1196.00  0.285069E+11
     1206.00  0.265496E+11
     1216.00  0.246620E+11
     1226.00  0.228452E+11
     1236.00  0.210999E+11
     1246.00  0.194267E+11
     1256.00  0.178261E+11
     1266.00  0.162984E+11
     1276.00  0.148436E+11
     1286.00  0.134618E+11
     1296.00  0.121527E+11
     1306.00  0.109161E+11
     1316.00  0.975152E+10
     1326.00  0.865840E+10
     1336.00  0.763606E+10
     1346.00  0.668372E+10
     1356.00  0.580049E+10
     1366.00  0.498539E+10
     1376.00  0.423735E+10
     1386.00  0.355522E+10
     1396.00  0.293777E+10
     1406.00  0.238370E+10
     1416.00  0.189166E+10
     1426.00  0.146022E+10
     1436.00  0.108790E+10
     1446.00  0.773181E+09
     1456.00  0.514498E+09
     1466.00  0.310244E+09
     1476.00  0.158783E+09
     1486.00  0.584484E+08
     1496.00  0.754863E+07
     1506.00  0.437287E+07
     1516.00  0.471940E+08
     1526.00  0.134273E+09
     1536.00  0.263861E+09
     1546.00  0.434206E+09
     1556.00  0.643552E+09
     1566.00  0.890147E+09
     1576.00  0.117224E+10
     1586.00  0.148809E+10
     1596.00  0.183597E+10
     1606.00  0.221415E+10
     1616.00  0.262093E+10
     1626.00  0.305463E+10
     1636.00  0.351357E+10
     1646.00  0.399611E+10
     1656.00  0.450063E+10
     1666.00  0.502551E+10
     1676.00  0.556920E+10
     1686.00  0.613014E+10
     1696.00  0.670682E+10
     1706.00  0.729775E+10
     1716.00  0.790149E+10
     1726.00  0.851660E+10
     1736.00  0.914171E+10
     1746.00  0.977546E+10
     1756.00  0.104165E+11
     1766.00  0.110636E+11
     1776.00  0.117155E+11
     1786.00  0.123710E+11
     1796.00  0.130288E+11
     1806.00  0.136880E+11
     1816.00  0.143473E+11
     1826.00  0.150057E+11
     1836.00  0.156623E+11
     1846.00  0.163159E+11
     1856.00  0.169657E+11
     1866.00  0.176108E+11
     1876.00  0.182502E+11
     1886.00  0.188831E+11
     1896.00  0.195088E+11
     1906.00  0.201265E+11
     1916.00  0.207355E+11
     1926.00  0.213350E+11
     1936.00  0.219244E+11
     1946.00  0.225031E+11
     1956.00  0.230705E+11
     1966.00  0.236261E+11
     1976.00  0.241693E+11
     1986.00  0.246997E+11
     1996.00  0.252168E+11
     2006.00  0.257201E+11
     2016.00  0.262094E+11
     2026.00  0.266842E+11
     2036.00  0.271442E+11
     2046.00  0.275891E+11
     2056.00  0.280187E+11
     2066.00  0.284327E+11
     2076.00  0.288309E+11
     2086.00  0.292131E+11
     2096.00  0.295792E+11
     2106.00  0.299289E+11
     2116.00  0.302623E+11
     2126.00  0.305791E+11
     2136.00  0.308794E+11
     2146.00  0.311631E+11
     2156.00  0.314302E+11
     2166.00  0.316806E+11
     2176.00  0.319144E+11
     2186.00  0.321317E+11
     2196.00  0.323324E+11
     2206.00  0.325167E+11
     2216.00  0.326846E+11
     2226.00  0.328363E+11
     2236.00  0.329718E+11
     2246.00  0.330913E+11
     2256.00  0.331949E+11
     2266.00  0.332829E+11
     2276.00  0.333553E+11
     2286.00  0.334124E+11
     2296.00  0.334544E+11
     2306.00  0.334814E+11
     2316.00  0.334938E+11
     2326.00  0.334916E+11
     2336.00  0.334752E+11
     2346.00  0.334448E+11
     2356.00  0.334007E+11
     2366.00  0.333431E+11
     2376.00  0.332722E+11
     2386.00  0.331885E+11
     2396.00  0.330920E+11
     2406.00  0.329832E+11
     2416.00  0.328624E+11
     2426.00  0.327297E+11
     2436.00  0.325856E+11
     2446.00  0.324303E+11
     2456.00  0.322641E+11
     2466.00  0.320874E+11
     2476.00  0.319004E+11
     2486.00  0.317034E+11
     2496.00  0.314968E+11
     2506.00  0.312809E+11
     2516.00  0.310560E+11
     2526.00  0.308224E+11
     2536.00  0.305804E+11
     2546.00  0.303304E+11
     2556.00  0.300726E+11
     2566.00  0.298074E+11
     2576.00  0.295350E+11
     2586.00  0.292558E+11
     2596.00  0.289701E+11
     2606.00  0.286783E+11
     2616.00  0.283805E+11
     2626.00  0.280770E+11
     2636.00  0.277683E+11
     2646.00  0.274546E+11
     2656.00  0.271362E+11
     2666.00  0.268133E+11
     2676.00  0.264862E+11
     2686.00  0.261553E+11
     2696.00  0.258208E+11
     2706.00  0.254830E+11
     2716.00  0.251421E+11
     2726.00  0.247984E+11
     2736.00  0.244522E+11
     2746.00  0.241036E+11
     2756.00  0.237531E+11
     2766.00  0.234008E+11
     2776.00  0.230469E+11
     2786.00  0.226918E+11
     2796.00  0.223355E+11
     2806.00  0.219784E+11
     2816.00  0.216207E+11
     2826.00  0.212626E+11
     2836.00  0.209042E+11
     2846.00  0.205459E+11
     2856.00  0.201878E+11
     2866.00  0.198301E+11
     2876.00  0.194730E+11
     2886.00  0.191166E+11
     2896.00  0.187612E+11
     2906.00  0.184070E+11
     2916.00  0.180540E+11
     2926.00  0.177025E+11
     2936.00  0.173527E+11
     2946.00  0.170046E+11
     2956.00  0.166584E+11
     2966.00  0.163144E+11
     2976.00  0.159725E+11
     2986.00  0.156330E+11
     2996.00  0.152959E+11
     3006.00  0.149614E+11
     3016.00  0.146297E+11
     3026.00  0.143008E+11
     3036.00  0.139748E+11
     3046.00  0.136518E+11
     3056.00  0.133320E+11
     3066.00  0.130154E+11
     3076.00  0.127022E+11
     3086.00  0.123923E+11
     3096.00  0.120860E+11
     3106.00  0.117832E+11
     3116.00  0.114840E+11
     3126.00  0.111886E+11
     3136.00  0.108969E+11
     3146.00  0.106091E+11
     3156.00  0.103251E+11
     3166.00  0.100451E+11
     3176.00  0.976902E+10
     3186.00  0.949701E+10
     3196.00  0.922906E+10
     3206.00  0.896522E+10
     3216.00  0.870552E+10
     3226.00  0.844999E+10
     3236.00  0.819866E+10
     3246.00  0.795154E+10
     3256.00  0.770866E+10
     3266.00  0.747003E+10
     3276.00  0.723567E+10
     3286.00  0.700558E+10
     3296.00  0.677978E+10
     3306.00  0.655827E+10
     3316.00  0.634104E+10
     3326.00  0.612811E+10
     3336.00  0.591946E+10
     3346.00  0.571510E+10
     3356.00  0.551500E+10
     3366.00  0.531917E+10
     3376.00  0.512758E+10
     3386.00  0.494022E+10
     3396.00  0.475707E+10
     3406.00  0.457812E+10
     3416.00  0.440333E+10
     3426.00  0.423270E+10
     3436.00  0.406618E+10
     3446.00  0.390376E+10
     3456.00  0.374540E+10
     3466.00  0.359107E+10
     3476.00  0.344075E+10
     3486.00  0.329439E+10
     3496.00  0.315196E+10
     3506.00  0.301343E+10
     3516.00  0.287875E+10
     3526.00  0.274789E+10
     3536.00  0.262081E+10
     3546.00  0.249745E+10
     3556.00  0.237780E+10
     3566.00  0.226178E+10
     3576.00  0.214937E+10
     3586.00  0.204052E+10
     3596.00  0.193518E+10
     3606.00  0.183330E+10
     3616.00  0.173484E+10
     3626.00  0.163974E+10
     3636.00  0.154796E+10
     3646.00  0.145945E+10
     3656.00  0.137415E+10
     3666.00  0.129202E+10
     3676.00  0.121301E+10
     3686.00  0.113706E+10
     3696.00  0.106412E+10
     3706.00  0.994136E+09
     3716.00  0.927059E+09
     3726.00  0.862836E+09
     3736.00  0.801413E+09
     3746.00  0.742737E+09
     3756.00  0.686755E+09
     3766.00  0.633413E+09
     3776.00  0.582659E+09
     3786.00  0.534438E+09
     3796.00  0.488699E+09
     3806.00  0.445387E+09
     3816.00  0.404449E+09
     3826.00  0.365833E+09
     3836.00  0.329486E+09
     3846.00  0.295356E+09
     3856.00  0.263389E+09
     3866.00  0.233534E+09
     3876.00  0.205740E+09
     3886.00  0.179954E+09
     3896.00  0.156125E+09
     3906.00  0.134203E+09
     3916.00  0.114138E+09
     3926.00  0.958783E+08
     3936.00  0.793754E+08
     3946.00  0.645797E+08
     3956.00  0.514426E+08
     3966.00  0.399156E+08
     3976.00  0.299510E+08
     3986.00  0.215013E+08
     3996.00  0.145199E+08
     4006.00  0.896025E+07
     4016.00  0.477672E+07
     4026.00  0.192403E+07
     4036.00  0.357524E+06
     4046.00  0.330962E+05
     4056.00  0.907228E+06
     4066.00  0.293699E+07
     4076.00  0.608005E+07
     4086.00  0.102947E+08
     4096.00  0.155398E+08
     4106.00  0.217748E+08
     4116.00  0.289600E+08
     4126.00  0.370561E+08
     4136.00  0.460245E+08
     4146.00  0.558272E+08
     4156.00  0.664269E+08
     4166.00  0.777871E+08
     4176.00  0.898716E+08
     4186.00  0.102645E+09
     4196.00  0.116073E+09
     4206.00  0.130121E+09
     4216.00  0.144757E+09
     4226.00  0.159946E+09
     4236.00  0.175658E+09
     4246.00  0.191860E+09
     4256.00  0.208523E+09
     4266.00  0.225616E+09
     4276.00  0.243109E+09
     4286.00  0.260974E+09
     4296.00  0.279183E+09
     4306.00  0.297709E+09
     4316.00  0.316523E+09
     4326.00  0.335601E+09
     4336.00  0.354917E+09
     4346.00  0.374446E+09
     4356.00  0.394164E+09
     4366.00  0.414046E+09
     4376.00  0.434070E+09
     4386.00  0.454214E+09
     4396.00  0.474456E+09
     4406.00  0.494775E+09
     4416.00  0.515149E+09
     4426.00  0.535560E+09
     4436.00  0.555988E+09
     4446.00  0.576413E+09
     4456.00  0.596818E+09
     4466.00  0.617185E+09
     4476.00  0.637498E+09
     4486.00  0.657738E+09
     4511.00  0.707924E+09
     4536.00  0.757328E+09
     4561.00  0.805738E+09
     4586.00  0.852959E+09
     4611.00  0.898815E+09
     4636.00  0.943150E+09
     4661.00  0.985823E+09
     4686.00  0.102671E+10
     4711.00  0.106571E+10
     4736.00  0.110273E+10
     4761.00  0.113769E+10
     4786.00  0.117052E+10
     4811.00  0.120118E+10
     4836.00  0.122964E+10
     4861.00  0.125585E+10
     4886.00  0.127981E+10
     4911.00  0.130150E+10
     4936.00  0.132094E+10
     4961.00  0.133813E+10
     4986.00  0.135310E+10
     5011.00  0.136586E+10
     5036.00  0.137646E+10
     5061.00  0.138492E+10
     5086.00  0.139131E+10
     5111.00  0.139565E+10
     5136.00  0.139802E+10
     5161.00  0.139847E+10
     5186.00  0.139706E+10
     5211.00  0.139386E+10
     5236.00  0.138892E+10
     5261.00  0.138233E+10
     5286.00  0.137415E+10
     5311.00  0.136445E+10
     5336.00  0.135331E+10
     5361.00  0.134081E+10
     5386.00  0.132701E+10
     5411.00  0.131200E+10
     5436.00  0.129584E+10
     5461.00  0.127860E+10
     5511.00  0.124123E+10
     5561.00  0.120045E+10
     5611.00  0.115681E+10
     5661.00  0.111086E+10
     5711.00  0.106311E+10
     5761.00  0.101403E+10
     5811.00  0.964071E+09
     5861.00  0.913643E+09
     5911.00  0.863126E+09
     5961.00  0.812862E+09
     6011.00  0.763159E+09
     6061.00  0.714290E+09
     6111.00  0.666496E+09
     6161.00  0.619986E+09
     6211.00  0.574937E+09
     6261.00  0.531497E+09
     6311.00  0.489789E+09
     6361.00  0.449906E+09
     6411.00  0.411921E+09
     6461.00  0.375883E+09
     6511.00  0.341823E+09
     6561.00  0.309751E+09
     6611.00  0.279663E+09
     6661.00  0.251540E+09
     6711.00  0.225351E+09
     6761.00  0.201052E+09
     6811.00  0.178593E+09
     6861.00  0.157912E+09
     6911.00  0.138944E+09
     6961.00  0.121617E+09
     7011.00  0.105855E+09
     7061.00  0.915780E+08
     7111.00  0.787063E+08
     7161.00  0.671574E+08
     7211.00  0.568489E+08
     7261.00  0.476987E+08
     7311.00  0.396258E+08
     7361.00  0.325507E+08
     7411.00  0.263956E+08
     7511.00  0.165479E+08
     7611.00  0.951498E+07
     7711.00  0.477909E+07
     7811.00  0.187703E+07
     7911.00  0.401519E+06
     8011.00  0.688366E+03
     8111.00  0.375899E+06
     8211.00  0.127839E+07
     8311.00  0.250517E+07
     8411.00  0.389436E+07
     8511.00  0.532042E+07
     8611.00  0.668932E+07
     8711.00  0.793386E+07
     8811.00  0.900925E+07
     8911.00  0.988911E+07
     9011.00  0.105617E+08
     9111.00  0.110269E+08
     9211.00  0.112929E+08
     9311.00  0.113744E+08
     9411.00  0.112901E+08
     9511.00  0.110612E+08
     9611.00  0.107101E+08
     9711.00  0.102593E+08
     9811.00  0.973035E+07
     9911.00  0.914374E+07
    10011.00  0.851807E+07
    10111.00  0.787001E+07
    10211.00  0.721408E+07
    10311.00  0.656271E+07
    10411.00  0.592619E+07
    10511.00  0.531282E+07
    10611.00  0.472908E+07
    10711.00  0.417974E+07
    10811.00  0.366809E+07
    10911.00  0.319614E+07
    11011.00  0.276475E+07
    11111.00  0.237387E+07
    11211.00  0.202267E+07
    11311.00  0.170973E+07
    11411.00  0.143316E+07
    11511.00  0.119075E+07
    11611.00  0.980027E+06
    11711.00  0.798417E+06
    11811.00  0.643275E+06
    11911.00  0.511969E+06
    12011.00  0.401930E+06
    12111.00  0.310692E+06
    12211.00  0.235921E+06
    12311.00  0.175439E+06
    12411.00  0.127237E+06
    12511.00  0.894834E+05
    12611.00  0.605232E+05
    12711.00  0.388788E+05
    12811.00  0.232433E+05
    12911.00  0.124726E+05
    13011.00  0.557472E+04
    13111.00  0.169920E+04
    13211.00  0.124636E+03
    13311.00  0.246416E+03
    13411.00  0.156442E+04
    13511.00  0.367097E+04
    13611.00  0.623935E+04
    13711.00  0.901295E+04
    13811.00  0.117952E+05
    13911.00  0.144404E+05
    14011.00  0.168453E+05
    14111.00  0.189416E+05
    14211.00  0.206892E+05
    14311.00  0.220707E+05
    14411.00  0.230861E+05
    14511.00  0.237483E+05
    14611.00  0.240799E+05
    14711.00  0.241101E+05
    14811.00  0.238718E+05
    14911.00  0.234000E+05
    15011.00  0.227302E+05
    15111.00  0.218969E+05
    15211.00  0.209334E+05
    15311.00  0.198702E+05
    15411.00  0.187355E+05
    15511.00  0.175547E+05
    15611.00  0.163499E+05
    15711.00  0.151405E+05
    15811.00  0.139431E+05
    15911.00  0.127714E+05
    16011.00  0.116367E+05
    16111.00  0.105481E+05
    16211.00  0.951241E+04
    16311.00  0.853481E+04
    16411.00  0.761874E+04
    16511.00  0.676622E+04
    16611.00  0.597803E+04
    16711.00  0.525394E+04
    16811.00  0.459282E+04
    16911.00  0.399283E+04
    17011.00  0.345157E+04
    17111.00  0.296619E+04
    17211.00  0.253350E+04
    17311.00  0.215010E+04
    17411.00  0.181245E+04
    17511.00  0.151694E+04
    17611.00  0.125997E+04
    17711.00  0.103800E+04
    17811.00  0.847610E+03
    17911.00  0.685490E+03
    18011.00  0.548523E+03
    18111.00  0.433770E+03
    18211.00  0.338497E+03
    18311.00  0.260180E+03
    18411.00  0.196510E+03
    18511.00  0.145388E+03
    18611.00  0.104926E+03
    18711.00  0.734359E+02
    18811.00  0.494244E+02
    18911.00  0.315787E+02
    19011.00  0.187565E+02
    19111.00  0.997235E+01
    19311.00  0.128270E+01
    19511.00  0.259351E+00
    19711.00  0.330980E+01
    19911.00  0.810274E+01
    20111.00  0.132201E+02
    20311.00  0.178697E+02
    20511.00  0.216624E+02
    20711.00  0.244509E+02
    20911.00  0.262222E+02
    21111.00  0.270320E+02
    21311.00  0.269695E+02
    21511.00  0.261423E+02
    21711.00  0.246704E+02
    21911.00  0.226848E+02
    22111.00  0.203246E+02
    22311.00  0.177326E+02
    22511.00  0.150479E+02
    22711.00  0.123985E+02
    22911.00  0.989409E+01
    23111.00  0.762076E+01
    23311.00  0.563833E+01
    23511.00  0.397988E+01
    23711.00  0.265366E+01
    23911.00  0.164628E+01
    24111.00  0.927032E+00
    24311.00  0.452987E+00
    24511.00  0.174277E+00
    24711.00  0.394554E-01
    24911.00  0.315264E-03
    25111.00  0.157205E-01
    25311.00  0.540107E-01
    25511.00  0.937745E-01
    25711.00  0.123091E+00
    25911.00  0.137642E+00
    26111.00  0.138256E+00
    26311.00  0.128498E+00
    26511.00  0.112711E+00
    26711.00  0.947628E-01
    26911.00  0.774440E-01



          7         7         3       781D   C   D    0.822591500D+05
     198    270    277
 E STATE HAS LABEL D   
 VIBRATIONAL LEVELS FOR STATE E IN 1/CM FOR J=  6
      -4296.29585     -2133.97136       -99.31289
 PROPORTION OF STATE C   
  0.320202E-05 0.700200E-05 0.104452E-04
 PROPORTION OF STATE D   
  0.999997E+00 0.999993E+00 0.999990E+00
 TABLE FOR EMISSION PROBABILITIES   E(J=  6,IE) ==>F(J=  6,IF)
         IE==>      0            1            2
        1.00  0.400762E-10 0.295723E-09 0.933799E-06
        2.00  0.355235E-08 0.261775E-07 0.822205E-04
        3.00  0.485483E-07 0.357268E-06 0.111619E-02
        4.00  0.308662E-06 0.226834E-05 0.704928E-02
        5.00  0.129046E-05 0.947048E-05 0.292755E-01
        6.00  0.413894E-05 0.303329E-04 0.932711E-01
        7.00  0.110561E-04 0.809130E-04 0.247489E+00
        8.00  0.258328E-04 0.188790E-03 0.574413E+00
        9.00  0.544931E-04 0.397681E-03 0.120362E+01
       10.00  0.106046E-03 0.772809E-03 0.232669E+01
       11.00  0.193349E-03 0.140701E-02 0.421383E+01
       12.00  0.334073E-03 0.242756E-02 0.723214E+01
       13.00  0.551774E-03 0.400370E-02 0.118652E+02
       14.00  0.877067E-03 0.635477E-02 0.187341E+02
       15.00  0.134889E-02 0.975899E-02 0.286193E+02
       16.00  0.201583E-02 0.145627E-01 0.424834E+02
       17.00  0.293759E-02 0.211902E-01 0.614942E+02
       18.00  0.418646E-02 0.301538E-01 0.870491E+02
       19.00  0.584892E-02 0.420648E-01 0.120799E+03
       20.00  0.802736E-02 0.576446E-01 0.164675E+03
       21.00  0.108418E-01 0.777370E-01 0.220913E+03
       22.00  0.144320E-01 0.103321E+00 0.292082E+03
       23.00  0.189591E-01 0.135522E+00 0.381111E+03
       24.00  0.246082E-01 0.175630E+00 0.491319E+03
       25.00  0.315903E-01 0.225111E+00 0.626446E+03
       26.00  0.401447E-01 0.285620E+00 0.790676E+03
       27.00  0.505415E-01 0.359024E+00 0.988676E+03
       28.00  0.630838E-01 0.447408E+00 0.122562E+04
       29.00  0.781107E-01 0.553100E+00 0.150721E+04
       30.00  0.960000E-01 0.678683E+00 0.183972E+04
       31.00  0.117171E+00 0.827015E+00 0.223005E+04
       32.00  0.142087E+00 0.100125E+01 0.268570E+04
       33.00  0.171260E+00 0.120485E+01 0.321485E+04
       34.00  0.205253E+00 0.144163E+01 0.382641E+04
       35.00  0.244685E+00 0.171574E+01 0.452999E+04
       36.00  0.290232E+00 0.203174E+01 0.533604E+04
       37.00  0.342634E+00 0.239456E+01 0.625578E+04
       38.00  0.402700E+00 0.280961E+01 0.730132E+04
       39.00  0.471305E+00 0.328270E+01 0.848566E+04
       40.00  0.549405E+00 0.382016E+01 0.982271E+04
       42.00  0.738295E+00 0.511594E+01 0.130154E+05
       44.00  0.978639E+00 0.675784E+01 0.170102E+05
       46.00  0.128114E+01 0.881562E+01 0.219539E+05
       48.00  0.165802E+01 0.113684E+02 0.280093E+05
       50.00  0.212309E+01 0.145049E+02 0.353545E+05
       52.00  0.269173E+01 0.183229E+02 0.441812E+05
       54.00  0.338077E+01 0.229287E+02 0.546912E+05
       56.00  0.420826E+01 0.284346E+02 0.670907E+05
       58.00  0.519294E+01 0.349558E+02 0.815819E+05
       60.00  0.635351E+01 0.426052E+02 0.983508E+05
       62.00  0.770760E+01 0.514863E+02 0.117551E+06
       64.00  0.927036E+01 0.616841E+02 0.139287E+06
       66.00  0.110528E+02 0.732545E+02 0.163587E+06
       68.00  0.130598E+02 0.862114E+02 0.190386E+06
       70.00  0.152883E+02 0.100515E+03 0.219501E+06
       72.00  0.177250E+02 0.116061E+03 0.250611E+06
       74.00  0.203455E+02 0.132670E+03 0.283252E+06
       76.00  0.231132E+02 0.150089E+03 0.316818E+06
       78.00  0.259804E+02 0.167996E+03 0.350586E+06
       80.00  0.288899E+02 0.186013E+03 0.383750E+06
       82.00  0.317789E+02 0.203732E+03 0.415474E+06
       84.00  0.345830E+02 0.220740E+03 0.444960E+06
       86.00  0.372409E+02 0.236657E+03 0.471501E+06
       88.00  0.396996E+02 0.251156E+03 0.494539E+06
       90.00  0.419169E+02 0.263986E+03 0.513693E+06
       92.00  0.438640E+02 0.274988E+03 0.528773E+06
       94.00  0.455254E+02 0.284087E+03 0.539769E+06
       96.00  0.468986E+02 0.291289E+03 0.546828E+06
       98.00  0.479914E+02 0.296670E+03 0.550218E+06
      100.00  0.488201E+02 0.300352E+03 0.550292E+06
      102.00  0.494067E+02 0.302493E+03 0.547450E+06
      104.00  0.497764E+02 0.303270E+03 0.542109E+06
      106.00  0.499561E+02 0.302862E+03 0.534682E+06
      108.00  0.499723E+02 0.301447E+03 0.525555E+06
      110.00  0.498502E+02 0.299193E+03 0.515080E+06
      112.00  0.496133E+02 0.296251E+03 0.503570E+06
      114.00  0.492825E+02 0.292756E+03 0.491295E+06
      116.00  0.488760E+02 0.288826E+03 0.478485E+06
      118.00  0.484099E+02 0.284561E+03 0.465329E+06
      122.00  0.473507E+02 0.275353E+03 0.438580E+06
      126.00  0.461887E+02 0.265653E+03 0.411971E+06
      130.00  0.449815E+02 0.255812E+03 0.386077E+06
      134.00  0.437674E+02 0.246055E+03 0.361232E+06
      138.00  0.425710E+02 0.236524E+03 0.337612E+06
      142.00  0.414071E+02 0.227300E+03 0.315291E+06
      146.00  0.402843E+02 0.218424E+03 0.294273E+06
      150.00  0.392066E+02 0.209914E+03 0.274526E+06
      154.00  0.381749E+02 0.201767E+03 0.255993E+06
      158.00  0.371889E+02 0.193974E+03 0.238609E+06
      162.00  0.362468E+02 0.186520E+03 0.222305E+06
      166.00  0.353467E+02 0.179387E+03 0.207010E+06
      170.00  0.344861E+02 0.172556E+03 0.192660E+06
      174.00  0.336626E+02 0.166009E+03 0.179192E+06
      178.00  0.328737E+02 0.159727E+03 0.166546E+06
      182.00  0.321169E+02 0.153694E+03 0.154668E+06
      186.00  0.313897E+02 0.147891E+03 0.143508E+06
      190.00  0.306899E+02 0.142304E+03 0.133020E+06
      194.00  0.300155E+02 0.136919E+03 0.123161E+06
      198.00  0.293646E+02 0.131724E+03 0.113894E+06
      202.00  0.287357E+02 0.126708E+03 0.105184E+06
      206.00  0.281272E+02 0.121861E+03 0.969989E+05
      210.00  0.275378E+02 0.117174E+03 0.893091E+05
      214.00  0.269661E+02 0.112637E+03 0.820874E+05
      218.00  0.264111E+02 0.108244E+03 0.753085E+05
      222.00  0.258715E+02 0.103988E+03 0.689491E+05
      226.00  0.253466E+02 0.998622E+02 0.629875E+05
      230.00  0.248352E+02 0.958611E+02 0.574037E+05
      234.00  0.243369E+02 0.919798E+02 0.521789E+05
      238.00  0.238507E+02 0.882139E+02 0.472957E+05
      242.00  0.233762E+02 0.845592E+02 0.427375E+05
      246.00  0.229127E+02 0.810121E+02 0.384888E+05
      250.00  0.224597E+02 0.775689E+02 0.345352E+05
      254.00  0.220168E+02 0.742266E+02 0.308626E+05
      258.00  0.215835E+02 0.709821E+02 0.274579E+05
      262.00  0.211593E+02 0.678327E+02 0.243087E+05
      266.00  0.207439E+02 0.647758E+02 0.214031E+05
      270.00  0.203368E+02 0.618090E+02 0.187300E+05
      274.00  0.199379E+02 0.589303E+02 0.162784E+05
      282.00  0.191632E+02 0.534294E+02 0.119998E+05
      290.00  0.184177E+02 0.482586E+02 0.849054E+04
      298.00  0.176996E+02 0.434050E+02 0.568002E+04
      306.00  0.170072E+02 0.388568E+02 0.350331E+04
      314.00  0.163390E+02 0.346035E+02 0.190044E+04
      322.00  0.156938E+02 0.306356E+02 0.815934E+03
      330.00  0.150705E+02 0.269445E+02 0.198375E+03
      338.00  0.144681E+02 0.235223E+02 0.193390E-01
      346.00  0.138858E+02 0.203612E+02 0.176519E+03
      354.00  0.133225E+02 0.174542E+02 0.686655E+03
      362.00  0.127777E+02 0.147945E+02 0.149210E+04
      370.00  0.122506E+02 0.123757E+02 0.255722E+04
      378.00  0.117406E+02 0.101916E+02 0.384890E+04
      386.00  0.112472E+02 0.823621E+01 0.533640E+04
      394.00  0.107698E+02 0.650381E+01 0.699122E+04
      402.00  0.103081E+02 0.498866E+01 0.878690E+04
      410.00  0.986141E+01 0.368520E+01 0.106990E+05
      418.00  0.942941E+01 0.258796E+01 0.127048E+05
      426.00  0.901170E+01 0.169157E+01 0.147836E+05
      434.00  0.860789E+01 0.990726E+00 0.169163E+05
      442.00  0.821763E+01 0.480187E+00 0.190851E+05
      450.00  0.784055E+01 0.154770E+00 0.212741E+05
      458.00  0.747629E+01 0.935206E-02 0.234685E+05
      466.00  0.712452E+01 0.388690E-01 0.256548E+05
      474.00  0.678492E+01 0.238307E+00 0.278209E+05
      482.00  0.645717E+01 0.602705E+00 0.299558E+05
      490.00  0.614098E+01 0.112715E+01 0.320496E+05
      498.00  0.583606E+01 0.180679E+01 0.340934E+05
      506.00  0.554210E+01 0.263679E+01 0.360794E+05
      514.00  0.525882E+01 0.361240E+01 0.380003E+05
      522.00  0.498595E+01 0.472888E+01 0.398501E+05
      530.00  0.472321E+01 0.598155E+01 0.416233E+05
      538.00  0.447034E+01 0.736577E+01 0.433153E+05
      546.00  0.422711E+01 0.887696E+01 0.449223E+05
      554.00  0.399325E+01 0.105106E+02 0.464408E+05
      562.00  0.376853E+01 0.122621E+02 0.478684E+05
      570.00  0.355272E+01 0.141272E+02 0.492027E+05
      578.00  0.334556E+01 0.161013E+02 0.504422E+05
      586.00  0.314685E+01 0.181801E+02 0.515858E+05
      596.00  0.290999E+01 0.209193E+02 0.528794E+05
      606.00  0.268556E+01 0.238072E+02 0.540219E+05
      616.00  0.247315E+01 0.268356E+02 0.550139E+05
      626.00  0.227236E+01 0.299967E+02 0.558569E+05
      636.00  0.208279E+01 0.332825E+02 0.565529E+05
      646.00  0.190405E+01 0.366854E+02 0.571047E+05
      656.00  0.173579E+01 0.401978E+02 0.575157E+05
      666.00  0.157762E+01 0.438124E+02 0.577898E+05
      676.00  0.142921E+01 0.475220E+02 0.579314E+05
      686.00  0.129019E+01 0.513197E+02 0.579452E+05
      696.00  0.116022E+01 0.551985E+02 0.578361E+05
      706.00  0.103898E+01 0.591517E+02 0.576092E+05
      716.00  0.926135E+00 0.631726E+02 0.572701E+05
      726.00  0.821371E+00 0.672548E+02 0.568242E+05
      736.00  0.724379E+00 0.713920E+02 0.562774E+05
      746.00  0.634861E+00 0.755782E+02 0.556355E+05
      756.00  0.552521E+00 0.798073E+02 0.549043E+05
      766.00  0.477075E+00 0.840736E+02 0.540898E+05
      776.00  0.408244E+00 0.883713E+02 0.531977E+05
      786.00  0.345758E+00 0.926947E+02 0.522339E+05
      796.00  0.289352E+00 0.970386E+02 0.512042E+05
      806.00  0.238770E+00 0.101398E+03 0.501144E+05
      816.00  0.193764E+00 0.105767E+03 0.489702E+05
      826.00  0.154089E+00 0.110142E+03 0.477771E+05
      836.00  0.119510E+00 0.114518E+03 0.465405E+05
      846.00  0.897955E-01 0.118890E+03 0.452658E+05
      856.00  0.647225E-01 0.123253E+03 0.439581E+05
      866.00  0.440736E-01 0.127604E+03 0.426223E+05
      876.00  0.276373E-01 0.131938E+03 0.412632E+05
      886.00  0.152084E-01 0.136251E+03 0.398857E+05
      896.00  0.658743E-02 0.140541E+03 0.384942E+05
      906.00  0.158086E-02 0.144802E+03 0.370930E+05
      916.00  0.798349E-06 0.149033E+03 0.356861E+05
      926.00  0.166501E-02 0.153228E+03 0.342775E+05
      936.00  0.639678E-02 0.157385E+03 0.328709E+05
      946.00  0.140248E-01 0.161502E+03 0.314698E+05
      956.00  0.243831E-01 0.165574E+03 0.300776E+05
      966.00  0.373109E-01 0.169600E+03 0.286974E+05
      976.00  0.526525E-01 0.173576E+03 0.273323E+05
      986.00  0.702573E-01 0.177500E+03 0.259849E+05
      996.00  0.899794E-01 0.181370E+03 0.246580E+05
     1006.00  0.111678E+00 0.185182E+03 0.233538E+05
     1016.00  0.135216E+00 0.188936E+03 0.220746E+05
     1026.00  0.160463E+00 0.192628E+03 0.208225E+05
     1036.00  0.187291E+00 0.196257E+03 0.195994E+05
     1046.00  0.215577E+00 0.199821E+03 0.184070E+05
     1056.00  0.245202E+00 0.203319E+03 0.172469E+05
     1066.00  0.276053E+00 0.206748E+03 0.161205E+05
     1076.00  0.308020E+00 0.210107E+03 0.150290E+05
     1086.00  0.340995E+00 0.213396E+03 0.139736E+05
     1096.00  0.374877E+00 0.216611E+03 0.129552E+05
     1106.00  0.409567E+00 0.219753E+03 0.119748E+05
     1116.00  0.444972E+00 0.222819E+03 0.110328E+05
     1126.00  0.480999E+00 0.225810E+03 0.101301E+05
     1136.00  0.517562E+00 0.228725E+03 0.926697E+04
     1146.00  0.554578E+00 0.231562E+03 0.844381E+04
     1156.00  0.591966E+00 0.234321E+03 0.766083E+04
     1166.00  0.629649E+00 0.237002E+03 0.691817E+04
     1176.00  0.667553E+00 0.239603E+03 0.621583E+04
     1186.00  0.705608E+00 0.242124E+03 0.555377E+04
     1196.00  0.743746E+00 0.244565E+03 0.493180E+04
     1206.00  0.781904E+00 0.246926E+03 0.434970E+04
     1216.00  0.820019E+00 0.249206E+03 0.380713E+04
     1226.00  0.858034E+00 0.251406E+03 0.330370E+04
     1236.00  0.895892E+00 0.253524E+03 0.283895E+04
     1246.00  0.933540E+00 0.255562E+03 0.241233E+04
     1256.00  0.970928E+00 0.257519E+03 0.202326E+04
     1266.00  0.100801E+01 0.259395E+03 0.167108E+04
     1276.00  0.104473E+01 0.261190E+03 0.135509E+04
     1286.00  0.108106E+01 0.262904E+03 0.107455E+04
     1296.00  0.111695E+01 0.264538E+03 0.828665E+03
     1306.00  0.115236E+01 0.266092E+03 0.616603E+03
     1316.00  0.118726E+01 0.267567E+03 0.437497E+03
     1326.00  0.122162E+01 0.268962E+03 0.290449E+03
     1336.00  0.125539E+01 0.270278E+03 0.174531E+03
     1346.00  0.128856E+01 0.271516E+03 0.887902E+02
     1356.00  0.132108E+01 0.272676E+03 0.322520E+02
     1366.00  0.135295E+01 0.273759E+03 0.392302E+01
     1376.00  0.138413E+01 0.274765E+03 0.279397E+01
     1386.00  0.141459E+01 0.275696E+03 0.278426E+02
     1396.00  0.144433E+01 0.276551E+03 0.780364E+02
     1406.00  0.147331E+01 0.277331E+03 0.152335E+03
     1416.00  0.150153E+01 0.278038E+03 0.249695E+03
     1426.00  0.152897E+01 0.278673E+03 0.369066E+03
     1436.00  0.155560E+01 0.279235E+03 0.509402E+03
     1446.00  0.158143E+01 0.279726E+03 0.669656E+03
     1456.00  0.160644E+01 0.280147E+03 0.848785E+03
     1466.00  0.163061E+01 0.280499E+03 0.104575E+04
     1476.00  0.165395E+01 0.280783E+03 0.125953E+04
     1486.00  0.167643E+01 0.280999E+03 0.148909E+04
     1496.00  0.169806E+01 0.281149E+03 0.173343E+04
     1506.00  0.171883E+01 0.281233E+03 0.199156E+04
     1516.00  0.173874E+01 0.281253E+03 0.226248E+04
     1526.00  0.175778E+01 0.281211E+03 0.254522E+04
     1536.00  0.177596E+01 0.281106E+03 0.283884E+04
     1546.00  0.179326E+01 0.280940E+03 0.314240E+04
     1556.00  0.180970E+01 0.280713E+03 0.345497E+04
     1566.00  0.182526E+01 0.280428E+03 0.377567E+04
     1576.00  0.183996E+01 0.280085E+03 0.410359E+04
     1586.00  0.185379E+01 0.279684E+03 0.443790E+04
     1596.00  0.186676E+01 0.279228E+03 0.477774E+04
     1606.00  0.187888E+01 0.278718E+03 0.512230E+04
     1616.00  0.189014E+01 0.278154E+03 0.547079E+04
     1626.00  0.190056E+01 0.277538E+03 0.582243E+04
     1636.00  0.191013E+01 0.276870E+03 0.617648E+04
     1646.00  0.191887E+01 0.276153E+03 0.653220E+04
     1656.00  0.192679E+01 0.275386E+03 0.688889E+04
     1666.00  0.193388E+01 0.274571E+03 0.724588E+04
     1676.00  0.194016E+01 0.273710E+03 0.760250E+04
     1686.00  0.194565E+01 0.272803E+03 0.795812E+04
     1696.00  0.195034E+01 0.271851E+03 0.831215E+04
     1706.00  0.195425E+01 0.270857E+03 0.866400E+04
     1716.00  0.195739E+01 0.269820E+03 0.901310E+04
     1726.00  0.195976E+01 0.268742E+03 0.935893E+04
     1736.00  0.196139E+01 0.267624E+03 0.970098E+04
     1746.00  0.196229E+01 0.266467E+03 0.100388E+05
     1756.00  0.196245E+01 0.265273E+03 0.103718E+05
     1766.00  0.196190E+01 0.264042E+03 0.106997E+05
     1776.00  0.196065E+01 0.262775E+03 0.110219E+05
     1786.00  0.195872E+01 0.261475E+03 0.113382E+05
     1796.00  0.195610E+01 0.260140E+03 0.116481E+05
     1806.00  0.195283E+01 0.258774E+03 0.119514E+05
     1816.00  0.194891E+01 0.257377E+03 0.122476E+05
     1826.00  0.194435E+01 0.255949E+03 0.125364E+05
     1836.00  0.193917E+01 0.254493E+03 0.128177E+05
     1846.00  0.193338E+01 0.253009E+03 0.130910E+05
     1856.00  0.192700E+01 0.251497E+03 0.133562E+05
     1866.00  0.192004E+01 0.249960E+03 0.136131E+05
     1876.00  0.191251E+01 0.248398E+03 0.138614E+05
     1886.00  0.190443E+01 0.246811E+03 0.141010E+05
     1896.00  0.189582E+01 0.245202E+03 0.143317E+05
     1906.00  0.188668E+01 0.243571E+03 0.145532E+05
     1916.00  0.187703E+01 0.241918E+03 0.147657E+05
     1926.00  0.186688E+01 0.240246E+03 0.149688E+05
     1936.00  0.185626E+01 0.238554E+03 0.151625E+05
     1946.00  0.184517E+01 0.236844E+03 0.153467E+05
     1956.00  0.183363E+01 0.235117E+03 0.155214E+05
     1966.00  0.182165E+01 0.233373E+03 0.156864E+05
     1976.00  0.180925E+01 0.231614E+03 0.158419E+05
     1986.00  0.179643E+01 0.229839E+03 0.159877E+05
     1996.00  0.178323E+01 0.228051E+03 0.161238E+05
     2006.00  0.176964E+01 0.226250E+03 0.162502E+05
     2016.00  0.175568E+01 0.224436E+03 0.163670E+05
     2026.00  0.174138E+01 0.222611E+03 0.164742E+05
     2036.00  0.172673E+01 0.220775E+03 0.165717E+05
     2046.00  0.171176E+01 0.218930E+03 0.166598E+05
     2056.00  0.169647E+01 0.217075E+03 0.167385E+05
     2066.00  0.168089E+01 0.215212E+03 0.168077E+05
     2076.00  0.166503E+01 0.213342E+03 0.168676E+05
     2086.00  0.164889E+01 0.211464E+03 0.169184E+05
     2096.00  0.163249E+01 0.209581E+03 0.169600E+05
     2106.00  0.161585E+01 0.207692E+03 0.169926E+05
     2116.00  0.159898E+01 0.205798E+03 0.170163E+05
     2126.00  0.158188E+01 0.203900E+03 0.170313E+05
     2136.00  0.156458E+01 0.201999E+03 0.170376E+05
     2146.00  0.154708E+01 0.200094E+03 0.170355E+05
     2156.00  0.152940E+01 0.198188E+03 0.170251E+05
     2166.00  0.151156E+01 0.196280E+03 0.170064E+05
     2176.00  0.149355E+01 0.194372E+03 0.169797E+05
     2186.00  0.147539E+01 0.192463E+03 0.169452E+05
     2196.00  0.145710E+01 0.190554E+03 0.169029E+05
     2206.00  0.143868E+01 0.188646E+03 0.168531E+05
     2216.00  0.142016E+01 0.186739E+03 0.167959E+05
     2226.00  0.140152E+01 0.184834E+03 0.167316E+05
     2236.00  0.138280E+01 0.182932E+03 0.166602E+05
     2246.00  0.136399E+01 0.181032E+03 0.165820E+05
     2256.00  0.134512E+01 0.179135E+03 0.164972E+05
     2266.00  0.132618E+01 0.177243E+03 0.164059E+05
     2276.00  0.130719E+01 0.175354E+03 0.163084E+05
     2286.00  0.128816E+01 0.173470E+03 0.162047E+05
     2296.00  0.126910E+01 0.171592E+03 0.160953E+05
     2306.00  0.125001E+01 0.169719E+03 0.159801E+05
     2316.00  0.123092E+01 0.167852E+03 0.158594E+05
     2326.00  0.121181E+01 0.165991E+03 0.157335E+05
     2336.00  0.119271E+01 0.164137E+03 0.156024E+05
     2346.00  0.117363E+01 0.162290E+03 0.154664E+05
     2356.00  0.115456E+01 0.160451E+03 0.153258E+05
     2366.00  0.113552E+01 0.158619E+03 0.151806E+05
     2376.00  0.111652E+01 0.156795E+03 0.150310E+05
     2386.00  0.109757E+01 0.154980E+03 0.148774E+05
     2396.00  0.107867E+01 0.153174E+03 0.147198E+05
     2406.00  0.105982E+01 0.151377E+03 0.145585E+05
     2416.00  0.104104E+01 0.149589E+03 0.143937E+05
     2426.00  0.102234E+01 0.147811E+03 0.142254E+05
     2436.00  0.100372E+01 0.146043E+03 0.140540E+05
     2446.00  0.985180E+00 0.144285E+03 0.138797E+05
     2456.00  0.966735E+00 0.142537E+03 0.137025E+05
     2466.00  0.948390E+00 0.140801E+03 0.135226E+05
     2476.00  0.930150E+00 0.139075E+03 0.133404E+05
     2486.00  0.912021E+00 0.137360E+03 0.131558E+05
     2496.00  0.894008E+00 0.135657E+03 0.129692E+05
     2506.00  0.876116E+00 0.133965E+03 0.127806E+05
     2516.00  0.858352E+00 0.132285E+03 0.125903E+05
     2526.00  0.840720E+00 0.130617E+03 0.123984E+05
     2536.00  0.823225E+00 0.128961E+03 0.122051E+05
     2546.00  0.805871E+00 0.127317E+03 0.120105E+05
     2556.00  0.788662E+00 0.125686E+03 0.118149E+05
     2566.00  0.771604E+00 0.124067E+03 0.116182E+05
     2576.00  0.754701E+00 0.122461E+03 0.114208E+05
     2586.00  0.737955E+00 0.120868E+03 0.112227E+05
     2596.00  0.721371E+00 0.119288E+03 0.110241E+05
     2606.00  0.704953E+00 0.117721E+03 0.108251E+05
     2616.00  0.688703E+00 0.116167E+03 0.106259E+05
     2626.00  0.672626E+00 0.114627E+03 0.104266E+05
     2636.00  0.656723E+00 0.113099E+03 0.102274E+05
     2646.00  0.641000E+00 0.111586E+03 0.100283E+05
     2656.00  0.625457E+00 0.110086E+03 0.982953E+04
     2666.00  0.610098E+00 0.108599E+03 0.963116E+04
     2676.00  0.594925E+00 0.107126E+03 0.943331E+04
     2686.00  0.579940E+00 0.105667E+03 0.923611E+04
     2696.00  0.565146E+00 0.104222E+03 0.903967E+04
     2706.00  0.550545E+00 0.102790E+03 0.884408E+04
     2716.00  0.536139E+00 0.101373E+03 0.864946E+04
     2726.00  0.521928E+00 0.999689E+02 0.845591E+04
     2736.00  0.507916E+00 0.985790E+02 0.826353E+04
     2746.00  0.494103E+00 0.972032E+02 0.807240E+04
     2756.00  0.480492E+00 0.958413E+02 0.788262E+04
     2766.00  0.467082E+00 0.944933E+02 0.769427E+04
     2776.00  0.453876E+00 0.931594E+02 0.750744E+04
     2786.00  0.440874E+00 0.918395E+02 0.732222E+04
     2796.00  0.428077E+00 0.905335E+02 0.713867E+04
     2806.00  0.415487E+00 0.892416E+02 0.695687E+04
     2816.00  0.403103E+00 0.879636E+02 0.677689E+04
     2826.00  0.390926E+00 0.866995E+02 0.659880E+04
     2836.00  0.378956E+00 0.854494E+02 0.642266E+04
     2846.00  0.367195E+00 0.842132E+02 0.624853E+04
     2856.00  0.355642E+00 0.829909E+02 0.607647E+04
     2866.00  0.344297E+00 0.817824E+02 0.590654E+04
     2876.00  0.333160E+00 0.805877E+02 0.573878E+04
     2886.00  0.322232E+00 0.794067E+02 0.557325E+04
     2896.00  0.311512E+00 0.782395E+02 0.540999E+04
     2906.00  0.300999E+00 0.770860E+02 0.524905E+04
     2916.00  0.290694E+00 0.759461E+02 0.509046E+04
     2926.00  0.280596E+00 0.748197E+02 0.493426E+04
     2936.00  0.270704E+00 0.737069E+02 0.478049E+04
     2946.00  0.261019E+00 0.726075E+02 0.462918E+04
     2956.00  0.251538E+00 0.715216E+02 0.448035E+04
     2966.00  0.242262E+00 0.704489E+02 0.433404E+04
     2976.00  0.233190E+00 0.693895E+02 0.419027E+04
     2986.00  0.224320E+00 0.683433E+02 0.404906E+04
     2996.00  0.215651E+00 0.673102E+02 0.391042E+04
     3006.00  0.207183E+00 0.662901E+02 0.377439E+04
     3016.00  0.198915E+00 0.652829E+02 0.364096E+04
     3026.00  0.190845E+00 0.642886E+02 0.351016E+04
     3036.00  0.182972E+00 0.633071E+02 0.338199E+04
     3046.00  0.175295E+00 0.623384E+02 0.325646E+04
     3056.00  0.167812E+00 0.613822E+02 0.313358E+04
     3066.00  0.160522E+00 0.604385E+02 0.301336E+04
     3076.00  0.153423E+00 0.595074E+02 0.289578E+04
     3086.00  0.146515E+00 0.585885E+02 0.278087E+04
     3096.00  0.139794E+00 0.576819E+02 0.266860E+04
     3106.00  0.133261E+00 0.567874E+02 0.255898E+04
     3116.00  0.126912E+00 0.559051E+02 0.245201E+04
     3126.00  0.120747E+00 0.550346E+02 0.234767E+04
     3136.00  0.114763E+00 0.541760E+02 0.224596E+04
     3146.00  0.108960E+00 0.533292E+02 0.214687E+04
     3156.00  0.103334E+00 0.524941E+02 0.205038E+04
     3166.00  0.978839E-01 0.516705E+02 0.195649E+04
     3176.00  0.926083E-01 0.508584E+02 0.186518E+04
     3186.00  0.875049E-01 0.500576E+02 0.177643E+04
     3196.00  0.825719E-01 0.492681E+02 0.169023E+04
     3206.00  0.778071E-01 0.484897E+02 0.160655E+04
     3216.00  0.732086E-01 0.477224E+02 0.152538E+04
     3226.00  0.687743E-01 0.469661E+02 0.144670E+04
     3236.00  0.645022E-01 0.462205E+02 0.137048E+04
     3246.00  0.603901E-01 0.454857E+02 0.129671E+04
     3256.00  0.564359E-01 0.447615E+02 0.122535E+04
     3266.00  0.526375E-01 0.440479E+02 0.115639E+04
     3276.00  0.489928E-01 0.433446E+02 0.108980E+04
     3286.00  0.454995E-01 0.426516E+02 0.102554E+04
     3296.00  0.421555E-01 0.419688E+02 0.963602E+03
     3306.00  0.389586E-01 0.412961E+02 0.903946E+03
     3316.00  0.359066E-01 0.406334E+02 0.846546E+03
     3326.00  0.329971E-01 0.399805E+02 0.791371E+03
     3336.00  0.302281E-01 0.393374E+02 0.738393E+03
     3346.00  0.275972E-01 0.387039E+02 0.687579E+03
     3356.00  0.251022E-01 0.380800E+02 0.638898E+03
     3366.00  0.227409E-01 0.374655E+02 0.592318E+03
     3376.00  0.205109E-01 0.368603E+02 0.547806E+03
     3386.00  0.184100E-01 0.362644E+02 0.505329E+03
     3396.00  0.164359E-01 0.356776E+02 0.464854E+03
     3406.00  0.145864E-01 0.350997E+02 0.426346E+03
     3416.00  0.128591E-01 0.345308E+02 0.389772E+03
     3426.00  0.112519E-01 0.339706E+02 0.355097E+03
     3436.00  0.976236E-02 0.334191E+02 0.322286E+03
     3446.00  0.838828E-02 0.328762E+02 0.291304E+03
     3456.00  0.712738E-02 0.323417E+02 0.262116E+03
     3466.00  0.597740E-02 0.318156E+02 0.234686E+03
     3476.00  0.493608E-02 0.312978E+02 0.208979E+03
     3486.00  0.400117E-02 0.307881E+02 0.184959E+03
     3496.00  0.317041E-02 0.302864E+02 0.162589E+03
     3506.00  0.244157E-02 0.297927E+02 0.141836E+03
     3516.00  0.181241E-02 0.293069E+02 0.122661E+03
     3526.00  0.128072E-02 0.288287E+02 0.105030E+03
     3536.00  0.844286E-03 0.283582E+02 0.889058E+02
     3546.00  0.500898E-03 0.278953E+02 0.742535E+02
     3556.00  0.248371E-03 0.274398E+02 0.610368E+02
     3566.00  0.845263E-04 0.269916E+02 0.492201E+02
     3576.00  0.719805E-05 0.265506E+02 0.387676E+02
     3586.00  0.142341E-04 0.261168E+02 0.296439E+02
     3596.00  0.103496E-03 0.256900E+02 0.218135E+02
     3606.00  0.272860E-03 0.252701E+02 0.152414E+02
     3616.00  0.520216E-03 0.248571E+02 0.989237E+01
     3626.00  0.843472E-03 0.244509E+02 0.573170E+01
     3636.00  0.124055E-02 0.240513E+02 0.272478E+01
     3646.00  0.170939E-02 0.236583E+02 0.837242E+00
     3656.00  0.224795E-02 0.232717E+02 0.349952E-01
     3666.00  0.285420E-02 0.228915E+02 0.284210E+00
     3676.00  0.352614E-02 0.225176E+02 0.155134E+01
     3686.00  0.426177E-02 0.221499E+02 0.380316E+01
     3696.00  0.505912E-02 0.217883E+02 0.700672E+01
     3706.00  0.591625E-02 0.214327E+02 0.111294E+02
     3716.00  0.683122E-02 0.210830E+02 0.161390E+02
     3726.00  0.780211E-02 0.207392E+02 0.220036E+02
     3736.00  0.882705E-02 0.204011E+02 0.286915E+02
     3746.00  0.990415E-02 0.200687E+02 0.361717E+02
     3756.00  0.110316E-01 0.197419E+02 0.444134E+02
     3766.00  0.122075E-01 0.194206E+02 0.533861E+02
     3776.00  0.134301E-01 0.191047E+02 0.630598E+02
     3786.00  0.146976E-01 0.187941E+02 0.734049E+02
     3796.00  0.160082E-01 0.184888E+02 0.843923E+02
     3806.00  0.173602E-01 0.181887E+02 0.959932E+02
     3816.00  0.187519E-01 0.178936E+02 0.108179E+03
     3826.00  0.201815E-01 0.176036E+02 0.120923E+03
     3836.00  0.216475E-01 0.173185E+02 0.134196E+03
     3846.00  0.231481E-01 0.170383E+02 0.147972E+03
     3856.00  0.246818E-01 0.167628E+02 0.162224E+03
     3866.00  0.262469E-01 0.164921E+02 0.176926E+03
     3876.00  0.278418E-01 0.162260E+02 0.192053E+03
     3886.00  0.294649E-01 0.159644E+02 0.207579E+03
     3896.00  0.311149E-01 0.157074E+02 0.223479E+03
     3906.00  0.327900E-01 0.154547E+02 0.239730E+03
     3916.00  0.344889E-01 0.152064E+02 0.256308E+03
     3926.00  0.362101E-01 0.149624E+02 0.273188E+03
     3936.00  0.379522E-01 0.147226E+02 0.290349E+03
     3946.00  0.397137E-01 0.144869E+02 0.307768E+03
     3956.00  0.414932E-01 0.142553E+02 0.325424E+03
     3966.00  0.432894E-01 0.140277E+02 0.343293E+03
     3976.00  0.451009E-01 0.138041E+02 0.361357E+03
     3986.00  0.469264E-01 0.135843E+02 0.379594E+03
     3996.00  0.487646E-01 0.133683E+02 0.397984E+03
     4006.00  0.506142E-01 0.131561E+02 0.416508E+03
     4016.00  0.524740E-01 0.129476E+02 0.435146E+03
     4026.00  0.543428E-01 0.127427E+02 0.453881E+03
     4036.00  0.562193E-01 0.125414E+02 0.472693E+03
     4046.00  0.581024E-01 0.123435E+02 0.491565E+03
     4056.00  0.599909E-01 0.121491E+02 0.510481E+03
     4066.00  0.618837E-01 0.119581E+02 0.529423E+03
     4076.00  0.637796E-01 0.117705E+02 0.548375E+03
     4086.00  0.656777E-01 0.115861E+02 0.567321E+03
     4096.00  0.675767E-01 0.114049E+02 0.586245E+03
     4106.00  0.694758E-01 0.112269E+02 0.605134E+03
     4116.00  0.713738E-01 0.110520E+02 0.623972E+03
     4126.00  0.732697E-01 0.108801E+02 0.642746E+03
     4136.00  0.751627E-01 0.107113E+02 0.661441E+03
     4146.00  0.770518E-01 0.105454E+02 0.680044E+03
     4156.00  0.789359E-01 0.103824E+02 0.698544E+03
     4166.00  0.808143E-01 0.102223E+02 0.716927E+03
     4176.00  0.826860E-01 0.100649E+02 0.735181E+03
     4186.00  0.845502E-01 0.991035E+01 0.753296E+03
     4196.00  0.864060E-01 0.975848E+01 0.771259E+03
     4206.00  0.882526E-01 0.960926E+01 0.789061E+03
     4216.00  0.900893E-01 0.946266E+01 0.806690E+03
     4226.00  0.919152E-01 0.931862E+01 0.824138E+03
     4236.00  0.937296E-01 0.917710E+01 0.841394E+03
     4246.00  0.955318E-01 0.903806E+01 0.858450E+03
     4256.00  0.973210E-01 0.890145E+01 0.875297E+03
     4266.00  0.990965E-01 0.876724E+01 0.891926E+03
     4276.00  0.100858E+00 0.863537E+01 0.908329E+03
     4286.00  0.102604E+00 0.850580E+01 0.924500E+03
     4296.00  0.104335E+00 0.837850E+01 0.940430E+03
     4306.00  0.106049E+00 0.825343E+01 0.956112E+03
     4316.00  0.107747E+00 0.813054E+01 0.971540E+03
     4326.00  0.109427E+00 0.800979E+01 0.986708E+03
     4336.00  0.111090E+00 0.789116E+01 0.100161E+04
     4346.00  0.112734E+00 0.777459E+01 0.101624E+04
     4356.00  0.114358E+00 0.766005E+01 0.103059E+04
     4366.00  0.115964E+00 0.754750E+01 0.104466E+04
     4376.00  0.117549E+00 0.743692E+01 0.105845E+04
     4386.00  0.119114E+00 0.732825E+01 0.107194E+04
     4396.00  0.120659E+00 0.722148E+01 0.108514E+04
     4406.00  0.122181E+00 0.711656E+01 0.109804E+04
     4416.00  0.123683E+00 0.701345E+01 0.111064E+04
     4426.00  0.125162E+00 0.691214E+01 0.112293E+04
     4436.00  0.126618E+00 0.681258E+01 0.113491E+04
     4446.00  0.128052E+00 0.671474E+01 0.114658E+04
     4456.00  0.129462E+00 0.661859E+01 0.115794E+04
     4466.00  0.130849E+00 0.652411E+01 0.116899E+04
     4476.00  0.132213E+00 0.643125E+01 0.117971E+04
     4486.00  0.133552E+00 0.633998E+01 0.119012E+04
     4511.00  0.136792E+00 0.611863E+01 0.121473E+04
     4536.00  0.139875E+00 0.590664E+01 0.123733E+04
     4561.00  0.142799E+00 0.570358E+01 0.125789E+04
     4586.00  0.145560E+00 0.550904E+01 0.127643E+04
     4611.00  0.148156E+00 0.532263E+01 0.129296E+04
     4636.00  0.150584E+00 0.514397E+01 0.130748E+04
     4661.00  0.152845E+00 0.497271E+01 0.132002E+04
     4686.00  0.154936E+00 0.480850E+01 0.133061E+04
     4711.00  0.156857E+00 0.465101E+01 0.133927E+04
     4736.00  0.158608E+00 0.449993E+01 0.134605E+04
     4761.00  0.160190E+00 0.435496E+01 0.135098E+04
     4786.00  0.161603E+00 0.421581E+01 0.135411E+04
     4811.00  0.162848E+00 0.408221E+01 0.135550E+04
     4836.00  0.163927E+00 0.395390E+01 0.135519E+04
     4861.00  0.164841E+00 0.383062E+01 0.135324E+04
     4886.00  0.165592E+00 0.371214E+01 0.134970E+04
     4911.00  0.166183E+00 0.359823E+01 0.134463E+04
     4936.00  0.166615E+00 0.348867E+01 0.133810E+04
     4961.00  0.166892E+00 0.338325E+01 0.133017E+04
     4986.00  0.167016E+00 0.328179E+01 0.132090E+04
     5011.00  0.166991E+00 0.318408E+01 0.131035E+04
     5036.00  0.166820E+00 0.308995E+01 0.129859E+04
     5061.00  0.166506E+00 0.299923E+01 0.128568E+04
     5086.00  0.166054E+00 0.291175E+01 0.127170E+04
     5111.00  0.165466E+00 0.282736E+01 0.125669E+04
     5136.00  0.164746E+00 0.274591E+01 0.124074E+04
     5161.00  0.163899E+00 0.266726E+01 0.122389E+04
     5186.00  0.162929E+00 0.259128E+01 0.120622E+04
     5211.00  0.161840E+00 0.251783E+01 0.118779E+04
     5236.00  0.160635E+00 0.244679E+01 0.116866E+04
     5261.00  0.159320E+00 0.237805E+01 0.114889E+04
     5286.00  0.157899E+00 0.231150E+01 0.112853E+04
     5311.00  0.156376E+00 0.224703E+01 0.110765E+04
     5336.00  0.154756E+00 0.218455E+01 0.108630E+04
     5361.00  0.153042E+00 0.212395E+01 0.106454E+04
     5386.00  0.151240E+00 0.206515E+01 0.104242E+04
     5411.00  0.149353E+00 0.200805E+01 0.101998E+04
     5436.00  0.147387E+00 0.195259E+01 0.997290E+03
     5461.00  0.145345E+00 0.189868E+01 0.974383E+03
     5511.00  0.141053E+00 0.179523E+01 0.928114E+03
     5561.00  0.136511E+00 0.169715E+01 0.881523E+03
     5611.00  0.131754E+00 0.160395E+01 0.834924E+03
     5661.00  0.126814E+00 0.151521E+01 0.788604E+03
     5711.00  0.121723E+00 0.143053E+01 0.742823E+03
     5761.00  0.116513E+00 0.134956E+01 0.697807E+03
     5811.00  0.111213E+00 0.127200E+01 0.653758E+03
     5861.00  0.105852E+00 0.119759E+01 0.610849E+03
     5911.00  0.100457E+00 0.112608E+01 0.569230E+03
     5961.00  0.950531E-01 0.105726E+01 0.529024E+03
     6011.00  0.896647E-01 0.990975E+00 0.490333E+03
     6061.00  0.843144E-01 0.927061E+00 0.453236E+03
     6111.00  0.790234E-01 0.865396E+00 0.417795E+03
     6161.00  0.738114E-01 0.805877E+00 0.384051E+03
     6211.00  0.686965E-01 0.748421E+00 0.352030E+03
     6261.00  0.636956E-01 0.692966E+00 0.321746E+03
     6311.00  0.588239E-01 0.639466E+00 0.293194E+03
     6361.00  0.540953E-01 0.587891E+00 0.266361E+03
     6411.00  0.495224E-01 0.538225E+00 0.241224E+03
     6461.00  0.451165E-01 0.490467E+00 0.217747E+03
     6511.00  0.408875E-01 0.444624E+00 0.195891E+03
     6561.00  0.368442E-01 0.400718E+00 0.175606E+03
     6611.00  0.329941E-01 0.358776E+00 0.156840E+03
     6661.00  0.293439E-01 0.318838E+00 0.139535E+03
     6711.00  0.258988E-01 0.280948E+00 0.123629E+03
     6761.00  0.226635E-01 0.245157E+00 0.109058E+03
     6811.00  0.196415E-01 0.211522E+00 0.957561E+02
     6861.00  0.168355E-01 0.180103E+00 0.836569E+02
     6911.00  0.142473E-01 0.150967E+00 0.726926E+02
     6961.00  0.118782E-01 0.124178E+00 0.627959E+02
     7011.00  0.972851E-02 0.998073E-01 0.539001E+02
     7061.00  0.779809E-02 0.779240E-01 0.459394E+02
     7111.00  0.608613E-02 0.585987E-01 0.388496E+02
     7161.00  0.459131E-02 0.419014E-01 0.325681E+02
     7211.00  0.331183E-02 0.279012E-01 0.270341E+02
     7261.00  0.224545E-02 0.166658E-01 0.221895E+02
     7311.00  0.138953E-02 0.826046E-02 0.179780E+02
     7361.00  0.741104E-03 0.274801E-02 0.143463E+02
     7411.00  0.296874E-03 0.188016E-03 0.112434E+02
     7511.00  0.657257E-05 0.414526E-02 0.643381E+01
     7611.00  0.487654E-03 0.205295E-01 0.319558E+01
     7711.00  0.170654E-02 0.496625E-01 0.121799E+01
     7811.00  0.362799E-02 0.917822E-01 0.231745E+00
     7911.00  0.621592E-02 0.147035E+00 0.678033E-02
     8011.00  0.943410E-02 0.215472E+00 0.349290E+00
     8111.00  0.132467E-01 0.297045E+00 0.109844E+01
     8211.00  0.176188E-01 0.391611E+00 0.212290E+01
     8311.00  0.225169E-01 0.498926E+00 0.331728E+01
     8411.00  0.279089E-01 0.618654E+00 0.459873E+01
     8511.00  0.337645E-01 0.750365E+00 0.590366E+01
     8611.00  0.400554E-01 0.893548E+00 0.718471E+01
     8711.00  0.467553E-01 0.104761E+01 0.840802E+01
     8811.00  0.538402E-01 0.121189E+01 0.955074E+01
     8911.00  0.612879E-01 0.138566E+01 0.105989E+02
     9011.00  0.690785E-01 0.156813E+01 0.115455E+02
     9111.00  0.771941E-01 0.175847E+01 0.123889E+02
     9211.00  0.856184E-01 0.195581E+01 0.131314E+02
     9311.00  0.943374E-01 0.215926E+01 0.137783E+02
     9411.00  0.103339E+00 0.236788E+01 0.143370E+02
     9511.00  0.112611E+00 0.258074E+01 0.148158E+02
     9611.00  0.122145E+00 0.279690E+01 0.152240E+02
     9711.00  0.131934E+00 0.301541E+01 0.155710E+02
     9811.00  0.141969E+00 0.323535E+01 0.158661E+02
     9911.00  0.152246E+00 0.345580E+01 0.161182E+02
    10011.00  0.162759E+00 0.367587E+01 0.163357E+02
    10111.00  0.173505E+00 0.389469E+01 0.165263E+02
    10211.00  0.184480E+00 0.411142E+01 0.166973E+02
    10311.00  0.195683E+00 0.432527E+01 0.168548E+02
    10411.00  0.207110E+00 0.453550E+01 0.170045E+02
    10511.00  0.218759E+00 0.474138E+01 0.171514E+02
    10611.00  0.230630E+00 0.494225E+01 0.172997E+02
    10711.00  0.242721E+00 0.513750E+01 0.174529E+02
    10811.00  0.255030E+00 0.532656E+01 0.176141E+02
    10911.00  0.267556E+00 0.550893E+01 0.177857E+02
    11011.00  0.280298E+00 0.568414E+01 0.179698E+02
    11111.00  0.293254E+00 0.585180E+01 0.181678E+02
    11211.00  0.306422E+00 0.601153E+01 0.183809E+02
    11311.00  0.319800E+00 0.616306E+01 0.186097E+02
    11411.00  0.333384E+00 0.630611E+01 0.188548E+02
    11511.00  0.347173E+00 0.644050E+01 0.191161E+02
    11611.00  0.361162E+00 0.656607E+01 0.193936E+02
    11711.00  0.375347E+00 0.668271E+01 0.196868E+02
    11811.00  0.389725E+00 0.679037E+01 0.199950E+02
    11911.00  0.404289E+00 0.688903E+01 0.203175E+02
    12011.00  0.419032E+00 0.697870E+01 0.206532E+02
    12111.00  0.433950E+00 0.705945E+01 0.210009E+02
    12211.00  0.449034E+00 0.713136E+01 0.213593E+02
    12311.00  0.464277E+00 0.719456E+01 0.217269E+02
    12411.00  0.479669E+00 0.724923E+01 0.221022E+02
    12511.00  0.495201E+00 0.729552E+01 0.224835E+02
    12611.00  0.510862E+00 0.733366E+01 0.228690E+02
    12711.00  0.526643E+00 0.736387E+01 0.232571E+02
    12811.00  0.542529E+00 0.738639E+01 0.236456E+02
    12911.00  0.558510E+00 0.740151E+01 0.240330E+02
    13011.00  0.574570E+00 0.740949E+01 0.244172E+02
    13111.00  0.590696E+00 0.741062E+01 0.247963E+02
    13211.00  0.606874E+00 0.740523E+01 0.251685E+02
    13311.00  0.623087E+00 0.739360E+01 0.255319E+02
    13411.00  0.639319E+00 0.737606E+01 0.258848E+02
    13511.00  0.655553E+00 0.735293E+01 0.262253E+02
    13611.00  0.671770E+00 0.732451E+01 0.265517E+02
    13711.00  0.687952E+00 0.729114E+01 0.268624E+02
    13811.00  0.704080E+00 0.725314E+01 0.271560E+02
    13911.00  0.720134E+00 0.721080E+01 0.274308E+02
    14011.00  0.736093E+00 0.716447E+01 0.276855E+02
    14111.00  0.751938E+00 0.711443E+01 0.279190E+02
    14211.00  0.767645E+00 0.706097E+01 0.281300E+02
    14311.00  0.783195E+00 0.700441E+01 0.283176E+02
    14411.00  0.798563E+00 0.694500E+01 0.284808E+02
    14511.00  0.813727E+00 0.688303E+01 0.286188E+02
    14611.00  0.828664E+00 0.681876E+01 0.287310E+02
    14711.00  0.843352E+00 0.675245E+01 0.288168E+02
    14811.00  0.857766E+00 0.668432E+01 0.288759E+02
    14911.00  0.871885E+00 0.661462E+01 0.289080E+02
    15011.00  0.885682E+00 0.654355E+01 0.289129E+02
    15111.00  0.899135E+00 0.647132E+01 0.288905E+02
    15211.00  0.912220E+00 0.639814E+01 0.288411E+02
    15311.00  0.924914E+00 0.632417E+01 0.287647E+02
    15411.00  0.937192E+00 0.624958E+01 0.286618E+02
    15511.00  0.949032E+00 0.617454E+01 0.285326E+02
    15611.00  0.960412E+00 0.609918E+01 0.283778E+02
    15711.00  0.971307E+00 0.602365E+01 0.281979E+02
    15811.00  0.981697E+00 0.594806E+01 0.279936E+02
    15911.00  0.991560E+00 0.587253E+01 0.277657E+02
    16011.00  0.100087E+01 0.579714E+01 0.275149E+02
    16111.00  0.100962E+01 0.572201E+01 0.272423E+02
    16211.00  0.101777E+01 0.564719E+01 0.269486E+02
    16311.00  0.102532E+01 0.557275E+01 0.266349E+02
    16411.00  0.103224E+01 0.549877E+01 0.263022E+02
    16511.00  0.103852E+01 0.542529E+01 0.259516E+02
    16611.00  0.104413E+01 0.535234E+01 0.255840E+02
    16711.00  0.104907E+01 0.527997E+01 0.252008E+02
    16811.00  0.105332E+01 0.520820E+01 0.248029E+02
    16911.00  0.105687E+01 0.513703E+01 0.243915E+02
    17011.00  0.105969E+01 0.506649E+01 0.239677E+02
    17111.00  0.106179E+01 0.499659E+01 0.235327E+02
    17211.00  0.106316E+01 0.492731E+01 0.230875E+02
    17311.00  0.106377E+01 0.485864E+01 0.226334E+02
    17411.00  0.106364E+01 0.479059E+01 0.221713E+02
    17511.00  0.106274E+01 0.472313E+01 0.217024E+02
    17611.00  0.106108E+01 0.465623E+01 0.212278E+02
    17711.00  0.105865E+01 0.458987E+01 0.207485E+02
    17811.00  0.105545E+01 0.452402E+01 0.202654E+02
    17911.00  0.105148E+01 0.445864E+01 0.197797E+02
    18011.00  0.104675E+01 0.439371E+01 0.192921E+02
    18111.00  0.104124E+01 0.432919E+01 0.188038E+02
    18211.00  0.103498E+01 0.426502E+01 0.183154E+02
    18311.00  0.102796E+01 0.420117E+01 0.178279E+02
    18411.00  0.102019E+01 0.413761E+01 0.173420E+02
    18511.00  0.101167E+01 0.407428E+01 0.168585E+02
    18611.00  0.100243E+01 0.401115E+01 0.163782E+02
    18711.00  0.992468E+00 0.394816E+01 0.159017E+02
    18811.00  0.981798E+00 0.388527E+01 0.154295E+02
    18911.00  0.970436E+00 0.382244E+01 0.149624E+02
    19011.00  0.958398E+00 0.375963E+01 0.145009E+02
    19111.00  0.945700E+00 0.369680E+01 0.140454E+02
    19311.00  0.918401E+00 0.357090E+01 0.131543E+02
    19511.00  0.888701E+00 0.344445E+01 0.122925E+02
    19711.00  0.856783E+00 0.331719E+01 0.114625E+02
    19911.00  0.822846E+00 0.318889E+01 0.106662E+02
    20111.00  0.787109E+00 0.305940E+01 0.990500E+01
    20311.00  0.749801E+00 0.292861E+01 0.917984E+01
    20511.00  0.711164E+00 0.279647E+01 0.849113E+01
    20711.00  0.671453E+00 0.266300E+01 0.783885E+01
    20911.00  0.630925E+00 0.252828E+01 0.722265E+01
    21111.00  0.589850E+00 0.239248E+01 0.664191E+01
    21311.00  0.548492E+00 0.225582E+01 0.609570E+01
    21511.00  0.507122E+00 0.211860E+01 0.558296E+01
    21711.00  0.466004E+00 0.198117E+01 0.510246E+01
    21911.00  0.425402E+00 0.184397E+01 0.465287E+01
    22111.00  0.385569E+00 0.170747E+01 0.423281E+01
    22311.00  0.346751E+00 0.157220E+01 0.384082E+01
    22511.00  0.309181E+00 0.143874E+01 0.347548E+01
    22711.00  0.273080E+00 0.130769E+01 0.313535E+01
    22911.00  0.238654E+00 0.117968E+01 0.281906E+01
    23111.00  0.206089E+00 0.105536E+01 0.252524E+01
    23311.00  0.175555E+00 0.935395E+00 0.225264E+01
    23511.00  0.147202E+00 0.820416E+00 0.200002E+01
    23711.00  0.121158E+00 0.711059E+00 0.176627E+01
    23911.00  0.975306E-01 0.607927E+00 0.155035E+01
    24111.00  0.764032E-01 0.511585E+00 0.135132E+01
    24311.00  0.578379E-01 0.422554E+00 0.116832E+01
    24511.00  0.418728E-01 0.341295E+00 0.100058E+01
    24711.00  0.285240E-01 0.268208E+00 0.847437E+00
    24911.00  0.177843E-01 0.203622E+00 0.708297E+00
    25111.00  0.962508E-02 0.147787E+00 0.582660E+00
    25311.00  0.399596E-02 0.100874E+00 0.470085E+00
    25511.00  0.826545E-03 0.629693E-01 0.370213E+00
    25711.00  0.271752E-04 0.340710E-01 0.282734E+00
    25911.00  0.149035E-02 0.140925E-01 0.207396E+00
    26111.00  0.509217E-02 0.286073E-02 0.143984E+00
    26311.00  0.106940E-01 0.119528E-03 0.923194E-01
    26511.00  0.181439E-01 0.553312E-02 0.522414E-01
    26711.00  0.272790E-01 0.186910E-01 0.236013E-01
    26911.00  0.379266E-01 0.391139E-01 0.624912E-02



