
         14        14        11      1181C   C   D    0.822591500D+05
 E STATE HAS LABEL C   
 VIBRATIONAL LEVELS FOR STATE E IN 1/CM FOR J= 13
     -14308.98703    -12265.44503    -10351.07261     -8565.00891
     -6908.05635     -5382.73246     -3993.69254     -2748.19290
     -1657.90080      -741.53079       -30.66024
 PROPORTION OF STATE C   
  0.999998E+00 0.999995E+00 0.999993E+00 0.999991E+00 0.999990E+00
  0.999990E+00 0.999990E+00 0.999990E+00 0.999990E+00 0.999991E+00
  0.999992E+00
 PROPORTION OF STATE D   
  0.156500E-05 0.470347E-05 0.702612E-05 0.863661E-05 0.964878E-05
  0.101850E-04 0.103626E-04 0.102662E-04 0.991894E-05 0.922352E-05
  0.765372E-05
 TABLE FOR EMISSION PROBABILITIES   E(J= 13,IE) ==>F(J= 13,IF)
         IE==>      0            1            2            3
     1.00000  0.164768E-34 0.249468E-31 0.144952E-30 0.603746E-28
     2.00000  0.190764E-30 0.289777E-27 0.167635E-26 0.701266E-24
     3.00000  0.454437E-28 0.692578E-25 0.398896E-24 0.167597E-21
     4.00000  0.220759E-26 0.337552E-23 0.193561E-22 0.816803E-20
     5.00000  0.448746E-25 0.688420E-22 0.393019E-21 0.166575E-18
     6.00000  0.525740E-24 0.809201E-21 0.459934E-20 0.195790E-17
     7.00000  0.421118E-23 0.650314E-20 0.367991E-19 0.157339E-16
     8.00000  0.255372E-22 0.395665E-19 0.222902E-18 0.957237E-16
     9.00000  0.125210E-21 0.194639E-18 0.109165E-17 0.470869E-15
    10.00000  0.519156E-21 0.809709E-18 0.452115E-17 0.195874E-14
    11.00000  0.187958E-20 0.294126E-17 0.163499E-16 0.711476E-14
    12.00000  0.608412E-20 0.955239E-17 0.528629E-16 0.231056E-13
    13.00000  0.179269E-19 0.282400E-16 0.155582E-15 0.683044E-13
    14.00000  0.487584E-19 0.770645E-16 0.422666E-15 0.186387E-12
    15.00000  0.123775E-18 0.196284E-15 0.107171E-14 0.474707E-12
    16.00000  0.295891E-18 0.470797E-15 0.255898E-14 0.113855E-11
    17.00000  0.670987E-18 0.107119E-14 0.579616E-14 0.259038E-11
    18.00000  0.145213E-17 0.232601E-14 0.125291E-13 0.562452E-11
    19.00000  0.301444E-17 0.484471E-14 0.259781E-13 0.117144E-10
    20.00000  0.602803E-17 0.972061E-14 0.518874E-13 0.235029E-10
    21.00000  0.116547E-16 0.188572E-13 0.100201E-12 0.455914E-10
    22.00000  0.218549E-16 0.354802E-13 0.187672E-12 0.857767E-10
    23.00000  0.398570E-16 0.649238E-13 0.341849E-12 0.156951E-09
    24.00000  0.708595E-16 0.115814E-12 0.607023E-12 0.279962E-09
    25.00000  0.123066E-15 0.201821E-12 0.105298E-11 0.487843E-09
    26.00000  0.209179E-15 0.344204E-12 0.178761E-11 0.831968E-09
    27.00000  0.348540E-15 0.575465E-12 0.297494E-11 0.139087E-08
    28.00000  0.570125E-15 0.944514E-12 0.486032E-11 0.228272E-08
    29.00000  0.916719E-15 0.152387E-11 0.780545E-11 0.368272E-08
    30.00000  0.145063E-14 0.241960E-11 0.123363E-10 0.584711E-08
    31.00000  0.226147E-14 0.378490E-11 0.192079E-10 0.914595E-08
    32.00000  0.347658E-14 0.583840E-11 0.294919E-10 0.141073E-07
    33.00000  0.527492E-14 0.888872E-11 0.446915E-10 0.214766E-07
    34.00000  0.790544E-14 0.133669E-10 0.668947E-10 0.322950E-07
    35.00000  0.117110E-13 0.198694E-10 0.989725E-10 0.480025E-07
    36.00000  0.171597E-13 0.292136E-10 0.144837E-09 0.705733E-07
    37.00000  0.248847E-13 0.425105E-10 0.209775E-09 0.102690E-06
    38.00000  0.357360E-13 0.612577E-10 0.300868E-09 0.147968E-06
    39.00000  0.508458E-13 0.874585E-10 0.427534E-09 0.211244E-06
    40.00000  0.717109E-13 0.123773E-09 0.602206E-09 0.298941E-06
    42.00000  0.139169E-12 0.241868E-09 0.116569E-08 0.584101E-06
    44.00000  0.262031E-12 0.458553E-09 0.218909E-08 0.110726E-05
    46.00000  0.479955E-12 0.845760E-09 0.399922E-08 0.204201E-05
    48.00000  0.857281E-12 0.152121E-08 0.712447E-08 0.367238E-05
    50.00000  0.149634E-11 0.267374E-08 0.124023E-07 0.645399E-05
    52.00000  0.255693E-11 0.460090E-08 0.211362E-07 0.111045E-04
    54.00000  0.428453E-11 0.776369E-08 0.353214E-07 0.187359E-04
    56.00000  0.705044E-11 0.128656E-07 0.579652E-07 0.310446E-04
    58.00000  0.114085E-10 0.209653E-07 0.935377E-07 0.505830E-04
    60.00000  0.181741E-10 0.336352E-07 0.148597E-06 0.811417E-04
    62.00000  0.285336E-10 0.531828E-07 0.232648E-06 0.128283E-03
    64.00000  0.441936E-10 0.829576E-07 0.359318E-06 0.200079E-03
    66.00000  0.675840E-10 0.127771E-06 0.547937E-06 0.308122E-03
    68.00000  0.102131E-09 0.194468E-06 0.825664E-06 0.468905E-03
    70.00000  0.152625E-09 0.292700E-06 0.123031E-05 0.705676E-03
    72.00000  0.225701E-09 0.435961E-06 0.181410E-05 0.105093E-02
    74.00000  0.330486E-09 0.642971E-06 0.264853E-05 0.154976E-02
    76.00000  0.479435E-09 0.939514E-06 0.383086E-05 0.226423E-02
    78.00000  0.689437E-09 0.136085E-05 0.549244E-05 0.327925E-02
    80.00000  0.983245E-09 0.195493E-05 0.780953E-05 0.471017E-02
    82.00000  0.139133E-08 0.278650E-05 0.110173E-04 0.671289E-02
    84.00000  0.195427E-08 0.394263E-05 0.154277E-04 0.949683E-02
    86.00000  0.272586E-08 0.553966E-05 0.214525E-04 0.133419E-01
    88.00000  0.377702E-08 0.773244E-05 0.296327E-04 0.186206E-01
    90.00000  0.520086E-08 0.107261E-04 0.406755E-04 0.258262E-01
    92.00000  0.711914E-08 0.147911E-04 0.555021E-04 0.356091E-01
    94.00000  0.969043E-08 0.202829E-04 0.753072E-04 0.488241E-01
    96.00000  0.131205E-07 0.276672E-04 0.101635E-03 0.665899E-01
    98.00000  0.176756E-07 0.375511E-04 0.136476E-03 0.903666E-01
   100.00000  0.236991E-07 0.507252E-04 0.182384E-03 0.122053E+00
   102.00000  0.316323E-07 0.682146E-04 0.242632E-03 0.164113E+00
   104.00000  0.420419E-07 0.913467E-04 0.321402E-03 0.219734E+00
   106.00000  0.556531E-07 0.121835E-03 0.424026E-03 0.293033E+00
   108.00000  0.733926E-07 0.161890E-03 0.557285E-03 0.389315E+00
   110.00000  0.964422E-07 0.214352E-03 0.729797E-03 0.515405E+00
   112.00000  0.126308E-06 0.282874E-03 0.952491E-03 0.680068E+00
   114.00000  0.164904E-06 0.372142E-03 0.123921E-02 0.894552E+00
   116.00000  0.214667E-06 0.488164E-03 0.160749E-02 0.117327E+01
   118.00000  0.278688E-06 0.638634E-03 0.207948E-02 0.153470E+01
   122.00000  0.466265E-06 0.108509E-02 0.345410E-02 0.260681E+01
   126.00000  0.773526E-06 0.182830E-02 0.568832E-02 0.439099E+01
   130.00000  0.127452E-05 0.305986E-02 0.930254E-02 0.734660E+01
   134.00000  0.208917E-05 0.509512E-02 0.151326E-01 0.122295E+02
   138.00000  0.341295E-05 0.845628E-02 0.245296E-01 0.202909E+02
   142.00000  0.556746E-05 0.140159E-01 0.396983E-01 0.336208E+02
   146.00000  0.908869E-05 0.232501E-01 0.642840E-01 0.557541E+02
   150.00000  0.148853E-04 0.386976E-01 0.104418E+00 0.927683E+02
   154.00000  0.245317E-04 0.648199E-01 0.170644E+00 0.155341E+03
   158.00000  0.408353E-04 0.109677E+00 0.281625E+00 0.262756E+03
   162.00000  0.689863E-04 0.188360E+00 0.471620E+00 0.451113E+03
   166.00000  0.119045E-03 0.330472E+00 0.806598E+00 0.791202E+03
   170.00000  0.211756E-03 0.597731E+00 0.142173E+01 0.143059E+04
   174.00000  0.393607E-03 0.112987E+01 0.261816E+01 0.270330E+04
   178.00000  0.781566E-03 0.228182E+01 0.514949E+01 0.545756E+04
   182.00000  0.172474E-02 0.512199E+01 0.112537E+02 0.122464E+05
   186.00000  0.459691E-02 0.138879E+02 0.296978E+02 0.331937E+05
   190.00000  0.186745E-01 0.574019E+02 0.119425E+03 0.137150E+06
   194.00000  0.498648E+00 0.155968E+04 0.315597E+04 0.372523E+07
   194.22000  0.515956E+00 0.190689E+04 0.414394E+04 0.469715E+07
   194.23000  0.526714E+00 0.194675E+04 0.423029E+04 0.479534E+07
   194.24000  0.537805E+00 0.198786E+04 0.431930E+04 0.489657E+07
   194.25000  0.549245E+00 0.203024E+04 0.441111E+04 0.500099E+07
   194.26000  0.561046E+00 0.207398E+04 0.450582E+04 0.510870E+07
   194.27000  0.573224E+00 0.211911E+04 0.460355E+04 0.521987E+07
   194.28000  0.585796E+00 0.216570E+04 0.470445E+04 0.533463E+07
   194.29000  0.598778E+00 0.221381E+04 0.480863E+04 0.545314E+07
   194.30000  0.612189E+00 0.226351E+04 0.491626E+04 0.557557E+07
   194.31000  0.626047E+00 0.231488E+04 0.502748E+04 0.570208E+07
   194.32000  0.640373E+00 0.236797E+04 0.514244E+04 0.583287E+07
   194.33000  0.655188E+00 0.242288E+04 0.526133E+04 0.596812E+07
   194.34000  0.670514E+00 0.247969E+04 0.538432E+04 0.610804E+07
   194.35000  0.686374E+00 0.253848E+04 0.551160E+04 0.625285E+07
   194.36000  0.702794E+00 0.259934E+04 0.564337E+04 0.640277E+07
   194.37000  0.719801E+00 0.266238E+04 0.577984E+04 0.655805E+07
   194.38000  0.737422E+00 0.272771E+04 0.592125E+04 0.671895E+07
   194.39000  0.755688E+00 0.279542E+04 0.606782E+04 0.688573E+07
   194.40000  0.774629E+00 0.286564E+04 0.621981E+04 0.705869E+07
   194.41000  0.794280E+00 0.293849E+04 0.637750E+04 0.723813E+07
   194.42000  0.814676E+00 0.301410E+04 0.654117E+04 0.742439E+07
   194.43000  0.835856E+00 0.309263E+04 0.671113E+04 0.761781E+07
   194.44000  0.857859E+00 0.317421E+04 0.688769E+04 0.781875E+07
   194.45000  0.880730E+00 0.325900E+04 0.707121E+04 0.802762E+07
   194.46000  0.904513E+00 0.334719E+04 0.726205E+04 0.824482E+07
   194.47000  0.929258E+00 0.343894E+04 0.746061E+04 0.847083E+07
   194.48000  0.955018E+00 0.353445E+04 0.766730E+04 0.870609E+07
   194.49000  0.981847E+00 0.363394E+04 0.788259E+04 0.895115E+07
   194.50000  0.100981E+01 0.373762E+04 0.810694E+04 0.920653E+07
   194.51000  0.103896E+01 0.384574E+04 0.834087E+04 0.947283E+07
   194.52000  0.106938E+01 0.395854E+04 0.858493E+04 0.975067E+07
   194.53000  0.110113E+01 0.407630E+04 0.883972E+04 0.100407E+08
   194.54000  0.113430E+01 0.419931E+04 0.910586E+04 0.103437E+08
   194.55000  0.116897E+01 0.432790E+04 0.938405E+04 0.106605E+08
   194.56000  0.120524E+01 0.446239E+04 0.967502E+04 0.109917E+08
   194.57000  0.124319E+01 0.460317E+04 0.997956E+04 0.113385E+08
   194.58000  0.128295E+01 0.475061E+04 0.102985E+05 0.117017E+08
   194.59000  0.132461E+01 0.490516E+04 0.106328E+05 0.120823E+08
   194.60000  0.136832E+01 0.506727E+04 0.109835E+05 0.124816E+08
   194.61000  0.141419E+01 0.523744E+04 0.113515E+05 0.129008E+08
   194.62000  0.146239E+01 0.541621E+04 0.117382E+05 0.133411E+08
   194.63000  0.151306E+01 0.560417E+04 0.121447E+05 0.138041E+08
   194.64000  0.156637E+01 0.580196E+04 0.125725E+05 0.142913E+08
   194.65000  0.162253E+01 0.601027E+04 0.130230E+05 0.148044E+08
   194.66000  0.168172E+01 0.622987E+04 0.134979E+05 0.153453E+08
   194.67000  0.174418E+01 0.646157E+04 0.139990E+05 0.159160E+08
   194.68000  0.181014E+01 0.670628E+04 0.145282E+05 0.165188E+08
   194.69000  0.187987E+01 0.696500E+04 0.150876E+05 0.171560E+08
   194.70000  0.195366E+01 0.723880E+04 0.156797E+05 0.178304E+08
   194.71000  0.203185E+01 0.752889E+04 0.163069E+05 0.185449E+08
   194.72000  0.211477E+01 0.783656E+04 0.169721E+05 0.193028E+08
   194.73000  0.220282E+01 0.816328E+04 0.176785E+05 0.201075E+08
   194.74000  0.229643E+01 0.851063E+04 0.184295E+05 0.209631E+08
   194.75000  0.239608E+01 0.888040E+04 0.192289E+05 0.218739E+08
   194.76000  0.250229E+01 0.927454E+04 0.200810E+05 0.228447E+08
   194.77000  0.261566E+01 0.969524E+04 0.209905E+05 0.238809E+08
   194.78000  0.273683E+01 0.101449E+05 0.219626E+05 0.249886E+08
   194.79000  0.286655E+01 0.106263E+05 0.230032E+05 0.261744E+08
   194.80000  0.300563E+01 0.111425E+05 0.241189E+05 0.274457E+08
   194.81000  0.315500E+01 0.116968E+05 0.253171E+05 0.288111E+08
   194.82000  0.331568E+01 0.122932E+05 0.266061E+05 0.302801E+08
   194.83000  0.348886E+01 0.129360E+05 0.279953E+05 0.318633E+08
   194.84000  0.367585E+01 0.136300E+05 0.294953E+05 0.335728E+08
   194.85000  0.387817E+01 0.143810E+05 0.311183E+05 0.354225E+08
   194.86000  0.409753E+01 0.151952E+05 0.328779E+05 0.374280E+08
   194.87000  0.433589E+01 0.160800E+05 0.347900E+05 0.396074E+08
   194.88000  0.459552E+01 0.170438E+05 0.368726E+05 0.419813E+08
   194.89000  0.487902E+01 0.180962E+05 0.391467E+05 0.445734E+08
   194.90000  0.518939E+01 0.192483E+05 0.416363E+05 0.474114E+08
   194.91000  0.553014E+01 0.205133E+05 0.443696E+05 0.505272E+08
   194.92000  0.590536E+01 0.219063E+05 0.473794E+05 0.539583E+08
   194.93000  0.631985E+01 0.234451E+05 0.507041E+05 0.577486E+08
   194.94000  0.677928E+01 0.251508E+05 0.543893E+05 0.619499E+08
   194.95000  0.729038E+01 0.270484E+05 0.584889E+05 0.666239E+08
   194.96000  0.786118E+01 0.291677E+05 0.630673E+05 0.718440E+08
   194.97000  0.850134E+01 0.315446E+05 0.682021E+05 0.776986E+08
   194.98000  0.922256E+01 0.342226E+05 0.739870E+05 0.842946E+08
   194.99000  0.100391E+02 0.372545E+05 0.805363E+05 0.917627E+08
   195.00000  0.109685E+02 0.407057E+05 0.879910E+05 0.100263E+09
   195.01000  0.120326E+02 0.446568E+05 0.965254E+05 0.109995E+09
   195.02000  0.132585E+02 0.492094E+05 0.106359E+06 0.121209E+09
   195.03000  0.146810E+02 0.544917E+05 0.117767E+06 0.134220E+09
   195.04000  0.163442E+02 0.606683E+05 0.131107E+06 0.149433E+09
   195.05000  0.183056E+02 0.679527E+05 0.146839E+06 0.167376E+09
   195.06000  0.206411E+02 0.766264E+05 0.165571E+06 0.188740E+09
   195.07000  0.234520E+02 0.870658E+05 0.188115E+06 0.214453E+09
   195.08000  0.268764E+02 0.997845E+05 0.215581E+06 0.245781E+09
   195.09000  0.311068E+02 0.115497E+06 0.249509E+06 0.284482E+09
   195.10000  0.364171E+02 0.135221E+06 0.292099E+06 0.333063E+09
   195.11000  0.432084E+02 0.160446E+06 0.346566E+06 0.395196E+09
   195.12000  0.520867E+02 0.193424E+06 0.417771E+06 0.476424E+09
   195.13000  0.640029E+02 0.237687E+06 0.513339E+06 0.585449E+09
   195.14000  0.805177E+02 0.299034E+06 0.645788E+06 0.736552E+09
   195.15000  0.104339E+03 0.387526E+06 0.836836E+06 0.954517E+09
   195.16000  0.140507E+03 0.521884E+06 0.112689E+07 0.128545E+10
   195.17000  0.199286E+03 0.740244E+06 0.159829E+07 0.182329E+10
   195.18000  0.304323E+03 0.113046E+07 0.244065E+07 0.278444E+10
   195.19000  0.520660E+03 0.193419E+07 0.417560E+07 0.476409E+10
   195.20000  0.108549E+04 0.403266E+07 0.870530E+07 0.993284E+10
   195.21000  0.348233E+04 0.129378E+08 0.279268E+08 0.318670E+11
   195.21010  0.353774E+04 0.131437E+08 0.283712E+08 0.323741E+11
   195.21020  0.359448E+04 0.133545E+08 0.288262E+08 0.328933E+11
   195.21030  0.365258E+04 0.135703E+08 0.292922E+08 0.334250E+11
   195.21040  0.371208E+04 0.137914E+08 0.297694E+08 0.339696E+11
   195.21050  0.377304E+04 0.140179E+08 0.302582E+08 0.345274E+11
   195.21060  0.383549E+04 0.142499E+08 0.307591E+08 0.350990E+11
   195.21070  0.389950E+04 0.144877E+08 0.312724E+08 0.356847E+11
   195.21080  0.396510E+04 0.147315E+08 0.317985E+08 0.362850E+11
   195.21090  0.403236E+04 0.149814E+08 0.323378E+08 0.369005E+11
   195.21100  0.410132E+04 0.152376E+08 0.328909E+08 0.375316E+11
   195.21110  0.417205E+04 0.155004E+08 0.334581E+08 0.381789E+11
   195.21120  0.424460E+04 0.157699E+08 0.340399E+08 0.388428E+11
   195.21130  0.431904E+04 0.160465E+08 0.346369E+08 0.395241E+11
   195.21140  0.439543E+04 0.163303E+08 0.352495E+08 0.402232E+11
   195.21150  0.447385E+04 0.166217E+08 0.358784E+08 0.409408E+11
   195.21160  0.455436E+04 0.169208E+08 0.365240E+08 0.416775E+11
   195.21170  0.463703E+04 0.172280E+08 0.371870E+08 0.424341E+11
   195.21180  0.472195E+04 0.175435E+08 0.378680E+08 0.432112E+11
   195.21190  0.480919E+04 0.178676E+08 0.385676E+08 0.440096E+11
   195.21200  0.489884E+04 0.182007E+08 0.392866E+08 0.448301E+11
   195.21210  0.499099E+04 0.185431E+08 0.400256E+08 0.456734E+11
   195.21220  0.508573E+04 0.188951E+08 0.407854E+08 0.465404E+11
   195.21230  0.518316E+04 0.192571E+08 0.415667E+08 0.474320E+11
   195.21240  0.528337E+04 0.196294E+08 0.423704E+08 0.483491E+11
   195.21250  0.538648E+04 0.200125E+08 0.431972E+08 0.492927E+11
   195.21260  0.549260E+04 0.204068E+08 0.440482E+08 0.502638E+11
   195.21270  0.560183E+04 0.208126E+08 0.449242E+08 0.512634E+11
   195.21280  0.571431E+04 0.212305E+08 0.458262E+08 0.522927E+11
   195.21290  0.583015E+04 0.216609E+08 0.467553E+08 0.533529E+11
   195.21300  0.594950E+04 0.221044E+08 0.477124E+08 0.544451E+11
   195.21310  0.607250E+04 0.225614E+08 0.486987E+08 0.555707E+11
   195.21320  0.619929E+04 0.230324E+08 0.497155E+08 0.567310E+11
   195.21330  0.633002E+04 0.235182E+08 0.507639E+08 0.579274E+11
   195.21340  0.646486E+04 0.240191E+08 0.518453E+08 0.591614E+11
   195.21350  0.660398E+04 0.245360E+08 0.529610E+08 0.604346E+11
   195.21360  0.674756E+04 0.250695E+08 0.541124E+08 0.617485E+11
   195.21370  0.689579E+04 0.256203E+08 0.553012E+08 0.631051E+11
   195.21380  0.704887E+04 0.261890E+08 0.565288E+08 0.645059E+11
   195.21390  0.720701E+04 0.267765E+08 0.577969E+08 0.659531E+11
   195.21400  0.737042E+04 0.273837E+08 0.591074E+08 0.674486E+11
   195.21410  0.753934E+04 0.280113E+08 0.604621E+08 0.689945E+11
   195.21420  0.771402E+04 0.286603E+08 0.618629E+08 0.705930E+11
   195.21430  0.789472E+04 0.293317E+08 0.633120E+08 0.722466E+11
   195.21440  0.808170E+04 0.300264E+08 0.648115E+08 0.739578E+11
   195.21450  0.827525E+04 0.307455E+08 0.663637E+08 0.757291E+11
   195.21460  0.847569E+04 0.314903E+08 0.679711E+08 0.775634E+11
   195.21470  0.868333E+04 0.322617E+08 0.696363E+08 0.794636E+11
   195.21480  0.889851E+04 0.330612E+08 0.713619E+08 0.814329E+11
   195.21490  0.912160E+04 0.338901E+08 0.731509E+08 0.834744E+11
   195.21500  0.935297E+04 0.347497E+08 0.750064E+08 0.855918E+11
   195.21510  0.959302E+04 0.356417E+08 0.769316E+08 0.877887E+11
   195.21520  0.984220E+04 0.365675E+08 0.789298E+08 0.900690E+11
   195.21530  0.101009E+05 0.375288E+08 0.810048E+08 0.924369E+11
   195.21540  0.103697E+05 0.385275E+08 0.831604E+08 0.948968E+11
   195.21550  0.106491E+05 0.395655E+08 0.854008E+08 0.974534E+11
   195.21560  0.109396E+05 0.406447E+08 0.877302E+08 0.100112E+12
   195.21570  0.112417E+05 0.417673E+08 0.901533E+08 0.102877E+12
   195.21580  0.115562E+05 0.429357E+08 0.926751E+08 0.105755E+12
   195.21590  0.118836E+05 0.441521E+08 0.953007E+08 0.108751E+12
   195.21600  0.122246E+05 0.454193E+08 0.980357E+08 0.111872E+12
   195.21610  0.125801E+05 0.467399E+08 0.100886E+09 0.115125E+12
   195.21620  0.129507E+05 0.481169E+08 0.103858E+09 0.118516E+12
   195.21630  0.133373E+05 0.495534E+08 0.106959E+09 0.122054E+12
   195.21640  0.137408E+05 0.510527E+08 0.110195E+09 0.125747E+12
   195.21650  0.141622E+05 0.526184E+08 0.113574E+09 0.129604E+12
   195.21660  0.146026E+05 0.542544E+08 0.117105E+09 0.133633E+12
   195.21670  0.150628E+05 0.559645E+08 0.120797E+09 0.137846E+12
   195.21680  0.155443E+05 0.577533E+08 0.124658E+09 0.142252E+12
   195.21690  0.160481E+05 0.596254E+08 0.128698E+09 0.146863E+12
   195.21700  0.165757E+05 0.615857E+08 0.132929E+09 0.151691E+12
   195.21710  0.171285E+05 0.636395E+08 0.137362E+09 0.156750E+12
   195.21720  0.177080E+05 0.657926E+08 0.142009E+09 0.162053E+12
   195.21730  0.183158E+05 0.680510E+08 0.146884E+09 0.167616E+12
   195.21740  0.189538E+05 0.704213E+08 0.152000E+09 0.173454E+12
   195.21750  0.196238E+05 0.729106E+08 0.157373E+09 0.179585E+12
   195.21760  0.203278E+05 0.755263E+08 0.163019E+09 0.186028E+12
   195.21770  0.210680E+05 0.782766E+08 0.168955E+09 0.192803E+12
   195.21780  0.218468E+05 0.811702E+08 0.175200E+09 0.199930E+12
   195.21790  0.226666E+05 0.842162E+08 0.181775E+09 0.207432E+12
   195.21800  0.235302E+05 0.874249E+08 0.188701E+09 0.215336E+12
   195.21810  0.244404E+05 0.908068E+08 0.196000E+09 0.223666E+12
   195.21820  0.254004E+05 0.943735E+08 0.203698E+09 0.232451E+12
   195.21830  0.264134E+05 0.981374E+08 0.211822E+09 0.241721E+12
   195.21840  0.274831E+05 0.102112E+09 0.220400E+09 0.251510E+12
   195.21850  0.286132E+05 0.106311E+09 0.229463E+09 0.261853E+12
   195.21860  0.298078E+05 0.110749E+09 0.239043E+09 0.272785E+12
   195.21870  0.310714E+05 0.115444E+09 0.249176E+09 0.284349E+12
   195.21880  0.324085E+05 0.120412E+09 0.259899E+09 0.296586E+12
   195.21890  0.338241E+05 0.125672E+09 0.271252E+09 0.309541E+12
   195.21900  0.353236E+05 0.131243E+09 0.283277E+09 0.323264E+12
   195.21910  0.369126E+05 0.137147E+09 0.296020E+09 0.337805E+12
   195.21920  0.385969E+05 0.143405E+09 0.309527E+09 0.353219E+12
   195.21930  0.403828E+05 0.150040E+09 0.323849E+09 0.369563E+12
   195.21940  0.422768E+05 0.157078E+09 0.339038E+09 0.386897E+12
   195.21950  0.442857E+05 0.164542E+09 0.355148E+09 0.405281E+12
   195.21960  0.464165E+05 0.172459E+09 0.372236E+09 0.424781E+12
   195.21970  0.486762E+05 0.180855E+09 0.390358E+09 0.445462E+12
   195.21980  0.510721E+05 0.189757E+09 0.409572E+09 0.467388E+12
   195.21990  0.536113E+05 0.199191E+09 0.429934E+09 0.490625E+12
   195.22000  0.563004E+05 0.209183E+09 0.451500E+09 0.515236E+12
   195.22010  0.591460E+05 0.219755E+09 0.474320E+09 0.541278E+12
   195.22020  0.621536E+05 0.230930E+09 0.498439E+09 0.568802E+12
   195.22030  0.653278E+05 0.242724E+09 0.523894E+09 0.597851E+12
   195.22040  0.686715E+05 0.255147E+09 0.550709E+09 0.628451E+12
   195.22050  0.721857E+05 0.268205E+09 0.578891E+09 0.660612E+12
   195.22060  0.758690E+05 0.281890E+09 0.608429E+09 0.694320E+12
   195.22070  0.797163E+05 0.296185E+09 0.639282E+09 0.729530E+12
   195.22080  0.837188E+05 0.311056E+09 0.671380E+09 0.766159E+12
   195.22090  0.878625E+05 0.326452E+09 0.704610E+09 0.804081E+12
   195.22100  0.921278E+05 0.342300E+09 0.738815E+09 0.843116E+12
   195.22110  0.964883E+05 0.358502E+09 0.773784E+09 0.883022E+12
   195.22120  0.100910E+06 0.374931E+09 0.809244E+09 0.923489E+12
   195.22130  0.105351E+06 0.391432E+09 0.844859E+09 0.964132E+12
   195.22140  0.109761E+06 0.407816E+09 0.880222E+09 0.100449E+13
   195.22150  0.114080E+06 0.423865E+09 0.914860E+09 0.104402E+13
   195.22160  0.118242E+06 0.439329E+09 0.948238E+09 0.108211E+13
   195.22170  0.122174E+06 0.453938E+09 0.979768E+09 0.111809E+13
   195.22180  0.125798E+06 0.467401E+09 0.100883E+10 0.115125E+13
   195.22190  0.129034E+06 0.479426E+09 0.103478E+10 0.118087E+13
   195.22200  0.131806E+06 0.489725E+09 0.105701E+10 0.120624E+13
   195.22210  0.134042E+06 0.498036E+09 0.107495E+10 0.122671E+13
   195.22220  0.135683E+06 0.504131E+09 0.108810E+10 0.124172E+13
   195.22230  0.136681E+06 0.507839E+09 0.109610E+10 0.125085E+13
   195.22240  0.137007E+06 0.509051E+09 0.109872E+10 0.125384E+13
   195.22250  0.136652E+06 0.507732E+09 0.109587E+10 0.125059E+13
   195.22260  0.135626E+06 0.503920E+09 0.108764E+10 0.124120E+13
   195.22270  0.133959E+06 0.497727E+09 0.107428E+10 0.122595E+13
   195.22280  0.131698E+06 0.489328E+09 0.105615E+10 0.120526E+13
   195.22290  0.128905E+06 0.478951E+09 0.103375E+10 0.117970E+13
   195.22300  0.125651E+06 0.466861E+09 0.100765E+10 0.114992E+13
   195.22310  0.122013E+06 0.453344E+09 0.978478E+09 0.111663E+13
   195.22320  0.118071E+06 0.438696E+09 0.946860E+09 0.108055E+13
   195.22330  0.113901E+06 0.423203E+09 0.913421E+09 0.104239E+13
   195.22340  0.109577E+06 0.407137E+09 0.878745E+09 0.100282E+13
   195.22350  0.105165E+06 0.390746E+09 0.843367E+09 0.962443E+12
   195.22360  0.100725E+06 0.374247E+09 0.807756E+09 0.921805E+12
   195.22370  0.963055E+05 0.357827E+09 0.772315E+09 0.881360E+12
   195.22380  0.919490E+05 0.341640E+09 0.737378E+09 0.841491E+12
   195.22390  0.876889E+05 0.325812E+09 0.703215E+09 0.802505E+12
   195.22400  0.835514E+05 0.310439E+09 0.670034E+09 0.764640E+12
   195.22410  0.795558E+05 0.295594E+09 0.637992E+09 0.728074E+12
   195.22420  0.757158E+05 0.281326E+09 0.607197E+09 0.692932E+12
   195.22430  0.720402E+05 0.267669E+09 0.577720E+09 0.659293E+12
   195.22440  0.685336E+05 0.254640E+09 0.549599E+09 0.627202E+12
   195.22450  0.651975E+05 0.242245E+09 0.522846E+09 0.596672E+12
   195.22460  0.620309E+05 0.230479E+09 0.497451E+09 0.567692E+12
   195.22470  0.590306E+05 0.219332E+09 0.473391E+09 0.540234E+12
   195.22480  0.561920E+05 0.208785E+09 0.450627E+09 0.514257E+12
   195.22490  0.535096E+05 0.198818E+09 0.429115E+09 0.489708E+12
   195.22500  0.509769E+05 0.189408E+09 0.408805E+09 0.466529E+12
   195.22510  0.485871E+05 0.180529E+09 0.389640E+09 0.444659E+12
   195.22520  0.463331E+05 0.172154E+09 0.371564E+09 0.424031E+12
   195.22530  0.442078E+05 0.164257E+09 0.354520E+09 0.404581E+12
   195.22540  0.422040E+05 0.156812E+09 0.338451E+09 0.386243E+12
   195.22550  0.403148E+05 0.149793E+09 0.323301E+09 0.368953E+12
   195.22560  0.385334E+05 0.143174E+09 0.309015E+09 0.352651E+12
   195.22570  0.368533E+05 0.136932E+09 0.295542E+09 0.337275E+12
   195.22580  0.352684E+05 0.131042E+09 0.282831E+09 0.322770E+12
   195.22590  0.337725E+05 0.125485E+09 0.270835E+09 0.309080E+12
   195.22600  0.323603E+05 0.120238E+09 0.259510E+09 0.296156E+12
   195.22610  0.310264E+05 0.115281E+09 0.248813E+09 0.283949E+12
   195.22620  0.297659E+05 0.110598E+09 0.238704E+09 0.272412E+12
   195.22630  0.285740E+05 0.106169E+09 0.229146E+09 0.261505E+12
   195.22640  0.274465E+05 0.101980E+09 0.220105E+09 0.251186E+12
   195.22650  0.263793E+05 0.980149E+08 0.211546E+09 0.241420E+12
   195.22660  0.253686E+05 0.942594E+08 0.203440E+09 0.232169E+12
   195.22670  0.244107E+05 0.907005E+08 0.195759E+09 0.223404E+12
   195.22680  0.235025E+05 0.873259E+08 0.188475E+09 0.215091E+12
   195.22690  0.226407E+05 0.841240E+08 0.181565E+09 0.207205E+12
   195.22700  0.218226E+05 0.810843E+08 0.175004E+09 0.199718E+12
   195.22710  0.210455E+05 0.781967E+08 0.168772E+09 0.192606E+12
   195.22720  0.203067E+05 0.754519E+08 0.162848E+09 0.185845E+12
   195.22730  0.196041E+05 0.728414E+08 0.157213E+09 0.179415E+12
   195.22740  0.189355E+05 0.703570E+08 0.151851E+09 0.173296E+12
   195.22750  0.182988E+05 0.679912E+08 0.146745E+09 0.167468E+12
   195.22760  0.176921E+05 0.657370E+08 0.141879E+09 0.161916E+12
   195.22770  0.171137E+05 0.635879E+08 0.137241E+09 0.156623E+12
   195.22780  0.165619E+05 0.615378E+08 0.132816E+09 0.151573E+12
   195.22790  0.160353E+05 0.595810E+08 0.128593E+09 0.146753E+12
   195.22800  0.155323E+05 0.577122E+08 0.124559E+09 0.142150E+12
   195.22810  0.150517E+05 0.559265E+08 0.120705E+09 0.137752E+12
   195.22820  0.145922E+05 0.542192E+08 0.117020E+09 0.133547E+12
   195.22830  0.141526E+05 0.525860E+08 0.113495E+09 0.129524E+12
   195.22840  0.137319E+05 0.510228E+08 0.110121E+09 0.125674E+12
   195.22850  0.133290E+05 0.495258E+08 0.106890E+09 0.121987E+12
   195.22860  0.129430E+05 0.480916E+08 0.103795E+09 0.118454E+12
   195.22870  0.125730E+05 0.467167E+08 0.100827E+09 0.115067E+12
   195.22880  0.122181E+05 0.453981E+08 0.979814E+08 0.111820E+12
   195.22890  0.118776E+05 0.441328E+08 0.952505E+08 0.108703E+12
   195.22900  0.115506E+05 0.429181E+08 0.926288E+08 0.105711E+12
   195.22910  0.112366E+05 0.417514E+08 0.901107E+08 0.102838E+12
   195.22920  0.109349E+05 0.406303E+08 0.876911E+08 0.100076E+12
   195.22930  0.106449E+05 0.395526E+08 0.853649E+08 0.974216E+11
   195.22940  0.103659E+05 0.385160E+08 0.831277E+08 0.948684E+11
   195.22950  0.100974E+05 0.375186E+08 0.809750E+08 0.924117E+11
   195.22960  0.983904E+04 0.365585E+08 0.789027E+08 0.900468E+11
   195.22970  0.959018E+04 0.356339E+08 0.769071E+08 0.877694E+11
   195.22980  0.935043E+04 0.347430E+08 0.749844E+08 0.855752E+11
   195.22990  0.911935E+04 0.338844E+08 0.731312E+08 0.834604E+11
   195.23000  0.889653E+04 0.330565E+08 0.713444E+08 0.814212E+11
   195.24000  0.175299E+04 0.651386E+07 0.140576E+08 0.160442E+11
   195.25000  0.718761E+03 0.267096E+07 0.576382E+07 0.657880E+10
   195.26000  0.388462E+03 0.144362E+07 0.311507E+07 0.355577E+10
   195.27000  0.242792E+03 0.902327E+06 0.194692E+07 0.222251E+10
   195.28000  0.166000E+03 0.616962E+06 0.133111E+07 0.151963E+10
   195.29000  0.120631E+03 0.448368E+06 0.967295E+06 0.110437E+10
   195.30000  0.916172E+02 0.340545E+06 0.734632E+06 0.838790E+09
   195.31000  0.719465E+02 0.267442E+06 0.576894E+06 0.658731E+09
   195.32000  0.579985E+02 0.215606E+06 0.465047E+06 0.531053E+09
   195.33000  0.477505E+02 0.177519E+06 0.382870E+06 0.437243E+09
   195.34000  0.400006E+02 0.148715E+06 0.320725E+06 0.366297E+09
   195.35000  0.339979E+02 0.126405E+06 0.272591E+06 0.311345E+09
   195.36000  0.292539E+02 0.108773E+06 0.234551E+06 0.267915E+09
   195.37000  0.254398E+02 0.945959E+05 0.203967E+06 0.232996E+09
   195.38000  0.223273E+02 0.830268E+05 0.179010E+06 0.204501E+09
   195.39000  0.197543E+02 0.734627E+05 0.158378E+06 0.180943E+09
   195.40000  0.176029E+02 0.654653E+05 0.141127E+06 0.161245E+09
   195.41000  0.157856E+02 0.587101E+05 0.126556E+06 0.144607E+09
   195.42000  0.142368E+02 0.529523E+05 0.114137E+06 0.130425E+09
   195.43000  0.129059E+02 0.480047E+05 0.103465E+06 0.118238E+09
   195.44000  0.117538E+02 0.437220E+05 0.942281E+05 0.107690E+09
   195.45000  0.107500E+02 0.399900E+05 0.861793E+05 0.984977E+08
   195.46000  0.986995E+01 0.367182E+05 0.791230E+05 0.904389E+08
   195.47000  0.909413E+01 0.338338E+05 0.729025E+05 0.833344E+08
   195.48000  0.840669E+01 0.312779E+05 0.673907E+05 0.770391E+08
   195.49000  0.779469E+01 0.290024E+05 0.624837E+05 0.714344E+08
   195.50000  0.724746E+01 0.269677E+05 0.580961E+05 0.664228E+08
   195.51000  0.675617E+01 0.251410E+05 0.541571E+05 0.619234E+08
   195.52000  0.631344E+01 0.234947E+05 0.506074E+05 0.578686E+08
   195.53000  0.591306E+01 0.220060E+05 0.473974E+05 0.542016E+08
   195.54000  0.554980E+01 0.206551E+05 0.444849E+05 0.508744E+08
   195.55000  0.521919E+01 0.194257E+05 0.418342E+05 0.478463E+08
   195.56000  0.491744E+01 0.183036E+05 0.394150E+05 0.450824E+08
   195.57000  0.464127E+01 0.172766E+05 0.372008E+05 0.425528E+08
   195.58000  0.438788E+01 0.163342E+05 0.351693E+05 0.402317E+08
   195.59000  0.415481E+01 0.154674E+05 0.333007E+05 0.380967E+08
   195.60000  0.393995E+01 0.146683E+05 0.315781E+05 0.361285E+08
   195.61000  0.374145E+01 0.139300E+05 0.299867E+05 0.343101E+08
   195.62000  0.355768E+01 0.132465E+05 0.285134E+05 0.326266E+08
   195.63000  0.338722E+01 0.126125E+05 0.271468E+05 0.310650E+08
   195.64000  0.322881E+01 0.120233E+05 0.258769E+05 0.296137E+08
   195.65000  0.308135E+01 0.114748E+05 0.246947E+05 0.282627E+08
   195.66000  0.294384E+01 0.109633E+05 0.235923E+05 0.270028E+08
   195.67000  0.281540E+01 0.104855E+05 0.225626E+05 0.258261E+08
   195.68000  0.269526E+01 0.100386E+05 0.215995E+05 0.247253E+08
   195.69000  0.258271E+01 0.961993E+04 0.206972E+05 0.236941E+08
   195.70000  0.247712E+01 0.922714E+04 0.198508E+05 0.227266E+08
   195.71000  0.237794E+01 0.885816E+04 0.190557E+05 0.218178E+08
   195.72000  0.228465E+01 0.851109E+04 0.183078E+05 0.209629E+08
   195.73000  0.219679E+01 0.818422E+04 0.176035E+05 0.201578E+08
   195.74000  0.211395E+01 0.787602E+04 0.169394E+05 0.193987E+08
   195.75000  0.203576E+01 0.758509E+04 0.163126E+05 0.186821E+08
   195.76000  0.196186E+01 0.731015E+04 0.157202E+05 0.180050E+08
   195.77000  0.189196E+01 0.705006E+04 0.151599E+05 0.173643E+08
   195.78000  0.182577E+01 0.680376E+04 0.146292E+05 0.167577E+08
   195.79000  0.176302E+01 0.657029E+04 0.141263E+05 0.161826E+08
   195.80000  0.170349E+01 0.634877E+04 0.136491E+05 0.156370E+08
   195.81000  0.164696E+01 0.613840E+04 0.131959E+05 0.151189E+08
   195.82000  0.159322E+01 0.593844E+04 0.127652E+05 0.146264E+08
   195.83000  0.154210E+01 0.574821E+04 0.123554E+05 0.141578E+08
   195.84000  0.149343E+01 0.556709E+04 0.119653E+05 0.137117E+08
   195.85000  0.144706E+01 0.539450E+04 0.115935E+05 0.132866E+08
   195.86000  0.140283E+01 0.522992E+04 0.112391E+05 0.128812E+08
   195.87000  0.136063E+01 0.507285E+04 0.109008E+05 0.124944E+08
   195.88000  0.132033E+01 0.492285E+04 0.105777E+05 0.121249E+08
   195.89000  0.128181E+01 0.477950E+04 0.102690E+05 0.117718E+08
   195.90000  0.124498E+01 0.464240E+04 0.997377E+04 0.114342E+08
   195.91000  0.120973E+01 0.451120E+04 0.969124E+04 0.111110E+08
   195.92000  0.117598E+01 0.438556E+04 0.942069E+04 0.108016E+08
   195.93000  0.114363E+01 0.426518E+04 0.916146E+04 0.105050E+08
   195.94000  0.111263E+01 0.414975E+04 0.891293E+04 0.102208E+08
   195.95000  0.108288E+01 0.403902E+04 0.867450E+04 0.994801E+07
   195.96000  0.105433E+01 0.393273E+04 0.844564E+04 0.968621E+07
   195.97000  0.102690E+01 0.383064E+04 0.822585E+04 0.943477E+07
   195.98000  0.100055E+01 0.373254E+04 0.801464E+04 0.919314E+07
   195.99000  0.975215E+00 0.363822E+04 0.781157E+04 0.896083E+07
   196.00000  0.950843E+00 0.354748E+04 0.761624E+04 0.873734E+07
   196.01000  0.927387E+00 0.346016E+04 0.742824E+04 0.852225E+07
   196.02000  0.904802E+00 0.337607E+04 0.724723E+04 0.831514E+07
   196.03000  0.883044E+00 0.329506E+04 0.707284E+04 0.811561E+07
   196.04000  0.862073E+00 0.321698E+04 0.690477E+04 0.792330E+07
   196.05000  0.841853E+00 0.314169E+04 0.674271E+04 0.773785E+07
   196.06000  0.822346E+00 0.306906E+04 0.658638E+04 0.755896E+07
   196.07000  0.803521E+00 0.299896E+04 0.643550E+04 0.738631E+07
   196.08000  0.785345E+00 0.293128E+04 0.628984E+04 0.721961E+07
   196.09000  0.767789E+00 0.286590E+04 0.614914E+04 0.705859E+07
   196.10000  0.750825E+00 0.280273E+04 0.601318E+04 0.690299E+07
   196.11000  0.734427E+00 0.274166E+04 0.588176E+04 0.675258E+07
   196.12000  0.718569E+00 0.268261E+04 0.575467E+04 0.660713E+07
   196.13000  0.703228E+00 0.262547E+04 0.563173E+04 0.646641E+07
   196.14000  0.688381E+00 0.257018E+04 0.551275E+04 0.633022E+07
   196.15000  0.674009E+00 0.251665E+04 0.539757E+04 0.619838E+07
   196.16000  0.660089E+00 0.246481E+04 0.528602E+04 0.607069E+07
   196.17000  0.646604E+00 0.241458E+04 0.517795E+04 0.594698E+07
   196.18000  0.633536E+00 0.236591E+04 0.507322E+04 0.582710E+07
   196.19000  0.620867E+00 0.231872E+04 0.497170E+04 0.571087E+07
   196.20000  0.608582E+00 0.227296E+04 0.487325E+04 0.559816E+07
   196.21000  0.596664E+00 0.222857E+04 0.477774E+04 0.548882E+07
   196.22000  0.585100E+00 0.218549E+04 0.468507E+04 0.538272E+07
   196.23000  0.573875E+00 0.214368E+04 0.459512E+04 0.527974E+07
   198.00000  0.946545E-01 0.301302E+03 0.592747E+03 0.719393E+06
   202.00000  0.208942E-01 0.676960E+02 0.129431E+03 0.161574E+06
   206.00000  0.104606E-01 0.345006E+02 0.640830E+02 0.823151E+05
   210.00000  0.696575E-02 0.233902E+02 0.421909E+02 0.557865E+05
   214.00000  0.536309E-02 0.183373E+02 0.321080E+02 0.437191E+05
   218.00000  0.450538E-02 0.156880E+02 0.266536E+02 0.373889E+05
   222.00000  0.400931E-02 0.142194E+02 0.234312E+02 0.338763E+05
   226.00000  0.371526E-02 0.134228E+02 0.214430E+02 0.319664E+05
   230.00000  0.354655E-02 0.130547E+02 0.202088E+02 0.310780E+05
   234.00000  0.346248E-02 0.129873E+02 0.194723E+02 0.309058E+05
   238.00000  0.343982E-02 0.131494E+02 0.190862E+02 0.312795E+05
   242.00000  0.346465E-02 0.135001E+02 0.189602E+02 0.321013E+05
   246.00000  0.352833E-02 0.140160E+02 0.190369E+02 0.333149E+05
   250.00000  0.362539E-02 0.146844E+02 0.192781E+02 0.348900E+05
   254.00000  0.375238E-02 0.154999E+02 0.196575E+02 0.368130E+05
   258.00000  0.390718E-02 0.164619E+02 0.201567E+02 0.390822E+05
   262.00000  0.408859E-02 0.175735E+02 0.207626E+02 0.417045E+05
   266.00000  0.429604E-02 0.188409E+02 0.214652E+02 0.446940E+05
   270.00000  0.452948E-02 0.202724E+02 0.222574E+02 0.480701E+05
   274.00000  0.478918E-02 0.218788E+02 0.231333E+02 0.518578E+05
   282.00000  0.538999E-02 0.256687E+02 0.251187E+02 0.607903E+05
   290.00000  0.610574E-02 0.303355E+02 0.273920E+02 0.717816E+05
   298.00000  0.694641E-02 0.360349E+02 0.299276E+02 0.851949E+05
   306.00000  0.792400E-02 0.429563E+02 0.326983E+02 0.101471E+06
   314.00000  0.905216E-02 0.513265E+02 0.356717E+02 0.121135E+06
   322.00000  0.103459E-01 0.614141E+02 0.388072E+02 0.144814E+06
   330.00000  0.118214E-01 0.735361E+02 0.420535E+02 0.173240E+06
   338.00000  0.134953E-01 0.880628E+02 0.453459E+02 0.207273E+06
   346.00000  0.153848E-01 0.105425E+03 0.486043E+02 0.247907E+06
   354.00000  0.175065E-01 0.126118E+03 0.517314E+02 0.296289E+06
   362.00000  0.198763E-01 0.150713E+03 0.546124E+02 0.353733E+06
   370.00000  0.225080E-01 0.179858E+03 0.571144E+02 0.421732E+06
   378.00000  0.254125E-01 0.214282E+03 0.590879E+02 0.501959E+06
   386.00000  0.285961E-01 0.254793E+03 0.603694E+02 0.596267E+06
   394.00000  0.320586E-01 0.302273E+03 0.607877E+02 0.706673E+06
   402.00000  0.357914E-01 0.357664E+03 0.601727E+02 0.835324E+06
   410.00000  0.397750E-01 0.421945E+03 0.583689E+02 0.984445E+06
   418.00000  0.439766E-01 0.496097E+03 0.552537E+02 0.115625E+07
   426.00000  0.483469E-01 0.581045E+03 0.507601E+02 0.135283E+07
   434.00000  0.528176E-01 0.677589E+03 0.449063E+02 0.157594E+07
   442.00000  0.572999E-01 0.786310E+03 0.378290E+02 0.182685E+07
   450.00000  0.616839E-01 0.907469E+03 0.298190E+02 0.210606E+07
   458.00000  0.658399E-01 0.104089E+04 0.213551E+02 0.241308E+07
   466.00000  0.696222E-01 0.118587E+04 0.131303E+02 0.274613E+07
   474.00000  0.728754E-01 0.134104E+04 0.606351E+01 0.310200E+07
   482.00000  0.754444E-01 0.150437E+04 0.129009E+01 0.347588E+07
   490.00000  0.771867E-01 0.167316E+04 0.125200E+00 0.386148E+07
   498.00000  0.779855E-01 0.184417E+04 0.399835E+01 0.425126E+07
   506.00000  0.777627E-01 0.201378E+04 0.143635E+02 0.463686E+07
   514.00000  0.764879E-01 0.217823E+04 0.325953E+02 0.500965E+07
   522.00000  0.741834E-01 0.233393E+04 0.598857E+02 0.536137E+07
   530.00000  0.709232E-01 0.247767E+04 0.971573E+02 0.568477E+07
   538.00000  0.668265E-01 0.260691E+04 0.145008E+03 0.597409E+07
   546.00000  0.620464E-01 0.271988E+04 0.203691E+03 0.622537E+07
   554.00000  0.567568E-01 0.281562E+04 0.273137E+03 0.643658E+07
   562.00000  0.511378E-01 0.289396E+04 0.352994E+03 0.660745E+07
   570.00000  0.453640E-01 0.295539E+04 0.442699E+03 0.673924E+07
   578.00000  0.395952E-01 0.300090E+04 0.541545E+03 0.683437E+07
   586.00000  0.339702E-01 0.303186E+04 0.648747E+03 0.689607E+07
   596.00000  0.273141E-01 0.305250E+04 0.793274E+03 0.693182E+07
   606.00000  0.212327E-01 0.305607E+04 0.948086E+03 0.692863E+07
   616.00000  0.158443E-01 0.304572E+04 0.111181E+04 0.689380E+07
   626.00000  0.112212E-01 0.302431E+04 0.128323E+04 0.683394E+07
   636.00000  0.740000E-02 0.299434E+04 0.146135E+04 0.675482E+07
   646.00000  0.439010E-02 0.295792E+04 0.164530E+04 0.666131E+07
   656.00000  0.218181E-02 0.291680E+04 0.183442E+04 0.655743E+07
   666.00000  0.752551E-03 0.287240E+04 0.202813E+04 0.644639E+07
   676.00000  0.715984E-04 0.282584E+04 0.222599E+04 0.633074E+07
   686.00000  0.103657E-03 0.277797E+04 0.242762E+04 0.621246E+07
   696.00000  0.811309E-03 0.272946E+04 0.263272E+04 0.609304E+07
   706.00000  0.215668E-02 0.268082E+04 0.284101E+04 0.597362E+07
   716.00000  0.410250E-02 0.263241E+04 0.305226E+04 0.585502E+07
   726.00000  0.661281E-02 0.258451E+04 0.326628E+04 0.573787E+07
   736.00000  0.965324E-02 0.253732E+04 0.348287E+04 0.562259E+07
   746.00000  0.131912E-01 0.249096E+04 0.370185E+04 0.550945E+07
   756.00000  0.171960E-01 0.244551E+04 0.392303E+04 0.539863E+07
   766.00000  0.216384E-01 0.240102E+04 0.414623E+04 0.529022E+07
   776.00000  0.264910E-01 0.235750E+04 0.437128E+04 0.518426E+07
   786.00000  0.317281E-01 0.231496E+04 0.459800E+04 0.508074E+07
   796.00000  0.373250E-01 0.227340E+04 0.482621E+04 0.497964E+07
   806.00000  0.432584E-01 0.223278E+04 0.505572E+04 0.488091E+07
   816.00000  0.495063E-01 0.219308E+04 0.528637E+04 0.478446E+07
   826.00000  0.560474E-01 0.215427E+04 0.551794E+04 0.469022E+07
   836.00000  0.628615E-01 0.211631E+04 0.575027E+04 0.459811E+07
   846.00000  0.699293E-01 0.207918E+04 0.598317E+04 0.450806E+07
   856.00000  0.772325E-01 0.204283E+04 0.621647E+04 0.441998E+07
   866.00000  0.847532E-01 0.200724E+04 0.645000E+04 0.433380E+07
   876.00000  0.924744E-01 0.197239E+04 0.668358E+04 0.424946E+07
   886.00000  0.100380E+00 0.193823E+04 0.691704E+04 0.416688E+07
   896.00000  0.108453E+00 0.190474E+04 0.715021E+04 0.408599E+07
   906.00000  0.116679E+00 0.187189E+04 0.738293E+04 0.400672E+07
   916.00000  0.125044E+00 0.183967E+04 0.761504E+04 0.392903E+07
   926.00000  0.133533E+00 0.180804E+04 0.784639E+04 0.385286E+07
   936.00000  0.142132E+00 0.177699E+04 0.807685E+04 0.377816E+07
   946.00000  0.150829E+00 0.174649E+04 0.830625E+04 0.370488E+07
   956.00000  0.159610E+00 0.171653E+04 0.853446E+04 0.363297E+07
   966.00000  0.168464E+00 0.168709E+04 0.876133E+04 0.356240E+07
   976.00000  0.177377E+00 0.165815E+04 0.898671E+04 0.349310E+07
   986.00000  0.186340E+00 0.162969E+04 0.921048E+04 0.342506E+07
   996.00000  0.195339E+00 0.160170E+04 0.943252E+04 0.335823E+07
  1006.00000  0.204366E+00 0.157417E+04 0.965269E+04 0.329259E+07
  1016.00000  0.213409E+00 0.154708E+04 0.987089E+04 0.322809E+07
  1026.00000  0.222458E+00 0.152042E+04 0.100870E+05 0.316472E+07
  1036.00000  0.231503E+00 0.149418E+04 0.103009E+05 0.310243E+07
  1046.00000  0.240536E+00 0.146835E+04 0.105124E+05 0.304121E+07
  1056.00000  0.249546E+00 0.144291E+04 0.107216E+05 0.298103E+07
  1066.00000  0.258526E+00 0.141786E+04 0.109282E+05 0.292187E+07
  1076.00000  0.267467E+00 0.139320E+04 0.111322E+05 0.286371E+07
  1086.00000  0.276362E+00 0.136891E+04 0.113335E+05 0.280653E+07
  1096.00000  0.285202E+00 0.134498E+04 0.115321E+05 0.275032E+07
  1106.00000  0.293981E+00 0.132142E+04 0.117278E+05 0.269504E+07
  1116.00000  0.302691E+00 0.129821E+04 0.119206E+05 0.264069E+07
  1126.00000  0.311327E+00 0.127534E+04 0.121104E+05 0.258726E+07
  1136.00000  0.319880E+00 0.125282E+04 0.122971E+05 0.253472E+07
  1146.00000  0.328347E+00 0.123063E+04 0.124807E+05 0.248306E+07
  1156.00000  0.336720E+00 0.120877E+04 0.126612E+05 0.243227E+07
  1166.00000  0.344995E+00 0.118724E+04 0.128384E+05 0.238233E+07
  1176.00000  0.353166E+00 0.116603E+04 0.130124E+05 0.233324E+07
  1186.00000  0.361229E+00 0.114513E+04 0.131831E+05 0.228497E+07
  1196.00000  0.369178E+00 0.112455E+04 0.133505E+05 0.223753E+07
  1206.00000  0.377010E+00 0.110427E+04 0.135144E+05 0.219088E+07
  1216.00000  0.384719E+00 0.108430E+04 0.136750E+05 0.214503E+07
  1226.00000  0.392303E+00 0.106462E+04 0.138321E+05 0.209995E+07
  1236.00000  0.399756E+00 0.104524E+04 0.139856E+05 0.205565E+07
  1246.00000  0.407076E+00 0.102615E+04 0.141357E+05 0.201210E+07
  1256.00000  0.414260E+00 0.100734E+04 0.142823E+05 0.196930E+07
  1266.00000  0.421304E+00 0.988822E+03 0.144253E+05 0.192724E+07
  1276.00000  0.428206E+00 0.970578E+03 0.145647E+05 0.188590E+07
  1286.00000  0.434962E+00 0.952609E+03 0.147005E+05 0.184528E+07
  1296.00000  0.441570E+00 0.934911E+03 0.148328E+05 0.180536E+07
  1306.00000  0.448028E+00 0.917480E+03 0.149614E+05 0.176614E+07
  1316.00000  0.454334E+00 0.900315E+03 0.150863E+05 0.172760E+07
  1326.00000  0.460485E+00 0.883412E+03 0.152077E+05 0.168974E+07
  1336.00000  0.466482E+00 0.866767E+03 0.153254E+05 0.165255E+07
  1346.00000  0.472321E+00 0.850379E+03 0.154396E+05 0.161602E+07
  1356.00000  0.478002E+00 0.834243E+03 0.155501E+05 0.158014E+07
  1366.00000  0.483523E+00 0.818357E+03 0.156570E+05 0.154491E+07
  1376.00000  0.488884E+00 0.802717E+03 0.157603E+05 0.151030E+07
  1386.00000  0.494083E+00 0.787321E+03 0.158600E+05 0.147632E+07
  1396.00000  0.499121E+00 0.772167E+03 0.159561E+05 0.144295E+07
  1406.00000  0.503995E+00 0.757250E+03 0.160486E+05 0.141020E+07
  1416.00000  0.508707E+00 0.742569E+03 0.161377E+05 0.137804E+07
  1426.00000  0.513255E+00 0.728120E+03 0.162232E+05 0.134648E+07
  1436.00000  0.517641E+00 0.713902E+03 0.163051E+05 0.131549E+07
  1446.00000  0.521863E+00 0.699911E+03 0.163836E+05 0.128509E+07
  1456.00000  0.525922E+00 0.686144E+03 0.164587E+05 0.125525E+07
  1466.00000  0.529817E+00 0.672599E+03 0.165302E+05 0.122597E+07
  1476.00000  0.533549E+00 0.659271E+03 0.165984E+05 0.119724E+07
  1486.00000  0.537119E+00 0.646160E+03 0.166631E+05 0.116905E+07
  1496.00000  0.540526E+00 0.633262E+03 0.167245E+05 0.114140E+07
  1506.00000  0.543772E+00 0.620575E+03 0.167825E+05 0.111428E+07
  1516.00000  0.546856E+00 0.608095E+03 0.168371E+05 0.108767E+07
  1526.00000  0.549780E+00 0.595821E+03 0.168885E+05 0.106158E+07
  1536.00000  0.552545E+00 0.583750E+03 0.169366E+05 0.103599E+07
  1546.00000  0.555151E+00 0.571878E+03 0.169815E+05 0.101090E+07
  1556.00000  0.557600E+00 0.560204E+03 0.170231E+05 0.986294E+06
  1566.00000  0.559891E+00 0.548725E+03 0.170616E+05 0.962173E+06
  1576.00000  0.562027E+00 0.537437E+03 0.170969E+05 0.938527E+06
  1586.00000  0.564007E+00 0.526339E+03 0.171290E+05 0.915348E+06
  1596.00000  0.565835E+00 0.515429E+03 0.171581E+05 0.892629E+06
  1606.00000  0.567511E+00 0.504704E+03 0.171841E+05 0.870364E+06
  1616.00000  0.569037E+00 0.494161E+03 0.172072E+05 0.848546E+06
  1626.00000  0.570413E+00 0.483799E+03 0.172272E+05 0.827168E+06
  1636.00000  0.571643E+00 0.473615E+03 0.172443E+05 0.806224E+06
  1646.00000  0.572726E+00 0.463606E+03 0.172585E+05 0.785706E+06
  1656.00000  0.573665E+00 0.453770E+03 0.172698E+05 0.765607E+06
  1666.00000  0.574462E+00 0.444105E+03 0.172783E+05 0.745922E+06
  1676.00000  0.575117E+00 0.434609E+03 0.172840E+05 0.726644E+06
  1686.00000  0.575634E+00 0.425279E+03 0.172870E+05 0.707766E+06
  1696.00000  0.576013E+00 0.416114E+03 0.172872E+05 0.689282E+06
  1706.00000  0.576257E+00 0.407110E+03 0.172848E+05 0.671186E+06
  1716.00000  0.576367E+00 0.398266E+03 0.172797E+05 0.653472E+06
  1726.00000  0.576346E+00 0.389580E+03 0.172721E+05 0.636133E+06
  1736.00000  0.576195E+00 0.381050E+03 0.172619E+05 0.619164E+06
  1746.00000  0.575917E+00 0.372672E+03 0.172492E+05 0.602558E+06
  1756.00000  0.575512E+00 0.364446E+03 0.172341E+05 0.586309E+06
  1766.00000  0.574984E+00 0.356369E+03 0.172165E+05 0.570411E+06
  1776.00000  0.574333E+00 0.348439E+03 0.171965E+05 0.554859E+06
  1786.00000  0.573563E+00 0.340653E+03 0.171742E+05 0.539646E+06
  1796.00000  0.572675E+00 0.333010E+03 0.171495E+05 0.524767E+06
  1806.00000  0.571671E+00 0.325508E+03 0.171226E+05 0.510217E+06
  1816.00000  0.570553E+00 0.318144E+03 0.170935E+05 0.495989E+06
  1826.00000  0.569324E+00 0.310917E+03 0.170622E+05 0.482078E+06
  1836.00000  0.567986E+00 0.303825E+03 0.170287E+05 0.468480E+06
  1846.00000  0.566539E+00 0.296865E+03 0.169932E+05 0.455187E+06
  1856.00000  0.564987E+00 0.290036E+03 0.169555E+05 0.442195E+06
  1866.00000  0.563332E+00 0.283336E+03 0.169159E+05 0.429499E+06
  1876.00000  0.561576E+00 0.276763E+03 0.168742E+05 0.417093E+06
  1886.00000  0.559720E+00 0.270315E+03 0.168306E+05 0.404972E+06
  1896.00000  0.557767E+00 0.263989E+03 0.167851E+05 0.393132E+06
  1906.00000  0.555719E+00 0.257785E+03 0.167377E+05 0.381567E+06
  1916.00000  0.553579E+00 0.251701E+03 0.166885E+05 0.370272E+06
  1926.00000  0.551348E+00 0.245734E+03 0.166375E+05 0.359243E+06
  1936.00000  0.549029E+00 0.239883E+03 0.165848E+05 0.348474E+06
  1946.00000  0.546623E+00 0.234147E+03 0.165303E+05 0.337961E+06
  1956.00000  0.544133E+00 0.228522E+03 0.164742E+05 0.327700E+06
  1966.00000  0.541562E+00 0.223009E+03 0.164165E+05 0.317685E+06
  1976.00000  0.538910E+00 0.217604E+03 0.163571E+05 0.307913E+06
  1986.00000  0.536180E+00 0.212306E+03 0.162962E+05 0.298378E+06
  1996.00000  0.533375E+00 0.207115E+03 0.162338E+05 0.289076E+06
  2006.00000  0.530496E+00 0.202027E+03 0.161699E+05 0.280003E+06
  2016.00000  0.527545E+00 0.197041E+03 0.161046E+05 0.271154E+06
  2026.00000  0.524525E+00 0.192156E+03 0.160379E+05 0.262525E+06
  2036.00000  0.521437E+00 0.187370E+03 0.159698E+05 0.254113E+06
  2046.00000  0.518285E+00 0.182682E+03 0.159004E+05 0.245912E+06
  2056.00000  0.515069E+00 0.178089E+03 0.158298E+05 0.237919E+06
  2066.00000  0.511791E+00 0.173591E+03 0.157578E+05 0.230130E+06
  2076.00000  0.508454E+00 0.169186E+03 0.156847E+05 0.222541E+06
  2086.00000  0.505060E+00 0.164872E+03 0.156103E+05 0.215147E+06
  2096.00000  0.501610E+00 0.160648E+03 0.155348E+05 0.207946E+06
  2106.00000  0.498107E+00 0.156512E+03 0.154582E+05 0.200932E+06
  2116.00000  0.494551E+00 0.152464E+03 0.153805E+05 0.194103E+06
  2126.00000  0.490946E+00 0.148500E+03 0.153018E+05 0.187454E+06
  2136.00000  0.487294E+00 0.144621E+03 0.152221E+05 0.180983E+06
  2146.00000  0.483595E+00 0.140824E+03 0.151413E+05 0.174685E+06
  2156.00000  0.479852E+00 0.137108E+03 0.150597E+05 0.168557E+06
  2166.00000  0.476067E+00 0.133472E+03 0.149771E+05 0.162595E+06
  2176.00000  0.472241E+00 0.129915E+03 0.148936E+05 0.156797E+06
  2186.00000  0.468376E+00 0.126435E+03 0.148093E+05 0.151158E+06
  2196.00000  0.464474E+00 0.123031E+03 0.147242E+05 0.145675E+06
  2206.00000  0.460537E+00 0.119701E+03 0.146382E+05 0.140346E+06
  2216.00000  0.456567E+00 0.116444E+03 0.145515E+05 0.135166E+06
  2226.00000  0.452564E+00 0.113259E+03 0.144641E+05 0.130133E+06
  2236.00000  0.448532E+00 0.110145E+03 0.143760E+05 0.125243E+06
  2246.00000  0.444471E+00 0.107100E+03 0.142871E+05 0.120494E+06
  2256.00000  0.440383E+00 0.104124E+03 0.141977E+05 0.115883E+06
  2266.00000  0.436270E+00 0.101215E+03 0.141076E+05 0.111406E+06
  2276.00000  0.432134E+00 0.983711E+02 0.140170E+05 0.107061E+06
  2286.00000  0.427975E+00 0.955923E+02 0.139258E+05 0.102844E+06
  2296.00000  0.423796E+00 0.928769E+02 0.138341E+05 0.987534E+05
  2306.00000  0.419599E+00 0.902239E+02 0.137419E+05 0.947859E+05
  2316.00000  0.415384E+00 0.876322E+02 0.136492E+05 0.909388E+05
  2326.00000  0.411153E+00 0.851006E+02 0.135560E+05 0.872093E+05
  2336.00000  0.406907E+00 0.826280E+02 0.134625E+05 0.835950E+05
  2346.00000  0.402649E+00 0.802133E+02 0.133685E+05 0.800931E+05
  2356.00000  0.398379E+00 0.778556E+02 0.132742E+05 0.767011E+05
  2366.00000  0.394099E+00 0.755536E+02 0.131795E+05 0.734166E+05
  2376.00000  0.389811E+00 0.733065E+02 0.130845E+05 0.702370E+05
  2386.00000  0.385515E+00 0.711132E+02 0.129892E+05 0.671599E+05
  2396.00000  0.381213E+00 0.689726E+02 0.128937E+05 0.641830E+05
  2406.00000  0.376906E+00 0.668838E+02 0.127979E+05 0.613039E+05
  2416.00000  0.372596E+00 0.648457E+02 0.127018E+05 0.585202E+05
  2426.00000  0.368284E+00 0.628575E+02 0.126056E+05 0.558298E+05
  2436.00000  0.363970E+00 0.609181E+02 0.125092E+05 0.532303E+05
  2446.00000  0.359657E+00 0.590266E+02 0.124126E+05 0.507197E+05
  2456.00000  0.355345E+00 0.571821E+02 0.123159E+05 0.482957E+05
  2466.00000  0.351036E+00 0.553837E+02 0.122190E+05 0.459563E+05
  2476.00000  0.346730E+00 0.536305E+02 0.121221E+05 0.436994E+05
  2486.00000  0.342429E+00 0.519215E+02 0.120251E+05 0.415230E+05
  2496.00000  0.338134E+00 0.502560E+02 0.119280E+05 0.394250E+05
  2506.00000  0.333846E+00 0.486330E+02 0.118309E+05 0.374036E+05
  2516.00000  0.329566E+00 0.470517E+02 0.117337E+05 0.354567E+05
  2526.00000  0.325294E+00 0.455113E+02 0.116366E+05 0.335826E+05
  2536.00000  0.321033E+00 0.440110E+02 0.115394E+05 0.317794E+05
  2546.00000  0.316783E+00 0.425499E+02 0.114423E+05 0.300452E+05
  2556.00000  0.312544E+00 0.411272E+02 0.113453E+05 0.283783E+05
  2566.00000  0.308318E+00 0.397422E+02 0.112483E+05 0.267769E+05
  2576.00000  0.304106E+00 0.383940E+02 0.111514E+05 0.252394E+05
  2586.00000  0.299908E+00 0.370820E+02 0.110546E+05 0.237639E+05
  2596.00000  0.295726E+00 0.358054E+02 0.109579E+05 0.223490E+05
  2606.00000  0.291560E+00 0.345634E+02 0.108613E+05 0.209930E+05
  2616.00000  0.287412E+00 0.333553E+02 0.107649E+05 0.196943E+05
  2626.00000  0.283281E+00 0.321805E+02 0.106687E+05 0.184513E+05
  2636.00000  0.279169E+00 0.310381E+02 0.105726E+05 0.172626E+05
  2646.00000  0.275076E+00 0.299276E+02 0.104767E+05 0.161266E+05
  2656.00000  0.271004E+00 0.288482E+02 0.103811E+05 0.150419E+05
  2666.00000  0.266953E+00 0.277992E+02 0.102856E+05 0.140070E+05
  2676.00000  0.262923E+00 0.267801E+02 0.101904E+05 0.130206E+05
  2686.00000  0.258915E+00 0.257901E+02 0.100954E+05 0.120813E+05
  2696.00000  0.254931E+00 0.248287E+02 0.100007E+05 0.111877E+05
  2706.00000  0.250970E+00 0.238951E+02 0.990625E+04 0.103385E+05
  2716.00000  0.247033E+00 0.229888E+02 0.981209E+04 0.953245E+04
  2726.00000  0.243121E+00 0.221092E+02 0.971823E+04 0.876824E+04
  2736.00000  0.239234E+00 0.212557E+02 0.962467E+04 0.804465E+04
  2746.00000  0.235374E+00 0.204277E+02 0.953143E+04 0.736048E+04
  2756.00000  0.231540E+00 0.196247E+02 0.943852E+04 0.671452E+04
  2766.00000  0.227733E+00 0.188459E+02 0.934595E+04 0.610563E+04
  2776.00000  0.223953E+00 0.180910E+02 0.925374E+04 0.553267E+04
  2786.00000  0.220201E+00 0.173593E+02 0.916188E+04 0.499453E+04
  2796.00000  0.216478E+00 0.166504E+02 0.907039E+04 0.449011E+04
  2806.00000  0.212784E+00 0.159636E+02 0.897928E+04 0.401836E+04
  2816.00000  0.209119E+00 0.152986E+02 0.888856E+04 0.357823E+04
  2826.00000  0.205484E+00 0.146546E+02 0.879824E+04 0.316872E+04
  2836.00000  0.201879E+00 0.140314E+02 0.870832E+04 0.278881E+04
  2846.00000  0.198304E+00 0.134283E+02 0.861881E+04 0.243755E+04
  2856.00000  0.194760E+00 0.128449E+02 0.852973E+04 0.211398E+04
  2866.00000  0.191248E+00 0.122807E+02 0.844108E+04 0.181718E+04
  2876.00000  0.187767E+00 0.117352E+02 0.835286E+04 0.154623E+04
  2886.00000  0.184318E+00 0.112081E+02 0.826509E+04 0.130024E+04
  2896.00000  0.180901E+00 0.106988E+02 0.817777E+04 0.107836E+04
  2906.00000  0.177517E+00 0.102068E+02 0.809091E+04 0.879737E+03
  2916.00000  0.174165E+00 0.973191E+01 0.800452E+04 0.703540E+03
  2926.00000  0.170846E+00 0.927351E+01 0.791860E+04 0.548965E+03
  2936.00000  0.167560E+00 0.883124E+01 0.783315E+04 0.415223E+03
  2946.00000  0.164308E+00 0.840469E+01 0.774819E+04 0.301546E+03
  2956.00000  0.161089E+00 0.799346E+01 0.766371E+04 0.207181E+03
  2966.00000  0.157905E+00 0.759715E+01 0.757973E+04 0.131397E+03
  2976.00000  0.154754E+00 0.721538E+01 0.749625E+04 0.734776E+02
  2986.00000  0.151637E+00 0.684777E+01 0.741327E+04 0.327256E+02
  2996.00000  0.148555E+00 0.649395E+01 0.733081E+04 0.846042E+01
  3006.00000  0.145507E+00 0.615355E+01 0.724886E+04 0.184234E-01
  3016.00000  0.142494E+00 0.582622E+01 0.716743E+04 0.675245E+01
  3026.00000  0.139516E+00 0.551161E+01 0.708652E+04 0.280316E+02
  3036.00000  0.136572E+00 0.520937E+01 0.700614E+04 0.632410E+02
  3046.00000  0.133663E+00 0.491918E+01 0.692629E+04 0.111781E+03
  3056.00000  0.130790E+00 0.464068E+01 0.684698E+04 0.173069E+03
  3066.00000  0.127951E+00 0.437357E+01 0.676820E+04 0.246534E+03
  3076.00000  0.125148E+00 0.411753E+01 0.668997E+04 0.331624E+03
  3086.00000  0.122380E+00 0.387224E+01 0.661228E+04 0.427799E+03
  3096.00000  0.119647E+00 0.363741E+01 0.653513E+04 0.534533E+03
  3106.00000  0.116949E+00 0.341272E+01 0.645854E+04 0.651315E+03
  3116.00000  0.114287E+00 0.319790E+01 0.638250E+04 0.777648E+03
  3126.00000  0.111660E+00 0.299266E+01 0.630702E+04 0.913048E+03
  3136.00000  0.109068E+00 0.279671E+01 0.623210E+04 0.105704E+04
  3146.00000  0.106511E+00 0.260978E+01 0.615773E+04 0.120918E+04
  3156.00000  0.103990E+00 0.243160E+01 0.608393E+04 0.136900E+04
  3166.00000  0.101504E+00 0.226192E+01 0.601069E+04 0.153609E+04
  3176.00000  0.990531E-01 0.210046E+01 0.593801E+04 0.171002E+04
  3186.00000  0.966374E-01 0.194699E+01 0.586591E+04 0.189038E+04
  3196.00000  0.942566E-01 0.180125E+01 0.579437E+04 0.207677E+04
  3206.00000  0.919109E-01 0.166301E+01 0.572339E+04 0.226881E+04
  3216.00000  0.896000E-01 0.153202E+01 0.565299E+04 0.246612E+04
  3226.00000  0.873240E-01 0.140806E+01 0.558316E+04 0.266835E+04
  3236.00000  0.850827E-01 0.129090E+01 0.551390E+04 0.287513E+04
  3246.00000  0.828760E-01 0.118032E+01 0.544521E+04 0.308614E+04
  3256.00000  0.807038E-01 0.107611E+01 0.537709E+04 0.330102E+04
  3266.00000  0.785660E-01 0.978048E+00 0.530954E+04 0.351947E+04
  3276.00000  0.764625E-01 0.885937E+00 0.524256E+04 0.374118E+04
  3286.00000  0.743931E-01 0.799572E+00 0.517616E+04 0.396583E+04
  3296.00000  0.723577E-01 0.718758E+00 0.511033E+04 0.419315E+04
  3306.00000  0.703562E-01 0.643301E+00 0.504508E+04 0.442284E+04
  3316.00000  0.683884E-01 0.573015E+00 0.498039E+04 0.465463E+04
  3326.00000  0.664542E-01 0.507714E+00 0.491628E+04 0.488826E+04
  3336.00000  0.645534E-01 0.447222E+00 0.485273E+04 0.512347E+04
  3346.00000  0.626858E-01 0.391362E+00 0.478976E+04 0.536001E+04
  3356.00000  0.608512E-01 0.339964E+00 0.472736E+04 0.559765E+04
  3366.00000  0.590495E-01 0.292861E+00 0.466552E+04 0.583615E+04
  3376.00000  0.572805E-01 0.249892E+00 0.460425E+04 0.607528E+04
  3386.00000  0.555440E-01 0.210896E+00 0.454355E+04 0.631484E+04
  3396.00000  0.538398E-01 0.175720E+00 0.448342E+04 0.655462E+04
  3406.00000  0.521678E-01 0.144213E+00 0.442385E+04 0.679442E+04
  3416.00000  0.505276E-01 0.116227E+00 0.436484E+04 0.703403E+04
  3426.00000  0.489191E-01 0.916191E-01 0.430639E+04 0.727329E+04
  3436.00000  0.473421E-01 0.702495E-01 0.424851E+04 0.751200E+04
  3446.00000  0.457964E-01 0.519817E-01 0.419118E+04 0.775000E+04
  3456.00000  0.442818E-01 0.366831E-01 0.413442E+04 0.798712E+04
  3466.00000  0.427980E-01 0.242242E-01 0.407820E+04 0.822320E+04
  3476.00000  0.413448E-01 0.144792E-01 0.402255E+04 0.845809E+04
  3486.00000  0.399219E-01 0.732539E-02 0.396744E+04 0.869164E+04
  3496.00000  0.385292E-01 0.264332E-02 0.391289E+04 0.892371E+04
  3506.00000  0.371664E-01 0.316816E-03 0.385888E+04 0.915417E+04
  3516.00000  0.358332E-01 0.232802E-03 0.380542E+04 0.938289E+04
  3526.00000  0.345294E-01 0.228128E-02 0.375250E+04 0.960974E+04
  3536.00000  0.332548E-01 0.635529E-02 0.370013E+04 0.983461E+04
  3546.00000  0.320092E-01 0.123508E-01 0.364829E+04 0.100574E+05
  3556.00000  0.307921E-01 0.201667E-01 0.359699E+04 0.102780E+05
  3566.00000  0.296035E-01 0.297048E-01 0.354623E+04 0.104962E+05
  3576.00000  0.284431E-01 0.408696E-01 0.349600E+04 0.107121E+05
  3586.00000  0.273105E-01 0.535683E-01 0.344630E+04 0.109254E+05
  3596.00000  0.262056E-01 0.677111E-01 0.339713E+04 0.111362E+05
  3606.00000  0.251280E-01 0.832105E-01 0.334848E+04 0.113443E+05
  3616.00000  0.240775E-01 0.999817E-01 0.330036E+04 0.115497E+05
  3626.00000  0.230539E-01 0.117943E+00 0.325276E+04 0.117523E+05
  3636.00000  0.220568E-01 0.137013E+00 0.320567E+04 0.119519E+05
  3646.00000  0.210861E-01 0.157116E+00 0.315910E+04 0.121486E+05
  3656.00000  0.201413E-01 0.178177E+00 0.311304E+04 0.123423E+05
  3666.00000  0.192223E-01 0.200123E+00 0.306748E+04 0.125329E+05
  3676.00000  0.183288E-01 0.222883E+00 0.302244E+04 0.127203E+05
  3686.00000  0.174605E-01 0.246390E+00 0.297789E+04 0.129046E+05
  3696.00000  0.166171E-01 0.270578E+00 0.293384E+04 0.130857E+05
  3706.00000  0.157984E-01 0.295383E+00 0.289030E+04 0.132634E+05
  3716.00000  0.150040E-01 0.320743E+00 0.284724E+04 0.134379E+05
  3726.00000  0.142338E-01 0.346600E+00 0.280468E+04 0.136089E+05
  3736.00000  0.134874E-01 0.372894E+00 0.276260E+04 0.137766E+05
  3746.00000  0.127645E-01 0.399572E+00 0.272101E+04 0.139409E+05
  3756.00000  0.120649E-01 0.426580E+00 0.267990E+04 0.141017E+05
  3766.00000  0.113883E-01 0.453865E+00 0.263926E+04 0.142591E+05
  3776.00000  0.107344E-01 0.481378E+00 0.259911E+04 0.144129E+05
  3786.00000  0.101029E-01 0.509072E+00 0.255942E+04 0.145632E+05
  3796.00000  0.949359E-02 0.536899E+00 0.252020E+04 0.147100E+05
  3806.00000  0.890613E-02 0.564815E+00 0.248145E+04 0.148532E+05
  3816.00000  0.834028E-02 0.592778E+00 0.244316E+04 0.149929E+05
  3826.00000  0.779574E-02 0.620746E+00 0.240532E+04 0.151290E+05
  3836.00000  0.727223E-02 0.648680E+00 0.236795E+04 0.152615E+05
  3846.00000  0.676949E-02 0.676542E+00 0.233102E+04 0.153904E+05
  3856.00000  0.628724E-02 0.704295E+00 0.229454E+04 0.155157E+05
  3866.00000  0.582519E-02 0.731906E+00 0.225851E+04 0.156375E+05
  3876.00000  0.538307E-02 0.759340E+00 0.222292E+04 0.157556E+05
  3886.00000  0.496062E-02 0.786565E+00 0.218777E+04 0.158701E+05
  3896.00000  0.455754E-02 0.813552E+00 0.215305E+04 0.159811E+05
  3906.00000  0.417358E-02 0.840270E+00 0.211876E+04 0.160885E+05
  3916.00000  0.380845E-02 0.866693E+00 0.208491E+04 0.161923E+05
  3926.00000  0.346189E-02 0.892794E+00 0.205147E+04 0.162926E+05
  3936.00000  0.313362E-02 0.918547E+00 0.201846E+04 0.163893E+05
  3946.00000  0.282338E-02 0.943929E+00 0.198587E+04 0.164824E+05
  3956.00000  0.253089E-02 0.968916E+00 0.195369E+04 0.165721E+05
  3966.00000  0.225589E-02 0.993488E+00 0.192192E+04 0.166582E+05
  3976.00000  0.199812E-02 0.101762E+01 0.189056E+04 0.167409E+05
  3986.00000  0.175730E-02 0.104131E+01 0.185960E+04 0.168201E+05
  3996.00000  0.153318E-02 0.106451E+01 0.182905E+04 0.168958E+05
  4006.00000  0.132549E-02 0.108723E+01 0.179889E+04 0.169681E+05
  4016.00000  0.113397E-02 0.110944E+01 0.176912E+04 0.170370E+05
  4026.00000  0.958368E-03 0.113113E+01 0.173975E+04 0.171025E+05
  4036.00000  0.798420E-03 0.115229E+01 0.171076E+04 0.171646E+05
  4046.00000  0.653870E-03 0.117289E+01 0.168215E+04 0.172235E+05
  4056.00000  0.524465E-03 0.119294E+01 0.165393E+04 0.172790E+05
  4066.00000  0.409951E-03 0.121241E+01 0.162608E+04 0.173312E+05
  4076.00000  0.310078E-03 0.123130E+01 0.159860E+04 0.173802E+05
  4086.00000  0.224597E-03 0.124960E+01 0.157150E+04 0.174260E+05
  4096.00000  0.153259E-03 0.126730E+01 0.154476E+04 0.174686E+05
  4106.00000  0.958178E-04 0.128440E+01 0.151838E+04 0.175080E+05
  4116.00000  0.520305E-04 0.130087E+01 0.149236E+04 0.175443E+05
  4126.00000  0.216543E-04 0.131673E+01 0.146669E+04 0.175775E+05
  4136.00000  0.444892E-05 0.133196E+01 0.144138E+04 0.176076E+05
  4146.00000  0.175834E-06 0.134656E+01 0.141642E+04 0.176347E+05
  4156.00000  0.859850E-05 0.136052E+01 0.139180E+04 0.176588E+05
  4166.00000  0.294823E-04 0.137385E+01 0.136752E+04 0.176799E+05
  4176.00000  0.625947E-04 0.138653E+01 0.134358E+04 0.176981E+05
  4186.00000  0.107705E-03 0.139857E+01 0.131998E+04 0.177134E+05
  4196.00000  0.164585E-03 0.140996E+01 0.129671E+04 0.177259E+05
  4206.00000  0.233007E-03 0.142071E+01 0.127377E+04 0.177355E+05
  4216.00000  0.312748E-03 0.143081E+01 0.125115E+04 0.177424E+05
  4226.00000  0.403585E-03 0.144027E+01 0.122886E+04 0.177465E+05
  4236.00000  0.505298E-03 0.144908E+01 0.120688E+04 0.177479E+05
  4246.00000  0.617669E-03 0.145725E+01 0.118522E+04 0.177466E+05
  4256.00000  0.740481E-03 0.146477E+01 0.116387E+04 0.177427E+05
  4266.00000  0.873521E-03 0.147166E+01 0.114283E+04 0.177363E+05
  4276.00000  0.101658E-02 0.147791E+01 0.112209E+04 0.177272E+05
  4286.00000  0.116944E-02 0.148352E+01 0.110166E+04 0.177156E+05
  4296.00000  0.133190E-02 0.148851E+01 0.108152E+04 0.177016E+05
  4306.00000  0.150376E-02 0.149287E+01 0.106168E+04 0.176851E+05
  4316.00000  0.168481E-02 0.149660E+01 0.104213E+04 0.176662E+05
  4326.00000  0.187485E-02 0.149973E+01 0.102288E+04 0.176450E+05
  4336.00000  0.207368E-02 0.150224E+01 0.100390E+04 0.176214E+05
  4346.00000  0.228111E-02 0.150414E+01 0.985216E+03 0.175956E+05
  4356.00000  0.249694E-02 0.150545E+01 0.966807E+03 0.175675E+05
  4366.00000  0.272098E-02 0.150616E+01 0.948675E+03 0.175372E+05
  4376.00000  0.295304E-02 0.150629E+01 0.930817E+03 0.175048E+05
  4386.00000  0.319294E-02 0.150583E+01 0.913229E+03 0.174702E+05
  4396.00000  0.344049E-02 0.150481E+01 0.895909E+03 0.174336E+05
  4406.00000  0.369551E-02 0.150322E+01 0.878853E+03 0.173949E+05
  4416.00000  0.395781E-02 0.150107E+01 0.862059E+03 0.173542E+05
  4426.00000  0.422723E-02 0.149837E+01 0.845523E+03 0.173115E+05
  4436.00000  0.450357E-02 0.149514E+01 0.829242E+03 0.172669E+05
  4446.00000  0.478668E-02 0.149137E+01 0.813214E+03 0.172204E+05
  4456.00000  0.507638E-02 0.148707E+01 0.797435E+03 0.171721E+05
  4466.00000  0.537250E-02 0.148226E+01 0.781903E+03 0.171220E+05
  4476.00000  0.567487E-02 0.147695E+01 0.766615E+03 0.170701E+05
  4486.00000  0.598333E-02 0.147114E+01 0.751567E+03 0.170164E+05
  4511.00000  0.678007E-02 0.145451E+01 0.714982E+03 0.168750E+05
  4536.00000  0.761141E-02 0.143498E+01 0.679840E+03 0.167235E+05
  4561.00000  0.847495E-02 0.141272E+01 0.646097E+03 0.165626E+05
  4586.00000  0.936841E-02 0.138788E+01 0.613710E+03 0.163929E+05
  4611.00000  0.102896E-01 0.136064E+01 0.582637E+03 0.162149E+05
  4636.00000  0.112363E-01 0.133115E+01 0.552837E+03 0.160291E+05
  4661.00000  0.122067E-01 0.129959E+01 0.524270E+03 0.158361E+05
  4686.00000  0.131986E-01 0.126613E+01 0.496896E+03 0.156365E+05
  4711.00000  0.142103E-01 0.123093E+01 0.470677E+03 0.154306E+05
  4736.00000  0.152399E-01 0.119418E+01 0.445575E+03 0.152192E+05
  4761.00000  0.162857E-01 0.115603E+01 0.421552E+03 0.150025E+05
  4786.00000  0.173462E-01 0.111666E+01 0.398573E+03 0.147812E+05
  4811.00000  0.184198E-01 0.107623E+01 0.376603E+03 0.145556E+05
  4836.00000  0.195050E-01 0.103492E+01 0.355607E+03 0.143262E+05
  4861.00000  0.206004E-01 0.992872E+00 0.335552E+03 0.140934E+05
  4886.00000  0.217047E-01 0.950259E+00 0.316404E+03 0.138577E+05
  4911.00000  0.228166E-01 0.907234E+00 0.298132E+03 0.136194E+05
  4936.00000  0.239350E-01 0.863950E+00 0.280705E+03 0.133790E+05
  4961.00000  0.250587E-01 0.820553E+00 0.264092E+03 0.131367E+05
  4986.00000  0.261867E-01 0.777189E+00 0.248263E+03 0.128930E+05
  5011.00000  0.273181E-01 0.733999E+00 0.233190E+03 0.126483E+05
  5036.00000  0.284519E-01 0.691116E+00 0.218845E+03 0.124027E+05
  5061.00000  0.295872E-01 0.648672E+00 0.205201E+03 0.121567E+05
  5086.00000  0.307233E-01 0.606791E+00 0.192230E+03 0.119105E+05
  5111.00000  0.318594E-01 0.565595E+00 0.179908E+03 0.116644E+05
  5136.00000  0.329947E-01 0.525198E+00 0.168208E+03 0.114187E+05
  5161.00000  0.341288E-01 0.485710E+00 0.157108E+03 0.111736E+05
  5186.00000  0.352610E-01 0.447236E+00 0.146582E+03 0.109295E+05
  5211.00000  0.363908E-01 0.409875E+00 0.136609E+03 0.106864E+05
  5236.00000  0.375178E-01 0.373720E+00 0.127166E+03 0.104447E+05
  5261.00000  0.386414E-01 0.338860E+00 0.118232E+03 0.102045E+05
  5286.00000  0.397613E-01 0.305376E+00 0.109785E+03 0.996611E+04
  5311.00000  0.408771E-01 0.273346E+00 0.101806E+03 0.972958E+04
  5336.00000  0.419886E-01 0.242841E+00 0.942747E+02 0.949515E+04
  5361.00000  0.430956E-01 0.213928E+00 0.871723E+02 0.926297E+04
  5386.00000  0.441977E-01 0.186666E+00 0.804804E+02 0.903318E+04
  5411.00000  0.452949E-01 0.161112E+00 0.741814E+02 0.880593E+04
  5436.00000  0.463869E-01 0.137315E+00 0.682580E+02 0.858134E+04
  5461.00000  0.474737E-01 0.115318E+00 0.626935E+02 0.835953E+04
  5511.00000  0.496313E-01 0.768833E-01 0.525781E+02 0.792468E+04
  5561.00000  0.517675E-01 0.460616E-01 0.437131E+02 0.750214E+04
  5611.00000  0.538824E-01 0.230300E-01 0.359850E+02 0.709254E+04
  5661.00000  0.559766E-01 0.789062E-02 0.292880E+02 0.669636E+04
  5711.00000  0.580512E-01 0.674526E-03 0.235241E+02 0.631399E+04
  5761.00000  0.601074E-01 0.134605E-02 0.186022E+02 0.594571E+04
  5811.00000  0.621470E-01 0.980692E-02 0.144379E+02 0.559169E+04
  5861.00000  0.641717E-01 0.259007E-01 0.109534E+02 0.525204E+04
  5911.00000  0.661836E-01 0.494175E-01 0.807665E+01 0.492675E+04
  5961.00000  0.681852E-01 0.800982E-01 0.574145E+01 0.461579E+04
  6011.00000  0.701790E-01 0.117639E+00 0.388681E+01 0.431902E+04
  6061.00000  0.721674E-01 0.161698E+00 0.245675E+01 0.403626E+04
  6111.00000  0.741532E-01 0.211895E+00 0.139999E+01 0.376729E+04
  6161.00000  0.761393E-01 0.267821E+00 0.669636E+00 0.351185E+04
  6211.00000  0.781286E-01 0.329040E+00 0.222872E+00 0.326962E+04
  6261.00000  0.801239E-01 0.395095E+00 0.207239E-01 0.304026E+04
  6311.00000  0.821283E-01 0.465508E+00 0.277808E-01 0.282341E+04
  6361.00000  0.841448E-01 0.539789E+00 0.211950E+00 0.261869E+04
  6411.00000  0.861763E-01 0.617439E+00 0.544223E+00 0.242571E+04
  6461.00000  0.882259E-01 0.697949E+00 0.998454E+00 0.224403E+04
  6511.00000  0.902966E-01 0.780809E+00 0.155115E+01 0.207324E+04
  6561.00000  0.923912E-01 0.865509E+00 0.218128E+01 0.191292E+04
  6611.00000  0.945126E-01 0.951542E+00 0.287006E+01 0.176262E+04
  6661.00000  0.966636E-01 0.103841E+01 0.360082E+01 0.162191E+04
  6711.00000  0.988469E-01 0.112561E+01 0.435879E+01 0.149036E+04
  6761.00000  0.101065E+00 0.121267E+01 0.513099E+01 0.136754E+04
  6811.00000  0.103321E+00 0.129912E+01 0.590605E+01 0.125302E+04
  6861.00000  0.105616E+00 0.138451E+01 0.667407E+01 0.114640E+04
  6911.00000  0.107954E+00 0.146840E+01 0.742654E+01 0.104726E+04
  6961.00000  0.110336E+00 0.155037E+01 0.815618E+01 0.955204E+03
  7011.00000  0.112765E+00 0.163004E+01 0.885680E+01 0.869848E+03
  7061.00000  0.115242E+00 0.170703E+01 0.952328E+01 0.790813E+03
  7111.00000  0.117769E+00 0.178098E+01 0.101514E+02 0.717736E+03
  7161.00000  0.120348E+00 0.185158E+01 0.107378E+02 0.650266E+03
  7211.00000  0.122981E+00 0.191853E+01 0.112798E+02 0.588064E+03
  7261.00000  0.125667E+00 0.198153E+01 0.117754E+02 0.530805E+03
  7311.00000  0.128410E+00 0.204036E+01 0.122234E+02 0.478175E+03
  7361.00000  0.131209E+00 0.209478E+01 0.126230E+02 0.429878E+03
  7411.00000  0.134065E+00 0.214459E+01 0.129736E+02 0.385627E+03
  7511.00000  0.139951E+00 0.222976E+01 0.135292E+02 0.308191E+03
  7611.00000  0.146071E+00 0.229482E+01 0.138950E+02 0.243850E+03
  7711.00000  0.152421E+00 0.233915E+01 0.140805E+02 0.190790E+03
  7811.00000  0.158997E+00 0.236251E+01 0.140981E+02 0.147390E+03
  7911.00000  0.165790E+00 0.236505E+01 0.139629E+02 0.112211E+03
  8011.00000  0.172785E+00 0.234728E+01 0.136912E+02 0.839846E+02
  8111.00000  0.179966E+00 0.231003E+01 0.133001E+02 0.615985E+02
  8211.00000  0.187310E+00 0.225441E+01 0.128069E+02 0.440832E+02
  8311.00000  0.194791E+00 0.218181E+01 0.122289E+02 0.305986E+02
  8411.00000  0.202379E+00 0.209381E+01 0.115826E+02 0.204214E+02
  8511.00000  0.210038E+00 0.199219E+01 0.108839E+02 0.129321E+02
  8611.00000  0.217730E+00 0.187887E+01 0.101477E+02 0.760412E+01
  8711.00000  0.225412E+00 0.175587E+01 0.938757E+01 0.399222E+01
  8811.00000  0.233035E+00 0.162528E+01 0.861613E+01 0.172283E+01
  8911.00000  0.240551E+00 0.148922E+01 0.784465E+01 0.484757E+00
  9011.00000  0.247904E+00 0.134981E+01 0.708312E+01 0.208652E-01
  9111.00000  0.255040E+00 0.120915E+01 0.634030E+01 0.120587E+00
  9211.00000  0.261898E+00 0.106927E+01 0.562369E+01 0.613226E+00
  9311.00000  0.268417E+00 0.932080E+00 0.493960E+01 0.136201E+01
  9411.00000  0.274537E+00 0.799426E+00 0.429321E+01 0.225886E+01
  9511.00000  0.280194E+00 0.672990E+00 0.368864E+01 0.321976E+01
  9611.00000  0.285326E+00 0.554313E+00 0.312898E+01 0.418081E+01
  9711.00000  0.289872E+00 0.444766E+00 0.261643E+01 0.509469E+01
  9811.00000  0.293771E+00 0.345542E+00 0.215229E+01 0.592773E+01
  9911.00000  0.296967E+00 0.257649E+00 0.173712E+01 0.665730E+01
 10011.00000  0.299404E+00 0.181901E+00 0.137078E+01 0.726966E+01
 10111.00000  0.301032E+00 0.118919E+00 0.105251E+01 0.775813E+01
 10211.00000  0.301805E+00 0.691304E-01 0.781014E+00 0.812148E+01
 10311.00000  0.301683E+00 0.327684E-01 0.554527E+00 0.836273E+01
 10411.00000  0.300631E+00 0.988089E-02 0.370883E+00 0.848799E+01
 10511.00000  0.298623E+00 0.336347E-03 0.227591E+00 0.850560E+01
 10611.00000  0.295638E+00 0.383302E-02 0.121894E+00 0.842544E+01
 10711.00000  0.291664E+00 0.199101E-01 0.508310E-01 0.825830E+01
 10811.00000  0.286698E+00 0.479604E-01 0.112913E-01 0.801547E+01
 10911.00000  0.280747E+00 0.872440E-01 0.682115E-04 0.770831E+01
 11011.00000  0.273824E+00 0.136903E+00 0.139068E-01 0.734801E+01
 11111.00000  0.265956E+00 0.195978E+00 0.495476E-01 0.694535E+01
 11211.00000  0.257175E+00 0.263422E+00 0.103767E+00 0.651054E+01
 11311.00000  0.247526E+00 0.338121E+00 0.173411E+00 0.605311E+01
 11411.00000  0.237064E+00 0.418906E+00 0.255429E+00 0.558184E+01
 11511.00000  0.225851E+00 0.504572E+00 0.346899E+00 0.510467E+01
 11611.00000  0.213961E+00 0.593896E+00 0.445056E+00 0.462876E+01
 11711.00000  0.201474E+00 0.685646E+00 0.547303E+00 0.416038E+01
 11811.00000  0.188483E+00 0.778606E+00 0.651235E+00 0.370502E+01
 11911.00000  0.175084E+00 0.871583E+00 0.754649E+00 0.326734E+01
 12011.00000  0.161383E+00 0.963420E+00 0.855551E+00 0.285124E+01
 12111.00000  0.147492E+00 0.105301E+01 0.952166E+00 0.245986E+01
 12211.00000  0.133528E+00 0.113932E+01 0.104294E+01 0.209569E+01
 12311.00000  0.119612E+00 0.122136E+01 0.112654E+01 0.176055E+01
 12411.00000  0.105872E+00 0.129826E+01 0.120184E+01 0.145566E+01
 12511.00000  0.924345E-01 0.136921E+01 0.126795E+01 0.118171E+01
 12611.00000  0.794298E-01 0.143349E+01 0.132417E+01 0.938872E+00
 12711.00000  0.669881E-01 0.149050E+01 0.137001E+01 0.726888E+00
 12811.00000  0.552385E-01 0.153973E+01 0.140516E+01 0.545092E+00
 12911.00000  0.443084E-01 0.158077E+01 0.142950E+01 0.392473E+00
 13011.00000  0.343219E-01 0.161331E+01 0.144307E+01 0.267719E+00
 13111.00000  0.253985E-01 0.163717E+01 0.144605E+01 0.169260E+00
 13211.00000  0.176526E-01 0.165224E+01 0.143878E+01 0.953186E-01
 13311.00000  0.111914E-01 0.165852E+01 0.142171E+01 0.439474E-01
 13411.00000  0.611482E-02 0.165612E+01 0.139540E+01 0.130724E-01
 13511.00000  0.251364E-02 0.164523E+01 0.136051E+01 0.530577E-03
 13611.00000  0.469064E-03 0.162611E+01 0.131778E+01 0.410660E-02
 13711.00000  0.516195E-04 0.159912E+01 0.126800E+01 0.215664E-01
 13811.00000  0.132039E-02 0.156469E+01 0.121201E+01 0.506888E-01
 13911.00000  0.432233E-02 0.152330E+01 0.115071E+01 0.892936E-01
 14011.00000  0.909162E-02 0.147550E+01 0.108499E+01 0.135268E+00
 14111.00000  0.156492E-01 0.142189E+01 0.101576E+01 0.186592E+00
 14211.00000  0.240024E-01 0.136310E+01 0.943946E+00 0.241352E+00
 14311.00000  0.341447E-01 0.129980E+01 0.870429E+00 0.297769E+00
 14411.00000  0.460553E-01 0.123267E+01 0.796085E+00 0.354202E+00
 14511.00000  0.596995E-01 0.116243E+01 0.721749E+00 0.409169E+00
 14611.00000  0.750287E-01 0.108978E+01 0.648222E+00 0.461352E+00
 14711.00000  0.919805E-01 0.101543E+01 0.576249E+00 0.509603E+00
 14811.00000  0.110479E+00 0.940096E+00 0.506525E+00 0.552949E+00
 14911.00000  0.130435E+00 0.864455E+00 0.439683E+00 0.590592E+00
 15011.00000  0.151748E+00 0.789171E+00 0.376295E+00 0.621911E+00
 15111.00000  0.174304E+00 0.714881E+00 0.316864E+00 0.646452E+00
 15211.00000  0.197981E+00 0.642186E+00 0.261827E+00 0.663932E+00
 15311.00000  0.222643E+00 0.571648E+00 0.211548E+00 0.674221E+00
 15411.00000  0.248149E+00 0.503784E+00 0.166323E+00 0.677339E+00
 15511.00000  0.274347E+00 0.439068E+00 0.126381E+00 0.673447E+00
 15611.00000  0.301079E+00 0.377919E+00 0.918782E-01 0.662829E+00
 15711.00000  0.328183E+00 0.320703E+00 0.629082E-01 0.645883E+00
 15811.00000  0.355489E+00 0.267736E+00 0.394998E-01 0.623108E+00
 15911.00000  0.382828E+00 0.219274E+00 0.216212E-01 0.595086E+00
 16011.00000  0.410025E+00 0.175518E+00 0.918409E-02 0.562470E+00
 16111.00000  0.436907E+00 0.136615E+00 0.204732E-02 0.525969E+00
 16211.00000  0.463302E+00 0.102653E+00 0.211443E-04 0.486333E+00
 16311.00000  0.489038E+00 0.736698E-01 0.287189E-02 0.444336E+00
 16411.00000  0.513949E+00 0.496492E-01 0.103268E-01 0.400769E+00
 16511.00000  0.537872E+00 0.305255E-01 0.220788E-01 0.356417E+00
 16611.00000  0.560649E+00 0.161861E-01 0.377916E-01 0.312054E+00
 16711.00000  0.582132E+00 0.647442E-02 0.571049E-01 0.268429E+00
 16811.00000  0.602179E+00 0.119326E-02 0.796387E-01 0.226254E+00
 16911.00000  0.620656E+00 0.108766E-03 0.104999E+00 0.186196E+00
 17011.00000  0.637443E+00 0.295420E-02 0.132782E+00 0.148869E+00
 17111.00000  0.652429E+00 0.943420E-02 0.162578E+00 0.114826E+00
 17211.00000  0.665515E+00 0.192290E-01 0.193978E+00 0.845531E-01
 17311.00000  0.676616E+00 0.319987E-01 0.226576E+00 0.584658E-01
 17411.00000  0.685660E+00 0.473880E-01 0.259972E+00 0.369059E-01
 17511.00000  0.692585E+00 0.650301E-01 0.293777E+00 0.201385E-01
 17611.00000  0.697349E+00 0.845515E-01 0.327619E+00 0.835234E-02
 17711.00000  0.699923E+00 0.105576E+00 0.361138E+00 0.165958E-02
 17811.00000  0.700290E+00 0.127728E+00 0.393996E+00 0.973887E-04
 17911.00000  0.698449E+00 0.150638E+00 0.425877E+00 0.363044E-02
 18011.00000  0.694418E+00 0.173945E+00 0.456490E+00 0.121543E-01
 18111.00000  0.688223E+00 0.197301E+00 0.485564E+00 0.254994E-01
 18211.00000  0.679908E+00 0.220373E+00 0.512860E+00 0.434363E-01
 18311.00000  0.669531E+00 0.242847E+00 0.538164E+00 0.656808E-01
 18411.00000  0.657163E+00 0.264429E+00 0.561289E+00 0.919000E-01
 18511.00000  0.642887E+00 0.284848E+00 0.582078E+00 0.121718E+00
 18611.00000  0.626799E+00 0.303861E+00 0.600401E+00 0.154725E+00
 18711.00000  0.609008E+00 0.321249E+00 0.616158E+00 0.190479E+00
 18811.00000  0.589630E+00 0.336821E+00 0.629272E+00 0.228518E+00
 18911.00000  0.568794E+00 0.350417E+00 0.639699E+00 0.268365E+00
 19011.00000  0.546637E+00 0.361906E+00 0.647418E+00 0.309531E+00
 19111.00000  0.523303E+00 0.371186E+00 0.652430E+00 0.351528E+00
 19311.00000  0.473714E+00 0.382859E+00 0.654468E+00 0.436079E+00
 19511.00000  0.421294E+00 0.385210E+00 0.646282E+00 0.518275E+00
 19711.00000  0.367366E+00 0.378453E+00 0.628647E+00 0.594686E+00
 19911.00000  0.313262E+00 0.363203E+00 0.602574E+00 0.662328E+00
 20111.00000  0.260298E+00 0.340423E+00 0.569269E+00 0.718765E+00
 20311.00000  0.209725E+00 0.311354E+00 0.530058E+00 0.762167E+00
 20511.00000  0.162707E+00 0.277450E+00 0.486338E+00 0.791350E+00
 20711.00000  0.120288E+00 0.240297E+00 0.439526E+00 0.805767E+00
 20911.00000  0.833613E-01 0.201544E+00 0.391001E+00 0.805478E+00
 21111.00000  0.526581E-01 0.162826E+00 0.342075E+00 0.791105E+00
 21311.00000  0.287248E-01 0.125697E+00 0.293944E+00 0.763747E+00
 21511.00000  0.119167E-01 0.915727E-01 0.247671E+00 0.724906E+00
 21711.00000  0.239294E-02 0.616798E-01 0.204159E+00 0.676386E+00
 21911.00000  0.117867E-03 0.370150E-01 0.164143E+00 0.620201E+00
 22111.00000  0.486808E-02 0.183182E-01 0.128180E+00 0.558480E+00
 22311.00000  0.162440E-01 0.605575E-02 0.966506E-01 0.493369E+00
 22511.00000  0.336861E-01 0.416578E-03 0.697672E-01 0.426963E+00
 22711.00000  0.564948E-01 0.131812E-02 0.475830E-01 0.361221E+00
 22911.00000  0.838541E-01 0.842338E-02 0.300092E-01 0.297920E+00
 23111.00000  0.114856E+00 0.211665E-01 0.168316E-01 0.238598E+00
 23311.00000  0.148530E+00 0.387856E-01 0.773245E-02 0.184528E+00
 23511.00000  0.183866E+00 0.603615E-01 0.231139E-02 0.136697E+00
 23711.00000  0.219849E+00 0.848604E-01 0.107851E-03 0.958001E-01
 23911.00000  0.255480E+00 0.111178E+00 0.622608E-03 0.622436E-01
 24111.00000  0.289803E+00 0.138186E+00 0.333829E-02 0.361588E-01
 24311.00000  0.321931E+00 0.164772E+00 0.773826E-02 0.174250E-01
 24511.00000  0.351061E+00 0.189884E+00 0.133232E-01 0.569731E-02
 24711.00000  0.376499E+00 0.212566E+00 0.196255E-01 0.440784E-03
 24911.00000  0.397665E+00 0.231987E+00 0.262206E-01 0.966205E-03
 25111.00000  0.414112E+00 0.247469E+00 0.327358E-01 0.646838E-02
 25311.00000  0.425522E+00 0.258502E+00 0.388560E-01 0.160640E-01
 25511.00000  0.431721E+00 0.264760E+00 0.443274E-01 0.288287E-01
 25711.00000  0.432666E+00 0.266098E+00 0.489576E-01 0.438309E-01
 25911.00000  0.428448E+00 0.262560E+00 0.526149E-01 0.601639E-01
 26111.00000  0.419281E+00 0.254360E+00 0.552241E-01 0.769725E-01
 26311.00000  0.405491E+00 0.241873E+00 0.567620E-01 0.934764E-01
 26511.00000  0.387504E+00 0.225616E+00 0.572510E-01 0.108988E+00
 26711.00000  0.365831E+00 0.206220E+00 0.567521E-01 0.122927E+00
 26911.00000  0.341050E+00 0.184411E+00 0.553572E-01 0.134826E+00
         IE==>      4            5            6            7
     1.00000  0.750802E-28 0.149461E-25 0.205493E-25 0.385270E-24
     2.00000  0.866531E-24 0.173632E-21 0.237408E-21 0.448329E-20
     3.00000  0.205773E-21 0.415034E-19 0.564342E-19 0.107344E-17
     4.00000  0.996448E-20 0.202305E-17 0.273560E-17 0.524116E-16
     5.00000  0.201908E-18 0.412639E-16 0.554877E-16 0.107081E-14
     6.00000  0.235794E-17 0.485091E-15 0.648673E-15 0.126092E-13
     7.00000  0.188264E-16 0.389887E-14 0.518457E-14 0.101513E-12
     8.00000  0.113798E-15 0.237243E-13 0.313713E-13 0.618715E-12
     9.00000  0.556146E-15 0.116720E-12 0.153477E-12 0.304898E-11
    10.00000  0.229844E-14 0.485613E-12 0.634957E-12 0.127061E-10
    11.00000  0.829417E-14 0.176418E-11 0.229374E-11 0.462352E-10
    12.00000  0.267596E-13 0.573019E-11 0.740823E-11 0.150420E-09
    13.00000  0.785872E-13 0.169422E-10 0.217797E-10 0.445461E-09
    14.00000  0.213035E-12 0.462386E-10 0.591044E-10 0.121772E-08
    15.00000  0.538996E-12 0.117783E-09 0.149701E-09 0.310687E-08
    16.00000  0.128418E-11 0.282537E-09 0.357058E-09 0.746473E-08
    17.00000  0.290233E-11 0.642916E-09 0.807854E-09 0.170133E-07
    18.00000  0.625991E-11 0.139619E-08 0.174434E-08 0.370058E-07
    19.00000  0.129506E-10 0.290833E-08 0.361273E-08 0.772076E-07
    20.00000  0.258093E-10 0.583597E-08 0.720780E-08 0.155174E-06
    21.00000  0.497290E-10 0.113225E-07 0.139034E-07 0.301530E-06
    22.00000  0.929308E-10 0.213055E-07 0.260112E-07 0.568285E-06
    23.00000  0.168892E-09 0.389899E-07 0.473261E-07 0.104162E-05
    24.00000  0.299220E-09 0.695588E-07 0.839412E-07 0.186117E-05
    25.00000  0.517855E-09 0.121227E-06 0.145442E-06 0.324869E-05
    26.00000  0.877127E-09 0.206771E-06 0.246628E-06 0.554976E-05
    27.00000  0.145634E-08 0.345727E-06 0.409962E-06 0.929376E-05
    28.00000  0.237376E-08 0.567496E-06 0.668996E-06 0.152789E-04
    29.00000  0.380323E-08 0.915676E-06 0.107312E-05 0.246910E-04
    30.00000  0.599676E-08 0.145404E-05 0.169403E-05 0.392681E-04
    31.00000  0.931506E-08 0.227472E-05 0.263452E-05 0.615252E-04
    32.00000  0.142684E-07 0.350918E-05 0.404023E-05 0.950590E-04
    33.00000  0.215704E-07 0.534305E-05 0.611517E-05 0.144956E-03
    34.00000  0.322092E-07 0.803563E-05 0.914223E-05 0.218335E-03
    35.00000  0.475392E-07 0.119457E-04 0.135098E-04 0.325064E-03
    36.00000  0.694005E-07 0.175650E-04 0.197464E-04 0.478695E-03
    37.00000  0.100271E-06 0.255620E-04 0.285647E-04 0.697682E-03
    38.00000  0.143459E-06 0.368380E-04 0.409182E-04 0.100695E-02
    39.00000  0.203352E-06 0.525985E-04 0.580731E-04 0.143989E-02
    40.00000  0.285722E-06 0.744446E-04 0.816976E-04 0.204096E-02
    42.00000  0.550306E-06 0.145497E-03 0.157747E-03 0.400072E-02
    44.00000  0.102821E-05 0.275888E-03 0.295489E-03 0.760835E-02
    46.00000  0.186882E-05 0.508928E-03 0.538444E-03 0.140760E-01
    48.00000  0.331200E-05 0.915507E-03 0.956739E-03 0.253947E-01
    50.00000  0.573539E-05 0.160937E-02 0.166115E-02 0.447699E-01
    52.00000  0.972262E-05 0.276975E-02 0.282348E-02 0.772701E-01
    54.00000  0.161608E-04 0.467439E-02 0.470581E-02 0.130776E+00
    56.00000  0.263774E-04 0.774722E-02 0.770178E-02 0.217358E+00
    58.00000  0.423317E-04 0.126262E-01 0.123944E-01 0.355238E+00
    60.00000  0.668765E-04 0.202590E-01 0.196358E-01 0.571577E+00
    62.00000  0.104117E-03 0.320368E-01 0.306567E-01 0.906371E+00
    64.00000  0.159892E-03 0.499787E-01 0.472150E-01 0.141787E+01
    66.00000  0.242424E-03 0.769857E-01 0.717946E-01 0.219001E+01
    68.00000  0.363175E-03 0.117185E+00 0.107873E+00 0.334263E+01
    70.00000  0.537978E-03 0.176398E+00 0.160272E+00 0.504521E+01
    72.00000  0.788521E-03 0.262763E+00 0.235624E+00 0.753550E+01
    74.00000  0.114427E-02 0.387571E+00 0.342979E+00 0.111443E+02
    76.00000  0.164498E-02 0.566375E+00 0.494593E+00 0.163288E+02
    78.00000  0.234388E-02 0.820450E+00 0.706954E+00 0.237161E+02
    80.00000  0.331183E-02 0.117872E+01 0.100210E+01 0.341612E+02
    82.00000  0.464253E-02 0.168025E+01 0.140930E+01 0.488230E+02
    84.00000  0.645927E-02 0.237758E+01 0.196724E+01 0.692633E+02
    86.00000  0.892331E-02 0.334092E+01 0.272675E+01 0.975763E+02
    88.00000  0.122447E-01 0.466371E+01 0.375434E+01 0.136557E+03
    90.00000  0.166955E-01 0.646971E+01 0.513658E+01 0.189917E+03
    92.00000  0.226271E-01 0.892221E+01 0.698574E+01 0.262567E+03
    94.00000  0.304909E-01 0.122358E+02 0.944680E+01 0.360978E+03
    96.00000  0.408651E-01 0.166913E+02 0.127063E+02 0.493645E+03
    98.00000  0.544873E-01 0.226554E+02 0.170036E+02 0.671684E+03
   100.00000  0.722965E-01 0.306051E+02 0.226445E+02 0.909596E+03
   102.00000  0.954835E-01 0.411594E+02 0.300192E+02 0.122625E+04
   104.00000  0.125555E+00 0.551193E+02 0.396237E+02 0.164611E+04
   106.00000  0.164414E+00 0.735193E+02 0.520876E+02 0.220088E+04
   108.00000  0.214456E+00 0.976928E+02 0.682082E+02 0.293152E+04
   110.00000  0.278697E+00 0.129356E+03 0.889935E+02 0.389082E+04
   112.00000  0.360921E+00 0.170712E+03 0.115716E+03 0.514683E+04
   114.00000  0.465875E+00 0.224590E+03 0.149981E+03 0.678704E+04
   116.00000  0.599507E+00 0.294616E+03 0.193809E+03 0.892387E+04
   118.00000  0.769262E+00 0.385434E+03 0.249745E+03 0.117017E+05
   122.00000  0.125674E+01 0.654900E+03 0.411569E+03 0.199735E+05
   126.00000  0.203453E+01 0.110347E+04 0.672307E+03 0.338061E+05
   130.00000  0.326908E+01 0.184678E+04 0.109036E+04 0.568300E+05
   134.00000  0.522208E+01 0.307511E+04 0.175861E+04 0.950446E+05
   138.00000  0.830759E+01 0.510354E+04 0.282574E+04 0.158423E+06
   142.00000  0.131871E+02 0.845850E+04 0.453208E+04 0.263690E+06
   146.00000  0.209313E+02 0.140304E+05 0.727118E+04 0.439240E+06
   150.00000  0.333039E+02 0.233507E+05 0.116988E+05 0.734067E+06
   154.00000  0.532760E+02 0.391098E+05 0.189322E+05 0.123453E+07
   158.00000  0.860016E+02 0.661681E+05 0.309317E+05 0.209712E+07
   162.00000  0.140762E+03 0.113625E+06 0.512649E+05 0.361562E+07
   166.00000  0.235096E+03 0.199325E+06 0.867453E+05 0.636771E+07
   170.00000  0.404315E+03 0.360472E+06 0.151227E+06 0.115606E+08
   174.00000  0.725787E+03 0.681282E+06 0.275348E+06 0.219333E+08
   178.00000  0.139014E+04 0.137564E+07 0.535271E+06 0.444554E+08
   182.00000  0.295544E+04 0.308733E+07 0.115577E+07 0.100144E+09
   186.00000  0.757869E+04 0.836939E+07 0.301226E+07 0.272480E+09
   190.00000  0.295798E+05 0.345855E+08 0.119587E+08 0.113009E+10
   194.00000  0.757728E+06 0.939519E+09 0.311856E+09 0.308091E+11
   194.22000  0.960422E+06 0.118255E+10 0.392705E+09 0.387879E+11
   194.23000  0.980354E+06 0.120727E+10 0.400873E+09 0.395991E+11
   194.24000  0.100090E+07 0.123276E+10 0.409294E+09 0.404355E+11
   194.25000  0.102209E+07 0.125905E+10 0.417978E+09 0.412981E+11
   194.26000  0.104395E+07 0.128617E+10 0.426937E+09 0.421880E+11
   194.27000  0.106651E+07 0.131416E+10 0.436182E+09 0.431064E+11
   194.28000  0.108980E+07 0.134305E+10 0.445726E+09 0.440545E+11
   194.29000  0.111384E+07 0.137288E+10 0.455581E+09 0.450336E+11
   194.30000  0.113868E+07 0.140371E+10 0.465761E+09 0.460450E+11
   194.31000  0.116435E+07 0.143556E+10 0.476281E+09 0.470903E+11
   194.32000  0.119088E+07 0.146849E+10 0.487155E+09 0.481708E+11
   194.33000  0.121831E+07 0.150254E+10 0.498400E+09 0.492882E+11
   194.34000  0.124669E+07 0.153776E+10 0.510032E+09 0.504442E+11
   194.35000  0.127606E+07 0.157422E+10 0.522070E+09 0.516406E+11
   194.36000  0.130646E+07 0.161197E+10 0.534533E+09 0.528793E+11
   194.37000  0.133794E+07 0.165106E+10 0.547440E+09 0.541622E+11
   194.38000  0.137057E+07 0.169157E+10 0.560813E+09 0.554916E+11
   194.39000  0.140438E+07 0.173356E+10 0.574675E+09 0.568695E+11
   194.40000  0.143944E+07 0.177710E+10 0.589050E+09 0.582986E+11
   194.41000  0.147582E+07 0.182228E+10 0.603962E+09 0.597812E+11
   194.42000  0.151357E+07 0.186917E+10 0.619440E+09 0.613200E+11
   194.43000  0.155277E+07 0.191787E+10 0.635512E+09 0.629181E+11
   194.44000  0.159349E+07 0.196846E+10 0.652208E+09 0.645783E+11
   194.45000  0.163582E+07 0.202104E+10 0.669562E+09 0.663041E+11
   194.46000  0.167983E+07 0.207573E+10 0.687608E+09 0.680987E+11
   194.47000  0.172562E+07 0.213263E+10 0.706384E+09 0.699660E+11
   194.48000  0.177328E+07 0.219186E+10 0.725928E+09 0.719099E+11
   194.49000  0.182292E+07 0.225356E+10 0.746284E+09 0.739347E+11
   194.50000  0.187466E+07 0.231785E+10 0.767497E+09 0.760448E+11
   194.51000  0.192859E+07 0.238490E+10 0.789616E+09 0.782451E+11
   194.52000  0.198486E+07 0.245485E+10 0.812692E+09 0.805408E+11
   194.53000  0.204361E+07 0.252787E+10 0.836781E+09 0.829375E+11
   194.54000  0.210497E+07 0.260416E+10 0.861944E+09 0.854411E+11
   194.55000  0.216910E+07 0.268390E+10 0.888246E+09 0.880581E+11
   194.56000  0.223617E+07 0.276730E+10 0.915755E+09 0.907954E+11
   194.57000  0.230637E+07 0.285460E+10 0.944546E+09 0.936605E+11
   194.58000  0.237989E+07 0.294604E+10 0.974700E+09 0.966614E+11
   194.59000  0.245695E+07 0.304188E+10 0.100630E+10 0.998069E+11
   194.60000  0.253777E+07 0.314241E+10 0.103945E+10 0.103106E+12
   194.61000  0.262260E+07 0.324793E+10 0.107425E+10 0.106570E+12
   194.62000  0.271172E+07 0.335880E+10 0.111080E+10 0.110208E+12
   194.63000  0.280540E+07 0.347536E+10 0.114923E+10 0.114034E+12
   194.64000  0.290398E+07 0.359801E+10 0.118967E+10 0.118059E+12
   194.65000  0.300780E+07 0.372719E+10 0.123225E+10 0.122299E+12
   194.66000  0.311723E+07 0.386337E+10 0.127714E+10 0.126769E+12
   194.67000  0.323268E+07 0.400706E+10 0.132451E+10 0.131485E+12
   194.68000  0.335461E+07 0.415881E+10 0.137453E+10 0.136465E+12
   194.69000  0.348350E+07 0.431925E+10 0.142740E+10 0.141731E+12
   194.70000  0.361991E+07 0.448904E+10 0.148336E+10 0.147304E+12
   194.71000  0.376440E+07 0.466893E+10 0.154265E+10 0.153208E+12
   194.72000  0.391766E+07 0.485973E+10 0.160552E+10 0.159471E+12
   194.73000  0.408038E+07 0.506234E+10 0.167229E+10 0.166121E+12
   194.74000  0.425337E+07 0.527774E+10 0.174326E+10 0.173191E+12
   194.75000  0.443750E+07 0.550704E+10 0.181881E+10 0.180717E+12
   194.76000  0.463376E+07 0.575146E+10 0.189934E+10 0.188739E+12
   194.77000  0.484323E+07 0.601235E+10 0.198529E+10 0.197302E+12
   194.78000  0.506711E+07 0.629122E+10 0.207716E+10 0.206456E+12
   194.79000  0.530677E+07 0.658975E+10 0.217550E+10 0.216254E+12
   194.80000  0.556371E+07 0.690984E+10 0.228094E+10 0.226761E+12
   194.81000  0.583964E+07 0.725360E+10 0.239417E+10 0.238044E+12
   194.82000  0.613646E+07 0.762343E+10 0.251597E+10 0.250183E+12
   194.83000  0.645634E+07 0.802202E+10 0.264725E+10 0.263266E+12
   194.84000  0.680172E+07 0.845242E+10 0.278899E+10 0.277393E+12
   194.85000  0.717540E+07 0.891811E+10 0.294234E+10 0.292679E+12
   194.86000  0.758052E+07 0.942304E+10 0.310861E+10 0.309253E+12
   194.87000  0.802073E+07 0.997173E+10 0.328928E+10 0.327263E+12
   194.88000  0.850019E+07 0.105694E+11 0.348607E+10 0.346881E+12
   194.89000  0.902369E+07 0.112220E+11 0.370093E+10 0.368302E+12
   194.90000  0.959680E+07 0.119365E+11 0.393616E+10 0.391755E+12
   194.91000  0.102260E+08 0.127209E+11 0.419441E+10 0.417505E+12
   194.92000  0.109187E+08 0.135848E+11 0.447877E+10 0.445860E+12
   194.93000  0.116840E+08 0.145390E+11 0.479289E+10 0.477184E+12
   194.94000  0.125322E+08 0.155968E+11 0.514105E+10 0.511905E+12
   194.95000  0.134757E+08 0.167735E+11 0.552836E+10 0.550532E+12
   194.96000  0.145294E+08 0.180878E+11 0.596090E+10 0.593672E+12
   194.97000  0.157110E+08 0.195618E+11 0.644600E+10 0.642057E+12
   194.98000  0.170422E+08 0.212224E+11 0.699249E+10 0.696569E+12
   194.99000  0.185493E+08 0.231026E+11 0.761120E+10 0.758288E+12
   195.00000  0.202646E+08 0.252428E+11 0.831541E+10 0.828540E+12
   195.01000  0.222283E+08 0.276930E+11 0.912162E+10 0.908972E+12
   195.02000  0.244907E+08 0.305162E+11 0.100505E+11 0.100165E+13
   195.03000  0.271156E+08 0.337919E+11 0.111282E+11 0.110918E+13
   195.04000  0.301846E+08 0.376221E+11 0.123883E+11 0.123491E+13
   195.05000  0.338038E+08 0.421394E+11 0.138743E+11 0.138320E+13
   195.06000  0.381129E+08 0.475181E+11 0.156436E+11 0.155976E+13
   195.07000  0.432989E+08 0.539919E+11 0.177730E+11 0.177228E+13
   195.08000  0.496166E+08 0.618791E+11 0.203672E+11 0.203119E+13
   195.09000  0.574208E+08 0.716227E+11 0.235718E+11 0.235105E+13
   195.10000  0.672167E+08 0.838539E+11 0.275944E+11 0.275257E+13
   195.11000  0.797439E+08 0.994967E+11 0.327387E+11 0.326609E+13
   195.12000  0.961201E+08 0.119947E+12 0.394637E+11 0.393743E+13
   195.13000  0.118099E+09 0.147396E+12 0.484896E+11 0.483852E+13
   195.14000  0.148557E+09 0.185439E+12 0.609984E+11 0.608739E+13
   195.15000  0.192491E+09 0.240315E+12 0.790412E+11 0.788888E+13
   195.16000  0.259189E+09 0.323633E+12 0.106434E+12 0.106241E+14
   195.17000  0.367581E+09 0.459044E+12 0.150951E+12 0.150694E+14
   195.18000  0.561267E+09 0.701027E+12 0.230501E+12 0.230134E+14
   195.19000  0.960167E+09 0.119944E+13 0.394339E+12 0.393756E+14
   195.20000  0.200159E+10 0.250075E+13 0.822089E+12 0.820965E+14
   195.21000  0.642064E+10 0.802303E+13 0.263719E+13 0.263388E+15
   195.21010  0.652281E+10 0.815071E+13 0.267916E+13 0.267580E+15
   195.21020  0.662741E+10 0.828143E+13 0.272212E+13 0.271871E+15
   195.21030  0.673453E+10 0.841529E+13 0.276612E+13 0.276266E+15
   195.21040  0.684423E+10 0.855239E+13 0.281118E+13 0.280767E+15
   195.21050  0.695662E+10 0.869283E+13 0.285734E+13 0.285377E+15
   195.21060  0.707177E+10 0.883673E+13 0.290464E+13 0.290101E+15
   195.21070  0.718977E+10 0.898420E+13 0.295311E+13 0.294943E+15
   195.21080  0.731072E+10 0.913535E+13 0.300279E+13 0.299905E+15
   195.21090  0.743471E+10 0.929030E+13 0.305372E+13 0.304992E+15
   195.21100  0.756185E+10 0.944920E+13 0.310594E+13 0.310208E+15
   195.21110  0.769225E+10 0.961215E+13 0.315950E+13 0.315558E+15
   195.21120  0.782601E+10 0.977931E+13 0.321445E+13 0.321046E+15
   195.21130  0.796326E+10 0.995083E+13 0.327082E+13 0.326676E+15
   195.21140  0.810410E+10 0.101268E+14 0.332867E+13 0.332455E+15
   195.21150  0.824867E+10 0.103075E+14 0.338805E+13 0.338386E+15
   195.21160  0.839710E+10 0.104930E+14 0.344902E+13 0.344475E+15
   195.21170  0.854952E+10 0.106835E+14 0.351162E+13 0.350729E+15
   195.21180  0.870608E+10 0.108791E+14 0.357593E+13 0.357152E+15
   195.21190  0.886692E+10 0.110801E+14 0.364200E+13 0.363751E+15
   195.21200  0.903221E+10 0.112867E+14 0.370989E+13 0.370532E+15
   195.21210  0.920210E+10 0.114990E+14 0.377967E+13 0.377502E+15
   195.21220  0.937677E+10 0.117173E+14 0.385142E+13 0.384668E+15
   195.21230  0.955639E+10 0.119418E+14 0.392520E+13 0.392037E+15
   195.21240  0.974115E+10 0.121727E+14 0.400109E+13 0.399618E+15
   195.21250  0.993125E+10 0.124102E+14 0.407917E+13 0.407417E+15
   195.21260  0.101269E+11 0.126547E+14 0.415953E+13 0.415443E+15
   195.21270  0.103283E+11 0.129064E+14 0.424225E+13 0.423705E+15
   195.21280  0.105356E+11 0.131656E+14 0.432742E+13 0.432213E+15
   195.21290  0.107492E+11 0.134325E+14 0.441515E+13 0.440976E+15
   195.21300  0.109693E+11 0.137074E+14 0.450553E+13 0.450003E+15
   195.21310  0.111960E+11 0.139908E+14 0.459867E+13 0.459307E+15
   195.21320  0.114298E+11 0.142830E+14 0.469469E+13 0.468897E+15
   195.21330  0.116708E+11 0.145842E+14 0.479369E+13 0.478785E+15
   195.21340  0.119194E+11 0.148948E+14 0.489580E+13 0.488985E+15
   195.21350  0.121759E+11 0.152154E+14 0.500115E+13 0.499508E+15
   195.21360  0.124406E+11 0.155462E+14 0.510988E+13 0.510368E+15
   195.21370  0.127139E+11 0.158877E+14 0.522214E+13 0.521580E+15
   195.21380  0.129961E+11 0.162404E+14 0.533806E+13 0.533159E+15
   195.21390  0.132876E+11 0.166048E+14 0.545781E+13 0.545120E+15
   195.21400  0.135889E+11 0.169813E+14 0.558156E+13 0.557481E+15
   195.21410  0.139003E+11 0.173705E+14 0.570948E+13 0.570258E+15
   195.21420  0.142224E+11 0.177730E+14 0.584176E+13 0.583471E+15
   195.21430  0.145555E+11 0.181893E+14 0.597859E+13 0.597138E+15
   195.21440  0.149002E+11 0.186201E+14 0.612019E+13 0.611281E+15
   195.21450  0.152571E+11 0.190660E+14 0.626676E+13 0.625922E+15
   195.21460  0.156266E+11 0.195279E+14 0.641855E+13 0.641083E+15
   195.21470  0.160094E+11 0.200063E+14 0.657579E+13 0.656789E+15
   195.21480  0.164061E+11 0.205021E+14 0.673874E+13 0.673065E+15
   195.21490  0.168174E+11 0.210161E+14 0.690768E+13 0.689939E+15
   195.21500  0.172440E+11 0.215491E+14 0.708289E+13 0.707440E+15
   195.21510  0.176866E+11 0.221022E+14 0.726468E+13 0.725598E+15
   195.21520  0.181459E+11 0.226763E+14 0.745337E+13 0.744446E+15
   195.21530  0.186230E+11 0.232725E+14 0.764931E+13 0.764017E+15
   195.21540  0.191185E+11 0.238918E+14 0.785287E+13 0.784349E+15
   195.21550  0.196336E+11 0.245355E+14 0.806442E+13 0.805480E+15
   195.21560  0.201691E+11 0.252047E+14 0.828438E+13 0.827451E+15
   195.21570  0.207261E+11 0.259009E+14 0.851320E+13 0.850306E+15
   195.21580  0.213059E+11 0.266254E+14 0.875132E+13 0.874091E+15
   195.21590  0.219095E+11 0.273798E+14 0.899925E+13 0.898856E+15
   195.21600  0.225382E+11 0.281656E+14 0.925752E+13 0.924653E+15
   195.21610  0.231935E+11 0.289845E+14 0.952668E+13 0.951538E+15
   195.21620  0.238768E+11 0.298384E+14 0.980733E+13 0.979571E+15
   195.21630  0.245895E+11 0.307292E+14 0.101001E+14 0.100882E+16
   195.21640  0.253335E+11 0.316590E+14 0.104057E+14 0.103934E+16
   195.21650  0.261104E+11 0.326299E+14 0.107248E+14 0.107121E+16
   195.21660  0.269222E+11 0.336444E+14 0.110582E+14 0.110452E+16
   195.21670  0.277708E+11 0.347049E+14 0.114068E+14 0.113934E+16
   195.21680  0.286584E+11 0.358142E+14 0.117714E+14 0.117575E+16
   195.21690  0.295873E+11 0.369751E+14 0.121529E+14 0.121386E+16
   195.21700  0.305600E+11 0.381907E+14 0.125525E+14 0.125377E+16
   195.21710  0.315790E+11 0.394644E+14 0.129711E+14 0.129558E+16
   195.21720  0.326474E+11 0.407995E+14 0.134099E+14 0.133942E+16
   195.21730  0.337680E+11 0.422000E+14 0.138702E+14 0.138539E+16
   195.21740  0.349442E+11 0.436699E+14 0.143533E+14 0.143365E+16
   195.21750  0.361793E+11 0.452136E+14 0.148607E+14 0.148433E+16
   195.21760  0.374772E+11 0.468357E+14 0.153938E+14 0.153758E+16
   195.21770  0.388419E+11 0.485412E+14 0.159543E+14 0.159357E+16
   195.21780  0.402777E+11 0.503355E+14 0.165441E+14 0.165248E+16
   195.21790  0.417891E+11 0.522245E+14 0.171649E+14 0.171449E+16
   195.21800  0.433812E+11 0.542142E+14 0.178189E+14 0.177981E+16
   195.21810  0.450593E+11 0.563115E+14 0.185082E+14 0.184866E+16
   195.21820  0.468291E+11 0.585233E+14 0.192351E+14 0.192128E+16
   195.21830  0.486967E+11 0.608573E+14 0.200022E+14 0.199790E+16
   195.21840  0.506686E+11 0.633219E+14 0.208122E+14 0.207881E+16
   195.21850  0.527521E+11 0.659257E+14 0.216680E+14 0.216429E+16
   195.21860  0.549545E+11 0.686782E+14 0.225727E+14 0.225466E+16
   195.21870  0.572839E+11 0.715895E+14 0.235295E+14 0.235023E+16
   195.21880  0.597490E+11 0.746703E+14 0.245421E+14 0.245137E+16
   195.21890  0.623589E+11 0.779321E+14 0.256141E+14 0.255845E+16
   195.21900  0.651233E+11 0.813870E+14 0.267496E+14 0.267188E+16
   195.21910  0.680527E+11 0.850480E+14 0.279529E+14 0.279207E+16
   195.21920  0.711578E+11 0.889288E+14 0.292283E+14 0.291947E+16
   195.21930  0.744503E+11 0.930436E+14 0.305807E+14 0.305456E+16
   195.21940  0.779420E+11 0.974075E+14 0.320150E+14 0.319782E+16
   195.21950  0.816456E+11 0.102036E+15 0.335362E+14 0.334978E+16
   195.21960  0.855738E+11 0.106946E+15 0.351498E+14 0.351095E+16
   195.21970  0.897398E+11 0.112152E+15 0.368610E+14 0.368188E+16
   195.21980  0.941568E+11 0.117673E+15 0.386754E+14 0.386311E+16
   195.21990  0.988379E+11 0.123523E+15 0.405981E+14 0.405517E+16
   195.22000  0.103796E+12 0.129719E+15 0.426346E+14 0.425859E+16
   195.22010  0.109042E+12 0.136276E+15 0.447894E+14 0.447383E+16
   195.22020  0.114586E+12 0.143205E+15 0.470670E+14 0.470133E+16
   195.22030  0.120438E+12 0.150519E+15 0.494706E+14 0.494143E+16
   195.22040  0.126602E+12 0.158223E+15 0.520027E+14 0.519435E+16
   195.22050  0.133081E+12 0.166320E+15 0.546639E+14 0.546017E+16
   195.22060  0.139871E+12 0.174806E+15 0.574530E+14 0.573878E+16
   195.22070  0.146964E+12 0.183671E+15 0.603664E+14 0.602980E+16
   195.22080  0.154343E+12 0.192893E+15 0.633973E+14 0.633255E+16
   195.22090  0.161982E+12 0.202441E+15 0.665352E+14 0.664599E+16
   195.22100  0.169845E+12 0.212268E+15 0.697652E+14 0.696863E+16
   195.22110  0.177884E+12 0.222315E+15 0.730672E+14 0.729846E+16
   195.22120  0.186036E+12 0.232503E+15 0.764156E+14 0.763294E+16
   195.22130  0.194223E+12 0.242736E+15 0.797786E+14 0.796886E+16
   195.22140  0.202352E+12 0.252896E+15 0.831178E+14 0.830242E+16
   195.22150  0.210315E+12 0.262848E+15 0.863887E+14 0.862914E+16
   195.22160  0.217988E+12 0.272438E+15 0.895404E+14 0.894398E+16
   195.22170  0.225236E+12 0.281497E+15 0.925177E+14 0.924138E+16
   195.22180  0.231916E+12 0.289847E+15 0.952617E+14 0.951548E+16
   195.22190  0.237883E+12 0.297303E+15 0.977123E+14 0.976028E+16
   195.22200  0.242993E+12 0.303690E+15 0.998113E+14 0.996996E+16
   195.22210  0.247116E+12 0.308844E+15 0.101505E+15 0.101391E+17
   195.22220  0.250140E+12 0.312624E+15 0.102747E+15 0.102632E+17
   195.22230  0.251979E+12 0.314923E+15 0.103503E+15 0.103387E+17
   195.22240  0.252580E+12 0.315675E+15 0.103750E+15 0.103634E+17
   195.22250  0.251925E+12 0.314857E+15 0.103481E+15 0.103365E+17
   195.22260  0.250034E+12 0.312493E+15 0.102704E+15 0.102589E+17
   195.22270  0.246960E+12 0.308652E+15 0.101441E+15 0.101329E+17
   195.22280  0.242793E+12 0.303444E+15 0.997296E+14 0.996189E+16
   195.22290  0.237643E+12 0.297009E+15 0.976146E+14 0.975062E+16
   195.22300  0.231644E+12 0.289511E+15 0.951503E+14 0.950449E+16
   195.22310  0.224937E+12 0.281129E+15 0.923954E+14 0.922931E+16
   195.22320  0.217669E+12 0.272045E+15 0.894098E+14 0.893109E+16
   195.22330  0.209981E+12 0.262438E+15 0.862521E+14 0.861568E+16
   195.22340  0.202010E+12 0.252475E+15 0.829778E+14 0.828862E+16
   195.22350  0.193877E+12 0.242311E+15 0.796370E+14 0.795492E+16
   195.22360  0.185690E+12 0.232079E+15 0.762744E+14 0.761903E+16
   195.22370  0.177543E+12 0.221897E+15 0.729277E+14 0.728475E+16
   195.22380  0.169511E+12 0.211859E+15 0.696287E+14 0.695522E+16
   195.22390  0.161657E+12 0.202044E+15 0.664027E+14 0.663298E+16
   195.22400  0.154030E+12 0.192511E+15 0.632696E+14 0.632001E+16
   195.22410  0.146663E+12 0.183305E+15 0.602439E+14 0.601778E+16
   195.22420  0.139584E+12 0.174457E+15 0.573360E+14 0.572732E+16
   195.22430  0.132808E+12 0.165988E+15 0.545526E+14 0.544929E+16
   195.22440  0.126343E+12 0.157908E+15 0.518972E+14 0.518405E+16
   195.22450  0.120193E+12 0.150222E+15 0.493709E+14 0.493170E+16
   195.22460  0.114355E+12 0.142926E+15 0.469729E+14 0.469217E+16
   195.22470  0.108824E+12 0.136013E+15 0.447009E+14 0.446522E+16
   195.22480  0.103591E+12 0.129473E+15 0.425514E+14 0.425051E+16
   195.22490  0.986457E+11 0.123292E+15 0.405201E+14 0.404761E+16
   195.22500  0.939765E+11 0.117456E+15 0.386022E+14 0.385603E+16
   195.22510  0.895708E+11 0.111950E+15 0.367925E+14 0.367526E+16
   195.22520  0.854155E+11 0.106757E+15 0.350857E+14 0.350477E+16
   195.22530  0.814974E+11 0.101860E+15 0.334763E+14 0.334400E+16
   195.22540  0.778033E+11 0.972430E+14 0.319589E+14 0.319243E+16
   195.22550  0.743205E+11 0.928901E+14 0.305283E+14 0.304953E+16
   195.22560  0.710364E+11 0.887856E+14 0.291793E+14 0.291478E+16
   195.22570  0.679391E+11 0.849145E+14 0.279071E+14 0.278770E+16
   195.22580  0.650171E+11 0.812625E+14 0.267068E+14 0.266781E+16
   195.22590  0.622595E+11 0.778160E+14 0.255741E+14 0.255466E+16
   195.22600  0.596561E+11 0.745621E+14 0.245047E+14 0.244784E+16
   195.22610  0.571970E+11 0.714887E+14 0.234946E+14 0.234694E+16
   195.22620  0.548731E+11 0.685843E+14 0.225400E+14 0.225159E+16
   195.22630  0.526759E+11 0.658382E+14 0.216375E+14 0.216143E+16
   195.22640  0.505973E+11 0.632403E+14 0.207837E+14 0.207615E+16
   195.22650  0.486299E+11 0.607813E+14 0.199756E+14 0.199542E+16
   195.22660  0.467665E+11 0.584525E+14 0.192102E+14 0.191897E+16
   195.22670  0.450007E+11 0.562455E+14 0.184848E+14 0.184651E+16
   195.22680  0.433263E+11 0.541528E+14 0.177971E+14 0.177781E+16
   195.22690  0.417377E+11 0.521673E+14 0.171445E+14 0.171263E+16
   195.22700  0.402295E+11 0.502823E+14 0.165250E+14 0.165074E+16
   195.22710  0.387968E+11 0.484916E+14 0.159365E+14 0.159196E+16
   195.22720  0.374349E+11 0.467895E+14 0.153771E+14 0.153608E+16
   195.22730  0.361397E+11 0.451707E+14 0.148450E+14 0.148293E+16
   195.22740  0.349070E+11 0.436300E+14 0.143387E+14 0.143235E+16
   195.22750  0.337332E+11 0.421629E+14 0.138565E+14 0.138419E+16
   195.22760  0.326147E+11 0.407650E+14 0.133971E+14 0.133830E+16
   195.22770  0.315484E+11 0.394323E+14 0.129591E+14 0.129455E+16
   195.22780  0.305313E+11 0.381610E+14 0.125413E+14 0.125281E+16
   195.22790  0.295604E+11 0.369476E+14 0.121425E+14 0.121297E+16
   195.22800  0.286332E+11 0.357887E+14 0.117616E+14 0.117493E+16
   195.22810  0.277471E+11 0.346813E+14 0.113977E+14 0.113857E+16
   195.22820  0.269000E+11 0.336226E+14 0.110497E+14 0.110381E+16
   195.22830  0.260897E+11 0.326098E+14 0.107169E+14 0.107056E+16
   195.22840  0.253141E+11 0.316404E+14 0.103983E+14 0.103874E+16
   195.22850  0.245714E+11 0.307121E+14 0.100932E+14 0.100827E+16
   195.22860  0.238598E+11 0.298227E+14 0.980091E+13 0.979066E+15
   195.22870  0.231776E+11 0.289701E+14 0.952070E+13 0.951076E+15
   195.22880  0.225234E+11 0.281524E+14 0.925196E+13 0.924231E+15
   195.22890  0.218956E+11 0.273678E+14 0.899410E+13 0.898472E+15
   195.22900  0.212929E+11 0.266145E+14 0.874654E+13 0.873743E+15
   195.22910  0.207141E+11 0.258910E+14 0.850876E+13 0.849992E+15
   195.22920  0.201578E+11 0.251958E+14 0.828028E+13 0.827168E+15
   195.22930  0.196231E+11 0.245275E+14 0.806063E+13 0.805227E+15
   195.22940  0.191088E+11 0.238847E+14 0.784938E+13 0.784124E+15
   195.22950  0.186139E+11 0.232662E+14 0.764610E+13 0.763819E+15
   195.22960  0.181376E+11 0.226708E+14 0.745043E+13 0.744272E+15
   195.22970  0.176788E+11 0.220974E+14 0.726198E+13 0.725448E+15
   195.22980  0.172368E+11 0.215450E+14 0.708043E+13 0.707312E+15
   195.22990  0.168108E+11 0.210125E+14 0.690545E+13 0.689833E+15
   195.23000  0.164001E+11 0.204991E+14 0.673672E+13 0.672978E+15
   195.24000  0.323118E+10 0.403939E+13 0.132735E+13 0.132613E+15
   195.25000  0.132472E+10 0.165632E+13 0.544212E+12 0.543774E+14
   195.26000  0.715891E+09 0.895223E+12 0.294110E+12 0.293906E+14
   195.27000  0.447396E+09 0.559553E+12 0.183812E+12 0.183706E+14
   195.28000  0.305859E+09 0.382592E+12 0.125668E+12 0.125609E+14
   195.29000  0.222245E+09 0.278043E+12 0.913176E+11 0.912851E+13
   195.30000  0.168775E+09 0.211180E+12 0.693505E+11 0.693337E+13
   195.31000  0.132525E+09 0.165847E+12 0.544578E+11 0.544507E+13
   195.32000  0.106823E+09 0.133702E+12 0.438980E+11 0.438973E+13
   195.33000  0.879392E+08 0.110083E+12 0.361397E+11 0.361431E+13
   195.34000  0.736594E+08 0.922215E+11 0.302726E+11 0.302789E+13
   195.35000  0.625996E+08 0.783864E+11 0.257285E+11 0.257367E+13
   195.36000  0.538595E+08 0.674522E+11 0.221373E+11 0.221469E+13
   195.37000  0.468327E+08 0.586609E+11 0.192500E+11 0.192605E+13
   195.38000  0.410989E+08 0.514866E+11 0.168940E+11 0.169051E+13
   195.39000  0.363591E+08 0.455557E+11 0.149464E+11 0.149579E+13
   195.40000  0.323961E+08 0.405963E+11 0.133179E+11 0.133296E+13
   195.41000  0.290489E+08 0.364073E+11 0.119424E+11 0.119543E+13
   195.42000  0.261961E+08 0.328368E+11 0.107701E+11 0.107820E+13
   195.43000  0.237449E+08 0.297686E+11 0.976274E+10 0.977466E+12
   195.44000  0.216232E+08 0.271128E+11 0.889083E+10 0.890269E+12
   195.45000  0.197746E+08 0.247985E+11 0.813110E+10 0.814285E+12
   195.46000  0.181540E+08 0.227696E+11 0.746507E+10 0.747670E+12
   195.47000  0.167254E+08 0.209809E+11 0.687793E+10 0.688942E+12
   195.48000  0.154596E+08 0.193960E+11 0.635769E+10 0.636903E+12
   195.49000  0.143327E+08 0.179849E+11 0.589455E+10 0.590573E+12
   195.50000  0.133252E+08 0.167232E+11 0.548044E+10 0.549146E+12
   195.51000  0.124207E+08 0.155903E+11 0.510868E+10 0.511952E+12
   195.52000  0.116057E+08 0.145695E+11 0.477366E+10 0.478433E+12
   195.53000  0.108686E+08 0.136462E+11 0.447070E+10 0.448120E+12
   195.54000  0.101999E+08 0.128086E+11 0.419584E+10 0.420616E+12
   195.55000  0.959138E+07 0.120462E+11 0.394569E+10 0.395584E+12
   195.56000  0.903597E+07 0.113503E+11 0.371737E+10 0.372736E+12
   195.57000  0.852767E+07 0.107135E+11 0.350842E+10 0.351825E+12
   195.58000  0.806131E+07 0.101291E+11 0.331671E+10 0.332637E+12
   195.59000  0.763238E+07 0.959156E+10 0.314037E+10 0.314988E+12
   195.60000  0.723698E+07 0.909603E+10 0.297782E+10 0.298717E+12
   195.61000  0.687170E+07 0.863820E+10 0.282765E+10 0.283684E+12
   195.62000  0.653355E+07 0.821435E+10 0.268863E+10 0.269767E+12
   195.63000  0.621990E+07 0.782119E+10 0.255968E+10 0.256858E+12
   195.64000  0.592844E+07 0.745582E+10 0.243985E+10 0.244861E+12
   195.65000  0.565713E+07 0.711568E+10 0.232829E+10 0.233692E+12
   195.66000  0.540415E+07 0.679848E+10 0.222428E+10 0.223277E+12
   195.67000  0.516787E+07 0.650222E+10 0.212712E+10 0.213548E+12
   195.68000  0.494686E+07 0.622507E+10 0.203625E+10 0.204448E+12
   195.69000  0.473982E+07 0.596544E+10 0.195112E+10 0.195923E+12
   195.70000  0.454561E+07 0.572186E+10 0.187126E+10 0.187925E+12
   195.71000  0.436318E+07 0.549305E+10 0.179624E+10 0.180411E+12
   195.72000  0.419160E+07 0.527783E+10 0.172568E+10 0.173344E+12
   195.73000  0.403001E+07 0.507513E+10 0.165924E+10 0.166688E+12
   195.74000  0.387767E+07 0.488401E+10 0.159659E+10 0.160413E+12
   195.75000  0.373387E+07 0.470360E+10 0.153745E+10 0.154488E+12
   195.76000  0.359799E+07 0.453311E+10 0.148157E+10 0.148890E+12
   195.77000  0.346945E+07 0.437182E+10 0.142871E+10 0.143594E+12
   195.78000  0.334774E+07 0.421908E+10 0.137865E+10 0.138578E+12
   195.79000  0.323238E+07 0.407430E+10 0.133120E+10 0.133824E+12
   195.80000  0.312292E+07 0.393694E+10 0.128619E+10 0.129313E+12
   195.81000  0.301899E+07 0.380648E+10 0.124344E+10 0.125029E+12
   195.82000  0.292020E+07 0.368248E+10 0.120281E+10 0.120958E+12
   195.83000  0.282623E+07 0.356452E+10 0.116415E+10 0.117084E+12
   195.84000  0.273677E+07 0.345220E+10 0.112736E+10 0.113396E+12
   195.85000  0.265153E+07 0.334518E+10 0.109229E+10 0.109881E+12
   195.86000  0.257025E+07 0.324312E+10 0.105886E+10 0.106530E+12
   195.87000  0.249268E+07 0.314572E+10 0.102695E+10 0.103331E+12
   195.88000  0.241861E+07 0.305270E+10 0.996480E+09 0.100277E+12
   195.89000  0.234783E+07 0.296380E+10 0.967362E+09 0.973575E+11
   195.90000  0.228014E+07 0.287879E+10 0.939515E+09 0.945656E+11
   195.91000  0.221536E+07 0.279743E+10 0.912868E+09 0.918938E+11
   195.92000  0.215334E+07 0.271952E+10 0.887352E+09 0.893353E+11
   195.93000  0.209392E+07 0.264487E+10 0.862904E+09 0.868838E+11
   195.94000  0.203694E+07 0.257329E+10 0.839464E+09 0.845332E+11
   195.95000  0.198229E+07 0.250462E+10 0.816979E+09 0.822782E+11
   195.96000  0.192983E+07 0.243871E+10 0.795396E+09 0.801137E+11
   195.97000  0.187946E+07 0.237540E+10 0.774668E+09 0.780347E+11
   195.98000  0.183105E+07 0.231457E+10 0.754750E+09 0.760369E+11
   195.99000  0.178451E+07 0.225608E+10 0.735601E+09 0.741161E+11
   196.00000  0.173974E+07 0.219981E+10 0.717180E+09 0.722683E+11
   196.01000  0.169666E+07 0.214566E+10 0.699453E+09 0.704899E+11
   196.02000  0.165518E+07 0.209351E+10 0.682383E+09 0.687774E+11
   196.03000  0.161522E+07 0.204328E+10 0.665940E+09 0.671276E+11
   196.04000  0.157670E+07 0.199486E+10 0.650092E+09 0.655375E+11
   196.05000  0.153957E+07 0.194817E+10 0.634811E+09 0.640042E+11
   196.06000  0.150375E+07 0.190313E+10 0.620070E+09 0.625251E+11
   196.07000  0.146918E+07 0.185966E+10 0.605844E+09 0.610975E+11
   196.08000  0.143581E+07 0.181769E+10 0.592110E+09 0.597191E+11
   196.09000  0.140358E+07 0.177715E+10 0.578844E+09 0.583877E+11
   196.10000  0.137243E+07 0.173798E+10 0.566025E+09 0.571012E+11
   196.11000  0.134233E+07 0.170011E+10 0.553635E+09 0.558575E+11
   196.12000  0.131321E+07 0.166349E+10 0.541653E+09 0.546548E+11
   196.13000  0.128505E+07 0.162806E+10 0.530061E+09 0.534912E+11
   196.14000  0.125780E+07 0.159377E+10 0.518844E+09 0.523652E+11
   196.15000  0.123142E+07 0.156058E+10 0.507985E+09 0.512750E+11
   196.16000  0.120587E+07 0.152843E+10 0.497469E+09 0.502192E+11
   196.17000  0.118112E+07 0.149729E+10 0.487281E+09 0.491963E+11
   196.18000  0.115713E+07 0.146710E+10 0.477408E+09 0.482050E+11
   196.19000  0.113388E+07 0.143784E+10 0.467838E+09 0.472439E+11
   196.20000  0.111134E+07 0.140946E+10 0.458557E+09 0.463119E+11
   196.21000  0.108947E+07 0.138194E+10 0.449554E+09 0.454078E+11
   196.22000  0.106825E+07 0.135522E+10 0.440818E+09 0.445305E+11
   196.23000  0.104765E+07 0.132929E+10 0.432339E+09 0.436789E+11
   198.00000  0.137767E+06 0.181455E+09 0.577738E+08 0.597142E+10
   202.00000  0.290789E+05 0.407587E+08 0.124375E+08 0.134599E+10
   206.00000  0.138955E+05 0.207668E+08 0.606819E+07 0.688153E+09
   210.00000  0.881490E+04 0.140752E+08 0.393485E+07 0.467998E+09
   214.00000  0.645207E+04 0.110314E+08 0.294765E+07 0.368019E+09
   218.00000  0.514148E+04 0.943474E+07 0.240723E+07 0.315793E+09
   222.00000  0.432974E+04 0.854883E+07 0.208059E+07 0.287072E+09
   226.00000  0.378706E+04 0.806722E+07 0.187079E+07 0.271769E+09
   230.00000  0.340276E+04 0.784328E+07 0.173112E+07 0.265061E+09
   234.00000  0.311755E+04 0.780001E+07 0.163656E+07 0.264421E+09
   238.00000  0.289693E+04 0.789445E+07 0.157261E+07 0.268445E+09
   242.00000  0.271944E+04 0.810189E+07 0.153028E+07 0.276334E+09
   246.00000  0.257099E+04 0.840815E+07 0.150372E+07 0.287637E+09
   250.00000  0.244185E+04 0.880553E+07 0.148888E+07 0.302118E+09
   254.00000  0.232503E+04 0.929062E+07 0.148290E+07 0.319686E+09
   258.00000  0.221532E+04 0.986295E+07 0.148361E+07 0.340349E+09
   262.00000  0.210875E+04 0.105243E+08 0.148933E+07 0.364193E+09
   266.00000  0.200219E+04 0.112780E+08 0.149868E+07 0.391360E+09
   270.00000  0.189320E+04 0.121292E+08 0.151051E+07 0.422047E+09
   274.00000  0.177988E+04 0.130839E+08 0.152381E+07 0.456494E+09
   282.00000  0.153504E+04 0.153349E+08 0.155116E+07 0.537849E+09
   290.00000  0.126184E+04 0.181036E+08 0.157397E+07 0.638203E+09
   298.00000  0.962619E+03 0.214810E+08 0.158592E+07 0.761015E+09
   306.00000  0.650065E+03 0.255772E+08 0.158079E+07 0.910481E+09
   314.00000  0.350805E+03 0.305239E+08 0.155257E+07 0.109162E+10
   322.00000  0.110454E+03 0.364769E+08 0.149562E+07 0.131038E+10
   330.00000  0.363674E+00 0.436194E+08 0.140509E+07 0.157378E+10
   338.00000  0.126383E+03 0.521650E+08 0.127758E+07 0.189001E+10
   346.00000  0.639991E+03 0.623612E+08 0.111212E+07 0.226861E+10
   354.00000  0.175219E+04 0.744929E+08 0.911438E+06 0.272056E+10
   362.00000  0.375058E+04 0.888858E+08 0.683768E+06 0.325848E+10
   370.00000  0.701990E+04 0.105909E+09 0.445055E+06 0.389669E+10
   378.00000  0.120663E+05 0.125977E+09 0.221817E+06 0.465130E+10
   386.00000  0.195452E+05 0.149545E+09 0.546533E+05 0.554012E+10
   394.00000  0.302918E+05 0.177110E+09 0.243869E+04 0.658258E+10
   402.00000  0.453533E+05 0.209197E+09 0.147170E+06 0.779939E+10
   410.00000  0.660211E+05 0.246350E+09 0.599317E+06 0.921199E+10
   418.00000  0.938569E+05 0.289107E+09 0.150338E+07 0.108418E+11
   426.00000  0.130710E+06 0.337969E+09 0.304311E+07 0.127088E+11
   434.00000  0.178716E+06 0.393357E+09 0.544564E+07 0.148302E+11
   442.00000  0.240270E+06 0.455561E+09 0.898329E+07 0.172183E+11
   450.00000  0.317963E+06 0.524683E+09 0.139719E+08 0.198778E+11
   458.00000  0.414476E+06 0.600569E+09 0.207643E+08 0.228040E+11
   466.00000  0.532431E+06 0.682752E+09 0.297372E+08 0.259798E+11
   474.00000  0.674185E+06 0.770401E+09 0.412714E+08 0.293742E+11
   482.00000  0.841608E+06 0.862300E+09 0.557259E+08 0.329406E+11
   490.00000  0.103585E+07 0.956864E+09 0.734073E+08 0.366184E+11
   498.00000  0.125715E+07 0.105221E+10 0.945390E+08 0.403346E+11
   506.00000  0.150469E+07 0.114625E+10 0.119235E+09 0.440081E+11
   514.00000  0.177662E+07 0.123685E+10 0.147481E+09 0.475555E+11
   522.00000  0.207009E+07 0.132198E+10 0.179134E+09 0.508969E+11
   530.00000  0.238149E+07 0.139987E+10 0.213925E+09 0.539619E+11
   538.00000  0.270674E+07 0.146911E+10 0.251489E+09 0.566946E+11
   546.00000  0.304159E+07 0.152876E+10 0.291395E+09 0.590566E+11
   554.00000  0.338196E+07 0.157836E+10 0.333180E+09 0.610281E+11
   562.00000  0.372413E+07 0.161788E+10 0.376385E+09 0.626064E+11
   570.00000  0.406496E+07 0.164767E+10 0.420580E+09 0.638034E+11
   578.00000  0.440192E+07 0.166835E+10 0.465385E+09 0.646426E+11
   586.00000  0.473313E+07 0.168076E+10 0.510480E+09 0.651551E+11
   596.00000  0.513720E+07 0.168605E+10 0.566868E+09 0.653908E+11
   606.00000  0.552901E+07 0.168177E+10 0.622941E+09 0.652446E+11
   616.00000  0.590821E+07 0.166974E+10 0.678456E+09 0.647873E+11
   626.00000  0.627510E+07 0.165161E+10 0.733273E+09 0.640830E+11
   636.00000  0.663044E+07 0.162882E+10 0.787324E+09 0.631877E+11
   646.00000  0.697522E+07 0.160256E+10 0.840596E+09 0.621487E+11
   656.00000  0.731053E+07 0.157384E+10 0.893110E+09 0.610052E+11
   666.00000  0.763749E+07 0.154344E+10 0.944908E+09 0.597885E+11
   676.00000  0.795715E+07 0.151199E+10 0.996040E+09 0.585236E+11
   686.00000  0.827044E+07 0.147997E+10 0.104656E+10 0.572299E+11
   696.00000  0.857818E+07 0.144775E+10 0.109651E+10 0.559221E+11
   706.00000  0.888107E+07 0.141561E+10 0.114594E+10 0.546114E+11
   716.00000  0.917972E+07 0.138374E+10 0.119488E+10 0.533064E+11
   726.00000  0.947461E+07 0.135229E+10 0.124337E+10 0.520132E+11
   736.00000  0.976614E+07 0.132137E+10 0.129142E+10 0.507362E+11
   746.00000  0.100546E+08 0.129104E+10 0.133905E+10 0.494785E+11
   756.00000  0.103402E+08 0.126133E+10 0.138626E+10 0.482419E+11
   766.00000  0.106230E+08 0.123228E+10 0.143305E+10 0.470276E+11
   776.00000  0.109032E+08 0.120389E+10 0.147941E+10 0.458364E+11
   786.00000  0.111808E+08 0.117615E+10 0.152534E+10 0.446685E+11
   796.00000  0.114558E+08 0.114906E+10 0.157081E+10 0.435239E+11
   806.00000  0.117282E+08 0.112261E+10 0.161582E+10 0.424024E+11
   816.00000  0.119979E+08 0.109677E+10 0.166033E+10 0.413036E+11
   826.00000  0.122648E+08 0.107153E+10 0.170432E+10 0.402269E+11
   836.00000  0.125288E+08 0.104687E+10 0.174777E+10 0.391719E+11
   846.00000  0.127898E+08 0.102277E+10 0.179066E+10 0.381380E+11
   856.00000  0.130478E+08 0.999199E+09 0.183296E+10 0.371248E+11
   866.00000  0.133025E+08 0.976154E+09 0.187464E+10 0.361319E+11
   876.00000  0.135540E+08 0.953611E+09 0.191569E+10 0.351586E+11
   886.00000  0.138021E+08 0.931554E+09 0.195608E+10 0.342046E+11
   896.00000  0.140466E+08 0.909966E+09 0.199579E+10 0.332694E+11
   906.00000  0.142875E+08 0.888831E+09 0.203478E+10 0.323526E+11
   916.00000  0.145247E+08 0.868135E+09 0.207305E+10 0.314538E+11
   926.00000  0.147580E+08 0.847867E+09 0.211057E+10 0.305727E+11
   936.00000  0.149875E+08 0.828012E+09 0.214733E+10 0.297090E+11
   946.00000  0.152128E+08 0.808561E+09 0.218330E+10 0.288624E+11
   956.00000  0.154341E+08 0.789499E+09 0.221847E+10 0.280325E+11
   966.00000  0.156511E+08 0.770818E+09 0.225282E+10 0.272191E+11
   976.00000  0.158639E+08 0.752505E+09 0.228633E+10 0.264219E+11
   986.00000  0.160722E+08 0.734553E+09 0.231899E+10 0.256406E+11
   996.00000  0.162760E+08 0.716953E+09 0.235078E+10 0.248750E+11
  1006.00000  0.164753E+08 0.699695E+09 0.238169E+10 0.241250E+11
  1016.00000  0.166700E+08 0.682774E+09 0.241171E+10 0.233903E+11
  1026.00000  0.168600E+08 0.666180E+09 0.244083E+10 0.226706E+11
  1036.00000  0.170452E+08 0.649908E+09 0.246904E+10 0.219659E+11
  1046.00000  0.172256E+08 0.633949E+09 0.249632E+10 0.212759E+11
  1056.00000  0.174012E+08 0.618298E+09 0.252268E+10 0.206004E+11
  1066.00000  0.175718E+08 0.602949E+09 0.254809E+10 0.199394E+11
  1076.00000  0.177376E+08 0.587898E+09 0.257257E+10 0.192926E+11
  1086.00000  0.178983E+08 0.573138E+09 0.259611E+10 0.186598E+11
  1096.00000  0.180541E+08 0.558666E+09 0.261870E+10 0.180411E+11
  1106.00000  0.182049E+08 0.544475E+09 0.264034E+10 0.174361E+11
  1116.00000  0.183507E+08 0.530563E+09 0.266103E+10 0.168448E+11
  1126.00000  0.184914E+08 0.516923E+09 0.268078E+10 0.162670E+11
  1136.00000  0.186271E+08 0.503552E+09 0.269958E+10 0.157025E+11
  1146.00000  0.187577E+08 0.490446E+09 0.271743E+10 0.151513E+11
  1156.00000  0.188833E+08 0.477601E+09 0.273434E+10 0.146132E+11
  1166.00000  0.190039E+08 0.465013E+09 0.275031E+10 0.140879E+11
  1176.00000  0.191195E+08 0.452678E+09 0.276536E+10 0.135755E+11
  1186.00000  0.192302E+08 0.440593E+09 0.277947E+10 0.130758E+11
  1196.00000  0.193358E+08 0.428754E+09 0.279266E+10 0.125885E+11
  1206.00000  0.194364E+08 0.417156E+09 0.280493E+10 0.121135E+11
  1216.00000  0.195321E+08 0.405797E+09 0.281629E+10 0.116507E+11
  1226.00000  0.196228E+08 0.394672E+09 0.282674E+10 0.112000E+11
  1236.00000  0.197087E+08 0.383779E+09 0.283630E+10 0.107611E+11
  1246.00000  0.197896E+08 0.373113E+09 0.284497E+10 0.103339E+11
  1256.00000  0.198658E+08 0.362673E+09 0.285276E+10 0.991831E+10
  1266.00000  0.199371E+08 0.352453E+09 0.285968E+10 0.951410E+10
  1276.00000  0.200036E+08 0.342452E+09 0.286573E+10 0.912114E+10
  1286.00000  0.200654E+08 0.332665E+09 0.287094E+10 0.873925E+10
  1296.00000  0.201225E+08 0.323089E+09 0.287530E+10 0.836828E+10
  1306.00000  0.201748E+08 0.313722E+09 0.287882E+10 0.800806E+10
  1316.00000  0.202226E+08 0.304560E+09 0.288153E+10 0.765844E+10
  1326.00000  0.202658E+08 0.295600E+09 0.288343E+10 0.731924E+10
  1336.00000  0.203045E+08 0.286839E+09 0.288453E+10 0.699032E+10
  1346.00000  0.203387E+08 0.278274E+09 0.288486E+10 0.667150E+10
  1356.00000  0.203685E+08 0.269903E+09 0.288441E+10 0.636262E+10
  1366.00000  0.203939E+08 0.261722E+09 0.288320E+10 0.606351E+10
  1376.00000  0.204151E+08 0.253728E+09 0.288125E+10 0.577401E+10
  1386.00000  0.204319E+08 0.245919E+09 0.287857E+10 0.549394E+10
  1396.00000  0.204446E+08 0.238291E+09 0.287517E+10 0.522315E+10
  1406.00000  0.204532E+08 0.230841E+09 0.287106E+10 0.496146E+10
  1416.00000  0.204577E+08 0.223568E+09 0.286627E+10 0.470870E+10
  1426.00000  0.204582E+08 0.216467E+09 0.286080E+10 0.446472E+10
  1436.00000  0.204547E+08 0.209537E+09 0.285467E+10 0.422935E+10
  1446.00000  0.204474E+08 0.202774E+09 0.284790E+10 0.400241E+10
  1456.00000  0.204362E+08 0.196176E+09 0.284049E+10 0.378373E+10
  1466.00000  0.204213E+08 0.189740E+09 0.283247E+10 0.357316E+10
  1476.00000  0.204027E+08 0.183462E+09 0.282383E+10 0.337052E+10
  1486.00000  0.203805E+08 0.177341E+09 0.281461E+10 0.317564E+10
  1496.00000  0.203546E+08 0.171373E+09 0.280481E+10 0.298837E+10
  1506.00000  0.203253E+08 0.165557E+09 0.279444E+10 0.280854E+10
  1516.00000  0.202925E+08 0.159888E+09 0.278353E+10 0.263599E+10
  1526.00000  0.202564E+08 0.154366E+09 0.277208E+10 0.247055E+10
  1536.00000  0.202169E+08 0.148987E+09 0.276011E+10 0.231206E+10
  1546.00000  0.201741E+08 0.143748E+09 0.274764E+10 0.216036E+10
  1556.00000  0.201282E+08 0.138647E+09 0.273467E+10 0.201530E+10
  1566.00000  0.200791E+08 0.133681E+09 0.272122E+10 0.187672E+10
  1576.00000  0.200270E+08 0.128848E+09 0.270730E+10 0.174445E+10
  1586.00000  0.199718E+08 0.124146E+09 0.269293E+10 0.161835E+10
  1596.00000  0.199137E+08 0.119572E+09 0.267813E+10 0.149826E+10
  1606.00000  0.198527E+08 0.115124E+09 0.266290E+10 0.138403E+10
  1616.00000  0.197889E+08 0.110798E+09 0.264726E+10 0.127552E+10
  1626.00000  0.197224E+08 0.106594E+09 0.263123E+10 0.117256E+10
  1636.00000  0.196532E+08 0.102508E+09 0.261481E+10 0.107502E+10
  1646.00000  0.195814E+08 0.985388E+08 0.259802E+10 0.982752E+09
  1656.00000  0.195070E+08 0.946833E+08 0.258088E+10 0.895606E+09
  1666.00000  0.194302E+08 0.909395E+08 0.256339E+10 0.813444E+09
  1676.00000  0.193509E+08 0.873051E+08 0.254558E+10 0.736124E+09
  1686.00000  0.192693E+08 0.837781E+08 0.252745E+10 0.663509E+09
  1696.00000  0.191853E+08 0.803562E+08 0.250901E+10 0.595462E+09
  1706.00000  0.190992E+08 0.770372E+08 0.249029E+10 0.531847E+09
  1716.00000  0.190108E+08 0.738192E+08 0.247128E+10 0.472534E+09
  1726.00000  0.189204E+08 0.706998E+08 0.245202E+10 0.417389E+09
  1736.00000  0.188280E+08 0.676772E+08 0.243250E+10 0.366284E+09
  1746.00000  0.187335E+08 0.647492E+08 0.241273E+10 0.319092E+09
  1756.00000  0.186371E+08 0.619137E+08 0.239274E+10 0.275687E+09
  1766.00000  0.185389E+08 0.591688E+08 0.237253E+10 0.235947E+09
  1776.00000  0.184389E+08 0.565126E+08 0.235212E+10 0.199749E+09
  1786.00000  0.183371E+08 0.539430E+08 0.233150E+10 0.166976E+09
  1796.00000  0.182336E+08 0.514582E+08 0.231071E+10 0.137509E+09
  1806.00000  0.181285E+08 0.490562E+08 0.228974E+10 0.111234E+09
  1816.00000  0.180218E+08 0.467352E+08 0.226861E+10 0.880375E+08
  1826.00000  0.179136E+08 0.444934E+08 0.224733E+10 0.678085E+08
  1836.00000  0.178039E+08 0.423290E+08 0.222591E+10 0.504380E+08
  1846.00000  0.176928E+08 0.402402E+08 0.220435E+10 0.358190E+08
  1856.00000  0.175803E+08 0.382251E+08 0.218268E+10 0.238467E+08
  1866.00000  0.174666E+08 0.362822E+08 0.216089E+10 0.144181E+08
  1876.00000  0.173515E+08 0.344096E+08 0.213900E+10 0.743257E+07
  1886.00000  0.172353E+08 0.326057E+08 0.211702E+10 0.279120E+07
  1896.00000  0.171179E+08 0.308688E+08 0.209496E+10 0.397268E+06
  1906.00000  0.169994E+08 0.291974E+08 0.207283E+10 0.156022E+06
  1916.00000  0.168799E+08 0.275897E+08 0.205063E+10 0.197474E+07
  1926.00000  0.167594E+08 0.260444E+08 0.202838E+10 0.576269E+07
  1936.00000  0.166379E+08 0.245597E+08 0.200608E+10 0.114311E+08
  1946.00000  0.165155E+08 0.231343E+08 0.198374E+10 0.188934E+08
  1956.00000  0.163923E+08 0.217664E+08 0.196137E+10 0.280646E+08
  1966.00000  0.162683E+08 0.204548E+08 0.193899E+10 0.388619E+08
  1976.00000  0.161435E+08 0.191980E+08 0.191659E+10 0.512046E+08
  1986.00000  0.160180E+08 0.179944E+08 0.189418E+10 0.650136E+08
  1996.00000  0.158918E+08 0.168428E+08 0.187177E+10 0.802119E+08
  2006.00000  0.157650E+08 0.157418E+08 0.184938E+10 0.967244E+08
  2016.00000  0.156376E+08 0.146899E+08 0.182700E+10 0.114478E+09
  2026.00000  0.155097E+08 0.136859E+08 0.180465E+10 0.133401E+09
  2036.00000  0.153812E+08 0.127284E+08 0.178232E+10 0.153424E+09
  2046.00000  0.152524E+08 0.118162E+08 0.176004E+10 0.174479E+09
  2056.00000  0.151231E+08 0.109481E+08 0.173780E+10 0.196501E+09
  2066.00000  0.149934E+08 0.101227E+08 0.171561E+10 0.219425E+09
  2076.00000  0.148634E+08 0.933887E+07 0.169348E+10 0.243189E+09
  2086.00000  0.147331E+08 0.859542E+07 0.167140E+10 0.267733E+09
  2096.00000  0.146025E+08 0.789117E+07 0.164940E+10 0.292996E+09
  2106.00000  0.144717E+08 0.722498E+07 0.162747E+10 0.318923E+09
  2116.00000  0.143407E+08 0.659572E+07 0.160562E+10 0.345457E+09
  2126.00000  0.142095E+08 0.600229E+07 0.158385E+10 0.372545E+09
  2136.00000  0.140783E+08 0.544361E+07 0.156217E+10 0.400135E+09
  2146.00000  0.139469E+08 0.491861E+07 0.154059E+10 0.428175E+09
  2156.00000  0.138155E+08 0.442627E+07 0.151911E+10 0.456617E+09
  2166.00000  0.136840E+08 0.396556E+07 0.149773E+10 0.485412E+09
  2176.00000  0.135526E+08 0.353549E+07 0.147646E+10 0.514517E+09
  2186.00000  0.134212E+08 0.313507E+07 0.145530E+10 0.543884E+09
  2196.00000  0.132899E+08 0.276336E+07 0.143426E+10 0.573472E+09
  2206.00000  0.131586E+08 0.241941E+07 0.141334E+10 0.603239E+09
  2216.00000  0.130275E+08 0.210230E+07 0.139255E+10 0.633145E+09
  2226.00000  0.128965E+08 0.181115E+07 0.137188E+10 0.663151E+09
  2236.00000  0.127658E+08 0.154506E+07 0.135134E+10 0.693220E+09
  2246.00000  0.126352E+08 0.130318E+07 0.133095E+10 0.723315E+09
  2256.00000  0.125049E+08 0.108468E+07 0.131069E+10 0.753403E+09
  2266.00000  0.123748E+08 0.888716E+06 0.129057E+10 0.783450E+09
  2276.00000  0.122450E+08 0.714495E+06 0.127060E+10 0.813423E+09
  2286.00000  0.121156E+08 0.561228E+06 0.125078E+10 0.843293E+09
  2296.00000  0.119865E+08 0.428145E+06 0.123111E+10 0.873030E+09
  2306.00000  0.118577E+08 0.314494E+06 0.121159E+10 0.902605E+09
  2316.00000  0.117293E+08 0.219541E+06 0.119223E+10 0.931991E+09
  2326.00000  0.116013E+08 0.142567E+06 0.117303E+10 0.961163E+09
  2336.00000  0.114738E+08 0.828715E+05 0.115399E+10 0.990095E+09
  2346.00000  0.113467E+08 0.397697E+05 0.113511E+10 0.101876E+10
  2356.00000  0.112201E+08 0.125931E+05 0.111640E+10 0.104715E+10
  2366.00000  0.110939E+08 0.689133E+03 0.109786E+10 0.107522E+10
  2376.00000  0.109683E+08 0.342097E+04 0.107949E+10 0.110297E+10
  2386.00000  0.108432E+08 0.201673E+05 0.106128E+10 0.113037E+10
  2396.00000  0.107187E+08 0.503222E+05 0.104326E+10 0.115741E+10
  2406.00000  0.105947E+08 0.932946E+05 0.102540E+10 0.118406E+10
  2416.00000  0.104713E+08 0.148508E+06 0.100772E+10 0.121031E+10
  2426.00000  0.103485E+08 0.215402E+06 0.990224E+09 0.123615E+10
  2436.00000  0.102263E+08 0.293428E+06 0.972902E+09 0.126155E+10
  2446.00000  0.101047E+08 0.382053E+06 0.955759E+09 0.128652E+10
  2456.00000  0.998377E+07 0.480757E+06 0.938797E+09 0.131102E+10
  2466.00000  0.986349E+07 0.589036E+06 0.922016E+09 0.133506E+10
  2476.00000  0.974389E+07 0.706396E+06 0.905417E+09 0.135861E+10
  2486.00000  0.962497E+07 0.832358E+06 0.889001E+09 0.138167E+10
  2496.00000  0.950674E+07 0.966457E+06 0.872769E+09 0.140424E+10
  2506.00000  0.938923E+07 0.110824E+07 0.856721E+09 0.142629E+10
  2516.00000  0.927243E+07 0.125726E+07 0.840857E+09 0.144782E+10
  2526.00000  0.915637E+07 0.141310E+07 0.825179E+09 0.146883E+10
  2536.00000  0.904105E+07 0.157533E+07 0.809686E+09 0.148930E+10
  2546.00000  0.892648E+07 0.174355E+07 0.794378E+09 0.150924E+10
  2556.00000  0.881267E+07 0.191737E+07 0.779256E+09 0.152863E+10
  2566.00000  0.869964E+07 0.209640E+07 0.764320E+09 0.154747E+10
  2576.00000  0.858738E+07 0.228028E+07 0.749569E+09 0.156575E+10
  2586.00000  0.847591E+07 0.246865E+07 0.735004E+09 0.158348E+10
  2596.00000  0.836525E+07 0.266115E+07 0.720625E+09 0.160064E+10
  2606.00000  0.825538E+07 0.285745E+07 0.706431E+09 0.161724E+10
  2616.00000  0.814634E+07 0.305722E+07 0.692423E+09 0.163327E+10
  2626.00000  0.803811E+07 0.326014E+07 0.678599E+09 0.164874E+10
  2636.00000  0.793071E+07 0.346591E+07 0.664961E+09 0.166363E+10
  2646.00000  0.782415E+07 0.367422E+07 0.651506E+09 0.167796E+10
  2656.00000  0.771843E+07 0.388480E+07 0.638235E+09 0.169172E+10
  2666.00000  0.761356E+07 0.409735E+07 0.625148E+09 0.170490E+10
  2676.00000  0.750954E+07 0.431161E+07 0.612243E+09 0.171752E+10
  2686.00000  0.740637E+07 0.452732E+07 0.599520E+09 0.172957E+10
  2696.00000  0.730407E+07 0.474423E+07 0.586978E+09 0.174105E+10
  2706.00000  0.720263E+07 0.496209E+07 0.574616E+09 0.175197E+10
  2716.00000  0.710206E+07 0.518067E+07 0.562435E+09 0.176233E+10
  2726.00000  0.700237E+07 0.539974E+07 0.550432E+09 0.177212E+10
  2736.00000  0.690355E+07 0.561909E+07 0.538607E+09 0.178137E+10
  2746.00000  0.680561E+07 0.583850E+07 0.526960E+09 0.179005E+10
  2756.00000  0.670856E+07 0.605777E+07 0.515489E+09 0.179819E+10
  2766.00000  0.661239E+07 0.627671E+07 0.504193E+09 0.180578E+10
  2776.00000  0.651711E+07 0.649513E+07 0.493071E+09 0.181284E+10
  2786.00000  0.642272E+07 0.671285E+07 0.482123E+09 0.181935E+10
  2796.00000  0.632922E+07 0.692970E+07 0.471346E+09 0.182533E+10
  2806.00000  0.623661E+07 0.714550E+07 0.460740E+09 0.183079E+10
  2816.00000  0.614490E+07 0.736010E+07 0.450304E+09 0.183572E+10
  2826.00000  0.605407E+07 0.757335E+07 0.440036E+09 0.184014E+10
  2836.00000  0.596414E+07 0.778509E+07 0.429935E+09 0.184405E+10
  2846.00000  0.587511E+07 0.799520E+07 0.420000E+09 0.184745E+10
  2856.00000  0.578696E+07 0.820353E+07 0.410230E+09 0.185035E+10
  2866.00000  0.569971E+07 0.840996E+07 0.400623E+09 0.185276E+10
  2876.00000  0.561336E+07 0.861436E+07 0.391179E+09 0.185468E+10
  2886.00000  0.552789E+07 0.881662E+07 0.381895E+09 0.185612E+10
  2896.00000  0.544332E+07 0.901663E+07 0.372770E+09 0.185709E+10
  2906.00000  0.535964E+07 0.921428E+07 0.363803E+09 0.185759E+10
  2916.00000  0.527685E+07 0.940948E+07 0.354993E+09 0.185764E+10
  2926.00000  0.519494E+07 0.960212E+07 0.346337E+09 0.185723E+10
  2936.00000  0.511392E+07 0.979212E+07 0.337835E+09 0.185638E+10
  2946.00000  0.503378E+07 0.997938E+07 0.329485E+09 0.185508E+10
  2956.00000  0.495452E+07 0.101638E+08 0.321286E+09 0.185336E+10
  2966.00000  0.487614E+07 0.103454E+08 0.313236E+09 0.185122E+10
  2976.00000  0.479864E+07 0.105240E+08 0.305333E+09 0.184866E+10
  2986.00000  0.472201E+07 0.106996E+08 0.297577E+09 0.184569E+10
  2996.00000  0.464625E+07 0.108721E+08 0.289965E+09 0.184232E+10
  3006.00000  0.457136E+07 0.110415E+08 0.282496E+09 0.183856E+10
  3016.00000  0.449733E+07 0.112077E+08 0.275168E+09 0.183441E+10
  3026.00000  0.442417E+07 0.113706E+08 0.267981E+09 0.182989E+10
  3036.00000  0.435187E+07 0.115302E+08 0.260931E+09 0.182500E+10
  3046.00000  0.428042E+07 0.116865E+08 0.254019E+09 0.181975E+10
  3056.00000  0.420982E+07 0.118395E+08 0.247241E+09 0.181415E+10
  3066.00000  0.414006E+07 0.119890E+08 0.240597E+09 0.180820E+10
  3076.00000  0.407115E+07 0.121350E+08 0.234086E+09 0.180192E+10
  3086.00000  0.400308E+07 0.122776E+08 0.227704E+09 0.179531E+10
  3096.00000  0.393585E+07 0.124167E+08 0.221451E+09 0.178837E+10
  3106.00000  0.386944E+07 0.125523E+08 0.215326E+09 0.178113E+10
  3116.00000  0.380386E+07 0.126844E+08 0.209326E+09 0.177357E+10
  3126.00000  0.373911E+07 0.128129E+08 0.203450E+09 0.176572E+10
  3136.00000  0.367516E+07 0.129378E+08 0.197696E+09 0.175759E+10
  3146.00000  0.361204E+07 0.130591E+08 0.192063E+09 0.174917E+10
  3156.00000  0.354971E+07 0.131769E+08 0.186549E+09 0.174048E+10
  3166.00000  0.348819E+07 0.132911E+08 0.181153E+09 0.173152E+10
  3176.00000  0.342747E+07 0.134016E+08 0.175873E+09 0.172230E+10
  3186.00000  0.336754E+07 0.135086E+08 0.170707E+09 0.171284E+10
  3196.00000  0.330840E+07 0.136120E+08 0.165654E+09 0.170313E+10
  3206.00000  0.325004E+07 0.137117E+08 0.160712E+09 0.169319E+10
  3216.00000  0.319245E+07 0.138079E+08 0.155880E+09 0.168302E+10
  3226.00000  0.313563E+07 0.139005E+08 0.151156E+09 0.167264E+10
  3236.00000  0.307958E+07 0.139896E+08 0.146538E+09 0.166204E+10
  3246.00000  0.302429E+07 0.140750E+08 0.142025E+09 0.165123E+10
  3256.00000  0.296975E+07 0.141569E+08 0.137615E+09 0.164023E+10
  3266.00000  0.291596E+07 0.142353E+08 0.133307E+09 0.162904E+10
  3276.00000  0.286291E+07 0.143102E+08 0.129100E+09 0.161766E+10
  3286.00000  0.281059E+07 0.143816E+08 0.124991E+09 0.160611E+10
  3296.00000  0.275901E+07 0.144495E+08 0.120979E+09 0.159439E+10
  3306.00000  0.270815E+07 0.145139E+08 0.117062E+09 0.158251E+10
  3316.00000  0.265801E+07 0.145749E+08 0.113240E+09 0.157048E+10
  3326.00000  0.260859E+07 0.146325E+08 0.109510E+09 0.155829E+10
  3336.00000  0.255986E+07 0.146868E+08 0.105872E+09 0.154597E+10
  3346.00000  0.251184E+07 0.147376E+08 0.102323E+09 0.153351E+10
  3356.00000  0.246452E+07 0.147851E+08 0.988620E+08 0.152092E+10
  3366.00000  0.241788E+07 0.148294E+08 0.954878E+08 0.150822E+10
  3376.00000  0.237192E+07 0.148703E+08 0.921988E+08 0.149539E+10
  3386.00000  0.232664E+07 0.149081E+08 0.889935E+08 0.148246E+10
  3396.00000  0.228203E+07 0.149426E+08 0.858706E+08 0.146943E+10
  3406.00000  0.223808E+07 0.149739E+08 0.828286E+08 0.145630E+10
  3416.00000  0.219479E+07 0.150021E+08 0.798662E+08 0.144308E+10
  3426.00000  0.215215E+07 0.150272E+08 0.769818E+08 0.142977E+10
  3436.00000  0.211015E+07 0.150492E+08 0.741741E+08 0.141639E+10
  3446.00000  0.206880E+07 0.150682E+08 0.714418E+08 0.140293E+10
  3456.00000  0.202807E+07 0.150842E+08 0.687835E+08 0.138941E+10
  3466.00000  0.198797E+07 0.150973E+08 0.661978E+08 0.137583E+10
  3476.00000  0.194849E+07 0.151074E+08 0.636834E+08 0.136219E+10
  3486.00000  0.190963E+07 0.151147E+08 0.612390E+08 0.134850E+10
  3496.00000  0.187137E+07 0.151191E+08 0.588633E+08 0.133477E+10
  3506.00000  0.183371E+07 0.151207E+08 0.565549E+08 0.132099E+10
  3516.00000  0.179665E+07 0.151195E+08 0.543126E+08 0.130718E+10
  3526.00000  0.176017E+07 0.151157E+08 0.521351E+08 0.129334E+10
  3536.00000  0.172428E+07 0.151091E+08 0.500212E+08 0.127948E+10
  3546.00000  0.168896E+07 0.150999E+08 0.479696E+08 0.126559E+10
  3556.00000  0.165421E+07 0.150882E+08 0.459790E+08 0.125169E+10
  3566.00000  0.162002E+07 0.150739E+08 0.440484E+08 0.123778E+10
  3576.00000  0.158639E+07 0.150570E+08 0.421764E+08 0.122386E+10
  3586.00000  0.155331E+07 0.150377E+08 0.403619E+08 0.120994E+10
  3596.00000  0.152078E+07 0.150160E+08 0.386037E+08 0.119603E+10
  3606.00000  0.148878E+07 0.149919E+08 0.369006E+08 0.118212E+10
  3616.00000  0.145732E+07 0.149655E+08 0.352516E+08 0.116822E+10
  3626.00000  0.142638E+07 0.149367E+08 0.336554E+08 0.115433E+10
  3636.00000  0.139596E+07 0.149058E+08 0.321109E+08 0.114047E+10
  3646.00000  0.136605E+07 0.148726E+08 0.306171E+08 0.112662E+10
  3656.00000  0.133665E+07 0.148372E+08 0.291728E+08 0.111280E+10
  3666.00000  0.130776E+07 0.147998E+08 0.277770E+08 0.109901E+10
  3676.00000  0.127935E+07 0.147602E+08 0.264286E+08 0.108526E+10
  3686.00000  0.125144E+07 0.147186E+08 0.251266E+08 0.107154E+10
  3696.00000  0.122401E+07 0.146750E+08 0.238699E+08 0.105786E+10
  3706.00000  0.119705E+07 0.146295E+08 0.226576E+08 0.104423E+10
  3716.00000  0.117057E+07 0.145821E+08 0.214885E+08 0.103064E+10
  3726.00000  0.114455E+07 0.145328E+08 0.203618E+08 0.101710E+10
  3736.00000  0.111900E+07 0.144817E+08 0.192764E+08 0.100361E+10
  3746.00000  0.109389E+07 0.144288E+08 0.182314E+08 0.990182E+09
  3756.00000  0.106923E+07 0.143741E+08 0.172259E+08 0.976810E+09
  3766.00000  0.104502E+07 0.143178E+08 0.162588E+08 0.963498E+09
  3776.00000  0.102124E+07 0.142598E+08 0.153293E+08 0.950250E+09
  3786.00000  0.997888E+06 0.142003E+08 0.144365E+08 0.937069E+09
  3796.00000  0.974964E+06 0.141391E+08 0.135795E+08 0.923956E+09
  3806.00000  0.952458E+06 0.140764E+08 0.127573E+08 0.910914E+09
  3816.00000  0.930365E+06 0.140123E+08 0.119692E+08 0.897945E+09
  3826.00000  0.908681E+06 0.139467E+08 0.112143E+08 0.885053E+09
  3836.00000  0.887398E+06 0.138797E+08 0.104917E+08 0.872238E+09
  3846.00000  0.866512E+06 0.138113E+08 0.980065E+07 0.859503E+09
  3856.00000  0.846018E+06 0.137416E+08 0.914031E+07 0.846850E+09
  3866.00000  0.825909E+06 0.136706E+08 0.850987E+07 0.834281E+09
  3876.00000  0.806181E+06 0.135984E+08 0.790856E+07 0.821798E+09
  3886.00000  0.786829E+06 0.135249E+08 0.733560E+07 0.809402E+09
  3896.00000  0.767846E+06 0.134503E+08 0.679023E+07 0.797096E+09
  3906.00000  0.749228E+06 0.133746E+08 0.627172E+07 0.784881E+09
  3916.00000  0.730969E+06 0.132978E+08 0.577932E+07 0.772758E+09
  3926.00000  0.713064E+06 0.132199E+08 0.531231E+07 0.760729E+09
  3936.00000  0.695509E+06 0.131410E+08 0.487000E+07 0.748796E+09
  3946.00000  0.678297E+06 0.130612E+08 0.445167E+07 0.736959E+09
  3956.00000  0.661425E+06 0.129803E+08 0.405666E+07 0.725220E+09
  3966.00000  0.644886E+06 0.128986E+08 0.368428E+07 0.713580E+09
  3976.00000  0.628677E+06 0.128160E+08 0.333389E+07 0.702041E+09
  3986.00000  0.612791E+06 0.127326E+08 0.300482E+07 0.690604E+09
  3996.00000  0.597225E+06 0.126483E+08 0.269646E+07 0.679269E+09
  4006.00000  0.581973E+06 0.125633E+08 0.240818E+07 0.668037E+09
  4016.00000  0.567031E+06 0.124776E+08 0.213937E+07 0.656910E+09
  4026.00000  0.552394E+06 0.123911E+08 0.188943E+07 0.645888E+09
  4036.00000  0.538056E+06 0.123040E+08 0.165776E+07 0.634973E+09
  4046.00000  0.524015E+06 0.122163E+08 0.144381E+07 0.624164E+09
  4056.00000  0.510265E+06 0.121279E+08 0.124700E+07 0.613463E+09
  4066.00000  0.496800E+06 0.120390E+08 0.106677E+07 0.602870E+09
  4076.00000  0.483618E+06 0.119495E+08 0.902595E+06 0.592386E+09
  4086.00000  0.470714E+06 0.118595E+08 0.753932E+06 0.582011E+09
  4096.00000  0.458082E+06 0.117691E+08 0.620263E+06 0.571746E+09
  4106.00000  0.445719E+06 0.116781E+08 0.501080E+06 0.561590E+09
  4116.00000  0.433620E+06 0.115868E+08 0.395882E+06 0.551546E+09
  4126.00000  0.421781E+06 0.114950E+08 0.304182E+06 0.541612E+09
  4136.00000  0.410198E+06 0.114029E+08 0.225499E+06 0.531790E+09
  4146.00000  0.398866E+06 0.113105E+08 0.159367E+06 0.522078E+09
  4156.00000  0.387782E+06 0.112177E+08 0.105328E+06 0.512479E+09
  4166.00000  0.376941E+06 0.111247E+08 0.629319E+05 0.502991E+09
  4176.00000  0.366340E+06 0.110314E+08 0.317417E+05 0.493615E+09
  4186.00000  0.355974E+06 0.109379E+08 0.113283E+05 0.484351E+09
  4196.00000  0.345839E+06 0.108441E+08 0.127257E+04 0.475199E+09
  4206.00000  0.335932E+06 0.107502E+08 0.116478E+04 0.466159E+09
  4216.00000  0.326248E+06 0.106561E+08 0.106045E+05 0.457230E+09
  4226.00000  0.316784E+06 0.105619E+08 0.292006E+05 0.448414E+09
  4236.00000  0.307535E+06 0.104676E+08 0.565707E+05 0.439709E+09
  4246.00000  0.298499E+06 0.103732E+08 0.923418E+05 0.431116E+09
  4256.00000  0.289672E+06 0.102787E+08 0.136149E+06 0.422634E+09
  4266.00000  0.281049E+06 0.101842E+08 0.187637E+06 0.414263E+09
  4276.00000  0.272628E+06 0.100897E+08 0.246459E+06 0.406003E+09
  4286.00000  0.264404E+06 0.999512E+07 0.312275E+06 0.397853E+09
  4296.00000  0.256375E+06 0.990062E+07 0.384755E+06 0.389814E+09
  4306.00000  0.248536E+06 0.980616E+07 0.463577E+06 0.381884E+09
  4316.00000  0.240884E+06 0.971176E+07 0.548426E+06 0.374064E+09
  4326.00000  0.233417E+06 0.961745E+07 0.638997E+06 0.366353E+09
  4336.00000  0.226130E+06 0.952324E+07 0.734990E+06 0.358751E+09
  4346.00000  0.219020E+06 0.942916E+07 0.836115E+06 0.351257E+09
  4356.00000  0.212084E+06 0.933522E+07 0.942088E+06 0.343871E+09
  4366.00000  0.205319E+06 0.924144E+07 0.105263E+07 0.336592E+09
  4376.00000  0.198722E+06 0.914783E+07 0.116748E+07 0.329419E+09
  4386.00000  0.192289E+06 0.905442E+07 0.128638E+07 0.322353E+09
  4396.00000  0.186017E+06 0.896123E+07 0.140906E+07 0.315392E+09
  4406.00000  0.179904E+06 0.886825E+07 0.153528E+07 0.308537E+09
  4416.00000  0.173946E+06 0.877553E+07 0.166481E+07 0.301785E+09
  4426.00000  0.168141E+06 0.868306E+07 0.179740E+07 0.295137E+09
  4436.00000  0.162485E+06 0.859086E+07 0.193283E+07 0.288592E+09
  4446.00000  0.156976E+06 0.849896E+07 0.207088E+07 0.282150E+09
  4456.00000  0.151610E+06 0.840736E+07 0.221133E+07 0.275809E+09
  4466.00000  0.146386E+06 0.831607E+07 0.235398E+07 0.269569E+09
  4476.00000  0.141299E+06 0.822512E+07 0.249863E+07 0.263429E+09
  4486.00000  0.136348E+06 0.813451E+07 0.264508E+07 0.257389E+09
  4511.00000  0.124546E+06 0.790959E+07 0.301784E+07 0.242719E+09
  4536.00000  0.113532E+06 0.768709E+07 0.339787E+07 0.228653E+09
  4561.00000  0.103268E+06 0.746720E+07 0.378258E+07 0.215179E+09
  4586.00000  0.937161E+05 0.725008E+07 0.416959E+07 0.202284E+09
  4611.00000  0.848387E+05 0.703587E+07 0.455669E+07 0.189954E+09
  4636.00000  0.766011E+05 0.682472E+07 0.494191E+07 0.178175E+09
  4661.00000  0.689695E+05 0.661676E+07 0.532340E+07 0.166934E+09
  4686.00000  0.619114E+05 0.641209E+07 0.569952E+07 0.156216E+09
  4711.00000  0.553957E+05 0.621083E+07 0.606877E+07 0.146007E+09
  4736.00000  0.493922E+05 0.601307E+07 0.642981E+07 0.136291E+09
  4761.00000  0.438723E+05 0.581888E+07 0.678143E+07 0.127056E+09
  4786.00000  0.388085E+05 0.562834E+07 0.712257E+07 0.118285E+09
  4811.00000  0.341744E+05 0.544152E+07 0.745228E+07 0.109964E+09
  4836.00000  0.299448E+05 0.525846E+07 0.776975E+07 0.102079E+09
  4861.00000  0.260954E+05 0.507921E+07 0.807426E+07 0.946142E+08
  4886.00000  0.226032E+05 0.490381E+07 0.836522E+07 0.875562E+08
  4911.00000  0.194461E+05 0.473229E+07 0.864211E+07 0.808903E+08
  4936.00000  0.166031E+05 0.456466E+07 0.890452E+07 0.746020E+08
  4961.00000  0.140540E+05 0.440095E+07 0.915212E+07 0.686774E+08
  4986.00000  0.117796E+05 0.424115E+07 0.938465E+07 0.631025E+08
  5011.00000  0.976164E+04 0.408527E+07 0.960195E+07 0.578637E+08
  5036.00000  0.798278E+04 0.393330E+07 0.980390E+07 0.529474E+08
  5061.00000  0.642643E+04 0.378523E+07 0.999046E+07 0.483403E+08
  5086.00000  0.507685E+04 0.364105E+07 0.101616E+08 0.440296E+08
  5111.00000  0.391909E+04 0.350073E+07 0.103175E+08 0.400023E+08
  5136.00000  0.293895E+04 0.336424E+07 0.104582E+08 0.362461E+08
  5161.00000  0.212295E+04 0.323155E+07 0.105838E+08 0.327488E+08
  5186.00000  0.145835E+04 0.310264E+07 0.106945E+08 0.294985E+08
  5211.00000  0.933056E+03 0.297746E+07 0.107907E+08 0.264835E+08
  5236.00000  0.535628E+03 0.285596E+07 0.108726E+08 0.236926E+08
  5261.00000  0.255258E+03 0.273811E+07 0.109404E+08 0.211148E+08
  5286.00000  0.817385E+02 0.262386E+07 0.109945E+08 0.187394E+08
  5311.00000  0.543593E+01 0.251314E+07 0.110352E+08 0.165560E+08
  5336.00000  0.172718E+02 0.240593E+07 0.110629E+08 0.145546E+08
  5361.00000  0.108697E+03 0.230214E+07 0.110781E+08 0.127255E+08
  5386.00000  0.271673E+03 0.220174E+07 0.110811E+08 0.110592E+08
  5411.00000  0.498644E+03 0.210465E+07 0.110722E+08 0.954667E+07
  5436.00000  0.782523E+03 0.201082E+07 0.110521E+08 0.817905E+07
  5461.00000  0.111667E+04 0.192019E+07 0.110210E+08 0.694791E+07
  5511.00000  0.191128E+04 0.174826E+07 0.109278E+08 0.486265E+07
  5561.00000  0.283751E+04 0.158833E+07 0.107963E+08 0.322922E+07
  5611.00000  0.385630E+04 0.143988E+07 0.106301E+08 0.199071E+07
  5661.00000  0.493393E+04 0.130236E+07 0.104327E+08 0.109482E+07
  5711.00000  0.604156E+04 0.117525E+07 0.102076E+08 0.493735E+06
  5761.00000  0.715471E+04 0.105799E+07 0.995832E+07 0.143872E+06
  5811.00000  0.825285E+04 0.950054E+06 0.968809E+07 0.572436E+04
  5861.00000  0.931893E+04 0.850920E+06 0.940009E+07 0.436318E+05
  5911.00000  0.103391E+05 0.760070E+06 0.909734E+07 0.225566E+06
  5961.00000  0.113022E+05 0.677001E+06 0.878268E+07 0.522910E+06
  6011.00000  0.121996E+05 0.601221E+06 0.845878E+07 0.910242E+06
  6061.00000  0.130248E+05 0.532256E+06 0.812813E+07 0.136511E+07
  6111.00000  0.137733E+05 0.469648E+06 0.779302E+07 0.186783E+07
  6161.00000  0.144421E+05 0.412957E+06 0.745558E+07 0.240124E+07
  6211.00000  0.150296E+05 0.361759E+06 0.711773E+07 0.295054E+07
  6261.00000  0.155356E+05 0.315650E+06 0.678124E+07 0.350306E+07
  6311.00000  0.159609E+05 0.274246E+06 0.644768E+07 0.404810E+07
  6361.00000  0.163070E+05 0.237181E+06 0.611847E+07 0.457671E+07
  6411.00000  0.165762E+05 0.204109E+06 0.579485E+07 0.508157E+07
  6461.00000  0.167715E+05 0.174700E+06 0.547791E+07 0.555677E+07
  6511.00000  0.168962E+05 0.148648E+06 0.516862E+07 0.599769E+07
  6561.00000  0.169541E+05 0.125659E+06 0.486777E+07 0.640087E+07
  6611.00000  0.169492E+05 0.105463E+06 0.457605E+07 0.676385E+07
  6661.00000  0.168857E+05 0.878034E+05 0.429399E+07 0.708503E+07
  6711.00000  0.167680E+05 0.724418E+05 0.402206E+07 0.736361E+07
  6761.00000  0.166003E+05 0.591564E+05 0.376060E+07 0.759945E+07
  6811.00000  0.163870E+05 0.477407E+05 0.350983E+07 0.779295E+07
  6861.00000  0.161325E+05 0.380036E+05 0.326993E+07 0.794502E+07
  6911.00000  0.158411E+05 0.297682E+05 0.304097E+07 0.805696E+07
  6961.00000  0.155169E+05 0.228713E+05 0.282296E+07 0.813039E+07
  7011.00000  0.151638E+05 0.171628E+05 0.261586E+07 0.816719E+07
  7061.00000  0.147858E+05 0.125049E+05 0.241954E+07 0.816945E+07
  7111.00000  0.143865E+05 0.877133E+04 0.223385E+07 0.813941E+07
  7161.00000  0.139694E+05 0.584697E+04 0.205859E+07 0.807941E+07
  7211.00000  0.135377E+05 0.362690E+04 0.189352E+07 0.799186E+07
  7261.00000  0.130946E+05 0.201591E+04 0.173835E+07 0.787917E+07
  7311.00000  0.126430E+05 0.927788E+03 0.159281E+07 0.774380E+07
  7361.00000  0.121854E+05 0.284777E+03 0.145656E+07 0.758813E+07
  7411.00000  0.117244E+05 0.169390E+02 0.132927E+07 0.741453E+07
  7511.00000  0.108008E+05 0.362852E+03 0.110017E+07 0.702256E+07
  7611.00000  0.988816E+04 0.154188E+04 0.902602E+06 0.658511E+07
  7711.00000  0.899913E+04 0.322208E+04 0.733620E+06 0.611773E+07
  7811.00000  0.814386E+04 0.514873E+04 0.590295E+06 0.563411E+07
  7911.00000  0.732996E+04 0.713130E+04 0.469783E+06 0.514599E+07
  8011.00000  0.656294E+04 0.903210E+04 0.369375E+06 0.466320E+07
  8111.00000  0.584639E+04 0.107563E+05 0.286527E+06 0.419371E+07
  8211.00000  0.518234E+04 0.122432E+05 0.218882E+06 0.374381E+07
  8311.00000  0.457150E+04 0.134593E+05 0.164283E+06 0.331819E+07
  8411.00000  0.401345E+04 0.143915E+05 0.120778E+06 0.292018E+07
  8511.00000  0.350694E+04 0.150423E+05 0.866200E+05 0.255191E+07
  8611.00000  0.305001E+04 0.154254E+05 0.602566E+05 0.221447E+07
  8711.00000  0.264022E+04 0.155622E+05 0.403262E+05 0.190810E+07
  8811.00000  0.227478E+04 0.154791E+05 0.256432E+05 0.163237E+07
  8911.00000  0.195065E+04 0.152049E+05 0.151854E+05 0.138628E+07
  9011.00000  0.166468E+04 0.147695E+05 0.807998E+04 0.116842E+07
  9111.00000  0.141369E+04 0.142024E+05 0.358881E+04 0.977105E+06
  9211.00000  0.119453E+04 0.135318E+05 0.109413E+04 0.810422E+06
  9311.00000  0.100413E+04 0.127839E+05 0.846339E+02 0.666356E+06
  9411.00000  0.839540E+03 0.119824E+05 0.142198E+03 0.542841E+06
  9511.00000  0.697996E+03 0.111486E+05 0.929491E+03 0.437822E+06
  9611.00000  0.576892E+03 0.103009E+05 0.217855E+04 0.349295E+06
  9711.00000  0.473817E+03 0.945492E+04 0.368038E+04 0.275342E+06
  9811.00000  0.386558E+03 0.862373E+04 0.527559E+04 0.214158E+06
  9911.00000  0.313097E+03 0.781793E+04 0.684606E+04 0.164060E+06
 10011.00000  0.251610E+03 0.704585E+04 0.830756E+04 0.123506E+06
 10111.00000  0.200458E+03 0.631377E+04 0.960341E+04 0.910940E+05
 10211.00000  0.158180E+03 0.562615E+04 0.106989E+05 0.655622E+05
 10311.00000  0.123481E+03 0.498587E+04 0.115765E+05 0.457886E+05
 10411.00000  0.952185E+02 0.439444E+04 0.122320E+05 0.307837E+05
 10511.00000  0.723922E+02 0.385224E+04 0.126710E+05 0.196826E+05
 10611.00000  0.541311E+02 0.335872E+04 0.129063E+05 0.117375E+05
 10711.00000  0.396805E+02 0.291255E+04 0.129553E+05 0.630682E+04
 10811.00000  0.283904E+02 0.251184E+04 0.128386E+05 0.284630E+04
 10911.00000  0.197041E+02 0.215426E+04 0.125784E+05 0.898465E+03
 11011.00000  0.131472E+02 0.183713E+04 0.121972E+05 0.831379E+02
 11111.00000  0.831766E+01 0.155763E+04 0.117171E+05 0.880576E+02
 11211.00000  0.487708E+01 0.131277E+04 0.111591E+05 0.660111E+03
 11311.00000  0.254187E+01 0.109957E+04 0.105429E+05 0.159718E+04
 11411.00000  0.107600E+01 0.915065E+03 0.988627E+04 0.274067E+04
 11511.00000  0.284218E+00 0.756388E+03 0.920516E+04 0.396876E+04
 11611.00000  0.604801E-02 0.620781E+03 0.851350E+04 0.519037E+04
 11711.00000  0.110564E+00 0.505638E+03 0.782323E+04 0.633975E+04
 11811.00000  0.491752E+00 0.408525E+03 0.714440E+04 0.737188E+04
 11911.00000  0.106450E+01 0.327188E+03 0.648524E+04 0.825831E+04
 12011.00000  0.176111E+01 0.259562E+03 0.585231E+04 0.898370E+04
 12111.00000  0.252834E+01 0.203769E+03 0.525067E+04 0.954287E+04
 12211.00000  0.332483E+01 0.158120E+03 0.468398E+04 0.993827E+04
 12311.00000  0.411893E+01 0.121105E+03 0.415473E+04 0.101779E+05
 12411.00000  0.488692E+01 0.913828E+02 0.366436E+04 0.102737E+05
 12511.00000  0.561142E+01 0.677762E+02 0.321341E+04 0.102401E+05
 12611.00000  0.628015E+01 0.492560E+02 0.280168E+04 0.100927E+05
 12711.00000  0.688488E+01 0.349303E+02 0.242836E+04 0.984789E+04
 12811.00000  0.742052E+01 0.240322E+02 0.209215E+04 0.952187E+04
 12911.00000  0.788447E+01 0.159075E+02 0.179137E+04 0.913020E+04
 13011.00000  0.827602E+01 0.100023E+02 0.152405E+04 0.868752E+04
 13111.00000  0.859587E+01 0.585170E+01 0.128802E+04 0.820726E+04
 13211.00000  0.884582E+01 0.306895E+01 0.108101E+04 0.770159E+04
 13311.00000  0.902843E+01 0.133516E+01 0.900661E+03 0.718124E+04
 13411.00000  0.914680E+01 0.390103E+00 0.744617E+03 0.665558E+04
 13511.00000  0.920446E+01 0.236937E-01 0.610558E+03 0.613263E+04
 13611.00000  0.920513E+01 0.683536E-01 0.496229E+03 0.561908E+04
 13711.00000  0.915273E+01 0.392220E+00 0.399475E+03 0.512045E+04
 13811.00000  0.905128E+01 0.893142E+00 0.318256E+03 0.464113E+04
 13911.00000  0.890479E+01 0.149343E+01 0.250666E+03 0.418450E+04
 14011.00000  0.871729E+01 0.213533E+01 0.194936E+03 0.375306E+04
 14111.00000  0.849279E+01 0.277712E+01 0.149448E+03 0.334851E+04
 14211.00000  0.823522E+01 0.338980E+01 0.112728E+03 0.297187E+04
 14311.00000  0.794849E+01 0.395433E+01 0.834484E+02 0.262356E+04
 14411.00000  0.763643E+01 0.445931E+01 0.604250E+02 0.230354E+04
 14511.00000  0.730276E+01 0.489908E+01 0.426087E+02 0.201133E+04
 14611.00000  0.695118E+01 0.527221E+01 0.290793E+02 0.174615E+04
 14711.00000  0.658525E+01 0.558022E+01 0.190368E+02 0.150695E+04
 14811.00000  0.620845E+01 0.582662E+01 0.117924E+02 0.129246E+04
 14911.00000  0.582414E+01 0.601619E+01 0.675900E+01 0.110130E+04
 15011.00000  0.543557E+01 0.615434E+01 0.344133E+01 0.931961E+03
 15111.00000  0.504584E+01 0.624672E+01 0.142658E+01 0.782890E+03
 15211.00000  0.465793E+01 0.629893E+01 0.374948E+00 0.652506E+03
 15311.00000  0.427464E+01 0.631625E+01 0.107174E-01 0.539232E+03
 15411.00000  0.389861E+01 0.630357E+01 0.113776E+00 0.441515E+03
 15511.00000  0.353228E+01 0.626527E+01 0.511726E+00 0.357849E+03
 15611.00000  0.317789E+01 0.620518E+01 0.107261E+01 0.286788E+03
 15711.00000  0.283748E+01 0.612659E+01 0.169829E+01 0.226954E+03
 15811.00000  0.251284E+01 0.603230E+01 0.231852E+01 0.177053E+03
 15911.00000  0.220555E+01 0.592458E+01 0.288562E+01 0.135872E+03
 16011.00000  0.191692E+01 0.580529E+01 0.336987E+01 0.102290E+03
 16111.00000  0.164805E+01 0.567590E+01 0.375553E+01 0.752743E+02
 16211.00000  0.139975E+01 0.553755E+01 0.403734E+01 0.538823E+02
 16311.00000  0.117260E+01 0.539109E+01 0.421770E+01 0.372608E+02
 16411.00000  0.966928E+00 0.523716E+01 0.430428E+01 0.246431E+02
 16511.00000  0.782830E+00 0.507624E+01 0.430806E+01 0.153453E+02
 16611.00000  0.620158E+00 0.490867E+01 0.424185E+01 0.876278E+01
 16711.00000  0.478547E+00 0.473474E+01 0.411909E+01 0.436555E+01
 16811.00000  0.357425E+00 0.455469E+01 0.395299E+01 0.169340E+01
 16911.00000  0.256029E+00 0.436875E+01 0.375589E+01 0.350814E+00
 17011.00000  0.173424E+00 0.417723E+01 0.353890E+01 0.171074E-02
 17111.00000  0.108523E+00 0.398047E+01 0.331166E+01 0.364129E+00
 17211.00000  0.601079E-01 0.377889E+01 0.308221E+01 0.120497E+01
 17311.00000  0.268531E-01 0.357302E+01 0.285707E+01 0.233484E+01
 17411.00000  0.734748E-02 0.336352E+01 0.264126E+01 0.360304E+01
 17511.00000  0.118547E-03 0.315114E+01 0.243849E+01 0.489278E+01
 17611.00000  0.365554E-02 0.293676E+01 0.225130E+01 0.611661E+01
 17711.00000  0.164321E-01 0.272137E+01 0.208124E+01 0.721220E+01
 17811.00000  0.369282E-01 0.250608E+01 0.192908E+01 0.813831E+01
 17911.00000  0.636508E-01 0.229207E+01 0.179494E+01 0.887122E+01
 18011.00000  0.951531E-01 0.208063E+01 0.167848E+01 0.940137E+01
 18111.00000  0.130052E+00 0.187308E+01 0.157904E+01 0.973036E+01
 18211.00000  0.167043E+00 0.167077E+01 0.149570E+01 0.986833E+01
 18311.00000  0.204917E+00 0.147508E+01 0.142742E+01 0.983164E+01
 18411.00000  0.242565E+00 0.128736E+01 0.137308E+01 0.964084E+01
 18511.00000  0.278993E+00 0.110892E+01 0.133155E+01 0.931897E+01
 18611.00000  0.313327E+00 0.940985E+00 0.130169E+01 0.889018E+01
 18711.00000  0.344817E+00 0.784697E+00 0.128235E+01 0.837850E+01
 18811.00000  0.372837E+00 0.641068E+00 0.127244E+01 0.780702E+01
 18911.00000  0.396891E+00 0.510968E+00 0.127084E+01 0.719715E+01
 19011.00000  0.416604E+00 0.395101E+00 0.127644E+01 0.656818E+01
 19111.00000  0.431722E+00 0.293990E+00 0.128813E+01 0.593691E+01
 19311.00000  0.447726E+00 0.137156E+00 0.132519E+01 0.472168E+01
 19511.00000  0.445034E+00 0.406720E-01 0.137249E+01 0.363383E+01
 19711.00000  0.425212E+00 0.149317E-02 0.142013E+01 0.271743E+01
 19911.00000  0.390936E+00 0.135392E-01 0.145810E+01 0.198532E+01
 20111.00000  0.345637E+00 0.681568E-01 0.147696E+01 0.142808E+01
 20311.00000  0.293153E+00 0.154784E+00 0.146872E+01 0.102283E+01
 20511.00000  0.237407E+00 0.261753E+00 0.142765E+01 0.740975E+00
 20711.00000  0.182126E+00 0.377148E+00 0.135106E+01 0.553979E+00
 20911.00000  0.130612E+00 0.489655E+00 0.123971E+01 0.437105E+00
 21111.00000  0.855838E-01 0.589313E+00 0.109789E+01 0.371162E+00
 21311.00000  0.490693E-01 0.668120E+00 0.933063E+00 0.342624E+00
 21511.00000  0.223675E-01 0.720459E+00 0.755146E+00 0.342664E+00
 21711.00000  0.605776E-02 0.743292E+00 0.575520E+00 0.365574E+00
 21911.00000  0.546896E-04 0.736164E+00 0.405861E+00 0.407084E+00
 22111.00000  0.369693E-02 0.700999E+00 0.256962E+00 0.462943E+00
 22311.00000  0.158576E-01 0.641723E+00 0.137668E+00 0.527987E+00
 22511.00000  0.350672E-01 0.563799E+00 0.540530E-01 0.595823E+00
 22711.00000  0.596380E-01 0.473653E+00 0.891173E-02 0.659047E+00
 22911.00000  0.877843E-01 0.378114E+00 0.161273E-02 0.709937E+00
 23111.00000  0.117728E+00 0.283855E+00 0.283074E-01 0.741365E+00
 23311.00000  0.147793E+00 0.196924E+00 0.824528E-01 0.747787E+00
 23511.00000  0.176471E+00 0.122355E+00 0.155574E+00 0.726068E+00
 23711.00000  0.202481E+00 0.639049E-01 0.238169E+00 0.676020E+00
 23911.00000  0.224797E+00 0.239073E-01 0.320659E+00 0.600565E+00
 24111.00000  0.242662E+00 0.325245E-02 0.394275E+00 0.505471E+00
 24311.00000  0.255594E+00 0.146991E-02 0.451812E+00 0.398748E+00
 24511.00000  0.263361E+00 0.169010E-01 0.488163E+00 0.289736E+00
 24711.00000  0.265972E+00 0.469356E-01 0.500635E+00 0.188069E+00
 24911.00000  0.263632E+00 0.882877E-01 0.488984E+00 0.102597E+00
 25111.00000  0.256717E+00 0.137286E+00 0.455254E+00 0.404396E-01
 25311.00000  0.245734E+00 0.190151E+00 0.403384E+00 0.625513E-02
 25511.00000  0.231287E+00 0.243254E+00 0.338706E+00 0.181594E-02
 25711.00000  0.214038E+00 0.293319E+00 0.267338E+00 0.259134E-01
 25911.00000  0.194684E+00 0.337591E+00 0.195576E+00 0.745919E-01
 26111.00000  0.173919E+00 0.373937E+00 0.129322E+00 0.141665E+00
 26311.00000  0.152420E+00 0.400893E+00 0.735956E-01 0.219439E+00
 26511.00000  0.130822E+00 0.417671E+00 0.321790E-01 0.299556E+00
 26711.00000  0.109705E+00 0.424116E+00 0.739702E-02 0.373857E+00
 26911.00000  0.895838E-01 0.420628E+00 0.468511E-04 0.435167E+00
         IE==>      8            9           10
     1.00000  0.163437E-23 0.453756E-23 0.742508E-21
     2.00000  0.189335E-19 0.521285E-19 0.829797E-17
     3.00000  0.451295E-17 0.123216E-16 0.190896E-14
     4.00000  0.219359E-15 0.593894E-15 0.895947E-13
     5.00000  0.446156E-14 0.119777E-13 0.176032E-11
     6.00000  0.523003E-13 0.139223E-12 0.199420E-10
     7.00000  0.419161E-12 0.110636E-11 0.154518E-09
     8.00000  0.254328E-11 0.665581E-11 0.906755E-09
     9.00000  0.124767E-10 0.323731E-10 0.430382E-08
    10.00000  0.517604E-10 0.133152E-09 0.172808E-07
    11.00000  0.187499E-09 0.478187E-09 0.606070E-07
    12.00000  0.607253E-09 0.153534E-08 0.190105E-06
    13.00000  0.179024E-08 0.448710E-08 0.542962E-06
    14.00000  0.487175E-08 0.121044E-07 0.143188E-05
    15.00000  0.123736E-07 0.304753E-07 0.352540E-05
    16.00000  0.295953E-07 0.722517E-07 0.817602E-05
    17.00000  0.671475E-07 0.162486E-06 0.179917E-04
    18.00000  0.145393E-06 0.348718E-06 0.377935E-04
    19.00000  0.301971E-06 0.717833E-06 0.761684E-04
    20.00000  0.604161E-06 0.142339E-05 0.147911E-03
    21.00000  0.116868E-05 0.272874E-05 0.277763E-03
    22.00000  0.219260E-05 0.507348E-05 0.506014E-03
    23.00000  0.400061E-05 0.917355E-05 0.896693E-03
    24.00000  0.711591E-05 0.161692E-04 0.154934E-02
    25.00000  0.123645E-04 0.278399E-04 0.261560E-02
    26.00000  0.210265E-04 0.469104E-04 0.432231E-02
    27.00000  0.350514E-04 0.774827E-04 0.700300E-02
    28.00000  0.573622E-04 0.125633E-03 0.111405E-01
    29.00000  0.922767E-04 0.200231E-03 0.174236E-01
    30.00000  0.146087E-03 0.314048E-03 0.268219E-01
    31.00000  0.227847E-03 0.485235E-03 0.406831E-01
    32.00000  0.350428E-03 0.739291E-03 0.608585E-01
    33.00000  0.531931E-03 0.111163E-02 0.898639E-01
    34.00000  0.797546E-03 0.165095E-02 0.131083E+00
    35.00000  0.118199E-02 0.242350E-02 0.189023E+00
    36.00000  0.173266E-02 0.351865E-02 0.269635E+00
    37.00000  0.251375E-02 0.505589E-02 0.380705E+00
    38.00000  0.361143E-02 0.719364E-02 0.532346E+00
    39.00000  0.514054E-02 0.101404E-01 0.737587E+00
    40.00000  0.725301E-02 0.141683E-01 0.101310E+01
    42.00000  0.140873E-01 0.269821E-01 0.186521E+01
    44.00000  0.265449E-01 0.498419E-01 0.333254E+01
    46.00000  0.486592E-01 0.895489E-01 0.579391E+01
    48.00000  0.869793E-01 0.156858E+00 0.982507E+01
    50.00000  0.151929E+00 0.268435E+00 0.162840E+02
    52.00000  0.259803E+00 0.449631E+00 0.264262E+02
    54.00000  0.435644E+00 0.738358E+00 0.420588E+02
    56.00000  0.717367E+00 0.119043E+01 0.657428E+02
    58.00000  0.116156E+01 0.188684E+01 0.101057E+03
    60.00000  0.185161E+01 0.294353E+01 0.152938E+03
    62.00000  0.290887E+01 0.452450E+01 0.228111E+03
    64.00000  0.450807E+01 0.685895E+01 0.335637E+03
    66.00000  0.689815E+01 0.102639E+02 0.487595E+03
    68.00000  0.104303E+02 0.151731E+02 0.699928E+03
    70.00000  0.155957E+02 0.221753E+02 0.993482E+03
    72.00000  0.230752E+02 0.320611E+02 0.139527E+04
    74.00000  0.338057E+02 0.458850E+02 0.194004E+04
    76.00000  0.490663E+02 0.650412E+02 0.267210E+04
    78.00000  0.705925E+02 0.913607E+02 0.364755E+04
    80.00000  0.100723E+03 0.127231E+03 0.493699E+04
    82.00000  0.142590E+03 0.175746E+03 0.662863E+04
    84.00000  0.200368E+03 0.240889E+03 0.883204E+04
    86.00000  0.279592E+03 0.327764E+03 0.116826E+05
    88.00000  0.387561E+03 0.442871E+03 0.153465E+05
    90.00000  0.533860E+03 0.594450E+03 0.200270E+05
    92.00000  0.731028E+03 0.792893E+03 0.259712E+05
    94.00000  0.995394E+03 0.105126E+04 0.334783E+05
    96.00000  0.134816E+04 0.138586E+04 0.429088E+05
    98.00000  0.181675E+04 0.181706E+04 0.546954E+05
   100.00000  0.243653E+04 0.237009E+04 0.693555E+05
   102.00000  0.325301E+04 0.307619E+04 0.875054E+05
   104.00000  0.432457E+04 0.397390E+04 0.109877E+06
   106.00000  0.572594E+04 0.511061E+04 0.137336E+06
   108.00000  0.755263E+04 0.654448E+04 0.170903E+06
   110.00000  0.992647E+04 0.834666E+04 0.211782E+06
   112.00000  0.130026E+05 0.106041E+05 0.261383E+06
   114.00000  0.169784E+05 0.134228E+05 0.321358E+06
   116.00000  0.221049E+05 0.169319E+05 0.393638E+06
   118.00000  0.287005E+05 0.212881E+05 0.480472E+06
   122.00000  0.480260E+05 0.333449E+05 0.708711E+06
   126.00000  0.796816E+05 0.516587E+05 0.103253E+07
   130.00000  0.131291E+06 0.792671E+05 0.148751E+07
   134.00000  0.215197E+06 0.120645E+06 0.212139E+07
   138.00000  0.351506E+06 0.182412E+06 0.299829E+07
   142.00000  0.573279E+06 0.274439E+06 0.420465E+07
   146.00000  0.935583E+06 0.411617E+06 0.585787E+07
   150.00000  0.153171E+07 0.616777E+06 0.811937E+07
   154.00000  0.252319E+07 0.925704E+06 0.112152E+08
   158.00000  0.419784E+07 0.139615E+07 0.154701E+08
   162.00000  0.708740E+07 0.212490E+07 0.213684E+08
   166.00000  0.122217E+08 0.328252E+07 0.296682E+08
   170.00000  0.217230E+08 0.518970E+07 0.416381E+08
   174.00000  0.403434E+08 0.850461E+07 0.596005E+08
   178.00000  0.800323E+08 0.147507E+08 0.883645E+08
   182.00000  0.176431E+09 0.281301E+08 0.139819E+09
   186.00000  0.469714E+09 0.639868E+08 0.252798E+09
   190.00000  0.190587E+10 0.218594E+09 0.642885E+09
   194.00000  0.508252E+11 0.482236E+10 0.946623E+10
   194.22000  0.639388E+11 0.603709E+10 0.116802E+11
   194.23000  0.652724E+11 0.615992E+10 0.119033E+11
   194.24000  0.666473E+11 0.628653E+10 0.121331E+11
   194.25000  0.680653E+11 0.641707E+10 0.123699E+11
   194.26000  0.695282E+11 0.655171E+10 0.126139E+11
   194.27000  0.710378E+11 0.669061E+10 0.128655E+11
   194.28000  0.725962E+11 0.683396E+10 0.131250E+11
   194.29000  0.742056E+11 0.698196E+10 0.133927E+11
   194.30000  0.758680E+11 0.713479E+10 0.136690E+11
   194.31000  0.775859E+11 0.729269E+10 0.139543E+11
   194.32000  0.793618E+11 0.745588E+10 0.142490E+11
   194.33000  0.811983E+11 0.762458E+10 0.145534E+11
   194.34000  0.830982E+11 0.779906E+10 0.148680E+11
   194.35000  0.850643E+11 0.797958E+10 0.151933E+11
   194.36000  0.870998E+11 0.816643E+10 0.155298E+11
   194.37000  0.892081E+11 0.835989E+10 0.158780E+11
   194.38000  0.913925E+11 0.856030E+10 0.162384E+11
   194.39000  0.936568E+11 0.876797E+10 0.166117E+11
   194.40000  0.960049E+11 0.898328E+10 0.169984E+11
   194.41000  0.984409E+11 0.920659E+10 0.173992E+11
   194.42000  0.100969E+12 0.943832E+10 0.178149E+11
   194.43000  0.103595E+12 0.967888E+10 0.182462E+11
   194.44000  0.106323E+12 0.992873E+10 0.186938E+11
   194.45000  0.109158E+12 0.101884E+11 0.191586E+11
   194.46000  0.112106E+12 0.104583E+11 0.196416E+11
   194.47000  0.115174E+12 0.107390E+11 0.201436E+11
   194.48000  0.118367E+12 0.110312E+11 0.206657E+11
   194.49000  0.121693E+12 0.113355E+11 0.212090E+11
   194.50000  0.125160E+12 0.116525E+11 0.217747E+11
   194.51000  0.128774E+12 0.119829E+11 0.223640E+11
   194.52000  0.132545E+12 0.123276E+11 0.229783E+11
   194.53000  0.136481E+12 0.126873E+11 0.236190E+11
   194.54000  0.140594E+12 0.130630E+11 0.242876E+11
   194.55000  0.144892E+12 0.134556E+11 0.249859E+11
   194.56000  0.149388E+12 0.138661E+11 0.257155E+11
   194.57000  0.154093E+12 0.142956E+11 0.264786E+11
   194.58000  0.159021E+12 0.147454E+11 0.272770E+11
   194.59000  0.164187E+12 0.152167E+11 0.281131E+11
   194.60000  0.169605E+12 0.157109E+11 0.289892E+11
   194.61000  0.175293E+12 0.162295E+11 0.299081E+11
   194.62000  0.181268E+12 0.167742E+11 0.308725E+11
   194.63000  0.187549E+12 0.173467E+11 0.318855E+11
   194.64000  0.194159E+12 0.179490E+11 0.329505E+11
   194.65000  0.201121E+12 0.185832E+11 0.340711E+11
   194.66000  0.208460E+12 0.192515E+11 0.352513E+11
   194.67000  0.216203E+12 0.199565E+11 0.364953E+11
   194.68000  0.224380E+12 0.207008E+11 0.378080E+11
   194.69000  0.233025E+12 0.214875E+11 0.391945E+11
   194.70000  0.242175E+12 0.223198E+11 0.406604E+11
   194.71000  0.251868E+12 0.232014E+11 0.422121E+11
   194.72000  0.262148E+12 0.241362E+11 0.438562E+11
   194.73000  0.273065E+12 0.251285E+11 0.456005E+11
   194.74000  0.284670E+12 0.261832E+11 0.474532E+11
   194.75000  0.297025E+12 0.273057E+11 0.494236E+11
   194.76000  0.310193E+12 0.285018E+11 0.515219E+11
   194.77000  0.324248E+12 0.297781E+11 0.537594E+11
   194.78000  0.339272E+12 0.311420E+11 0.561489E+11
   194.79000  0.355355E+12 0.326017E+11 0.587044E+11
   194.80000  0.372598E+12 0.341663E+11 0.614419E+11
   194.81000  0.391117E+12 0.358462E+11 0.643791E+11
   194.82000  0.411039E+12 0.376529E+11 0.675360E+11
   194.83000  0.432510E+12 0.395996E+11 0.709351E+11
   194.84000  0.455694E+12 0.417011E+11 0.746021E+11
   194.85000  0.480778E+12 0.439742E+11 0.785659E+11
   194.86000  0.507975E+12 0.464381E+11 0.828596E+11
   194.87000  0.537529E+12 0.491148E+11 0.875211E+11
   194.88000  0.569719E+12 0.520296E+11 0.925938E+11
   194.89000  0.604869E+12 0.552115E+11 0.981275E+11
   194.90000  0.643351E+12 0.586941E+11 0.104180E+12
   194.91000  0.685599E+12 0.625166E+11 0.110819E+12
   194.92000  0.732121E+12 0.667247E+11 0.118123E+12
   194.93000  0.783513E+12 0.713721E+11 0.126184E+12
   194.94000  0.840476E+12 0.765220E+11 0.135111E+12
   194.95000  0.903846E+12 0.822496E+11 0.145032E+12
   194.96000  0.974619E+12 0.886446E+11 0.156102E+12
   194.97000  0.105399E+13 0.958149E+11 0.168506E+12
   194.98000  0.114342E+13 0.103891E+12 0.182467E+12
   194.99000  0.124466E+13 0.113032E+12 0.198259E+12
   195.00000  0.135990E+13 0.123434E+12 0.216217E+12
   195.01000  0.149183E+13 0.135340E+12 0.236758E+12
   195.02000  0.164383E+13 0.149054E+12 0.260402E+12
   195.03000  0.182020E+13 0.164962E+12 0.287810E+12
   195.04000  0.202643E+13 0.183558E+12 0.319827E+12
   195.05000  0.226963E+13 0.205482E+12 0.357551E+12
   195.06000  0.255921E+13 0.231581E+12 0.402426E+12
   195.07000  0.290774E+13 0.262984E+12 0.456386E+12
   195.08000  0.333235E+13 0.301233E+12 0.522063E+12
   195.09000  0.385689E+13 0.348471E+12 0.603122E+12
   195.10000  0.451533E+13 0.407752E+12 0.704778E+12
   195.11000  0.535741E+13 0.483547E+12 0.834664E+12
   195.12000  0.645827E+13 0.582609E+12 0.100431E+13
   195.13000  0.793581E+13 0.715533E+12 0.123178E+13
   195.14000  0.998357E+13 0.899708E+12 0.154675E+13
   195.15000  0.129374E+14 0.116530E+13 0.200065E+13
   195.16000  0.174220E+14 0.156844E+13 0.268914E+13
   195.17000  0.247103E+14 0.222344E+13 0.380701E+13
   195.18000  0.377346E+14 0.339362E+13 0.580275E+13
   195.19000  0.645597E+14 0.580313E+13 0.990933E+13
   195.20000  0.134597E+15 0.120924E+14 0.206208E+14
   195.21000  0.431800E+15 0.387737E+14 0.660297E+14
   195.21010  0.438671E+15 0.393905E+14 0.670792E+14
   195.21020  0.445706E+15 0.400220E+14 0.681537E+14
   195.21030  0.452911E+15 0.406687E+14 0.692540E+14
   195.21040  0.460289E+15 0.413310E+14 0.703810E+14
   195.21050  0.467848E+15 0.420095E+14 0.715354E+14
   195.21060  0.475592E+15 0.427047E+14 0.727182E+14
   195.21070  0.483528E+15 0.434171E+14 0.739302E+14
   195.21080  0.491663E+15 0.441473E+14 0.751726E+14
   195.21090  0.500003E+15 0.448959E+14 0.764462E+14
   195.21100  0.508554E+15 0.456634E+14 0.777522E+14
   195.21110  0.517324E+15 0.464507E+14 0.790915E+14
   195.21120  0.526320E+15 0.472582E+14 0.804655E+14
   195.21130  0.535551E+15 0.480868E+14 0.818751E+14
   195.21140  0.545023E+15 0.489371E+14 0.833217E+14
   195.21150  0.554747E+15 0.498099E+14 0.848066E+14
   195.21160  0.564729E+15 0.507059E+14 0.863311E+14
   195.21170  0.574981E+15 0.516261E+14 0.878966E+14
   195.21180  0.585511E+15 0.525713E+14 0.895046E+14
   195.21190  0.596328E+15 0.535423E+14 0.911566E+14
   195.21200  0.607445E+15 0.545402E+14 0.928542E+14
   195.21210  0.618872E+15 0.555658E+14 0.945990E+14
   195.21220  0.630619E+15 0.566203E+14 0.963929E+14
   195.21230  0.642700E+15 0.577047E+14 0.982377E+14
   195.21240  0.655126E+15 0.588201E+14 0.100135E+15
   195.21250  0.667912E+15 0.599677E+14 0.102088E+15
   195.21260  0.681070E+15 0.611487E+14 0.104097E+15
   195.21270  0.694614E+15 0.623645E+14 0.106165E+15
   195.21280  0.708561E+15 0.636164E+14 0.108295E+15
   195.21290  0.722926E+15 0.649058E+14 0.110488E+15
   195.21300  0.737725E+15 0.662341E+14 0.112748E+15
   195.21310  0.752976E+15 0.676030E+14 0.115076E+15
   195.21320  0.768698E+15 0.690142E+14 0.117477E+15
   195.21330  0.784908E+15 0.704692E+14 0.119952E+15
   195.21340  0.801629E+15 0.719700E+14 0.122505E+15
   195.21350  0.818879E+15 0.735184E+14 0.125139E+15
   195.21360  0.836683E+15 0.751164E+14 0.127857E+15
   195.21370  0.855064E+15 0.767662E+14 0.130664E+15
   195.21380  0.874045E+15 0.784699E+14 0.133562E+15
   195.21390  0.893653E+15 0.802299E+14 0.136555E+15
   195.21400  0.913916E+15 0.820486E+14 0.139649E+15
   195.21410  0.934863E+15 0.839287E+14 0.142847E+15
   195.21420  0.956522E+15 0.858728E+14 0.146154E+15
   195.21430  0.978928E+15 0.878838E+14 0.149575E+15
   195.21440  0.100211E+16 0.899648E+14 0.153114E+15
   195.21450  0.102611E+16 0.921190E+14 0.156779E+15
   195.21460  0.105097E+16 0.943498E+14 0.160573E+15
   195.21470  0.107671E+16 0.966607E+14 0.164504E+15
   195.21480  0.110340E+16 0.990555E+14 0.168577E+15
   195.21490  0.113106E+16 0.101538E+15 0.172800E+15
   195.21500  0.115975E+16 0.104113E+15 0.177180E+15
   195.21510  0.118952E+16 0.106785E+15 0.181724E+15
   195.21520  0.122041E+16 0.109558E+15 0.186441E+15
   195.21530  0.125250E+16 0.112438E+15 0.191338E+15
   195.21540  0.128583E+16 0.115429E+15 0.196427E+15
   195.21550  0.132047E+16 0.118538E+15 0.201715E+15
   195.21560  0.135649E+16 0.121771E+15 0.207213E+15
   195.21570  0.139395E+16 0.125134E+15 0.212932E+15
   195.21580  0.143294E+16 0.128633E+15 0.218884E+15
   195.21590  0.147354E+16 0.132277E+15 0.225081E+15
   195.21600  0.151583E+16 0.136073E+15 0.231536E+15
   195.21610  0.155990E+16 0.140028E+15 0.238264E+15
   195.21620  0.160586E+16 0.144153E+15 0.245279E+15
   195.21630  0.165380E+16 0.148455E+15 0.252596E+15
   195.21640  0.170384E+16 0.152946E+15 0.260234E+15
   195.21650  0.175609E+16 0.157636E+15 0.268210E+15
   195.21660  0.181069E+16 0.162536E+15 0.276544E+15
   195.21670  0.186776E+16 0.167659E+15 0.285255E+15
   195.21680  0.192746E+16 0.173017E+15 0.294367E+15
   195.21690  0.198994E+16 0.178624E+15 0.303903E+15
   195.21700  0.205536E+16 0.184496E+15 0.313889E+15
   195.21710  0.212390E+16 0.190647E+15 0.324350E+15
   195.21720  0.219576E+16 0.197096E+15 0.335317E+15
   195.21730  0.227113E+16 0.203861E+15 0.346821E+15
   195.21740  0.235024E+16 0.210960E+15 0.358894E+15
   195.21750  0.243331E+16 0.218416E+15 0.371573E+15
   195.21760  0.252061E+16 0.226251E+15 0.384897E+15
   195.21770  0.261240E+16 0.234488E+15 0.398905E+15
   195.21780  0.270896E+16 0.243155E+15 0.413643E+15
   195.21790  0.281062E+16 0.252278E+15 0.429157E+15
   195.21800  0.291770E+16 0.261889E+15 0.445500E+15
   195.21810  0.303057E+16 0.272018E+15 0.462724E+15
   195.21820  0.314960E+16 0.282701E+15 0.480890E+15
   195.21830  0.327522E+16 0.293974E+15 0.500060E+15
   195.21840  0.340785E+16 0.305877E+15 0.520301E+15
   195.21850  0.354798E+16 0.318453E+15 0.541685E+15
   195.21860  0.369612E+16 0.331748E+15 0.564291E+15
   195.21870  0.385279E+16 0.345808E+15 0.588200E+15
   195.21880  0.401859E+16 0.360688E+15 0.613501E+15
   195.21890  0.419413E+16 0.376442E+15 0.640287E+15
   195.21900  0.438007E+16 0.393128E+15 0.668660E+15
   195.21910  0.457710E+16 0.410810E+15 0.698725E+15
   195.21920  0.478595E+16 0.429553E+15 0.730594E+15
   195.21930  0.500739E+16 0.449426E+15 0.764385E+15
   195.21940  0.524225E+16 0.470502E+15 0.800221E+15
   195.21950  0.549135E+16 0.492857E+15 0.838230E+15
   195.21960  0.575556E+16 0.516568E+15 0.878544E+15
   195.21970  0.603577E+16 0.541714E+15 0.921298E+15
   195.21980  0.633286E+16 0.568375E+15 0.966627E+15
   195.21990  0.664770E+16 0.596630E+15 0.101467E+16
   195.22000  0.698116E+16 0.626554E+15 0.106554E+16
   195.22010  0.733401E+16 0.658218E+15 0.111938E+16
   195.22020  0.770695E+16 0.691686E+15 0.117628E+16
   195.22030  0.810054E+16 0.727006E+15 0.123632E+16
   195.22040  0.851515E+16 0.764213E+15 0.129958E+16
   195.22050  0.895091E+16 0.803317E+15 0.136606E+16
   195.22060  0.940763E+16 0.844302E+15 0.143574E+16
   195.22070  0.988469E+16 0.887112E+15 0.150851E+16
   195.22080  0.103810E+17 0.931648E+15 0.158423E+16
   195.22090  0.108948E+17 0.977756E+15 0.166261E+16
   195.22100  0.114237E+17 0.102522E+16 0.174329E+16
   195.22110  0.119644E+17 0.107373E+16 0.182576E+16
   195.22120  0.125127E+17 0.112294E+16 0.190940E+16
   195.22130  0.130634E+17 0.117235E+16 0.199339E+16
   195.22140  0.136102E+17 0.122141E+16 0.207679E+16
   195.22150  0.141458E+17 0.126947E+16 0.215848E+16
   195.22160  0.146619E+17 0.131578E+16 0.223719E+16
   195.22170  0.151494E+17 0.135953E+16 0.231153E+16
   195.22180  0.155987E+17 0.139984E+16 0.238004E+16
   195.22190  0.160000E+17 0.143585E+16 0.244123E+16
   195.22200  0.163437E+17 0.146668E+16 0.249362E+16
   195.22210  0.166210E+17 0.149156E+16 0.253589E+16
   195.22220  0.168245E+17 0.150981E+16 0.256688E+16
   195.22230  0.169482E+17 0.152091E+16 0.258571E+16
   195.22240  0.169887E+17 0.152453E+16 0.259183E+16
   195.22250  0.169446E+17 0.152057E+16 0.258506E+16
   195.22260  0.168174E+17 0.150915E+16 0.256561E+16
   195.22270  0.166107E+17 0.149059E+16 0.253403E+16
   195.22280  0.163304E+17 0.146543E+16 0.249122E+16
   195.22290  0.159841E+17 0.143435E+16 0.243834E+16
   195.22300  0.155806E+17 0.139813E+16 0.237674E+16
   195.22310  0.151295E+17 0.135764E+16 0.230789E+16
   195.22320  0.146406E+17 0.131377E+16 0.223327E+16
   195.22330  0.141236E+17 0.126736E+16 0.215436E+16
   195.22340  0.135874E+17 0.121924E+16 0.207254E+16
   195.22350  0.130404E+17 0.117015E+16 0.198906E+16
   195.22360  0.124897E+17 0.112074E+16 0.190504E+16
   195.22370  0.119417E+17 0.107156E+16 0.182142E+16
   195.22380  0.114015E+17 0.102308E+16 0.173899E+16
   195.22390  0.108733E+17 0.975675E+15 0.165839E+16
   195.22400  0.103603E+17 0.929634E+15 0.158011E+16
   195.22410  0.986481E+16 0.885173E+15 0.150452E+16
   195.22420  0.938866E+16 0.842443E+15 0.143187E+16
   195.22430  0.893288E+16 0.801542E+15 0.136234E+16
   195.22440  0.849807E+16 0.762523E+15 0.129600E+16
   195.22450  0.808441E+16 0.725401E+15 0.123289E+16
   195.22460  0.769175E+16 0.690165E+15 0.117299E+16
   195.22470  0.731971E+16 0.656780E+15 0.111623E+16
   195.22480  0.696774E+16 0.625195E+15 0.106254E+16
   195.22490  0.663512E+16 0.595347E+15 0.101180E+16
   195.22500  0.632107E+16 0.567165E+15 0.963888E+15
   195.22510  0.602474E+16 0.540574E+15 0.918684E+15
   195.22520  0.574525E+16 0.515494E+15 0.876049E+15
   195.22530  0.548171E+16 0.491845E+15 0.835849E+15
   195.22540  0.523325E+16 0.469549E+15 0.797948E+15
   195.22550  0.499899E+16 0.448528E+15 0.762215E+15
   195.22560  0.477810E+16 0.428707E+15 0.728521E+15
   195.22570  0.456977E+16 0.410013E+15 0.696744E+15
   195.22580  0.437323E+16 0.392377E+15 0.666766E+15
   195.22590  0.418775E+16 0.375734E+15 0.638475E+15
   195.22600  0.401264E+16 0.360020E+15 0.611765E+15
   195.22610  0.384724E+16 0.345178E+15 0.586537E+15
   195.22620  0.369093E+16 0.331153E+15 0.562696E+15
   195.22630  0.354314E+16 0.317892E+15 0.540156E+15
   195.22640  0.340334E+16 0.305346E+15 0.518832E+15
   195.22650  0.327100E+16 0.293472E+15 0.498649E+15
   195.22660  0.314567E+16 0.282226E+15 0.479534E+15
   195.22670  0.302690E+16 0.271568E+15 0.461419E+15
   195.22680  0.291428E+16 0.261463E+15 0.444243E+15
   195.22690  0.280742E+16 0.251875E+15 0.427946E+15
   195.22700  0.270598E+16 0.242772E+15 0.412475E+15
   195.22710  0.260961E+16 0.234125E+15 0.397778E+15
   195.22720  0.251801E+16 0.225906E+15 0.383809E+15
   195.22730  0.243089E+16 0.218089E+15 0.370522E+15
   195.22740  0.234798E+16 0.210649E+15 0.357878E+15
   195.22750  0.226903E+16 0.203565E+15 0.345837E+15
   195.22760  0.219380E+16 0.196815E+15 0.334365E+15
   195.22770  0.212208E+16 0.190379E+15 0.323428E+15
   195.22780  0.205366E+16 0.184240E+15 0.312994E+15
   195.22790  0.198836E+16 0.178381E+15 0.303036E+15
   195.22800  0.192599E+16 0.172785E+15 0.293525E+15
   195.22810  0.186639E+16 0.167438E+15 0.284437E+15
   195.22820  0.180942E+16 0.162325E+15 0.275749E+15
   195.22830  0.175491E+16 0.157435E+15 0.267437E+15
   195.22840  0.170274E+16 0.152754E+15 0.259482E+15
   195.22850  0.165279E+16 0.148271E+15 0.251865E+15
   195.22860  0.160492E+16 0.143977E+15 0.244566E+15
   195.22870  0.155904E+16 0.139860E+15 0.237570E+15
   195.22880  0.151503E+16 0.135911E+15 0.230860E+15
   195.22890  0.147281E+16 0.132123E+15 0.224421E+15
   195.22900  0.143227E+16 0.128485E+15 0.218240E+15
   195.22910  0.139333E+16 0.124992E+15 0.212303E+15
   195.22920  0.135592E+16 0.121635E+15 0.206599E+15
   195.22930  0.131995E+16 0.118408E+15 0.201115E+15
   195.22940  0.128536E+16 0.115304E+15 0.195840E+15
   195.22950  0.125207E+16 0.112318E+15 0.190765E+15
   195.22960  0.122003E+16 0.109443E+15 0.185880E+15
   195.22970  0.118917E+16 0.106674E+15 0.181175E+15
   195.22980  0.115944E+16 0.104007E+15 0.176642E+15
   195.22990  0.113079E+16 0.101436E+15 0.172274E+15
   195.23000  0.110316E+16 0.989570E+14 0.168061E+15
   195.24000  0.217370E+15 0.194887E+14 0.330532E+14
   195.25000  0.891267E+14 0.798672E+13 0.135271E+14
   195.26000  0.481698E+14 0.431431E+13 0.729718E+13
   195.27000  0.301068E+14 0.269512E+13 0.455226E+13
   195.28000  0.205844E+14 0.184174E+13 0.310659E+13
   195.29000  0.149587E+14 0.133770E+13 0.225330E+13
   195.30000  0.113609E+14 0.101544E+13 0.170813E+13
   195.31000  0.892173E+13 0.797016E+12 0.133886E+13
   195.32000  0.719215E+13 0.642174E+12 0.107727E+13
   195.33000  0.592138E+13 0.528437E+12 0.885250E+12
   195.34000  0.496036E+13 0.442445E+12 0.740175E+12
   195.35000  0.421601E+13 0.375858E+12 0.627913E+12
   195.36000  0.362775E+13 0.323247E+12 0.539275E+12
   195.37000  0.315478E+13 0.280959E+12 0.468077E+12
   195.38000  0.276882E+13 0.246458E+12 0.410032E+12
   195.39000  0.244975E+13 0.217945E+12 0.362092E+12
   195.40000  0.218296E+13 0.194110E+12 0.322045E+12
   195.41000  0.195762E+13 0.173982E+12 0.288251E+12
   195.42000  0.176555E+13 0.156831E+12 0.259474E+12
   195.43000  0.160051E+13 0.142097E+12 0.234770E+12
   195.44000  0.145765E+13 0.129347E+12 0.213407E+12
   195.45000  0.133317E+13 0.118239E+12 0.194809E+12
   195.46000  0.122404E+13 0.108504E+12 0.178520E+12
   195.47000  0.112783E+13 0.999242E+11 0.164174E+12
   195.48000  0.104258E+13 0.923235E+11 0.151474E+12
   195.49000  0.966687E+12 0.855585E+11 0.140178E+12
   195.50000  0.898826E+12 0.795112E+11 0.130087E+12
   195.51000  0.837901E+12 0.740833E+11 0.121037E+12
   195.52000  0.782998E+12 0.691931E+11 0.112888E+12
   195.53000  0.733348E+12 0.647719E+11 0.105527E+12
   195.54000  0.688299E+12 0.607616E+11 0.988535E+11
   195.55000  0.647301E+12 0.571127E+11 0.927860E+11
   195.56000  0.609880E+12 0.537831E+11 0.872534E+11
   195.57000  0.575633E+12 0.507365E+11 0.821946E+11
   195.58000  0.544208E+12 0.479419E+11 0.775573E+11
   195.59000  0.515305E+12 0.453721E+11 0.732960E+11
   195.60000  0.488660E+12 0.430036E+11 0.693714E+11
   195.61000  0.464043E+12 0.408160E+11 0.657490E+11
   195.62000  0.441253E+12 0.387913E+11 0.623987E+11
   195.63000  0.420114E+12 0.369138E+11 0.592940E+11
   195.64000  0.400469E+12 0.351694E+11 0.564115E+11
   195.65000  0.382182E+12 0.335459E+11 0.537307E+11
   195.66000  0.365128E+12 0.320323E+11 0.512332E+11
   195.67000  0.349200E+12 0.306190E+11 0.489027E+11
   195.68000  0.334301E+12 0.292973E+11 0.467248E+11
   195.69000  0.320343E+12 0.280595E+11 0.446865E+11
   195.70000  0.307249E+12 0.268985E+11 0.427761E+11
   195.71000  0.294948E+12 0.258082E+11 0.409833E+11
   195.72000  0.283378E+12 0.247829E+11 0.392985E+11
   195.73000  0.272483E+12 0.238176E+11 0.377135E+11
   195.74000  0.262209E+12 0.229076E+11 0.362203E+11
   195.75000  0.252512E+12 0.220489E+11 0.348123E+11
   195.76000  0.243347E+12 0.212376E+11 0.334829E+11
   195.77000  0.234678E+12 0.204703E+11 0.322266E+11
   195.78000  0.226469E+12 0.197439E+11 0.310380E+11
   195.79000  0.218687E+12 0.190556E+11 0.299124E+11
   195.80000  0.211304E+12 0.184026E+11 0.288455E+11
   195.81000  0.204293E+12 0.177827E+11 0.278333E+11
   195.82000  0.197629E+12 0.171936E+11 0.268722E+11
   195.83000  0.191289E+12 0.166334E+11 0.259587E+11
   195.84000  0.185253E+12 0.161001E+11 0.250898E+11
   195.85000  0.179501E+12 0.155921E+11 0.242626E+11
   195.86000  0.174017E+12 0.151077E+11 0.234746E+11
   195.87000  0.168783E+12 0.146457E+11 0.227234E+11
   195.88000  0.163784E+12 0.142045E+11 0.220066E+11
   195.89000  0.159007E+12 0.137830E+11 0.213222E+11
   195.90000  0.154439E+12 0.133800E+11 0.206684E+11
   195.91000  0.150067E+12 0.129944E+11 0.200433E+11
   195.92000  0.145881E+12 0.126253E+11 0.194453E+11
   195.93000  0.141870E+12 0.122717E+11 0.188729E+11
   195.94000  0.138024E+12 0.119328E+11 0.183246E+11
   195.95000  0.134335E+12 0.116077E+11 0.177991E+11
   195.96000  0.130793E+12 0.112958E+11 0.172951E+11
   195.97000  0.127392E+12 0.109963E+11 0.168116E+11
   195.98000  0.124124E+12 0.107085E+11 0.163475E+11
   195.99000  0.120981E+12 0.104320E+11 0.159016E+11
   196.00000  0.117959E+12 0.101660E+11 0.154731E+11
   196.01000  0.115050E+12 0.991005E+10 0.150612E+11
   196.02000  0.112248E+12 0.966368E+10 0.146649E+11
   196.03000  0.109550E+12 0.942639E+10 0.142834E+11
   196.04000  0.106949E+12 0.919775E+10 0.139162E+11
   196.05000  0.104441E+12 0.897734E+10 0.135624E+11
   196.06000  0.102022E+12 0.876476E+10 0.132214E+11
   196.07000  0.996866E+11 0.855966E+10 0.128927E+11
   196.08000  0.974323E+11 0.836169E+10 0.125756E+11
   196.09000  0.952548E+11 0.817051E+10 0.122697E+11
   196.10000  0.931508E+11 0.798583E+10 0.119743E+11
   196.11000  0.911169E+11 0.780734E+10 0.116890E+11
   196.12000  0.891500E+11 0.763478E+10 0.114135E+11
   196.13000  0.872472E+11 0.746789E+10 0.111471E+11
   196.14000  0.854058E+11 0.730642E+10 0.108896E+11
   196.15000  0.836231E+11 0.715013E+10 0.106406E+11
   196.16000  0.818966E+11 0.699882E+10 0.103996E+11
   196.17000  0.802241E+11 0.685226E+10 0.101664E+11
   196.18000  0.786031E+11 0.671027E+10 0.994063E+10
   196.19000  0.770318E+11 0.657265E+10 0.972197E+10
   196.20000  0.755080E+11 0.643923E+10 0.951012E+10
   196.21000  0.740298E+11 0.630983E+10 0.930482E+10
   196.22000  0.725954E+11 0.618430E+10 0.910580E+10
   196.23000  0.712031E+11 0.606249E+10 0.891282E+10
   198.00000  0.963444E+10 0.740105E+09 0.786890E+09
   202.00000  0.212360E+10 0.128571E+09 0.436064E+08
   206.00000  0.106151E+10 0.489327E+08 0.165724E+05
   210.00000  0.705696E+09 0.236559E+08 0.123691E+08
   214.00000  0.542383E+09 0.124000E+08 0.383375E+08
   218.00000  0.454801E+09 0.644393E+07 0.715341E+08
   222.00000  0.403939E+09 0.302699E+07 0.111210E+09
   226.00000  0.373551E+09 0.108085E+07 0.157978E+09
   230.00000  0.355826E+09 0.152367E+06 0.212912E+09
   234.00000  0.346613E+09 0.562659E+05 0.277324E+09
   238.00000  0.343538E+09 0.743638E+06 0.352706E+09
   242.00000  0.345170E+09 0.224660E+07 0.440716E+09
   246.00000  0.350616E+09 0.465372E+07 0.543195E+09
   250.00000  0.359300E+09 0.809919E+07 0.662171E+09
   254.00000  0.370853E+09 0.127588E+08 0.799884E+09
   258.00000  0.385036E+09 0.188499E+08 0.958795E+09
   262.00000  0.401701E+09 0.266330E+08 0.114161E+10
   266.00000  0.420764E+09 0.364156E+08 0.135131E+10
   270.00000  0.442187E+09 0.485569E+08 0.159113E+10
   274.00000  0.465964E+09 0.634730E+08 0.186464E+10
   282.00000  0.520688E+09 0.103622E+09 0.252862E+10
   290.00000  0.585323E+09 0.161612E+09 0.337865E+10
   298.00000  0.660450E+09 0.243622E+09 0.445649E+10
   306.00000  0.746774E+09 0.357608E+09 0.581093E+10
   314.00000  0.845063E+09 0.513718E+09 0.749864E+10
   322.00000  0.956114E+09 0.724789E+09 0.958501E+10
   330.00000  0.108070E+10 0.100693E+10 0.121448E+11
   338.00000  0.121953E+10 0.138022E+10 0.152629E+11
   346.00000  0.137317E+10 0.186941E+10 0.190345E+11
   354.00000  0.154199E+10 0.250488E+10 0.235654E+11
   362.00000  0.172609E+10 0.332349E+10 0.289718E+11
   370.00000  0.192521E+10 0.436967E+10 0.353791E+11
   378.00000  0.213861E+10 0.569632E+10 0.429207E+11
   386.00000  0.236498E+10 0.736575E+10 0.517342E+11
   394.00000  0.260222E+10 0.945034E+10 0.619575E+11
   402.00000  0.284742E+10 0.120328E+11 0.737220E+11
   410.00000  0.309663E+10 0.152060E+11 0.871445E+11
   418.00000  0.334482E+10 0.190715E+11 0.102316E+12
   426.00000  0.358572E+10 0.237371E+11 0.119287E+12
   434.00000  0.381187E+10 0.293127E+11 0.138052E+12
   442.00000  0.401469E+10 0.359040E+11 0.158530E+12
   450.00000  0.418474E+10 0.436042E+11 0.180549E+12
   458.00000  0.431214E+10 0.524846E+11 0.203830E+12
   466.00000  0.438723E+10 0.625822E+11 0.227975E+12
   474.00000  0.440126E+10 0.738890E+11 0.252468E+12
   482.00000  0.434740E+10 0.863410E+11 0.276687E+12
   490.00000  0.422164E+10 0.998127E+11 0.299930E+12
   498.00000  0.402363E+10 0.114117E+12 0.321461E+12
   506.00000  0.375718E+10 0.129010E+12 0.340562E+12
   514.00000  0.343038E+10 0.144207E+12 0.356589E+12
   522.00000  0.305520E+10 0.159400E+12 0.369029E+12
   530.00000  0.264667E+10 0.174282E+12 0.377535E+12
   538.00000  0.222170E+10 0.188567E+12 0.381954E+12
   546.00000  0.179782E+10 0.202008E+12 0.382323E+12
   554.00000  0.139188E+10 0.214416E+12 0.378850E+12
   562.00000  0.101909E+10 0.225657E+12 0.371879E+12
   570.00000  0.692290E+09 0.235656E+12 0.361847E+12
   578.00000  0.421605E+09 0.244388E+12 0.349245E+12
   586.00000  0.214401E+09 0.251873E+12 0.334576E+12
   596.00000  0.517386E+08 0.259555E+12 0.314078E+12
   606.00000  0.793966E+05 0.265518E+12 0.291988E+12
   616.00000  0.596304E+08 0.269936E+12 0.269060E+12
   626.00000  0.227505E+09 0.272995E+12 0.245913E+12
   636.00000  0.498772E+09 0.274871E+12 0.223032E+12
   646.00000  0.867287E+09 0.275730E+12 0.200789E+12
   656.00000  0.132631E+10 0.275718E+12 0.179455E+12
   666.00000  0.186895E+10 0.274966E+12 0.159220E+12
   676.00000  0.248841E+10 0.273583E+12 0.140211E+12
   686.00000  0.317818E+10 0.271662E+12 0.122502E+12
   696.00000  0.393210E+10 0.269282E+12 0.106131E+12
   706.00000  0.474441E+10 0.266508E+12 0.911045E+11
   716.00000  0.560974E+10 0.263394E+12 0.774110E+11
   726.00000  0.652312E+10 0.259988E+12 0.650227E+11
   736.00000  0.747990E+10 0.256327E+12 0.539008E+11
   746.00000  0.847576E+10 0.252443E+12 0.439992E+11
   756.00000  0.950662E+10 0.248364E+12 0.352668E+11
   766.00000  0.105687E+11 0.244112E+12 0.276494E+11
   776.00000  0.116583E+11 0.239708E+12 0.210911E+11
   786.00000  0.127721E+11 0.235169E+12 0.155354E+11
   796.00000  0.139068E+11 0.230512E+12 0.109253E+11
   806.00000  0.150594E+11 0.225750E+12 0.720473E+10
   816.00000  0.162269E+11 0.220895E+12 0.431797E+10
   826.00000  0.174064E+11 0.215961E+12 0.221056E+10
   836.00000  0.185953E+11 0.210957E+12 0.829246E+09
   846.00000  0.197909E+11 0.205894E+12 0.122116E+09
   856.00000  0.209908E+11 0.200782E+12 0.387210E+08
   866.00000  0.221927E+11 0.195632E+12 0.530138E+09
   876.00000  0.233943E+11 0.190451E+12 0.154903E+10
   886.00000  0.245935E+11 0.185249E+12 0.304968E+10
   896.00000  0.257880E+11 0.180034E+12 0.498802E+10
   906.00000  0.269760E+11 0.174814E+12 0.732166E+10
   916.00000  0.281557E+11 0.169598E+12 0.100099E+11
   926.00000  0.293251E+11 0.164392E+12 0.130137E+11
   936.00000  0.304827E+11 0.159204E+12 0.162957E+11
   946.00000  0.316268E+11 0.154041E+12 0.198203E+11
   956.00000  0.327559E+11 0.148909E+12 0.235536E+11
   966.00000  0.338685E+11 0.143815E+12 0.274631E+11
   976.00000  0.349633E+11 0.138764E+12 0.315183E+11
   986.00000  0.360388E+11 0.133763E+12 0.356900E+11
   996.00000  0.370939E+11 0.128817E+12 0.399508E+11
  1006.00000  0.381275E+11 0.123931E+12 0.442748E+11
  1016.00000  0.391384E+11 0.119110E+12 0.486378E+11
  1026.00000  0.401257E+11 0.114358E+12 0.530168E+11
  1036.00000  0.410885E+11 0.109680E+12 0.573904E+11
  1046.00000  0.420257E+11 0.105081E+12 0.617389E+11
  1056.00000  0.429367E+11 0.100563E+12 0.660436E+11
  1066.00000  0.438207E+11 0.961304E+11 0.702875E+11
  1076.00000  0.446770E+11 0.917866E+11 0.744548E+11
  1086.00000  0.455052E+11 0.875345E+11 0.785311E+11
  1096.00000  0.463047E+11 0.833770E+11 0.825033E+11
  1106.00000  0.470750E+11 0.793165E+11 0.863592E+11
  1116.00000  0.478157E+11 0.753553E+11 0.900882E+11
  1126.00000  0.485264E+11 0.714952E+11 0.936803E+11
  1136.00000  0.492069E+11 0.677382E+11 0.971272E+11
  1146.00000  0.498570E+11 0.640858E+11 0.100421E+12
  1156.00000  0.504764E+11 0.605392E+11 0.103556E+12
  1166.00000  0.510651E+11 0.570997E+11 0.106525E+12
  1176.00000  0.516230E+11 0.537679E+11 0.109325E+12
  1186.00000  0.521500E+11 0.505446E+11 0.111950E+12
  1196.00000  0.526461E+11 0.474301E+11 0.114399E+12
  1206.00000  0.531113E+11 0.444247E+11 0.116669E+12
  1216.00000  0.535458E+11 0.415285E+11 0.118758E+12
  1226.00000  0.539495E+11 0.387413E+11 0.120665E+12
  1236.00000  0.543227E+11 0.360630E+11 0.122390E+12
  1246.00000  0.546655E+11 0.334929E+11 0.123934E+12
  1256.00000  0.549783E+11 0.310306E+11 0.125296E+12
  1266.00000  0.552611E+11 0.286753E+11 0.126479E+12
  1276.00000  0.555144E+11 0.264262E+11 0.127484E+12
  1286.00000  0.557383E+11 0.242821E+11 0.128314E+12
  1296.00000  0.559332E+11 0.222419E+11 0.128971E+12
  1306.00000  0.560994E+11 0.203045E+11 0.129458E+12
  1316.00000  0.562374E+11 0.184685E+11 0.129779E+12
  1326.00000  0.563476E+11 0.167324E+11 0.129938E+12
  1336.00000  0.564303E+11 0.150947E+11 0.129939E+12
  1346.00000  0.564862E+11 0.135537E+11 0.129786E+12
  1356.00000  0.565155E+11 0.121077E+11 0.129483E+12
  1366.00000  0.565189E+11 0.107550E+11 0.129035E+12
  1376.00000  0.564967E+11 0.949358E+10 0.128448E+12
  1386.00000  0.564496E+11 0.832161E+10 0.127726E+12
  1396.00000  0.563780E+11 0.723707E+10 0.126875E+12
  1406.00000  0.562825E+11 0.623794E+10 0.125899E+12
  1416.00000  0.561636E+11 0.532214E+10 0.124805E+12
  1426.00000  0.560219E+11 0.448753E+10 0.123598E+12
  1436.00000  0.558580E+11 0.373197E+10 0.122283E+12
  1446.00000  0.556724E+11 0.305327E+10 0.120865E+12
  1456.00000  0.554658E+11 0.244922E+10 0.119352E+12
  1466.00000  0.552386E+11 0.191758E+10 0.117746E+12
  1476.00000  0.549914E+11 0.145612E+10 0.116056E+12
  1486.00000  0.547249E+11 0.106256E+10 0.114285E+12
  1496.00000  0.544396E+11 0.734651E+09 0.112439E+12
  1506.00000  0.541361E+11 0.470122E+09 0.110524E+12
  1516.00000  0.538150E+11 0.266703E+09 0.108545E+12
  1526.00000  0.534769E+11 0.122130E+09 0.106508E+12
  1536.00000  0.531224E+11 0.341451E+08 0.104416E+12
  1546.00000  0.527520E+11 0.501174E+06 0.102277E+12
  1556.00000  0.523663E+11 0.189633E+08 0.100094E+12
  1566.00000  0.519660E+11 0.873124E+08 0.978720E+11
  1576.00000  0.515515E+11 0.203348E+09 0.956164E+11
  1586.00000  0.511236E+11 0.364890E+09 0.933316E+11
  1596.00000  0.506826E+11 0.569781E+09 0.910221E+11
  1606.00000  0.502293E+11 0.815890E+09 0.886924E+11
  1616.00000  0.497642E+11 0.110111E+10 0.863468E+11
  1626.00000  0.492878E+11 0.142338E+10 0.839893E+11
  1636.00000  0.488008E+11 0.178063E+10 0.816240E+11
  1646.00000  0.483036E+11 0.217088E+10 0.792548E+11
  1656.00000  0.477969E+11 0.259213E+10 0.768853E+11
  1666.00000  0.472810E+11 0.304245E+10 0.745192E+11
  1676.00000  0.467566E+11 0.351993E+10 0.721599E+11
  1686.00000  0.462242E+11 0.402272E+10 0.698107E+11
  1696.00000  0.456844E+11 0.454897E+10 0.674747E+11
  1706.00000  0.451375E+11 0.509691E+10 0.651551E+11
  1716.00000  0.445842E+11 0.566479E+10 0.628546E+11
  1726.00000  0.440249E+11 0.625090E+10 0.605760E+11
  1736.00000  0.434601E+11 0.685360E+10 0.583219E+11
  1746.00000  0.428902E+11 0.747125E+10 0.560946E+11
  1756.00000  0.423158E+11 0.810228E+10 0.538966E+11
  1766.00000  0.417372E+11 0.874516E+10 0.517299E+11
  1776.00000  0.411549E+11 0.939839E+10 0.495967E+11
  1786.00000  0.405693E+11 0.100605E+11 0.474987E+11
  1796.00000  0.399809E+11 0.107302E+11 0.454377E+11
  1806.00000  0.393901E+11 0.114060E+11 0.434155E+11
  1816.00000  0.387972E+11 0.120867E+11 0.414336E+11
  1826.00000  0.382028E+11 0.127709E+11 0.394932E+11
  1836.00000  0.376070E+11 0.134575E+11 0.375958E+11
  1846.00000  0.370104E+11 0.141453E+11 0.357424E+11
  1856.00000  0.364133E+11 0.148331E+11 0.339341E+11
  1866.00000  0.358161E+11 0.155198E+11 0.321719E+11
  1876.00000  0.352190E+11 0.162044E+11 0.304565E+11
  1886.00000  0.346224E+11 0.168859E+11 0.287887E+11
  1896.00000  0.340266E+11 0.175633E+11 0.271691E+11
  1906.00000  0.334321E+11 0.182356E+11 0.255983E+11
  1916.00000  0.328390E+11 0.189021E+11 0.240766E+11
  1926.00000  0.322476E+11 0.195618E+11 0.226044E+11
  1936.00000  0.316584E+11 0.202140E+11 0.211820E+11
  1946.00000  0.310714E+11 0.208579E+11 0.198096E+11
  1956.00000  0.304871E+11 0.214928E+11 0.184871E+11
  1966.00000  0.299056E+11 0.221179E+11 0.172147E+11
  1976.00000  0.293272E+11 0.227326E+11 0.159922E+11
  1986.00000  0.287522E+11 0.233364E+11 0.148196E+11
  1996.00000  0.281807E+11 0.239286E+11 0.136965E+11
  2006.00000  0.276131E+11 0.245088E+11 0.126228E+11
  2016.00000  0.270494E+11 0.250763E+11 0.115981E+11
  2026.00000  0.264900E+11 0.256308E+11 0.106221E+11
  2036.00000  0.259350E+11 0.261717E+11 0.969414E+10
  2046.00000  0.253846E+11 0.266987E+11 0.881388E+10
  2056.00000  0.248390E+11 0.272115E+11 0.798074E+10
  2066.00000  0.242983E+11 0.277096E+11 0.719410E+10
  2076.00000  0.237627E+11 0.281928E+11 0.645332E+10
  2086.00000  0.232324E+11 0.286607E+11 0.575773E+10
  2096.00000  0.227075E+11 0.291132E+11 0.510661E+10
  2106.00000  0.221881E+11 0.295499E+11 0.449918E+10
  2116.00000  0.216744E+11 0.299707E+11 0.393467E+10
  2126.00000  0.211664E+11 0.303754E+11 0.341225E+10
  2136.00000  0.206644E+11 0.307638E+11 0.293107E+10
  2146.00000  0.201684E+11 0.311359E+11 0.249026E+10
  2156.00000  0.196785E+11 0.314915E+11 0.208893E+10
  2166.00000  0.191948E+11 0.318305E+11 0.172614E+10
  2176.00000  0.187173E+11 0.321529E+11 0.140096E+10
  2186.00000  0.182463E+11 0.324586E+11 0.111244E+10
  2196.00000  0.177817E+11 0.327477E+11 0.859604E+09
  2206.00000  0.173235E+11 0.330200E+11 0.641473E+09
  2216.00000  0.168720E+11 0.332757E+11 0.457053E+09
  2226.00000  0.164271E+11 0.335148E+11 0.305340E+09
  2236.00000  0.159888E+11 0.337374E+11 0.185325E+09
  2246.00000  0.155573E+11 0.339434E+11 0.959937E+08
  2256.00000  0.151325E+11 0.341331E+11 0.363258E+08
  2266.00000  0.147145E+11 0.343065E+11 0.530021E+07
  2276.00000  0.143033E+11 0.344637E+11 0.189488E+07
  2286.00000  0.138990E+11 0.346049E+11 0.250883E+08
  2296.00000  0.135015E+11 0.347302E+11 0.738612E+08
  2306.00000  0.131109E+11 0.348399E+11 0.147198E+09
  2316.00000  0.127271E+11 0.349339E+11 0.244086E+09
  2326.00000  0.123502E+11 0.350127E+11 0.363521E+09
  2336.00000  0.119802E+11 0.350762E+11 0.504505E+09
  2346.00000  0.116171E+11 0.351248E+11 0.666046E+09
  2356.00000  0.112608E+11 0.351587E+11 0.847164E+09
  2366.00000  0.109114E+11 0.351780E+11 0.104689E+10
  2376.00000  0.105688E+11 0.351831E+11 0.126426E+10
  2386.00000  0.102330E+11 0.351741E+11 0.149832E+10
  2396.00000  0.990403E+10 0.351514E+11 0.174815E+10
  2406.00000  0.958178E+10 0.351151E+11 0.201281E+10
  2416.00000  0.926625E+10 0.350655E+11 0.229141E+10
  2426.00000  0.895741E+10 0.350029E+11 0.258304E+10
  2436.00000  0.865521E+10 0.349276E+11 0.288683E+10
  2446.00000  0.835962E+10 0.348398E+11 0.320192E+10
  2456.00000  0.807059E+10 0.347398E+11 0.352745E+10
  2466.00000  0.778808E+10 0.346279E+11 0.386260E+10
  2476.00000  0.751203E+10 0.345044E+11 0.420656E+10
  2486.00000  0.724240E+10 0.343696E+11 0.455853E+10
  2496.00000  0.697913E+10 0.342237E+11 0.491774E+10
  2506.00000  0.672216E+10 0.340671E+11 0.528342E+10
  2516.00000  0.647144E+10 0.339000E+11 0.565483E+10
  2526.00000  0.622690E+10 0.337228E+11 0.603126E+10
  2536.00000  0.598849E+10 0.335358E+11 0.641200E+10
  2546.00000  0.575614E+10 0.333392E+11 0.679637E+10
  2556.00000  0.552977E+10 0.331333E+11 0.718369E+10
  2566.00000  0.530934E+10 0.329186E+11 0.757334E+10
  2576.00000  0.509475E+10 0.326951E+11 0.796467E+10
  2586.00000  0.488596E+10 0.324633E+11 0.835708E+10
  2596.00000  0.468288E+10 0.322235E+11 0.874999E+10
  2606.00000  0.448544E+10 0.319759E+11 0.914283E+10
  2616.00000  0.429357E+10 0.317209E+11 0.953504E+10
  2626.00000  0.410720E+10 0.314588E+11 0.992611E+10
  2636.00000  0.392624E+10 0.311897E+11 0.103155E+11
  2646.00000  0.375062E+10 0.309142E+11 0.107028E+11
  2656.00000  0.358027E+10 0.306323E+11 0.110874E+11
  2666.00000  0.341510E+10 0.303444E+11 0.114690E+11
  2676.00000  0.325504E+10 0.300509E+11 0.118470E+11
  2686.00000  0.310000E+10 0.297519E+11 0.122212E+11
  2696.00000  0.294990E+10 0.294478E+11 0.125910E+11
  2706.00000  0.280468E+10 0.291388E+11 0.129561E+11
  2716.00000  0.266423E+10 0.288252E+11 0.133161E+11
  2726.00000  0.252849E+10 0.285074E+11 0.136707E+11
  2736.00000  0.239737E+10 0.281854E+11 0.140196E+11
  2746.00000  0.227079E+10 0.278597E+11 0.143625E+11
  2756.00000  0.214867E+10 0.275304E+11 0.146990E+11
  2766.00000  0.203093E+10 0.271978E+11 0.150289E+11
  2776.00000  0.191747E+10 0.268622E+11 0.153520E+11
  2786.00000  0.180823E+10 0.265238E+11 0.156679E+11
  2796.00000  0.170312E+10 0.261829E+11 0.159765E+11
  2806.00000  0.160206E+10 0.258397E+11 0.162776E+11
  2816.00000  0.150496E+10 0.254944E+11 0.165708E+11
  2826.00000  0.141175E+10 0.251472E+11 0.168562E+11
  2836.00000  0.132235E+10 0.247984E+11 0.171335E+11
  2846.00000  0.123667E+10 0.244482E+11 0.174025E+11
  2856.00000  0.115463E+10 0.240968E+11 0.176631E+11
  2866.00000  0.107615E+10 0.237444E+11 0.179152E+11
  2876.00000  0.100116E+10 0.233913E+11 0.181586E+11
  2886.00000  0.929576E+09 0.230376E+11 0.183933E+11
  2896.00000  0.861317E+09 0.226835E+11 0.186192E+11
  2906.00000  0.796308E+09 0.223292E+11 0.188362E+11
  2916.00000  0.734470E+09 0.219749E+11 0.190443E+11
  2926.00000  0.675728E+09 0.216208E+11 0.192433E+11
  2936.00000  0.620004E+09 0.212670E+11 0.194332E+11
  2946.00000  0.567224E+09 0.209138E+11 0.196141E+11
  2956.00000  0.517313E+09 0.205613E+11 0.197859E+11
  2966.00000  0.470197E+09 0.202096E+11 0.199485E+11
  2976.00000  0.425803E+09 0.198589E+11 0.201020E+11
  2986.00000  0.384059E+09 0.195094E+11 0.202464E+11
  2996.00000  0.344892E+09 0.191613E+11 0.203817E+11
  3006.00000  0.308232E+09 0.188146E+11 0.205080E+11
  3016.00000  0.274010E+09 0.184694E+11 0.206252E+11
  3026.00000  0.242155E+09 0.181261E+11 0.207334E+11
  3036.00000  0.212599E+09 0.177846E+11 0.208327E+11
  3046.00000  0.185275E+09 0.174451E+11 0.209231E+11
  3056.00000  0.160117E+09 0.171077E+11 0.210046E+11
  3066.00000  0.137058E+09 0.167725E+11 0.210775E+11
  3076.00000  0.116035E+09 0.164396E+11 0.211417E+11
  3086.00000  0.969818E+08 0.161093E+11 0.211973E+11
  3096.00000  0.798371E+08 0.157814E+11 0.212444E+11
  3106.00000  0.645386E+08 0.154562E+11 0.212831E+11
  3116.00000  0.510252E+08 0.151338E+11 0.213135E+11
  3126.00000  0.392368E+08 0.148142E+11 0.213358E+11
  3136.00000  0.291143E+08 0.144975E+11 0.213499E+11
  3146.00000  0.205996E+08 0.141838E+11 0.213562E+11
  3156.00000  0.136354E+08 0.138732E+11 0.213545E+11
  3166.00000  0.816553E+07 0.135658E+11 0.213452E+11
  3176.00000  0.413478E+07 0.132615E+11 0.213283E+11
  3186.00000  0.148890E+07 0.129606E+11 0.213040E+11
  3196.00000  0.174610E+06 0.126630E+11 0.212723E+11
  3206.00000  0.139617E+06 0.123689E+11 0.212335E+11
  3216.00000  0.133262E+07 0.120782E+11 0.211876E+11
  3226.00000  0.370328E+07 0.117910E+11 0.211348E+11
  3236.00000  0.720227E+07 0.115074E+11 0.210753E+11
  3246.00000  0.117812E+08 0.112274E+11 0.210092E+11
  3256.00000  0.173927E+08 0.109511E+11 0.209366E+11
  3266.00000  0.239903E+08 0.106784E+11 0.208577E+11
  3276.00000  0.315287E+08 0.104095E+11 0.207727E+11
  3286.00000  0.399632E+08 0.101444E+11 0.206817E+11
  3296.00000  0.492504E+08 0.988299E+10 0.205849E+11
  3306.00000  0.593477E+08 0.962544E+10 0.204823E+11
  3316.00000  0.702135E+08 0.937172E+10 0.203743E+11
  3326.00000  0.818072E+08 0.912187E+10 0.202609E+11
  3336.00000  0.940889E+08 0.887589E+10 0.201422E+11
  3346.00000  0.107020E+09 0.863380E+10 0.200185E+11
  3356.00000  0.120562E+09 0.839561E+10 0.198900E+11
  3366.00000  0.134679E+09 0.816133E+10 0.197567E+11
  3376.00000  0.149334E+09 0.793097E+10 0.196188E+11
  3386.00000  0.164493E+09 0.770453E+10 0.194765E+11
  3396.00000  0.180120E+09 0.748202E+10 0.193299E+11
  3406.00000  0.196183E+09 0.726343E+10 0.191792E+11
  3416.00000  0.212649E+09 0.704876E+10 0.190246E+11
  3426.00000  0.229487E+09 0.683801E+10 0.188662E+11
  3436.00000  0.246665E+09 0.663117E+10 0.187042E+11
  3446.00000  0.264155E+09 0.642824E+10 0.185387E+11
  3456.00000  0.281926E+09 0.622919E+10 0.183698E+11
  3466.00000  0.299950E+09 0.603403E+10 0.181978E+11
  3476.00000  0.318201E+09 0.584273E+10 0.180227E+11
  3486.00000  0.336651E+09 0.565527E+10 0.178448E+11
  3496.00000  0.355275E+09 0.547165E+10 0.176641E+11
  3506.00000  0.374047E+09 0.529184E+10 0.174809E+11
  3516.00000  0.392943E+09 0.511581E+10 0.172952E+11
  3526.00000  0.411941E+09 0.494356E+10 0.171072E+11
  3536.00000  0.431016E+09 0.477504E+10 0.169170E+11
  3546.00000  0.450148E+09 0.461024E+10 0.167249E+11
  3556.00000  0.469315E+09 0.444913E+10 0.165308E+11
  3566.00000  0.488495E+09 0.429168E+10 0.163350E+11
  3576.00000  0.507671E+09 0.413787E+10 0.161376E+11
  3586.00000  0.526822E+09 0.398765E+10 0.159386E+11
  3596.00000  0.545929E+09 0.384101E+10 0.157384E+11
  3606.00000  0.564976E+09 0.369790E+10 0.155369E+11
  3616.00000  0.583945E+09 0.355829E+10 0.153343E+11
  3626.00000  0.602819E+09 0.342215E+10 0.151307E+11
  3636.00000  0.621583E+09 0.328944E+10 0.149262E+11
  3646.00000  0.640221E+09 0.316013E+10 0.147210E+11
  3656.00000  0.658720E+09 0.303417E+10 0.145151E+11
  3666.00000  0.677064E+09 0.291153E+10 0.143087E+11
  3676.00000  0.695241E+09 0.279217E+10 0.141020E+11
  3686.00000  0.713237E+09 0.267606E+10 0.138949E+11
  3696.00000  0.731041E+09 0.256314E+10 0.136876E+11
  3706.00000  0.748641E+09 0.245337E+10 0.134802E+11
  3716.00000  0.766025E+09 0.234673E+10 0.132728E+11
  3726.00000  0.783184E+09 0.224316E+10 0.130655E+11
  3736.00000  0.800106E+09 0.214263E+10 0.128584E+11
  3746.00000  0.816784E+09 0.204508E+10 0.126517E+11
  3756.00000  0.833206E+09 0.195048E+10 0.124453E+11
  3766.00000  0.849366E+09 0.185878E+10 0.122393E+11
  3776.00000  0.865254E+09 0.176994E+10 0.120339E+11
  3786.00000  0.880863E+09 0.168392E+10 0.118292E+11
  3796.00000  0.896186E+09 0.160067E+10 0.116252E+11
  3806.00000  0.911216E+09 0.152014E+10 0.114220E+11
  3816.00000  0.925947E+09 0.144229E+10 0.112196E+11
  3826.00000  0.940374E+09 0.136708E+10 0.110183E+11
  3836.00000  0.954489E+09 0.129445E+10 0.108179E+11
  3846.00000  0.968290E+09 0.122438E+10 0.106186E+11
  3856.00000  0.981770E+09 0.115680E+10 0.104205E+11
  3866.00000  0.994927E+09 0.109168E+10 0.102236E+11
  3876.00000  0.100775E+10 0.102896E+10 0.100280E+11
  3886.00000  0.102025E+10 0.968614E+09 0.983378E+10
  3896.00000  0.103241E+10 0.910583E+09 0.964093E+10
  3906.00000  0.104424E+10 0.854826E+09 0.944955E+10
  3916.00000  0.105572E+10 0.801298E+09 0.925967E+10
  3926.00000  0.106686E+10 0.749954E+09 0.907137E+10
  3936.00000  0.107766E+10 0.700749E+09 0.888467E+10
  3946.00000  0.108811E+10 0.653639E+09 0.869964E+10
  3956.00000  0.109822E+10 0.608578E+09 0.851631E+10
  3966.00000  0.110797E+10 0.565524E+09 0.833472E+10
  3976.00000  0.111738E+10 0.524431E+09 0.815493E+10
  3986.00000  0.112644E+10 0.485258E+09 0.797696E+10
  3996.00000  0.113515E+10 0.447959E+09 0.780086E+10
  4006.00000  0.114351E+10 0.412492E+09 0.762665E+10
  4016.00000  0.115152E+10 0.378815E+09 0.745437E+10
  4026.00000  0.115919E+10 0.346884E+09 0.728406E+10
  4036.00000  0.116651E+10 0.316658E+09 0.711573E+10
  4046.00000  0.117348E+10 0.288094E+09 0.694943E+10
  4056.00000  0.118010E+10 0.261153E+09 0.678516E+10
  4066.00000  0.118638E+10 0.235791E+09 0.662296E+10
  4076.00000  0.119232E+10 0.211969E+09 0.646285E+10
  4086.00000  0.119792E+10 0.189647E+09 0.630485E+10
  4096.00000  0.120318E+10 0.168784E+09 0.614897E+10
  4106.00000  0.120811E+10 0.149341E+09 0.599523E+10
  4116.00000  0.121270E+10 0.131280E+09 0.584366E+10
  4126.00000  0.121696E+10 0.114561E+09 0.569425E+10
  4136.00000  0.122089E+10 0.991470E+08 0.554702E+10
  4146.00000  0.122449E+10 0.849999E+08 0.540199E+10
  4156.00000  0.122777E+10 0.720826E+08 0.525916E+10
  4166.00000  0.123073E+10 0.603585E+08 0.511854E+10
  4176.00000  0.123338E+10 0.497914E+08 0.498014E+10
  4186.00000  0.123571E+10 0.403455E+08 0.484396E+10
  4196.00000  0.123773E+10 0.319857E+08 0.471001E+10
  4206.00000  0.123945E+10 0.246772E+08 0.457828E+10
  4216.00000  0.124086E+10 0.183858E+08 0.444879E+10
  4226.00000  0.124197E+10 0.130779E+08 0.432152E+10
  4236.00000  0.124279E+10 0.872007E+07 0.419648E+10
  4246.00000  0.124332E+10 0.527981E+07 0.407366E+10
  4256.00000  0.124356E+10 0.272491E+07 0.395306E+10
  4266.00000  0.124351E+10 0.102372E+07 0.383468E+10
  4276.00000  0.124319E+10 0.145112E+06 0.371851E+10
  4286.00000  0.124259E+10 0.584948E+05 0.360454E+10
  4296.00000  0.124172E+10 0.733791E+06 0.349277E+10
  4306.00000  0.124059E+10 0.214145E+07 0.338319E+10
  4316.00000  0.123919E+10 0.425245E+07 0.327579E+10
  4326.00000  0.123753E+10 0.703830E+07 0.317055E+10
  4336.00000  0.123562E+10 0.104710E+08 0.306747E+10
  4346.00000  0.123347E+10 0.145232E+08 0.296653E+10
  4356.00000  0.123107E+10 0.191679E+08 0.286773E+10
  4366.00000  0.122843E+10 0.243787E+08 0.277104E+10
  4376.00000  0.122555E+10 0.301298E+08 0.267645E+10
  4386.00000  0.122245E+10 0.363959E+08 0.258396E+10
  4396.00000  0.121912E+10 0.431520E+08 0.249353E+10
  4406.00000  0.121557E+10 0.503740E+08 0.240516E+10
  4416.00000  0.121180E+10 0.580379E+08 0.231883E+10
  4426.00000  0.120782E+10 0.661207E+08 0.223451E+10
  4436.00000  0.120364E+10 0.745994E+08 0.215220E+10
  4446.00000  0.119925E+10 0.834518E+08 0.207187E+10
  4456.00000  0.119467E+10 0.926563E+08 0.199351E+10
  4466.00000  0.118989E+10 0.102191E+09 0.191709E+10
  4476.00000  0.118492E+10 0.112037E+09 0.184259E+10
  4486.00000  0.117977E+10 0.122172E+09 0.177000E+10
  4511.00000  0.116613E+10 0.148648E+09 0.159670E+10
  4536.00000  0.115145E+10 0.176518E+09 0.143482E+10
  4561.00000  0.113579E+10 0.205504E+09 0.128401E+10
  4586.00000  0.111924E+10 0.235348E+09 0.114389E+10
  4611.00000  0.110185E+10 0.265808E+09 0.101410E+10
  4636.00000  0.108371E+10 0.296660E+09 0.894260E+09
  4661.00000  0.106487E+10 0.327697E+09 0.783976E+09
  4686.00000  0.104540E+10 0.358727E+09 0.682863E+09
  4711.00000  0.102537E+10 0.389575E+09 0.590530E+09
  4736.00000  0.100483E+10 0.420078E+09 0.506585E+09
  4761.00000  0.983858E+09 0.450091E+09 0.430639E+09
  4786.00000  0.962500E+09 0.479481E+09 0.362303E+09
  4811.00000  0.940816E+09 0.508127E+09 0.301193E+09
  4836.00000  0.918860E+09 0.535922E+09 0.246929E+09
  4861.00000  0.896684E+09 0.562771E+09 0.199135E+09
  4886.00000  0.874339E+09 0.588590E+09 0.157444E+09
  4911.00000  0.851872E+09 0.613306E+09 0.121493E+09
  4936.00000  0.829330E+09 0.636854E+09 0.909304E+08
  4961.00000  0.806754E+09 0.659183E+09 0.654099E+08
  4986.00000  0.784188E+09 0.680247E+09 0.445957E+08
  5011.00000  0.761669E+09 0.700011E+09 0.281612E+08
  5036.00000  0.739236E+09 0.718446E+09 0.157897E+08
  5061.00000  0.716922E+09 0.735533E+09 0.717469E+07
  5086.00000  0.694762E+09 0.751258E+09 0.202008E+07
  5111.00000  0.672784E+09 0.765613E+09 0.406384E+05
  5136.00000  0.651019E+09 0.778599E+09 0.962006E+06
  5161.00000  0.629492E+09 0.790218E+09 0.452083E+07
  5186.00000  0.608228E+09 0.800482E+09 0.104649E+08
  5211.00000  0.587251E+09 0.809405E+09 0.185529E+08
  5236.00000  0.566581E+09 0.817004E+09 0.285551E+08
  5261.00000  0.546238E+09 0.823304E+09 0.402523E+08
  5286.00000  0.526239E+09 0.828329E+09 0.534366E+08
  5311.00000  0.506601E+09 0.832109E+09 0.679109E+08
  5336.00000  0.487336E+09 0.834677E+09 0.834887E+08
  5361.00000  0.468458E+09 0.836065E+09 0.999943E+08
  5386.00000  0.449979E+09 0.836312E+09 0.117262E+09
  5411.00000  0.431908E+09 0.835456E+09 0.135137E+09
  5436.00000  0.414253E+09 0.833537E+09 0.153473E+09
  5461.00000  0.397022E+09 0.830596E+09 0.172134E+09
  5511.00000  0.363852E+09 0.821821E+09 0.209938E+09
  5561.00000  0.332430E+09 0.809480E+09 0.247644E+09
  5611.00000  0.302773E+09 0.793929E+09 0.284486E+09
  5661.00000  0.274879E+09 0.775528E+09 0.319822E+09
  5711.00000  0.248736E+09 0.754630E+09 0.353130E+09
  5761.00000  0.224318E+09 0.731584E+09 0.383993E+09
  5811.00000  0.201589E+09 0.706724E+09 0.412090E+09
  5861.00000  0.180506E+09 0.680373E+09 0.437189E+09
  5911.00000  0.161016E+09 0.652836E+09 0.459135E+09
  5961.00000  0.143061E+09 0.624402E+09 0.477842E+09
  6011.00000  0.126579E+09 0.595339E+09 0.493282E+09
  6061.00000  0.111504E+09 0.565894E+09 0.505480E+09
  6111.00000  0.977659E+08 0.536296E+09 0.514504E+09
  6161.00000  0.852941E+08 0.506750E+09 0.520460E+09
  6211.00000  0.740165E+08 0.477444E+09 0.523483E+09
  6261.00000  0.638607E+08 0.448542E+09 0.523733E+09
  6311.00000  0.547548E+08 0.420191E+09 0.521388E+09
  6361.00000  0.466277E+08 0.392519E+09 0.516640E+09
  6411.00000  0.394098E+08 0.365634E+09 0.509691E+09
  6461.00000  0.330328E+08 0.339628E+09 0.500749E+09
  6511.00000  0.274312E+08 0.314578E+09 0.490023E+09
  6561.00000  0.225412E+08 0.290543E+09 0.477722E+09
  6611.00000  0.183021E+08 0.267572E+09 0.464050E+09
  6661.00000  0.146556E+08 0.245696E+09 0.449207E+09
  6711.00000  0.115466E+08 0.224939E+09 0.433387E+09
  6761.00000  0.892276E+07 0.205312E+09 0.416773E+09
  6811.00000  0.673492E+07 0.186817E+09 0.399538E+09
  6861.00000  0.493688E+07 0.169448E+09 0.381846E+09
  6911.00000  0.348550E+07 0.153189E+09 0.363849E+09
  6961.00000  0.234063E+07 0.138021E+09 0.345689E+09
  7011.00000  0.146507E+07 0.123918E+09 0.327492E+09
  7061.00000  0.824462E+06 0.110848E+09 0.309377E+09
  7111.00000  0.387231E+06 0.987767E+08 0.291448E+09
  7161.00000  0.124469E+06 0.876657E+08 0.273799E+09
  7211.00000  0.982404E+04 0.774742E+08 0.256511E+09
  7261.00000  0.193855E+05 0.681593E+08 0.239657E+09
  7311.00000  0.131555E+06 0.596771E+08 0.223297E+09
  7361.00000  0.326922E+06 0.519824E+08 0.207483E+09
  7411.00000  0.588132E+06 0.450300E+08 0.192257E+09
  7511.00000  0.124817E+07 0.331707E+08 0.163696E+09
  7611.00000  0.200904E+07 0.237420E+08 0.137791E+09
  7711.00000  0.279288E+07 0.164014E+08 0.114615E+09
  7811.00000  0.354275E+07 0.108280E+08 0.941515E+08
  7911.00000  0.421909E+07 0.672637E+07 0.763150E+08
  8011.00000  0.479653E+07 0.383000E+07 0.609690E+08
  8111.00000  0.526101E+07 0.190203E+07 0.479396E+08
  8211.00000  0.560732E+07 0.735422E+06 0.370289E+08
  8311.00000  0.583693E+07 0.151961E+06 0.280259E+08
  8411.00000  0.595612E+07 0.715751E+03 0.207149E+08
  8511.00000  0.597454E+07 0.155975E+06 0.148833E+08
  8611.00000  0.590390E+07 0.514923E+06 0.103266E+08
  8711.00000  0.575702E+07 0.995158E+06 0.685249E+07
  8811.00000  0.554705E+07 0.153219E+07 0.428372E+07
  8911.00000  0.528689E+07 0.207700E+07 0.245953E+07
  9011.00000  0.498876E+07 0.259368E+07 0.123654E+07
  9111.00000  0.466388E+07 0.305728E+07 0.488850E+06
  9211.00000  0.432232E+07 0.345184E+07 0.107577E+06
  9311.00000  0.397290E+07 0.376860E+07 0.125142E+02
  9411.00000  0.362316E+07 0.400442E+07 0.884879E+05
  9511.00000  0.327935E+07 0.416048E+07 0.309064E+06
  9611.00000  0.294656E+07 0.424110E+07 0.610121E+06
  9711.00000  0.262872E+07 0.425275E+07 0.950914E+06
  9811.00000  0.232880E+07 0.420331E+07 0.130015E+07
  9911.00000  0.204883E+07 0.410137E+07 0.163462E+07
 10011.00000  0.179010E+07 0.395578E+07 0.193790E+07
 10111.00000  0.155322E+07 0.377524E+07 0.219922E+07
 10211.00000  0.133824E+07 0.356803E+07 0.241232E+07
 10311.00000  0.114480E+07 0.334178E+07 0.257460E+07
 10411.00000  0.972140E+06 0.310339E+07 0.268621E+07
 10511.00000  0.819260E+06 0.285890E+07 0.274937E+07
 10611.00000  0.684960E+06 0.261354E+07 0.276781E+07
 10711.00000  0.567908E+06 0.237168E+07 0.274618E+07
 10811.00000  0.466697E+06 0.213687E+07 0.268974E+07
 10911.00000  0.379892E+06 0.191194E+07 0.260397E+07
 11011.00000  0.306063E+06 0.169901E+07 0.249433E+07
 11111.00000  0.243818E+06 0.149959E+07 0.236609E+07
 11211.00000  0.191821E+06 0.131468E+07 0.222416E+07
 11311.00000  0.148813E+06 0.114478E+07 0.207302E+07
 11411.00000  0.113620E+06 0.990026E+06 0.191667E+07
 11511.00000  0.851613E+05 0.850242E+06 0.175858E+07
 11611.00000  0.624545E+05 0.724987E+06 0.160170E+07
 11711.00000  0.446126E+05 0.613627E+06 0.144846E+07
 11811.00000  0.308446E+05 0.515384E+06 0.130085E+07
 11911.00000  0.204515E+05 0.429377E+06 0.116036E+07
 12011.00000  0.128209E+05 0.354664E+06 0.102813E+07
 12111.00000  0.742203E+04 0.290273E+06 0.904915E+06
 12211.00000  0.379876E+04 0.235227E+06 0.791169E+06
 12311.00000  0.156320E+04 0.188567E+06 0.687085E+06
 12411.00000  0.388891E+03 0.149366E+06 0.592637E+06
 12511.00000  0.417757E+01 0.116744E+06 0.507620E+06
 12611.00000  0.185753E+03 0.898744E+05 0.431687E+06
 12711.00000  0.752576E+03 0.679923E+05 0.364388E+06
 12811.00000  0.156017E+04 0.503963E+05 0.305191E+06
 12911.00000  0.249537E+04 0.364499E+05 0.253518E+06
 13011.00000  0.347154E+04 0.255816E+05 0.208759E+06
 13111.00000  0.442426E+04 0.172825E+05 0.170294E+06
 13211.00000  0.530750E+04 0.111038E+05 0.137505E+06
 13311.00000  0.609021E+04 0.665366E+04 0.109794E+06
 13411.00000  0.675342E+04 0.359249E+04 0.865839E+05
 13511.00000  0.728765E+04 0.162933E+04 0.673321E+05
 13611.00000  0.769077E+04 0.517108E+03 0.515312E+05
 13711.00000  0.796614E+04 0.483052E+02 0.387138E+05
 13811.00000  0.812113E+04 0.506312E+02 0.284531E+05
 13911.00000  0.816579E+04 0.382854E+03 0.203635E+05
 14011.00000  0.811192E+04 0.930877E+03 0.140997E+05
 14111.00000  0.797218E+04 0.160407E+04 0.935550E+04
 14211.00000  0.775950E+04 0.233189E+04 0.586167E+04
 14311.00000  0.748658E+04 0.306082E+04 0.338362E+04
 14411.00000  0.716557E+04 0.375160E+04 0.171877E+04
 14511.00000  0.680776E+04 0.437674E+04 0.693834E+03
 14611.00000  0.642350E+04 0.491837E+04 0.162026E+03
 14711.00000  0.602202E+04 0.536632E+04 0.286648E+00
 14811.00000  0.561146E+04 0.571648E+04 0.106623E+03
 14911.00000  0.519885E+04 0.596942E+04 0.397561E+03
 15011.00000  0.479013E+04 0.612913E+04 0.805768E+03
 15111.00000  0.439022E+04 0.620210E+04 0.127784E+04
 15211.00000  0.400314E+04 0.619647E+04 0.177230E+04
 15311.00000  0.363201E+04 0.612136E+04 0.225774E+04
 15411.00000  0.327920E+04 0.598634E+04 0.271123E+04
 15511.00000  0.294641E+04 0.580104E+04 0.311682E+04
 15611.00000  0.263473E+04 0.557480E+04 0.346431E+04
 15711.00000  0.234477E+04 0.531645E+04 0.374808E+04
 15811.00000  0.207670E+04 0.503417E+04 0.396616E+04
 15911.00000  0.183032E+04 0.473538E+04 0.411940E+04
 16011.00000  0.160518E+04 0.442667E+04 0.421073E+04
 16111.00000  0.140057E+04 0.411380E+04 0.424464E+04
 16211.00000  0.121563E+04 0.380169E+04 0.422660E+04
 16311.00000  0.104935E+04 0.349449E+04 0.416274E+04
 16411.00000  0.900635E+03 0.319560E+04 0.405946E+04
 16511.00000  0.768344E+03 0.290773E+04 0.392319E+04
 16611.00000  0.651294E+03 0.263294E+04 0.376021E+04
 16711.00000  0.548303E+03 0.237279E+04 0.357645E+04
 16811.00000  0.458201E+03 0.212832E+04 0.337745E+04
 16911.00000  0.379846E+03 0.190015E+04 0.316821E+04
 17011.00000  0.312135E+03 0.168855E+04 0.295321E+04
 17111.00000  0.254017E+03 0.149351E+04 0.273638E+04
 17211.00000  0.204494E+03 0.131475E+04 0.252105E+04
 17311.00000  0.162628E+03 0.115180E+04 0.231004E+04
 17411.00000  0.127544E+03 0.100406E+04 0.210564E+04
 17511.00000  0.984295E+02 0.870802E+03 0.190965E+04
 17611.00000  0.745357E+02 0.751211E+03 0.172345E+04
 17711.00000  0.551768E+02 0.644431E+03 0.154801E+04
 17811.00000  0.397276E+02 0.549575E+03 0.138399E+04
 17911.00000  0.276222E+02 0.465745E+03 0.123171E+04
 18011.00000  0.183505E+02 0.392054E+03 0.109126E+04
 18111.00000  0.114562E+02 0.327629E+03 0.962517E+03
 18211.00000  0.653300E+01 0.271628E+03 0.845193E+03
 18311.00000  0.322203E+01 0.223246E+03 0.738862E+03
 18411.00000  0.120818E+01 0.181717E+03 0.642999E+03
 18511.00000  0.217025E+00 0.146322E+03 0.557006E+03
 18611.00000  0.115707E-01 0.116386E+03 0.480244E+03
 18711.00000  0.389063E+00 0.912847E+02 0.412043E+03
 18811.00000  0.117793E+01 0.704389E+02 0.351727E+03
 18911.00000  0.223480E+01 0.533172E+02 0.298629E+03
 19011.00000  0.344168E+01 0.394337E+02 0.252097E+03
 19111.00000  0.470320E+01 0.283460E+02 0.211505E+03
 19311.00000  0.710650E+01 0.129971E+02 0.145811E+03
 19511.00000  0.904016E+01 0.453107E+01 0.972573E+02
 19711.00000  0.103122E+02 0.770750E+00 0.621910E+02
 19911.00000  0.108821E+02 0.268048E-01 0.375765E+02
 20111.00000  0.108101E+02 0.102633E+01 0.209412E+02
 20311.00000  0.102152E+02 0.284564E+01 0.102966E+02
 20511.00000  0.924284E+01 0.484824E+01 0.405592E+01
 20711.00000  0.804090E+01 0.662832E+01 0.959115E+00
 20911.00000  0.674298E+01 0.795976E+01 0.895630E-02
 21111.00000  0.545868E+01 0.875101E+01 0.421599E+00
 21311.00000  0.426889E+01 0.900555E+01 0.158961E+01
 21511.00000  0.322566E+01 0.878870E+01 0.305494E+01
 21711.00000  0.235488E+01 0.820015E+01 0.448838E+01
 21911.00000  0.166097E+01 0.735272E+01 0.567226E+01
 22111.00000  0.113252E+01 0.635659E+01 0.648398E+01
 22311.00000  0.747961E+00 0.530882E+01 0.687899E+01
 22511.00000  0.480800E+00 0.428736E+01 0.687306E+01
 22711.00000  0.303834E+00 0.334867E+01 0.652415E+01
 22911.00000  0.192257E+00 0.252826E+01 0.591525E+01
 23111.00000  0.125529E+00 0.184303E+01 0.513888E+01
 23311.00000  0.881565E-01 0.129493E+01 0.428467E+01
 23511.00000  0.695675E-01 0.874875E+00 0.343011E+01
 23711.00000  0.633472E-01 0.566781E+00 0.263508E+01
 23911.00000  0.661126E-01 0.351026E+00 0.193962E+01
 24111.00000  0.762848E-01 0.207294E+00 0.136452E+01
 24311.00000  0.929768E-01 0.116651E+00 0.914114E+00
 24511.00000  0.115142E+00 0.628561E-01 0.580189E+00
 24711.00000  0.141073E+00 0.330103E-01 0.346468E+00
 24911.00000  0.168252E+00 0.176477E-01 0.192797E+00
 25111.00000  0.193528E+00 0.104365E-01 0.986320E-01
 25311.00000  0.213506E+00 0.762230E-02 0.454997E-01
 25511.00000  0.225079E+00 0.735406E-02 0.183996E-01
 25711.00000  0.225942E+00 0.899866E-02 0.626224E-02
 25911.00000  0.215033E+00 0.125296E-01 0.170729E-02
 26111.00000  0.192783E+00 0.180436E-01 0.378252E-03
 26311.00000  0.161168E+00 0.254333E-01 0.113886E-03
 26511.00000  0.123528E+00 0.342223E-01 0.148808E-03
 26711.00000  0.841949E-01 0.435468E-01 0.458713E-03
 26911.00000  0.479785E-01 0.522558E-01 0.129368E-02



         14        14         1      1181D   C   D    0.822591500D+05
     218
 E STATE HAS LABEL D   
 VIBRATIONAL LEVELS FOR STATE E IN 1/CM FOR J= 13
       -688.84334
 PROPORTION OF STATE C   
  0.701579E-05
 PROPORTION OF STATE D   
  0.999993E+00
 TABLE FOR EMISSION PROBABILITIES   E(J= 13,IE) ==>F(J= 13,IF)
         IE==>      0
     1.00000  0.155242E-30
     2.00000  0.178283E-26
     3.00000  0.421256E-24
     4.00000  0.202971E-22
     5.00000  0.409210E-21
     6.00000  0.475478E-20
     7.00000  0.377712E-19
     8.00000  0.227149E-18
     9.00000  0.110444E-17
    10.00000  0.454099E-17
    11.00000  0.163022E-16
    12.00000  0.523239E-16
    13.00000  0.152865E-15
    14.00000  0.412225E-15
    15.00000  0.103749E-14
    16.00000  0.245884E-14
    17.00000  0.552769E-14
    18.00000  0.118590E-13
    19.00000  0.244031E-13
    20.00000  0.483718E-13
    21.00000  0.926995E-13
    22.00000  0.172293E-12
    23.00000  0.311419E-12
    24.00000  0.548711E-12
    25.00000  0.944427E-12
    26.00000  0.159081E-11
    27.00000  0.262663E-11
    28.00000  0.425740E-11
    29.00000  0.678296E-11
    30.00000  0.106348E-10
    31.00000  0.164260E-10
    32.00000  0.250174E-10
    33.00000  0.376041E-10
    34.00000  0.558281E-10
    35.00000  0.819235E-10
    36.00000  0.118902E-09
    37.00000  0.170788E-09
    38.00000  0.242915E-09
    39.00000  0.342298E-09
    40.00000  0.478096E-09
    40.00000  0.909841E-09
    42.00000  0.167949E-08
    44.00000  0.301533E-08
    46.00000  0.527803E-08
    48.00000  0.902602E-08
    50.00000  0.151079E-07
    52.00000  0.247917E-07
    54.00000  0.399423E-07
    56.00000  0.632635E-07
    58.00000  0.986229E-07
    60.00000  0.151485E-06
    62.00000  0.229480E-06
    64.00000  0.343151E-06
    66.00000  0.506918E-06
    68.00000  0.740317E-06
    70.00000  0.106958E-05
    72.00000  0.152965E-05
    74.00000  0.216668E-05
    76.00000  0.304123E-05
    78.00000  0.423219E-05
    80.00000  0.584170E-05
    82.00000  0.800116E-05
    84.00000  0.108787E-04
    86.00000  0.146884E-04
    88.00000  0.197010E-04
    90.00000  0.262582E-04
    92.00000  0.347884E-04
    94.00000  0.458269E-04
    96.00000  0.600402E-04
    98.00000  0.782544E-04
   100.00000  0.101491E-03
   102.00000  0.131009E-03
   104.00000  0.168354E-03
   106.00000  0.215421E-03
   108.00000  0.274530E-03
   110.00000  0.348507E-03
   112.00000  0.440798E-03
   114.00000  0.555592E-03
   116.00000  0.697978E-03
   118.00000  0.109153E-02
   118.00000  0.168824E-02
   122.00000  0.258618E-02
   126.00000  0.392945E-02
   130.00000  0.593086E-02
   134.00000  0.890703E-02
   138.00000  0.133346E-01
   142.00000  0.199428E-01
   146.00000  0.298726E-01
   150.00000  0.449614E-01
   154.00000  0.682832E-01
   158.00000  0.105244E+00
   162.00000  0.165994E+00
   166.00000  0.271326E+00
   170.00000  0.469297E+00
   174.00000  0.892278E+00
   178.00000  0.202291E+01
   182.00000  0.688501E+01
   186.00000  0.151244E+03
   190.00000  0.433687E+04
   194.00000  0.442394E+04
   198.00000  0.451368E+04
   202.00000  0.460619E+04
   206.00000  0.470159E+04
   210.00000  0.480000E+04
   214.00000  0.490154E+04
   218.00000  0.500637E+04
   222.00000  0.511460E+04
   226.00000  0.522641E+04
   230.00000  0.534194E+04
   234.00000  0.546136E+04
   238.00000  0.558486E+04
   242.00000  0.571261E+04
   246.00000  0.584482E+04
   250.00000  0.598169E+04
   254.00000  0.612346E+04
   258.00000  0.627034E+04
   262.00000  0.642261E+04
   266.00000  0.658051E+04
   270.00000  0.674434E+04
   274.00000  0.691439E+04
   274.00000  0.709098E+04
   282.00000  0.727446E+04
   290.00000  0.746519E+04
   298.00000  0.766355E+04
   306.00000  0.786996E+04
   314.00000  0.808485E+04
   322.00000  0.830872E+04
   330.00000  0.854205E+04
   338.00000  0.878539E+04
   346.00000  0.903932E+04
   354.00000  0.930447E+04
   362.00000  0.958151E+04
   370.00000  0.987117E+04
   378.00000  0.101742E+05
   386.00000  0.104915E+05
   394.00000  0.108239E+05
   402.00000  0.111724E+05
   410.00000  0.115381E+05
   418.00000  0.119221E+05
   426.00000  0.123257E+05
   434.00000  0.127502E+05
   442.00000  0.131971E+05
   450.00000  0.136680E+05
   458.00000  0.141647E+05
   466.00000  0.146890E+05
   474.00000  0.152431E+05
   482.00000  0.158292E+05
   490.00000  0.164500E+05
   498.00000  0.171081E+05
   506.00000  0.178066E+05
   514.00000  0.185490E+05
   522.00000  0.193389E+05
   530.00000  0.201805E+05
   538.00000  0.210784E+05
   546.00000  0.220378E+05
   554.00000  0.230645E+05
   562.00000  0.241648E+05
   570.00000  0.253460E+05
   578.00000  0.266162E+05
   586.00000  0.279846E+05
   586.00000  0.294616E+05
   596.00000  0.310590E+05
   606.00000  0.327902E+05
   616.00000  0.346707E+05
   626.00000  0.367182E+05
   636.00000  0.389530E+05
   646.00000  0.413987E+05
   656.00000  0.440827E+05
   666.00000  0.470370E+05
   676.00000  0.502992E+05
   686.00000  0.539137E+05
   696.00000  0.579331E+05
   706.00000  0.624202E+05
   716.00000  0.674506E+05
   726.00000  0.731156E+05
   736.00000  0.795269E+05
   746.00000  0.868214E+05
   756.00000  0.951694E+05
   766.00000  0.104784E+06
   776.00000  0.115935E+06
   786.00000  0.128968E+06
   796.00000  0.144332E+06
   806.00000  0.162619E+06
   816.00000  0.184619E+06
   826.00000  0.211411E+06
   836.00000  0.244496E+06
   846.00000  0.286009E+06
   856.00000  0.339079E+06
   866.00000  0.408431E+06
   876.00000  0.501475E+06
   886.00000  0.630376E+06
   896.00000  0.816234E+06
   906.00000  0.109830E+07
   916.00000  0.155653E+07
   926.00000  0.237506E+07
   936.00000  0.406024E+07
   946.00000  0.845823E+07
   956.00000  0.271133E+08
   966.00000  0.275445E+08
   976.00000  0.279860E+08
   976.00000  0.284381E+08
   986.00000  0.289012E+08
   996.00000  0.293756E+08
  1006.00000  0.298616E+08
  1016.00000  0.303597E+08
  1026.00000  0.308702E+08
  1036.00000  0.313935E+08
  1046.00000  0.319302E+08
  1056.00000  0.324806E+08
  1066.00000  0.330451E+08
  1076.00000  0.336244E+08
  1086.00000  0.342189E+08
  1096.00000  0.348291E+08
  1106.00000  0.354555E+08
  1116.00000  0.360989E+08
  1126.00000  0.367597E+08
  1136.00000  0.374385E+08
  1146.00000  0.381362E+08
  1156.00000  0.388532E+08
  1166.00000  0.395904E+08
  1176.00000  0.403485E+08
  1186.00000  0.411283E+08
  1196.00000  0.419307E+08
  1206.00000  0.427564E+08
  1216.00000  0.436063E+08
  1226.00000  0.444815E+08
  1236.00000  0.453830E+08
  1246.00000  0.463116E+08
  1256.00000  0.472687E+08
  1266.00000  0.482552E+08
  1276.00000  0.492724E+08
  1286.00000  0.503216E+08
  1296.00000  0.514041E+08
  1306.00000  0.525213E+08
  1316.00000  0.536747E+08
  1326.00000  0.548658E+08
  1336.00000  0.560962E+08
  1346.00000  0.573677E+08
  1356.00000  0.586820E+08
  1366.00000  0.600412E+08
  1366.00000  0.614471E+08
  1376.00000  0.629019E+08
  1386.00000  0.644079E+08
  1396.00000  0.659674E+08
  1406.00000  0.675830E+08
  1416.00000  0.692572E+08
  1426.00000  0.709929E+08
  1436.00000  0.727931E+08
  1446.00000  0.746608E+08
  1456.00000  0.765995E+08
  1466.00000  0.786127E+08
  1476.00000  0.807040E+08
  1486.00000  0.828775E+08
  1496.00000  0.851375E+08
  1506.00000  0.874883E+08
  1516.00000  0.899348E+08
  1526.00000  0.924820E+08
  1536.00000  0.951354E+08
  1546.00000  0.979007E+08
  1556.00000  0.100784E+09
  1566.00000  0.103792E+09
  1576.00000  0.106932E+09
  1586.00000  0.110210E+09
  1596.00000  0.113636E+09
  1606.00000  0.117217E+09
  1616.00000  0.120962E+09
  1626.00000  0.124882E+09
  1636.00000  0.128987E+09
  1646.00000  0.133287E+09
  1656.00000  0.137795E+09
  1666.00000  0.142524E+09
  1676.00000  0.147487E+09
  1686.00000  0.152700E+09
  1696.00000  0.158176E+09
  1706.00000  0.163935E+09
  1716.00000  0.169994E+09
  1726.00000  0.176372E+09
  1736.00000  0.183090E+09
  1746.00000  0.190171E+09
  1756.00000  0.197639E+09
  1756.00000  0.205519E+09
  1766.00000  0.213840E+09
  1776.00000  0.222632E+09
  1786.00000  0.231925E+09
  1796.00000  0.241754E+09
  1806.00000  0.252156E+09
  1816.00000  0.263168E+09
  1826.00000  0.274833E+09
  1836.00000  0.287193E+09
  1846.00000  0.300296E+09
  1856.00000  0.314188E+09
  1866.00000  0.328921E+09
  1876.00000  0.344548E+09
  1886.00000  0.361123E+09
  1896.00000  0.378701E+09
  1906.00000  0.397338E+09
  1916.00000  0.417089E+09
  1926.00000  0.438007E+09
  1936.00000  0.460142E+09
  1946.00000  0.483536E+09
  1956.00000  0.508226E+09
  1966.00000  0.534235E+09
  1976.00000  0.561570E+09
  1986.00000  0.590219E+09
  1996.00000  0.620144E+09
  2006.00000  0.651276E+09
  2016.00000  0.683506E+09
  2026.00000  0.716681E+09
  2036.00000  0.750596E+09
  2046.00000  0.784988E+09
  2056.00000  0.819528E+09
  2066.00000  0.853825E+09
  2076.00000  0.887417E+09
  2086.00000  0.919787E+09
  2096.00000  0.950363E+09
  2106.00000  0.978543E+09
  2116.00000  0.100371E+10
  2126.00000  0.102526E+10
  2136.00000  0.104265E+10
  2146.00000  0.105540E+10
  2146.00000  0.106316E+10
  2156.00000  0.106569E+10
  2166.00000  0.106292E+10
  2176.00000  0.105493E+10
  2186.00000  0.104195E+10
  2196.00000  0.102436E+10
  2206.00000  0.100263E+10
  2216.00000  0.977312E+09
  2226.00000  0.949009E+09
  2236.00000  0.918336E+09
  2246.00000  0.885897E+09
  2256.00000  0.852260E+09
  2266.00000  0.817942E+09
  2276.00000  0.783398E+09
  2286.00000  0.749020E+09
  2296.00000  0.715131E+09
  2306.00000  0.681994E+09
  2316.00000  0.649809E+09
  2326.00000  0.618729E+09
  2336.00000  0.588860E+09
  2346.00000  0.560269E+09
  2356.00000  0.532993E+09
  2366.00000  0.507044E+09
  2376.00000  0.482414E+09
  2386.00000  0.459077E+09
  2396.00000  0.436998E+09
  2406.00000  0.416134E+09
  2416.00000  0.396434E+09
  2426.00000  0.377846E+09
  2436.00000  0.360315E+09
  2446.00000  0.343785E+09
  2456.00000  0.328200E+09
  2466.00000  0.313506E+09
  2476.00000  0.299650E+09
  2486.00000  0.286583E+09
  2496.00000  0.274256E+09
  2506.00000  0.262622E+09
  2516.00000  0.251638E+09
  2526.00000  0.241264E+09
  2536.00000  0.231460E+09
  2536.00000  0.222190E+09
  2546.00000  0.213421E+09
  2556.00000  0.205121E+09
  2566.00000  0.197260E+09
  2576.00000  0.189810E+09
  2586.00000  0.182747E+09
  2596.00000  0.176045E+09
  2606.00000  0.169682E+09
  2616.00000  0.163638E+09
  2626.00000  0.157893E+09
  2636.00000  0.152429E+09
  2646.00000  0.147229E+09
  2656.00000  0.142277E+09
  2666.00000  0.137558E+09
  2676.00000  0.133060E+09
  2686.00000  0.128769E+09
  2696.00000  0.124674E+09
  2706.00000  0.120762E+09
  2716.00000  0.117025E+09
  2726.00000  0.113451E+09
  2736.00000  0.110033E+09
  2746.00000  0.106761E+09
  2756.00000  0.103628E+09
  2766.00000  0.100626E+09
  2776.00000  0.977483E+08
  2786.00000  0.949885E+08
  2796.00000  0.923403E+08
  2806.00000  0.897980E+08
  2816.00000  0.873562E+08
  2826.00000  0.850099E+08
  2836.00000  0.827542E+08
  2846.00000  0.805848E+08
  2856.00000  0.784973E+08
  2866.00000  0.764879E+08
  2876.00000  0.745527E+08
  2886.00000  0.726883E+08
  2896.00000  0.708914E+08
  2906.00000  0.691587E+08
  2916.00000  0.136164E+08
  2926.00000  0.557859E+07
  2926.00000  0.301262E+07
  2936.00000  0.188143E+07
  2946.00000  0.128533E+07
  2956.00000  0.933307E+06
  2966.00000  0.708269E+06
  2976.00000  0.555759E+06
  2986.00000  0.447661E+06
  2996.00000  0.368270E+06
  3006.00000  0.308255E+06
  3016.00000  0.261789E+06
  3026.00000  0.225081E+06
  3036.00000  0.195579E+06
  3046.00000  0.171514E+06
  3056.00000  0.151628E+06
  3066.00000  0.135007E+06
  3076.00000  0.120973E+06
  3086.00000  0.109017E+06
  3096.00000  0.987467E+05
  3106.00000  0.898607E+05
  3116.00000  0.821206E+05
  3126.00000  0.753377E+05
  3136.00000  0.693605E+05
  3146.00000  0.640663E+05
  3156.00000  0.593549E+05
  3166.00000  0.551438E+05
  3176.00000  0.513646E+05
  3186.00000  0.479604E+05
  3196.00000  0.448830E+05
  3206.00000  0.420919E+05
  3216.00000  0.395528E+05
  3226.00000  0.372362E+05
  3236.00000  0.351168E+05
  3246.00000  0.331730E+05
  3256.00000  0.313858E+05
  3266.00000  0.297388E+05
  3276.00000  0.282179E+05
  3286.00000  0.268104E+05
  3296.00000  0.255053E+05
  3306.00000  0.242930E+05
  3316.00000  0.231649E+05
  3316.00000  0.221133E+05
  3326.00000  0.211315E+05
  3336.00000  0.202135E+05
  3346.00000  0.193538E+05
  3356.00000  0.185477E+05
  3366.00000  0.177907E+05
  3376.00000  0.170789E+05
  3386.00000  0.164089E+05
  3396.00000  0.157774E+05
  3406.00000  0.151815E+05
  3416.00000  0.146187E+05
  3426.00000  0.140864E+05
  3436.00000  0.135826E+05
  3446.00000  0.131052E+05
  3456.00000  0.126524E+05
  3466.00000  0.122226E+05
  3476.00000  0.118143E+05
  3486.00000  0.114260E+05
  3496.00000  0.110564E+05
  3506.00000  0.107044E+05
  3516.00000  0.103688E+05
  3526.00000  0.100487E+05
  3536.00000  0.974317E+04
  3546.00000  0.945127E+04
  3556.00000  0.917222E+04
  3566.00000  0.890528E+04
  3576.00000  0.864977E+04
  3586.00000  0.840504E+04
  3596.00000  0.817050E+04
  3606.00000  0.794558E+04
  3616.00000  0.772977E+04
  3626.00000  0.752259E+04
  3636.00000  0.732357E+04
  3646.00000  0.713231E+04
  3656.00000  0.694839E+04
  3666.00000  0.677145E+04
  3676.00000  0.660115E+04
  3686.00000  0.643715E+04
  3696.00000  0.627914E+04
  3706.00000  0.612685E+04
  3706.00000  0.597999E+04
  3716.00000  0.583831E+04
  3726.00000  0.570158E+04
  3736.00000  0.556956E+04
  3746.00000  0.544204E+04
  3756.00000  0.531882E+04
  3766.00000  0.519971E+04
  3776.00000  0.508452E+04
  3786.00000  0.497310E+04
  3796.00000  0.486526E+04
  3806.00000  0.476087E+04
  3816.00000  0.465978E+04
  3826.00000  0.456185E+04
  3836.00000  0.446695E+04
  3846.00000  0.437496E+04
  3856.00000  0.428575E+04
  3866.00000  0.419923E+04
  3876.00000  0.411527E+04
  3886.00000  0.230968E+02
  3896.00000  0.398847E+01
  3906.00000  0.150672E+01
  3916.00000  0.721380E+00
  3926.00000  0.373089E+00
  3936.00000  0.189979E+00
  3946.00000  0.861350E-01
  3956.00000  0.283951E-01
  3966.00000  0.275722E-02
  3976.00000  0.355940E-02
  3986.00000  0.293845E-01
  3996.00000  0.813389E-01
  4006.00000  0.162286E+00
  4016.00000  0.276513E+00
  4026.00000  0.429600E+00
  4036.00000  0.628416E+00
  4046.00000  0.881177E+00
  4056.00000  0.119755E+01
  4066.00000  0.158879E+01
  4076.00000  0.206794E+01
  4086.00000  0.335210E+01
  4096.00000  0.519781E+01
  4096.00000  0.779665E+01
  4106.00000  0.113942E+02
  4116.00000  0.163028E+02
  4126.00000  0.229156E+02
  4136.00000  0.317247E+02
  4146.00000  0.433404E+02
  4156.00000  0.585135E+02
  4166.00000  0.781603E+02
  4176.00000  0.103390E+03
  4186.00000  0.135533E+03
  4196.00000  0.176169E+03
  4206.00000  0.227148E+03
  4216.00000  0.290611E+03
  4226.00000  0.368991E+03
  4236.00000  0.465006E+03
  4246.00000  0.581609E+03
  4256.00000  0.721913E+03
  4266.00000  0.889052E+03
  4276.00000  0.108601E+04
  4286.00000  0.131534E+04
  4296.00000  0.157893E+04
  4306.00000  0.187761E+04
  4316.00000  0.221084E+04
  4326.00000  0.257642E+04
  4336.00000  0.297033E+04
  4346.00000  0.338677E+04
  4356.00000  0.381833E+04
  4366.00000  0.425645E+04
  4376.00000  0.469200E+04
  4386.00000  0.511592E+04
  4396.00000  0.551990E+04
  4406.00000  0.589694E+04
  4416.00000  0.624165E+04
  4426.00000  0.655041E+04
  4436.00000  0.682132E+04
  4446.00000  0.705396E+04
  4456.00000  0.724919E+04
  4466.00000  0.744335E+04
  4476.00000  0.758662E+04
  4486.00000  0.768453E+04
  4486.00000  0.774275E+04
  4511.00000  0.776672E+04
  4536.00000  0.776144E+04
  4561.00000  0.773134E+04
  4586.00000  0.768030E+04
  4611.00000  0.761162E+04
  4636.00000  0.752807E+04
  4661.00000  0.743199E+04
  4686.00000  0.732530E+04
  4711.00000  0.720966E+04
  4736.00000  0.708641E+04
  4761.00000  0.695672E+04
  4786.00000  0.682152E+04
  4811.00000  0.668162E+04
  4836.00000  0.653771E+04
  4861.00000  0.639039E+04
  4886.00000  0.624020E+04
  4911.00000  0.608760E+04
  4936.00000  0.593302E+04
  4961.00000  0.577683E+04
  4986.00000  0.561938E+04
  5011.00000  0.546099E+04
  5036.00000  0.530199E+04
  5061.00000  0.514266E+04
  5086.00000  0.498328E+04
  5111.00000  0.482412E+04
  5136.00000  0.466542E+04
  5161.00000  0.450742E+04
  5186.00000  0.435035E+04
  5211.00000  0.419442E+04
  5236.00000  0.403986E+04
  5261.00000  0.388684E+04
  5286.00000  0.373557E+04
  5311.00000  0.358620E+04
  5336.00000  0.343891E+04
  5361.00000  0.329384E+04
  5386.00000  0.315115E+04
  5411.00000  0.301097E+04
  5436.00000  0.287343E+04
  5461.00000  0.273864E+04
  5461.00000  0.260672E+04
  5511.00000  0.247776E+04
  5561.00000  0.235185E+04
  5611.00000  0.222907E+04
  5661.00000  0.210951E+04
  5711.00000  0.199322E+04
  5761.00000  0.188026E+04
  5811.00000  0.177069E+04
  5861.00000  0.166455E+04
  5911.00000  0.156186E+04
  5961.00000  0.146266E+04
  6011.00000  0.136696E+04
  6061.00000  0.127478E+04
  6111.00000  0.118613E+04
  6161.00000  0.110100E+04
  6211.00000  0.101940E+04
  6261.00000  0.941295E+03
  6311.00000  0.866683E+03
  6361.00000  0.795537E+03
  6411.00000  0.727829E+03
  6461.00000  0.663527E+03
  6511.00000  0.602594E+03
  6561.00000  0.544989E+03
  6611.00000  0.490668E+03
  6661.00000  0.439581E+03
  6711.00000  0.391677E+03
  6761.00000  0.346901E+03
  6811.00000  0.305195E+03
  6861.00000  0.266498E+03
  6911.00000  0.230748E+03
  6961.00000  0.197879E+03
  7011.00000  0.167824E+03
  7061.00000  0.140515E+03
  7111.00000  0.115880E+03
  7161.00000  0.938477E+02
  7211.00000  0.743445E+02
  7261.00000  0.572961E+02
  7311.00000  0.426274E+02
  7361.00000  0.302625E+02
  7411.00000  0.201250E+02
  7411.00000  0.121380E+02
  7511.00000  0.622454E+01
  7611.00000  0.230744E+01
  7711.00000  0.309641E+00
  7811.00000  0.154221E+00
  7911.00000  0.176456E+01
  8011.00000  0.506442E+01
  8111.00000  0.997809E+01
  8211.00000  0.164305E+02
  8311.00000  0.243471E+02
  8411.00000  0.336544E+02
  8511.00000  0.442795E+02
  8611.00000  0.561507E+02
  8711.00000  0.691971E+02
  8811.00000  0.833489E+02
  8911.00000  0.985376E+02
  9011.00000  0.114696E+03
  9111.00000  0.131757E+03
  9211.00000  0.149657E+03
  9311.00000  0.168332E+03
  9411.00000  0.187719E+03
  9511.00000  0.207759E+03
  9611.00000  0.228392E+03
  9711.00000  0.249560E+03
  9811.00000  0.271206E+03
  9911.00000  0.293276E+03
 10011.00000  0.315717E+03
 10111.00000  0.338477E+03
 10211.00000  0.361507E+03
 10311.00000  0.384756E+03
 10411.00000  0.408180E+03
 10511.00000  0.431731E+03
 10611.00000  0.455366E+03
 10711.00000  0.479044E+03
 10811.00000  0.502722E+03
 10911.00000  0.526362E+03
 11011.00000  0.549926E+03
 11111.00000  0.573379E+03
 11211.00000  0.596685E+03
 11311.00000  0.619811E+03
 11311.00000  0.642726E+03
 11411.00000  0.665399E+03
 11511.00000  0.687803E+03
 11611.00000  0.709908E+03
 11711.00000  0.731690E+03
 11811.00000  0.753124E+03
 11911.00000  0.774187E+03
 12011.00000  0.794857E+03
 12111.00000  0.815113E+03
 12211.00000  0.834936E+03
 12311.00000  0.854309E+03
 12411.00000  0.873215E+03
 12511.00000  0.891638E+03
 12611.00000  0.909565E+03
 12711.00000  0.926980E+03
 12811.00000  0.943874E+03
 12911.00000  0.960234E+03
 13011.00000  0.976052E+03
 13111.00000  0.991317E+03
 13211.00000  0.100602E+04
 13311.00000  0.102016E+04
 13411.00000  0.103373E+04
 13511.00000  0.104672E+04
 13611.00000  0.105913E+04
 13711.00000  0.107095E+04
 13811.00000  0.108219E+04
 13911.00000  0.109283E+04
 14011.00000  0.110289E+04
 14111.00000  0.111235E+04
 14211.00000  0.112123E+04
 14311.00000  0.112952E+04
 14411.00000  0.113722E+04
 14511.00000  0.114434E+04
 14611.00000  0.115087E+04
 14711.00000  0.115683E+04
 14811.00000  0.116222E+04
 14911.00000  0.116704E+04
 15011.00000  0.117129E+04
 15111.00000  0.117499E+04
 15211.00000  0.117814E+04
 15211.00000  0.118074E+04
 15311.00000  0.118280E+04
 15411.00000  0.118434E+04
 15511.00000  0.118535E+04
 15611.00000  0.118585E+04
 15711.00000  0.118584E+04
 15811.00000  0.118533E+04
 15911.00000  0.118434E+04
 16011.00000  0.118287E+04
 16111.00000  0.118093E+04
 16211.00000  0.117853E+04
 16311.00000  0.117568E+04
 16411.00000  0.117239E+04
 16511.00000  0.116867E+04
 16611.00000  0.116453E+04
 16711.00000  0.115998E+04
 16811.00000  0.115504E+04
 16911.00000  0.114971E+04
 17011.00000  0.114400E+04
 17111.00000  0.113792E+04
 17211.00000  0.113150E+04
 17311.00000  0.112472E+04
 17411.00000  0.111762E+04
 17511.00000  0.111019E+04
 17611.00000  0.110245E+04
 17711.00000  0.109441E+04
 17811.00000  0.108609E+04
 17911.00000  0.107748E+04
 18011.00000  0.106861E+04
 18111.00000  0.105948E+04
 18211.00000  0.105010E+04
 18311.00000  0.104049E+04
 18411.00000  0.103065E+04
 18511.00000  0.102060E+04
 18611.00000  0.101035E+04
 18711.00000  0.999902E+03
 18811.00000  0.989270E+03
 18911.00000  0.978465E+03
 19011.00000  0.967497E+03
 19111.00000  0.956376E+03
 19111.00000  0.945110E+03
 19311.00000  0.933711E+03
 19511.00000  0.922187E+03
 19711.00000  0.910548E+03
 19911.00000  0.898802E+03
 20111.00000  0.886960E+03
 20311.00000  0.875028E+03
 20511.00000  0.863017E+03
 20711.00000  0.850935E+03
 20911.00000  0.838789E+03
 21111.00000  0.826589E+03
 21311.00000  0.814342E+03
 21511.00000  0.802057E+03
 21711.00000  0.789740E+03
 21911.00000  0.777400E+03
 22111.00000  0.765043E+03
 22311.00000  0.752677E+03
 22511.00000  0.740309E+03
 22711.00000  0.727944E+03
 22911.00000  0.715591E+03
 23111.00000  0.703256E+03
 23311.00000  0.690943E+03
 23511.00000  0.678661E+03
 23711.00000  0.666414E+03
 23911.00000  0.654208E+03
 24111.00000  0.642049E+03
 24311.00000  0.629942E+03
 24511.00000  0.617893E+03
 24711.00000  0.605906E+03
 24911.00000  0.593986E+03
 25111.00000  0.582137E+03
 25311.00000  0.570365E+03
 25511.00000  0.558674E+03
 25711.00000  0.547067E+03
 25911.00000  0.535548E+03
 26111.00000  0.524123E+03
 26311.00000  0.512793E+03
 26511.00000  0.501563E+03
 26711.00000  0.490436E+03
 26911.00000  0.479416E+03
   194.22000  0.468505E+03
   194.23000  0.457705E+03
   194.24000  0.447021E+03
   194.25000  0.436455E+03
   194.26000  0.426008E+03
   194.27000  0.415684E+03
   194.28000  0.405483E+03
   194.29000  0.395410E+03
   194.30000  0.385465E+03
   194.31000  0.375649E+03
   194.32000  0.365966E+03
   194.33000  0.356416E+03
   194.34000  0.347000E+03
   194.35000  0.337720E+03
   194.36000  0.328578E+03
   194.37000  0.319573E+03
   194.38000  0.310708E+03
   194.39000  0.301982E+03
   194.40000  0.293397E+03
   194.41000  0.284952E+03
   194.42000  0.276650E+03
   194.43000  0.268489E+03
   194.44000  0.260470E+03
   194.45000  0.252594E+03
   194.46000  0.244861E+03
   194.47000  0.237270E+03
   194.48000  0.229821E+03
   194.49000  0.222515E+03
   194.50000  0.215351E+03
   194.51000  0.208329E+03
   194.52000  0.201448E+03
   194.53000  0.194709E+03
   194.54000  0.188110E+03
   194.55000  0.181650E+03
   194.56000  0.175330E+03
   194.57000  0.169148E+03
   194.58000  0.163104E+03
   194.59000  0.157197E+03
   194.60000  0.151426E+03
   194.61000  0.145789E+03
   194.62000  0.140287E+03
   194.63000  0.134918E+03
   194.64000  0.129680E+03
   194.65000  0.124574E+03
   194.66000  0.119596E+03
   194.67000  0.114747E+03
   194.68000  0.110025E+03
   194.69000  0.105429E+03
   194.70000  0.100957E+03
   194.71000  0.966080E+02
   194.72000  0.923805E+02
   194.73000  0.882731E+02
   194.74000  0.842843E+02
   194.75000  0.804126E+02
   194.76000  0.766566E+02
   194.77000  0.730147E+02
   194.78000  0.694852E+02
   194.79000  0.660668E+02
   194.80000  0.627576E+02
   194.81000  0.595562E+02
   194.82000  0.564608E+02
   194.83000  0.534699E+02
   194.84000  0.505818E+02
   194.85000  0.477948E+02
   194.86000  0.451073E+02
   194.87000  0.425175E+02
   194.88000  0.400238E+02
   194.89000  0.376245E+02
   194.90000  0.353179E+02
   194.91000  0.331023E+02
   194.92000  0.309760E+02
   194.93000  0.289372E+02
   194.94000  0.269844E+02
   194.95000  0.251157E+02
   194.96000  0.233296E+02
   194.97000  0.216242E+02
   194.98000  0.199979E+02
   194.99000  0.184491E+02
   195.00000  0.169760E+02
   195.01000  0.155770E+02
   195.02000  0.142504E+02
   195.03000  0.129946E+02
   195.04000  0.118079E+02
   195.05000  0.106887E+02
   195.06000  0.963530E+01
   195.07000  0.864619E+01
   195.08000  0.771973E+01
   195.09000  0.685434E+01
   195.10000  0.604845E+01
   195.11000  0.530048E+01
   195.12000  0.460890E+01
   195.13000  0.397218E+01
   195.14000  0.338880E+01
   195.15000  0.285727E+01
   195.16000  0.237609E+01
   195.17000  0.194381E+01
   195.18000  0.155898E+01
   195.19000  0.122015E+01
   195.20000  0.925927E+00
   195.21000  0.674902E+00
   195.21010  0.465702E+00
   195.21020  0.296965E+00
   195.21030  0.167352E+00
   195.21040  0.755389E-01
   195.21050  0.202246E-01
   195.21060  0.125258E-03
   195.21070  0.139771E-01
   195.21080  0.605359E-01
   195.21090  0.138578E+00
   195.21100  0.246898E+00
   195.21110  0.384312E+00
   195.21120  0.549655E+00
   195.21130  0.741785E+00
   195.21140  0.959576E+00
   195.21150  0.120193E+01
   195.21160  0.146775E+01
   195.21170  0.175599E+01
   195.21180  0.206560E+01
   195.21190  0.239555E+01
   195.21200  0.274485E+01
   195.21210  0.311252E+01
   195.21220  0.349758E+01
   195.21230  0.389911E+01
   195.21240  0.431618E+01
   195.21250  0.474788E+01
   195.21260  0.519334E+01
   195.21270  0.565170E+01
   195.21280  0.612211E+01
   195.21290  0.660375E+01
   195.21300  0.709581E+01
   195.21310  0.759753E+01
   195.21320  0.810812E+01
   195.21330  0.862684E+01
   195.21340  0.915298E+01
   195.21350  0.968581E+01
   195.21360  0.102247E+02
   195.21370  0.107688E+02
   195.21380  0.113177E+02
   195.21390  0.118706E+02
   195.21400  0.124270E+02
   195.21410  0.129862E+02
   195.21420  0.135477E+02
   195.21430  0.141108E+02
   195.21440  0.146751E+02
   195.21450  0.152400E+02
   195.21460  0.158050E+02
   195.21470  0.163696E+02
   195.21480  0.177762E+02
   195.21490  0.191703E+02
   195.21500  0.205453E+02
   195.21510  0.218954E+02
   195.21520  0.232151E+02
   195.21530  0.244996E+02
   195.21540  0.257447E+02
   195.21550  0.269464E+02
   195.21560  0.281015E+02
   195.21570  0.292069E+02
   195.21580  0.302601E+02
   195.21590  0.312590E+02
   195.21600  0.322018E+02
   195.21610  0.330872E+02
   195.21620  0.339140E+02
   195.21630  0.346815E+02
   195.21640  0.353892E+02
   195.21650  0.360369E+02
   195.21660  0.366245E+02
   195.21670  0.371523E+02
   195.21680  0.376208E+02
   195.21690  0.380306E+02
   195.21700  0.383826E+02
   195.21710  0.386777E+02
   195.21720  0.389171E+02
   195.21730  0.391020E+02
   195.21740  0.392338E+02
   195.21750  0.393140E+02
   195.21760  0.393441E+02
   195.21770  0.393258E+02
   195.21780  0.392608E+02
   195.21790  0.391509E+02
   195.21800  0.389978E+02
   195.21810  0.388035E+02
   195.21820  0.385699E+02
   195.21830  0.382987E+02
   195.21840  0.379919E+02
   195.21850  0.376515E+02
   195.21860  0.372793E+02
   195.21870  0.364472E+02
   195.21880  0.355105E+02
   195.21890  0.344839E+02
   195.21900  0.333814E+02
   195.21910  0.322164E+02
   195.21920  0.310016E+02
   195.21930  0.297490E+02
   195.21940  0.284696E+02
   195.21950  0.271737E+02
   195.21960  0.258708E+02
   195.21970  0.245694E+02
   195.21980  0.232771E+02
   195.21990  0.220008E+02
   195.22000  0.207466E+02
   195.22010  0.195196E+02
   195.22020  0.183245E+02
   195.22030  0.171650E+02
   195.22040  0.160443E+02
   195.22050  0.149649E+02
   195.22060  0.139289E+02
   195.22070  0.129377E+02
   195.22080  0.119923E+02
   195.22090  0.110933E+02
   195.22100  0.102409E+02
   195.22110  0.943478E+01
   195.22120  0.867461E+01
   195.22130  0.795961E+01
   195.22140  0.728883E+01
   195.22150  0.666110E+01
   195.22160  0.607513E+01
   195.22170  0.552946E+01
   195.22180  0.502252E+01
   195.22190  0.455270E+01
   195.22200  0.411830E+01
   195.22210  0.371757E+01
   195.22220  0.334877E+01
   195.22230  0.301013E+01
   195.22240  0.269991E+01
   195.22250  0.241638E+01
   195.22260  0.192264E+01
   195.22270  0.151591E+01
   195.22280  0.118400E+01
   195.22290  0.915791E+00
   195.22300  0.701206E+00
   195.22310  0.531294E+00
   195.22320  0.398198E+00
   195.22330  0.295108E+00
   195.22340  0.216197E+00
   195.22350  0.156540E+00
   195.22360  0.112026E+00
   195.22370  0.792663E-01
   195.22380  0.555047E-01
   195.22390  0.385297E-01
   195.22400  0.265939E-01
   195.22410  0.183376E-01
   195.22420  0.127224E-01
   195.22430  0.897049E-02
   195.22440  0.651280E-02
   195.22450  0.494418E-02
   195.22460  0.398543E-02
   195.22470  0.345192E-02
   195.22480  0.322785E-02
   195.22490  0.324567E-02
   195.22500  0.346985E-02
   195.22510  0.388455E-02
   195.22520  0.448433E-02
   195.22530  0.526763E-02
   195.22540  0.623227E-02
   195.22550  0.737271E-02
   195.22560  0.867855E-02
   195.22570  0.101341E-01
   195.22580  0.117185E-01
   195.22590  0.134065E-01
   195.22600  0.151695E-01
   195.22610  0.169765E-01
   195.22620  0.187953E-01
   195.22630  0.205938E-01
   195.22640  0.223408E-01
   195.22650  0.240071E-01
   195.22660  0.255661E-01
   195.22670  0.269945E-01
   195.22680  0.282722E-01
   195.22690  0.293835E-01
   195.22700  0.303163E-01
   195.22710  0.310623E-01
   195.22720  0.316174E-01
   195.22730  0.319808E-01
   195.22740  0.321549E-01
   195.22750  0.321453E-01
   195.22760  0.319601E-01
   195.22770  0.316095E-01
   195.22780  0.311056E-01
   195.22790  0.304618E-01
   195.22800  0.296927E-01
   195.22810  0.288133E-01
   195.22820  0.278393E-01
   195.22830  0.267862E-01
   195.22840  0.256693E-01
   195.22850  0.245034E-01
   195.22860  0.233029E-01
   195.22870  0.220812E-01
   195.22880  0.208506E-01
   195.22890  0.196228E-01
   195.22900  0.184079E-01
   195.22910  0.172153E-01
   195.22920  0.160530E-01
   195.22930  0.149279E-01
   195.22940  0.138457E-01
   195.22950  0.128111E-01
   195.22960  0.118278E-01
   195.22970  0.108985E-01
   195.22980  0.100250E-01
   195.22990  0.920820E-02
   195.23000  0.844848E-02
   195.24000  0.774542E-02
   195.25000  0.709808E-02
   195.26000  0.650511E-02
   195.27000  0.596471E-02
   195.28000  0.547482E-02
   195.29000  0.503317E-02
   195.30000  0.463732E-02
   195.31000  0.428475E-02
   195.32000  0.397294E-02
   195.33000  0.369939E-02
   195.34000  0.346167E-02
   195.35000  0.325751E-02
   195.36000  0.308479E-02
   195.37000  0.294157E-02
   195.38000  0.282615E-02
   195.39000  0.273703E-02
   195.40000  0.267298E-02
   195.41000  0.263301E-02
   195.42000  0.261639E-02
   195.43000  0.262264E-02
   195.44000  0.265150E-02
   195.45000  0.270297E-02
   195.46000  0.277726E-02
   195.47000  0.287477E-02
   195.48000  0.299610E-02
   195.49000  0.314199E-02
   195.50000  0.331333E-02
   195.51000  0.351113E-02
   195.52000  0.373647E-02
   195.53000  0.399050E-02
   195.54000  0.427444E-02
   195.55000  0.458947E-02
   195.56000  0.493678E-02
   195.57000  0.531755E-02
   195.58000  0.573284E-02
   195.59000  0.618365E-02
   195.60000  0.667091E-02
   195.61000  0.719536E-02
   195.62000  0.775763E-02
   195.63000  0.835817E-02
   195.64000  0.899726E-02
   195.65000  0.967497E-02
   195.66000  0.111455E-01
   195.67000  0.127659E-01
   195.68000  0.145287E-01
   195.69000  0.164223E-01
   195.70000  0.184313E-01
   195.71000  0.205365E-01
   195.72000  0.227149E-01
   195.73000  0.249405E-01
   195.74000  0.271842E-01
   195.75000  0.294148E-01
   195.76000  0.315994E-01
   195.77000  0.337039E-01
   195.78000  0.356940E-01
   195.79000  0.375357E-01
   195.80000  0.391964E-01
   195.81000  0.406450E-01
   195.82000  0.418533E-01
   195.83000  0.427960E-01
   195.84000  0.434521E-01
   195.85000  0.438044E-01
   195.86000  0.438408E-01
   195.87000  0.435544E-01
   195.88000  0.429433E-01
   195.89000  0.420118E-01
   195.90000  0.407689E-01
   195.91000  0.392300E-01
   195.92000  0.374149E-01
   195.93000  0.353494E-01
   195.94000  0.330632E-01
   195.95000  0.305908E-01
   195.96000  0.279700E-01
   195.97000  0.252419E-01
   195.98000  0.224500E-01
   195.99000  0.196397E-01
   196.00000  0.168571E-01
   196.01000  0.141490E-01
   196.02000  0.115613E-01
   196.03000  0.913893E-02
   196.04000  0.692480E-02



