
         20        20         8      1181C   C   D    0.822591500D+05
 E STATE HAS LABEL C   
 VIBRATIONAL LEVELS FOR STATE E IN 1/CM FOR J= 19
      -9908.65486     -8115.71057     -6450.38201     -4914.99397
     -3514.23035     -2255.76943     -1151.62689      -222.49207
 PROPORTION OF STATE C   
  0.999999E+00 0.999997E+00 0.999995E+00 0.999994E+00 0.999994E+00
  0.999993E+00 0.999993E+00 0.999994E+00
 PROPORTION OF STATE D   
  0.126448E-05 0.343017E-05 0.491822E-05 0.586083E-05 0.639343E-05
  0.663668E-05 0.666408E-05 0.641466E-05
 TABLE FOR EMISSION PROBABILITIES   E(J= 19,IE) ==>F(J= 19,IF)
         IE==>      0            1            2            3
        1.00  0.000000E+00 0.000000E+00 0.000000E+00 0.000000E+00
        2.00  0.000000E+00 0.000000E+00 0.000000E+00 0.000000E+00
        3.00  0.000000E+00 0.000000E+00 0.000000E+00 0.000000E+00
        4.00  0.000000E+00 0.000000E+00 0.000000E+00 0.000000E+00
        5.00  0.000000E+00 0.000000E+00 0.446375E-37 0.249555E-37
        6.00  0.000000E+00 0.000000E+00 0.156433E-35 0.864521E-36
        7.00  0.000000E+00 0.230965E-37 0.316517E-34 0.172900E-34
        8.00  0.994052E-37 0.315126E-36 0.428405E-33 0.231299E-33
        9.00  0.989541E-36 0.316264E-35 0.426534E-32 0.227596E-32
       10.00  0.773154E-35 0.249120E-34 0.333319E-31 0.175766E-31
       11.00  0.496586E-34 0.161306E-33 0.214122E-30 0.111575E-30
       12.00  0.271302E-33 0.888397E-33 0.117002E-29 0.602424E-30
       13.00  0.129392E-32 0.427116E-32 0.558111E-29 0.283922E-29
       14.00  0.549679E-32 0.182904E-31 0.237136E-28 0.119183E-28
       15.00  0.211351E-31 0.708889E-31 0.911939E-28 0.452785E-28
       16.00  0.745055E-31 0.251889E-30 0.321530E-27 0.157697E-27
       17.00  0.243353E-30 0.829261E-30 0.105037E-26 0.508848E-27
       18.00  0.742919E-30 0.255163E-29 0.320716E-26 0.153453E-26
       19.00  0.213539E-29 0.739201E-29 0.921996E-26 0.435673E-26
       20.00  0.581479E-29 0.202868E-28 0.251106E-25 0.117174E-25
       21.00  0.150800E-28 0.530232E-28 0.651324E-25 0.300110E-25
       22.00  0.374159E-28 0.132584E-27 0.161630E-24 0.735326E-25
       23.00  0.891673E-28 0.318419E-27 0.385251E-24 0.173037E-24
       24.00  0.204806E-27 0.737026E-27 0.885018E-24 0.392420E-24
       25.00  0.454751E-27 0.164911E-26 0.196542E-23 0.860244E-24
       26.00  0.978716E-27 0.357647E-26 0.423067E-23 0.182770E-23
       27.00  0.204651E-26 0.753566E-26 0.884782E-23 0.377248E-23
       28.00  0.416636E-26 0.154584E-25 0.180157E-22 0.758049E-23
       29.00  0.827374E-26 0.309312E-25 0.357821E-22 0.148570E-22
       30.00  0.160540E-25 0.604718E-25 0.694413E-22 0.284488E-22
       31.00  0.304833E-25 0.115690E-24 0.131876E-21 0.533031E-22
       32.00  0.567197E-25 0.216880E-24 0.245419E-21 0.978579E-22
       33.00  0.103549E-24 0.398907E-24 0.448114E-21 0.176253E-21
       34.00  0.185689E-24 0.720680E-24 0.803712E-21 0.311795E-21
       35.00  0.327424E-24 0.128022E-23 0.141741E-20 0.542303E-21
       36.00  0.568240E-24 0.223828E-23 0.246028E-20 0.928260E-21
       37.00  0.971465E-24 0.385483E-23 0.420677E-20 0.156505E-20
       38.00  0.163737E-23 0.654501E-23 0.709149E-20 0.260118E-20
       39.00  0.272277E-23 0.109635E-22 0.117943E-19 0.426493E-20
       40.00  0.447012E-23 0.181310E-22 0.193663E-19 0.690323E-20
       42.00  0.116237E-22 0.478344E-22 0.503742E-19 0.174424E-19
       44.00  0.289196E-22 0.120737E-21 0.125370E-18 0.421501E-19
       46.00  0.691158E-22 0.292710E-21 0.299718E-18 0.977992E-19
       48.00  0.159217E-21 0.683942E-21 0.690652E-18 0.218626E-18
       50.00  0.354599E-21 0.154488E-20 0.153865E-17 0.472283E-18
       52.00  0.765553E-21 0.338239E-20 0.332286E-17 0.988515E-18
       54.00  0.160593E-20 0.719492E-20 0.697263E-17 0.200938E-17
       56.00  0.328025E-20 0.149010E-19 0.142465E-16 0.397506E-17
       58.00  0.653623E-20 0.301029E-19 0.283961E-16 0.766721E-17
       60.00  0.127269E-19 0.594210E-19 0.553077E-16 0.144433E-16
       62.00  0.242525E-19 0.114781E-18 0.105426E-15 0.266126E-16
       64.00  0.452922E-19 0.217269E-18 0.196945E-15 0.480272E-16
       66.00  0.829983E-19 0.403522E-18 0.361009E-15 0.849965E-16
       68.00  0.149413E-18 0.736163E-18 0.650075E-15 0.147678E-15
       70.00  0.264504E-18 0.132060E-17 0.115116E-14 0.252157E-15
       72.00  0.460911E-18 0.233171E-17 0.200653E-14 0.423519E-15
       74.00  0.791267E-18 0.405569E-17 0.344570E-14 0.700311E-15
       76.00  0.133937E-17 0.695491E-17 0.583417E-14 0.114094E-14
       78.00  0.223703E-17 0.117674E-16 0.974710E-14 0.183274E-14
       80.00  0.368924E-17 0.196574E-16 0.160792E-13 0.290461E-14
       82.00  0.601134E-17 0.324423E-16 0.262072E-13 0.454452E-14
       84.00  0.968346E-17 0.529284E-16 0.422281E-13 0.702330E-14
       86.00  0.154295E-16 0.854077E-16 0.673046E-13 0.107268E-13
       88.00  0.243310E-16 0.136382E-15 0.106163E-12 0.161986E-13
       90.00  0.379889E-16 0.215615E-15 0.165802E-12 0.241966E-13
       92.00  0.587540E-16 0.337639E-15 0.256501E-12 0.357661E-13
       94.00  0.900497E-16 0.523914E-15 0.393235E-12 0.523348E-13
       96.00  0.136823E-15 0.805879E-15 0.597651E-12 0.758327E-13
       98.00  0.206172E-15 0.122925E-14 0.900812E-12 0.108844E-12
      100.00  0.308205E-15 0.186006E-14 0.134698E-11 0.154797E-12
      102.00  0.457228E-15 0.279296E-14 0.199881E-11 0.218193E-12
      104.00  0.673351E-15 0.416284E-14 0.294439E-11 0.304888E-12
      106.00  0.984672E-15 0.616067E-14 0.430684E-11 0.422434E-12
      108.00  0.143022E-14 0.905520E-14 0.625724E-11 0.580469E-12
      110.00  0.206388E-14 0.132225E-13 0.903188E-11 0.791177E-12
      112.00  0.295968E-14 0.191858E-13 0.129554E-10 0.106982E-11
      114.00  0.421875E-14 0.276693E-13 0.184715E-10 0.143529E-11
      116.00  0.597858E-14 0.396702E-13 0.261835E-10 0.191080E-11
      118.00  0.842514E-14 0.565547E-13 0.369077E-10 0.252445E-11
      122.00  0.164653E-13 0.113093E-12 0.721652E-10 0.430727E-11
      126.00  0.315353E-13 0.221583E-12 0.138284E-09 0.713061E-11
      130.00  0.592708E-13 0.425945E-12 0.260034E-09 0.114507E-10
      134.00  0.109454E-12 0.804304E-12 0.480431E-09 0.178232E-10
      138.00  0.198817E-12 0.149357E-11 0.873096E-09 0.268510E-10
      142.00  0.355597E-12 0.273035E-11 0.156233E-08 0.390613E-10
      146.00  0.626838E-12 0.491829E-11 0.275532E-08 0.546758E-10
      150.00  0.109000E-11 0.873769E-11 0.479343E-08 0.732401E-10
      154.00  0.187124E-11 0.153222E-10 0.823275E-08 0.931063E-10
      158.00  0.317384E-11 0.265408E-10 0.139700E-07 0.110841E-09
      162.00  0.532232E-11 0.454448E-10 0.234371E-07 0.120814E-09
      166.00  0.883004E-11 0.769696E-10 0.389006E-07 0.115599E-09
      170.00  0.145024E-10 0.129030E-09 0.639178E-07 0.885535E-10
      174.00  0.235933E-10 0.214216E-09 0.104029E-06 0.412891E-10
      178.00  0.380408E-10 0.352413E-09 0.167802E-06 0.114791E-11
      182.00  0.608208E-10 0.574801E-09 0.268399E-06 0.579942E-10
      186.00  0.964752E-10 0.929974E-09 0.425914E-06 0.436761E-09
      190.00  0.151897E-09 0.149321E-08 0.670856E-06 0.163416E-08
      194.00  0.237493E-09 0.238051E-08 0.104931E-05 0.466775E-08
      198.00  0.368906E-09 0.376975E-08 0.163057E-05 0.115181E-07
      202.00  0.569551E-09 0.593250E-08 0.251838E-05 0.258976E-07
      206.00  0.874348E-09 0.928181E-08 0.386757E-05 0.545641E-07
      210.00  0.133522E-08 0.144437E-07 0.590841E-05 0.109536E-06
      214.00  0.202919E-08 0.223646E-07 0.898252E-05 0.211784E-06
      218.00  0.307021E-08 0.344712E-07 0.135957E-04 0.397326E-06
      222.00  0.462672E-08 0.529114E-07 0.204956E-04 0.727210E-06
      226.00  0.694734E-08 0.809136E-07 0.307864E-04 0.130378E-05
      230.00  0.103990E-07 0.123328E-06 0.460978E-04 0.229705E-05
      234.00  0.155232E-07 0.187439E-06 0.688363E-04 0.398731E-05
      238.00  0.231201E-07 0.284197E-06 0.102558E-03 0.683390E-05
      242.00  0.343736E-07 0.430082E-06 0.152528E-03 0.115862E-04
      246.00  0.510403E-07 0.649949E-06 0.226556E-03 0.194626E-04
      250.00  0.757347E-07 0.981402E-06 0.336276E-03 0.324410E-04
      254.00  0.112366E-06 0.148156E-05 0.499079E-03 0.537300E-04
      258.00  0.166810E-06 0.223761E-05 0.741121E-03 0.885404E-04
      262.00  0.247959E-06 0.338354E-05 0.110199E-02 0.145356E-03
      266.00  0.369384E-06 0.512680E-05 0.164212E-02 0.238049E-03
      270.00  0.551999E-06 0.779172E-05 0.245464E-02 0.389442E-03
      274.00  0.828423E-06 0.118912E-04 0.368489E-02 0.637398E-03
      282.00  0.190066E-05 0.282027E-04 0.845893E-02 0.172153E-02
      290.00  0.452740E-05 0.694162E-04 0.201599E-01 0.476986E-02
      298.00  0.114646E-04 0.181559E-03 0.510759E-01 0.139054E-01
      306.00  0.322016E-04 0.526512E-03 0.143531E+00 0.445628E-01
      314.00  0.109821E-03 0.185320E-02 0.489727E+00 0.172041E+00
      322.00  0.590988E-03 0.102885E-01 0.263655E+01 0.104076E+01
      330.00  0.368928E-01 0.662368E+00 0.164657E+03 0.725840E+02
      338.00  0.308201E-02 0.570456E-01 0.137608E+02 0.673668E+01
      346.00  0.949366E-03 0.181093E-01 0.424037E+01 0.229392E+01
      354.00  0.598817E-03 0.117680E-01 0.267557E+01 0.159221E+01
      362.00  0.490285E-03 0.992326E-02 0.219136E+01 0.142862E+01
      370.00  0.458729E-03 0.955929E-02 0.205095E+01 0.145931E+01
      378.00  0.464736E-03 0.996800E-02 0.207840E+01 0.160847E+01
      386.00  0.495815E-03 0.109428E-01 0.221798E+01 0.186104E+01
      394.00  0.548122E-03 0.124442E-01 0.245256E+01 0.222465E+01
      402.00  0.621518E-03 0.145113E-01 0.278159E+01 0.272021E+01
      410.00  0.717953E-03 0.172344E-01 0.321382E+01 0.337992E+01
      418.00  0.840903E-03 0.207483E-01 0.376487E+01 0.424809E+01
      426.00  0.995223E-03 0.252338E-01 0.445649E+01 0.538329E+01
      434.00  0.118720E-02 0.309246E-01 0.531685E+01 0.686176E+01
      442.00  0.142471E-02 0.381175E-01 0.638130E+01 0.878184E+01
      450.00  0.171750E-02 0.471857E-01 0.769341E+01 0.112697E+02
      458.00  0.207747E-02 0.585960E-01 0.930654E+01 0.144867E+02
      466.00  0.251912E-02 0.729301E-01 0.112856E+02 0.186381E+02
      474.00  0.306004E-02 0.909114E-01 0.137093E+02 0.239851E+02
      482.00  0.372153E-02 0.113437E+00 0.166730E+02 0.308585E+02
      490.00  0.452929E-02 0.141619E+00 0.202917E+02 0.396764E+02
      498.00  0.551432E-02 0.176831E+00 0.247039E+02 0.509664E+02
      506.00  0.671388E-02 0.220765E+00 0.300762E+02 0.653923E+02
      514.00  0.817275E-02 0.275511E+00 0.366088E+02 0.837873E+02
      522.00  0.994462E-02 0.343632E+00 0.445413E+02 0.107196E+03
      530.00  0.120938E-01 0.428280E+00 0.541608E+02 0.136922E+03
      538.00  0.146972E-01 0.533319E+00 0.658107E+02 0.174595E+03
      546.00  0.178467E-01 0.663480E+00 0.799007E+02 0.222244E+03
      554.00  0.216520E-01 0.824549E+00 0.969198E+02 0.282390E+03
      562.00  0.262438E-01 0.102359E+01 0.117450E+03 0.358161E+03
      570.00  0.317777E-01 0.126923E+01 0.142184E+03 0.453432E+03
      578.00  0.384387E-01 0.157195E+01 0.171946E+03 0.572993E+03
      586.00  0.464464E-01 0.194453E+01 0.207711E+03 0.722760E+03
      596.00  0.587521E-01 0.253247E+01 0.262647E+03 0.963708E+03
      606.00  0.741920E-01 0.329189E+01 0.331538E+03 0.128141E+04
      616.00  0.935308E-01 0.427096E+01 0.417777E+03 0.169921E+04
      626.00  0.117712E+00 0.553085E+01 0.525546E+03 0.224724E+04
      636.00  0.147901E+00 0.714924E+01 0.659998E+03 0.296433E+04
      646.00  0.185531E+00 0.922460E+01 0.827478E+03 0.390045E+04
      656.00  0.232368E+00 0.118817E+02 0.103579E+04 0.511977E+04
      666.00  0.290588E+00 0.152783E+02 0.129453E+04 0.670462E+04
      676.00  0.362865E+00 0.196143E+02 0.161549E+04 0.876050E+04
      686.00  0.452487E+00 0.251419E+02 0.201314E+04 0.114224E+05
      696.00  0.563499E+00 0.321801E+02 0.250528E+04 0.148630E+05
      706.00  0.700872E+00 0.411315E+02 0.311373E+04 0.193027E+05
      716.00  0.870722E+00 0.525047E+02 0.386532E+04 0.250234E+05
      726.00  0.108057E+01 0.669425E+02 0.479302E+04 0.323848E+05
      736.00  0.133969E+01 0.852566E+02 0.593735E+04 0.418460E+05
      746.00  0.165949E+01 0.108473E+03 0.734817E+04 0.539933E+05
      756.00  0.205403E+01 0.137890E+03 0.908685E+04 0.695749E+05
      766.00  0.254068E+01 0.175149E+03 0.112291E+05 0.895470E+05
      776.00  0.314091E+01 0.222332E+03 0.138682E+05 0.115132E+06
      786.00  0.388130E+01 0.282079E+03 0.171197E+05 0.147893E+06
      796.00  0.479483E+01 0.357746E+03 0.211266E+05 0.189835E+06
      806.00  0.592249E+01 0.453604E+03 0.260665E+05 0.243527E+06
      816.00  0.731533E+01 0.575099E+03 0.321602E+05 0.312273E+06
      826.00  0.903714E+01 0.729195E+03 0.396830E+05 0.400325E+06
      836.00  0.111679E+02 0.924818E+03 0.489797E+05 0.513175E+06
      846.00  0.138080E+02 0.117345E+04 0.604830E+05 0.657929E+06
      856.00  0.170846E+02 0.148989E+04 0.747384E+05 0.843815E+06
      866.00  0.211583E+02 0.189332E+04 0.924363E+05 0.108286E+07
      876.00  0.262343E+02 0.240870E+04 0.114455E+06 0.139081E+07
      886.00  0.325749E+02 0.306864E+04 0.141917E+06 0.178834E+07
      896.00  0.405181E+02 0.391602E+04 0.176266E+06 0.230279E+07
      901.00  0.452230E+02 0.442705E+04 0.196587E+06 0.261478E+07
      902.00  0.462332E+02 0.453757E+04 0.200948E+06 0.268241E+07
      903.01  0.472670E+02 0.465095E+04 0.205411E+06 0.275183E+07
      904.01  0.483251E+02 0.476727E+04 0.209977E+06 0.282312E+07
      905.01  0.494080E+02 0.488662E+04 0.214650E+06 0.289631E+07
      906.00  0.505024E+02 0.500752E+04 0.219372E+06 0.297050E+07
      906.01  0.505165E+02 0.500907E+04 0.219433E+06 0.297146E+07
      907.02  0.516510E+02 0.513472E+04 0.224327E+06 0.304862E+07
      908.02  0.528123E+02 0.526365E+04 0.229335E+06 0.312786E+07
      909.02  0.540012E+02 0.539595E+04 0.234462E+06 0.320923E+07
      910.02  0.552182E+02 0.553171E+04 0.239709E+06 0.329279E+07
      911.03  0.564641E+02 0.567104E+04 0.245080E+06 0.337861E+07
      912.03  0.577396E+02 0.581402E+04 0.250578E+06 0.346675E+07
      913.03  0.590455E+02 0.596077E+04 0.256205E+06 0.355727E+07
      914.03  0.603827E+02 0.611139E+04 0.261967E+06 0.365025E+07
      915.04  0.617518E+02 0.626599E+04 0.267865E+06 0.374574E+07
      916.00  0.631006E+02 0.641865E+04 0.273674E+06 0.384011E+07
      916.04  0.631537E+02 0.642468E+04 0.273903E+06 0.384384E+07
      917.04  0.645894E+02 0.658757E+04 0.280086E+06 0.394461E+07
      918.04  0.660595E+02 0.675479E+04 0.286416E+06 0.404813E+07
      919.05  0.675652E+02 0.692646E+04 0.292898E+06 0.415447E+07
      920.05  0.691072E+02 0.710270E+04 0.299536E+06 0.426373E+07
      921.05  0.706866E+02 0.728364E+04 0.306333E+06 0.437598E+07
      922.05  0.723043E+02 0.746943E+04 0.313294E+06 0.449131E+07
      923.06  0.739614E+02 0.766019E+04 0.320423E+06 0.460982E+07
      924.06  0.756589E+02 0.785607E+04 0.327724E+06 0.473159E+07
      925.06  0.773978E+02 0.805722E+04 0.335203E+06 0.485673E+07
      926.00  0.790667E+02 0.825072E+04 0.342379E+06 0.497718E+07
      926.06  0.791794E+02 0.826379E+04 0.342864E+06 0.498532E+07
      927.07  0.810046E+02 0.847594E+04 0.350711E+06 0.511748E+07
      928.07  0.828747E+02 0.869383E+04 0.358750E+06 0.525331E+07
      929.07  0.847909E+02 0.891762E+04 0.366985E+06 0.539291E+07
      930.07  0.867545E+02 0.914749E+04 0.375423E+06 0.553641E+07
      931.08  0.887667E+02 0.938363E+04 0.384068E+06 0.568391E+07
      932.08  0.908289E+02 0.962620E+04 0.392926E+06 0.583553E+07
      933.08  0.929423E+02 0.987540E+04 0.402003E+06 0.599141E+07
      934.08  0.951085E+02 0.101314E+05 0.411305E+06 0.615167E+07
      935.09  0.973288E+02 0.103945E+05 0.420838E+06 0.631643E+07
      936.00  0.994034E+02 0.106408E+05 0.429744E+06 0.647083E+07
      936.09  0.996049E+02 0.106648E+05 0.430608E+06 0.648584E+07
      937.09  0.101938E+03 0.109425E+05 0.440622E+06 0.666004E+07
      938.09  0.104330E+03 0.112279E+05 0.450887E+06 0.683917E+07
      939.10  0.106782E+03 0.115213E+05 0.461409E+06 0.702338E+07
      940.10  0.109297E+03 0.118227E+05 0.472195E+06 0.721283E+07
      941.10  0.111875E+03 0.121326E+05 0.483253E+06 0.740768E+07
      942.10  0.114519E+03 0.124511E+05 0.494591E+06 0.760809E+07
      943.11  0.117231E+03 0.127785E+05 0.506217E+06 0.781425E+07
      944.11  0.120011E+03 0.131151E+05 0.518137E+06 0.802631E+07
      945.11  0.122864E+03 0.134611E+05 0.530362E+06 0.824448E+07
      946.00  0.125456E+03 0.137763E+05 0.541472E+06 0.844336E+07
      946.11  0.125789E+03 0.138169E+05 0.542899E+06 0.846893E+07
      947.12  0.128790E+03 0.141827E+05 0.555757E+06 0.869987E+07
      948.12  0.131869E+03 0.145588E+05 0.568945E+06 0.893749E+07
      949.12  0.135028E+03 0.149457E+05 0.582474E+06 0.918201E+07
      950.12  0.138269E+03 0.153435E+05 0.596352E+06 0.943365E+07
      951.13  0.141594E+03 0.157527E+05 0.610590E+06 0.969263E+07
      952.13  0.145007E+03 0.161736E+05 0.625198E+06 0.995918E+07
      953.13  0.148509E+03 0.166065E+05 0.640187E+06 0.102335E+08
      954.13  0.152103E+03 0.170519E+05 0.655568E+06 0.105160E+08
      955.14  0.155792E+03 0.175102E+05 0.671352E+06 0.108067E+08
      956.00  0.159053E+03 0.179160E+05 0.685299E+06 0.110644E+08
      956.14  0.159579E+03 0.179816E+05 0.687552E+06 0.111061E+08
      957.14  0.163467E+03 0.184668E+05 0.704180E+06 0.114143E+08
      958.14  0.167458E+03 0.189660E+05 0.721247E+06 0.117316E+08
      959.15  0.171556E+03 0.194798E+05 0.738768E+06 0.120584E+08
      960.15  0.175764E+03 0.200086E+05 0.756757E+06 0.123950E+08
      961.15  0.180086E+03 0.205529E+05 0.775226E+06 0.127417E+08
      962.15  0.184524E+03 0.211132E+05 0.794190E+06 0.130987E+08
      963.16  0.189082E+03 0.216901E+05 0.813665E+06 0.134665E+08
      964.16  0.193765E+03 0.222840E+05 0.833666E+06 0.138455E+08
      965.16  0.198575E+03 0.228955E+05 0.854209E+06 0.142359E+08
      966.00  0.202704E+03 0.234216E+05 0.871843E+06 0.145719E+08
      966.16  0.203516E+03 0.235252E+05 0.875311E+06 0.146381E+08
      967.17  0.208594E+03 0.241737E+05 0.896988E+06 0.150526E+08
      968.17  0.213811E+03 0.248417E+05 0.919259E+06 0.154798E+08
      969.17  0.219173E+03 0.255297E+05 0.942141E+06 0.159201E+08
      970.17  0.224683E+03 0.262384E+05 0.965655E+06 0.163739E+08
      971.18  0.230347E+03 0.269685E+05 0.989820E+06 0.168417E+08
      972.18  0.236170E+03 0.277208E+05 0.101466E+07 0.173240E+08
      973.18  0.242156E+03 0.284960E+05 0.104018E+07 0.178213E+08
      974.18  0.248310E+03 0.292949E+05 0.106643E+07 0.183340E+08
      975.19  0.254639E+03 0.301183E+05 0.109341E+07 0.188628E+08
      976.00  0.259913E+03 0.308058E+05 0.111589E+07 0.193046E+08
      976.19  0.261147E+03 0.309669E+05 0.112115E+07 0.194081E+08
      977.19  0.267841E+03 0.318418E+05 0.114967E+07 0.199706E+08
      978.19  0.274726E+03 0.327437E+05 0.117901E+07 0.205509E+08
      979.20  0.281809E+03 0.336737E+05 0.120918E+07 0.211495E+08
      980.20  0.289096E+03 0.346326E+05 0.124022E+07 0.217671E+08
      981.20  0.296594E+03 0.356216E+05 0.127215E+07 0.224044E+08
      982.20  0.304310E+03 0.366417E+05 0.130501E+07 0.230621E+08
      983.21  0.312251E+03 0.376939E+05 0.133881E+07 0.237410E+08
      984.21  0.320425E+03 0.387794E+05 0.137360E+07 0.244417E+08
      985.21  0.328840E+03 0.398993E+05 0.140941E+07 0.251651E+08
      986.00  0.335641E+03 0.408064E+05 0.143834E+07 0.257512E+08
      986.21  0.337503E+03 0.410550E+05 0.144627E+07 0.259120E+08
      987.22  0.346423E+03 0.422477E+05 0.148421E+07 0.266832E+08
      988.22  0.355609E+03 0.434787E+05 0.152328E+07 0.274796E+08
      989.22  0.365070E+03 0.447495E+05 0.156351E+07 0.283022E+08
      990.22  0.374815E+03 0.460614E+05 0.160494E+07 0.291519E+08
      991.23  0.384855E+03 0.474160E+05 0.164762E+07 0.300297E+08
      992.23  0.395200E+03 0.488148E+05 0.169159E+07 0.309367E+08
      993.23  0.405859E+03 0.502595E+05 0.173688E+07 0.318740E+08
      994.23  0.416845E+03 0.517518E+05 0.178355E+07 0.328426E+08
      995.24  0.428169E+03 0.532934E+05 0.183165E+07 0.338439E+08
      996.00  0.437038E+03 0.545032E+05 0.186932E+07 0.346300E+08
      996.24  0.439843E+03 0.548862E+05 0.188123E+07 0.348789E+08
      997.24  0.451879E+03 0.565322E+05 0.193234E+07 0.359490E+08
      998.24  0.464291E+03 0.582333E+05 0.198503E+07 0.370556E+08
      999.25  0.477092E+03 0.599916E+05 0.203936E+07 0.382001E+08
     1000.25  0.490295E+03 0.618094E+05 0.209539E+07 0.393838E+08
     1001.25  0.503917E+03 0.636889E+05 0.215319E+07 0.406084E+08
     1002.25  0.517972E+03 0.656325E+05 0.221281E+07 0.418754E+08
     1003.26  0.532477E+03 0.676427E+05 0.227433E+07 0.431865E+08
     1004.26  0.547447E+03 0.697221E+05 0.233781E+07 0.445435E+08
     1005.26  0.562901E+03 0.718735E+05 0.240333E+07 0.459482E+08
     1006.00  0.574619E+03 0.735078E+05 0.245301E+07 0.470157E+08
     1006.26  0.578857E+03 0.740995E+05 0.247097E+07 0.474024E+08
     1007.27  0.595333E+03 0.764034E+05 0.254080E+07 0.489081E+08
     1008.27  0.612350E+03 0.787880E+05 0.261290E+07 0.504676E+08
     1009.27  0.629928E+03 0.812568E+05 0.268738E+07 0.520828E+08
     1010.27  0.648089E+03 0.838130E+05 0.276430E+07 0.537561E+08
     1011.28  0.666855E+03 0.864602E+05 0.284378E+07 0.554899E+08
     1012.28  0.686250E+03 0.892022E+05 0.292590E+07 0.572867E+08
     1013.28  0.706299E+03 0.920428E+05 0.301077E+07 0.591490E+08
     1014.28  0.727027E+03 0.949862E+05 0.309851E+07 0.610797E+08
     1015.29  0.748461E+03 0.980365E+05 0.318922E+07 0.630815E+08
     1016.00  0.764180E+03 0.100278E+06 0.325572E+07 0.645529E+08
     1016.29  0.770630E+03 0.101198E+06 0.328302E+07 0.651575E+08
     1017.29  0.793564E+03 0.104476E+06 0.338003E+07 0.673109E+08
     1018.29  0.817292E+03 0.107875E+06 0.348039E+07 0.695449E+08
     1019.30  0.841848E+03 0.111400E+06 0.358423E+07 0.718630E+08
     1020.30  0.867265E+03 0.115057E+06 0.369169E+07 0.742688E+08
     1021.30  0.893580E+03 0.118851E+06 0.380292E+07 0.767661E+08
     1022.30  0.920828E+03 0.122788E+06 0.391808E+07 0.793590E+08
     1023.31  0.949049E+03 0.126875E+06 0.403733E+07 0.820517E+08
     1024.31  0.978284E+03 0.131118E+06 0.416084E+07 0.848485E+08
     1025.31  0.100858E+04 0.135523E+06 0.428878E+07 0.877540E+08
     1026.00  0.103004E+04 0.138651E+06 0.437942E+07 0.898172E+08
     1026.31  0.103997E+04 0.140099E+06 0.442136E+07 0.907732E+08
     1027.32  0.107251E+04 0.144853E+06 0.455876E+07 0.939112E+08
     1028.32  0.110625E+04 0.149792E+06 0.470120E+07 0.971734E+08
     1029.32  0.114124E+04 0.154925E+06 0.484889E+07 0.100565E+09
     1030.32  0.117754E+04 0.160261E+06 0.500205E+07 0.104093E+09
     1031.33  0.121520E+04 0.165809E+06 0.516094E+07 0.107763E+09
     1032.33  0.125428E+04 0.171580E+06 0.532579E+07 0.111581E+09
     1033.33  0.129484E+04 0.177582E+06 0.549688E+07 0.115555E+09
     1034.33  0.133696E+04 0.183828E+06 0.567449E+07 0.119692E+09
     1035.34  0.138071E+04 0.190328E+06 0.585890E+07 0.123999E+09
     1036.00  0.141061E+04 0.194780E+06 0.598497E+07 0.126951E+09
     1036.34  0.142614E+04 0.197095E+06 0.605043E+07 0.128485E+09
     1037.34  0.147335E+04 0.204140E+06 0.624939E+07 0.133159E+09
     1038.34  0.152242E+04 0.211479E+06 0.645613E+07 0.138028E+09
     1039.35  0.157343E+04 0.219124E+06 0.667101E+07 0.143104E+09
     1040.35  0.162647E+04 0.227090E+06 0.689441E+07 0.148395E+09
     1041.35  0.168163E+04 0.235394E+06 0.712672E+07 0.153913E+09
     1042.35  0.173903E+04 0.244051E+06 0.736836E+07 0.159668E+09
     1043.36  0.179875E+04 0.253079E+06 0.761977E+07 0.165673E+09
     1044.36  0.186092E+04 0.262496E+06 0.788142E+07 0.171940E+09
     1045.36  0.192565E+04 0.272323E+06 0.815380E+07 0.178481E+09
     1046.00  0.196831E+04 0.278810E+06 0.833327E+07 0.182802E+09
     1046.36  0.199307E+04 0.282579E+06 0.843742E+07 0.185312E+09
     1047.37  0.206330E+04 0.293286E+06 0.873283E+07 0.192446E+09
     1048.37  0.213649E+04 0.304467E+06 0.904061E+07 0.199900E+09
     1049.37  0.221277E+04 0.316146E+06 0.936135E+07 0.207689E+09
     1050.37  0.229231E+04 0.328349E+06 0.969570E+07 0.215831E+09
     1051.38  0.237526E+04 0.341102E+06 0.100443E+08 0.224344E+09
     1052.38  0.246179E+04 0.354435E+06 0.104080E+08 0.233248E+09
     1053.38  0.255209E+04 0.368378E+06 0.107873E+08 0.242563E+09
     1054.38  0.264634E+04 0.382962E+06 0.111833E+08 0.252311E+09
     1055.39  0.274475E+04 0.398221E+06 0.115965E+08 0.262515E+09
     1056.00  0.280717E+04 0.407917E+06 0.118586E+08 0.269001E+09
     1056.39  0.284752E+04 0.414192E+06 0.120281E+08 0.273200E+09
     1057.39  0.295489E+04 0.430911E+06 0.124788E+08 0.284390E+09
     1058.39  0.306707E+04 0.448419E+06 0.129497E+08 0.296113E+09
     1059.40  0.318434E+04 0.466757E+06 0.134417E+08 0.308397E+09
     1060.40  0.330693E+04 0.485971E+06 0.139561E+08 0.321274E+09
     1061.40  0.343515E+04 0.506108E+06 0.144939E+08 0.334775E+09
     1062.40  0.356926E+04 0.527216E+06 0.150564E+08 0.348934E+09
     1063.41  0.370958E+04 0.549350E+06 0.156448E+08 0.363787E+09
     1064.41  0.385644E+04 0.572564E+06 0.162604E+08 0.379372E+09
     1065.41  0.401017E+04 0.596917E+06 0.169048E+08 0.395728E+09
     1066.00  0.410384E+04 0.611780E+06 0.172973E+08 0.405715E+09
     1066.41  0.417113E+04 0.622470E+06 0.175793E+08 0.412899E+09
     1067.42  0.433970E+04 0.649290E+06 0.182855E+08 0.430928E+09
     1068.42  0.451627E+04 0.677443E+06 0.190251E+08 0.449861E+09
     1069.42  0.470126E+04 0.707002E+06 0.197998E+08 0.469750E+09
     1070.42  0.489509E+04 0.738043E+06 0.206114E+08 0.490644E+09
     1071.43  0.509822E+04 0.770645E+06 0.214618E+08 0.512599E+09
     1072.43  0.531113E+04 0.804891E+06 0.223529E+08 0.535671E+09
     1073.43  0.553430E+04 0.840868E+06 0.232867E+08 0.559919E+09
     1074.43  0.576825E+04 0.878667E+06 0.242654E+08 0.585407E+09
     1075.44  0.601351E+04 0.918382E+06 0.252913E+08 0.612199E+09
     1076.00  0.615664E+04 0.941600E+06 0.258898E+08 0.627868E+09
     1076.44  0.627062E+04 0.960110E+06 0.263664E+08 0.640362E+09
     1077.44  0.654015E+04 0.100395E+07 0.274933E+08 0.669967E+09
     1078.44  0.682268E+04 0.105002E+07 0.286743E+08 0.701084E+09
     1079.45  0.711880E+04 0.109841E+07 0.299117E+08 0.733788E+09
     1080.45  0.742911E+04 0.114924E+07 0.312082E+08 0.768155E+09
     1081.45  0.775420E+04 0.120262E+07 0.325661E+08 0.804261E+09
     1082.45  0.809468E+04 0.125865E+07 0.339880E+08 0.842185E+09
     1083.46  0.845115E+04 0.131746E+07 0.354763E+08 0.882004E+09
     1084.46  0.882419E+04 0.137916E+07 0.370334E+08 0.923797E+09
     1085.46  0.921435E+04 0.144385E+07 0.386616E+08 0.967637E+09
     1086.00  0.943133E+04 0.147989E+07 0.395669E+08 0.992073E+09
     1086.46  0.962216E+04 0.151163E+07 0.403630E+08 0.101360E+10
     1087.47  0.100481E+05 0.158262E+07 0.421396E+08 0.106175E+10
     1088.47  0.104926E+05 0.165688E+07 0.439931E+08 0.111216E+10
     1089.47  0.109560E+05 0.173451E+07 0.459249E+08 0.116487E+10
     1090.47  0.114385E+05 0.181557E+07 0.479359E+08 0.121995E+10
     1091.48  0.119403E+05 0.190011E+07 0.500267E+08 0.127741E+10
     1092.48  0.124614E+05 0.198814E+07 0.521972E+08 0.133729E+10
     1093.48  0.130016E+05 0.207968E+07 0.544468E+08 0.139958E+10
     1094.48  0.135606E+05 0.217469E+07 0.567738E+08 0.146427E+10
     1095.49  0.141378E+05 0.227310E+07 0.591759E+08 0.153133E+10
     1096.00  0.144404E+05 0.232483E+07 0.604350E+08 0.156658E+10
     1096.49  0.147324E+05 0.237482E+07 0.616496E+08 0.160067E+10
     1097.49  0.153434E+05 0.247968E+07 0.641904E+08 0.167220E+10
     1098.49  0.159692E+05 0.258750E+07 0.667924E+08 0.174580E+10
     1099.50  0.166084E+05 0.269800E+07 0.694484E+08 0.182128E+10
     1100.50  0.172587E+05 0.281088E+07 0.721497E+08 0.189844E+10
     1101.50  0.179177E+05 0.292574E+07 0.748860E+08 0.197702E+10
     1102.50  0.185825E+05 0.304215E+07 0.776455E+08 0.205671E+10
     1103.51  0.192500E+05 0.315957E+07 0.804146E+08 0.213717E+10
     1104.51  0.199166E+05 0.327742E+07 0.831781E+08 0.221799E+10
     1105.51  0.205781E+05 0.339504E+07 0.859195E+08 0.229874E+10
     1106.00  0.208976E+05 0.345208E+07 0.872424E+08 0.233793E+10
     1106.51  0.212304E+05 0.351170E+07 0.886205E+08 0.237891E+10
     1107.52  0.218687E+05 0.362664E+07 0.912620E+08 0.245800E+10
     1108.52  0.224882E+05 0.373903E+07 0.938238E+08 0.253542E+10
     1109.52  0.230840E+05 0.384801E+07 0.962848E+08 0.261061E+10
     1110.52  0.236508E+05 0.395270E+07 0.986242E+08 0.268296E+10
     1111.53  0.241838E+05 0.405224E+07 0.100821E+09 0.275187E+10
     1112.53  0.246780E+05 0.414575E+07 0.102855E+09 0.281676E+10
     1113.53  0.251289E+05 0.423243E+07 0.104708E+09 0.287705E+10
     1114.53  0.255323E+05 0.431150E+07 0.106361E+09 0.293223E+10
     1115.54  0.258844E+05 0.438229E+07 0.107801E+09 0.298182E+10
     1116.00  0.260291E+05 0.441207E+07 0.108390E+09 0.300275E+10
     1116.54  0.261823E+05 0.444422E+07 0.109013E+09 0.302542E+10
     1117.54  0.264236E+05 0.449680E+07 0.109989E+09 0.306269E+10
     1118.54  0.266067E+05 0.453969E+07 0.110723E+09 0.309339E+10
     1119.55  0.267307E+05 0.457267E+07 0.111210E+09 0.311736E+10
     1120.55  0.267956E+05 0.459565E+07 0.111451E+09 0.313454E+10
     1121.55  0.268021E+05 0.460870E+07 0.111449E+09 0.314494E+10
     1122.55  0.267518E+05 0.461199E+07 0.111211E+09 0.314868E+10
     1123.56  0.266469E+05 0.460581E+07 0.110746E+09 0.314596E+10
     1124.56  0.264900E+05 0.459058E+07 0.110065E+09 0.313704E+10
     1125.56  0.262845E+05 0.456679E+07 0.109182E+09 0.312226E+10
     1126.00  0.261802E+05 0.455384E+07 0.108737E+09 0.311404E+10
     1126.56  0.260340E+05 0.453502E+07 0.108113E+09 0.310199E+10
     1127.57  0.257424E+05 0.449588E+07 0.106874E+09 0.307667E+10
     1128.57  0.254140E+05 0.445005E+07 0.105483E+09 0.304673E+10
     1129.57  0.250529E+05 0.439822E+07 0.103956E+09 0.301265E+10
     1130.57  0.246634E+05 0.434110E+07 0.102313E+09 0.297491E+10
     1131.58  0.242496E+05 0.427936E+07 0.100569E+09 0.293396E+10
     1132.58  0.238155E+05 0.421369E+07 0.987429E+08 0.289027E+10
     1133.58  0.233650E+05 0.414474E+07 0.968492E+08 0.284429E+10
     1134.58  0.229017E+05 0.407312E+07 0.949032E+08 0.279643E+10
     1135.59  0.224288E+05 0.399941E+07 0.929187E+08 0.274708E+10
     1136.00  0.222318E+05 0.396852E+07 0.920920E+08 0.272638E+10
     1136.59  0.219495E+05 0.392413E+07 0.909086E+08 0.269661E+10
     1137.59  0.214666E+05 0.384778E+07 0.888841E+08 0.264535E+10
     1138.59  0.209824E+05 0.377078E+07 0.868557E+08 0.259360E+10
     1139.60  0.204991E+05 0.369354E+07 0.848324E+08 0.254162E+10
     1140.60  0.200188E+05 0.361640E+07 0.828222E+08 0.248967E+10
     1141.60  0.195431E+05 0.353967E+07 0.808320E+08 0.243794E+10
     1142.60  0.190734E+05 0.346360E+07 0.788678E+08 0.238663E+10
     1143.61  0.186110E+05 0.338844E+07 0.769343E+08 0.233588E+10
     1144.61  0.181567E+05 0.331436E+07 0.750359E+08 0.228583E+10
     1145.61  0.177115E+05 0.324153E+07 0.731758E+08 0.223660E+10
     1146.00  0.175416E+05 0.321367E+07 0.724660E+08 0.221776E+10
     1146.61  0.172760E+05 0.317008E+07 0.713569E+08 0.218828E+10
     1147.62  0.168507E+05 0.310011E+07 0.695810E+08 0.214093E+10
     1148.62  0.164360E+05 0.303172E+07 0.678498E+08 0.209462E+10
     1149.62  0.160322E+05 0.296496E+07 0.661644E+08 0.204940E+10
     1150.62  0.156394E+05 0.289988E+07 0.645254E+08 0.200530E+10
     1151.63  0.152578E+05 0.283650E+07 0.629332E+08 0.196234E+10
     1152.63  0.148872E+05 0.277486E+07 0.613877E+08 0.192053E+10
     1153.63  0.145278E+05 0.271494E+07 0.598886E+08 0.187988E+10
     1154.63  0.141793E+05 0.265675E+07 0.584356E+08 0.184039E+10
     1155.64  0.138417E+05 0.260027E+07 0.570281E+08 0.180205E+10
     1156.00  0.137219E+05 0.258022E+07 0.565289E+08 0.178843E+10
     1156.64  0.135147E+05 0.254549E+07 0.556651E+08 0.176485E+10
     1157.64  0.131981E+05 0.249238E+07 0.543459E+08 0.172877E+10
     1158.64  0.128918E+05 0.244091E+07 0.530695E+08 0.169380E+10
     1159.65  0.125954E+05 0.239105E+07 0.518348E+08 0.165991E+10
     1160.65  0.123088E+05 0.234275E+07 0.506406E+08 0.162708E+10
     1161.65  0.120315E+05 0.229599E+07 0.494858E+08 0.159528E+10
     1162.65  0.117635E+05 0.225072E+07 0.483693E+08 0.156449E+10
     1163.66  0.115043E+05 0.220690E+07 0.472899E+08 0.153468E+10
     1164.66  0.112536E+05 0.216449E+07 0.462463E+08 0.150582E+10
     1165.66  0.110113E+05 0.212344E+07 0.452375E+08 0.147789E+10
     1166.00  0.109313E+05 0.210988E+07 0.449046E+08 0.146866E+10
     1166.66  0.107770E+05 0.208371E+07 0.442621E+08 0.145085E+10
     1167.67  0.105505E+05 0.204527E+07 0.433190E+08 0.142468E+10
     1168.67  0.103314E+05 0.200806E+07 0.424072E+08 0.139934E+10
     1169.67  0.101195E+05 0.197205E+07 0.415254E+08 0.137482E+10
     1170.67  0.991459E+04 0.193720E+07 0.406727E+08 0.135109E+10
     1171.68  0.971637E+04 0.190346E+07 0.398478E+08 0.132811E+10
     1172.68  0.952459E+04 0.187080E+07 0.390499E+08 0.130586E+10
     1173.68  0.933902E+04 0.183918E+07 0.382778E+08 0.128431E+10
     1174.68  0.915944E+04 0.180856E+07 0.375307E+08 0.126345E+10
     1175.69  0.898560E+04 0.177891E+07 0.368075E+08 0.124325E+10
     1176.00  0.893242E+04 0.176983E+07 0.365863E+08 0.123706E+10
     1176.69  0.881731E+04 0.175019E+07 0.361074E+08 0.122367E+10
     1177.69  0.865434E+04 0.172237E+07 0.354295E+08 0.120471E+10
     1178.69  0.849650E+04 0.169541E+07 0.347730E+08 0.118634E+10
     1179.70  0.834360E+04 0.166929E+07 0.341370E+08 0.116854E+10
     1180.70  0.819544E+04 0.164397E+07 0.335208E+08 0.115128E+10
     1181.70  0.805185E+04 0.161943E+07 0.329237E+08 0.113455E+10
     1182.70  0.791266E+04 0.159564E+07 0.323448E+08 0.111833E+10
     1183.71  0.777770E+04 0.157256E+07 0.317835E+08 0.110260E+10
     1184.71  0.764681E+04 0.155018E+07 0.312392E+08 0.108734E+10
     1185.71  0.751984E+04 0.152847E+07 0.307112E+08 0.107254E+10
     1186.00  0.748404E+04 0.152235E+07 0.305624E+08 0.106836E+10
     1186.71  0.739665E+04 0.150741E+07 0.301989E+08 0.105817E+10
     1187.72  0.727709E+04 0.148696E+07 0.297018E+08 0.104424E+10
     1188.72  0.716102E+04 0.146712E+07 0.292191E+08 0.103071E+10
     1189.72  0.704833E+04 0.144785E+07 0.287505E+08 0.101757E+10
     1190.72  0.693888E+04 0.142914E+07 0.282954E+08 0.100481E+10
     1191.73  0.683256E+04 0.141097E+07 0.278533E+08 0.992426E+09
     1192.73  0.672925E+04 0.139331E+07 0.274237E+08 0.980391E+09
     1193.73  0.662884E+04 0.137616E+07 0.270062E+08 0.968699E+09
     1194.73  0.653123E+04 0.135949E+07 0.266003E+08 0.957336E+09
     1195.74  0.643633E+04 0.134329E+07 0.262056E+08 0.946292E+09
     1196.00  0.641185E+04 0.133911E+07 0.261038E+08 0.943444E+09
     1196.74  0.634402E+04 0.132754E+07 0.258218E+08 0.935555E+09
     1197.74  0.625422E+04 0.131222E+07 0.254484E+08 0.925115E+09
     1198.74  0.616685E+04 0.129732E+07 0.250850E+08 0.914963E+09
     1199.75  0.608181E+04 0.128283E+07 0.247313E+08 0.905088E+09
     1200.75  0.599902E+04 0.126873E+07 0.243871E+08 0.895481E+09
     1201.75  0.591841E+04 0.125501E+07 0.240518E+08 0.886133E+09
     1202.75  0.583991E+04 0.124165E+07 0.237253E+08 0.877035E+09
     1203.76  0.576343E+04 0.122865E+07 0.234072E+08 0.868180E+09
     1204.76  0.568892E+04 0.121599E+07 0.230973E+08 0.859558E+09
     1205.76  0.561629E+04 0.120367E+07 0.227952E+08 0.851164E+09
     1206.00  0.559932E+04 0.120079E+07 0.227246E+08 0.849203E+09
     1206.76  0.554550E+04 0.119166E+07 0.225007E+08 0.842989E+09
     1207.77  0.547648E+04 0.117996E+07 0.222136E+08 0.835026E+09
     1208.77  0.540917E+04 0.116857E+07 0.219335E+08 0.827268E+09
     1209.77  0.534352E+04 0.115746E+07 0.216604E+08 0.819710E+09
     1210.77  0.527947E+04 0.114663E+07 0.213939E+08 0.812344E+09
     1211.78  0.521696E+04 0.113608E+07 0.211338E+08 0.805164E+09
     1212.78  0.515595E+04 0.112579E+07 0.208799E+08 0.798166E+09
     1213.78  0.509640E+04 0.111576E+07 0.206320E+08 0.791343E+09
     1214.78  0.503824E+04 0.110598E+07 0.203900E+08 0.784689E+09
     1215.79  0.498145E+04 0.109643E+07 0.201536E+08 0.778201E+09
     1216.00  0.496955E+04 0.109443E+07 0.201041E+08 0.776842E+09
     1216.79  0.492597E+04 0.108712E+07 0.199227E+08 0.771871E+09
     1217.79  0.487177E+04 0.107803E+07 0.196970E+08 0.765697E+09
     1218.79  0.481880E+04 0.106916E+07 0.194765E+08 0.759673E+09
     1219.80  0.476704E+04 0.106051E+07 0.192610E+08 0.753795E+09
     1220.80  0.471643E+04 0.105206E+07 0.190502E+08 0.748058E+09
     1221.80  0.466695E+04 0.104381E+07 0.188441E+08 0.742458E+09
     1222.80  0.461856E+04 0.103576E+07 0.186426E+08 0.736992E+09
     1223.81  0.457123E+04 0.102789E+07 0.184454E+08 0.731655E+09
     1224.81  0.452492E+04 0.102021E+07 0.182525E+08 0.726444E+09
     1225.81  0.447961E+04 0.101270E+07 0.180638E+08 0.721355E+09
     1226.00  0.447123E+04 0.101131E+07 0.180288E+08 0.720414E+09
     1226.81  0.443527E+04 0.100537E+07 0.178790E+08 0.716384E+09
     1227.82  0.439187E+04 0.998205E+06 0.176981E+08 0.711529E+09
     1228.82  0.434938E+04 0.991203E+06 0.175210E+08 0.706786E+09
     1229.82  0.430778E+04 0.984360E+06 0.173476E+08 0.702152E+09
     1230.82  0.426703E+04 0.977672E+06 0.171777E+08 0.697623E+09
     1231.83  0.422712E+04 0.971133E+06 0.170113E+08 0.693198E+09
     1232.83  0.418802E+04 0.964739E+06 0.168483E+08 0.688873E+09
     1233.83  0.414971E+04 0.958488E+06 0.166885E+08 0.684646E+09
     1234.83  0.411217E+04 0.952375E+06 0.165319E+08 0.680513E+09
     1235.84  0.407537E+04 0.946395E+06 0.163784E+08 0.676472E+09
     1236.00  0.406946E+04 0.945436E+06 0.163537E+08 0.675824E+09
     1236.84  0.403929E+04 0.940547E+06 0.162278E+08 0.672522E+09
     1237.84  0.400392E+04 0.934825E+06 0.160802E+08 0.668659E+09
     1238.84  0.396924E+04 0.929228E+06 0.159355E+08 0.664881E+09
     1239.85  0.393522E+04 0.923751E+06 0.157935E+08 0.661186E+09
     1240.85  0.390185E+04 0.918391E+06 0.156541E+08 0.657572E+09
     1241.85  0.386911E+04 0.913146E+06 0.155174E+08 0.654037E+09
     1242.85  0.383698E+04 0.908012E+06 0.153832E+08 0.650578E+09
     1243.86  0.380546E+04 0.902986E+06 0.152516E+08 0.647194E+09
     1244.86  0.377451E+04 0.898067E+06 0.151223E+08 0.643883E+09
     1245.86  0.374413E+04 0.893251E+06 0.149953E+08 0.640643E+09
     1246.00  0.374000E+04 0.892596E+06 0.149781E+08 0.640203E+09
     1246.86  0.371431E+04 0.888535E+06 0.148707E+08 0.637472E+09
     1247.87  0.368502E+04 0.883917E+06 0.147482E+08 0.634369E+09
     1248.87  0.365626E+04 0.879394E+06 0.146280E+08 0.631332E+09
     1249.87  0.362800E+04 0.874965E+06 0.145098E+08 0.628359E+09
     1250.87  0.360025E+04 0.870627E+06 0.143937E+08 0.625448E+09
     1251.88  0.357298E+04 0.866378E+06 0.142796E+08 0.622599E+09
     1252.88  0.354618E+04 0.862215E+06 0.141675E+08 0.619809E+09
     1253.88  0.351984E+04 0.858136E+06 0.140573E+08 0.617077E+09
     1254.88  0.349395E+04 0.854140E+06 0.139489E+08 0.614403E+09
     1255.89  0.346850E+04 0.850224E+06 0.138424E+08 0.611783E+09
     1256.00  0.346566E+04 0.849789E+06 0.138305E+08 0.611492E+09
     1256.89  0.344348E+04 0.846387E+06 0.137376E+08 0.609218E+09
     1257.89  0.341887E+04 0.842627E+06 0.136345E+08 0.606706E+09
     1258.89  0.339467E+04 0.838941E+06 0.135331E+08 0.604246E+09
     1259.90  0.337087E+04 0.835329E+06 0.134334E+08 0.601836E+09
     1260.90  0.334745E+04 0.831788E+06 0.133353E+08 0.599475E+09
     1261.90  0.332442E+04 0.828316E+06 0.132387E+08 0.597162E+09
     1262.90  0.330175E+04 0.824913E+06 0.131436E+08 0.594896E+09
     1263.91  0.327944E+04 0.821577E+06 0.130501E+08 0.592677E+09
     1264.91  0.325749E+04 0.818305E+06 0.129580E+08 0.590502E+09
     1265.91  0.323587E+04 0.815097E+06 0.128673E+08 0.588371E+09
     1266.00  0.323400E+04 0.814820E+06 0.128594E+08 0.588187E+09
     1266.91  0.321459E+04 0.811952E+06 0.127780E+08 0.586283E+09
     1267.92  0.319365E+04 0.808867E+06 0.126900E+08 0.584238E+09
     1268.92  0.317302E+04 0.805841E+06 0.126034E+08 0.582233E+09
     1269.92  0.315270E+04 0.802874E+06 0.125181E+08 0.580268E+09
     1270.92  0.313269E+04 0.799963E+06 0.124340E+08 0.578342E+09
     1271.93  0.311297E+04 0.797108E+06 0.123512E+08 0.576455E+09
     1272.93  0.309355E+04 0.794308E+06 0.122696E+08 0.574606E+09
     1273.93  0.307441E+04 0.791560E+06 0.121891E+08 0.572793E+09
     1274.93  0.305556E+04 0.788865E+06 0.121098E+08 0.571016E+09
     1275.94  0.303697E+04 0.786220E+06 0.120316E+08 0.569274E+09
     1276.00  0.303582E+04 0.786056E+06 0.120268E+08 0.569167E+09
     1276.94  0.301865E+04 0.783625E+06 0.119546E+08 0.567567E+09
     1277.94  0.300059E+04 0.781079E+06 0.118786E+08 0.565893E+09
     1278.94  0.298279E+04 0.778581E+06 0.118036E+08 0.564253E+09
     1279.95  0.296524E+04 0.776129E+06 0.117297E+08 0.562644E+09
     1280.95  0.294793E+04 0.773723E+06 0.116568E+08 0.561067E+09
     1281.95  0.293085E+04 0.771361E+06 0.115849E+08 0.559521E+09
     1282.95  0.291401E+04 0.769044E+06 0.115139E+08 0.558006E+09
     1283.96  0.289740E+04 0.766769E+06 0.114439E+08 0.556520E+09
     1284.96  0.288101E+04 0.764536E+06 0.113748E+08 0.555063E+09
     1285.96  0.286485E+04 0.762345E+06 0.113067E+08 0.553634E+09
     1286.00  0.286424E+04 0.762263E+06 0.113041E+08 0.553581E+09
     1286.96  0.284889E+04 0.760193E+06 0.112394E+08 0.552233E+09
     1287.97  0.283314E+04 0.758081E+06 0.111729E+08 0.550860E+09
     1288.97  0.281760E+04 0.756008E+06 0.111073E+08 0.549513E+09
     1289.97  0.280226E+04 0.753973E+06 0.110426E+08 0.548192E+09
     1290.97  0.278712E+04 0.751974E+06 0.109786E+08 0.546897E+09
     1291.98  0.277217E+04 0.750012E+06 0.109155E+08 0.545627E+09
     1292.98  0.275740E+04 0.748085E+06 0.108531E+08 0.544382E+09
     1293.98  0.274282E+04 0.746193E+06 0.107915E+08 0.543161E+09
     1294.98  0.272842E+04 0.744336E+06 0.107306E+08 0.541963E+09
     1295.99  0.271420E+04 0.742512E+06 0.106705E+08 0.540789E+09
     1296.00  0.271402E+04 0.742489E+06 0.106697E+08 0.540774E+09
     1296.99  0.270015E+04 0.740720E+06 0.106110E+08 0.539637E+09
     1297.99  0.268627E+04 0.738961E+06 0.105523E+08 0.538507E+09
     1298.99  0.267256E+04 0.737234E+06 0.104943E+08 0.537400E+09
     1300.00  0.265901E+04 0.735537E+06 0.104369E+08 0.536313E+09
     1301.00  0.264562E+04 0.733870E+06 0.103802E+08 0.535248E+09
     1306.00  0.258111E+04 0.725990E+06 0.101068E+08 0.530232E+09
     1316.00  0.246233E+04 0.712177E+06 0.960245E+07 0.521548E+09
     1326.00  0.235518E+04 0.700576E+06 0.914622E+07 0.514391E+09
     1336.00  0.225765E+04 0.690802E+06 0.872994E+07 0.508495E+09
     1346.00  0.216814E+04 0.682538E+06 0.834698E+07 0.503636E+09
     1356.00  0.208533E+04 0.675522E+06 0.799202E+07 0.499633E+09
     1366.00  0.200816E+04 0.669534E+06 0.766070E+07 0.496329E+09
     1376.00  0.193576E+04 0.664390E+06 0.734949E+07 0.493594E+09
     1386.00  0.186741E+04 0.659932E+06 0.705547E+07 0.491317E+09
     1396.00  0.180251E+04 0.656029E+06 0.677625E+07 0.489403E+09
     1406.00  0.174059E+04 0.652565E+06 0.650989E+07 0.487770E+09
     1416.00  0.168124E+04 0.649442E+06 0.625476E+07 0.486348E+09
     1426.00  0.162412E+04 0.646576E+06 0.600953E+07 0.485075E+09
     1436.00  0.156897E+04 0.643895E+06 0.577312E+07 0.483899E+09
     1446.00  0.151555E+04 0.641338E+06 0.554465E+07 0.482776E+09
     1456.00  0.146370E+04 0.638851E+06 0.532340E+07 0.481667E+09
     1466.00  0.141325E+04 0.636389E+06 0.510879E+07 0.480538E+09
     1476.00  0.136410E+04 0.633915E+06 0.490034E+07 0.479362E+09
     1486.00  0.131614E+04 0.631397E+06 0.469770E+07 0.478116E+09
     1496.00  0.126931E+04 0.628808E+06 0.450056E+07 0.476779E+09
     1506.00  0.122354E+04 0.626127E+06 0.430870E+07 0.475337E+09
     1516.00  0.117879E+04 0.623335E+06 0.412194E+07 0.473776E+09
     1526.00  0.113503E+04 0.620420E+06 0.394014E+07 0.472085E+09
     1536.00  0.109223E+04 0.617371E+06 0.376320E+07 0.470259E+09
     1546.00  0.105038E+04 0.614181E+06 0.359106E+07 0.468290E+09
     1556.00  0.100947E+04 0.610844E+06 0.342364E+07 0.466177E+09
     1566.00  0.969486E+03 0.607359E+06 0.326093E+07 0.463918E+09
     1576.00  0.930434E+03 0.603725E+06 0.310287E+07 0.461512E+09
     1586.00  0.892308E+03 0.599944E+06 0.294946E+07 0.458962E+09
     1596.00  0.855111E+03 0.596016E+06 0.280067E+07 0.456270E+09
     1606.00  0.818842E+03 0.591947E+06 0.265649E+07 0.453438E+09
     1616.00  0.783503E+03 0.587741E+06 0.251688E+07 0.450471E+09
     1626.00  0.749096E+03 0.583402E+06 0.238184E+07 0.447374E+09
     1636.00  0.715622E+03 0.578939E+06 0.225133E+07 0.444153E+09
     1646.00  0.683081E+03 0.574356E+06 0.212534E+07 0.440812E+09
     1656.00  0.651471E+03 0.569662E+06 0.200382E+07 0.437359E+09
     1666.00  0.620792E+03 0.564864E+06 0.188673E+07 0.433800E+09
     1676.00  0.591039E+03 0.559968E+06 0.177404E+07 0.430140E+09
     1686.00  0.562208E+03 0.554982E+06 0.166569E+07 0.426387E+09
     1696.00  0.534292E+03 0.549913E+06 0.156162E+07 0.422546E+09
     1706.00  0.507285E+03 0.544769E+06 0.146179E+07 0.418623E+09
     1716.00  0.481179E+03 0.539556E+06 0.136611E+07 0.414626E+09
     1726.00  0.455963E+03 0.534281E+06 0.127453E+07 0.410560E+09
     1736.00  0.431628E+03 0.528951E+06 0.118698E+07 0.406431E+09
     1746.00  0.408162E+03 0.523573E+06 0.110337E+07 0.402244E+09
     1756.00  0.385553E+03 0.518152E+06 0.102364E+07 0.398006E+09
     1766.00  0.363787E+03 0.512695E+06 0.947689E+06 0.393722E+09
     1776.00  0.342851E+03 0.507206E+06 0.875444E+06 0.389397E+09
     1786.00  0.322729E+03 0.501692E+06 0.806818E+06 0.385035E+09
     1796.00  0.303406E+03 0.496157E+06 0.741722E+06 0.380642E+09
     1806.00  0.284868E+03 0.490606E+06 0.680069E+06 0.376221E+09
     1816.00  0.267097E+03 0.485044E+06 0.621771E+06 0.371777E+09
     1826.00  0.250078E+03 0.479475E+06 0.566736E+06 0.367315E+09
     1836.00  0.233793E+03 0.473903E+06 0.514876E+06 0.362837E+09
     1846.00  0.218227E+03 0.468332E+06 0.466099E+06 0.358349E+09
     1856.00  0.203361E+03 0.462766E+06 0.420317E+06 0.353852E+09
     1866.00  0.189179E+03 0.457207E+06 0.377439E+06 0.349351E+09
     1876.00  0.175664E+03 0.451660E+06 0.337376E+06 0.344849E+09
     1886.00  0.162798E+03 0.446126E+06 0.300040E+06 0.340348E+09
     1896.00  0.150565E+03 0.440609E+06 0.265343E+06 0.335851E+09
     1906.00  0.138946E+03 0.435111E+06 0.233199E+06 0.331362E+09
     1916.00  0.127926E+03 0.429635E+06 0.203522E+06 0.326881E+09
     1926.00  0.117486E+03 0.424182E+06 0.176229E+06 0.322412E+09
     1936.00  0.107612E+03 0.418756E+06 0.151236E+06 0.317957E+09
     1946.00  0.982854E+02 0.413357E+06 0.128461E+06 0.313517E+09
     1956.00  0.894907E+02 0.407988E+06 0.107825E+06 0.309096E+09
     1966.00  0.812115E+02 0.402650E+06 0.892495E+05 0.304694E+09
     1976.00  0.734321E+02 0.397344E+06 0.726568E+05 0.300312E+09
     1986.00  0.661367E+02 0.392072E+06 0.579715E+05 0.295954E+09
     1996.00  0.593100E+02 0.386836E+06 0.451200E+05 0.291619E+09
     2006.00  0.529370E+02 0.381635E+06 0.340300E+05 0.287310E+09
     2016.00  0.470027E+02 0.376471E+06 0.246309E+05 0.283027E+09
     2026.00  0.414926E+02 0.371346E+06 0.168538E+05 0.278772E+09
     2036.00  0.363926E+02 0.366260E+06 0.106313E+05 0.274545E+09
     2046.00  0.316886E+02 0.361213E+06 0.589793E+04 0.270349E+09
     2056.00  0.273669E+02 0.356207E+06 0.258958E+04 0.266183E+09
     2066.00  0.234142E+02 0.351242E+06 0.643878E+03 0.262048E+09
     2076.00  0.198174E+02 0.346318E+06 0.651633E-01 0.257946E+09
     2086.00  0.165637E+02 0.341437E+06 0.598970E+03 0.253877E+09
     2096.00  0.136405E+02 0.336598E+06 0.238300E+04 0.249842E+09
     2106.00  0.110357E+02 0.331802E+06 0.529614E+04 0.245841E+09
     2116.00  0.873729E+01 0.327049E+06 0.928387E+04 0.241875E+09
     2126.00  0.673371E+01 0.322341E+06 0.142932E+05 0.237945E+09
     2136.00  0.501358E+01 0.317676E+06 0.202728E+05 0.234050E+09
     2146.00  0.356581E+01 0.313055E+06 0.271724E+05 0.230193E+09
     2156.00  0.237960E+01 0.308478E+06 0.349437E+05 0.226372E+09
     2166.00  0.144441E+01 0.303947E+06 0.435394E+05 0.222588E+09
     2176.00  0.749987E+00 0.299460E+06 0.529139E+05 0.218843E+09
     2186.00  0.286327E+00 0.295018E+06 0.630227E+05 0.215135E+09
     2196.00  0.436915E-01 0.290621E+06 0.738227E+05 0.211466E+09
     2206.00  0.125970E-01 0.286269E+06 0.852724E+05 0.207835E+09
     2216.00  0.183811E+00 0.281962E+06 0.973312E+05 0.204242E+09
     2226.00  0.548350E+00 0.277701E+06 0.109960E+06 0.200689E+09
     2236.00  0.109747E+01 0.273484E+06 0.123121E+06 0.197175E+09
     2246.00  0.182267E+01 0.269312E+06 0.136777E+06 0.193700E+09
     2256.00  0.271567E+01 0.265186E+06 0.150893E+06 0.190265E+09
     2266.00  0.376844E+01 0.261104E+06 0.165435E+06 0.186869E+09
     2276.00  0.497316E+01 0.257068E+06 0.180369E+06 0.183513E+09
     2286.00  0.632224E+01 0.253076E+06 0.195662E+06 0.180196E+09
     2296.00  0.780828E+01 0.249129E+06 0.211285E+06 0.176919E+09
     2306.00  0.942413E+01 0.245226E+06 0.227207E+06 0.173681E+09
     2316.00  0.111628E+02 0.241368E+06 0.243399E+06 0.170484E+09
     2326.00  0.130176E+02 0.237554E+06 0.259833E+06 0.167325E+09
     2336.00  0.149818E+02 0.233784E+06 0.276482E+06 0.164207E+09
     2346.00  0.170493E+02 0.230058E+06 0.293320E+06 0.161127E+09
     2356.00  0.192136E+02 0.226375E+06 0.310321E+06 0.158088E+09
     2366.00  0.214690E+02 0.222737E+06 0.327463E+06 0.155087E+09
     2376.00  0.238095E+02 0.219141E+06 0.344721E+06 0.152126E+09
     2386.00  0.262295E+02 0.215589E+06 0.362072E+06 0.149204E+09
     2396.00  0.287236E+02 0.212079E+06 0.379497E+06 0.146322E+09
     2406.00  0.312864E+02 0.208612E+06 0.396973E+06 0.143478E+09
     2416.00  0.339129E+02 0.205188E+06 0.414480E+06 0.140672E+09
     2426.00  0.365981E+02 0.201806E+06 0.432000E+06 0.137906E+09
     2436.00  0.393371E+02 0.198466E+06 0.449515E+06 0.135178E+09
     2446.00  0.421254E+02 0.195167E+06 0.467005E+06 0.132488E+09
     2456.00  0.449584E+02 0.191910E+06 0.484456E+06 0.129836E+09
     2466.00  0.478317E+02 0.188695E+06 0.501850E+06 0.127222E+09
     2476.00  0.507413E+02 0.185520E+06 0.519172E+06 0.124646E+09
     2486.00  0.536830E+02 0.182386E+06 0.536407E+06 0.122108E+09
     2496.00  0.566529E+02 0.179293E+06 0.553542E+06 0.119606E+09
     2506.00  0.596472E+02 0.176240E+06 0.570562E+06 0.117142E+09
     2516.00  0.626622E+02 0.173226E+06 0.587455E+06 0.114715E+09
     2526.00  0.656945E+02 0.170253E+06 0.604208E+06 0.112324E+09
     2536.00  0.687407E+02 0.167319E+06 0.620811E+06 0.109970E+09
     2546.00  0.717974E+02 0.164423E+06 0.637250E+06 0.107652E+09
     2556.00  0.748614E+02 0.161567E+06 0.653517E+06 0.105369E+09
     2566.00  0.779299E+02 0.158749E+06 0.669601E+06 0.103123E+09
     2576.00  0.809998E+02 0.155970E+06 0.685493E+06 0.100911E+09
     2586.00  0.840683E+02 0.153228E+06 0.701183E+06 0.987350E+08
     2596.00  0.871327E+02 0.150524E+06 0.716663E+06 0.965934E+08
     2606.00  0.901905E+02 0.147857E+06 0.731925E+06 0.944864E+08
     2616.00  0.932390E+02 0.145227E+06 0.746963E+06 0.924135E+08
     2626.00  0.962760E+02 0.142634E+06 0.761767E+06 0.903746E+08
     2636.00  0.992991E+02 0.140077E+06 0.776332E+06 0.883692E+08
     2646.00  0.102306E+03 0.137556E+06 0.790652E+06 0.863972E+08
     2656.00  0.105295E+03 0.135071E+06 0.804721E+06 0.844581E+08
     2666.00  0.108263E+03 0.132621E+06 0.818533E+06 0.825516E+08
     2676.00  0.111210E+03 0.130207E+06 0.832082E+06 0.806775E+08
     2686.00  0.114132E+03 0.127827E+06 0.845366E+06 0.788355E+08
     2696.00  0.117029E+03 0.125481E+06 0.858378E+06 0.770252E+08
     2706.00  0.119898E+03 0.123170E+06 0.871117E+06 0.752462E+08
     2716.00  0.122738E+03 0.120892E+06 0.883576E+06 0.734984E+08
     2726.00  0.125547E+03 0.118648E+06 0.895755E+06 0.717813E+08
     2736.00  0.128325E+03 0.116436E+06 0.907649E+06 0.700947E+08
     2746.00  0.131068E+03 0.114258E+06 0.919256E+06 0.684381E+08
     2756.00  0.133778E+03 0.112112E+06 0.930573E+06 0.668114E+08
     2766.00  0.136451E+03 0.109999E+06 0.941600E+06 0.652141E+08
     2776.00  0.139087E+03 0.107917E+06 0.952333E+06 0.636459E+08
     2786.00  0.141685E+03 0.105866E+06 0.962771E+06 0.621065E+08
     2796.00  0.144243E+03 0.103847E+06 0.972914E+06 0.605955E+08
     2806.00  0.146762E+03 0.101859E+06 0.982759E+06 0.591126E+08
     2816.00  0.149239E+03 0.999010E+05 0.992308E+06 0.576576E+08
     2826.00  0.151674E+03 0.979734E+05 0.100156E+07 0.562299E+08
     2836.00  0.154066E+03 0.960757E+05 0.101051E+07 0.548295E+08
     2846.00  0.156415E+03 0.942076E+05 0.101916E+07 0.534558E+08
     2856.00  0.158719E+03 0.923688E+05 0.102752E+07 0.521085E+08
     2866.00  0.160979E+03 0.905589E+05 0.103558E+07 0.507874E+08
     2876.00  0.163193E+03 0.887776E+05 0.104334E+07 0.494921E+08
     2886.00  0.165361E+03 0.870246E+05 0.105081E+07 0.482222E+08
     2896.00  0.167483E+03 0.852996E+05 0.105798E+07 0.469774E+08
     2906.00  0.169558E+03 0.836023E+05 0.106485E+07 0.457575E+08
     2916.00  0.171585E+03 0.819322E+05 0.107144E+07 0.445619E+08
     2926.00  0.173565E+03 0.802892E+05 0.107773E+07 0.433905E+08
     2936.00  0.175496E+03 0.786729E+05 0.108373E+07 0.422429E+08
     2946.00  0.177379E+03 0.770830E+05 0.108944E+07 0.411187E+08
     2956.00  0.179214E+03 0.755191E+05 0.109487E+07 0.400177E+08
     2966.00  0.181000E+03 0.739811E+05 0.110001E+07 0.389395E+08
     2976.00  0.182737E+03 0.724685E+05 0.110487E+07 0.378838E+08
     2986.00  0.184425E+03 0.709810E+05 0.110945E+07 0.368502E+08
     2996.00  0.186064E+03 0.695184E+05 0.111376E+07 0.358385E+08
     3006.00  0.187653E+03 0.680803E+05 0.111778E+07 0.348483E+08
     3016.00  0.189193E+03 0.666665E+05 0.112154E+07 0.338792E+08
     3026.00  0.190684E+03 0.652765E+05 0.112502E+07 0.329311E+08
     3036.00  0.192126E+03 0.639102E+05 0.112824E+07 0.320035E+08
     3046.00  0.193519E+03 0.625672E+05 0.113119E+07 0.310962E+08
     3056.00  0.194862E+03 0.612473E+05 0.113388E+07 0.302087E+08
     3066.00  0.196157E+03 0.599500E+05 0.113631E+07 0.293410E+08
     3076.00  0.197402E+03 0.586752E+05 0.113848E+07 0.284925E+08
     3086.00  0.198599E+03 0.574226E+05 0.114041E+07 0.276631E+08
     3096.00  0.199748E+03 0.561918E+05 0.114208E+07 0.268523E+08
     3106.00  0.200848E+03 0.549825E+05 0.114351E+07 0.260600E+08
     3116.00  0.201900E+03 0.537946E+05 0.114469E+07 0.252858E+08
     3126.00  0.202904E+03 0.526277E+05 0.114564E+07 0.245294E+08
     3136.00  0.203861E+03 0.514815E+05 0.114634E+07 0.237906E+08
     3146.00  0.204770E+03 0.503557E+05 0.114682E+07 0.230690E+08
     3156.00  0.205633E+03 0.492501E+05 0.114707E+07 0.223643E+08
     3166.00  0.206448E+03 0.481644E+05 0.114709E+07 0.216763E+08
     3176.00  0.207218E+03 0.470983E+05 0.114689E+07 0.210047E+08
     3186.00  0.207942E+03 0.460515E+05 0.114647E+07 0.203491E+08
     3196.00  0.208620E+03 0.450238E+05 0.114583E+07 0.197094E+08
     3206.00  0.209253E+03 0.440150E+05 0.114498E+07 0.190853E+08
     3216.00  0.209841E+03 0.430246E+05 0.114393E+07 0.184764E+08
     3226.00  0.210385E+03 0.420526E+05 0.114267E+07 0.178825E+08
     3236.00  0.210885E+03 0.410986E+05 0.114121E+07 0.173033E+08
     3246.00  0.211341E+03 0.401623E+05 0.113956E+07 0.167386E+08
     3256.00  0.211755E+03 0.392436E+05 0.113771E+07 0.161881E+08
     3266.00  0.212126E+03 0.383421E+05 0.113568E+07 0.156516E+08
     3276.00  0.212455E+03 0.374576E+05 0.113346E+07 0.151288E+08
     3286.00  0.212742E+03 0.365899E+05 0.113105E+07 0.146194E+08
     3296.00  0.212988E+03 0.357386E+05 0.112847E+07 0.141232E+08
     3306.00  0.213194E+03 0.349037E+05 0.112571E+07 0.136399E+08
     3316.00  0.213360E+03 0.340847E+05 0.112279E+07 0.131693E+08
     3326.00  0.213485E+03 0.332815E+05 0.111970E+07 0.127112E+08
     3336.00  0.213572E+03 0.324939E+05 0.111644E+07 0.122652E+08
     3346.00  0.213621E+03 0.317216E+05 0.111302E+07 0.118313E+08
     3356.00  0.213631E+03 0.309643E+05 0.110945E+07 0.114091E+08
     3366.00  0.213604E+03 0.302219E+05 0.110573E+07 0.109984E+08
     3376.00  0.213539E+03 0.294941E+05 0.110185E+07 0.105990E+08
     3386.00  0.213439E+03 0.287807E+05 0.109784E+07 0.102106E+08
     3396.00  0.213302E+03 0.280815E+05 0.109368E+07 0.983308E+07
     3406.00  0.213131E+03 0.273961E+05 0.108938E+07 0.946618E+07
     3416.00  0.212924E+03 0.267246E+05 0.108495E+07 0.910968E+07
     3426.00  0.212684E+03 0.260665E+05 0.108039E+07 0.876336E+07
     3436.00  0.212409E+03 0.254217E+05 0.107570E+07 0.842702E+07
     3446.00  0.212102E+03 0.247900E+05 0.107089E+07 0.810045E+07
     3456.00  0.211762E+03 0.241711E+05 0.106595E+07 0.778344E+07
     3466.00  0.211391E+03 0.235649E+05 0.106090E+07 0.747579E+07
     3476.00  0.210987E+03 0.229712E+05 0.105574E+07 0.717730E+07
     3486.00  0.210553E+03 0.223897E+05 0.105047E+07 0.688778E+07
     3496.00  0.210089E+03 0.218203E+05 0.104509E+07 0.660704E+07
     3506.00  0.209596E+03 0.212628E+05 0.103961E+07 0.633488E+07
     3516.00  0.209073E+03 0.207169E+05 0.103402E+07 0.607111E+07
     3526.00  0.208522E+03 0.201824E+05 0.102835E+07 0.581556E+07
     3536.00  0.207942E+03 0.196593E+05 0.102257E+07 0.556803E+07
     3546.00  0.207336E+03 0.191472E+05 0.101671E+07 0.532835E+07
     3556.00  0.206702E+03 0.186461E+05 0.101076E+07 0.509634E+07
     3566.00  0.206043E+03 0.181556E+05 0.100473E+07 0.487183E+07
     3576.00  0.205358E+03 0.176757E+05 0.998611E+06 0.465464E+07
     3586.00  0.204647E+03 0.172062E+05 0.992418E+06 0.444461E+07
     3596.00  0.203913E+03 0.167468E+05 0.986151E+06 0.424158E+07
     3606.00  0.203154E+03 0.162975E+05 0.979811E+06 0.404537E+07
     3616.00  0.202371E+03 0.158580E+05 0.973403E+06 0.385583E+07
     3626.00  0.201566E+03 0.154281E+05 0.966929E+06 0.367279E+07
     3636.00  0.200739E+03 0.150077E+05 0.960392E+06 0.349611E+07
     3646.00  0.199890E+03 0.145967E+05 0.953795E+06 0.332564E+07
     3656.00  0.199020E+03 0.141948E+05 0.947140E+06 0.316121E+07
     3666.00  0.198129E+03 0.138019E+05 0.940430E+06 0.300269E+07
     3676.00  0.197218E+03 0.134179E+05 0.933669E+06 0.284992E+07
     3686.00  0.196287E+03 0.130425E+05 0.926858E+06 0.270277E+07
     3696.00  0.195338E+03 0.126757E+05 0.920001E+06 0.256109E+07
     3706.00  0.194369E+03 0.123172E+05 0.913099E+06 0.242474E+07
     3716.00  0.193383E+03 0.119669E+05 0.906156E+06 0.229360E+07
     3726.00  0.192379E+03 0.116248E+05 0.899174E+06 0.216752E+07
     3736.00  0.191359E+03 0.112905E+05 0.892154E+06 0.204638E+07
     3746.00  0.190321E+03 0.109640E+05 0.885101E+06 0.193005E+07
     3756.00  0.189268E+03 0.106452E+05 0.878016E+06 0.181840E+07
     3766.00  0.188200E+03 0.103338E+05 0.870901E+06 0.171131E+07
     3776.00  0.187116E+03 0.100298E+05 0.863759E+06 0.160865E+07
     3786.00  0.186018E+03 0.973299E+04 0.856592E+06 0.151031E+07
     3796.00  0.184906E+03 0.944327E+04 0.849402E+06 0.141617E+07
     3806.00  0.183780E+03 0.916049E+04 0.842192E+06 0.132612E+07
     3816.00  0.182642E+03 0.888452E+04 0.834963E+06 0.124004E+07
     3826.00  0.181490E+03 0.861524E+04 0.827718E+06 0.115783E+07
     3836.00  0.180327E+03 0.835251E+04 0.820458E+06 0.107936E+07
     3846.00  0.179152E+03 0.809621E+04 0.813187E+06 0.100455E+07
     3856.00  0.177966E+03 0.784621E+04 0.805905E+06 0.933280E+06
     3866.00  0.176769E+03 0.760239E+04 0.798614E+06 0.865452E+06
     3876.00  0.175562E+03 0.736463E+04 0.791317E+06 0.800966E+06
     3886.00  0.174345E+03 0.713282E+04 0.784015E+06 0.739724E+06
     3896.00  0.173118E+03 0.690683E+04 0.776711E+06 0.681630E+06
     3906.00  0.171883E+03 0.668654E+04 0.769406E+06 0.626590E+06
     3916.00  0.170639E+03 0.647186E+04 0.762101E+06 0.574512E+06
     3926.00  0.169386E+03 0.626265E+04 0.754799E+06 0.525305E+06
     3936.00  0.168126E+03 0.605883E+04 0.747501E+06 0.478882E+06
     3946.00  0.166859E+03 0.586026E+04 0.740208E+06 0.435155E+06
     3956.00  0.165585E+03 0.566686E+04 0.732924E+06 0.394041E+06
     3966.00  0.164304E+03 0.547851E+04 0.725648E+06 0.355455E+06
     3976.00  0.163017E+03 0.529512E+04 0.718382E+06 0.319319E+06
     3986.00  0.161725E+03 0.511657E+04 0.711129E+06 0.285550E+06
     3996.00  0.160427E+03 0.494278E+04 0.703889E+06 0.254074E+06
     4006.00  0.159124E+03 0.477363E+04 0.696664E+06 0.224812E+06
     4016.00  0.157816E+03 0.460904E+04 0.689455E+06 0.197692E+06
     4026.00  0.156504E+03 0.444891E+04 0.682264E+06 0.172640E+06
     4036.00  0.155188E+03 0.429314E+04 0.675091E+06 0.149586E+06
     4046.00  0.153869E+03 0.414164E+04 0.667939E+06 0.128461E+06
     4056.00  0.152546E+03 0.399433E+04 0.660808E+06 0.109196E+06
     4066.00  0.151220E+03 0.385111E+04 0.653699E+06 0.917261E+05
     4076.00  0.149892E+03 0.371189E+04 0.646615E+06 0.759859E+05
     4086.00  0.148562E+03 0.357660E+04 0.639555E+06 0.619125E+05
     4096.00  0.147230E+03 0.344514E+04 0.632522E+06 0.494442E+05
     4106.00  0.145896E+03 0.331742E+04 0.625515E+06 0.385210E+05
     4116.00  0.144561E+03 0.319338E+04 0.618537E+06 0.290840E+05
     4126.00  0.143225E+03 0.307293E+04 0.611588E+06 0.210760E+05
     4136.00  0.141888E+03 0.295598E+04 0.604669E+06 0.144411E+05
     4146.00  0.140551E+03 0.284246E+04 0.597781E+06 0.912471E+04
     4156.00  0.139213E+03 0.273230E+04 0.590925E+06 0.507364E+04
     4166.00  0.137876E+03 0.262542E+04 0.584102E+06 0.223602E+04
     4176.00  0.136540E+03 0.252174E+04 0.577313E+06 0.561302E+03
     4186.00  0.135204E+03 0.242120E+04 0.570558E+06 0.195579E+00
     4196.00  0.133869E+03 0.232371E+04 0.563839E+06 0.504677E+03
     4206.00  0.132535E+03 0.222922E+04 0.557156E+06 0.202796E+04
     4216.00  0.131203E+03 0.213765E+04 0.550510E+06 0.452446E+04
     4226.00  0.129872E+03 0.204893E+04 0.543901E+06 0.794982E+04
     4236.00  0.128544E+03 0.196300E+04 0.537331E+06 0.122608E+05
     4246.00  0.127218E+03 0.187980E+04 0.530800E+06 0.174154E+05
     4256.00  0.125894E+03 0.179925E+04 0.524309E+06 0.233726E+05
     4266.00  0.124573E+03 0.172130E+04 0.517858E+06 0.300927E+05
     4276.00  0.123255E+03 0.164588E+04 0.511448E+06 0.375369E+05
     4286.00  0.121940E+03 0.157294E+04 0.505079E+06 0.456676E+05
     4296.00  0.120629E+03 0.150241E+04 0.498753E+06 0.544482E+05
     4306.00  0.119321E+03 0.143424E+04 0.492468E+06 0.638430E+05
     4316.00  0.118016E+03 0.136837E+04 0.486227E+06 0.738175E+05
     4326.00  0.116716E+03 0.130474E+04 0.480030E+06 0.843382E+05
     4336.00  0.115420E+03 0.124330E+04 0.473876E+06 0.953724E+05
     4346.00  0.114128E+03 0.118399E+04 0.467767E+06 0.106889E+06
     4356.00  0.112841E+03 0.112677E+04 0.461702E+06 0.118856E+06
     4366.00  0.111559E+03 0.107157E+04 0.455683E+06 0.131244E+06
     4376.00  0.110281E+03 0.101835E+04 0.449709E+06 0.144026E+06
     4386.00  0.109009E+03 0.967056E+03 0.443782E+06 0.157171E+06
     4396.00  0.107742E+03 0.917641E+03 0.437900E+06 0.170654E+06
     4406.00  0.106480E+03 0.870057E+03 0.432065E+06 0.184448E+06
     4416.00  0.105224E+03 0.824257E+03 0.426277E+06 0.198527E+06
     4426.00  0.103973E+03 0.780193E+03 0.420536E+06 0.212867E+06
     4436.00  0.102729E+03 0.737821E+03 0.414843E+06 0.227444E+06
     4446.00  0.101490E+03 0.697097E+03 0.409197E+06 0.242235E+06
     4456.00  0.100258E+03 0.657976E+03 0.403599E+06 0.257217E+06
     4466.00  0.990316E+02 0.620416E+03 0.398049E+06 0.272369E+06
     4476.00  0.978119E+02 0.584375E+03 0.392547E+06 0.287670E+06
     4486.00  0.965987E+02 0.549813E+03 0.387093E+06 0.303099E+06
     4511.00  0.935953E+02 0.469613E+03 0.373672E+06 0.342111E+06
     4536.00  0.906353E+02 0.397799E+03 0.360555E+06 0.381522E+06
     4561.00  0.877206E+02 0.333796E+03 0.347744E+06 0.421070E+06
     4586.00  0.848527E+02 0.277061E+03 0.335240E+06 0.460520E+06
     4611.00  0.820329E+02 0.227077E+03 0.323043E+06 0.499656E+06
     4636.00  0.792625E+02 0.183355E+03 0.311152E+06 0.538284E+06
     4661.00  0.765425E+02 0.145434E+03 0.299567E+06 0.576231E+06
     4686.00  0.738740E+02 0.112875E+03 0.288286E+06 0.613341E+06
     4711.00  0.712578E+02 0.852663E+02 0.277307E+06 0.649476E+06
     4736.00  0.686948E+02 0.622166E+02 0.266628E+06 0.684515E+06
     4761.00  0.661855E+02 0.433581E+02 0.256248E+06 0.718352E+06
     4786.00  0.637305E+02 0.283436E+02 0.246162E+06 0.750894E+06
     4811.00  0.613302E+02 0.168460E+02 0.236369E+06 0.782063E+06
     4836.00  0.589850E+02 0.855779E+01 0.226864E+06 0.811793E+06
     4861.00  0.566951E+02 0.318954E+01 0.217644E+06 0.840029E+06
     4886.00  0.544606E+02 0.469502E+00 0.208706E+06 0.866727E+06
     4911.00  0.522817E+02 0.142630E+00 0.200045E+06 0.891854E+06
     4936.00  0.501584E+02 0.196984E+01 0.191656E+06 0.915383E+06
     4961.00  0.480904E+02 0.572726E+01 0.183537E+06 0.937300E+06
     4986.00  0.460778E+02 0.112055E+02 0.175680E+06 0.957594E+06
     5011.00  0.441202E+02 0.182088E+02 0.168083E+06 0.976265E+06
     5036.00  0.422174E+02 0.265548E+02 0.160740E+06 0.993315E+06
     5061.00  0.403690E+02 0.360732E+02 0.153647E+06 0.100876E+07
     5086.00  0.385746E+02 0.466058E+02 0.146797E+06 0.102261E+07
     5111.00  0.368337E+02 0.580055E+02 0.140187E+06 0.103488E+07
     5136.00  0.351459E+02 0.701357E+02 0.133810E+06 0.104561E+07
     5161.00  0.335105E+02 0.828701E+02 0.127662E+06 0.105483E+07
     5186.00  0.319269E+02 0.960917E+02 0.121736E+06 0.106255E+07
     5211.00  0.303946E+02 0.109693E+03 0.116029E+06 0.106883E+07
     5236.00  0.289128E+02 0.123574E+03 0.110534E+06 0.107369E+07
     5261.00  0.274809E+02 0.137644E+03 0.105247E+06 0.107718E+07
     5286.00  0.260980E+02 0.151818E+03 0.100161E+06 0.107934E+07
     5311.00  0.247634E+02 0.166022E+03 0.952725E+05 0.108022E+07
     5336.00  0.234763E+02 0.180184E+03 0.905748E+05 0.107985E+07
     5361.00  0.222360E+02 0.194242E+03 0.860631E+05 0.107830E+07
     5386.00  0.210414E+02 0.208138E+03 0.817323E+05 0.107559E+07
     5411.00  0.198918E+02 0.221820E+03 0.775770E+05 0.107179E+07
     5436.00  0.187863E+02 0.235243E+03 0.735922E+05 0.106694E+07
     5461.00  0.177241E+02 0.248363E+03 0.697728E+05 0.106110E+07
     5511.00  0.157254E+02 0.273556E+03 0.626101E+05 0.104659E+07
     5561.00  0.138885E+02 0.297154E+03 0.560494E+05 0.102868E+07
     5611.00  0.122059E+02 0.318973E+03 0.500526E+05 0.100773E+07
     5661.00  0.106699E+02 0.338882E+03 0.445828E+05 0.984115E+06
     5711.00  0.927296E+01 0.356794E+03 0.396042E+05 0.958203E+06
     5761.00  0.800757E+01 0.372663E+03 0.350829E+05 0.930333E+06
     5811.00  0.686623E+01 0.386473E+03 0.309860E+05 0.900833E+06
     5861.00  0.584155E+01 0.398239E+03 0.272826E+05 0.870012E+06
     5911.00  0.492626E+01 0.407998E+03 0.239429E+05 0.838158E+06
     5961.00  0.411328E+01 0.415806E+03 0.209388E+05 0.805538E+06
     6011.00  0.339566E+01 0.421734E+03 0.182437E+05 0.772401E+06
     6061.00  0.276668E+01 0.425866E+03 0.158324E+05 0.738973E+06
     6111.00  0.221982E+01 0.428293E+03 0.136814E+05 0.705461E+06
     6161.00  0.174878E+01 0.429117E+03 0.117684E+05 0.672051E+06
     6211.00  0.134752E+01 0.428440E+03 0.100725E+05 0.638911E+06
     6261.00  0.101021E+01 0.426371E+03 0.857441E+04 0.606190E+06
     6311.00  0.731313E+00 0.423018E+03 0.725591E+04 0.574018E+06
     6361.00  0.505514E+00 0.418489E+03 0.610013E+04 0.542513E+06
     6411.00  0.327771E+00 0.412893E+03 0.509140E+04 0.511771E+06
     6461.00  0.193296E+00 0.406335E+03 0.421519E+04 0.481876E+06
     6511.00  0.975635E-01 0.398916E+03 0.345808E+04 0.452898E+06
     6561.00  0.363011E-01 0.390736E+03 0.280769E+04 0.424895E+06
     6611.00  0.549197E-02 0.381891E+03 0.225263E+04 0.397911E+06
     6661.00  0.136841E-02 0.372469E+03 0.178245E+04 0.371979E+06
     6711.00  0.204077E-01 0.362558E+03 0.138756E+04 0.347125E+06
     6761.00  0.593262E-01 0.352238E+03 0.105922E+04 0.323364E+06
     6811.00  0.115073E+00 0.341586E+03 0.789449E+03 0.300702E+06
     6861.00  0.184824E+00 0.330671E+03 0.571004E+03 0.279139E+06
     6911.00  0.265972E+00 0.319562E+03 0.397306E+03 0.258668E+06
     6961.00  0.356123E+00 0.308318E+03 0.262413E+03 0.239278E+06
     7011.00  0.453085E+00 0.296997E+03 0.160963E+03 0.220950E+06
     7061.00  0.554861E+00 0.285649E+03 0.881355E+02 0.203664E+06
     7111.00  0.659640E+00 0.274322E+03 0.396129E+02 0.187392E+06
     7161.00  0.765790E+00 0.263058E+03 0.115369E+02 0.172108E+06
     7211.00  0.871845E+00 0.251895E+03 0.473890E+00 0.157779E+06
     7261.00  0.976502E+00 0.240868E+03 0.337966E+01 0.144374E+06
     7311.00  0.107861E+01 0.230007E+03 0.175663E+02 0.131856E+06
     7361.00  0.117716E+01 0.219340E+03 0.406713E+02 0.120190E+06
     7411.00  0.127129E+01 0.208888E+03 0.706284E+02 0.109340E+06
     7511.00  0.144337E+01 0.188712E+03 0.144154E+03 0.899356E+05
     7611.00  0.159029E+01 0.169609E+03 0.226552E+03 0.733442E+05
     7711.00  0.170907E+01 0.151664E+03 0.309414E+03 0.592704E+05
     7811.00  0.179820E+01 0.134929E+03 0.386888E+03 0.474296E+05
     7911.00  0.185731E+01 0.119427E+03 0.455148E+03 0.375518E+05
     8011.00  0.188704E+01 0.105158E+03 0.511941E+03 0.293849E+05
     8111.00  0.188881E+01 0.921018E+02 0.556214E+03 0.226964E+05
     8211.00  0.186466E+01 0.802228E+02 0.587807E+03 0.172746E+05
     8311.00  0.181711E+01 0.694748E+02 0.607200E+03 0.129287E+05
     8411.00  0.174900E+01 0.598028E+02 0.615308E+03 0.948832E+04
     8511.00  0.166336E+01 0.511459E+02 0.613327E+03 0.680319E+04
     8611.00  0.156335E+01 0.434397E+02 0.602603E+03 0.474164E+04
     8711.00  0.145213E+01 0.366179E+02 0.584543E+03 0.318954E+04
     8811.00  0.133280E+01 0.306138E+02 0.560536E+03 0.204876E+04
     8911.00  0.120832E+01 0.253613E+02 0.531913E+03 0.123580E+04
     9011.00  0.108148E+01 0.207958E+02 0.499900E+03 0.680221E+03
     9111.00  0.954855E+00 0.168552E+02 0.465608E+03 0.323224E+03
     9211.00  0.830753E+00 0.134802E+02 0.430015E+03 0.116235E+03
     9311.00  0.711226E+00 0.106145E+02 0.393965E+03 0.195916E+02
     9411.00  0.598036E+00 0.820512E+01 0.358167E+03 0.131768E+01
     9511.00  0.492655E+00 0.620271E+01 0.323204E+03 0.360053E+02
     9611.00  0.396267E+00 0.456130E+01 0.289541E+03 0.103802E+03
     9711.00  0.309771E+00 0.323838E+01 0.257532E+03 0.189505E+03
     9811.00  0.233796E+00 0.219487E+01 0.227438E+03 0.281763E+03
     9911.00  0.168711E+00 0.139496E+01 0.199435E+03 0.372370E+03
    10011.00  0.114645E+00 0.805957E+00 0.173626E+03 0.455663E+03
    10111.00  0.715076E-01 0.398140E+00 0.150053E+03 0.527999E+03
    10211.00  0.390104E-01 0.144598E+00 0.128708E+03 0.587306E+03
    10311.00  0.166904E-01 0.210434E-01 0.109540E+03 0.632718E+03
    10411.00  0.393425E-02 0.564245E-02 0.924687E+02 0.664263E+03
    10511.00  0.269880E-05 0.788375E-01 0.773881E+02 0.682605E+03
    10611.00  0.405503E-02 0.223180E+00 0.641749E+02 0.688845E+03
    10711.00  0.151728E-01 0.423168E+00 0.526945E+02 0.684352E+03
    10811.00  0.323828E-01 0.665093E+00 0.428053E+02 0.670638E+03
    10911.00  0.546791E-01 0.936891E+00 0.343635E+02 0.649255E+03
    11011.00  0.810436E-01 0.122801E+01 0.272260E+02 0.621729E+03
    11111.00  0.110465E+00 0.152926E+01 0.212531E+02 0.589503E+03
    11211.00  0.141955E+00 0.183275E+01 0.163109E+02 0.553903E+03
    11311.00  0.174567E+00 0.213170E+01 0.122724E+02 0.516117E+03
    11411.00  0.207406E+00 0.242040E+01 0.901907E+01 0.477183E+03
    11511.00  0.239641E+00 0.269408E+01 0.644107E+01 0.437990E+03
    11611.00  0.270518E+00 0.294885E+01 0.443798E+01 0.399273E+03
    11711.00  0.299363E+00 0.318158E+01 0.291877E+01 0.361630E+03
    11811.00  0.325591E+00 0.338985E+01 0.180176E+01 0.325529E+03
    11911.00  0.348707E+00 0.357190E+01 0.101434E+01 0.291317E+03
    12011.00  0.368314E+00 0.372651E+01 0.492604E+00 0.259241E+03
    12111.00  0.384106E+00 0.385301E+01 0.180844E+00 0.229457E+03
    12211.00  0.395872E+00 0.395114E+01 0.310244E-01 0.202044E+03
    12311.00  0.403492E+00 0.402108E+01 0.218424E-02 0.177018E+03
    12411.00  0.406934E+00 0.406335E+01 0.598325E-01 0.154345E+03
    12511.00  0.406246E+00 0.407877E+01 0.175332E+00 0.133949E+03
    12611.00  0.401555E+00 0.406846E+01 0.325292E+00 0.115724E+03
    12711.00  0.393058E+00 0.403373E+01 0.490983E+00 0.995437E+02
    12811.00  0.381011E+00 0.397610E+01 0.657766E+00 0.852652E+02
    12911.00  0.365729E+00 0.389724E+01 0.814570E+00 0.727384E+02
    13011.00  0.347568E+00 0.379896E+01 0.953384E+00 0.618094E+02
    13111.00  0.326927E+00 0.368313E+01 0.106881E+01 0.523255E+02
    13211.00  0.304230E+00 0.355171E+01 0.115762E+01 0.441379E+02
    13311.00  0.279921E+00 0.340670E+01 0.121840E+01 0.371044E+02
    13411.00  0.254458E+00 0.325010E+01 0.125118E+01 0.310912E+02
    13511.00  0.228302E+00 0.308391E+01 0.125716E+01 0.259737E+02
    13611.00  0.201910E+00 0.291012E+01 0.123839E+01 0.216376E+02
    13711.00  0.175727E+00 0.273065E+01 0.119758E+01 0.179790E+02
    13811.00  0.150179E+00 0.254738E+01 0.113786E+01 0.149043E+02
    13911.00  0.125670E+00 0.236209E+01 0.106262E+01 0.123299E+02
    14011.00  0.102573E+00 0.217650E+01 0.975364E+00 0.101821E+02
    14111.00  0.812261E-01 0.199221E+01 0.879570E+00 0.839584E+01
    14211.00  0.619292E-01 0.181074E+01 0.778606E+00 0.691477E+01
    14311.00  0.449408E-01 0.163345E+01 0.675635E+00 0.568997E+01
    14411.00  0.304751E-01 0.146163E+01 0.573560E+00 0.467941E+01
    14511.00  0.187004E-01 0.129640E+01 0.474980E+00 0.384724E+01
    14611.00  0.973820E-02 0.113880E+01 0.382153E+00 0.316298E+01
    14711.00  0.366291E-02 0.989684E+00 0.296979E+00 0.260096E+01
    14811.00  0.502563E-03 0.849825E+00 0.220996E+00 0.213960E+01
    14911.00  0.239760E-03 0.719845E+00 0.155378E+00 0.176091E+01
    15011.00  0.281351E-02 0.600242E+00 0.100948E+00 0.144993E+01
    15111.00  0.812153E-02 0.491397E+00 0.581904E-01 0.119430E+01
    15211.00  0.160231E-01 0.393566E+00 0.272768E-01 0.983831E+00
    15311.00  0.263422E-01 0.306893E+00 0.809043E-02 0.810185E+00
    15411.00  0.388714E-01 0.231417E+00 0.255987E-03 0.666544E+00
    15511.00  0.533755E-01 0.167070E+00 0.317111E-02 0.547362E+00
    15611.00  0.695960E-01 0.113693E+00 0.160395E-01 0.448146E+00
    15711.00  0.872553E-01 0.710374E-01 0.379048E-01 0.365273E+00
    15811.00  0.106061E+00 0.387747E-01 0.676837E-01 0.295825E+00
    15911.00  0.125711E+00 0.165040E-01 0.104200E+00 0.237474E+00
    16011.00  0.145898E+00 0.375969E-02 0.146214E+00 0.188364E+00
    16111.00  0.166313E+00 0.195930E-04 0.192457E+00 0.147031E+00
    16211.00  0.186650E+00 0.471305E-02 0.241655E+00 0.112323E+00
    16311.00  0.206612E+00 0.172288E-01 0.292557E+00 0.833483E-01
    16411.00  0.225910E+00 0.369224E-01 0.343957E+00 0.594182E-01
    16511.00  0.244273E+00 0.631244E-01 0.394714E+00 0.400099E-01
    16611.00  0.261447E+00 0.951473E-01 0.443774E+00 0.247301E-01
    16711.00  0.277200E+00 0.132292E+00 0.490178E+00 0.132861E-01
    16811.00  0.291323E+00 0.173856E+00 0.533077E+00 0.546093E-02
    16911.00  0.303633E+00 0.219137E+00 0.571744E+00 0.109222E-02
    17011.00  0.313975E+00 0.267442E+00 0.605571E+00 0.540789E-04
    17111.00  0.322224E+00 0.318090E+00 0.634081E+00 0.224181E-02
    17211.00  0.328285E+00 0.370420E+00 0.656924E+00 0.755888E-02
    17311.00  0.332093E+00 0.423790E+00 0.673874E+00 0.159061E-01
    17411.00  0.333615E+00 0.477587E+00 0.684829E+00 0.271727E-01
    17511.00  0.332851E+00 0.531228E+00 0.689802E+00 0.412297E-01
    17611.00  0.329827E+00 0.584165E+00 0.688914E+00 0.579239E-01
    17711.00  0.324601E+00 0.635881E+00 0.682380E+00 0.770753E-01
    17811.00  0.317260E+00 0.685903E+00 0.670509E+00 0.984745E-01
    17911.00  0.307916E+00 0.733793E+00 0.653683E+00 0.121882E+00
    18011.00  0.296706E+00 0.779157E+00 0.632347E+00 0.147031E+00
    18111.00  0.283790E+00 0.821641E+00 0.607001E+00 0.173625E+00
    18211.00  0.269348E+00 0.860938E+00 0.578183E+00 0.201345E+00
    18311.00  0.253577E+00 0.896777E+00 0.546457E+00 0.229854E+00
    18411.00  0.236691E+00 0.928935E+00 0.512401E+00 0.258795E+00
    18511.00  0.218915E+00 0.957230E+00 0.476601E+00 0.287807E+00
    18611.00  0.200482E+00 0.981519E+00 0.439629E+00 0.316519E+00
    18711.00  0.181632E+00 0.100170E+01 0.402043E+00 0.344564E+00
    18811.00  0.162612E+00 0.101771E+01 0.364374E+00 0.371582E+00
    18911.00  0.143664E+00 0.102953E+01 0.327119E+00 0.397224E+00
    19011.00  0.125031E+00 0.103717E+01 0.290732E+00 0.421160E+00
    19111.00  0.106951E+00 0.104066E+01 0.255623E+00 0.443084E+00
    19311.00  0.733571E-01 0.103556E+01 0.190616E+00 0.479810E+00
    19511.00  0.445819E-01 0.101517E+01 0.134311E+00 0.505564E+00
    19711.00  0.220917E-01 0.980816E+00 0.880352E-01 0.519111E+00
    19911.00  0.706041E-02 0.934162E+00 0.522621E-01 0.519867E+00
    20111.00  0.325639E-03 0.877083E+00 0.267037E-01 0.507911E+00
    20311.00  0.236110E-02 0.811627E+00 0.104452E-01 0.483965E+00
    20511.00  0.132653E-01 0.739916E+00 0.210748E-02 0.449323E+00
    20711.00  0.327664E-01 0.664086E+00 0.221105E-04 0.405768E+00
    20911.00  0.602420E-01 0.586224E+00 0.240346E-02 0.355471E+00
    21111.00  0.947525E-01 0.508304E+00 0.750456E-02 0.300866E+00
    21311.00  0.135087E+00 0.432147E+00 0.137473E-01 0.244541E+00
    21511.00  0.179815E+00 0.359374E+00 0.198199E-01 0.189110E+00
    21711.00  0.227351E+00 0.291383E+00 0.247386E-01 0.137109E+00
    21911.00  0.276017E+00 0.229322E+00 0.278728E-01 0.908917E-01
    22111.00  0.324109E+00 0.174079E+00 0.289379E-01 0.525413E-01
    22311.00  0.369963E+00 0.126281E+00 0.279599E-01 0.237960E-01
    22511.00  0.412013E+00 0.862905E-01 0.252172E-01 0.598796E-02
    22711.00  0.448852E+00 0.542266E-01 0.211714E-01 0.393527E-06
    22911.00  0.479272E+00 0.299756E-01 0.163896E-01 0.623785E-02
    23111.00  0.502309E+00 0.132170E-01 0.114695E-01 0.246142E-01
    23311.00  0.517269E+00 0.344977E-02 0.697189E-02 0.545564E-01
    23511.00  0.523742E+00 0.229406E-04 0.336533E-02 0.950244E-01
    23711.00  0.521614E+00 0.216753E-02 0.986858E-03 0.144548E+00
    23911.00  0.511060E+00 0.902962E-02 0.199153E-04 0.201275E+00
    24111.00  0.492531E+00 0.197033E-01 0.489430E-03 0.263046E+00
    24311.00  0.466727E+00 0.332619E-01 0.227255E-02 0.327464E+00
    24511.00  0.434576E+00 0.487885E-01 0.512234E-02 0.391993E+00
    24711.00  0.397181E+00 0.654013E-01 0.870087E-02 0.454052E+00
    24911.00  0.355793E+00 0.822787E-01 0.126180E-01 0.511126E+00
    25111.00  0.311755E+00 0.986776E-01 0.164716E-01 0.560865E+00
    25311.00  0.266460E+00 0.113950E+00 0.198856E-01 0.601193E+00
    25511.00  0.221301E+00 0.127553E+00 0.225433E-01 0.630394E+00
    25711.00  0.177629E+00 0.139056E+00 0.242122E-01 0.647199E+00
    25911.00  0.136709E+00 0.148145E+00 0.247604E-01 0.650849E+00
    26111.00  0.996806E-01 0.154620E+00 0.241628E-01 0.641133E+00
    26311.00  0.675316E-01 0.158389E+00 0.224978E-01 0.618413E+00
    26511.00  0.410659E-01 0.159464E+00 0.199352E-01 0.583606E+00
    26711.00  0.208886E-01 0.157945E+00 0.167183E-01 0.538157E+00
    26911.00  0.739250E-02 0.154015E+00 0.131386E-01 0.483970E+00
         IE==>      4            5            6            7
        1.00  0.000000E+00 0.000000E+00 0.000000E+00 0.000000E+00
        2.00  0.000000E+00 0.000000E+00 0.000000E+00 0.000000E+00
        3.00  0.000000E+00 0.000000E+00 0.235117E-37 0.345200E-35
        4.00  0.105963E-36 0.923819E-36 0.638175E-35 0.930486E-33
        5.00  0.824251E-35 0.716157E-34 0.492082E-33 0.712524E-31
        6.00  0.289242E-33 0.250453E-32 0.171169E-31 0.246144E-29
        7.00  0.586005E-32 0.505685E-31 0.343752E-30 0.490928E-28
        8.00  0.794199E-31 0.683003E-30 0.461791E-29 0.654994E-27
        9.00  0.791768E-30 0.678585E-29 0.456330E-28 0.642834E-26
       10.00  0.619543E-29 0.529164E-28 0.353925E-27 0.495185E-25
       11.00  0.398511E-28 0.339212E-27 0.225648E-26 0.313569E-24
       12.00  0.218041E-27 0.184961E-26 0.122370E-25 0.168900E-23
       13.00  0.104143E-26 0.880399E-26 0.579298E-25 0.794180E-23
       14.00  0.443067E-26 0.373275E-25 0.244271E-24 0.332629E-22
       15.00  0.170608E-25 0.143241E-24 0.932233E-24 0.126093E-21
       16.00  0.602305E-25 0.503954E-24 0.326179E-23 0.438240E-21
       17.00  0.197014E-24 0.164277E-23 0.105741E-22 0.141123E-20
       18.00  0.602327E-24 0.500516E-23 0.320391E-22 0.424753E-20
       19.00  0.173380E-23 0.143578E-22 0.913985E-22 0.120367E-19
       20.00  0.472805E-23 0.390190E-22 0.247006E-21 0.323145E-19
       21.00  0.122794E-22 0.100989E-21 0.635741E-21 0.826224E-19
       22.00  0.305109E-22 0.250066E-21 0.156541E-20 0.202108E-18
       23.00  0.728163E-22 0.594742E-21 0.370224E-20 0.474857E-18
       24.00  0.167490E-21 0.136329E-20 0.843875E-20 0.107530E-17
       25.00  0.372427E-21 0.302092E-20 0.185942E-19 0.235390E-17
       26.00  0.802680E-21 0.648842E-20 0.397117E-19 0.499454E-17
       27.00  0.168081E-20 0.135398E-19 0.823993E-19 0.102962E-16
       28.00  0.342671E-20 0.275085E-19 0.166459E-18 0.206653E-16
       29.00  0.681457E-20 0.545159E-19 0.328006E-18 0.404582E-16
       30.00  0.132414E-19 0.105563E-18 0.631515E-18 0.773937E-16
       31.00  0.251782E-19 0.200031E-18 0.118980E-17 0.144877E-15
       32.00  0.469147E-19 0.371427E-18 0.219658E-17 0.265757E-15
       33.00  0.857688E-19 0.676682E-18 0.397876E-17 0.478306E-15
       34.00  0.154021E-18 0.121095E-17 0.707899E-17 0.845582E-15
       35.00  0.271964E-18 0.213082E-17 0.123842E-16 0.146989E-14
       36.00  0.472649E-18 0.369030E-17 0.213231E-16 0.251483E-14
       37.00  0.809168E-18 0.629578E-17 0.361658E-16 0.423841E-14
       38.00  0.136572E-17 0.105891E-16 0.604728E-16 0.704238E-14
       39.00  0.227420E-17 0.175716E-16 0.997601E-16 0.115446E-13
       40.00  0.373884E-17 0.287874E-16 0.162475E-15 0.186842E-13
       42.00  0.974897E-17 0.745400E-16 0.415741E-15 0.472136E-13
       44.00  0.243220E-16 0.184668E-15 0.101776E-14 0.114149E-12
       46.00  0.582870E-16 0.439460E-15 0.239308E-14 0.265090E-12
       48.00  0.134637E-15 0.100801E-14 0.542321E-14 0.593370E-12
       50.00  0.300669E-15 0.223531E-14 0.118809E-13 0.128403E-11
       52.00  0.650876E-15 0.480496E-14 0.252282E-13 0.269339E-11
       54.00  0.136904E-14 0.100357E-13 0.520469E-13 0.548929E-11
       56.00  0.280386E-14 0.204090E-13 0.104540E-12 0.108928E-10
       58.00  0.560187E-14 0.404882E-13 0.204819E-12 0.210853E-10
       60.00  0.109365E-13 0.784874E-13 0.392091E-12 0.398818E-10
       62.00  0.208958E-13 0.148901E-12 0.734500E-12 0.738214E-10
       64.00  0.391261E-13 0.276836E-12 0.134829E-11 0.133906E-09
       66.00  0.718865E-13 0.505026E-12 0.242832E-11 0.238324E-09
       68.00  0.129747E-12 0.905042E-12 0.429589E-11 0.416661E-09
       70.00  0.230286E-12 0.159492E-11 0.747268E-11 0.716301E-09
       72.00  0.402321E-12 0.276657E-11 0.127935E-10 0.121205E-08
       74.00  0.692459E-12 0.472774E-11 0.215761E-10 0.202038E-08
       76.00  0.117512E-11 0.796576E-11 0.358737E-10 0.332039E-08
       78.00  0.196771E-11 0.132430E-10 0.588466E-10 0.538400E-08
       80.00  0.325332E-11 0.217383E-10 0.953028E-10 0.861947E-08
       82.00  0.531443E-11 0.352554E-10 0.152477E-09 0.136330E-07
       84.00  0.858237E-11 0.565251E-10 0.241143E-09 0.213152E-07
       86.00  0.137093E-10 0.896415E-10 0.377184E-09 0.329621E-07
       88.00  0.216723E-10 0.140686E-09 0.583791E-09 0.504413E-07
       90.00  0.339218E-10 0.218612E-09 0.894531E-09 0.764202E-07
       92.00  0.525935E-10 0.336487E-09 0.135756E-08 0.114676E-06
       94.00  0.808062E-10 0.513236E-09 0.204139E-08 0.170514E-06
       96.00  0.123079E-09 0.776048E-09 0.304274E-08 0.251325E-06
       98.00  0.185914E-09 0.116370E-08 0.449713E-08 0.367333E-06
      100.00  0.278598E-09 0.173111E-08 0.659302E-08 0.532573E-06
      102.00  0.414305E-09 0.255552E-08 0.959075E-08 0.766185E-06
      104.00  0.611608E-09 0.374490E-08 0.138475E-07 0.109409E-05
      106.00  0.896526E-09 0.544917E-08 0.198503E-07 0.155120E-05
      108.00  0.130529E-08 0.787536E-08 0.282588E-07 0.218418E-05
      110.00  0.188808E-08 0.113076E-07 0.399619E-07 0.305512E-05
      112.00  0.271399E-08 0.161340E-07 0.561498E-07 0.424613E-05
      114.00  0.387766E-08 0.228812E-07 0.784077E-07 0.586518E-05
      116.00  0.550809E-08 0.322611E-07 0.108836E-06 0.805354E-05
      118.00  0.778023E-08 0.452308E-07 0.150202E-06 0.109951E-04
      122.00  0.152755E-07 0.874871E-07 0.281383E-06 0.201591E-04
      126.00  0.293913E-07 0.165823E-06 0.516234E-06 0.362013E-04
      130.00  0.554933E-07 0.308403E-06 0.928736E-06 0.637567E-04
      134.00  0.102941E-06 0.563499E-06 0.164041E-05 0.110253E-03
      138.00  0.187826E-06 0.101264E-05 0.284774E-05 0.187407E-03
      142.00  0.337431E-06 0.179163E-05 0.486375E-05 0.313436E-03
      146.00  0.597435E-06 0.312387E-05 0.818016E-05 0.516267E-03
      150.00  0.104341E-05 0.537234E-05 0.135594E-04 0.838156E-03
      154.00  0.179900E-05 0.912042E-05 0.221686E-04 0.134225E-02
      158.00  0.306441E-05 0.152958E-04 0.357741E-04 0.212182E-02
      162.00  0.516065E-05 0.253596E-04 0.570186E-04 0.331308E-02
      166.00  0.859789E-05 0.415920E-04 0.898146E-04 0.511290E-02
      170.00  0.141801E-04 0.675215E-04 0.139897E-03 0.780298E-02
      174.00  0.231644E-04 0.108566E-03 0.215591E-03 0.117825E-01
      178.00  0.375025E-04 0.172985E-03 0.328877E-03 0.176124E-01
      182.00  0.602040E-04 0.273284E-03 0.496841E-03 0.260733E-01
      186.00  0.958816E-04 0.428281E-03 0.743655E-03 0.382436E-01
      190.00  0.151565E-03 0.666131E-03 0.110325E-02 0.556006E-01
      194.00  0.237912E-03 0.102874E-02 0.162288E-02 0.801533E-01
      198.00  0.371008E-03 0.157820E-02 0.236795E-02 0.114613E+00
      202.00  0.575022E-03 0.240611E-02 0.342825E-02 0.162617E+00
      206.00  0.886149E-03 0.364711E-02 0.492642E-02 0.229006E+00
      210.00  0.135841E-02 0.549849E-02 0.702880E-02 0.320191E+00
      214.00  0.207224E-02 0.824860E-02 0.995977E-02 0.444603E+00
      218.00  0.314712E-02 0.123179E-01 0.140203E-01 0.613269E+00
      222.00  0.476024E-02 0.183187E-01 0.196119E-01 0.840533E+00
      226.00  0.717415E-02 0.271416E-01 0.272678E-01 0.114495E+01
      230.00  0.107777E-01 0.400813E-01 0.376923E-01 0.155039E+01
      234.00  0.161467E-01 0.590209E-01 0.518121E-01 0.208744E+01
      238.00  0.241349E-01 0.867014E-01 0.708412E-01 0.279506E+01
      242.00  0.360098E-01 0.127120E+00 0.963642E-01 0.372270E+01
      246.00  0.536580E-01 0.186118E+00 0.130442E+00 0.493283E+01
      250.00  0.798967E-01 0.272266E+00 0.175749E+00 0.650403E+01
      254.00  0.118951E+00 0.398191E+00 0.235743E+00 0.853482E+01
      258.00  0.177189E+00 0.582600E+00 0.314888E+00 0.111482E+02
      262.00  0.264282E+00 0.853405E+00 0.418942E+00 0.144972E+02
      266.00  0.395024E+00 0.125260E+01 0.555318E+00 0.187718E+02
      270.00  0.592280E+00 0.184400E+01 0.733573E+00 0.242067E+02
      274.00  0.891809E+00 0.272579E+01 0.966040E+00 0.310917E+02
      282.00  0.205942E+01 0.606413E+01 0.166230E+01 0.507215E+02
      290.00  0.493696E+01 0.139972E+02 0.284049E+01 0.816177E+02
      298.00  0.125802E+02 0.343224E+02 0.485175E+01 0.129794E+03
      306.00  0.355528E+02 0.932847E+02 0.839319E+01 0.204632E+03
      314.00  0.121983E+03 0.307616E+03 0.152039E+02 0.322212E+03
      322.00  0.660328E+03 0.159938E+04 0.326810E+02 0.521554E+03
      330.00  0.414611E+05 0.963868E+05 0.367211E+03 0.146358E+04
      338.00  0.348341E+04 0.776698E+04 0.358401E+01 0.798773E+03
      346.00  0.107901E+04 0.230578E+04 0.263041E+02 0.133663E+04
      354.00  0.684325E+03 0.140040E+04 0.529279E+02 0.201494E+04
      362.00  0.563308E+03 0.110300E+04 0.892451E+02 0.295149E+04
      370.00  0.529830E+03 0.991813E+03 0.141046E+03 0.425387E+04
      378.00  0.539539E+03 0.964679E+03 0.215443E+03 0.605726E+04
      386.00  0.578534E+03 0.987051E+03 0.321909E+03 0.853764E+04
      394.00  0.642738E+03 0.104534E+04 0.473239E+03 0.119246E+05
      402.00  0.732342E+03 0.113420E+04 0.686720E+03 0.165164E+05
      410.00  0.849996E+03 0.125216E+04 0.985587E+03 0.226980E+05
      418.00  0.100019E+04 0.139986E+04 0.140090E+04 0.309637E+05
      426.00  0.118914E+04 0.157925E+04 0.197395E+04 0.419448E+05
      434.00  0.142485E+04 0.179322E+04 0.275930E+04 0.564422E+05
      442.00  0.171736E+04 0.204536E+04 0.382869E+04 0.754679E+05
      450.00  0.207913E+04 0.233987E+04 0.527590E+04 0.100293E+06
      458.00  0.252538E+04 0.268140E+04 0.722299E+04 0.132507E+06
      466.00  0.307474E+04 0.307500E+04 0.982792E+04 0.174088E+06
      474.00  0.374986E+04 0.352602E+04 0.132943E+05 0.227484E+06
      482.00  0.457821E+04 0.403998E+04 0.178835E+05 0.295717E+06
      490.00  0.559310E+04 0.462247E+04 0.239295E+05 0.382499E+06
      498.00  0.683476E+04 0.527890E+04 0.318573E+05 0.492370E+06
      506.00  0.835171E+04 0.601436E+04 0.422060E+05 0.630866E+06
      514.00  0.102024E+05 0.683324E+04 0.556566E+05 0.804708E+06
      522.00  0.124570E+05 0.773899E+04 0.730664E+05 0.102203E+07
      530.00  0.152000E+05 0.873366E+04 0.955111E+05 0.129263E+07
      538.00  0.185325E+05 0.981749E+04 0.124336E+06 0.162831E+07
      546.00  0.225756E+05 0.109883E+05 0.161221E+06 0.204320E+07
      554.00  0.274742E+05 0.122411E+05 0.208251E+06 0.255420E+07
      562.00  0.334011E+05 0.135669E+05 0.268017E+06 0.318142E+07
      570.00  0.405628E+05 0.149525E+05 0.343718E+06 0.394878E+07
      578.00  0.492049E+05 0.163795E+05 0.439305E+06 0.488461E+07
      586.00  0.596200E+05 0.178233E+05 0.559638E+06 0.602241E+07
      596.00  0.756679E+05 0.196033E+05 0.754072E+06 0.778953E+07
      606.00  0.958603E+05 0.212824E+05 0.101130E+07 0.100273E+08
      616.00  0.121220E+06 0.227630E+05 0.135020E+07 0.128491E+08
      626.00  0.153013E+06 0.239277E+05 0.179497E+07 0.163929E+08
      636.00  0.192799E+06 0.246406E+05 0.237656E+07 0.208261E+08
      646.00  0.242509E+06 0.247533E+05 0.313438E+07 0.263514E+08
      656.00  0.304517E+06 0.241145E+05 0.411857E+07 0.332135E+08
      666.00  0.381753E+06 0.225880E+05 0.539280E+07 0.417070E+08
      676.00  0.477822E+06 0.200811E+05 0.703770E+07 0.521859E+08
      686.00  0.597163E+06 0.165877E+05 0.915526E+07 0.650747E+08
      696.00  0.745234E+06 0.122533E+05 0.118743E+08 0.808813E+08
      706.00  0.928750E+06 0.746928E+04 0.153572E+08 0.100213E+09
      716.00  0.115598E+07 0.300819E+04 0.198087E+08 0.123793E+09
      726.00  0.143708E+07 0.214613E+03 0.254866E+08 0.152487E+09
      736.00  0.178459E+07 0.127284E+04 0.327153E+08 0.187322E+09
      746.00  0.221392E+07 0.957875E+04 0.419030E+08 0.229522E+09
      756.00  0.274408E+07 0.302533E+05 0.535629E+08 0.280543E+09
      766.00  0.339855E+07 0.708485E+05 0.683407E+08 0.342114E+09
      776.00  0.420632E+07 0.142314E+06 0.870494E+08 0.416293E+09
      786.00  0.520326E+07 0.260318E+06 0.110713E+09 0.505530E+09
      796.00  0.643387E+07 0.447050E+06 0.140621E+09 0.612738E+09
      806.00  0.795341E+07 0.733679E+06 0.178404E+09 0.741390E+09
      816.00  0.983066E+07 0.116370E+07 0.226121E+09 0.895627E+09
      826.00  0.121515E+08 0.179751E+07 0.286380E+09 0.108040E+10
      836.00  0.150233E+08 0.271864E+07 0.362494E+09 0.130163E+10
      846.00  0.185813E+08 0.404235E+07 0.458680E+09 0.156643E+10
      856.00  0.229956E+08 0.592737E+07 0.580321E+09 0.188339E+10
      866.00  0.284818E+08 0.859216E+07 0.734321E+09 0.226284E+10
      876.00  0.353143E+08 0.123374E+08 0.929562E+09 0.271737E+10
      886.00  0.438438E+08 0.175775E+08 0.117753E+10 0.326231E+10
      896.00  0.545215E+08 0.248846E+08 0.149315E+10 0.391645E+10
      901.00  0.608422E+08 0.295500E+08 0.168221E+10 0.429152E+10
      902.00  0.621990E+08 0.305815E+08 0.172299E+10 0.437099E+10
      903.01  0.635874E+08 0.316477E+08 0.176478E+10 0.445195E+10
      904.01  0.650082E+08 0.327497E+08 0.180761E+10 0.453443E+10
      905.01  0.664623E+08 0.338886E+08 0.185151E+10 0.461846E+10
      906.00  0.679316E+08 0.350508E+08 0.189595E+10 0.470300E+10
      906.01  0.679505E+08 0.350658E+08 0.189652E+10 0.470408E+10
      907.02  0.694736E+08 0.362824E+08 0.194265E+10 0.479131E+10
      908.02  0.710325E+08 0.375397E+08 0.198994E+10 0.488019E+10
      909.02  0.726281E+08 0.388392E+08 0.203842E+10 0.497075E+10
      910.02  0.742614E+08 0.401823E+08 0.208811E+10 0.506303E+10
      911.03  0.759334E+08 0.415703E+08 0.213907E+10 0.515706E+10
      912.03  0.776449E+08 0.430048E+08 0.219130E+10 0.525287E+10
      913.03  0.793971E+08 0.444874E+08 0.224486E+10 0.535051E+10
      914.03  0.811909E+08 0.460197E+08 0.229978E+10 0.545000E+10
      915.04  0.830274E+08 0.476033E+08 0.235609E+10 0.555140E+10
      916.00  0.848365E+08 0.491776E+08 0.241163E+10 0.565082E+10
      916.04  0.849078E+08 0.492399E+08 0.241383E+10 0.565473E+10
      917.04  0.868332E+08 0.509314E+08 0.247303E+10 0.576004E+10
      918.04  0.888046E+08 0.526795E+08 0.253375E+10 0.586737E+10
      919.05  0.908235E+08 0.544862E+08 0.259602E+10 0.597676E+10
      920.05  0.928909E+08 0.563535E+08 0.265988E+10 0.608826E+10
      921.05  0.950081E+08 0.582833E+08 0.272538E+10 0.620190E+10
      922.05  0.971765E+08 0.602778E+08 0.279256E+10 0.631774E+10
      923.06  0.993974E+08 0.623393E+08 0.286146E+10 0.643582E+10
      924.06  0.101672E+09 0.644699E+08 0.293214E+10 0.655618E+10
      925.06  0.104002E+09 0.666720E+08 0.300464E+10 0.667888E+10
      926.00  0.106238E+09 0.688035E+08 0.307432E+10 0.679608E+10
      926.06  0.106389E+09 0.689480E+08 0.307902E+10 0.680397E+10
      927.07  0.108834E+09 0.713004E+08 0.315533E+10 0.693150E+10
      928.07  0.111339E+09 0.737319E+08 0.323361E+10 0.706151E+10
      929.07  0.113906E+09 0.762450E+08 0.331393E+10 0.719407E+10
      930.07  0.116535E+09 0.788427E+08 0.339634E+10 0.732922E+10
      931.08  0.119230E+09 0.815278E+08 0.348090E+10 0.746703E+10
      932.08  0.121991E+09 0.843033E+08 0.356768E+10 0.760755E+10
      933.08  0.124820E+09 0.871723E+08 0.365673E+10 0.775084E+10
      934.08  0.127719E+09 0.901379E+08 0.374811E+10 0.789697E+10
      935.09  0.130691E+09 0.932036E+08 0.384191E+10 0.804599E+10
      936.00  0.133467E+09 0.960912E+08 0.392965E+10 0.818454E+10
      936.09  0.133737E+09 0.963727E+08 0.393817E+10 0.819796E+10
      937.09  0.136858E+09 0.996489E+08 0.403698E+10 0.835296E+10
      938.09  0.140059E+09 0.103036E+09 0.413841E+10 0.851105E+10
      939.10  0.143339E+09 0.106537E+09 0.424252E+10 0.867230E+10
      940.10  0.146702E+09 0.110157E+09 0.434941E+10 0.883679E+10
      941.10  0.150150E+09 0.113900E+09 0.445915E+10 0.900457E+10
      942.10  0.153686E+09 0.117769E+09 0.457182E+10 0.917573E+10
      943.11  0.157311E+09 0.121770E+09 0.468750E+10 0.935035E+10
      944.11  0.161028E+09 0.125907E+09 0.480630E+10 0.952850E+10
      945.11  0.164841E+09 0.130184E+09 0.492828E+10 0.971027E+10
      946.00  0.168306E+09 0.134102E+09 0.503930E+10 0.987468E+10
      946.11  0.168751E+09 0.134607E+09 0.505356E+10 0.989573E+10
      947.12  0.172761E+09 0.139181E+09 0.518223E+10 0.100850E+11
      948.12  0.176874E+09 0.143911E+09 0.531439E+10 0.102781E+11
      949.12  0.181094E+09 0.148802E+09 0.545013E+10 0.104752E+11
      950.12  0.185423E+09 0.153861E+09 0.558958E+10 0.106763E+11
      951.13  0.189864E+09 0.159093E+09 0.573283E+10 0.108816E+11
      952.13  0.194421E+09 0.164504E+09 0.588001E+10 0.110911E+11
      953.13  0.199097E+09 0.170100E+09 0.603122E+10 0.113050E+11
      954.13  0.203895E+09 0.175890E+09 0.618660E+10 0.115233E+11
      955.14  0.208819E+09 0.181878E+09 0.634627E+10 0.117461E+11
      956.00  0.213171E+09 0.187208E+09 0.648753E+10 0.119421E+11
      956.14  0.213873E+09 0.188073E+09 0.651036E+10 0.119737E+11
      957.14  0.219061E+09 0.194481E+09 0.667900E+10 0.122060E+11
      958.14  0.224386E+09 0.201111E+09 0.685234E+10 0.124432E+11
      959.15  0.229853E+09 0.207970E+09 0.703051E+10 0.126854E+11
      960.15  0.235466E+09 0.215068E+09 0.721367E+10 0.129327E+11
      961.15  0.241229E+09 0.222411E+09 0.740197E+10 0.131853E+11
      962.15  0.247146E+09 0.230010E+09 0.759558E+10 0.134433E+11
      963.16  0.253224E+09 0.237874E+09 0.779465E+10 0.137068E+11
      964.16  0.259465E+09 0.246012E+09 0.799936E+10 0.139760E+11
      965.16  0.265876E+09 0.254434E+09 0.820988E+10 0.142510E+11
      966.00  0.271379E+09 0.261715E+09 0.839081E+10 0.144858E+11
      966.16  0.272461E+09 0.263152E+09 0.842641E+10 0.145319E+11
      967.17  0.279226E+09 0.272175E+09 0.864912E+10 0.148189E+11
      968.17  0.286177E+09 0.281515E+09 0.887823E+10 0.151121E+11
      969.17  0.293318E+09 0.291184E+09 0.911392E+10 0.154118E+11
      970.17  0.300657E+09 0.301195E+09 0.935641E+10 0.157181E+11
      971.18  0.308199E+09 0.311559E+09 0.960593E+10 0.160311E+11
      972.18  0.315951E+09 0.322290E+09 0.986269E+10 0.163510E+11
      973.18  0.323919E+09 0.333402E+09 0.101269E+11 0.166780E+11
      974.18  0.332110E+09 0.344910E+09 0.103989E+11 0.170123E+11
      975.19  0.340531E+09 0.356827E+09 0.106789E+11 0.173540E+11
      976.00  0.347548E+09 0.366823E+09 0.109124E+11 0.176374E+11
      976.19  0.349191E+09 0.369170E+09 0.109671E+11 0.177035E+11
      977.19  0.358095E+09 0.381955E+09 0.112638E+11 0.180608E+11
      978.19  0.367252E+09 0.395199E+09 0.115693E+11 0.184262E+11
      979.20  0.376671E+09 0.408920E+09 0.118840E+11 0.188000E+11
      980.20  0.386360E+09 0.423135E+09 0.122080E+11 0.191822E+11
      981.20  0.396328E+09 0.437864E+09 0.125417E+11 0.195732E+11
      982.20  0.406584E+09 0.453126E+09 0.128855E+11 0.199733E+11
      983.21  0.417137E+09 0.468943E+09 0.132397E+11 0.203825E+11
      984.21  0.427998E+09 0.485335E+09 0.136046E+11 0.208013E+11
      985.21  0.439176E+09 0.502326E+09 0.139806E+11 0.212299E+11
      986.00  0.448210E+09 0.516143E+09 0.142848E+11 0.215744E+11
      986.21  0.450683E+09 0.519940E+09 0.143681E+11 0.216685E+11
      987.22  0.462530E+09 0.538199E+09 0.147675E+11 0.221174E+11
      988.22  0.474727E+09 0.557131E+09 0.151792E+11 0.225769E+11
      989.22  0.487287E+09 0.576761E+09 0.156036E+11 0.230474E+11
      990.22  0.500223E+09 0.597118E+09 0.160412E+11 0.235291E+11
      991.23  0.513547E+09 0.618231E+09 0.164925E+11 0.240224E+11
      992.23  0.527272E+09 0.640129E+09 0.169579E+11 0.245276E+11
      993.23  0.541414E+09 0.662845E+09 0.174379E+11 0.250450E+11
      994.23  0.555986E+09 0.686412E+09 0.179331E+11 0.255750E+11
      995.24  0.571003E+09 0.710865E+09 0.184440E+11 0.261180E+11
      996.00  0.582763E+09 0.730127E+09 0.188445E+11 0.265410E+11
      996.24  0.586482E+09 0.736239E+09 0.189712E+11 0.266744E+11
      997.24  0.602438E+09 0.762572E+09 0.195152E+11 0.272445E+11
      998.24  0.618889E+09 0.789904E+09 0.200767E+11 0.278288E+11
      999.25  0.635853E+09 0.818276E+09 0.206564E+11 0.284277E+11
     1000.25  0.653348E+09 0.847732E+09 0.212549E+11 0.290416E+11
     1001.25  0.671393E+09 0.878316E+09 0.218728E+11 0.296711E+11
     1002.25  0.690009E+09 0.910076E+09 0.225110E+11 0.303165E+11
     1003.26  0.709216E+09 0.943061E+09 0.231702E+11 0.309785E+11
     1004.26  0.729037E+09 0.977323E+09 0.238511E+11 0.316574E+11
     1005.26  0.749494E+09 0.101292E+10 0.245547E+11 0.323539E+11
     1006.00  0.765003E+09 0.104005E+10 0.250886E+11 0.328791E+11
     1006.26  0.770612E+09 0.104990E+10 0.252818E+11 0.330685E+11
     1007.27  0.792414E+09 0.108833E+10 0.260332E+11 0.338018E+11
     1008.27  0.814927E+09 0.112827E+10 0.268099E+11 0.345543E+11
     1009.27  0.838179E+09 0.116978E+10 0.276130E+11 0.353268E+11
     1010.27  0.862196E+09 0.121294E+10 0.284434E+11 0.361198E+11
     1011.28  0.887010E+09 0.125781E+10 0.293022E+11 0.369340E+11
     1012.28  0.912650E+09 0.130448E+10 0.301905E+11 0.377701E+11
     1013.28  0.939150E+09 0.135301E+10 0.311096E+11 0.386289E+11
     1014.28  0.966542E+09 0.140350E+10 0.320606E+11 0.395111E+11
     1015.29  0.994862E+09 0.145603E+10 0.330448E+11 0.404175E+11
     1016.00  0.101563E+10 0.149475E+10 0.337671E+11 0.410785E+11
     1016.29  0.102415E+10 0.151069E+10 0.340636E+11 0.413489E+11
     1017.29  0.105444E+10 0.156758E+10 0.351184E+11 0.423062E+11
     1018.29  0.108577E+10 0.162679E+10 0.362107E+11 0.432903E+11
     1019.30  0.111819E+10 0.168844E+10 0.373420E+11 0.443021E+11
     1020.30  0.115174E+10 0.175263E+10 0.385139E+11 0.453425E+11
     1021.30  0.118646E+10 0.181949E+10 0.397281E+11 0.464126E+11
     1022.30  0.122242E+10 0.188914E+10 0.409864E+11 0.475134E+11
     1023.31  0.125964E+10 0.196169E+10 0.422907E+11 0.486460E+11
     1024.31  0.129820E+10 0.203730E+10 0.436429E+11 0.498116E+11
     1025.31  0.133814E+10 0.211611E+10 0.450451E+11 0.510113E+11
     1026.00  0.136644E+10 0.217222E+10 0.460393E+11 0.518566E+11
     1026.31  0.137953E+10 0.219826E+10 0.464995E+11 0.522464E+11
     1027.32  0.142243E+10 0.228391E+10 0.480082E+11 0.535182E+11
     1028.32  0.146689E+10 0.237324E+10 0.495738E+11 0.548281E+11
     1029.32  0.151299E+10 0.246642E+10 0.511985E+11 0.561774E+11
     1030.32  0.156081E+10 0.256363E+10 0.528852E+11 0.575676E+11
     1031.33  0.161040E+10 0.266507E+10 0.546365E+11 0.590003E+11
     1032.33  0.166186E+10 0.277095E+10 0.564554E+11 0.604771E+11
     1033.33  0.171527E+10 0.288149E+10 0.583448E+11 0.619997E+11
     1034.33  0.177071E+10 0.299691E+10 0.603080E+11 0.635698E+11
     1035.34  0.182827E+10 0.311746E+10 0.623483E+11 0.651892E+11
     1036.00  0.186762E+10 0.320027E+10 0.637442E+11 0.662903E+11
     1036.34  0.188805E+10 0.324339E+10 0.644693E+11 0.668600E+11
     1037.34  0.195015E+10 0.337499E+10 0.666748E+11 0.685841E+11
     1038.34  0.201468E+10 0.351252E+10 0.689686E+11 0.703637E+11
     1039.35  0.208175E+10 0.365630E+10 0.713548E+11 0.722008E+11
     1040.35  0.215147E+10 0.380664E+10 0.738379E+11 0.740979E+11
     1041.35  0.222398E+10 0.396388E+10 0.764225E+11 0.760573E+11
     1042.35  0.229939E+10 0.412839E+10 0.791132E+11 0.780817E+11
     1043.36  0.237786E+10 0.430053E+10 0.819154E+11 0.801736E+11
     1044.36  0.245951E+10 0.448070E+10 0.848343E+11 0.823357E+11
     1045.36  0.254451E+10 0.466934E+10 0.878756E+11 0.845711E+11
     1046.00  0.260052E+10 0.479421E+10 0.898811E+11 0.860358E+11
     1046.36  0.263302E+10 0.486688E+10 0.910453E+11 0.868828E+11
     1047.37  0.272521E+10 0.507380E+10 0.943497E+11 0.892739E+11
     1048.37  0.282125E+10 0.529060E+10 0.977954E+11 0.917478E+11
     1049.37  0.292134E+10 0.551782E+10 0.101390E+12 0.943079E+11
     1050.37  0.302567E+10 0.575602E+10 0.105140E+12 0.969580E+11
     1051.38  0.313445E+10 0.600579E+10 0.109053E+12 0.997019E+11
     1052.38  0.324791E+10 0.626776E+10 0.113139E+12 0.102544E+12
     1053.38  0.336628E+10 0.654262E+10 0.117405E+12 0.105487E+12
     1054.38  0.348981E+10 0.683105E+10 0.121861E+12 0.108537E+12
     1055.39  0.361875E+10 0.713383E+10 0.126516E+12 0.111698E+12
     1056.00  0.370052E+10 0.732670E+10 0.129471E+12 0.113691E+12
     1056.39  0.375338E+10 0.745174E+10 0.131381E+12 0.114975E+12
     1057.39  0.389400E+10 0.778564E+10 0.136467E+12 0.118373E+12
     1058.39  0.404090E+10 0.813641E+10 0.141786E+12 0.121897E+12
     1059.40  0.419440E+10 0.850502E+10 0.147348E+12 0.125553E+12
     1060.40  0.435486E+10 0.889245E+10 0.153167E+12 0.129346E+12
     1061.40  0.452262E+10 0.929980E+10 0.159257E+12 0.133282E+12
     1062.40  0.469807E+10 0.972817E+10 0.165632E+12 0.137368E+12
     1063.41  0.488160E+10 0.101788E+11 0.172306E+12 0.141610E+12
     1064.41  0.507363E+10 0.106529E+11 0.179295E+12 0.146016E+12
     1065.41  0.527460E+10 0.111518E+11 0.186616E+12 0.150591E+12
     1066.00  0.539702E+10 0.114571E+11 0.191079E+12 0.153362E+12
     1066.41  0.548497E+10 0.116770E+11 0.194287E+12 0.155344E+12
     1067.42  0.570523E+10 0.122300E+11 0.202325E+12 0.160282E+12
     1068.42  0.593589E+10 0.128123E+11 0.210751E+12 0.165413E+12
     1069.42  0.617749E+10 0.134257E+11 0.219583E+12 0.170745E+12
     1070.42  0.643058E+10 0.140718E+11 0.228845E+12 0.176286E+12
     1071.43  0.669575E+10 0.147525E+11 0.238557E+12 0.182045E+12
     1072.43  0.697360E+10 0.154699E+11 0.248743E+12 0.188031E+12
     1073.43  0.726478E+10 0.162259E+11 0.259427E+12 0.194252E+12
     1074.43  0.756995E+10 0.170227E+11 0.270634E+12 0.200719E+12
     1075.44  0.788979E+10 0.178626E+11 0.282391E+12 0.207439E+12
     1076.00  0.807640E+10 0.183548E+11 0.289256E+12 0.211335E+12
     1076.44  0.822500E+10 0.187479E+11 0.294725E+12 0.214423E+12
     1077.44  0.857631E+10 0.196810E+11 0.307662E+12 0.221679E+12
     1078.44  0.894446E+10 0.206646E+11 0.321233E+12 0.229216E+12
     1079.45  0.933022E+10 0.217011E+11 0.335466E+12 0.237044E+12
     1080.45  0.973435E+10 0.227935E+11 0.350390E+12 0.245171E+12
     1081.45  0.101576E+11 0.239443E+11 0.366037E+12 0.253604E+12
     1082.45  0.106008E+11 0.251565E+11 0.382436E+12 0.262351E+12
     1083.46  0.110647E+11 0.264329E+11 0.399616E+12 0.271419E+12
     1084.46  0.115500E+11 0.277763E+11 0.417607E+12 0.280814E+12
     1085.46  0.120574E+11 0.291897E+11 0.436438E+12 0.290538E+12
     1086.00  0.123395E+11 0.299793E+11 0.446915E+12 0.295902E+12
     1086.46  0.125876E+11 0.306758E+11 0.456134E+12 0.300595E+12
     1087.47  0.131412E+11 0.322374E+11 0.476721E+12 0.310986E+12
     1088.47  0.137187E+11 0.338770E+11 0.498220E+12 0.321709E+12
     1089.47  0.143206E+11 0.355969E+11 0.520650E+12 0.332759E+12
     1090.47  0.149472E+11 0.373994E+11 0.544024E+12 0.344130E+12
     1091.48  0.155986E+11 0.392860E+11 0.568351E+12 0.355810E+12
     1092.48  0.162747E+11 0.412582E+11 0.593634E+12 0.367785E+12
     1093.48  0.169755E+11 0.433167E+11 0.619865E+12 0.380035E+12
     1094.48  0.177003E+11 0.454617E+11 0.647032E+12 0.392536E+12
     1095.49  0.184484E+11 0.476927E+11 0.675108E+12 0.405256E+12
     1096.00  0.188406E+11 0.488689E+11 0.689838E+12 0.411850E+12
     1096.49  0.192188E+11 0.500081E+11 0.704057E+12 0.418161E+12
     1097.49  0.200101E+11 0.524056E+11 0.733829E+12 0.431207E+12
     1098.49  0.208203E+11 0.548815E+11 0.764360E+12 0.444343E+12
     1099.50  0.216473E+11 0.574312E+11 0.795567E+12 0.457512E+12
     1100.50  0.224883E+11 0.600482E+11 0.827354E+12 0.470648E+12
     1101.50  0.233401E+11 0.627251E+11 0.859604E+12 0.483679E+12
     1102.50  0.241991E+11 0.654525E+11 0.892180E+12 0.496524E+12
     1103.51  0.250609E+11 0.682194E+11 0.924929E+12 0.509094E+12
     1104.51  0.259209E+11 0.710135E+11 0.957675E+12 0.521295E+12
     1105.51  0.267739E+11 0.738203E+11 0.990226E+12 0.533026E+12
     1106.00  0.271855E+11 0.751886E+11 0.100596E+13 0.538543E+12
     1106.51  0.276142E+11 0.766242E+11 0.102237E+13 0.544183E+12
     1107.52  0.284359E+11 0.794079E+11 0.105389E+13 0.554658E+12
     1108.52  0.292326E+11 0.821529E+11 0.108454E+13 0.564343E+12
     1109.52  0.299978E+11 0.848397E+11 0.111409E+13 0.573131E+12
     1110.52  0.307250E+11 0.874482E+11 0.114227E+13 0.580917E+12
     1111.53  0.314077E+11 0.899579E+11 0.116886E+13 0.587607E+12
     1112.53  0.320396E+11 0.923484E+11 0.119360E+13 0.593110E+12
     1113.53  0.326149E+11 0.946002E+11 0.121627E+13 0.597352E+12
     1114.53  0.331280E+11 0.966945E+11 0.123667E+13 0.600269E+12
     1115.54  0.335744E+11 0.986142E+11 0.125461E+13 0.601815E+12
     1116.00  0.337572E+11 0.994387E+11 0.126203E+13 0.602057E+12
     1116.54  0.339501E+11 0.100344E+12 0.126994E+13 0.601961E+12
     1117.54  0.342522E+11 0.101872E+12 0.128253E+13 0.600695E+12
     1118.54  0.344785E+11 0.103187E+12 0.129231E+13 0.598027E+12
     1119.55  0.346280E+11 0.104282E+12 0.129922E+13 0.593984E+12
     1120.55  0.347010E+11 0.105154E+12 0.130327E+13 0.588612E+12
     1121.55  0.346982E+11 0.105801E+12 0.130447E+13 0.581971E+12
     1122.55  0.346219E+11 0.106225E+12 0.130290E+13 0.574138E+12
     1123.56  0.344748E+11 0.106430E+12 0.129865E+13 0.565203E+12
     1124.56  0.342606E+11 0.106424E+12 0.129186E+13 0.555265E+12
     1125.56  0.339836E+11 0.106217E+12 0.128269E+13 0.544429E+12
     1126.00  0.338439E+11 0.106066E+12 0.127796E+13 0.539434E+12
     1126.56  0.336486E+11 0.105820E+12 0.127129E+13 0.532805E+12
     1127.57  0.332608E+11 0.105245E+12 0.125788E+13 0.520507E+12
     1128.57  0.328255E+11 0.104507E+12 0.124263E+13 0.507647E+12
     1129.57  0.323482E+11 0.103621E+12 0.122576E+13 0.494334E+12
     1130.57  0.318346E+11 0.102602E+12 0.120747E+13 0.480672E+12
     1131.58  0.312899E+11 0.101464E+12 0.118797E+13 0.466762E+12
     1132.58  0.307194E+11 0.100223E+12 0.116744E+13 0.452697E+12
     1133.58  0.301280E+11 0.988944E+11 0.114607E+13 0.438560E+12
     1134.58  0.295205E+11 0.974911E+11 0.112404E+13 0.424428E+12
     1135.59  0.289010E+11 0.960266E+11 0.110151E+13 0.410371E+12
     1136.00  0.286430E+11 0.954075E+11 0.109211E+13 0.404608E+12
     1136.59  0.282736E+11 0.945131E+11 0.107863E+13 0.396448E+12
     1137.59  0.276419E+11 0.929622E+11 0.105554E+13 0.382711E+12
     1138.59  0.270090E+11 0.913842E+11 0.103235E+13 0.369206E+12
     1139.60  0.263778E+11 0.897885E+11 0.100918E+13 0.355968E+12
     1140.60  0.257507E+11 0.881835E+11 0.986121E+12 0.343030E+12
     1141.60  0.251299E+11 0.865768E+11 0.963255E+12 0.330415E+12
     1142.60  0.245172E+11 0.849748E+11 0.940655E+12 0.318142E+12
     1143.61  0.239142E+11 0.833834E+11 0.918381E+12 0.306225E+12
     1144.61  0.233222E+11 0.818074E+11 0.896483E+12 0.294674E+12
     1145.61  0.227421E+11 0.802512E+11 0.875002E+12 0.283496E+12
     1146.00  0.225208E+11 0.796542E+11 0.866798E+12 0.279265E+12
     1146.61  0.221749E+11 0.787183E+11 0.853972E+12 0.272692E+12
     1147.62  0.216212E+11 0.772115E+11 0.833421E+12 0.262262E+12
     1148.62  0.210815E+11 0.757335E+11 0.813366E+12 0.252205E+12
     1149.62  0.205560E+11 0.742860E+11 0.793823E+12 0.242515E+12
     1150.62  0.200450E+11 0.728706E+11 0.774802E+12 0.233186E+12
     1151.63  0.195486E+11 0.714886E+11 0.756308E+12 0.224211E+12
     1152.63  0.190668E+11 0.701405E+11 0.738342E+12 0.215582E+12
     1153.63  0.185995E+11 0.688271E+11 0.720903E+12 0.207289E+12
     1154.63  0.181466E+11 0.675485E+11 0.703987E+12 0.199322E+12
     1155.64  0.177079E+11 0.663049E+11 0.687588E+12 0.191672E+12
     1156.00  0.175523E+11 0.658628E+11 0.681769E+12 0.188974E+12
     1156.64  0.172830E+11 0.650962E+11 0.671698E+12 0.184326E+12
     1157.64  0.168719E+11 0.639220E+11 0.656307E+12 0.177276E+12
     1158.64  0.164740E+11 0.627821E+11 0.641406E+12 0.170509E+12
     1159.65  0.160892E+11 0.616758E+11 0.626983E+12 0.164016E+12
     1160.65  0.157170E+11 0.606027E+11 0.613025E+12 0.157785E+12
     1161.65  0.153571E+11 0.595621E+11 0.599521E+12 0.151806E+12
     1162.65  0.150091E+11 0.585533E+11 0.586456E+12 0.146069E+12
     1163.66  0.146727E+11 0.575755E+11 0.573818E+12 0.140564E+12
     1164.66  0.143474E+11 0.566279E+11 0.561593E+12 0.135280E+12
     1165.66  0.140330E+11 0.557099E+11 0.549768E+12 0.130210E+12
     1166.00  0.139293E+11 0.554065E+11 0.545866E+12 0.128545E+12
     1166.66  0.137290E+11 0.548204E+11 0.538331E+12 0.125343E+12
     1167.67  0.134351E+11 0.539588E+11 0.527267E+12 0.120671E+12
     1168.67  0.131509E+11 0.531242E+11 0.516564E+12 0.116185E+12
     1169.67  0.128761E+11 0.523158E+11 0.506209E+12 0.111877E+12
     1170.67  0.126103E+11 0.515328E+11 0.496190E+12 0.107739E+12
     1171.68  0.123533E+11 0.507743E+11 0.486494E+12 0.103765E+12
     1172.68  0.121046E+11 0.500396E+11 0.477111E+12 0.999459E+11
     1173.68  0.118640E+11 0.493279E+11 0.468028E+12 0.962759E+11
     1174.68  0.116311E+11 0.486384E+11 0.459234E+12 0.927483E+11
     1175.69  0.114057E+11 0.479705E+11 0.450719E+12 0.893567E+11
     1176.00  0.113368E+11 0.477660E+11 0.448114E+12 0.883238E+11
     1176.69  0.111875E+11 0.473233E+11 0.442473E+12 0.860952E+11
     1177.69  0.109762E+11 0.466961E+11 0.434485E+12 0.829582E+11
     1178.69  0.107716E+11 0.460884E+11 0.426746E+12 0.799402E+11
     1179.70  0.105734E+11 0.454994E+11 0.419246E+12 0.770360E+11
     1180.70  0.103813E+11 0.449285E+11 0.411976E+12 0.742407E+11
     1181.70  0.101952E+11 0.443750E+11 0.404928E+12 0.715496E+11
     1182.70  0.100147E+11 0.438384E+11 0.398094E+12 0.689583E+11
     1183.71  0.983980E+10 0.433181E+11 0.391466E+12 0.664624E+11
     1184.71  0.967012E+10 0.428136E+11 0.385035E+12 0.640580E+11
     1185.71  0.950553E+10 0.423242E+11 0.378795E+12 0.617412E+11
     1186.00  0.945913E+10 0.421862E+11 0.377035E+12 0.610908E+11
     1186.71  0.934583E+10 0.418495E+11 0.372738E+12 0.595082E+11
     1187.72  0.919084E+10 0.413889E+11 0.366858E+12 0.573556E+11
     1188.72  0.904037E+10 0.409421E+11 0.361148E+12 0.552801E+11
     1189.72  0.889427E+10 0.405084E+11 0.355603E+12 0.532785E+11
     1190.72  0.875238E+10 0.400876E+11 0.350215E+12 0.513478E+11
     1191.73  0.861453E+10 0.396790E+11 0.344979E+12 0.494850E+11
     1192.73  0.848058E+10 0.392824E+11 0.339891E+12 0.476874E+11
     1193.73  0.835039E+10 0.388974E+11 0.334943E+12 0.459525E+11
     1194.73  0.822382E+10 0.385234E+11 0.330132E+12 0.442777E+11
     1195.74  0.810075E+10 0.381603E+11 0.325453E+12 0.426607E+11
     1196.00  0.806901E+10 0.380667E+11 0.324246E+12 0.422455E+11
     1196.74  0.798104E+10 0.378075E+11 0.320900E+12 0.410992E+11
     1197.74  0.786458E+10 0.374648E+11 0.316470E+12 0.395910E+11
     1198.74  0.775125E+10 0.371319E+11 0.312158E+12 0.381342E+11
     1199.75  0.764094E+10 0.368084E+11 0.307960E+12 0.367266E+11
     1200.75  0.753355E+10 0.364940E+11 0.303872E+12 0.353665E+11
     1201.75  0.742897E+10 0.361885E+11 0.299890E+12 0.340521E+11
     1202.75  0.732711E+10 0.358915E+11 0.296011E+12 0.327817E+11
     1203.76  0.722787E+10 0.356027E+11 0.292230E+12 0.315536E+11
     1204.76  0.713117E+10 0.353220E+11 0.288546E+12 0.303663E+11
     1205.76  0.703692E+10 0.350491E+11 0.284954E+12 0.292184E+11
     1206.00  0.701488E+10 0.349854E+11 0.284114E+12 0.289513E+11
     1206.76  0.694503E+10 0.347837E+11 0.281452E+12 0.281083E+11
     1207.77  0.685543E+10 0.345255E+11 0.278035E+12 0.270348E+11
     1208.77  0.676803E+10 0.342744E+11 0.274703E+12 0.259965E+11
     1209.77  0.668278E+10 0.340302E+11 0.271451E+12 0.249922E+11
     1210.77  0.659959E+10 0.337926E+11 0.268278E+12 0.240208E+11
     1211.78  0.651840E+10 0.335615E+11 0.265180E+12 0.230811E+11
     1212.78  0.643914E+10 0.333365E+11 0.262156E+12 0.221720E+11
     1213.78  0.636176E+10 0.331177E+11 0.259202E+12 0.212925E+11
     1214.78  0.628619E+10 0.329047E+11 0.256317E+12 0.204417E+11
     1215.79  0.621237E+10 0.326975E+11 0.253499E+12 0.196184E+11
     1216.00  0.619691E+10 0.326541E+11 0.252908E+12 0.194470E+11
     1216.79  0.614026E+10 0.324957E+11 0.250745E+12 0.188219E+11
     1217.79  0.606979E+10 0.322994E+11 0.248053E+12 0.180513E+11
     1218.79  0.600091E+10 0.321083E+11 0.245422E+12 0.173057E+11
     1219.80  0.593358E+10 0.319223E+11 0.242849E+12 0.165844E+11
     1220.80  0.586774E+10 0.317411E+11 0.240333E+12 0.158866E+11
     1221.80  0.580336E+10 0.315648E+11 0.237873E+12 0.152115E+11
     1222.80  0.574038E+10 0.313932E+11 0.235465E+12 0.145584E+11
     1223.81  0.567877E+10 0.312260E+11 0.233110E+12 0.139268E+11
     1224.81  0.561848E+10 0.310633E+11 0.230804E+12 0.133158E+11
     1225.81  0.555948E+10 0.309049E+11 0.228548E+12 0.127249E+11
     1226.00  0.554856E+10 0.308756E+11 0.228130E+12 0.126163E+11
     1226.81  0.550173E+10 0.307506E+11 0.226339E+12 0.121536E+11
     1227.82  0.544518E+10 0.306003E+11 0.224175E+12 0.116012E+11
     1228.82  0.538981E+10 0.304541E+11 0.222057E+12 0.110671E+11
     1229.82  0.533558E+10 0.303116E+11 0.219981E+12 0.105510E+11
     1230.82  0.528245E+10 0.301729E+11 0.217948E+12 0.100521E+11
     1231.83  0.523041E+10 0.300378E+11 0.215956E+12 0.957015E+10
     1232.83  0.517940E+10 0.299063E+11 0.214003E+12 0.910456E+10
     1233.83  0.512941E+10 0.297782E+11 0.212089E+12 0.865491E+10
     1234.83  0.508041E+10 0.296534E+11 0.210213E+12 0.822077E+10
     1235.84  0.503237E+10 0.295320E+11 0.208373E+12 0.780171E+10
     1236.00  0.502465E+10 0.295126E+11 0.208077E+12 0.773501E+10
     1236.84  0.498526E+10 0.294137E+11 0.206568E+12 0.739734E+10
     1237.84  0.493906E+10 0.292986E+11 0.204798E+12 0.700728E+10
     1238.84  0.489374E+10 0.291865E+11 0.203061E+12 0.663113E+10
     1239.85  0.484928E+10 0.290773E+11 0.201357E+12 0.626856E+10
     1240.85  0.480565E+10 0.289710E+11 0.199685E+12 0.591922E+10
     1241.85  0.476283E+10 0.288675E+11 0.198044E+12 0.558277E+10
     1242.85  0.472081E+10 0.287668E+11 0.196432E+12 0.525889E+10
     1243.86  0.467955E+10 0.286687E+11 0.194851E+12 0.494727E+10
     1244.86  0.463904E+10 0.285733E+11 0.193297E+12 0.464763E+10
     1245.86  0.459926E+10 0.284804E+11 0.191771E+12 0.435966E+10
     1246.00  0.459385E+10 0.284678E+11 0.191564E+12 0.432097E+10
     1246.86  0.456019E+10 0.283899E+11 0.190273E+12 0.408310E+10
     1247.87  0.452182E+10 0.283019E+11 0.188800E+12 0.381768E+10
     1248.87  0.448411E+10 0.282163E+11 0.187353E+12 0.356314E+10
     1249.87  0.444706E+10 0.281330E+11 0.185931E+12 0.331923E+10
     1250.87  0.441066E+10 0.280519E+11 0.184534E+12 0.308572E+10
     1251.88  0.437487E+10 0.279731E+11 0.183160E+12 0.286236E+10
     1252.88  0.433969E+10 0.278964E+11 0.181810E+12 0.264895E+10
     1253.88  0.430511E+10 0.278218E+11 0.180482E+12 0.244526E+10
     1254.88  0.427110E+10 0.277493E+11 0.179175E+12 0.225109E+10
     1255.89  0.423766E+10 0.276788E+11 0.177891E+12 0.206623E+10
     1256.00  0.423393E+10 0.276710E+11 0.177747E+12 0.204601E+10
     1256.89  0.420476E+10 0.276102E+11 0.176627E+12 0.189049E+10
     1257.89  0.417240E+10 0.275436E+11 0.175383E+12 0.172369E+10
     1258.89  0.414056E+10 0.274788E+11 0.174160E+12 0.156563E+10
     1259.90  0.410924E+10 0.274159E+11 0.172956E+12 0.141615E+10
     1260.90  0.407841E+10 0.273548E+11 0.171771E+12 0.127508E+10
     1261.90  0.404806E+10 0.272954E+11 0.170604E+12 0.114225E+10
     1262.90  0.401819E+10 0.272378E+11 0.169455E+12 0.101750E+10
     1263.91  0.398878E+10 0.271818E+11 0.168324E+12 0.900679E+09
     1264.91  0.395982E+10 0.271275E+11 0.167210E+12 0.791639E+09
     1265.91  0.393131E+10 0.270748E+11 0.166113E+12 0.690235E+09
     1266.00  0.392883E+10 0.270703E+11 0.166017E+12 0.681721E+09
     1266.91  0.390322E+10 0.270237E+11 0.165032E+12 0.596327E+09
     1267.92  0.387556E+10 0.269741E+11 0.163967E+12 0.509782E+09
     1268.92  0.384830E+10 0.269260E+11 0.162918E+12 0.430467E+09
     1269.92  0.382145E+10 0.268794E+11 0.161884E+12 0.358256E+09
     1270.92  0.379499E+10 0.268342E+11 0.160865E+12 0.293026E+09
     1271.93  0.376891E+10 0.267904E+11 0.159860E+12 0.234659E+09
     1272.93  0.374321E+10 0.267481E+11 0.158870E+12 0.183038E+09
     1273.93  0.371787E+10 0.267070E+11 0.157894E+12 0.138052E+09
     1274.93  0.369289E+10 0.266674E+11 0.156931E+12 0.995920E+08
     1275.94  0.366826E+10 0.266290E+11 0.155981E+12 0.675531E+08
     1276.00  0.366673E+10 0.266266E+11 0.155922E+12 0.657615E+08
     1276.94  0.364397E+10 0.265919E+11 0.155045E+12 0.418330E+08
     1277.94  0.362002E+10 0.265560E+11 0.154121E+12 0.223326E+08
     1278.94  0.359639E+10 0.265214E+11 0.153209E+12 0.895549E+07
     1279.95  0.357308E+10 0.264879E+11 0.152310E+12 0.160832E+07
     1280.95  0.355009E+10 0.264556E+11 0.151423E+12 0.200307E+06
     1281.95  0.352740E+10 0.264245E+11 0.150547E+12 0.464331E+07
     1282.95  0.350501E+10 0.263945E+11 0.149682E+12 0.148517E+08
     1283.96  0.348291E+10 0.263656E+11 0.148829E+12 0.307422E+08
     1284.96  0.346110E+10 0.263378E+11 0.147986E+12 0.522339E+08
     1285.96  0.343957E+10 0.263111E+11 0.147154E+12 0.792483E+08
     1286.00  0.343877E+10 0.263101E+11 0.147123E+12 0.803677E+08
     1286.96  0.341832E+10 0.262854E+11 0.146332E+12 0.111709E+09
     1287.97  0.339733E+10 0.262607E+11 0.145521E+12 0.149541E+09
     1288.97  0.337660E+10 0.262370E+11 0.144720E+12 0.192672E+09
     1289.97  0.335614E+10 0.262143E+11 0.143928E+12 0.241033E+09
     1290.97  0.333592E+10 0.261926E+11 0.143146E+12 0.294554E+09
     1291.98  0.331595E+10 0.261718E+11 0.142373E+12 0.353168E+09
     1292.98  0.329622E+10 0.261519E+11 0.141609E+12 0.416811E+09
     1293.98  0.327673E+10 0.261329E+11 0.140854E+12 0.485420E+09
     1294.98  0.325747E+10 0.261148E+11 0.140108E+12 0.558932E+09
     1295.99  0.323844E+10 0.260976E+11 0.139370E+12 0.637287E+09
     1296.00  0.323820E+10 0.260974E+11 0.139361E+12 0.638297E+09
     1296.99  0.321963E+10 0.260813E+11 0.138641E+12 0.720427E+09
     1297.99  0.320104E+10 0.260657E+11 0.137920E+12 0.808295E+09
     1298.99  0.318266E+10 0.260510E+11 0.137208E+12 0.900836E+09
     1300.00  0.316449E+10 0.260371E+11 0.136503E+12 0.997993E+09
     1301.00  0.314652E+10 0.260240E+11 0.135805E+12 0.109972E+10
     1306.00  0.305984E+10 0.259699E+11 0.132437E+12 0.167345E+10
     1316.00  0.289964E+10 0.259128E+11 0.126195E+12 0.313449E+10
     1326.00  0.275439E+10 0.259135E+11 0.120511E+12 0.498041E+10
     1336.00  0.262155E+10 0.259621E+11 0.115287E+12 0.717746E+10
     1346.00  0.249908E+10 0.260497E+11 0.110444E+12 0.969687E+10
     1356.00  0.238534E+10 0.261691E+11 0.105917E+12 0.125133E+11
     1366.00  0.227898E+10 0.263140E+11 0.101656E+12 0.156038E+11
     1376.00  0.217893E+10 0.264787E+11 0.976189E+11 0.189468E+11
     1386.00  0.208428E+10 0.266585E+11 0.937706E+11 0.225217E+11
     1396.00  0.199432E+10 0.268491E+11 0.900839E+11 0.263084E+11
     1406.00  0.190845E+10 0.270468E+11 0.865360E+11 0.302869E+11
     1416.00  0.182618E+10 0.272481E+11 0.831087E+11 0.344376E+11
     1426.00  0.174711E+10 0.274501E+11 0.797875E+11 0.387404E+11
     1436.00  0.167092E+10 0.276502E+11 0.765606E+11 0.431756E+11
     1446.00  0.159734E+10 0.278459E+11 0.734189E+11 0.477232E+11
     1456.00  0.152616E+10 0.280352E+11 0.703552E+11 0.523634E+11
     1466.00  0.145722E+10 0.282162E+11 0.673643E+11 0.570763E+11
     1476.00  0.139038E+10 0.283874E+11 0.644422E+11 0.618424E+11
     1486.00  0.132552E+10 0.285474E+11 0.615862E+11 0.666423E+11
     1496.00  0.126257E+10 0.286949E+11 0.587943E+11 0.714571E+11
     1506.00  0.120147E+10 0.288290E+11 0.560655E+11 0.762683E+11
     1516.00  0.114216E+10 0.289488E+11 0.533994E+11 0.810580E+11
     1526.00  0.108460E+10 0.290536E+11 0.507960E+11 0.858090E+11
     1536.00  0.102876E+10 0.291429E+11 0.482555E+11 0.905049E+11
     1546.00  0.974635E+09 0.292164E+11 0.457788E+11 0.951299E+11
     1556.00  0.922197E+09 0.292736E+11 0.433666E+11 0.996696E+11
     1566.00  0.871436E+09 0.293146E+11 0.410197E+11 0.104110E+12
     1576.00  0.822343E+09 0.293392E+11 0.387392E+11 0.108438E+12
     1586.00  0.774909E+09 0.293475E+11 0.365260E+11 0.112643E+12
     1596.00  0.729125E+09 0.293396E+11 0.343808E+11 0.116713E+12
     1606.00  0.684982E+09 0.293156E+11 0.323045E+11 0.120639E+12
     1616.00  0.642471E+09 0.292760E+11 0.302979E+11 0.124412E+12
     1626.00  0.601582E+09 0.292208E+11 0.283613E+11 0.128024E+12
     1636.00  0.562300E+09 0.291507E+11 0.264954E+11 0.131469E+12
     1646.00  0.524613E+09 0.290659E+11 0.247002E+11 0.134741E+12
     1656.00  0.488505E+09 0.289668E+11 0.229760E+11 0.137835E+12
     1666.00  0.453956E+09 0.288541E+11 0.213228E+11 0.140748E+12
     1676.00  0.420947E+09 0.287280E+11 0.197402E+11 0.143476E+12
     1686.00  0.389457E+09 0.285892E+11 0.182280E+11 0.146017E+12
     1696.00  0.359461E+09 0.284382E+11 0.167857E+11 0.148369E+12
     1706.00  0.330934E+09 0.282754E+11 0.154127E+11 0.150532E+12
     1716.00  0.303848E+09 0.281014E+11 0.141082E+11 0.152506E+12
     1726.00  0.278177E+09 0.279167E+11 0.128714E+11 0.154290E+12
     1736.00  0.253890E+09 0.277218E+11 0.117013E+11 0.155887E+12
     1746.00  0.230956E+09 0.275172E+11 0.105967E+11 0.157297E+12
     1756.00  0.209345E+09 0.273035E+11 0.955669E+10 0.158523E+12
     1766.00  0.189023E+09 0.270811E+11 0.857984E+10 0.159567E+12
     1776.00  0.169958E+09 0.268505E+11 0.766489E+10 0.160432E+12
     1786.00  0.152115E+09 0.266122E+11 0.681044E+10 0.161122E+12
     1796.00  0.135462E+09 0.263666E+11 0.601507E+10 0.161639E+12
     1806.00  0.119963E+09 0.261142E+11 0.527728E+10 0.161987E+12
     1816.00  0.105585E+09 0.258555E+11 0.459555E+10 0.162171E+12
     1826.00  0.922921E+08 0.255909E+11 0.396833E+10 0.162195E+12
     1836.00  0.800507E+08 0.253207E+11 0.339402E+10 0.162064E+12
     1846.00  0.688264E+08 0.250454E+11 0.287103E+10 0.161782E+12
     1856.00  0.585848E+08 0.247654E+11 0.239773E+10 0.161354E+12
     1866.00  0.492921E+08 0.244811E+11 0.197248E+10 0.160784E+12
     1876.00  0.409146E+08 0.241928E+11 0.159365E+10 0.160079E+12
     1886.00  0.334192E+08 0.239009E+11 0.125961E+10 0.159243E+12
     1896.00  0.267729E+08 0.236056E+11 0.968708E+09 0.158282E+12
     1906.00  0.209435E+08 0.233074E+11 0.719329E+09 0.157200E+12
     1916.00  0.158991E+08 0.230066E+11 0.509852E+09 0.156002E+12
     1926.00  0.116084E+08 0.227033E+11 0.338672E+09 0.154695E+12
     1936.00  0.804064E+07 0.223981E+11 0.204202E+09 0.153283E+12
     1946.00  0.516565E+07 0.220911E+11 0.104870E+09 0.151772E+12
     1956.00  0.295388E+07 0.217825E+11 0.391268E+08 0.150167E+12
     1966.00  0.137638E+07 0.214727E+11 0.544559E+07 0.148472E+12
     1976.00  0.404854E+06 0.211619E+11 0.232297E+07 0.146693E+12
     1986.00  0.116433E+05 0.208503E+11 0.282816E+08 0.144836E+12
     1996.00  0.169737E+06 0.205382E+11 0.818708E+08 0.142904E+12
     2006.00  0.852781E+06 0.202257E+11 0.161668E+09 0.140903E+12
     2016.00  0.203507E+07 0.199131E+11 0.266279E+09 0.138838E+12
     2026.00  0.369157E+07 0.196005E+11 0.394341E+09 0.136713E+12
     2036.00  0.579789E+07 0.192882E+11 0.544520E+09 0.134534E+12
     2046.00  0.833028E+07 0.189763E+11 0.715513E+09 0.132304E+12
     2056.00  0.112657E+08 0.186651E+11 0.906049E+09 0.130028E+12
     2066.00  0.145816E+08 0.183546E+11 0.111489E+10 0.127710E+12
     2076.00  0.182562E+08 0.180451E+11 0.134082E+10 0.125355E+12
     2086.00  0.222684E+08 0.177366E+11 0.158268E+10 0.122966E+12
     2096.00  0.265976E+08 0.174294E+11 0.183931E+10 0.120548E+12
     2106.00  0.312238E+08 0.171235E+11 0.210961E+10 0.118105E+12
     2116.00  0.361277E+08 0.168191E+11 0.239250E+10 0.115640E+12
     2126.00  0.412905E+08 0.165164E+11 0.268693E+10 0.113157E+12
     2136.00  0.466941E+08 0.162154E+11 0.299188E+10 0.110660E+12
     2146.00  0.523209E+08 0.159163E+11 0.330638E+10 0.108152E+12
     2156.00  0.581538E+08 0.156192E+11 0.362948E+10 0.105636E+12
     2166.00  0.641765E+08 0.153241E+11 0.396025E+10 0.103116E+12
     2176.00  0.703730E+08 0.150312E+11 0.429781E+10 0.100595E+12
     2186.00  0.767279E+08 0.147406E+11 0.464130E+10 0.980748E+11
     2196.00  0.832264E+08 0.144524E+11 0.498989E+10 0.955595E+11
     2206.00  0.898541E+08 0.141666E+11 0.534279E+10 0.930513E+11
     2216.00  0.965972E+08 0.138833E+11 0.569922E+10 0.905530E+11
     2226.00  0.103442E+09 0.136026E+11 0.605846E+10 0.880669E+11
     2236.00  0.110377E+09 0.133246E+11 0.641979E+10 0.855957E+11
     2246.00  0.117388E+09 0.130494E+11 0.678254E+10 0.831415E+11
     2256.00  0.124464E+09 0.127769E+11 0.714604E+10 0.807064E+11
     2266.00  0.131594E+09 0.125073E+11 0.750969E+10 0.782927E+11
     2276.00  0.138766E+09 0.122407E+11 0.787287E+10 0.759021E+11
     2286.00  0.145970E+09 0.119769E+11 0.823501E+10 0.735366E+11
     2296.00  0.153195E+09 0.117162E+11 0.859557E+10 0.711979E+11
     2306.00  0.160432E+09 0.114586E+11 0.895403E+10 0.688875E+11
     2316.00  0.167672E+09 0.112041E+11 0.930989E+10 0.666071E+11
     2326.00  0.174906E+09 0.109527E+11 0.966267E+10 0.643582E+11
     2336.00  0.182124E+09 0.107044E+11 0.100119E+11 0.621419E+11
     2346.00  0.189319E+09 0.104594E+11 0.103573E+11 0.599597E+11
     2356.00  0.196482E+09 0.102175E+11 0.106982E+11 0.578127E+11
     2366.00  0.203607E+09 0.997897E+10 0.110345E+11 0.557019E+11
     2376.00  0.210687E+09 0.974368E+10 0.113656E+11 0.536283E+11
     2386.00  0.217713E+09 0.951169E+10 0.116914E+11 0.515929E+11
     2396.00  0.224681E+09 0.928300E+10 0.120114E+11 0.495965E+11
     2406.00  0.231583E+09 0.905764E+10 0.123253E+11 0.476397E+11
     2416.00  0.238414E+09 0.883562E+10 0.126330E+11 0.457234E+11
     2426.00  0.245168E+09 0.861695E+10 0.129341E+11 0.438480E+11
     2436.00  0.251840E+09 0.840163E+10 0.132283E+11 0.420141E+11
     2446.00  0.258425E+09 0.818968E+10 0.135156E+11 0.402221E+11
     2456.00  0.264918E+09 0.798108E+10 0.137956E+11 0.384724E+11
     2466.00  0.271315E+09 0.777586E+10 0.140682E+11 0.367654E+11
     2476.00  0.277612E+09 0.757400E+10 0.143332E+11 0.351012E+11
     2486.00  0.283804E+09 0.737551E+10 0.145904E+11 0.334802E+11
     2496.00  0.289889E+09 0.718037E+10 0.148398E+11 0.319023E+11
     2506.00  0.295863E+09 0.698859E+10 0.150811E+11 0.303677E+11
     2516.00  0.301722E+09 0.680016E+10 0.153144E+11 0.288764E+11
     2526.00  0.307464E+09 0.661506E+10 0.155394E+11 0.274283E+11
     2536.00  0.313086E+09 0.643328E+10 0.157561E+11 0.260235E+11
     2546.00  0.318585E+09 0.625481E+10 0.159645E+11 0.246616E+11
     2556.00  0.323959E+09 0.607964E+10 0.161644E+11 0.233426E+11
     2566.00  0.329206E+09 0.590774E+10 0.163559E+11 0.220663E+11
     2576.00  0.334324E+09 0.573911E+10 0.165389E+11 0.208323E+11
     2586.00  0.339311E+09 0.557372E+10 0.167134E+11 0.196405E+11
     2596.00  0.344166E+09 0.541155E+10 0.168793E+11 0.184903E+11
     2606.00  0.348887E+09 0.525259E+10 0.170367E+11 0.173815E+11
     2616.00  0.353473E+09 0.509681E+10 0.171855E+11 0.163137E+11
     2626.00  0.357924E+09 0.494418E+10 0.173259E+11 0.152863E+11
     2636.00  0.362237E+09 0.479468E+10 0.174578E+11 0.142990E+11
     2646.00  0.366413E+09 0.464829E+10 0.175812E+11 0.133512E+11
     2656.00  0.370450E+09 0.450498E+10 0.176962E+11 0.124425E+11
     2666.00  0.374348E+09 0.436471E+10 0.178029E+11 0.115722E+11
     2676.00  0.378108E+09 0.422747E+10 0.179013E+11 0.107397E+11
     2686.00  0.381728E+09 0.409322E+10 0.179914E+11 0.994458E+10
     2696.00  0.385208E+09 0.396194E+10 0.180734E+11 0.918612E+10
     2706.00  0.388549E+09 0.383359E+10 0.181472E+11 0.846371E+10
     2716.00  0.391751E+09 0.370814E+10 0.182131E+11 0.777669E+10
     2726.00  0.394814E+09 0.358556E+10 0.182711E+11 0.712441E+10
     2736.00  0.397739E+09 0.346583E+10 0.183213E+11 0.650618E+10
     2746.00  0.400525E+09 0.334889E+10 0.183638E+11 0.592133E+10
     2756.00  0.403174E+09 0.323473E+10 0.183987E+11 0.536914E+10
     2766.00  0.405686E+09 0.312331E+10 0.184261E+11 0.484891E+10
     2776.00  0.408061E+09 0.301459E+10 0.184461E+11 0.435992E+10
     2786.00  0.410302E+09 0.290854E+10 0.184588E+11 0.390144E+10
     2796.00  0.412408E+09 0.280512E+10 0.184644E+11 0.347274E+10
     2806.00  0.414380E+09 0.270430E+10 0.184630E+11 0.307309E+10
     2816.00  0.416221E+09 0.260604E+10 0.184547E+11 0.270174E+10
     2826.00  0.417930E+09 0.251031E+10 0.184397E+11 0.235795E+10
     2836.00  0.419509E+09 0.241708E+10 0.184180E+11 0.204097E+10
     2846.00  0.420960E+09 0.232629E+10 0.183899E+11 0.175006E+10
     2856.00  0.422284E+09 0.223793E+10 0.183554E+11 0.148447E+10
     2866.00  0.423481E+09 0.215194E+10 0.183148E+11 0.124345E+10
     2876.00  0.424555E+09 0.206830E+10 0.182680E+11 0.102626E+10
     2886.00  0.425505E+09 0.198697E+10 0.182154E+11 0.832156E+09
     2896.00  0.426334E+09 0.190790E+10 0.181570E+11 0.660400E+09
     2906.00  0.427043E+09 0.183107E+10 0.180929E+11 0.510255E+09
     2916.00  0.427634E+09 0.175644E+10 0.180234E+11 0.380992E+09
     2926.00  0.428109E+09 0.168396E+10 0.179485E+11 0.271885E+09
     2936.00  0.428469E+09 0.161361E+10 0.178685E+11 0.182215E+09
     2946.00  0.428715E+09 0.154534E+10 0.177834E+11 0.111269E+09
     2956.00  0.428851E+09 0.147911E+10 0.176935E+11 0.583418E+08
     2966.00  0.428876E+09 0.141490E+10 0.175988E+11 0.227341E+08
     2976.00  0.428795E+09 0.135266E+10 0.174995E+11 0.375599E+07
     2986.00  0.428607E+09 0.129236E+10 0.173957E+11 0.725502E+06
     2996.00  0.428315E+09 0.123396E+10 0.172877E+11 0.129697E+08
     3006.00  0.427922E+09 0.117743E+10 0.171755E+11 0.398250E+08
     3016.00  0.427427E+09 0.112272E+10 0.170593E+11 0.806373E+08
     3026.00  0.426835E+09 0.106980E+10 0.169393E+11 0.134763E+09
     3036.00  0.426146E+09 0.101865E+10 0.168155E+11 0.201567E+09
     3046.00  0.425363E+09 0.969208E+09 0.166882E+11 0.280429E+09
     3056.00  0.424487E+09 0.921456E+09 0.165574E+11 0.370734E+09
     3066.00  0.423521E+09 0.875354E+09 0.164234E+11 0.471882E+09
     3076.00  0.422466E+09 0.830868E+09 0.162862E+11 0.583284E+09
     3086.00  0.421324E+09 0.787963E+09 0.161460E+11 0.704362E+09
     3096.00  0.420098E+09 0.746606E+09 0.160029E+11 0.834548E+09
     3106.00  0.418789E+09 0.706762E+09 0.158571E+11 0.973289E+09
     3116.00  0.417400E+09 0.668397E+09 0.157087E+11 0.112004E+10
     3126.00  0.415931E+09 0.631479E+09 0.155578E+11 0.127428E+10
     3136.00  0.414386E+09 0.595974E+09 0.154046E+11 0.143548E+10
     3146.00  0.412766E+09 0.561850E+09 0.152492E+11 0.160313E+10
     3156.00  0.411074E+09 0.529075E+09 0.150917E+11 0.177676E+10
     3166.00  0.409310E+09 0.497616E+09 0.149323E+11 0.195586E+10
     3176.00  0.407478E+09 0.467442E+09 0.147711E+11 0.213998E+10
     3186.00  0.405578E+09 0.438522E+09 0.146081E+11 0.232866E+10
     3196.00  0.403613E+09 0.410824E+09 0.144435E+11 0.252146E+10
     3206.00  0.401586E+09 0.384319E+09 0.142775E+11 0.271794E+10
     3216.00  0.399497E+09 0.358977E+09 0.141101E+11 0.291769E+10
     3226.00  0.397349E+09 0.334767E+09 0.139415E+11 0.312030E+10
     3236.00  0.395143E+09 0.311660E+09 0.137718E+11 0.332538E+10
     3246.00  0.392882E+09 0.289628E+09 0.136010E+11 0.353254E+10
     3256.00  0.390567E+09 0.268641E+09 0.134294E+11 0.374142E+10
     3266.00  0.388200E+09 0.248673E+09 0.132569E+11 0.395166E+10
     3276.00  0.385783E+09 0.229694E+09 0.130837E+11 0.416291E+10
     3286.00  0.383318E+09 0.211678E+09 0.129099E+11 0.437484E+10
     3296.00  0.380806E+09 0.194598E+09 0.127356E+11 0.458713E+10
     3306.00  0.378250E+09 0.178427E+09 0.125610E+11 0.479947E+10
     3316.00  0.375650E+09 0.163139E+09 0.123859E+11 0.501157E+10
     3326.00  0.373010E+09 0.148708E+09 0.122107E+11 0.522313E+10
     3336.00  0.370329E+09 0.135110E+09 0.120353E+11 0.543387E+10
     3346.00  0.367611E+09 0.122320E+09 0.118599E+11 0.564354E+10
     3356.00  0.364856E+09 0.110312E+09 0.116845E+11 0.585189E+10
     3366.00  0.362067E+09 0.990631E+08 0.115093E+11 0.605866E+10
     3376.00  0.359245E+09 0.885497E+08 0.113342E+11 0.626363E+10
     3386.00  0.356391E+09 0.787486E+08 0.111594E+11 0.646658E+10
     3396.00  0.353508E+09 0.696369E+08 0.109849E+11 0.666729E+10
     3406.00  0.350596E+09 0.611922E+08 0.108109E+11 0.686557E+10
     3416.00  0.347658E+09 0.533927E+08 0.106374E+11 0.706122E+10
     3426.00  0.344694E+09 0.462168E+08 0.104644E+11 0.725406E+10
     3436.00  0.341706E+09 0.396433E+08 0.102921E+11 0.744392E+10
     3446.00  0.338696E+09 0.336516E+08 0.101204E+11 0.763064E+10
     3456.00  0.335665E+09 0.282214E+08 0.994954E+10 0.781406E+10
     3466.00  0.332615E+09 0.233327E+08 0.977947E+10 0.799404E+10
     3476.00  0.329546E+09 0.189661E+08 0.961027E+10 0.817045E+10
     3486.00  0.326461E+09 0.151024E+08 0.944201E+10 0.834315E+10
     3496.00  0.323360E+09 0.117229E+08 0.927473E+10 0.851204E+10
     3506.00  0.320246E+09 0.880932E+07 0.910849E+10 0.867700E+10
     3516.00  0.317118E+09 0.634373E+07 0.894333E+10 0.883793E+10
     3526.00  0.313979E+09 0.430858E+07 0.877932E+10 0.899473E+10
     3536.00  0.310829E+09 0.268669E+07 0.861648E+10 0.914732E+10
     3546.00  0.307671E+09 0.146131E+07 0.845488E+10 0.929563E+10
     3556.00  0.304504E+09 0.616016E+06 0.829454E+10 0.943956E+10
     3566.00  0.301331E+09 0.134790E+06 0.813551E+10 0.957908E+10
     3576.00  0.298152E+09 0.196998E+04 0.797782E+10 0.971410E+10
     3586.00  0.294969E+09 0.202265E+06 0.782153E+10 0.984459E+10
     3596.00  0.291783E+09 0.720743E+06 0.766665E+10 0.997050E+10
     3606.00  0.288594E+09 0.154283E+07 0.751322E+10 0.100918E+11
     3616.00  0.285403E+09 0.265432E+07 0.736128E+10 0.102084E+11
     3626.00  0.282213E+09 0.404133E+07 0.721085E+10 0.103204E+11
     3636.00  0.279023E+09 0.569035E+07 0.706196E+10 0.104276E+11
     3646.00  0.275835E+09 0.758820E+07 0.691465E+10 0.105302E+11
     3656.00  0.272650E+09 0.972203E+07 0.676893E+10 0.106280E+11
     3666.00  0.269468E+09 0.120793E+08 0.662482E+10 0.107211E+11
     3676.00  0.266291E+09 0.146480E+08 0.648235E+10 0.108094E+11
     3686.00  0.263120E+09 0.174160E+08 0.634155E+10 0.108931E+11
     3696.00  0.259954E+09 0.203720E+08 0.620242E+10 0.109720E+11
     3706.00  0.256796E+09 0.235047E+08 0.606498E+10 0.110462E+11
     3716.00  0.253645E+09 0.268031E+08 0.592926E+10 0.111157E+11
     3726.00  0.250503E+09 0.302567E+08 0.579526E+10 0.111806E+11
     3736.00  0.247371E+09 0.338552E+08 0.566300E+10 0.112408E+11
     3746.00  0.244248E+09 0.375886E+08 0.553248E+10 0.112964E+11
     3756.00  0.241137E+09 0.414472E+08 0.540373E+10 0.113474E+11
     3766.00  0.238037E+09 0.454215E+08 0.527675E+10 0.113939E+11
     3776.00  0.234949E+09 0.495024E+08 0.515155E+10 0.114358E+11
     3786.00  0.231875E+09 0.536811E+08 0.502813E+10 0.114733E+11
     3796.00  0.228814E+09 0.579489E+08 0.490651E+10 0.115064E+11
     3806.00  0.225767E+09 0.622976E+08 0.478668E+10 0.115351E+11
     3816.00  0.222734E+09 0.667191E+08 0.466865E+10 0.115595E+11
     3826.00  0.219718E+09 0.712055E+08 0.455242E+10 0.115797E+11
     3836.00  0.216717E+09 0.757495E+08 0.443799E+10 0.115956E+11
     3846.00  0.213732E+09 0.803436E+08 0.432537E+10 0.116074E+11
     3856.00  0.210765E+09 0.849808E+08 0.421456E+10 0.116151E+11
     3866.00  0.207815E+09 0.896544E+08 0.410554E+10 0.116187E+11
     3876.00  0.204883E+09 0.943578E+08 0.399832E+10 0.116184E+11
     3886.00  0.201969E+09 0.990846E+08 0.389290E+10 0.116142E+11
     3896.00  0.199074E+09 0.103829E+09 0.378927E+10 0.116062E+11
     3906.00  0.196199E+09 0.108584E+09 0.368743E+10 0.115944E+11
     3916.00  0.193343E+09 0.113346E+09 0.358737E+10 0.115789E+11
     3926.00  0.190507E+09 0.118108E+09 0.348909E+10 0.115597E+11
     3936.00  0.187692E+09 0.122864E+09 0.339257E+10 0.115371E+11
     3946.00  0.184897E+09 0.127611E+09 0.329782E+10 0.115109E+11
     3956.00  0.182124E+09 0.132344E+09 0.320481E+10 0.114813E+11
     3966.00  0.179372E+09 0.137057E+09 0.311355E+10 0.114484E+11
     3976.00  0.176642E+09 0.141746E+09 0.302403E+10 0.114123E+11
     3986.00  0.173934E+09 0.146407E+09 0.293622E+10 0.113730E+11
     3996.00  0.171249E+09 0.151036E+09 0.285013E+10 0.113305E+11
     4006.00  0.168586E+09 0.155629E+09 0.276573E+10 0.112851E+11
     4016.00  0.165946E+09 0.160183E+09 0.268302E+10 0.112367E+11
     4026.00  0.163329E+09 0.164693E+09 0.260199E+10 0.111854E+11
     4036.00  0.160736E+09 0.169156E+09 0.252261E+10 0.111314E+11
     4046.00  0.158166E+09 0.173570E+09 0.244489E+10 0.110746E+11
     4056.00  0.155620E+09 0.177931E+09 0.236879E+10 0.110152E+11
     4066.00  0.153098E+09 0.182236E+09 0.229432E+10 0.109533E+11
     4076.00  0.150600E+09 0.186483E+09 0.222145E+10 0.108889E+11
     4086.00  0.148126E+09 0.190669E+09 0.215017E+10 0.108221E+11
     4096.00  0.145677E+09 0.194791E+09 0.208046E+10 0.107529E+11
     4106.00  0.143252E+09 0.198847E+09 0.201231E+10 0.106816E+11
     4116.00  0.140852E+09 0.202835E+09 0.194570E+10 0.106080E+11
     4126.00  0.138477E+09 0.206754E+09 0.188061E+10 0.105324E+11
     4136.00  0.136126E+09 0.210600E+09 0.181703E+10 0.104548E+11
     4146.00  0.133801E+09 0.214373E+09 0.175493E+10 0.103752E+11
     4156.00  0.131500E+09 0.218070E+09 0.169431E+10 0.102938E+11
     4166.00  0.129225E+09 0.221690E+09 0.163514E+10 0.102106E+11
     4176.00  0.126975E+09 0.225232E+09 0.157741E+10 0.101257E+11
     4186.00  0.124749E+09 0.228695E+09 0.152110E+10 0.100391E+11
     4196.00  0.122550E+09 0.232076E+09 0.146619E+10 0.995105E+10
     4206.00  0.120375E+09 0.235376E+09 0.141265E+10 0.986146E+10
     4216.00  0.118225E+09 0.238593E+09 0.136048E+10 0.977045E+10
     4226.00  0.116101E+09 0.241725E+09 0.130966E+10 0.967810E+10
     4236.00  0.114002E+09 0.244774E+09 0.126016E+10 0.958447E+10
     4246.00  0.111929E+09 0.247736E+09 0.121196E+10 0.948964E+10
     4256.00  0.109880E+09 0.250613E+09 0.116505E+10 0.939367E+10
     4266.00  0.107857E+09 0.253404E+09 0.111941E+10 0.929663E+10
     4276.00  0.105859E+09 0.256107E+09 0.107502E+10 0.919858E+10
     4286.00  0.103886E+09 0.258724E+09 0.103186E+10 0.909960E+10
     4296.00  0.101937E+09 0.261252E+09 0.989906E+09 0.899975E+10
     4306.00  0.100014E+09 0.263693E+09 0.949144E+09 0.889908E+10
     4316.00  0.981163E+08 0.266046E+09 0.909554E+09 0.879766E+10
     4326.00  0.962430E+08 0.268311E+09 0.871116E+09 0.869556E+10
     4336.00  0.943945E+08 0.270488E+09 0.833810E+09 0.859283E+10
     4346.00  0.925706E+08 0.272578E+09 0.797618E+09 0.848953E+10
     4356.00  0.907713E+08 0.274579E+09 0.762520E+09 0.838572E+10
     4366.00  0.889965E+08 0.276493E+09 0.728497E+09 0.828146E+10
     4376.00  0.872461E+08 0.278320E+09 0.695530E+09 0.817680E+10
     4386.00  0.855199E+08 0.280060E+09 0.663600E+09 0.807181E+10
     4396.00  0.838179E+08 0.281714E+09 0.632687E+09 0.796652E+10
     4406.00  0.821400E+08 0.283281E+09 0.602773E+09 0.786100E+10
     4416.00  0.804859E+08 0.284762E+09 0.573839E+09 0.775530E+10
     4426.00  0.788557E+08 0.286159E+09 0.545865E+09 0.764946E+10
     4436.00  0.772490E+08 0.287471E+09 0.518834E+09 0.754354E+10
     4446.00  0.756659E+08 0.288699E+09 0.492726E+09 0.743758E+10
     4456.00  0.741062E+08 0.289844E+09 0.467524E+09 0.733164E+10
     4466.00  0.725696E+08 0.290906E+09 0.443208E+09 0.722574E+10
     4476.00  0.710561E+08 0.291886E+09 0.419761E+09 0.711995E+10
     4486.00  0.695655E+08 0.292786E+09 0.397164E+09 0.701430E+10
     4511.00  0.659381E+08 0.294684E+09 0.344274E+09 0.675109E+10
     4536.00  0.624502E+08 0.296095E+09 0.296310E+09 0.648965E+10
     4561.00  0.590991E+08 0.297031E+09 0.253000E+09 0.623059E+10
     4586.00  0.558819E+08 0.297509E+09 0.214082E+09 0.597443E+10
     4611.00  0.527959E+08 0.297546E+09 0.179296E+09 0.572169E+10
     4636.00  0.498378E+08 0.297157E+09 0.148392E+09 0.547280E+10
     4661.00  0.470048E+08 0.296360E+09 0.121129E+09 0.522819E+10
     4686.00  0.442936E+08 0.295174E+09 0.972705E+08 0.498823E+10
     4711.00  0.417011E+08 0.293617E+09 0.765899E+08 0.475325E+10
     4736.00  0.392241E+08 0.291706E+09 0.588683E+08 0.452357E+10
     4761.00  0.368594E+08 0.289461E+09 0.438945E+08 0.429944E+10
     4786.00  0.346037E+08 0.286901E+09 0.314659E+08 0.408109E+10
     4811.00  0.324538E+08 0.284043E+09 0.213881E+08 0.386873E+10
     4836.00  0.304065E+08 0.280907E+09 0.134746E+08 0.366252E+10
     4861.00  0.284585E+08 0.277511E+09 0.754741E+07 0.346259E+10
     4886.00  0.266066E+08 0.273873E+09 0.343658E+07 0.326906E+10
     4911.00  0.248476E+08 0.270012E+09 0.980164E+06 0.308201E+10
     4936.00  0.231783E+08 0.265944E+09 0.241984E+05 0.290150E+10
     4961.00  0.215956E+08 0.261687E+09 0.422532E+06 0.272756E+10
     4986.00  0.200964E+08 0.257258E+09 0.203670E+07 0.256021E+10
     5011.00  0.186776E+08 0.252673E+09 0.473577E+07 0.239942E+10
     5036.00  0.173361E+08 0.247948E+09 0.839618E+07 0.224519E+10
     5061.00  0.160691E+08 0.243099E+09 0.129015E+08 0.209746E+10
     5086.00  0.148736E+08 0.238140E+09 0.181424E+08 0.195617E+10
     5111.00  0.137467E+08 0.233086E+09 0.240162E+08 0.182124E+10
     5136.00  0.126856E+08 0.227951E+09 0.304269E+08 0.169259E+10
     5161.00  0.116876E+08 0.222747E+09 0.372848E+08 0.157011E+10
     5186.00  0.107500E+08 0.217489E+09 0.445065E+08 0.145369E+10
     5211.00  0.987023E+07 0.212188E+09 0.520143E+08 0.134320E+10
     5236.00  0.904564E+07 0.206856E+09 0.597364E+08 0.123852E+10
     5261.00  0.827379E+07 0.201503E+09 0.676065E+08 0.113950E+10
     5286.00  0.755226E+07 0.196142E+09 0.755634E+08 0.104599E+10
     5311.00  0.687870E+07 0.190780E+09 0.835510E+08 0.957851E+09
     5336.00  0.625081E+07 0.185429E+09 0.915182E+08 0.874913E+09
     5361.00  0.566638E+07 0.180097E+09 0.994182E+08 0.797018E+09
     5386.00  0.512327E+07 0.174792E+09 0.107209E+09 0.723999E+09
     5411.00  0.461940E+07 0.169523E+09 0.114852E+09 0.655691E+09
     5436.00  0.415274E+07 0.164296E+09 0.122313E+09 0.591922E+09
     5461.00  0.372137E+07 0.159119E+09 0.129562E+09 0.532522E+09
     5511.00  0.295703E+07 0.148938E+09 0.143320E+09 0.426145E+09
     5561.00  0.231215E+07 0.139025E+09 0.155948E+09 0.335191E+09
     5611.00  0.177355E+07 0.129418E+09 0.167318E+09 0.258314E+09
     5661.00  0.132906E+07 0.120150E+09 0.177341E+09 0.194196E+09
     5711.00  0.967483E+06 0.111244E+09 0.185966E+09 0.141562E+09
     5761.00  0.678557E+06 0.102721E+09 0.193171E+09 0.991913E+08
     5811.00  0.452906E+06 0.945942E+08 0.198962E+09 0.659207E+08
     5861.00  0.281995E+06 0.868740E+08 0.203367E+09 0.406530E+08
     5911.00  0.158092E+06 0.795652E+08 0.206431E+09 0.223600E+08
     5961.00  0.742138E+05 0.726695E+08 0.208214E+09 0.100843E+08
     6011.00  0.240833E+05 0.661848E+08 0.208789E+09 0.294134E+07
     6061.00  0.208110E+04 0.601062E+08 0.208235E+09 0.119052E+06
     6111.00  0.320011E+04 0.544264E+08 0.206639E+09 0.877097E+06
     6161.00  0.230008E+05 0.491357E+08 0.204091E+09 0.454527E+07
     6211.00  0.575674E+05 0.442229E+08 0.200684E+09 0.105212E+08
     6261.00  0.103466E+06 0.396749E+08 0.196512E+09 0.182678E+08
     6311.00  0.157704E+06 0.354777E+08 0.191667E+09 0.273096E+08
     6361.00  0.217692E+06 0.316162E+08 0.186240E+09 0.372300E+08
     6411.00  0.281207E+06 0.280749E+08 0.180317E+09 0.476669E+08
     6461.00  0.346359E+06 0.248373E+08 0.173983E+09 0.583095E+08
     6511.00  0.411555E+06 0.218872E+08 0.167318E+09 0.688940E+08
     6561.00  0.475472E+06 0.192078E+08 0.160395E+09 0.791998E+08
     6611.00  0.537027E+06 0.167826E+08 0.153286E+09 0.890461E+08
     6661.00  0.595351E+06 0.145952E+08 0.146053E+09 0.982873E+08
     6711.00  0.649764E+06 0.126296E+08 0.138757E+09 0.106810E+09
     6761.00  0.699751E+06 0.108700E+08 0.131451E+09 0.114530E+09
     6811.00  0.744944E+06 0.930113E+07 0.124183E+09 0.121389E+09
     6861.00  0.785101E+06 0.790836E+07 0.116997E+09 0.127347E+09
     6911.00  0.820088E+06 0.667751E+07 0.109929E+09 0.132390E+09
     6961.00  0.849866E+06 0.559507E+07 0.103015E+09 0.136514E+09
     7011.00  0.874473E+06 0.464818E+07 0.962813E+08 0.139733E+09
     7061.00  0.894012E+06 0.382463E+07 0.897528E+08 0.142072E+09
     7111.00  0.908642E+06 0.311291E+07 0.834493E+08 0.143564E+09
     7161.00  0.918565E+06 0.250219E+07 0.773870E+08 0.144253E+09
     7211.00  0.924016E+06 0.198233E+07 0.715784E+08 0.144185E+09
     7261.00  0.925257E+06 0.154386E+07 0.660327E+08 0.143414E+09
     7311.00  0.922571E+06 0.117796E+07 0.607565E+08 0.141995E+09
     7361.00  0.916251E+06 0.876493E+06 0.557532E+08 0.139986E+09
     7411.00  0.906600E+06 0.631910E+06 0.510243E+08 0.137446E+09
     7511.00  0.878518E+06 0.286269E+06 0.423837E+08 0.131003E+09
     7611.00  0.840731E+06 0.923817E+05 0.348065E+08 0.123124E+09
     7711.00  0.795523E+06 0.997249E+04 0.282416E+08 0.114234E+09
     7811.00  0.745003E+06 0.623912E+04 0.226215E+08 0.104717E+09
     7911.00  0.691053E+06 0.549363E+05 0.178685E+08 0.949069E+08
     8011.00  0.635317E+06 0.135483E+06 0.138988E+08 0.850869E+08
     8111.00  0.579189E+06 0.232120E+06 0.106264E+08 0.754872E+08
     8211.00  0.523822E+06 0.333126E+06 0.796663E+07 0.662883E+08
     8311.00  0.470138E+06 0.430117E+06 0.583764E+07 0.576251E+08
     8411.00  0.418851E+06 0.517407E+06 0.416258E+07 0.495916E+08
     8511.00  0.370485E+06 0.591463E+06 0.287051E+07 0.422464E+08
     8611.00  0.325401E+06 0.650425E+06 0.189711E+07 0.356179E+08
     8711.00  0.283818E+06 0.693703E+06 0.118493E+07 0.297100E+08
     8811.00  0.245836E+06 0.721637E+06 0.683446E+06 0.245072E+08
     8911.00  0.211460E+06 0.735220E+06 0.348838E+06 0.199787E+08
     9011.00  0.180615E+06 0.735869E+06 0.143643E+06 0.160829E+08
     9111.00  0.153166E+06 0.725253E+06 0.362880E+05 0.127709E+08
     9211.00  0.128937E+06 0.705147E+06 0.562920E+03 0.998938E+07
     9311.00  0.107716E+06 0.677337E+06 0.150529E+05 0.768317E+07
     9411.00  0.892763E+05 0.643536E+06 0.625700E+05 0.579710E+07
     9511.00  0.733770E+05 0.605338E+06 0.129595E+06 0.427754E+07
     9611.00  0.597766E+05 0.564182E+06 0.205748E+06 0.307365E+07
     9711.00  0.482364E+05 0.521331E+06 0.283291E+06 0.213803E+07
     9811.00  0.385259E+05 0.477872E+06 0.356680E+06 0.142736E+07
     9911.00  0.304262E+05 0.434712E+06 0.422161E+06 0.902589E+06
    10011.00  0.237323E+05 0.392589E+06 0.477412E+06 0.529064E+06
    10111.00  0.182550E+05 0.352086E+06 0.521236E+06 0.276451E+06
    10211.00  0.138213E+05 0.313638E+06 0.553292E+06 0.118563E+06
    10311.00  0.102748E+05 0.277560E+06 0.573872E+06 0.331181E+05
    10411.00  0.747585E+04 0.244053E+06 0.583718E+06 0.142075E+04
    10511.00  0.530050E+04 0.213229E+06 0.583869E+06 0.803090E+04
    10611.00  0.364010E+04 0.185121E+06 0.575541E+06 0.404094E+05
    10711.00  0.240014E+04 0.159700E+06 0.560029E+06 0.885661E+05
    10811.00  0.149920E+04 0.136890E+06 0.538640E+06 0.144718E+06
    10911.00  0.867831E+03 0.116574E+06 0.512634E+06 0.202968E+06
    11011.00  0.447333E+03 0.986117E+05 0.483189E+06 0.258998E+06
    11111.00  0.188641E+03 0.828427E+05 0.451378E+06 0.309805E+06
    11211.00  0.511855E+02 0.690961E+05 0.418151E+06 0.353447E+06
    11311.00  0.183003E+01 0.571964E+05 0.384333E+06 0.388835E+06
    11411.00  0.138789E+02 0.469679E+05 0.350621E+06 0.415538E+06
    11511.00  0.661597E+02 0.382392E+05 0.317587E+06 0.433626E+06
    11611.00  0.142189E+03 0.308454E+05 0.285692E+06 0.443534E+06
    11711.00  0.229417E+03 0.246305E+05 0.255286E+06 0.445947E+06
    11811.00  0.318564E+03 0.194491E+05 0.226631E+06 0.441710E+06
    11911.00  0.403023E+03 0.151666E+05 0.199901E+06 0.431753E+06
    12011.00  0.478349E+03 0.116604E+05 0.175203E+06 0.417038E+06
    12111.00  0.541811E+03 0.881946E+04 0.152581E+06 0.398509E+06
    12211.00  0.592015E+03 0.654418E+04 0.132032E+06 0.377064E+06
    12311.00  0.628581E+03 0.474601E+04 0.113511E+06 0.353531E+06
    12411.00  0.651876E+03 0.334682E+04 0.969446E+05 0.328656E+06
    12511.00  0.662790E+03 0.227823E+04 0.822342E+05 0.303093E+06
    12611.00  0.662562E+03 0.148084E+04 0.692657E+05 0.277406E+06
    12711.00  0.652633E+03 0.903458E+03 0.579143E+05 0.252063E+06
    12811.00  0.634534E+03 0.502314E+03 0.480490E+05 0.227447E+06
    12911.00  0.609806E+03 0.240266E+03 0.395370E+05 0.203858E+06
    13011.00  0.579928E+03 0.860726E+02 0.322466E+05 0.181521E+06
    13111.00  0.546279E+03 0.136914E+02 0.260501E+05 0.160598E+06
    13211.00  0.510109E+03 0.162163E+01 0.208252E+05 0.141189E+06
    13311.00  0.472518E+03 0.323049E+02 0.164564E+05 0.123349E+06
    13411.00  0.434455E+03 0.915770E+02 0.128363E+05 0.107091E+06
    13511.00  0.396709E+03 0.168174E+03 0.986605E+04 0.923915E+05
    13611.00  0.359926E+03 0.253291E+03 0.745517E+04 0.792043E+05
    13711.00  0.324611E+03 0.340189E+03 0.552201E+04 0.674610E+05
    13811.00  0.291141E+03 0.423853E+03 0.399336E+04 0.570786E+05
    13911.00  0.259783E+03 0.500690E+03 0.280417E+04 0.479642E+05
    14011.00  0.230705E+03 0.568266E+03 0.189713E+04 0.400189E+05
    14111.00  0.203992E+03 0.625084E+03 0.122211E+04 0.331409E+05
    14211.00  0.179661E+03 0.670391E+03 0.735632E+03 0.272289E+05
    14311.00  0.157674E+03 0.704017E+03 0.400322E+03 0.221834E+05
    14411.00  0.137949E+03 0.726232E+03 0.184301E+03 0.179091E+05
    14511.00  0.120371E+03 0.737639E+03 0.606322E+02 0.143157E+05
    14611.00  0.104804E+03 0.739074E+03 0.677324E+01 0.113189E+05
    14711.00  0.910961E+02 0.731526E+03 0.405646E+01 0.884103E+04
    14811.00  0.790899E+02 0.716082E+03 0.372051E+02 0.681096E+04
    14911.00  0.686242E+02 0.693866E+03 0.938843E+02 0.516451E+04
    15011.00  0.595411E+02 0.666007E+03 0.164291E+03 0.384413E+04
    15111.00  0.516887E+02 0.633604E+03 0.240781E+03 0.279874E+04
    15211.00  0.449233E+02 0.597703E+03 0.317538E+03 0.198330E+04
    15311.00  0.391110E+02 0.559280E+03 0.390270E+03 0.135849E+04
    15411.00  0.341293E+02 0.519230E+03 0.455955E+03 0.890204E+03
    15511.00  0.298669E+02 0.478359E+03 0.512602E+03 0.549112E+03
    15611.00  0.262239E+02 0.437378E+03 0.559055E+03 0.310175E+03
    15711.00  0.231116E+02 0.396909E+03 0.594823E+03 0.152188E+03
    15811.00  0.204517E+02 0.357476E+03 0.619924E+03 0.573412E+02
    15911.00  0.181755E+02 0.319515E+03 0.634766E+03 0.107974E+02
    16011.00  0.162235E+02 0.283379E+03 0.640042E+03 0.308361E+00
    16111.00  0.145441E+02 0.249339E+03 0.636636E+03 0.158589E+02
    16211.00  0.130927E+02 0.217592E+03 0.625557E+03 0.493456E+02
    16311.00  0.118313E+02 0.188271E+03 0.607878E+03 0.942900E+02
    16411.00  0.107274E+02 0.161447E+03 0.584688E+03 0.145583E+03
    16511.00  0.975322E+01 0.137140E+03 0.557057E+03 0.199261E+03
    16611.00  0.888537E+01 0.115322E+03 0.526011E+03 0.252313E+03
    16711.00  0.810410E+01 0.959296E+02 0.492504E+03 0.302511E+03
    16811.00  0.739293E+01 0.788655E+02 0.457412E+03 0.348265E+03
    16911.00  0.673829E+01 0.640078E+02 0.421518E+03 0.388505E+03
    17011.00  0.612910E+01 0.512144E+02 0.385509E+03 0.422575E+03
    17111.00  0.555656E+01 0.403292E+02 0.349977E+03 0.450145E+03
    17211.00  0.501397E+01 0.311870E+02 0.315417E+03 0.471146E+03
    17311.00  0.449641E+01 0.236179E+02 0.282232E+03 0.485704E+03
    17411.00  0.400065E+01 0.174511E+02 0.250739E+03 0.494095E+03
    17511.00  0.352496E+01 0.125184E+02 0.221175E+03 0.496707E+03
    17611.00  0.306892E+01 0.865729E+01 0.193704E+03 0.494004E+03
    17711.00  0.263326E+01 0.571290E+01 0.168425E+03 0.486503E+03
    17811.00  0.221970E+01 0.354019E+01 0.145381E+03 0.474752E+03
    17911.00  0.183075E+01 0.200528E+01 0.124563E+03 0.459314E+03
    18011.00  0.146955E+01 0.986429E+00 0.105926E+03 0.440752E+03
    18111.00  0.113962E+01 0.374618E+00 0.893883E+02 0.419621E+03
    18211.00  0.844745E+00 0.738089E-01 0.748426E+02 0.396457E+03
    18311.00  0.588681E+00 0.849599E-03 0.621624E+02 0.371771E+03
    18411.00  0.375035E+00 0.851302E-01 0.512072E+02 0.346044E+03
    18511.00  0.207053E+00 0.268004E+00 0.418285E+02 0.319723E+03
    18611.00  0.874452E-01 0.502027E+00 0.338737E+02 0.293217E+03
    18711.00  0.182473E-01 0.750049E+00 0.271906E+02 0.266893E+03
    18811.00  0.684334E-03 0.984210E+00 0.216306E+02 0.241081E+03
    18911.00  0.350713E-01 0.118486E+01 0.170514E+02 0.216063E+03
    19011.00  0.120741E+00 0.133946E+01 0.133189E+02 0.192082E+03
    19111.00  0.256002E+00 0.144146E+01 0.103092E+02 0.169337E+03
    19311.00  0.663412E+00 0.148505E+01 0.601687E+01 0.128147E+03
    19511.00  0.122382E+01 0.134361E+01 0.340757E+01 0.932869E+02
    19711.00  0.189013E+01 0.107858E+01 0.189630E+01 0.649867E+02
    19911.00  0.260554E+01 0.761582E+00 0.106326E+01 0.430062E+02
    20111.00  0.330860E+01 0.457632E+00 0.626577E+00 0.267493E+02
    20311.00  0.393898E+01 0.215000E+00 0.410707E+00 0.153857E+02
    20511.00  0.444294E+01 0.608025E-01 0.315145E+00 0.796852E+01
    20711.00  0.477832E+01 0.128841E-02 0.287128E+00 0.353879E+01
    20911.00  0.491819E+01 0.254044E-01 0.300195E+00 0.121025E+01
    21111.00  0.485299E+01 0.110253E+00 0.339337E+00 0.227870E+00
    21311.00  0.459099E+01 0.227177E+00 0.392347E+00 0.357714E-04
    21511.00  0.415696E+01 0.347439E+00 0.446278E+00 0.105596E+00
    21711.00  0.358942E+01 0.446772E+00 0.487501E+00 0.280590E+00
    21911.00  0.293679E+01 0.508376E+00 0.503780E+00 0.390705E+00
    22111.00  0.225268E+01 0.524259E+00 0.486916E+00 0.396304E+00
    22311.00  0.159107E+01 0.495050E+00 0.434880E+00 0.316379E+00
    22511.00  0.100170E+01 0.428574E+00 0.352737E+00 0.196568E+00
    22711.00  0.526043E+00 0.337633E+00 0.252135E+00 0.846562E-01
    22911.00  0.194306E+00 0.237404E+00 0.149455E+00 0.150595E-01
    23111.00  0.235555E-01 0.142895E+00 0.630446E-01 0.209676E-02
    23311.00  0.170987E-01 0.667688E-01 0.100771E-01 0.405203E-01
    23511.00  0.165075E+00 0.178022E-01 0.360510E-02 0.110972E+00
    23711.00  0.446103E+00 0.638328E-04 0.503219E-01 0.187793E+00
    23911.00  0.829758E+00 0.128391E-01 0.149366E+00 0.246839E+00
    24111.00  0.127961E+01 0.512054E-01 0.292325E+00 0.271556E+00
    24311.00  0.175652E+01 0.107103E+00 0.464376E+00 0.256278E+00
    24511.00  0.222184E+01 0.170704E+00 0.646362E+00 0.206555E+00
    24711.00  0.264038E+01 0.231874E+00 0.817424E+00 0.136885E+00
    24911.00  0.298282E+01 0.281539E+00 0.957821E+00 0.667431E-01
    25111.00  0.322741E+01 0.312787E+00 0.105149E+01 0.159429E-01
    25311.00  0.336100E+01 0.321622E+00 0.108803E+01 0.358901E-03
    25511.00  0.337925E+01 0.307289E+00 0.106391E+01 0.288093E-01
    25711.00  0.328622E+01 0.272202E+00 0.982665E+00 0.101569E+00
    25911.00  0.309328E+01 0.221487E+00 0.854246E+00 0.210617E+00
    26111.00  0.281763E+01 0.162260E+00 0.693598E+00 0.341388E+00
    26311.00  0.248056E+01 0.102712E+00 0.518679E+00 0.475575E+00
    26511.00  0.210547E+01 0.511351E-01 0.348224E+00 0.594362E+00
    26711.00  0.171610E+01 0.149980E-01 0.199563E+00 0.681521E+00
    26911.00  0.133478E+01 0.152687E-03 0.867167E-01 0.725828E+00



