
         19        19         8      1181C   C   D    0.822591500D+05
 E STATE HAS LABEL C   
 VIBRATIONAL LEVELS FOR STATE E IN 1/CM FOR J= 18
     -10687.42795     -8848.70272     -7137.56295     -5555.53478
     -4106.54736     -2796.92630     -1636.73621      -642.67963
 PROPORTION OF STATE C   
  0.999999E+00 0.999996E+00 0.999995E+00 0.999994E+00 0.999993E+00
  0.999993E+00 0.999993E+00 0.999993E+00
 PROPORTION OF STATE D   
  0.132036E-05 0.365875E-05 0.529017E-05 0.634067E-05 0.694398E-05
  0.722370E-05 0.727095E-05 0.707344E-05
 TABLE FOR EMISSION PROBABILITIES   E(J= 18,IE) ==>F(J= 18,IF)
         IE==>      0            1            2            3
        1.00  0.000000E+00 0.000000E+00 0.000000E+00 0.000000E+00
        2.00  0.000000E+00 0.000000E+00 0.000000E+00 0.000000E+00
        3.00  0.000000E+00 0.000000E+00 0.000000E+00 0.436447E-37
        4.00  0.000000E+00 0.129932E-37 0.308581E-36 0.888198E-35
        5.00  0.000000E+00 0.800541E-36 0.189595E-34 0.547731E-33
        6.00  0.772620E-37 0.231783E-34 0.547407E-33 0.158728E-31
        7.00  0.132464E-35 0.398522E-33 0.938573E-32 0.273156E-30
        8.00  0.155087E-34 0.467919E-32 0.109893E-30 0.321007E-29
        9.00  0.135686E-33 0.410554E-31 0.961515E-30 0.281903E-28
       10.00  0.943400E-33 0.286268E-30 0.668564E-29 0.196737E-27
       11.00  0.544651E-32 0.165744E-29 0.386004E-28 0.114008E-26
       12.00  0.269696E-31 0.823071E-29 0.191150E-27 0.566652E-26
       13.00  0.117396E-30 0.359301E-28 0.832103E-27 0.247582E-25
       14.00  0.457887E-30 0.140542E-27 0.324570E-26 0.969279E-25
       15.00  0.162471E-29 0.500116E-27 0.115173E-25 0.345217E-24
       16.00  0.530906E-29 0.163892E-26 0.376373E-25 0.113229E-23
       17.00  0.161370E-28 0.499583E-26 0.114406E-24 0.345450E-23
       18.00  0.460032E-28 0.142830E-25 0.326167E-24 0.988496E-23
       19.00  0.123859E-27 0.385662E-25 0.878225E-24 0.267140E-22
       20.00  0.316804E-27 0.989277E-25 0.224644E-23 0.685842E-22
       21.00  0.773663E-27 0.242286E-24 0.548632E-23 0.168116E-21
       22.00  0.181169E-26 0.568997E-24 0.128481E-22 0.395152E-21
       23.00  0.408328E-26 0.128613E-23 0.289593E-22 0.893947E-21
       24.00  0.888671E-26 0.280716E-23 0.630299E-22 0.195284E-20
       25.00  0.187293E-25 0.593335E-23 0.132847E-21 0.413114E-20
       26.00  0.383220E-25 0.121753E-22 0.271834E-21 0.848434E-20
       27.00  0.762939E-25 0.243093E-22 0.541217E-21 0.169544E-19
       28.00  0.148085E-24 0.473204E-22 0.105056E-20 0.330313E-19
       29.00  0.280731E-24 0.899664E-22 0.199169E-20 0.628529E-19
       30.00  0.520617E-24 0.167326E-21 0.369382E-20 0.116997E-18
       31.00  0.945855E-24 0.304877E-21 0.671131E-20 0.213355E-18
       32.00  0.168568E-23 0.544920E-21 0.119615E-19 0.381659E-18
       33.00  0.295044E-23 0.956534E-21 0.209373E-19 0.670513E-18
       34.00  0.507722E-23 0.165081E-20 0.360317E-19 0.115816E-17
       35.00  0.859848E-23 0.280383E-20 0.610247E-19 0.196872E-17
       36.00  0.143438E-22 0.469089E-20 0.101806E-18 0.329647E-17
       37.00  0.235894E-22 0.773690E-20 0.167437E-18 0.544154E-17
       38.00  0.382744E-22 0.125898E-19 0.271687E-18 0.886202E-17
       39.00  0.613116E-22 0.202262E-19 0.435239E-18 0.142491E-16
       40.00  0.970292E-22 0.321023E-19 0.688831E-18 0.226343E-16
       42.00  0.234868E-21 0.781596E-19 0.166757E-17 0.551987E-16
       44.00  0.545182E-21 0.182486E-18 0.387126E-17 0.129088E-15
       46.00  0.121809E-20 0.410110E-18 0.865047E-17 0.290579E-15
       48.00  0.262814E-20 0.890031E-18 0.186664E-16 0.631645E-15
       50.00  0.549151E-20 0.187062E-17 0.390080E-16 0.132971E-14
       52.00  0.111404E-19 0.381714E-17 0.791431E-16 0.271772E-14
       54.00  0.219912E-19 0.757931E-17 0.156247E-15 0.540493E-14
       56.00  0.423251E-19 0.146732E-16 0.300752E-15 0.104804E-13
       58.00  0.795650E-19 0.277460E-16 0.565435E-15 0.198491E-13
       60.00  0.146324E-18 0.513273E-16 0.103998E-14 0.367767E-13
       62.00  0.263638E-18 0.930243E-16 0.187399E-14 0.667580E-13
       64.00  0.465977E-18 0.165392E-15 0.331264E-14 0.118877E-12
       66.00  0.808913E-18 0.288812E-15 0.575124E-14 0.207910E-12
       68.00  0.138067E-17 0.495872E-15 0.981747E-14 0.357522E-12
       70.00  0.231931E-17 0.837930E-15 0.164937E-13 0.605075E-12
       72.00  0.383793E-17 0.139483E-14 0.272964E-13 0.100876E-11
       74.00  0.626136E-17 0.228912E-14 0.445376E-13 0.165806E-11
       76.00  0.100787E-16 0.370666E-14 0.716985E-13 0.268889E-11
       78.00  0.160178E-16 0.592607E-14 0.113962E-12 0.430541E-11
       80.00  0.251509E-16 0.936059E-14 0.178961E-12 0.681091E-11
       82.00  0.390401E-16 0.146168E-13 0.277822E-12 0.106513E-10
       84.00  0.599402E-16 0.225763E-13 0.426603E-12 0.164761E-10
       86.00  0.910751E-16 0.345089E-13 0.648267E-12 0.252218E-10
       88.00  0.137013E-15 0.522271E-13 0.975364E-12 0.382281E-10
       90.00  0.204176E-15 0.782962E-13 0.145364E-11 0.573941E-10
       92.00  0.301512E-15 0.116319E-12 0.214687E-11 0.853909E-10
       94.00  0.441402E-15 0.171313E-12 0.314330E-11 0.125947E-09
       96.00  0.640848E-15 0.250223E-12 0.456411E-11 0.184227E-09
       98.00  0.923031E-15 0.362583E-12 0.657456E-11 0.267338E-09
      100.00  0.131935E-14 0.521403E-12 0.939851E-11 0.384992E-09
      102.00  0.187205E-14 0.744318E-12 0.133373E-10 0.550374E-09
      104.00  0.263764E-14 0.105508E-11 0.187938E-10 0.781277E-09
      106.00  0.369123E-14 0.148551E-11 0.263038E-10 0.110157E-08
      108.00  0.513211E-14 0.207797E-11 0.365756E-10 0.154307E-08
      110.00  0.709077E-14 0.288854E-11 0.505404E-10 0.214801E-08
      112.00  0.973785E-14 0.399111E-11 0.694157E-10 0.297207E-08
      114.00  0.132953E-13 0.548249E-11 0.947855E-10 0.408835E-08
      116.00  0.180504E-13 0.748895E-11 0.128701E-09 0.559233E-08
      118.00  0.243734E-13 0.101743E-10 0.173803E-09 0.760812E-08
      122.00  0.437524E-13 0.184893E-10 0.312063E-09 0.138638E-07
      126.00  0.770108E-13 0.329468E-10 0.549402E-09 0.247716E-07
      130.00  0.133078E-12 0.576404E-10 0.949604E-09 0.434546E-07
      134.00  0.226025E-12 0.991184E-10 0.161321E-08 0.749240E-07
      138.00  0.377704E-12 0.167704E-09 0.269641E-08 0.127104E-06
      142.00  0.621585E-12 0.279450E-09 0.443847E-08 0.212351E-06
      146.00  0.100827E-11 0.458997E-09 0.720127E-08 0.349693E-06
      150.00  0.161333E-11 0.743709E-09 0.115254E-07 0.568063E-06
      154.00  0.254832E-11 0.118959E-08 0.182089E-07 0.910958E-06
      158.00  0.397615E-11 0.187971E-08 0.284179E-07 0.144306E-05
      162.00  0.613223E-11 0.293595E-08 0.438377E-07 0.225959E-05
      166.00  0.935352E-11 0.453551E-08 0.668812E-07 0.349931E-05
      170.00  0.141177E-10 0.693357E-08 0.100970E-06 0.536265E-05
      174.00  0.210963E-10 0.104944E-07 0.150916E-06 0.813649E-05
      178.00  0.312248E-10 0.157337E-07 0.223424E-06 0.122281E-04
      182.00  0.457967E-10 0.233758E-07 0.327767E-06 0.182108E-04
      186.00  0.665859E-10 0.344298E-07 0.476667E-06 0.268860E-04
      190.00  0.960086E-10 0.502926E-07 0.687455E-06 0.393652E-04
      194.00  0.137332E-09 0.728833E-07 0.983574E-06 0.571802E-04
      198.00  0.194945E-09 0.104822E-06 0.139653E-05 0.824269E-04
      202.00  0.274706E-09 0.149663E-06 0.196838E-05 0.117957E-03
      206.00  0.384388E-09 0.212200E-06 0.275495E-05 0.167623E-03
      210.00  0.534242E-09 0.298857E-06 0.382989E-05 0.236605E-03
      214.00  0.737713E-09 0.418202E-06 0.528981E-05 0.331826E-03
      218.00  0.101234E-08 0.581594E-06 0.726077E-05 0.462486E-03
      222.00  0.138087E-08 0.804020E-06 0.990637E-05 0.640754E-03
      226.00  0.187268E-08 0.110515E-05 0.134379E-04 0.882641E-03
      230.00  0.252553E-08 0.151070E-05 0.181271E-04 0.120912E-02
      234.00  0.338770E-08 0.205412E-05 0.243213E-04 0.164753E-02
      238.00  0.452069E-08 0.277870E-05 0.324634E-04 0.223338E-02
      242.00  0.600246E-08 0.374033E-05 0.431150E-04 0.301254E-02
      246.00  0.793149E-08 0.501076E-05 0.569853E-04 0.404409E-02
      250.00  0.104316E-07 0.668184E-05 0.749669E-04 0.540380E-02
      254.00  0.136580E-07 0.887061E-05 0.981786E-04 0.718844E-02
      258.00  0.178044E-07 0.117258E-04 0.128017E-03 0.952121E-02
      262.00  0.231117E-07 0.154355E-04 0.166220E-03 0.125584E-01
      266.00  0.298784E-07 0.202372E-04 0.214943E-03 0.164974E-01
      270.00  0.384737E-07 0.264294E-04 0.276849E-03 0.215873E-01
      274.00  0.493517E-07 0.343864E-04 0.355219E-03 0.281407E-01
      282.00  0.803126E-07 0.575807E-04 0.578377E-03 0.473017E-01
      290.00  0.128882E-06 0.951074E-04 0.928661E-03 0.784215E-01
      298.00  0.204120E-06 0.155081E-03 0.147161E-02 0.128343E+00
      306.00  0.319293E-06 0.249830E-03 0.230325E-02 0.207498E+00
      314.00  0.493636E-06 0.397900E-03 0.356297E-02 0.331647E+00
      322.00  0.754785E-06 0.626958E-03 0.545111E-02 0.524374E+00
      330.00  0.114210E-05 0.977929E-03 0.825330E-02 0.820697E+00
      338.00  0.171117E-05 0.151088E-02 0.123733E-01 0.127219E+01
      346.00  0.253992E-05 0.231336E-02 0.183776E-01 0.195425E+01
      354.00  0.373681E-05 0.351207E-02 0.270554E-01 0.297638E+01
      362.00  0.545176E-05 0.528929E-02 0.394983E-01 0.449660E+01
      370.00  0.789077E-05 0.790578E-02 0.572084E-01 0.674165E+01
      378.00  0.113352E-04 0.117325E-01 0.822391E-01 0.100351E+02
      386.00  0.161675E-04 0.172949E-01 0.117383E+00 0.148365E+02
      394.00  0.229044E-04 0.253332E-01 0.166421E+00 0.217951E+02
      402.00  0.322413E-04 0.368866E-01 0.234442E+00 0.318251E+02
      410.00  0.451099E-04 0.534085E-01 0.328278E+00 0.462081E+02
      418.00  0.627543E-04 0.769249E-01 0.457058E+00 0.667355E+02
      426.00  0.868292E-04 0.110252E+00 0.632943E+00 0.959033E+02
      434.00  0.119529E-03 0.157293E+00 0.872079E+00 0.137180E+03
      442.00  0.163757E-03 0.223448E+00 0.119585E+01 0.195374E+03
      450.00  0.223341E-03 0.316171E+00 0.163252E+01 0.277140E+03
      458.00  0.303324E-03 0.445740E+00 0.221934E+01 0.391672E+03
      466.00  0.410339E-03 0.626314E+00 0.300541E+01 0.551662E+03
      474.00  0.553095E-03 0.877380E+00 0.405529E+01 0.774616E+03
      482.00  0.743027E-03 0.122576E+01 0.545389E+01 0.108467E+04
      490.00  0.995136E-03 0.170837E+01 0.731282E+01 0.151513E+04
      498.00  0.132911E-02 0.237605E+01 0.977882E+01 0.211191E+04
      506.00  0.177082E-02 0.329894E+01 0.130450E+02 0.293848E+04
      514.00  0.235428E-02 0.457387E+01 0.173658E+02 0.408265E+04
      522.00  0.312430E-02 0.633496E+01 0.230773E+02 0.566617E+04
      530.00  0.414012E-02 0.876837E+01 0.306243E+02 0.785836E+04
      538.00  0.548021E-02 0.121335E+02 0.405977E+02 0.108955E+05
      546.00  0.724898E-02 0.167932E+02 0.537855E+02 0.151084E+05
      554.00  0.958607E-02 0.232576E+02 0.712437E+02 0.209632E+05
      562.00  0.126793E-01 0.322485E+02 0.943961E+02 0.291197E+05
      570.00  0.167829E-01 0.447934E+02 0.125176E+03 0.405189E+05
      578.00  0.222445E-01 0.623683E+02 0.166230E+03 0.565138E+05
      586.00  0.295430E-01 0.871120E+02 0.221219E+03 0.790671E+05
      596.00  0.422919E-01 0.133032E+03 0.317538E+03 0.120992E+06
      606.00  0.609229E-01 0.204838E+03 0.458747E+03 0.186665E+06
      616.00  0.885183E-01 0.318791E+03 0.668611E+03 0.291060E+06
      626.00  0.130110E+00 0.503044E+03 0.986059E+03 0.460127E+06
      636.00  0.194238E+00 0.808165E+03 0.147737E+04 0.740523E+06
      646.00  0.296106E+00 0.132927E+04 0.226097E+04 0.122009E+07
      656.00  0.464501E+00 0.225619E+04 0.356180E+04 0.207426E+07
      666.00  0.758493E+00 0.399836E+04 0.584291E+04 0.368173E+07
      676.00  0.131319E+01 0.753754E+04 0.101667E+05 0.695114E+07
      681.00  0.178246E+01 0.106902E+05 0.138368E+05 0.986576E+07
      681.39  0.182792E+01 0.110013E+05 0.141927E+05 0.101534E+08
      681.79  0.187488E+01 0.113235E+05 0.145605E+05 0.104514E+08
      682.18  0.192339E+01 0.116573E+05 0.149405E+05 0.107601E+08
      682.58  0.197353E+01 0.120033E+05 0.153333E+05 0.110801E+08
      682.97  0.202536E+01 0.123620E+05 0.157395E+05 0.114119E+08
      683.36  0.207896E+01 0.127340E+05 0.161595E+05 0.117559E+08
      683.76  0.213440E+01 0.131198E+05 0.165941E+05 0.121128E+08
      684.15  0.219176E+01 0.135202E+05 0.170439E+05 0.124832E+08
      684.55  0.225113E+01 0.139358E+05 0.175095E+05 0.128676E+08
      684.94  0.231260E+01 0.143672E+05 0.179916E+05 0.132667E+08
      685.33  0.237627E+01 0.148154E+05 0.184910E+05 0.136813E+08
      685.73  0.244223E+01 0.152809E+05 0.190086E+05 0.141120E+08
      686.00  0.248929E+01 0.156139E+05 0.193779E+05 0.144201E+08
      686.12  0.251059E+01 0.157648E+05 0.195451E+05 0.145597E+08
      686.52  0.258146E+01 0.162679E+05 0.201014E+05 0.150252E+08
      686.91  0.265497E+01 0.167912E+05 0.206785E+05 0.155093E+08
      687.30  0.273123E+01 0.173356E+05 0.212773E+05 0.160130E+08
      687.70  0.281039E+01 0.179022E+05 0.218990E+05 0.165374E+08
      688.09  0.289257E+01 0.184922E+05 0.225445E+05 0.170833E+08
      688.48  0.297794E+01 0.191067E+05 0.232153E+05 0.176520E+08
      688.88  0.306665E+01 0.197471E+05 0.239124E+05 0.182446E+08
      689.27  0.315887E+01 0.204147E+05 0.246372E+05 0.188624E+08
      689.67  0.325478E+01 0.211109E+05 0.253911E+05 0.195068E+08
      690.06  0.335457E+01 0.218372E+05 0.261757E+05 0.201791E+08
      690.45  0.345844E+01 0.225955E+05 0.269926E+05 0.208809E+08
      690.85  0.356662E+01 0.233873E+05 0.278434E+05 0.216138E+08
      691.24  0.367932E+01 0.242145E+05 0.287301E+05 0.223795E+08
      691.64  0.379680E+01 0.250792E+05 0.296545E+05 0.231800E+08
      692.03  0.391933E+01 0.259836E+05 0.306188E+05 0.240171E+08
      692.42  0.404717E+01 0.269297E+05 0.316251E+05 0.248930E+08
      692.82  0.418064E+01 0.279203E+05 0.326759E+05 0.258101E+08
      693.21  0.432005E+01 0.289578E+05 0.337737E+05 0.267706E+08
      693.61  0.446576E+01 0.300450E+05 0.349212E+05 0.277772E+08
      694.00  0.461812E+01 0.311851E+05 0.361215E+05 0.288328E+08
      694.39  0.477754E+01 0.323813E+05 0.373775E+05 0.299404E+08
      694.79  0.494444E+01 0.336371E+05 0.386928E+05 0.311032E+08
      695.18  0.511929E+01 0.349562E+05 0.400709E+05 0.323246E+08
      695.58  0.530257E+01 0.363427E+05 0.415158E+05 0.336086E+08
      695.97  0.549483E+01 0.378010E+05 0.430317E+05 0.349591E+08
      696.00  0.551001E+01 0.379163E+05 0.431514E+05 0.350659E+08
      696.36  0.569664E+01 0.393360E+05 0.446232E+05 0.363806E+08
      696.76  0.590861E+01 0.409526E+05 0.462952E+05 0.378778E+08
      697.15  0.613142E+01 0.426565E+05 0.480530E+05 0.394558E+08
      697.55  0.636581E+01 0.444538E+05 0.499025E+05 0.411204E+08
      697.94  0.661256E+01 0.463509E+05 0.518499E+05 0.428775E+08
      698.33  0.687252E+01 0.483550E+05 0.539020E+05 0.447338E+08
      698.73  0.714663E+01 0.504739E+05 0.560661E+05 0.466965E+08
      699.12  0.743592E+01 0.527160E+05 0.583505E+05 0.487734E+08
      699.52  0.774147E+01 0.550905E+05 0.607638E+05 0.509730E+08
      699.91  0.806451E+01 0.576076E+05 0.633157E+05 0.533048E+08
      700.30  0.840636E+01 0.602783E+05 0.660166E+05 0.557790E+08
      700.70  0.876846E+01 0.631148E+05 0.688781E+05 0.584068E+08
      701.09  0.915240E+01 0.661303E+05 0.719128E+05 0.612006E+08
      701.48  0.955993E+01 0.693396E+05 0.751345E+05 0.641739E+08
      701.88  0.999297E+01 0.727587E+05 0.785586E+05 0.673418E+08
      702.27  0.104537E+02 0.764056E+05 0.822018E+05 0.707209E+08
      702.67  0.109443E+02 0.802999E+05 0.860828E+05 0.743293E+08
      703.06  0.114675E+02 0.844636E+05 0.902222E+05 0.781875E+08
      703.45  0.120262E+02 0.889211E+05 0.946429E+05 0.823180E+08
      703.85  0.126235E+02 0.936993E+05 0.993704E+05 0.867459E+08
      704.24  0.132631E+02 0.988285E+05 0.104433E+06 0.914992E+08
      704.64  0.139489E+02 0.104343E+06 0.109862E+06 0.966093E+08
      705.03  0.146853E+02 0.110279E+06 0.115694E+06 0.102111E+09
      705.42  0.154774E+02 0.116681E+06 0.121967E+06 0.108045E+09
      705.82  0.163309E+02 0.123597E+06 0.128728E+06 0.114454E+09
      706.00  0.167472E+02 0.126977E+06 0.132026E+06 0.117587E+09
      706.21  0.172520E+02 0.131080E+06 0.136026E+06 0.121390E+09
      706.61  0.182481E+02 0.139192E+06 0.143920E+06 0.128909E+09
      707.00  0.193272E+02 0.148004E+06 0.152473E+06 0.137076E+09
      707.39  0.204988E+02 0.157594E+06 0.161761E+06 0.145966E+09
      707.79  0.217736E+02 0.168055E+06 0.171867E+06 0.155663E+09
      708.18  0.231636E+02 0.179491E+06 0.182891E+06 0.166264E+09
      708.58  0.246832E+02 0.192023E+06 0.194943E+06 0.177882E+09
      708.97  0.263485E+02 0.205793E+06 0.208155E+06 0.190647E+09
      709.36  0.281786E+02 0.220962E+06 0.222675E+06 0.204710E+09
      709.76  0.301955E+02 0.237721E+06 0.238682E+06 0.220248E+09
      710.15  0.324253E+02 0.256295E+06 0.256380E+06 0.237468E+09
      710.55  0.348984E+02 0.276946E+06 0.276013E+06 0.256616E+09
      710.94  0.376511E+02 0.299989E+06 0.297871E+06 0.277981E+09
      711.33  0.407267E+02 0.325797E+06 0.322296E+06 0.301911E+09
      711.73  0.441769E+02 0.354820E+06 0.349701E+06 0.328822E+09
      712.12  0.480643E+02 0.387599E+06 0.380584E+06 0.359217E+09
      712.52  0.524652E+02 0.424798E+06 0.415552E+06 0.393711E+09
      712.91  0.574729E+02 0.467227E+06 0.455350E+06 0.433057E+09
      713.30  0.632030E+02 0.515894E+06 0.500896E+06 0.478188E+09
      713.70  0.697998E+02 0.572055E+06 0.553340E+06 0.530271E+09
      714.09  0.774453E+02 0.637300E+06 0.614134E+06 0.590779E+09
      714.48  0.863719E+02 0.713656E+06 0.685125E+06 0.661595E+09
      714.88  0.968795E+02 0.803748E+06 0.768704E+06 0.745151E+09
      715.27  0.109361E+03 0.911015E+06 0.868001E+06 0.844639E+09
      715.67  0.124339E+03 0.104003E+07 0.987178E+06 0.964305E+09
      716.00  0.139478E+03 0.117073E+07 0.110766E+07 0.108553E+10
      716.06  0.142519E+03 0.119701E+07 0.113186E+07 0.110990E+10
      716.45  0.164876E+03 0.139049E+07 0.130982E+07 0.128936E+10
      716.85  0.192783E+03 0.163255E+07 0.153199E+07 0.151390E+10
      717.24  0.228225E+03 0.194068E+07 0.181419E+07 0.179972E+10
      717.64  0.274156E+03 0.234091E+07 0.217997E+07 0.217099E+10
      718.03  0.335128E+03 0.287342E+07 0.266563E+07 0.266497E+10
      718.42  0.418446E+03 0.360272E+07 0.332937E+07 0.334152E+10
      718.82  0.536425E+03 0.463776E+07 0.426942E+07 0.430173E+10
      719.21  0.711148E+03 0.617404E+07 0.566181E+07 0.572697E+10
      719.61  0.985397E+03 0.859083E+07 0.784772E+07 0.796914E+10
      720.00  0.145095E+04 0.127026E+08 0.115590E+08 0.117840E+11
      720.20  0.182228E+04 0.159876E+08 0.145196E+08 0.148317E+11
      720.22  0.185580E+04 0.162843E+08 0.147869E+08 0.151069E+11
      720.23  0.189024E+04 0.165891E+08 0.150615E+08 0.153898E+11
      720.25  0.192564E+04 0.169025E+08 0.153437E+08 0.156805E+11
      720.26  0.196202E+04 0.172246E+08 0.156338E+08 0.159793E+11
      720.28  0.199942E+04 0.175558E+08 0.159320E+08 0.162866E+11
      720.29  0.203789E+04 0.178964E+08 0.162388E+08 0.166027E+11
      720.31  0.207747E+04 0.182469E+08 0.165543E+08 0.169279E+11
      720.32  0.211819E+04 0.186075E+08 0.168790E+08 0.172625E+11
      720.34  0.216009E+04 0.189787E+08 0.172131E+08 0.176069E+11
      720.35  0.220324E+04 0.193609E+08 0.175572E+08 0.179615E+11
      720.37  0.224767E+04 0.197545E+08 0.179114E+08 0.183266E+11
      720.38  0.229344E+04 0.201600E+08 0.182764E+08 0.187028E+11
      720.40  0.234059E+04 0.205778E+08 0.186524E+08 0.190905E+11
      720.41  0.238919E+04 0.210085E+08 0.190399E+08 0.194901E+11
      720.43  0.243930E+04 0.214525E+08 0.194394E+08 0.199020E+11
      720.44  0.249097E+04 0.219104E+08 0.198514E+08 0.203269E+11
      720.46  0.254427E+04 0.223828E+08 0.202765E+08 0.207652E+11
      720.47  0.259927E+04 0.228704E+08 0.207150E+08 0.212176E+11
      720.49  0.265604E+04 0.233737E+08 0.211678E+08 0.216845E+11
      720.50  0.271466E+04 0.238934E+08 0.216352E+08 0.221667E+11
      720.52  0.277521E+04 0.244302E+08 0.221180E+08 0.226648E+11
      720.53  0.283776E+04 0.249849E+08 0.226169E+08 0.231795E+11
      720.55  0.290242E+04 0.255583E+08 0.231325E+08 0.237115E+11
      720.56  0.296927E+04 0.261512E+08 0.236656E+08 0.242615E+11
      720.58  0.303842E+04 0.267645E+08 0.242170E+08 0.248306E+11
      720.59  0.310996E+04 0.273991E+08 0.247875E+08 0.254193E+11
      720.61  0.318401E+04 0.280560E+08 0.253780E+08 0.260288E+11
      720.62  0.326068E+04 0.287362E+08 0.259894E+08 0.266599E+11
      720.64  0.334010E+04 0.294408E+08 0.266227E+08 0.273137E+11
      720.65  0.342240E+04 0.301711E+08 0.272790E+08 0.279912E+11
      720.67  0.350771E+04 0.309281E+08 0.279594E+08 0.286937E+11
      720.68  0.359618E+04 0.317133E+08 0.286649E+08 0.294222E+11
      720.70  0.368797E+04 0.325280E+08 0.293969E+08 0.301781E+11
      720.71  0.378325E+04 0.333737E+08 0.301567E+08 0.309627E+11
      720.73  0.388218E+04 0.342519E+08 0.309457E+08 0.317776E+11
      720.74  0.398495E+04 0.351644E+08 0.317653E+08 0.326241E+11
      720.76  0.409176E+04 0.361127E+08 0.326171E+08 0.335040E+11
      720.77  0.420283E+04 0.370989E+08 0.335029E+08 0.344191E+11
      720.79  0.431836E+04 0.381249E+08 0.344243E+08 0.353710E+11
      720.80  0.443861E+04 0.391928E+08 0.353833E+08 0.363618E+11
      720.82  0.456382E+04 0.403049E+08 0.363819E+08 0.373937E+11
      720.83  0.469427E+04 0.414636E+08 0.374223E+08 0.384688E+11
      720.85  0.483024E+04 0.426715E+08 0.385067E+08 0.395895E+11
      720.86  0.497205E+04 0.439313E+08 0.396377E+08 0.407584E+11
      720.88  0.512001E+04 0.452460E+08 0.408178E+08 0.419782E+11
      720.89  0.527449E+04 0.466187E+08 0.420498E+08 0.432518E+11
      720.91  0.543587E+04 0.480527E+08 0.433369E+08 0.445824E+11
      720.92  0.560454E+04 0.495517E+08 0.446821E+08 0.459732E+11
      720.94  0.578093E+04 0.511196E+08 0.460890E+08 0.474279E+11
      720.95  0.596552E+04 0.527603E+08 0.475612E+08 0.489503E+11
      720.97  0.615880E+04 0.544786E+08 0.491028E+08 0.505445E+11
      720.98  0.636132E+04 0.562790E+08 0.507180E+08 0.522150E+11
      721.00  0.657363E+04 0.581667E+08 0.524114E+08 0.539665E+11
      721.01  0.679637E+04 0.601473E+08 0.541880E+08 0.558042E+11
      721.03  0.703020E+04 0.622267E+08 0.560530E+08 0.577335E+11
      721.04  0.727584E+04 0.644114E+08 0.580123E+08 0.597606E+11
      721.06  0.753407E+04 0.667082E+08 0.600720E+08 0.618916E+11
      721.07  0.780573E+04 0.691246E+08 0.622388E+08 0.641338E+11
      721.09  0.809172E+04 0.716688E+08 0.645199E+08 0.664943E+11
      721.10  0.839302E+04 0.743494E+08 0.669231E+08 0.689816E+11
      721.12  0.871069E+04 0.771760E+08 0.694570E+08 0.716041E+11
      721.13  0.904588E+04 0.801586E+08 0.721306E+08 0.743716E+11
      721.15  0.939983E+04 0.833085E+08 0.749538E+08 0.772942E+11
      721.16  0.977388E+04 0.866376E+08 0.779374E+08 0.803831E+11
      721.18  0.101695E+05 0.901590E+08 0.810931E+08 0.836505E+11
      721.19  0.105883E+05 0.938869E+08 0.844336E+08 0.871094E+11
      721.21  0.110319E+05 0.978366E+08 0.879725E+08 0.907741E+11
      721.23  0.115023E+05 0.102025E+09 0.917248E+08 0.946602E+11
      721.24  0.120015E+05 0.106470E+09 0.957067E+08 0.987845E+11
      721.26  0.125317E+05 0.111191E+09 0.999360E+08 0.103165E+12
      721.27  0.130953E+05 0.116211E+09 0.104432E+09 0.107823E+12
      721.29  0.136950E+05 0.121552E+09 0.109215E+09 0.112778E+12
      721.30  0.143335E+05 0.127240E+09 0.114309E+09 0.118056E+12
      721.32  0.150140E+05 0.133302E+09 0.119737E+09 0.123681E+12
      721.33  0.157398E+05 0.139769E+09 0.125527E+09 0.129681E+12
      721.35  0.165146E+05 0.146673E+09 0.131708E+09 0.136087E+12
      721.36  0.173424E+05 0.154049E+09 0.138311E+09 0.142932E+12
      721.38  0.182274E+05 0.161937E+09 0.145371E+09 0.150250E+12
      721.39  0.191743E+05 0.170377E+09 0.152925E+09 0.158081E+12
      721.41  0.201880E+05 0.179413E+09 0.161012E+09 0.166466E+12
      721.42  0.212739E+05 0.189094E+09 0.169674E+09 0.175449E+12
      721.44  0.224376E+05 0.199471E+09 0.178959E+09 0.185077E+12
      721.45  0.236854E+05 0.210597E+09 0.188913E+09 0.195400E+12
      721.47  0.250234E+05 0.222530E+09 0.199587E+09 0.206473E+12
      721.48  0.264584E+05 0.235329E+09 0.211035E+09 0.218348E+12
      721.50  0.279971E+05 0.249055E+09 0.223311E+09 0.231084E+12
      721.51  0.296464E+05 0.263769E+09 0.236469E+09 0.244738E+12
      721.53  0.314131E+05 0.279533E+09 0.250564E+09 0.259365E+12
      721.54  0.333036E+05 0.296404E+09 0.265647E+09 0.275019E+12
      721.56  0.353236E+05 0.314433E+09 0.281763E+09 0.291748E+12
      721.57  0.374778E+05 0.333663E+09 0.298950E+09 0.309590E+12
      721.59  0.397692E+05 0.354120E+09 0.317231E+09 0.328572E+12
      721.60  0.421984E+05 0.375812E+09 0.336613E+09 0.348700E+12
      721.62  0.447632E+05 0.398717E+09 0.357076E+09 0.369954E+12
      721.63  0.474570E+05 0.422780E+09 0.378569E+09 0.392281E+12
      721.65  0.502681E+05 0.447896E+09 0.400999E+09 0.415586E+12
      721.66  0.531786E+05 0.473905E+09 0.424221E+09 0.439720E+12
      721.68  0.561628E+05 0.500580E+09 0.448033E+09 0.464471E+12
      721.69  0.591866E+05 0.527617E+09 0.472161E+09 0.489559E+12
      721.71  0.622063E+05 0.554626E+09 0.496257E+09 0.514620E+12
      721.72  0.651687E+05 0.581132E+09 0.519896E+09 0.539216E+12
      721.74  0.680113E+05 0.606579E+09 0.542580E+09 0.562828E+12
      721.75  0.706643E+05 0.630343E+09 0.563752E+09 0.584879E+12
      721.77  0.730531E+05 0.651756E+09 0.582817E+09 0.604749E+12
      721.78  0.751022E+05 0.670146E+09 0.599172E+09 0.621814E+12
      721.80  0.767406E+05 0.684877E+09 0.612251E+09 0.635483E+12
      721.81  0.779073E+05 0.695401E+09 0.621566E+09 0.645250E+12
      721.83  0.785562E+05 0.701307E+09 0.626751E+09 0.650731E+12
      721.84  0.786611E+05 0.702357E+09 0.627596E+09 0.651706E+12
      721.86  0.782179E+05 0.698513E+09 0.624068E+09 0.648141E+12
      721.87  0.772451E+05 0.689938E+09 0.616314E+09 0.640185E+12
      721.89  0.757822E+05 0.676981E+09 0.604649E+09 0.628163E+12
      721.90  0.738853E+05 0.660142E+09 0.589521E+09 0.612540E+12
      721.92  0.716224E+05 0.640028E+09 0.571474E+09 0.593877E+12
      721.93  0.690680E+05 0.617301E+09 0.551099E+09 0.572790E+12
      721.95  0.662972E+05 0.592633E+09 0.528997E+09 0.549902E+12
      721.96  0.633818E+05 0.566664E+09 0.505741E+09 0.525806E+12
      721.98  0.603871E+05 0.539977E+09 0.481851E+09 0.501045E+12
      721.99  0.573696E+05 0.513078E+09 0.457779E+09 0.476086E+12
      722.01  0.543762E+05 0.486386E+09 0.433899E+09 0.451319E+12
      722.02  0.514444E+05 0.460236E+09 0.410509E+09 0.427055E+12
      722.04  0.486028E+05 0.434884E+09 0.387839E+09 0.403532E+12
      722.05  0.458718E+05 0.410515E+09 0.366051E+09 0.380920E+12
      722.07  0.432654E+05 0.387253E+09 0.345257E+09 0.359336E+12
      722.08  0.407918E+05 0.365172E+09 0.325522E+09 0.338847E+12
      722.10  0.384548E+05 0.344306E+09 0.306876E+09 0.319486E+12
      722.11  0.362548E+05 0.324661E+09 0.289322E+09 0.301257E+12
      722.13  0.341894E+05 0.306215E+09 0.272844E+09 0.284142E+12
      722.14  0.322548E+05 0.288935E+09 0.257408E+09 0.268108E+12
      722.16  0.304455E+05 0.272772E+09 0.242972E+09 0.253110E+12
      722.17  0.287554E+05 0.257672E+09 0.229487E+09 0.239099E+12
      722.19  0.271780E+05 0.243576E+09 0.216901E+09 0.226020E+12
      722.21  0.257064E+05 0.230424E+09 0.205159E+09 0.213816E+12
      722.22  0.243338E+05 0.218156E+09 0.194207E+09 0.202433E+12
      722.24  0.230536E+05 0.206712E+09 0.183992E+09 0.191814E+12
      722.25  0.218593E+05 0.196036E+09 0.174462E+09 0.181907E+12
      722.27  0.207448E+05 0.186071E+09 0.165570E+09 0.172661E+12
      722.28  0.197044E+05 0.176767E+09 0.157268E+09 0.164028E+12
      722.30  0.187325E+05 0.168076E+09 0.149513E+09 0.155964E+12
      722.31  0.178241E+05 0.159951E+09 0.142264E+09 0.148425E+12
      722.33  0.169745E+05 0.152352E+09 0.135484E+09 0.141373E+12
      722.34  0.161792E+05 0.145237E+09 0.129138E+09 0.134772E+12
      722.36  0.154343E+05 0.138573E+09 0.123194E+09 0.128587E+12
      722.37  0.147359E+05 0.132324E+09 0.117621E+09 0.122789E+12
      722.39  0.140806E+05 0.126460E+09 0.112392E+09 0.117348E+12
      722.40  0.134653E+05 0.120954E+09 0.107482E+09 0.112239E+12
      722.42  0.128870E+05 0.115778E+09 0.102867E+09 0.107436E+12
      722.43  0.123430E+05 0.110909E+09 0.985262E+08 0.102918E+12
      722.45  0.118309E+05 0.106324E+09 0.944393E+08 0.986637E+11
      722.46  0.113483E+05 0.102004E+09 0.905884E+08 0.946549E+11
      722.48  0.108932E+05 0.979292E+08 0.869567E+08 0.908739E+11
      722.49  0.104637E+05 0.940830E+08 0.835289E+08 0.873050E+11
      722.51  0.100579E+05 0.904494E+08 0.802908E+08 0.839333E+11
      722.52  0.967431E+04 0.870138E+08 0.772295E+08 0.807453E+11
      722.54  0.931135E+04 0.837628E+08 0.743329E+08 0.777286E+11
      722.55  0.896764E+04 0.806840E+08 0.715900E+08 0.748718E+11
      722.57  0.864192E+04 0.777660E+08 0.689905E+08 0.721641E+11
      722.58  0.833299E+04 0.749982E+08 0.665251E+08 0.695959E+11
      722.60  0.803978E+04 0.723711E+08 0.641851E+08 0.671581E+11
      722.61  0.776128E+04 0.698754E+08 0.619625E+08 0.648423E+11
      722.63  0.749655E+04 0.675030E+08 0.598498E+08 0.626409E+11
      722.64  0.724474E+04 0.652462E+08 0.578401E+08 0.605467E+11
      722.66  0.700504E+04 0.630978E+08 0.559271E+08 0.585531E+11
      722.67  0.677672E+04 0.610511E+08 0.541050E+08 0.566540E+11
      722.69  0.655910E+04 0.591001E+08 0.523681E+08 0.548437E+11
      722.70  0.635152E+04 0.572391E+08 0.507115E+08 0.531168E+11
      722.72  0.615342E+04 0.554628E+08 0.491303E+08 0.514685E+11
      722.73  0.596422E+04 0.537663E+08 0.476203E+08 0.498942E+11
      722.75  0.578342E+04 0.521449E+08 0.461774E+08 0.483897E+11
      722.76  0.561054E+04 0.505944E+08 0.447976E+08 0.469510E+11
      722.78  0.544515E+04 0.491109E+08 0.434775E+08 0.455744E+11
      722.79  0.528681E+04 0.476906E+08 0.422138E+08 0.442564E+11
      722.81  0.513516E+04 0.463301E+08 0.410034E+08 0.429940E+11
      722.82  0.498981E+04 0.450261E+08 0.398434E+08 0.417840E+11
      722.84  0.485045E+04 0.437757E+08 0.387310E+08 0.406236E+11
      722.85  0.471674E+04 0.425759E+08 0.376638E+08 0.395103E+11
      722.87  0.458840E+04 0.414241E+08 0.366395E+08 0.384415E+11
      722.88  0.446514E+04 0.403179E+08 0.356557E+08 0.374151E+11
      722.90  0.434671E+04 0.392550E+08 0.347104E+08 0.364287E+11
      722.91  0.423287E+04 0.382330E+08 0.338017E+08 0.354804E+11
      722.93  0.412337E+04 0.372501E+08 0.329278E+08 0.345683E+11
      722.94  0.401802E+04 0.363042E+08 0.320868E+08 0.336906E+11
      722.96  0.391660E+04 0.353936E+08 0.312773E+08 0.328456E+11
      722.97  0.381892E+04 0.345166E+08 0.304976E+08 0.320317E+11
      722.99  0.372481E+04 0.336715E+08 0.297465E+08 0.312475E+11
      723.00  0.363410E+04 0.328568E+08 0.290224E+08 0.304916E+11
      723.02  0.354662E+04 0.320711E+08 0.283242E+08 0.297625E+11
      723.03  0.346223E+04 0.313131E+08 0.276506E+08 0.290591E+11
      723.05  0.338079E+04 0.305815E+08 0.270005E+08 0.283803E+11
      723.06  0.330216E+04 0.298752E+08 0.263729E+08 0.277248E+11
      723.08  0.322622E+04 0.291929E+08 0.257667E+08 0.270916E+11
      723.09  0.315285E+04 0.285336E+08 0.251810E+08 0.264798E+11
      723.11  0.308192E+04 0.278963E+08 0.246148E+08 0.258884E+11
      723.12  0.301335E+04 0.272800E+08 0.240674E+08 0.253166E+11
      723.14  0.294702E+04 0.266839E+08 0.235380E+08 0.247634E+11
      723.15  0.288284E+04 0.261070E+08 0.230257E+08 0.242281E+11
      723.17  0.282072E+04 0.255486E+08 0.225298E+08 0.237099E+11
      723.18  0.276058E+04 0.250079E+08 0.220497E+08 0.232082E+11
      723.20  0.270232E+04 0.244842E+08 0.215846E+08 0.227222E+11
      723.40  0.207611E+04 0.188512E+08 0.165856E+08 0.174950E+11
      723.68  0.151059E+04 0.137577E+08 0.120706E+08 0.127684E+11
      723.96  0.114828E+04 0.104897E+08 0.917762E+07 0.973566E+10
      724.24  0.902509E+03 0.826955E+07 0.721500E+07 0.767538E+10
      724.52  0.728237E+03 0.669299E+07 0.582317E+07 0.621231E+10
      724.79  0.600214E+03 0.553316E+07 0.480060E+07 0.513594E+10
      725.07  0.503414E+03 0.465495E+07 0.402734E+07 0.432092E+10
      725.35  0.428449E+03 0.397385E+07 0.342842E+07 0.368882E+10
      725.63  0.369206E+03 0.343485E+07 0.295507E+07 0.318858E+10
      725.91  0.321574E+03 0.300086E+07 0.257444E+07 0.278580E+10
      726.00  0.308047E+03 0.287750E+07 0.246634E+07 0.267131E+10
      726.19  0.282699E+03 0.264618E+07 0.226376E+07 0.245662E+10
      726.47  0.250555E+03 0.235250E+07 0.200685E+07 0.218405E+10
      726.75  0.223670E+03 0.210653E+07 0.179194E+07 0.195576E+10
      727.02  0.200954E+03 0.189841E+07 0.161034E+07 0.176259E+10
      727.30  0.181583E+03 0.172071E+07 0.145546E+07 0.159765E+10
      727.58  0.164931E+03 0.156773E+07 0.132231E+07 0.145567E+10
      727.86  0.150508E+03 0.143507E+07 0.120697E+07 0.133253E+10
      728.14  0.137934E+03 0.131925E+07 0.110641E+07 0.122502E+10
      728.42  0.126903E+03 0.121751E+07 0.101817E+07 0.113059E+10
      728.70  0.117171E+03 0.112764E+07 0.940328E+06 0.104717E+10
      728.98  0.108543E+03 0.104785E+07 0.871295E+06 0.973102E+09
      729.25  0.100855E+03 0.976667E+06 0.809785E+06 0.907027E+09
      729.53  0.939755E+02 0.912888E+06 0.754736E+06 0.847823E+09
      729.81  0.877943E+02 0.855509E+06 0.705270E+06 0.794560E+09
      730.09  0.822194E+02 0.803693E+06 0.660651E+06 0.746459E+09
      730.37  0.771735E+02 0.756735E+06 0.620261E+06 0.702868E+09
      730.65  0.725913E+02 0.714039E+06 0.583580E+06 0.663232E+09
      730.93  0.684173E+02 0.675098E+06 0.550163E+06 0.627082E+09
      731.21  0.646040E+02 0.639480E+06 0.519632E+06 0.594016E+09
      731.48  0.611109E+02 0.606811E+06 0.491660E+06 0.563689E+09
      731.76  0.579027E+02 0.576772E+06 0.465968E+06 0.535801E+09
      732.04  0.549491E+02 0.549082E+06 0.442312E+06 0.510095E+09
      732.32  0.522235E+02 0.523501E+06 0.420481E+06 0.486345E+09
      732.60  0.497030E+02 0.499816E+06 0.400289E+06 0.464356E+09
      732.88  0.473672E+02 0.477842E+06 0.381576E+06 0.443955E+09
      733.16  0.451984E+02 0.457415E+06 0.364199E+06 0.424990E+09
      733.44  0.431809E+02 0.438391E+06 0.348033E+06 0.407327E+09
      733.72  0.413008E+02 0.420642E+06 0.332967E+06 0.390849E+09
      733.99  0.395458E+02 0.404056E+06 0.318901E+06 0.375450E+09
      734.27  0.379049E+02 0.388532E+06 0.305749E+06 0.361035E+09
      734.55  0.363684E+02 0.373978E+06 0.293433E+06 0.347523E+09
      734.83  0.349274E+02 0.360315E+06 0.281881E+06 0.334836E+09
      735.11  0.335742E+02 0.347470E+06 0.271032E+06 0.322910E+09
      735.39  0.323016E+02 0.335377E+06 0.260828E+06 0.311682E+09
      735.67  0.311034E+02 0.323979E+06 0.251219E+06 0.301099E+09
      735.95  0.299737E+02 0.313222E+06 0.242160E+06 0.291110E+09
      736.00  0.297603E+02 0.311188E+06 0.240448E+06 0.289222E+09
      736.22  0.289074E+02 0.303058E+06 0.233608E+06 0.281672E+09
      736.50  0.278998E+02 0.293443E+06 0.225526E+06 0.272745E+09
      736.78  0.269466E+02 0.284338E+06 0.217879E+06 0.264290E+09
      737.06  0.260438E+02 0.275707E+06 0.210637E+06 0.256275E+09
      737.34  0.251880E+02 0.267516E+06 0.203771E+06 0.248670E+09
      737.62  0.243759E+02 0.259737E+06 0.197255E+06 0.241445E+09
      737.90  0.236046E+02 0.252340E+06 0.191065E+06 0.234577E+09
      738.18  0.228712E+02 0.245301E+06 0.185180E+06 0.228040E+09
      738.45  0.221734E+02 0.238597E+06 0.179580E+06 0.221815E+09
      738.73  0.215088E+02 0.232206E+06 0.174245E+06 0.215880E+09
      739.01  0.208754E+02 0.226109E+06 0.169160E+06 0.210218E+09
      739.29  0.202711E+02 0.220287E+06 0.164309E+06 0.204812E+09
      739.57  0.196942E+02 0.214725E+06 0.159678E+06 0.199647E+09
      739.85  0.191430E+02 0.209406E+06 0.155253E+06 0.194707E+09
      740.13  0.186161E+02 0.204316E+06 0.151022E+06 0.189980E+09
      740.41  0.181119E+02 0.199442E+06 0.146973E+06 0.185454E+09
      740.68  0.176292E+02 0.194772E+06 0.143097E+06 0.181117E+09
      740.96  0.171668E+02 0.190294E+06 0.139382E+06 0.176958E+09
      741.24  0.167234E+02 0.185998E+06 0.135821E+06 0.172968E+09
      741.52  0.162982E+02 0.181873E+06 0.132405E+06 0.169138E+09
      741.80  0.158899E+02 0.177911E+06 0.129126E+06 0.165458E+09
      742.08  0.154979E+02 0.174102E+06 0.125976E+06 0.161921E+09
      742.36  0.151211E+02 0.170439E+06 0.122949E+06 0.158519E+09
      742.64  0.147588E+02 0.166915E+06 0.120038E+06 0.155246E+09
      742.92  0.144103E+02 0.163522E+06 0.117237E+06 0.152095E+09
      743.19  0.140748E+02 0.160254E+06 0.114541E+06 0.149059E+09
      743.47  0.137517E+02 0.157104E+06 0.111945E+06 0.146134E+09
      743.75  0.134404E+02 0.154067E+06 0.109443E+06 0.143313E+09
      744.03  0.131403E+02 0.151137E+06 0.107030E+06 0.140592E+09
      744.31  0.128508E+02 0.148310E+06 0.104704E+06 0.137966E+09
      744.59  0.125715E+02 0.145579E+06 0.102458E+06 0.135430E+09
      744.87  0.123019E+02 0.142942E+06 0.100291E+06 0.132981E+09
      745.15  0.120415E+02 0.140394E+06 0.981969E+05 0.130614E+09
      745.42  0.117899E+02 0.137930E+06 0.961738E+05 0.128325E+09
      745.70  0.115466E+02 0.135547E+06 0.942180E+05 0.126112E+09
      745.98  0.113114E+02 0.133241E+06 0.923266E+05 0.123970E+09
      746.00  0.112964E+02 0.133093E+06 0.922054E+05 0.123833E+09
      746.26  0.110839E+02 0.131009E+06 0.904966E+05 0.121897E+09
      746.54  0.108637E+02 0.128847E+06 0.887255E+05 0.119890E+09
      746.82  0.106505E+02 0.126754E+06 0.870106E+05 0.117945E+09
      747.10  0.104439E+02 0.124725E+06 0.853495E+05 0.116061E+09
      747.38  0.102438E+02 0.122758E+06 0.837400E+05 0.114234E+09
      747.65  0.100499E+02 0.120851E+06 0.821799E+05 0.112463E+09
      747.93  0.986186E+01 0.119001E+06 0.806671E+05 0.110744E+09
      748.21  0.967946E+01 0.117206E+06 0.791996E+05 0.109077E+09
      748.49  0.950249E+01 0.115464E+06 0.777758E+05 0.107459E+09
      748.77  0.933072E+01 0.113772E+06 0.763937E+05 0.105887E+09
      749.05  0.916394E+01 0.112129E+06 0.750517E+05 0.104361E+09
      749.33  0.900196E+01 0.110532E+06 0.737483E+05 0.102878E+09
      749.61  0.884460E+01 0.108980E+06 0.724820E+05 0.101437E+09
      749.88  0.869167E+01 0.107472E+06 0.712512E+05 0.100035E+09
      750.16  0.854301E+01 0.106005E+06 0.700547E+05 0.986731E+08
      750.44  0.839844E+01 0.104579E+06 0.688912E+05 0.973478E+08
      750.72  0.825783E+01 0.103191E+06 0.677594E+05 0.960585E+08
      751.00  0.812102E+01 0.101840E+06 0.666582E+05 0.948037E+08
      756.00  0.618120E+01 0.826648E+05 0.510386E+05 0.769928E+08
      766.00  0.400230E+01 0.612667E+05 0.334836E+05 0.571186E+08
      776.00  0.284494E+01 0.503290E+05 0.241619E+05 0.469646E+08
      786.00  0.213874E+01 0.442122E+05 0.184831E+05 0.412923E+08
      796.00  0.166347E+01 0.407063E+05 0.146714E+05 0.380486E+08
      806.00  0.131889E+01 0.387954E+05 0.119160E+05 0.362898E+08
      816.00  0.105398E+01 0.379609E+05 0.980215E+04 0.355339E+08
      826.00  0.840624E+00 0.379187E+05 0.809930E+04 0.355172E+08
      836.00  0.662570E+00 0.385071E+05 0.667193E+04 0.360897E+08
      846.00  0.510279E+00 0.396335E+05 0.543771E+04 0.371652E+08
      856.00  0.378350E+00 0.412470E+05 0.434665E+04 0.386969E+08
      866.00  0.264209E+00 0.433235E+05 0.337006E+04 0.406625E+08
      876.00  0.167412E+00 0.458576E+05 0.249481E+04 0.430572E+08
      886.00  0.893192E-01 0.488572E+05 0.172021E+04 0.458885E+08
      896.00  0.329752E-01 0.523401E+05 0.105669E+04 0.491733E+08
      906.00  0.312548E-02 0.563322E+05 0.525496E+03 0.529357E+08
      916.00  0.633097E-02 0.608658E+05 0.159098E+03 0.572057E+08
      926.00  0.511505E-01 0.659778E+05 0.215204E+01 0.620177E+08
      936.00  0.148373E+00 0.717091E+05 0.112818E+03 0.674098E+08
      946.00  0.311284E+00 0.781031E+05 0.564347E+03 0.734220E+08
      956.00  0.555944E+00 0.852039E+05 0.144682E+04 0.800947E+08
      966.00  0.901466E+00 0.930544E+05 0.286891E+04 0.874676E+08
      976.00  0.137024E+01 0.101694E+06 0.495945E+04 0.955765E+08
      986.00  0.198810E+01 0.111157E+06 0.786859E+04 0.104451E+09
      996.00  0.278432E+01 0.121465E+06 0.117683E+05 0.114112E+09
     1006.00  0.379151E+01 0.132630E+06 0.168517E+05 0.124567E+09
     1016.00  0.504518E+01 0.144644E+06 0.233314E+05 0.135806E+09
     1026.00  0.658303E+01 0.157478E+06 0.314353E+05 0.147801E+09
     1036.00  0.844393E+01 0.171076E+06 0.414009E+05 0.160496E+09
     1046.00  0.106665E+02 0.185354E+06 0.534672E+05 0.173809E+09
     1056.00  0.132871E+02 0.200193E+06 0.678637E+05 0.187627E+09
     1066.00  0.163382E+02 0.215443E+06 0.847983E+05 0.201805E+09
     1076.00  0.198453E+02 0.230920E+06 0.104443E+06 0.216171E+09
     1086.00  0.238257E+02 0.246415E+06 0.126921E+06 0.230524E+09
     1096.00  0.282855E+02 0.261697E+06 0.152292E+06 0.244647E+09
     1106.00  0.332189E+02 0.276521E+06 0.180545E+06 0.258311E+09
     1116.00  0.386069E+02 0.290646E+06 0.211590E+06 0.271287E+09
     1126.00  0.444179E+02 0.303839E+06 0.245259E+06 0.283361E+09
     1136.00  0.506084E+02 0.315893E+06 0.281315E+06 0.294339E+09
     1146.00  0.571258E+02 0.326635E+06 0.319456E+06 0.304062E+09
     1156.00  0.639105E+02 0.335938E+06 0.359338E+06 0.312412E+09
     1166.00  0.708993E+02 0.343717E+06 0.400591E+06 0.319315E+09
     1176.00  0.780288E+02 0.349938E+06 0.442836E+06 0.324742E+09
     1186.00  0.852379E+02 0.354613E+06 0.485703E+06 0.328709E+09
     1196.00  0.924702E+02 0.357791E+06 0.528851E+06 0.331264E+09
     1206.00  0.996764E+02 0.359556E+06 0.571972E+06 0.332491E+09
     1216.00  0.106815E+03 0.360017E+06 0.614803E+06 0.332494E+09
     1226.00  0.113851E+03 0.359297E+06 0.657127E+06 0.331392E+09
     1236.00  0.120760E+03 0.357530E+06 0.698777E+06 0.329313E+09
     1246.00  0.127523E+03 0.354853E+06 0.739626E+06 0.326385E+09
     1256.00  0.134129E+03 0.351397E+06 0.779587E+06 0.322735E+09
     1266.00  0.140570E+03 0.347289E+06 0.818609E+06 0.318481E+09
     1276.00  0.146846E+03 0.342644E+06 0.856665E+06 0.313734E+09
     1286.00  0.152957E+03 0.337568E+06 0.893754E+06 0.308591E+09
     1296.00  0.158908E+03 0.332155E+06 0.929889E+06 0.303142E+09
     1306.00  0.164705E+03 0.326486E+06 0.965096E+06 0.297464E+09
     1316.00  0.170355E+03 0.320633E+06 0.999412E+06 0.291622E+09
     1326.00  0.175866E+03 0.314656E+06 0.103287E+07 0.285672E+09
     1336.00  0.181246E+03 0.308605E+06 0.106553E+07 0.279663E+09
     1346.00  0.186503E+03 0.302521E+06 0.109741E+07 0.273633E+09
     1356.00  0.191645E+03 0.296441E+06 0.112857E+07 0.267613E+09
     1366.00  0.196680E+03 0.290390E+06 0.115903E+07 0.261631E+09
     1376.00  0.201613E+03 0.284393E+06 0.118885E+07 0.255707E+09
     1386.00  0.206450E+03 0.278466E+06 0.121805E+07 0.249856E+09
     1396.00  0.211199E+03 0.272624E+06 0.124666E+07 0.244093E+09
     1406.00  0.215863E+03 0.266876E+06 0.127472E+07 0.238425E+09
     1416.00  0.220446E+03 0.261231E+06 0.130223E+07 0.232861E+09
     1426.00  0.224953E+03 0.255693E+06 0.132924E+07 0.227405E+09
     1436.00  0.229386E+03 0.250267E+06 0.135574E+07 0.222060E+09
     1446.00  0.233748E+03 0.244953E+06 0.138177E+07 0.216828E+09
     1456.00  0.238041E+03 0.239754E+06 0.140732E+07 0.211709E+09
     1466.00  0.242267E+03 0.234668E+06 0.143241E+07 0.206704E+09
     1476.00  0.246428E+03 0.229694E+06 0.145705E+07 0.201810E+09
     1486.00  0.250523E+03 0.224832E+06 0.148124E+07 0.197027E+09
     1496.00  0.254555E+03 0.220079E+06 0.150499E+07 0.192353E+09
     1506.00  0.258523E+03 0.215433E+06 0.152830E+07 0.187786E+09
     1516.00  0.262428E+03 0.210892E+06 0.155117E+07 0.183323E+09
     1526.00  0.266269E+03 0.206452E+06 0.157360E+07 0.178961E+09
     1536.00  0.270047E+03 0.202111E+06 0.159559E+07 0.174698E+09
     1546.00  0.273760E+03 0.197865E+06 0.161714E+07 0.170532E+09
     1556.00  0.277409E+03 0.193713E+06 0.163824E+07 0.166459E+09
     1566.00  0.280992E+03 0.189651E+06 0.165890E+07 0.162477E+09
     1576.00  0.284510E+03 0.185677E+06 0.167910E+07 0.158584E+09
     1586.00  0.287961E+03 0.181788E+06 0.169885E+07 0.154777E+09
     1596.00  0.291344E+03 0.177981E+06 0.171814E+07 0.151053E+09
     1606.00  0.294660E+03 0.174254E+06 0.173696E+07 0.147410E+09
     1616.00  0.297906E+03 0.170604E+06 0.175532E+07 0.143847E+09
     1626.00  0.301083E+03 0.167029E+06 0.177321E+07 0.140360E+09
     1636.00  0.304189E+03 0.163527E+06 0.179062E+07 0.136947E+09
     1646.00  0.307223E+03 0.160095E+06 0.180755E+07 0.133608E+09
     1656.00  0.310186E+03 0.156733E+06 0.182401E+07 0.130339E+09
     1666.00  0.313076E+03 0.153437E+06 0.183998E+07 0.127140E+09
     1676.00  0.315893E+03 0.150206E+06 0.185546E+07 0.124008E+09
     1686.00  0.318636E+03 0.147039E+06 0.187045E+07 0.120941E+09
     1696.00  0.321304E+03 0.143934E+06 0.188495E+07 0.117939E+09
     1706.00  0.323898E+03 0.140888E+06 0.189896E+07 0.115000E+09
     1716.00  0.326416E+03 0.137902E+06 0.191247E+07 0.112121E+09
     1726.00  0.328858E+03 0.134972E+06 0.192549E+07 0.109303E+09
     1736.00  0.331224E+03 0.132098E+06 0.193801E+07 0.106544E+09
     1746.00  0.333514E+03 0.129279E+06 0.195004E+07 0.103842E+09
     1756.00  0.335727E+03 0.126514E+06 0.196157E+07 0.101196E+09
     1766.00  0.337864E+03 0.123801E+06 0.197260E+07 0.986055E+08
     1776.00  0.339924E+03 0.121139E+06 0.198314E+07 0.960689E+08
     1786.00  0.341907E+03 0.118527E+06 0.199318E+07 0.935852E+08
     1796.00  0.343812E+03 0.115964E+06 0.200273E+07 0.911534E+08
     1806.00  0.345641E+03 0.113448E+06 0.201179E+07 0.887726E+08
     1816.00  0.347392E+03 0.110980E+06 0.202035E+07 0.864416E+08
     1826.00  0.349066E+03 0.108558E+06 0.202843E+07 0.841596E+08
     1836.00  0.350663E+03 0.106182E+06 0.203602E+07 0.819258E+08
     1846.00  0.352184E+03 0.103849E+06 0.204313E+07 0.797392E+08
     1856.00  0.353628E+03 0.101560E+06 0.204975E+07 0.775989E+08
     1866.00  0.354996E+03 0.993142E+05 0.205590E+07 0.755043E+08
     1876.00  0.356288E+03 0.971101E+05 0.206157E+07 0.734544E+08
     1886.00  0.357505E+03 0.949472E+05 0.206677E+07 0.714485E+08
     1896.00  0.358646E+03 0.928249E+05 0.207150E+07 0.694858E+08
     1906.00  0.359712E+03 0.907422E+05 0.207577E+07 0.675656E+08
     1916.00  0.360705E+03 0.886987E+05 0.207958E+07 0.656871E+08
     1926.00  0.361623E+03 0.866937E+05 0.208294E+07 0.638496E+08
     1936.00  0.362468E+03 0.847264E+05 0.208584E+07 0.620525E+08
     1946.00  0.363241E+03 0.827964E+05 0.208831E+07 0.602950E+08
     1956.00  0.363941E+03 0.809030E+05 0.209033E+07 0.585765E+08
     1966.00  0.364571E+03 0.790455E+05 0.209192E+07 0.568964E+08
     1976.00  0.365129E+03 0.772235E+05 0.209308E+07 0.552539E+08
     1986.00  0.365618E+03 0.754364E+05 0.209382E+07 0.536485E+08
     1996.00  0.366038E+03 0.736835E+05 0.209414E+07 0.520796E+08
     2006.00  0.366390E+03 0.719643E+05 0.209405E+07 0.505464E+08
     2016.00  0.366674E+03 0.702783E+05 0.209356E+07 0.490484E+08
     2026.00  0.366891E+03 0.686250E+05 0.209267E+07 0.475851E+08
     2036.00  0.367041E+03 0.670038E+05 0.209139E+07 0.461557E+08
     2046.00  0.367127E+03 0.654142E+05 0.208972E+07 0.447597E+08
     2056.00  0.367149E+03 0.638558E+05 0.208767E+07 0.433966E+08
     2066.00  0.367107E+03 0.623279E+05 0.208525E+07 0.420658E+08
     2076.00  0.367003E+03 0.608302E+05 0.208246E+07 0.407667E+08
     2086.00  0.366837E+03 0.593622E+05 0.207931E+07 0.394987E+08
     2096.00  0.366610E+03 0.579233E+05 0.207581E+07 0.382613E+08
     2106.00  0.366323E+03 0.565131E+05 0.207196E+07 0.370540E+08
     2116.00  0.365977E+03 0.551312E+05 0.206777E+07 0.358762E+08
     2126.00  0.365573E+03 0.537770E+05 0.206324E+07 0.347273E+08
     2136.00  0.365112E+03 0.524501E+05 0.205839E+07 0.336070E+08
     2146.00  0.364594E+03 0.511501E+05 0.205322E+07 0.325146E+08
     2156.00  0.364021E+03 0.498765E+05 0.204773E+07 0.314496E+08
     2166.00  0.363394E+03 0.486290E+05 0.204194E+07 0.304115E+08
     2176.00  0.362714E+03 0.474071E+05 0.203585E+07 0.293999E+08
     2186.00  0.361981E+03 0.462103E+05 0.202946E+07 0.284142E+08
     2196.00  0.361197E+03 0.450383E+05 0.202279E+07 0.274540E+08
     2206.00  0.360362E+03 0.438907E+05 0.201583E+07 0.265188E+08
     2216.00  0.359478E+03 0.427670E+05 0.200860E+07 0.256081E+08
     2226.00  0.358545E+03 0.416668E+05 0.200111E+07 0.247214E+08
     2236.00  0.357564E+03 0.405898E+05 0.199335E+07 0.238583E+08
     2246.00  0.356537E+03 0.395356E+05 0.198535E+07 0.230183E+08
     2256.00  0.355465E+03 0.385037E+05 0.197709E+07 0.222009E+08
     2266.00  0.354347E+03 0.374939E+05 0.196860E+07 0.214058E+08
     2276.00  0.353186E+03 0.365058E+05 0.195987E+07 0.206325E+08
     2286.00  0.351983E+03 0.355389E+05 0.195092E+07 0.198805E+08
     2296.00  0.350738E+03 0.345929E+05 0.194174E+07 0.191495E+08
     2306.00  0.349453E+03 0.336675E+05 0.193236E+07 0.184390E+08
     2316.00  0.348127E+03 0.327623E+05 0.192276E+07 0.177485E+08
     2326.00  0.346763E+03 0.318770E+05 0.191297E+07 0.170778E+08
     2336.00  0.345361E+03 0.310111E+05 0.190298E+07 0.164263E+08
     2346.00  0.343922E+03 0.301644E+05 0.189280E+07 0.157936E+08
     2356.00  0.342448E+03 0.293366E+05 0.188244E+07 0.151794E+08
     2366.00  0.340938E+03 0.285272E+05 0.187190E+07 0.145833E+08
     2376.00  0.339394E+03 0.277360E+05 0.186119E+07 0.140050E+08
     2386.00  0.337817E+03 0.269627E+05 0.185032E+07 0.134439E+08
     2396.00  0.336208E+03 0.262068E+05 0.183929E+07 0.128997E+08
     2406.00  0.334568E+03 0.254682E+05 0.182811E+07 0.123722E+08
     2416.00  0.332897E+03 0.247465E+05 0.181678E+07 0.118608E+08
     2426.00  0.331196E+03 0.240414E+05 0.180531E+07 0.113653E+08
     2436.00  0.329467E+03 0.233525E+05 0.179371E+07 0.108854E+08
     2446.00  0.327710E+03 0.226797E+05 0.178197E+07 0.104205E+08
     2456.00  0.325926E+03 0.220225E+05 0.177011E+07 0.997050E+07
     2466.00  0.324116E+03 0.213807E+05 0.175813E+07 0.953495E+07
     2476.00  0.322280E+03 0.207541E+05 0.174603E+07 0.911355E+07
     2486.00  0.320420E+03 0.201423E+05 0.173383E+07 0.870597E+07
     2496.00  0.318536E+03 0.195450E+05 0.172152E+07 0.831189E+07
     2506.00  0.316630E+03 0.189620E+05 0.170911E+07 0.793099E+07
     2516.00  0.314702E+03 0.183930E+05 0.169661E+07 0.756297E+07
     2526.00  0.312752E+03 0.178378E+05 0.168402E+07 0.720751E+07
     2536.00  0.310782E+03 0.172960E+05 0.167135E+07 0.686433E+07
     2546.00  0.308793E+03 0.167675E+05 0.165860E+07 0.653312E+07
     2556.00  0.306784E+03 0.162519E+05 0.164578E+07 0.621359E+07
     2566.00  0.304758E+03 0.157491E+05 0.163288E+07 0.590546E+07
     2576.00  0.302715E+03 0.152587E+05 0.161992E+07 0.560845E+07
     2586.00  0.300654E+03 0.147806E+05 0.160690E+07 0.532228E+07
     2596.00  0.298579E+03 0.143144E+05 0.159382E+07 0.504667E+07
     2606.00  0.296488E+03 0.138600E+05 0.158069E+07 0.478138E+07
     2616.00  0.294383E+03 0.134171E+05 0.156752E+07 0.452612E+07
     2626.00  0.292264E+03 0.129855E+05 0.155430E+07 0.428065E+07
     2636.00  0.290132E+03 0.125650E+05 0.154104E+07 0.404471E+07
     2646.00  0.287989E+03 0.121553E+05 0.152775E+07 0.381806E+07
     2656.00  0.285833E+03 0.117562E+05 0.151443E+07 0.360044E+07
     2666.00  0.283668E+03 0.113676E+05 0.150108E+07 0.339163E+07
     2676.00  0.281492E+03 0.109891E+05 0.148771E+07 0.319139E+07
     2686.00  0.279306E+03 0.106206E+05 0.147432E+07 0.299948E+07
     2696.00  0.277112E+03 0.102619E+05 0.146091E+07 0.281568E+07
     2706.00  0.274909E+03 0.991277E+04 0.144749E+07 0.263978E+07
     2716.00  0.272699E+03 0.957302E+04 0.143406E+07 0.247154E+07
     2726.00  0.270482E+03 0.924244E+04 0.142063E+07 0.231076E+07
     2736.00  0.268258E+03 0.892085E+04 0.140719E+07 0.215722E+07
     2746.00  0.266028E+03 0.860806E+04 0.139376E+07 0.201073E+07
     2756.00  0.263794E+03 0.830389E+04 0.138033E+07 0.187109E+07
     2766.00  0.261555E+03 0.800814E+04 0.136691E+07 0.173808E+07
     2776.00  0.259311E+03 0.772063E+04 0.135350E+07 0.161153E+07
     2786.00  0.257064E+03 0.744120E+04 0.134010E+07 0.149124E+07
     2796.00  0.254814E+03 0.716965E+04 0.132672E+07 0.137703E+07
     2806.00  0.252562E+03 0.690583E+04 0.131336E+07 0.126871E+07
     2816.00  0.250308E+03 0.664956E+04 0.130002E+07 0.116611E+07
     2826.00  0.248052E+03 0.640068E+04 0.128671E+07 0.106905E+07
     2836.00  0.245795E+03 0.615902E+04 0.127342E+07 0.977365E+06
     2846.00  0.243537E+03 0.592442E+04 0.126017E+07 0.890883E+06
     2856.00  0.241280E+03 0.569673E+04 0.124694E+07 0.809444E+06
     2866.00  0.239023E+03 0.547579E+04 0.123375E+07 0.732886E+06
     2876.00  0.236767E+03 0.526145E+04 0.122060E+07 0.661053E+06
     2886.00  0.234513E+03 0.505356E+04 0.120749E+07 0.593793E+06
     2896.00  0.232260E+03 0.485198E+04 0.119442E+07 0.530955E+06
     2906.00  0.230010E+03 0.465655E+04 0.118140E+07 0.472393E+06
     2916.00  0.227762E+03 0.446713E+04 0.116842E+07 0.417964E+06
     2926.00  0.225518E+03 0.428360E+04 0.115549E+07 0.367528E+06
     2936.00  0.223277E+03 0.410580E+04 0.114261E+07 0.320947E+06
     2946.00  0.221040E+03 0.393361E+04 0.112978E+07 0.278090E+06
     2956.00  0.218807E+03 0.376690E+04 0.111701E+07 0.238824E+06
     2966.00  0.216579E+03 0.360553E+04 0.110430E+07 0.203022E+06
     2976.00  0.214356E+03 0.344937E+04 0.109164E+07 0.170560E+06
     2986.00  0.212138E+03 0.329831E+04 0.107904E+07 0.141316E+06
     2996.00  0.209927E+03 0.315223E+04 0.106650E+07 0.115171E+06
     3006.00  0.207721E+03 0.301099E+04 0.105403E+07 0.920092E+05
     3016.00  0.205522E+03 0.287448E+04 0.104162E+07 0.717172E+05
     3026.00  0.203330E+03 0.274260E+04 0.102928E+07 0.541846E+05
     3036.00  0.201145E+03 0.261521E+04 0.101700E+07 0.393039E+05
     3046.00  0.198968E+03 0.249222E+04 0.100480E+07 0.269697E+05
     3056.00  0.196798E+03 0.237351E+04 0.992661E+06 0.170798E+05
     3066.00  0.194637E+03 0.225897E+04 0.980597E+06 0.953422E+04
     3076.00  0.192483E+03 0.214851E+04 0.968606E+06 0.423556E+04
     3086.00  0.190339E+03 0.204201E+04 0.956689E+06 0.108894E+04
     3096.00  0.188203E+03 0.193938E+04 0.944847E+06 0.194132E+01
     3106.00  0.186076E+03 0.184051E+04 0.933081E+06 0.884495E+03
     3116.00  0.183959E+03 0.174531E+04 0.921392E+06 0.364891E+04
     3126.00  0.181851E+03 0.165369E+04 0.909781E+06 0.820979E+04
     3136.00  0.179754E+03 0.156555E+04 0.898250E+06 0.144840E+05
     3146.00  0.177666E+03 0.148079E+04 0.886799E+06 0.223907E+05
     3156.00  0.175589E+03 0.139934E+04 0.875429E+06 0.318512E+05
     3166.00  0.173523E+03 0.132109E+04 0.864141E+06 0.427889E+05
     3176.00  0.171467E+03 0.124597E+04 0.852935E+06 0.551294E+05
     3186.00  0.169422E+03 0.117389E+04 0.841813E+06 0.688003E+05
     3196.00  0.167389E+03 0.110477E+04 0.830775E+06 0.837313E+05
     3206.00  0.165367E+03 0.103853E+04 0.819821E+06 0.998540E+05
     3216.00  0.163356E+03 0.975082E+03 0.808953E+06 0.117102E+06
     3226.00  0.161357E+03 0.914356E+03 0.798171E+06 0.135411E+06
     3236.00  0.159370E+03 0.856273E+03 0.787474E+06 0.154718E+06
     3246.00  0.157396E+03 0.800759E+03 0.776865E+06 0.174962E+06
     3256.00  0.155433E+03 0.747742E+03 0.766344E+06 0.196085E+06
     3266.00  0.153483E+03 0.697150E+03 0.755910E+06 0.218029E+06
     3276.00  0.151546E+03 0.648913E+03 0.745565E+06 0.240739E+06
     3286.00  0.149621E+03 0.602963E+03 0.735309E+06 0.264161E+06
     3296.00  0.147709E+03 0.559234E+03 0.725141E+06 0.288243E+06
     3306.00  0.145810E+03 0.517659E+03 0.715063E+06 0.312935E+06
     3316.00  0.143924E+03 0.478174E+03 0.705075E+06 0.338187E+06
     3326.00  0.142052E+03 0.440717E+03 0.695177E+06 0.363953E+06
     3336.00  0.140192E+03 0.405227E+03 0.685369E+06 0.390186E+06
     3346.00  0.138347E+03 0.371643E+03 0.675651E+06 0.416843E+06
     3356.00  0.136515E+03 0.339908E+03 0.666023E+06 0.443880E+06
     3366.00  0.134696E+03 0.309963E+03 0.656487E+06 0.471256E+06
     3376.00  0.132891E+03 0.281753E+03 0.647041E+06 0.498931E+06
     3386.00  0.131100E+03 0.255223E+03 0.637686E+06 0.526867E+06
     3396.00  0.129323E+03 0.230320E+03 0.628422E+06 0.555027E+06
     3406.00  0.127560E+03 0.206991E+03 0.619248E+06 0.583373E+06
     3416.00  0.125811E+03 0.185185E+03 0.610166E+06 0.611872E+06
     3426.00  0.124077E+03 0.164852E+03 0.601175E+06 0.640491E+06
     3436.00  0.122356E+03 0.145944E+03 0.592274E+06 0.669197E+06
     3446.00  0.120650E+03 0.128413E+03 0.583465E+06 0.697959E+06
     3456.00  0.118958E+03 0.112212E+03 0.574746E+06 0.726747E+06
     3466.00  0.117280E+03 0.972963E+02 0.566117E+06 0.755533E+06
     3476.00  0.115617E+03 0.836210E+02 0.557579E+06 0.784288E+06
     3486.00  0.113968E+03 0.711430E+02 0.549132E+06 0.812988E+06
     3496.00  0.112334E+03 0.598200E+02 0.540774E+06 0.841605E+06
     3506.00  0.110714E+03 0.496110E+02 0.532506E+06 0.870116E+06
     3516.00  0.109109E+03 0.404756E+02 0.524328E+06 0.898497E+06
     3526.00  0.107519E+03 0.323746E+02 0.516239E+06 0.926726E+06
     3536.00  0.105943E+03 0.252697E+02 0.508239E+06 0.954781E+06
     3546.00  0.104381E+03 0.191236E+02 0.500328E+06 0.982642E+06
     3556.00  0.102834E+03 0.138999E+02 0.492506E+06 0.101029E+07
     3566.00  0.101302E+03 0.956314E+01 0.484772E+06 0.103771E+07
     3576.00  0.997847E+02 0.607865E+01 0.477126E+06 0.106487E+07
     3586.00  0.982818E+02 0.341273E+01 0.469568E+06 0.109177E+07
     3596.00  0.967936E+02 0.153254E+01 0.462097E+06 0.111838E+07
     3606.00  0.953200E+02 0.406031E+00 0.454713E+06 0.114470E+07
     3616.00  0.938610E+02 0.202766E-02 0.447415E+06 0.117070E+07
     3626.00  0.924166E+02 0.290143E+00 0.440204E+06 0.119638E+07
     3636.00  0.909869E+02 0.124079E+01 0.433078E+06 0.122171E+07
     3646.00  0.895717E+02 0.282517E+01 0.426038E+06 0.124670E+07
     3656.00  0.881711E+02 0.501522E+01 0.419082E+06 0.127131E+07
     3666.00  0.867850E+02 0.778367E+01 0.412211E+06 0.129556E+07
     3676.00  0.854135E+02 0.111039E+02 0.405424E+06 0.131941E+07
     3686.00  0.840565E+02 0.149502E+02 0.398720E+06 0.134288E+07
     3696.00  0.827139E+02 0.192973E+02 0.392099E+06 0.136593E+07
     3706.00  0.813858E+02 0.241209E+02 0.385561E+06 0.138858E+07
     3716.00  0.800721E+02 0.293971E+02 0.379105E+06 0.141081E+07
     3726.00  0.787727E+02 0.351029E+02 0.372731E+06 0.143260E+07
     3736.00  0.774877E+02 0.412158E+02 0.366438E+06 0.145397E+07
     3746.00  0.762170E+02 0.477139E+02 0.360225E+06 0.147489E+07
     3756.00  0.749604E+02 0.545762E+02 0.354093E+06 0.149536E+07
     3766.00  0.737181E+02 0.617821E+02 0.348040E+06 0.151539E+07
     3776.00  0.724900E+02 0.693114E+02 0.342065E+06 0.153496E+07
     3786.00  0.712759E+02 0.771450E+02 0.336169E+06 0.155406E+07
     3796.00  0.700758E+02 0.852638E+02 0.330351E+06 0.157271E+07
     3806.00  0.688897E+02 0.936498E+02 0.324611E+06 0.159088E+07
     3816.00  0.677176E+02 0.102285E+03 0.318946E+06 0.160859E+07
     3826.00  0.665593E+02 0.111153E+03 0.313359E+06 0.162582E+07
     3836.00  0.654148E+02 0.120236E+03 0.307846E+06 0.164258E+07
     3846.00  0.642840E+02 0.129518E+03 0.302409E+06 0.165886E+07
     3856.00  0.631669E+02 0.138984E+03 0.297045E+06 0.167466E+07
     3866.00  0.620635E+02 0.148619E+03 0.291756E+06 0.168999E+07
     3876.00  0.609736E+02 0.158408E+03 0.286540E+06 0.170483E+07
     3886.00  0.598971E+02 0.168337E+03 0.281396E+06 0.171920E+07
     3896.00  0.588340E+02 0.178392E+03 0.276324E+06 0.173308E+07
     3906.00  0.577843E+02 0.188560E+03 0.271324E+06 0.174649E+07
     3916.00  0.567478E+02 0.198827E+03 0.266394E+06 0.175942E+07
     3926.00  0.557245E+02 0.209182E+03 0.261534E+06 0.177187E+07
     3936.00  0.547143E+02 0.219613E+03 0.256744E+06 0.178384E+07
     3946.00  0.537171E+02 0.230108E+03 0.252023E+06 0.179534E+07
     3956.00  0.527328E+02 0.240655E+03 0.247369E+06 0.180637E+07
     3966.00  0.517614E+02 0.251244E+03 0.242784E+06 0.181692E+07
     3976.00  0.508028E+02 0.261865E+03 0.238265E+06 0.182701E+07
     3986.00  0.498568E+02 0.272508E+03 0.233812E+06 0.183663E+07
     3996.00  0.489235E+02 0.283163E+03 0.229425E+06 0.184579E+07
     4006.00  0.480027E+02 0.293820E+03 0.225104E+06 0.185448E+07
     4016.00  0.470943E+02 0.304471E+03 0.220846E+06 0.186272E+07
     4026.00  0.461983E+02 0.315106E+03 0.216653E+06 0.187050E+07
     4036.00  0.453146E+02 0.325719E+03 0.212522E+06 0.187784E+07
     4046.00  0.444431E+02 0.336300E+03 0.208454E+06 0.188472E+07
     4056.00  0.435836E+02 0.346842E+03 0.204448E+06 0.189117E+07
     4066.00  0.427361E+02 0.357339E+03 0.200503E+06 0.189717E+07
     4076.00  0.419006E+02 0.367781E+03 0.196619E+06 0.190274E+07
     4086.00  0.410769E+02 0.378164E+03 0.192794E+06 0.190788E+07
     4096.00  0.402649E+02 0.388480E+03 0.189029E+06 0.191259E+07
     4106.00  0.394645E+02 0.398723E+03 0.185322E+06 0.191688E+07
     4116.00  0.386757E+02 0.408888E+03 0.181674E+06 0.192075E+07
     4126.00  0.378983E+02 0.418968E+03 0.178083E+06 0.192421E+07
     4136.00  0.371323E+02 0.428959E+03 0.174549E+06 0.192726E+07
     4146.00  0.363775E+02 0.438854E+03 0.171071E+06 0.192991E+07
     4156.00  0.356339E+02 0.448650E+03 0.167648E+06 0.193216E+07
     4166.00  0.349014E+02 0.458342E+03 0.164280E+06 0.193402E+07
     4176.00  0.341799E+02 0.467924E+03 0.160967E+06 0.193549E+07
     4186.00  0.334692E+02 0.477394E+03 0.157708E+06 0.193658E+07
     4196.00  0.327694E+02 0.486746E+03 0.154501E+06 0.193729E+07
     4206.00  0.320802E+02 0.495977E+03 0.151347E+06 0.193764E+07
     4216.00  0.314017E+02 0.505084E+03 0.148244E+06 0.193761E+07
     4226.00  0.307336E+02 0.514063E+03 0.145193E+06 0.193723E+07
     4236.00  0.300759E+02 0.522911E+03 0.142193E+06 0.193649E+07
     4246.00  0.294285E+02 0.531625E+03 0.139242E+06 0.193541E+07
     4256.00  0.287913E+02 0.540202E+03 0.136341E+06 0.193398E+07
     4266.00  0.281643E+02 0.548639E+03 0.133488E+06 0.193221E+07
     4276.00  0.275472E+02 0.556935E+03 0.130684E+06 0.193011E+07
     4286.00  0.269401E+02 0.565086E+03 0.127927E+06 0.192769E+07
     4296.00  0.263427E+02 0.573091E+03 0.125217E+06 0.192495E+07
     4306.00  0.257551E+02 0.580948E+03 0.122554E+06 0.192189E+07
     4316.00  0.251771E+02 0.588654E+03 0.119936E+06 0.191853E+07
     4326.00  0.246086E+02 0.596209E+03 0.117364E+06 0.191486E+07
     4336.00  0.240496E+02 0.603610E+03 0.114836E+06 0.191089E+07
     4346.00  0.234998E+02 0.610857E+03 0.112353E+06 0.190664E+07
     4356.00  0.229593E+02 0.617948E+03 0.109913E+06 0.190210E+07
     4366.00  0.224280E+02 0.624881E+03 0.107515E+06 0.189728E+07
     4376.00  0.219056E+02 0.631657E+03 0.105161E+06 0.189219E+07
     4386.00  0.213922E+02 0.638273E+03 0.102848E+06 0.188683E+07
     4396.00  0.208876E+02 0.644730E+03 0.100576E+06 0.188121E+07
     4406.00  0.203918E+02 0.651027E+03 0.983446E+05 0.187533E+07
     4416.00  0.199046E+02 0.657163E+03 0.961536E+05 0.186921E+07
     4426.00  0.194260E+02 0.663137E+03 0.940023E+05 0.186283E+07
     4436.00  0.189558E+02 0.668951E+03 0.918899E+05 0.185622E+07
     4446.00  0.184940E+02 0.674602E+03 0.898161E+05 0.184938E+07
     4456.00  0.180404E+02 0.680092E+03 0.877802E+05 0.184231E+07
     4466.00  0.175950E+02 0.685420E+03 0.857818E+05 0.183502E+07
     4476.00  0.171576E+02 0.690586E+03 0.838204E+05 0.182752E+07
     4486.00  0.167283E+02 0.695591E+03 0.818953E+05 0.181980E+07
     4511.00  0.156892E+02 0.707399E+03 0.772386E+05 0.179963E+07
     4536.00  0.146979E+02 0.718206E+03 0.727984E+05 0.177827E+07
     4561.00  0.137529E+02 0.728021E+03 0.685667E+05 0.175579E+07
     4586.00  0.128529E+02 0.736856E+03 0.645361E+05 0.173230E+07
     4611.00  0.119964E+02 0.744725E+03 0.606992E+05 0.170785E+07
     4636.00  0.111820E+02 0.751645E+03 0.570486E+05 0.168255E+07
     4661.00  0.104084E+02 0.757635E+03 0.535775E+05 0.165645E+07
     4686.00  0.967413E+01 0.762713E+03 0.502787E+05 0.162964E+07
     4711.00  0.897795E+01 0.766901E+03 0.471458E+05 0.160219E+07
     4736.00  0.831851E+01 0.770223E+03 0.441720E+05 0.157416E+07
     4761.00  0.769453E+01 0.772702E+03 0.413511E+05 0.154563E+07
     4786.00  0.710473E+01 0.774362E+03 0.386769E+05 0.151666E+07
     4811.00  0.654789E+01 0.775230E+03 0.361433E+05 0.148731E+07
     4836.00  0.602278E+01 0.775331E+03 0.337447E+05 0.145764E+07
     4861.00  0.552821E+01 0.774693E+03 0.314752E+05 0.142771E+07
     4886.00  0.506300E+01 0.773343E+03 0.293295E+05 0.139757E+07
     4911.00  0.462602E+01 0.771307E+03 0.273021E+05 0.136729E+07
     4936.00  0.421614E+01 0.768615E+03 0.253881E+05 0.133690E+07
     4961.00  0.383227E+01 0.765293E+03 0.235823E+05 0.130645E+07
     4986.00  0.347335E+01 0.761370E+03 0.218800E+05 0.127600E+07
     5011.00  0.313833E+01 0.756874E+03 0.202765E+05 0.124558E+07
     5036.00  0.282620E+01 0.751832E+03 0.187672E+05 0.121524E+07
     5061.00  0.253597E+01 0.746272E+03 0.173480E+05 0.118501E+07
     5086.00  0.226667E+01 0.740221E+03 0.160145E+05 0.115494E+07
     5111.00  0.201737E+01 0.733705E+03 0.147627E+05 0.112505E+07
     5136.00  0.178715E+01 0.726753E+03 0.135887E+05 0.109537E+07
     5161.00  0.157512E+01 0.719389E+03 0.124887E+05 0.106595E+07
     5186.00  0.138042E+01 0.711639E+03 0.114591E+05 0.103680E+07
     5211.00  0.120221E+01 0.703529E+03 0.104965E+05 0.100795E+07
     5236.00  0.103968E+01 0.695083E+03 0.959736E+04 0.979427E+06
     5261.00  0.892042E+00 0.686324E+03 0.875859E+04 0.951254E+06
     5286.00  0.758530E+00 0.677277E+03 0.797704E+04 0.923450E+06
     5311.00  0.638405E+00 0.667965E+03 0.724972E+04 0.896035E+06
     5336.00  0.530950E+00 0.658409E+03 0.657379E+04 0.869025E+06
     5361.00  0.435472E+00 0.648631E+03 0.594648E+04 0.842436E+06
     5386.00  0.351302E+00 0.638652E+03 0.536517E+04 0.816283E+06
     5411.00  0.277793E+00 0.628493E+03 0.482733E+04 0.790577E+06
     5436.00  0.214321E+00 0.618172E+03 0.433054E+04 0.765330E+06
     5461.00  0.160282E+00 0.607709E+03 0.387250E+04 0.740553E+06
     5511.00  0.782051E-01 0.586431E+03 0.306386E+04 0.692439E+06
     5561.00  0.271693E-01 0.564796E+03 0.238484E+04 0.646289E+06
     5611.00  0.310935E-02 0.542932E+03 0.182033E+04 0.602140E+06
     5661.00  0.227418E-02 0.520957E+03 0.135655E+04 0.560012E+06
     5711.00  0.212140E-01 0.498979E+03 0.981014E+03 0.519910E+06
     5761.00  0.567665E-01 0.477094E+03 0.682405E+03 0.481828E+06
     5811.00  0.106043E+00 0.455390E+03 0.450503E+03 0.445744E+06
     5861.00  0.166415E+00 0.433945E+03 0.276101E+03 0.411632E+06
     5911.00  0.235499E+00 0.412829E+03 0.150934E+03 0.379453E+06
     5961.00  0.311146E+00 0.392104E+03 0.675983E+02 0.349161E+06
     6011.00  0.391426E+00 0.371823E+03 0.194882E+02 0.320706E+06
     6061.00  0.474614E+00 0.352033E+03 0.728122E+00 0.294031E+06
     6111.00  0.559180E+00 0.332773E+03 0.611126E+01 0.269076E+06
     6161.00  0.643773E+00 0.314076E+03 0.310423E+02 0.245776E+06
     6211.00  0.727214E+00 0.295970E+03 0.714831E+02 0.224065E+06
     6261.00  0.808479E+00 0.278475E+03 0.123902E+03 0.203875E+06
     6311.00  0.886689E+00 0.261608E+03 0.185227E+03 0.185135E+06
     6361.00  0.961101E+00 0.245381E+03 0.252800E+03 0.167777E+06
     6411.00  0.103110E+01 0.229801E+03 0.324339E+03 0.151729E+06
     6461.00  0.109617E+01 0.214873E+03 0.397898E+03 0.136923E+06
     6511.00  0.115592E+01 0.200595E+03 0.471834E+03 0.123289E+06
     6561.00  0.121004E+01 0.186966E+03 0.544771E+03 0.110760E+06
     6611.00  0.125832E+01 0.173980E+03 0.615576E+03 0.992707E+05
     6661.00  0.130061E+01 0.161628E+03 0.683327E+03 0.887559E+05
     6711.00  0.133684E+01 0.149901E+03 0.747292E+03 0.791535E+05
     6761.00  0.136702E+01 0.138787E+03 0.806901E+03 0.704032E+05
     6811.00  0.139118E+01 0.128271E+03 0.861734E+03 0.624471E+05
     6861.00  0.140943E+01 0.118339E+03 0.911491E+03 0.552296E+05
     6911.00  0.142191E+01 0.108973E+03 0.955986E+03 0.486973E+05
     6961.00  0.142879E+01 0.100158E+03 0.995122E+03 0.427995E+05
     7011.00  0.143030E+01 0.918748E+02 0.102889E+04 0.374879E+05
     7061.00  0.142667E+01 0.841048E+02 0.105733E+04 0.327168E+05
     7111.00  0.141816E+01 0.768290E+02 0.108056E+04 0.284428E+05
     7161.00  0.140505E+01 0.700280E+02 0.109874E+04 0.246252E+05
     7211.00  0.138764E+01 0.636824E+02 0.111205E+04 0.212254E+05
     7261.00  0.136624E+01 0.577726E+02 0.112072E+04 0.182074E+05
     7311.00  0.134115E+01 0.522790E+02 0.112500E+04 0.155374E+05
     7361.00  0.131269E+01 0.471820E+02 0.112515E+04 0.131838E+05
     7411.00  0.128119E+01 0.424626E+02 0.112143E+04 0.111173E+05
     7511.00  0.121031E+01 0.340809E+02 0.110356E+04 0.773761E+04
     7611.00  0.113101E+01 0.269864E+02 0.107364E+04 0.520268E+04
     7711.00  0.104567E+01 0.210392E+02 0.103389E+04 0.334556E+04
     7811.00  0.956534E+00 0.161071E+02 0.986421E+03 0.202519E+04
     7911.00  0.865646E+00 0.120666E+02 0.933174E+03 0.112356E+04
     8011.00  0.774843E+00 0.880383E+01 0.875895E+03 0.542922E+03
     8111.00  0.685736E+00 0.621385E+01 0.816131E+03 0.203221E+03
     8211.00  0.599701E+00 0.420120E+01 0.755218E+03 0.396498E+02
     8311.00  0.517880E+00 0.267950E+01 0.694290E+03 0.435405E+00
     8411.00  0.441190E+00 0.157115E+01 0.634288E+03 0.448284E+02
     8511.00  0.370327E+00 0.806843E+00 0.575974E+03 0.141308E+03
     8611.00  0.305781E+00 0.325155E+00 0.519949E+03 0.265993E+03
     8711.00  0.247852E+00 0.719950E-01 0.466665E+03 0.401257E+03
     8811.00  0.196671E+00 0.730098E-04 0.416450E+03 0.534523E+03
     8911.00  0.152212E+00 0.683499E-01 0.369520E+03 0.657239E+03
     9011.00  0.114319E+00 0.241497E+00 0.325997E+03 0.764004E+03
     9111.00  0.827206E-01 0.489371E+00 0.285926E+03 0.851838E+03
     9211.00  0.570533E-01 0.786504E+00 0.249285E+03 0.919581E+03
     9311.00  0.368787E-01 0.111162E+01 0.216002E+03 0.967389E+03
     9411.00  0.217025E-01 0.144719E+01 0.185963E+03 0.996342E+03
     9511.00  0.109917E-01 0.177898E+01 0.159022E+03 0.100812E+04
     9611.00  0.419039E-02 0.209571E+01 0.135013E+03 0.100478E+04
     9711.00  0.734300E-03 0.238863E+01 0.113754E+03 0.988513E+03
     9811.00  0.636629E-04 0.265122E+01 0.950501E+02 0.961560E+03
     9911.00  0.163458E-02 0.287889E+01 0.787068E+02 0.926080E+03
    10011.00  0.492875E-02 0.306870E+01 0.645268E+02 0.884083E+03
    10111.00  0.946150E-02 0.321908E+01 0.523162E+02 0.837396E+03
    10211.00  0.147884E-01 0.332967E+01 0.418869E+02 0.787632E+03
    10311.00  0.205101E-01 0.340105E+01 0.330584E+02 0.736180E+03
    10411.00  0.262760E-01 0.343461E+01 0.256591E+02 0.684212E+03
    10511.00  0.317863E-01 0.343238E+01 0.195273E+02 0.632692E+03
    10611.00  0.367930E-01 0.339687E+01 0.145119E+02 0.582387E+03
    10711.00  0.410995E-01 0.333097E+01 0.104728E+02 0.533891E+03
    10811.00  0.445594E-01 0.323783E+01 0.728106E+01 0.487643E+03
    10911.00  0.470745E-01 0.312077E+01 0.481835E+01 0.443949E+03
    11011.00  0.485913E-01 0.298320E+01 0.297717E+01 0.403000E+03
    11111.00  0.490983E-01 0.282854E+01 0.166026E+01 0.364895E+03
    11211.00  0.486210E-01 0.266017E+01 0.780194E+00 0.329655E+03
    11311.00  0.472176E-01 0.248138E+01 0.258848E+00 0.297240E+03
    11411.00  0.449749E-01 0.229532E+01 0.268829E-01 0.267566E+03
    11511.00  0.420022E-01 0.210499E+01 0.231537E-01 0.240511E+03
    11611.00  0.384274E-01 0.191318E+01 0.194142E+00 0.215932E+03
    11711.00  0.343914E-01 0.172245E+01 0.493380E+00 0.193669E+03
    11811.00  0.300434E-01 0.153517E+01 0.880888E+00 0.173555E+03
    11911.00  0.255364E-01 0.135343E+01 0.132263E+01 0.155421E+03
    12011.00  0.210229E-01 0.117908E+01 0.178999E+01 0.139096E+03
    12111.00  0.166508E-01 0.101375E+01 0.225925E+01 0.124417E+03
    12211.00  0.125596E-01 0.858778E+00 0.271115E+01 0.111229E+03
    12311.00  0.887795E-02 0.715290E+00 0.313040E+01 0.993844E+02
    12411.00  0.572007E-02 0.584165E+00 0.350525E+01 0.887465E+02
    12511.00  0.318415E-02 0.466055E+00 0.382716E+01 0.791896E+02
    12611.00  0.135030E-02 0.361394E+00 0.409032E+01 0.705984E+02
    12711.00  0.279446E-03 0.270415E+00 0.429138E+01 0.628690E+02
    12811.00  0.124779E-04 0.193162E+00 0.442910E+01 0.559077E+02
    12911.00  0.569983E-03 0.129502E+00 0.450403E+01 0.496308E+02
    13011.00  0.195238E-02 0.791451E-01 0.451826E+01 0.439642E+02
    13111.00  0.414046E-02 0.416594E-01 0.447513E+01 0.388426E+02
    13211.00  0.709636E-02 0.164863E-01 0.437901E+01 0.342085E+02
    13311.00  0.107648E-01 0.295826E-02 0.423509E+01 0.300123E+02
    13411.00  0.150748E-01 0.315083E-03 0.404913E+01 0.262106E+02
    13511.00  0.199414E-01 0.772029E-02 0.382733E+01 0.227662E+02
    13611.00  0.252677E-01 0.242768E-01 0.357613E+01 0.196472E+02
    13711.00  0.309472E-01 0.490422E-01 0.330205E+01 0.168264E+02
    13811.00  0.368662E-01 0.810435E-01 0.301162E+01 0.142807E+02
    13911.00  0.429061E-01 0.119290E+00 0.271117E+01 0.119906E+02
    14011.00  0.489461E-01 0.162789E+00 0.240678E+01 0.993922E+01
    14111.00  0.548654E-01 0.210552E+00 0.210421E+01 0.811259E+01
    14211.00  0.605456E-01 0.261614E+00 0.180877E+01 0.649843E+01
    14311.00  0.658732E-01 0.315033E+00 0.152528E+01 0.508611E+01
    14411.00  0.707417E-01 0.369909E+00 0.125803E+01 0.386613E+01
    14511.00  0.750535E-01 0.425385E+00 0.101077E+01 0.282980E+01
    14611.00  0.787217E-01 0.480657E+00 0.786617E+00 0.196888E+01
    14711.00  0.816723E-01 0.534976E+00 0.588104E+00 0.127534E+01
    14811.00  0.838443E-01 0.587655E+00 0.417150E+00 0.741069E+00
    14911.00  0.851922E-01 0.638076E+00 0.275074E+00 0.357734E+00
    15011.00  0.856862E-01 0.685683E+00 0.162615E+00 0.116578E+00
    15111.00  0.853123E-01 0.729991E+00 0.799488E-01 0.832605E-02
    15211.00  0.840736E-01 0.770586E+00 0.267266E-01 0.231049E-01
    15311.00  0.819899E-01 0.807121E+00 0.211050E-02 0.150411E+00
    15411.00  0.790971E-01 0.839318E+00 0.481737E-02 0.379114E+00
    15511.00  0.754474E-01 0.866968E+00 0.331666E-01 0.697493E+00
    15611.00  0.711082E-01 0.889923E+00 0.851312E-01 0.109331E+01
    15711.00  0.661608E-01 0.908097E+00 0.158391E+00 0.155390E+01
    15811.00  0.607001E-01 0.921464E+00 0.250390E+00 0.206633E+01
    15911.00  0.548326E-01 0.930051E+00 0.358386E+00 0.261747E+01
    16011.00  0.486748E-01 0.933933E+00 0.479513E+00 0.319423E+01
    16111.00  0.423521E-01 0.933236E+00 0.610831E+00 0.378367E+01
    16211.00  0.359966E-01 0.928124E+00 0.749377E+00 0.437323E+01
    16311.00  0.297452E-01 0.918798E+00 0.892219E+00 0.495084E+01
    16411.00  0.237378E-01 0.905493E+00 0.103650E+01 0.550512E+01
    16511.00  0.181156E-01 0.888471E+00 0.117948E+01 0.602556E+01
    16611.00  0.130185E-01 0.868014E+00 0.131856E+01 0.650261E+01
    16711.00  0.858363E-02 0.844424E+00 0.145136E+01 0.692787E+01
    16811.00  0.494328E-02 0.818020E+00 0.157570E+01 0.729417E+01
    16911.00  0.222306E-02 0.789123E+00 0.168963E+01 0.759561E+01
    17011.00  0.540193E-03 0.758066E+00 0.179148E+01 0.782773E+01
    17111.00  0.179627E-05 0.725183E+00 0.187985E+01 0.798745E+01
    17211.00  0.703442E-03 0.690801E+00 0.195362E+01 0.807313E+01
    17311.00  0.272777E-02 0.655248E+00 0.201195E+01 0.808451E+01
    17411.00  0.614334E-02 0.618841E+00 0.205429E+01 0.802274E+01
    17511.00  0.110035E-01 0.581886E+00 0.208038E+01 0.789021E+01
    17611.00  0.173459E-01 0.544674E+00 0.209021E+01 0.769058E+01
    17711.00  0.251912E-01 0.507485E+00 0.208404E+01 0.742858E+01
    17811.00  0.345435E-01 0.470580E+00 0.206236E+01 0.710994E+01
    17911.00  0.453894E-01 0.434198E+00 0.202588E+01 0.674119E+01
    18011.00  0.576984E-01 0.398565E+00 0.197551E+01 0.632962E+01
    18111.00  0.714230E-01 0.363883E+00 0.191234E+01 0.588299E+01
    18211.00  0.864989E-01 0.330330E+00 0.183758E+01 0.540943E+01
    18311.00  0.102846E+00 0.298069E+00 0.175261E+01 0.491733E+01
    18411.00  0.120368E+00 0.267236E+00 0.165886E+01 0.441506E+01
    18511.00  0.138956E+00 0.237949E+00 0.155783E+01 0.391092E+01
    18611.00  0.158486E+00 0.210303E+00 0.145109E+01 0.341292E+01
    18711.00  0.178823E+00 0.184374E+00 0.134021E+01 0.292869E+01
    18811.00  0.199820E+00 0.160217E+00 0.122673E+01 0.246534E+01
    18911.00  0.221323E+00 0.137869E+00 0.111219E+01 0.202933E+01
    19011.00  0.243169E+00 0.117349E+00 0.998044E+00 0.162642E+01
    19111.00  0.265188E+00 0.986578E-01 0.885696E+00 0.126154E+01
    19311.00  0.309051E+00 0.666944E-01 0.671489E+00 0.661333E+00
    19511.00  0.351508E+00 0.417021E-01 0.478637E+00 0.250543E+00
    19711.00  0.391168E+00 0.232146E-01 0.314162E+00 0.364007E-01
    19911.00  0.426712E+00 0.106192E-01 0.182830E+00 0.122556E-01
    20111.00  0.456947E+00 0.319885E-02 0.871112E-01 0.159215E+00
    20311.00  0.480842E+00 0.172381E-03 0.272631E-01 0.448508E+00
    20511.00  0.497582E+00 0.731474E-03 0.154355E-02 0.844337E+00
    20711.00  0.506587E+00 0.407325E-02 0.651319E-02 0.130696E+01
    20911.00  0.507539E+00 0.942807E-02 0.374056E-01 0.179573E+01
    21111.00  0.500394E+00 0.160823E-01 0.885341E-01 0.227200E+01
    21311.00  0.485375E+00 0.233954E-01 0.153707E+00 0.270143E+01
    21511.00  0.462972E+00 0.308126E-01 0.226631E+00 0.305598E+01
    21711.00  0.433920E+00 0.378715E-01 0.301272E+00 0.331507E+01
    21911.00  0.399169E+00 0.442054E-01 0.372167E+00 0.346630E+01
    22111.00  0.359852E+00 0.495425E-01 0.434672E+00 0.350541E+01
    22311.00  0.317242E+00 0.537003E-01 0.485128E+00 0.343570E+01
    22511.00  0.272713E+00 0.565801E-01 0.520972E+00 0.326714E+01
    22711.00  0.227684E+00 0.581562E-01 0.540756E+00 0.301497E+01
    22911.00  0.183580E+00 0.584665E-01 0.544117E+00 0.269819E+01
    23111.00  0.141778E+00 0.576000E-01 0.531680E+00 0.233796E+01
    23311.00  0.103565E+00 0.556861E-01 0.504927E+00 0.195602E+01
    23511.00  0.700997E-01 0.528820E-01 0.466024E+00 0.157323E+01
    23711.00  0.423740E-01 0.493624E-01 0.417634E+00 0.120841E+01
    23911.00  0.211857E-01 0.453091E-01 0.362721E+00 0.877318E+00
    24111.00  0.711642E-02 0.409022E-01 0.304359E+00 0.592067E+00
    24311.00  0.517664E-03 0.363129E-01 0.245553E+00 0.360761E+00
    24511.00  0.150431E-02 0.316966E-01 0.189083E+00 0.187454E+00
    24711.00  0.995614E-02 0.271898E-01 0.137377E+00 0.723770E-01
    24911.00  0.255267E-01 0.229057E-01 0.924097E-01 0.123684E-01
    25111.00  0.476594E-01 0.189333E-01 0.556452E-01 0.147225E-02
    25311.00  0.756091E-01 0.153371E-01 0.280014E-01 0.316377E-01
    25511.00  0.108470E+00 0.121574E-01 0.985311E-02 0.934652E-01
    25711.00  0.145207E+00 0.941272E-02 0.106018E-02 0.176945E+00
    25911.00  0.184689E+00 0.710176E-02 0.102043E-02 0.272143E+00
    26111.00  0.225728E+00 0.520667E-02 0.874080E-02 0.369794E+00
    26311.00  0.267114E+00 0.369637E-02 0.229219E-01 0.461785E+00
    26511.00  0.307650E+00 0.253012E-02 0.420505E-01 0.541497E+00
    26711.00  0.346193E+00 0.166100E-02 0.644936E-01 0.604016E+00
    26911.00  0.381678E+00 0.103925E-02 0.885913E-01 0.646214E+00
         IE==>      4            5            6            7
        1.00  0.000000E+00 0.000000E+00 0.000000E+00 0.000000E+00
        2.00  0.000000E+00 0.000000E+00 0.146731E-37 0.341874E-36
        3.00  0.903864E-36 0.394654E-37 0.264343E-34 0.613540E-33
        4.00  0.183366E-33 0.838846E-35 0.538882E-32 0.124595E-30
        5.00  0.112723E-31 0.539735E-33 0.332882E-30 0.766710E-29
        6.00  0.325640E-30 0.163034E-31 0.966293E-29 0.221708E-27
        7.00  0.558642E-29 0.292174E-30 0.166568E-27 0.380711E-26
        8.00  0.654449E-28 0.357239E-29 0.196071E-26 0.446425E-25
        9.00  0.572927E-27 0.326123E-28 0.172468E-25 0.391178E-24
       10.00  0.398588E-26 0.236399E-27 0.120558E-24 0.272393E-23
       11.00  0.230256E-25 0.142176E-26 0.699745E-24 0.157496E-22
       12.00  0.114086E-24 0.732837E-26 0.348345E-23 0.781035E-22
       13.00  0.496907E-24 0.331810E-25 0.152437E-22 0.340474E-21
       14.00  0.193930E-23 0.134521E-24 0.597715E-22 0.132990E-20
       15.00  0.688537E-23 0.495804E-24 0.213208E-21 0.472561E-20
       16.00  0.225129E-22 0.168176E-23 0.700368E-21 0.154636E-19
       17.00  0.684701E-22 0.530284E-23 0.213996E-20 0.470676E-19
       18.00  0.195313E-21 0.156728E-22 0.613253E-20 0.134365E-18
       19.00  0.526181E-21 0.437221E-22 0.165974E-19 0.362257E-18
       20.00  0.134667E-20 0.115806E-21 0.426732E-19 0.927819E-18
       21.00  0.329069E-20 0.292698E-21 0.104752E-18 0.226883E-17
       22.00  0.771052E-20 0.708999E-21 0.246566E-18 0.531988E-17
       23.00  0.173889E-19 0.165211E-20 0.558586E-18 0.120057E-16
       24.00  0.378677E-19 0.371556E-20 0.122193E-17 0.261622E-16
       25.00  0.798571E-19 0.808810E-20 0.258849E-17 0.552082E-16
       26.00  0.163495E-18 0.170847E-19 0.532332E-17 0.113102E-15
       27.00  0.325693E-18 0.350985E-19 0.106519E-16 0.225447E-15
       28.00  0.632551E-18 0.702678E-19 0.207801E-16 0.438119E-15
       29.00  0.119988E-17 0.137339E-18 0.395927E-16 0.831551E-15
       30.00  0.222653E-17 0.262482E-18 0.737950E-16 0.154394E-14
       31.00  0.404762E-17 0.491254E-18 0.134744E-15 0.280828E-14
       32.00  0.721795E-17 0.901545E-18 0.241340E-15 0.501060E-14
       33.00  0.126412E-16 0.162428E-17 0.424526E-15 0.877994E-14
       34.00  0.217667E-16 0.287609E-17 0.734175E-15 0.151257E-13
       35.00  0.368851E-16 0.501005E-17 0.124953E-14 0.256442E-13
       36.00  0.615686E-16 0.859364E-17 0.209475E-14 0.428256E-13
       37.00  0.101315E-15 0.145268E-16 0.346196E-14 0.705050E-13
       38.00  0.164486E-15 0.242190E-16 0.564473E-14 0.114517E-12
       39.00  0.263650E-15 0.398515E-16 0.908660E-14 0.183634E-12
       40.00  0.417495E-15 0.647621E-16 0.144504E-13 0.290909E-12
       42.00  0.101181E-14 0.165148E-15 0.353196E-13 0.705582E-12
       44.00  0.235150E-14 0.403375E-15 0.827802E-13 0.164100E-11
       46.00  0.526029E-14 0.947275E-15 0.186737E-12 0.367336E-11
       48.00  0.113634E-13 0.214590E-14 0.406765E-12 0.794010E-11
       50.00  0.237727E-13 0.470297E-14 0.858035E-12 0.166202E-10
       52.00  0.482854E-13 0.999715E-14 0.175715E-11 0.337744E-10
       54.00  0.954312E-13 0.206591E-13 0.350129E-11 0.667810E-10
       56.00  0.183894E-12 0.415870E-13 0.680183E-11 0.128735E-09
       58.00  0.346113E-12 0.816971E-13 0.129055E-10 0.242375E-09
       60.00  0.637294E-12 0.156880E-12 0.239537E-10 0.446403E-09
       62.00  0.114963E-11 0.294906E-12 0.435556E-10 0.805454E-09
       64.00  0.203444E-11 0.543418E-12 0.776891E-10 0.142559E-08
       66.00  0.353598E-11 0.982763E-12 0.136093E-09 0.247805E-08
       68.00  0.604264E-11 0.174626E-11 0.234390E-09 0.423497E-08
       70.00  0.101630E-10 0.305178E-11 0.397284E-09 0.712275E-08
       72.00  0.168380E-10 0.525034E-11 0.663307E-09 0.118003E-07
       74.00  0.275036E-10 0.889981E-11 0.109179E-08 0.192731E-07
       76.00  0.443254E-10 0.148755E-10 0.177299E-08 0.310561E-07
       78.00  0.705315E-10 0.245345E-10 0.284262E-08 0.494071E-07
       80.00  0.110882E-09 0.399564E-10 0.450257E-08 0.776531E-07
       82.00  0.172325E-09 0.642933E-10 0.705004E-08 0.120647E-06
       84.00  0.264902E-09 0.102274E-09 0.109182E-07 0.185395E-06
       86.00  0.402992E-09 0.160923E-09 0.167328E-07 0.281927E-06
       88.00  0.607002E-09 0.250574E-09 0.253891E-07 0.424458E-06
       90.00  0.905652E-09 0.386300E-09 0.381579E-07 0.632980E-06
       92.00  0.133904E-08 0.589891E-09 0.568281E-07 0.935371E-06
       94.00  0.196270E-08 0.892593E-09 0.838984E-07 0.137021E-05
       96.00  0.285302E-08 0.133886E-08 0.122833E-06 0.199050E-05
       98.00  0.411432E-08 0.199148E-08 0.178403E-06 0.286851E-05
      100.00  0.588807E-08 0.293846E-08 0.257129E-06 0.410217E-05
      102.00  0.836495E-08 0.430235E-08 0.367874E-06 0.582325E-05
      104.00  0.118003E-07 0.625264E-08 0.522600E-06 0.820802E-05
      106.00  0.165342E-07 0.902226E-08 0.737361E-06 0.114908E-04
      108.00  0.230165E-07 0.129294E-07 0.103358E-05 0.159812E-04
      110.00  0.318398E-07 0.184060E-07 0.143967E-05 0.220863E-04
      112.00  0.437798E-07 0.260352E-07 0.199314E-05 0.303383E-04
      114.00  0.598471E-07 0.366003E-07 0.274323E-05 0.414292E-04
      116.00  0.813519E-07 0.511469E-07 0.375427E-05 0.562544E-04
      118.00  0.109984E-06 0.710648E-07 0.510988E-05 0.759673E-04
      122.00  0.197919E-06 0.134945E-06 0.931893E-05 0.136378E-03
      126.00  0.349230E-06 0.250962E-06 0.166619E-04 0.240022E-03
      130.00  0.604979E-06 0.457698E-06 0.292434E-04 0.414659E-03
      134.00  0.103007E-05 0.819568E-06 0.504393E-04 0.703976E-03
      138.00  0.172561E-05 0.144243E-05 0.855854E-04 0.117571E-02
      142.00  0.284691E-05 0.249770E-05 0.142998E-03 0.193343E-02
      146.00  0.462951E-05 0.425905E-05 0.235468E-03 0.313342E-02
      150.00  0.742623E-05 0.715769E-05 0.382430E-03 0.500852E-02
      154.00  0.117595E-04 0.118646E-04 0.613065E-03 0.790169E-02
      158.00  0.183946E-04 0.194115E-04 0.970707E-03 0.123124E-01
      162.00  0.284407E-04 0.313676E-04 0.151904E-02 0.189605E-01
      166.00  0.434905E-04 0.500937E-04 0.235073E-02 0.288730E-01
      170.00  0.658091E-04 0.791066E-04 0.359935E-02 0.435017E-01
      174.00  0.985898E-04 0.123595E-03 0.545573E-02 0.648797E-01
      178.00  0.146296E-03 0.191142E-03 0.819010E-02 0.958303E-01
      182.00  0.215119E-03 0.292741E-03 0.121821E-01 0.140241E+00
      186.00  0.313576E-03 0.444186E-03 0.179610E-01 0.203424E+00
      190.00  0.453303E-03 0.667999E-03 0.262589E-01 0.292583E+00
      194.00  0.650089E-03 0.996048E-03 0.380818E-01 0.417417E+00
      198.00  0.925209E-03 0.147310E-02 0.548023E-01 0.590895E+00
      202.00  0.130716E-02 0.216162E-02 0.782815E-01 0.830250E+00
      206.00  0.183385E-02 0.314817E-02 0.111027E+00 0.115823E+01
      210.00  0.255548E-02 0.455196E-02 0.156398E+00 0.160468E+01
      214.00  0.353808E-02 0.653614E-02 0.218866E+00 0.220855E+01
      218.00  0.486804E-02 0.932268E-02 0.304356E+00 0.302035E+01
      222.00  0.665787E-02 0.132119E-01 0.420670E+00 0.410524E+01
      226.00  0.905330E-02 0.186080E-01 0.578038E+00 0.554689E+01
      230.00  0.122422E-01 0.260518E-01 0.789800E+00 0.745214E+01
      234.00  0.164658E-01 0.362641E-01 0.107328E+01 0.995682E+01
      238.00  0.220322E-01 0.502000E-01 0.145086E+01 0.132328E+02
      242.00  0.293336E-01 0.691198E-01 0.195137E+01 0.174965E+02
      246.00  0.388667E-01 0.946791E-01 0.261171E+01 0.230196E+02
      250.00  0.512589E-01 0.129043E+00 0.347903E+01 0.301412E+02
      254.00  0.672985E-01 0.175032E+00 0.461323E+01 0.392833E+02
      258.00  0.879734E-01 0.236304E+00 0.609021E+01 0.509686E+02
      262.00  0.114517E+00 0.317586E+00 0.800571E+01 0.658426E+02
      266.00  0.148462E+00 0.424962E+00 0.104802E+02 0.846992E+02
      270.00  0.191711E+00 0.566238E+00 0.136646E+02 0.108512E+03
      274.00  0.246616E+00 0.751392E+00 0.177474E+02 0.138469E+03
      282.00  0.403640E+00 0.130761E+01 0.296048E+02 0.222916E+03
      290.00  0.651519E+00 0.224184E+01 0.486906E+02 0.353704E+03
      298.00  0.103795E+01 0.378995E+01 0.790222E+02 0.553606E+03
      306.00  0.163333E+01 0.632294E+01 0.126651E+03 0.855365E+03
      314.00  0.254051E+01 0.104182E+02 0.200600E+03 0.130555E+04
      322.00  0.390846E+01 0.169651E+02 0.314201E+03 0.196973E+04
      330.00  0.595108E+01 0.273216E+02 0.486981E+03 0.293938E+04
      338.00  0.897303E+01 0.435421E+02 0.747303E+03 0.434093E+04
      346.00  0.134050E+02 0.687092E+02 0.113605E+04 0.634766E+04
      354.00  0.198516E+02 0.107413E+03 0.171173E+04 0.919511E+04
      362.00  0.291561E+02 0.166442E+03 0.255751E+04 0.132011E+05
      370.00  0.424879E+02 0.255763E+03 0.379093E+04 0.187916E+05
      378.00  0.614590E+02 0.389929E+03 0.557709E+04 0.265332E+05
      386.00  0.882808E+02 0.590061E+03 0.814675E+04 0.371752E+05
      394.00  0.125972E+03 0.886648E+03 0.118207E+05 0.517025E+05
      402.00  0.178633E+03 0.132349E+04 0.170431E+05 0.714017E+05
      410.00  0.251819E+03 0.196323E+04 0.244261E+05 0.979458E+05
      418.00  0.353019E+03 0.289510E+04 0.348109E+05 0.133499E+06
      426.00  0.492307E+03 0.424576E+04 0.493490E+05 0.180847E+06
      434.00  0.683190E+03 0.619440E+04 0.696126E+05 0.243563E+06
      442.00  0.943731E+03 0.899374E+04 0.977423E+05 0.326207E+06
      450.00  0.129804E+04 0.129994E+05 0.136647E+06 0.434581E+06
      458.00  0.177826E+04 0.187108E+05 0.190271E+06 0.576041E+06
      466.00  0.242715E+04 0.268280E+05 0.263960E+06 0.759886E+06
      474.00  0.330162E+04 0.383313E+05 0.364950E+06 0.997842E+06
      482.00  0.447729E+04 0.545925E+05 0.503030E+06 0.130466E+07
      490.00  0.605474E+04 0.775297E+05 0.691442E+06 0.169886E+07
      498.00  0.816775E+04 0.109826E+06 0.948112E+06 0.220364E+07
      506.00  0.109945E+05 0.155237E+06 0.129732E+07 0.284807E+07
      514.00  0.147725E+05 0.219024E+06 0.177203E+07 0.366852E+07
      522.00  0.198196E+05 0.308572E+06 0.241706E+07 0.471050E+07
      530.00  0.265618E+05 0.434273E+06 0.329352E+07 0.603099E+07
      538.00  0.355722E+05 0.610788E+06 0.448502E+07 0.770139E+07
      546.00  0.476252E+05 0.858881E+06 0.610645E+07 0.981133E+07
      554.00  0.637724E+05 0.120809E+07 0.831644E+07 0.124737E+08
      562.00  0.854513E+05 0.170067E+07 0.113353E+08 0.158310E+08
      570.00  0.114640E+06 0.239744E+07 0.154714E+08 0.200642E+08
      578.00  0.154086E+06 0.338666E+07 0.211595E+08 0.254046E+08
      586.00  0.207638E+06 0.479750E+07 0.290189E+08 0.321498E+08
      596.00  0.302946E+06 0.745343E+07 0.432912E+08 0.431565E+08
      606.00  0.445228E+06 0.116696E+08 0.650771E+08 0.580055E+08
      616.00  0.660704E+06 0.184582E+08 0.988167E+08 0.781877E+08
      626.00  0.993072E+06 0.295887E+08 0.152043E+09 0.105917E+09
      636.00  0.151799E+07 0.482680E+08 0.238022E+09 0.144603E+09
      646.00  0.237289E+07 0.805788E+08 0.381250E+09 0.199766E+09
      656.00  0.382301E+07 0.138753E+09 0.629743E+09 0.280906E+09
      666.00  0.642276E+07 0.249362E+09 0.108535E+10 0.405772E+09
      676.00  0.114629E+08 0.476522E+09 0.198849E+10 0.611410E+09
      681.00  0.158101E+08 0.680341E+09 0.277952E+10 0.768530E+09
      681.39  0.162342E+08 0.700502E+09 0.285711E+10 0.783191E+09
      681.79  0.166727E+08 0.721393E+09 0.293740E+10 0.798246E+09
      682.18  0.171262E+08 0.743047E+09 0.302051E+10 0.813708E+09
      682.58  0.175954E+08 0.765497E+09 0.310657E+10 0.829595E+09
      682.97  0.180810E+08 0.788781E+09 0.319570E+10 0.845921E+09
      683.36  0.185836E+08 0.812935E+09 0.328805E+10 0.862704E+09
      683.76  0.191041E+08 0.837999E+09 0.338376E+10 0.879961E+09
      684.15  0.196433E+08 0.864017E+09 0.348297E+10 0.897711E+09
      684.55  0.202019E+08 0.891032E+09 0.358586E+10 0.915975E+09
      684.94  0.207809E+08 0.919092E+09 0.369259E+10 0.934771E+09
      685.33  0.213812E+08 0.948246E+09 0.380334E+10 0.954122E+09
      685.73  0.220038E+08 0.978548E+09 0.391830E+10 0.974052E+09
      686.00  0.224484E+08 0.100023E+10 0.400046E+10 0.988200E+09
      686.12  0.226498E+08 0.101005E+10 0.403767E+10 0.994583E+09
      686.52  0.233202E+08 0.104282E+10 0.416166E+10 0.101574E+10
      686.91  0.240163E+08 0.107691E+10 0.429051E+10 0.103755E+10
      687.30  0.247392E+08 0.111240E+10 0.442444E+10 0.106005E+10
      687.70  0.254904E+08 0.114934E+10 0.456371E+10 0.108325E+10
      688.09  0.262712E+08 0.118782E+10 0.470860E+10 0.110720E+10
      688.48  0.270831E+08 0.122792E+10 0.485937E+10 0.113193E+10
      688.88  0.279277E+08 0.126972E+10 0.501635E+10 0.115747E+10
      689.27  0.288066E+08 0.131331E+10 0.517984E+10 0.118385E+10
      689.67  0.297217E+08 0.135879E+10 0.535020E+10 0.121113E+10
      690.06  0.306749E+08 0.140625E+10 0.552778E+10 0.123934E+10
      690.45  0.316681E+08 0.145582E+10 0.571299E+10 0.126852E+10
      690.85  0.327035E+08 0.150760E+10 0.590622E+10 0.129872E+10
      691.24  0.337834E+08 0.156171E+10 0.610792E+10 0.133000E+10
      691.64  0.349104E+08 0.161830E+10 0.631857E+10 0.136240E+10
      692.03  0.360869E+08 0.167749E+10 0.653867E+10 0.139598E+10
      692.42  0.373159E+08 0.173945E+10 0.676876E+10 0.143081E+10
      692.82  0.386003E+08 0.180434E+10 0.700943E+10 0.146694E+10
      693.21  0.399433E+08 0.187233E+10 0.726128E+10 0.150445E+10
      693.61  0.413484E+08 0.194360E+10 0.752498E+10 0.154340E+10
      694.00  0.428193E+08 0.201836E+10 0.780126E+10 0.158389E+10
      694.39  0.443600E+08 0.209683E+10 0.809086E+10 0.162599E+10
      694.79  0.459747E+08 0.217923E+10 0.839463E+10 0.166979E+10
      695.18  0.476680E+08 0.226582E+10 0.871345E+10 0.171538E+10
      695.58  0.494450E+08 0.235687E+10 0.904827E+10 0.176288E+10
      695.97  0.513109E+08 0.245267E+10 0.940014E+10 0.181240E+10
      696.00  0.514583E+08 0.246024E+10 0.942794E+10 0.181629E+10
      696.36  0.532715E+08 0.255353E+10 0.977016E+10 0.186404E+10
      696.76  0.553332E+08 0.265980E+10 0.101595E+11 0.191795E+10
      697.15  0.575025E+08 0.277184E+10 0.105696E+11 0.197426E+10
      697.55  0.597869E+08 0.289005E+10 0.110017E+11 0.203312E+10
      697.94  0.621944E+08 0.301488E+10 0.114575E+11 0.209469E+10
      698.33  0.647334E+08 0.314679E+10 0.119386E+11 0.215915E+10
      698.73  0.674135E+08 0.328630E+10 0.124467E+11 0.222669E+10
      699.12  0.702448E+08 0.343398E+10 0.129840E+11 0.229752E+10
      699.52  0.732386E+08 0.359043E+10 0.135525E+11 0.237186E+10
      699.91  0.764070E+08 0.375632E+10 0.141547E+11 0.244995E+10
      700.30  0.797633E+08 0.393240E+10 0.147931E+11 0.253207E+10
      700.70  0.833222E+08 0.411946E+10 0.154705E+11 0.261849E+10
      701.09  0.870997E+08 0.431840E+10 0.161901E+11 0.270954E+10
      701.48  0.911135E+08 0.453019E+10 0.169552E+11 0.280558E+10
      701.88  0.953829E+08 0.475589E+10 0.177698E+11 0.290697E+10
      702.27  0.999296E+08 0.499671E+10 0.186379E+11 0.301414E+10
      702.67  0.104777E+09 0.525396E+10 0.195641E+11 0.312755E+10
      703.06  0.109952E+09 0.552908E+10 0.205536E+11 0.324772E+10
      703.45  0.115483E+09 0.582370E+10 0.216120E+11 0.337521E+10
      703.85  0.121402E+09 0.613962E+10 0.227456E+11 0.351064E+10
      704.24  0.127747E+09 0.647886E+10 0.239616E+11 0.365471E+10
      704.64  0.134557E+09 0.684366E+10 0.252677E+11 0.380820E+10
      705.03  0.141878E+09 0.723655E+10 0.266728E+11 0.397196E+10
      705.42  0.149760E+09 0.766037E+10 0.281868E+11 0.414697E+10
      705.82  0.158262E+09 0.811830E+10 0.298209E+11 0.433431E+10
      706.00  0.162412E+09 0.834215E+10 0.306190E+11 0.442527E+10
      706.21  0.167447E+09 0.861398E+10 0.315877E+11 0.453521E+10
      706.61  0.177389E+09 0.915149E+10 0.335016E+11 0.475103E+10
      707.00  0.188171E+09 0.973550E+10 0.355787E+11 0.498335E+10
      707.39  0.199889E+09 0.103713E+11 0.378377E+11 0.523393E+10
      707.79  0.212651E+09 0.110651E+11 0.402998E+11 0.550478E+10
      708.18  0.226582E+09 0.118237E+11 0.429893E+11 0.579824E+10
      708.58  0.241825E+09 0.126553E+11 0.459344E+11 0.611693E+10
      708.97  0.258548E+09 0.135693E+11 0.491676E+11 0.646392E+10
      709.36  0.276944E+09 0.145765E+11 0.527268E+11 0.684276E+10
      709.76  0.297238E+09 0.156896E+11 0.566561E+11 0.725754E+10
      710.15  0.319695E+09 0.169235E+11 0.610073E+11 0.771310E+10
      710.55  0.344629E+09 0.182959E+11 0.658417E+11 0.821507E+10
      710.94  0.372409E+09 0.198276E+11 0.712318E+11 0.877014E+10
      711.33  0.403477E+09 0.215436E+11 0.772642E+11 0.938623E+10
      711.73  0.438364E+09 0.234739E+11 0.840427E+11 0.100728E+11
      712.12  0.477710E+09 0.256546E+11 0.916931E+11 0.108414E+11
      712.52  0.522297E+09 0.281300E+11 0.100368E+12 0.117057E+11
      712.91  0.573080E+09 0.309544E+11 0.110256E+12 0.126827E+11
      713.30  0.631246E+09 0.341947E+11 0.121589E+12 0.137932E+11
      713.70  0.698275E+09 0.379352E+11 0.134658E+12 0.150633E+11
      714.09  0.776034E+09 0.422817E+11 0.149829E+12 0.165256E+11
      714.48  0.866910E+09 0.473699E+11 0.167571E+12 0.182216E+11
      714.88  0.973983E+09 0.533750E+11 0.188490E+12 0.202048E+11
      715.27  0.110129E+10 0.605268E+11 0.213379E+12 0.225448E+11
      715.67  0.125420E+10 0.691311E+11 0.243293E+12 0.253342E+11
      716.00  0.140890E+10 0.778492E+11 0.273576E+12 0.281365E+11
      716.06  0.143999E+10 0.796023E+11 0.279663E+12 0.286975E+11
      716.45  0.166867E+10 0.925123E+11 0.324459E+12 0.328058E+11
      716.85  0.195439E+10 0.108668E+12 0.380466E+12 0.378998E+11
      717.24  0.231760E+10 0.129239E+12 0.451708E+12 0.443258E+11
      717.64  0.278874E+10 0.155965E+12 0.544181E+12 0.525978E+11
      718.03  0.341474E+10 0.191533E+12 0.667129E+12 0.635049E+11
      718.42  0.427095E+10 0.240257E+12 0.835400E+12 0.783086E+11
      718.82  0.548449E+10 0.309425E+12 0.107405E+13 0.991292E+11
      719.21  0.728334E+10 0.412115E+12 0.142803E+13 0.129754E+12
      719.61  0.101095E+11 0.573701E+12 0.198452E+13 0.177495E+12
      720.00  0.149114E+11 0.848684E+12 0.293066E+13 0.257981E+12
      720.20  0.187440E+11 0.106841E+13 0.368616E+13 0.321860E+12
      720.22  0.190901E+11 0.108825E+13 0.375439E+13 0.327616E+12
      720.23  0.194456E+11 0.110865E+13 0.382449E+13 0.333528E+12
      720.25  0.198110E+11 0.112961E+13 0.389654E+13 0.339602E+12
      720.26  0.201867E+11 0.115115E+13 0.397060E+13 0.345845E+12
      720.28  0.205729E+11 0.117331E+13 0.404675E+13 0.352261E+12
      720.29  0.209701E+11 0.119610E+13 0.412508E+13 0.358858E+12
      720.31  0.213787E+11 0.121954E+13 0.420565E+13 0.365643E+12
      720.32  0.217992E+11 0.124367E+13 0.428857E+13 0.372622E+12
      720.34  0.222320E+11 0.126850E+13 0.437391E+13 0.379803E+12
      720.35  0.226775E+11 0.129407E+13 0.446177E+13 0.387194E+12
      720.37  0.231364E+11 0.132040E+13 0.455226E+13 0.394803E+12
      720.38  0.236091E+11 0.134752E+13 0.464547E+13 0.402639E+12
      720.40  0.240961E+11 0.137548E+13 0.474152E+13 0.410710E+12
      720.41  0.245980E+11 0.140429E+13 0.484052E+13 0.419027E+12
      720.43  0.251155E+11 0.143399E+13 0.494258E+13 0.427599E+12
      720.44  0.256493E+11 0.146463E+13 0.504784E+13 0.436436E+12
      720.46  0.261998E+11 0.149623E+13 0.515644E+13 0.445549E+12
      720.47  0.267680E+11 0.152885E+13 0.526850E+13 0.454951E+12
      720.49  0.273545E+11 0.156252E+13 0.538417E+13 0.464653E+12
      720.50  0.279600E+11 0.159729E+13 0.550362E+13 0.474668E+12
      720.52  0.285855E+11 0.163321E+13 0.562700E+13 0.485009E+12
      720.53  0.292318E+11 0.167032E+13 0.575449E+13 0.495691E+12
      720.55  0.298999E+11 0.170869E+13 0.588627E+13 0.506729E+12
      720.56  0.305906E+11 0.174836E+13 0.602253E+13 0.518138E+12
      720.58  0.313050E+11 0.178939E+13 0.616346E+13 0.529935E+12
      720.59  0.320442E+11 0.183185E+13 0.630929E+13 0.542138E+12
      720.61  0.328094E+11 0.187580E+13 0.646024E+13 0.554765E+12
      720.62  0.336017E+11 0.192131E+13 0.661655E+13 0.567836E+12
      720.64  0.344224E+11 0.196846E+13 0.677847E+13 0.581371E+12
      720.65  0.352729E+11 0.201732E+13 0.694627E+13 0.595393E+12
      720.67  0.361545E+11 0.206798E+13 0.712022E+13 0.609925E+12
      720.68  0.370689E+11 0.212052E+13 0.730063E+13 0.624992E+12
      720.70  0.380176E+11 0.217503E+13 0.748782E+13 0.640619E+12
      720.71  0.390023E+11 0.223162E+13 0.768212E+13 0.656834E+12
      720.73  0.400249E+11 0.229038E+13 0.788389E+13 0.673667E+12
      720.74  0.410872E+11 0.235144E+13 0.809351E+13 0.691150E+12
      720.76  0.421913E+11 0.241490E+13 0.831139E+13 0.709314E+12
      720.77  0.433394E+11 0.248089E+13 0.853794E+13 0.728196E+12
      720.79  0.445338E+11 0.254954E+13 0.877364E+13 0.747833E+12
      720.80  0.457769E+11 0.262100E+13 0.901896E+13 0.768266E+12
      720.82  0.470714E+11 0.269542E+13 0.927443E+13 0.789536E+12
      720.83  0.484200E+11 0.277296E+13 0.954060E+13 0.811689E+12
      720.85  0.498259E+11 0.285379E+13 0.981805E+13 0.834774E+12
      720.86  0.512920E+11 0.293810E+13 0.101074E+14 0.858843E+12
      720.88  0.528220E+11 0.302608E+13 0.104094E+14 0.883950E+12
      720.89  0.544194E+11 0.311794E+13 0.107247E+14 0.910156E+12
      720.91  0.560881E+11 0.321390E+13 0.110540E+14 0.937523E+12
      720.92  0.578323E+11 0.331422E+13 0.113983E+14 0.966119E+12
      720.94  0.596564E+11 0.341914E+13 0.117584E+14 0.996017E+12
      720.95  0.615654E+11 0.352895E+13 0.121352E+14 0.102730E+13
      720.97  0.635644E+11 0.364394E+13 0.125298E+14 0.106004E+13
      720.98  0.656588E+11 0.376443E+13 0.129433E+14 0.109433E+13
      721.00  0.678548E+11 0.389077E+13 0.133768E+14 0.113028E+13
      721.01  0.701586E+11 0.402332E+13 0.138316E+14 0.116798E+13
      721.03  0.725773E+11 0.416249E+13 0.143091E+14 0.120754E+13
      721.04  0.751182E+11 0.430870E+13 0.148107E+14 0.124910E+13
      721.06  0.777895E+11 0.446242E+13 0.153381E+14 0.129276E+13
      721.07  0.805997E+11 0.462415E+13 0.158929E+14 0.133869E+13
      721.09  0.835583E+11 0.479443E+13 0.164771E+14 0.138703E+13
      721.10  0.866755E+11 0.497385E+13 0.170925E+14 0.143793E+13
      721.12  0.899621E+11 0.516303E+13 0.177415E+14 0.149159E+13
      721.13  0.934300E+11 0.536266E+13 0.184262E+14 0.154819E+13
      721.15  0.970922E+11 0.557349E+13 0.191494E+14 0.160794E+13
      721.16  0.100963E+12 0.579631E+13 0.199137E+14 0.167107E+13
      721.18  0.105056E+12 0.603201E+13 0.207220E+14 0.173782E+13
      721.19  0.109390E+12 0.628153E+13 0.215778E+14 0.180845E+13
      721.21  0.113981E+12 0.654590E+13 0.224845E+14 0.188325E+13
      721.23  0.118849E+12 0.682624E+13 0.234459E+14 0.196254E+13
      721.24  0.124015E+12 0.712377E+13 0.244661E+14 0.204666E+13
      721.26  0.129503E+12 0.743982E+13 0.255499E+14 0.213598E+13
      721.27  0.135336E+12 0.777581E+13 0.267020E+14 0.223089E+13
      721.29  0.141542E+12 0.813332E+13 0.279278E+14 0.233184E+13
      721.30  0.148152E+12 0.851406E+13 0.292332E+14 0.243930E+13
      721.32  0.155196E+12 0.891986E+13 0.306246E+14 0.255379E+13
      721.33  0.162709E+12 0.935276E+13 0.321087E+14 0.267587E+13
      721.35  0.170730E+12 0.981492E+13 0.336931E+14 0.280614E+13
      721.36  0.179300E+12 0.103087E+14 0.353859E+14 0.294527E+13
      721.38  0.188462E+12 0.108367E+14 0.371959E+14 0.309397E+13
      721.39  0.198266E+12 0.114017E+14 0.391326E+14 0.325301E+13
      721.41  0.208762E+12 0.120067E+14 0.412061E+14 0.342322E+13
      721.42  0.220005E+12 0.126547E+14 0.434274E+14 0.360549E+13
      721.44  0.232056E+12 0.133494E+14 0.458083E+14 0.380076E+13
      721.45  0.244977E+12 0.140943E+14 0.483611E+14 0.401003E+13
      721.47  0.258833E+12 0.148932E+14 0.510988E+14 0.423437E+13
      721.48  0.273694E+12 0.157500E+14 0.540352E+14 0.447487E+13
      721.50  0.289631E+12 0.166690E+14 0.571841E+14 0.473265E+13
      721.51  0.306714E+12 0.176541E+14 0.605597E+14 0.500886E+13
      721.53  0.325013E+12 0.187095E+14 0.641759E+14 0.530460E+13
      721.54  0.344596E+12 0.198391E+14 0.680458E+14 0.562092E+13
      721.56  0.365522E+12 0.210462E+14 0.721813E+14 0.595876E+13
      721.57  0.387839E+12 0.223337E+14 0.765919E+14 0.631886E+13
      721.59  0.411579E+12 0.237034E+14 0.812839E+14 0.670171E+13
      721.60  0.436749E+12 0.251558E+14 0.862587E+14 0.710738E+13
      721.62  0.463325E+12 0.266895E+14 0.915118E+14 0.753543E+13
      721.63  0.491240E+12 0.283007E+14 0.970297E+14 0.798474E+13
      721.65  0.520374E+12 0.299825E+14 0.102789E+15 0.845331E+13
      721.66  0.550539E+12 0.317241E+14 0.108753E+15 0.893810E+13
      721.68  0.581473E+12 0.335104E+14 0.114869E+15 0.943476E+13
      721.69  0.612821E+12 0.353209E+14 0.121067E+15 0.993754E+13
      721.71  0.644130E+12 0.371297E+14 0.127258E+15 0.104391E+14
      721.72  0.674850E+12 0.389048E+14 0.133333E+15 0.109305E+14
      721.74  0.704334E+12 0.406091E+14 0.139165E+15 0.114014E+14
      721.75  0.731858E+12 0.422008E+14 0.144610E+15 0.118399E+14
      721.77  0.756648E+12 0.436352E+14 0.149515E+15 0.122338E+14
      721.78  0.777924E+12 0.448672E+14 0.153727E+15 0.125704E+14
      721.80  0.794949E+12 0.458542E+14 0.157098E+15 0.128379E+14
      721.81  0.807088E+12 0.465597E+14 0.159504E+15 0.130262E+14
      721.83  0.813866E+12 0.469560E+14 0.160851E+15 0.131279E+14
      721.84  0.815007E+12 0.470271E+14 0.161084E+15 0.131385E+14
      721.86  0.810469E+12 0.467705E+14 0.160195E+15 0.130577E+14
      721.87  0.800444E+12 0.461972E+14 0.158221E+15 0.128885E+14
      721.89  0.785337E+12 0.453304E+14 0.155242E+15 0.126378E+14
      721.90  0.765730E+12 0.442036E+14 0.151373E+15 0.123150E+14
      721.92  0.742329E+12 0.428575E+14 0.146753E+15 0.119316E+14
      721.93  0.715901E+12 0.413364E+14 0.141535E+15 0.115000E+14
      721.95  0.687227E+12 0.396852E+14 0.135873E+15 0.110329E+14
      721.96  0.657051E+12 0.379469E+14 0.129913E+15 0.105422E+14
      721.98  0.626049E+12 0.361605E+14 0.123789E+15 0.100388E+14
      721.99  0.594805E+12 0.343597E+14 0.117616E+15 0.953215E+13
      722.01  0.563808E+12 0.325728E+14 0.111492E+15 0.903004E+13
      722.02  0.533445E+12 0.308221E+14 0.105493E+15 0.853868E+13
      722.04  0.504013E+12 0.291248E+14 0.996768E+14 0.806278E+13
      722.05  0.475725E+12 0.274933E+14 0.940868E+14 0.760574E+13
      722.07  0.448725E+12 0.259358E+14 0.887510E+14 0.716981E+13
      722.08  0.423098E+12 0.244574E+14 0.836863E+14 0.675634E+13
      722.10  0.398885E+12 0.230603E+14 0.789008E+14 0.636590E+13
      722.11  0.376090E+12 0.217449E+14 0.743952E+14 0.599854E+13
      722.13  0.354689E+12 0.205098E+14 0.701650E+14 0.565383E+13
      722.14  0.334641E+12 0.193527E+14 0.662022E+14 0.533109E+13
      722.16  0.315891E+12 0.182705E+14 0.624958E+14 0.502940E+13
      722.17  0.298376E+12 0.172594E+14 0.590333E+14 0.474771E+13
      722.19  0.282027E+12 0.163155E+14 0.558012E+14 0.448489E+13
      722.21  0.266774E+12 0.154348E+14 0.527857E+14 0.423981E+13
      722.22  0.252546E+12 0.146133E+14 0.499729E+14 0.401130E+13
      722.24  0.239276E+12 0.138470E+14 0.473492E+14 0.379826E+13
      722.25  0.226895E+12 0.131320E+14 0.449014E+14 0.359958E+13
      722.27  0.215342E+12 0.124647E+14 0.426170E+14 0.341426E+13
      722.28  0.204555E+12 0.118417E+14 0.404841E+14 0.324130E+13
      722.30  0.194479E+12 0.112597E+14 0.384917E+14 0.307980E+13
      722.31  0.185061E+12 0.107156E+14 0.366293E+14 0.292890E+13
      722.33  0.176251E+12 0.102066E+14 0.348872E+14 0.278780E+13
      722.34  0.168005E+12 0.973018E+13 0.332565E+14 0.265579E+13
      722.36  0.160280E+12 0.928384E+13 0.317289E+14 0.253216E+13
      722.37  0.153038E+12 0.886535E+13 0.302966E+14 0.241630E+13
      722.39  0.146243E+12 0.847266E+13 0.289527E+14 0.230763E+13
      722.40  0.139861E+12 0.810387E+13 0.276906E+14 0.220562E+13
      722.42  0.133864E+12 0.775722E+13 0.265044E+14 0.210977E+13
      722.43  0.128222E+12 0.743111E+13 0.253885E+14 0.201964E+13
      722.45  0.122910E+12 0.712406E+13 0.243378E+14 0.193481E+13
      722.46  0.117904E+12 0.683471E+13 0.233478E+14 0.185490E+13
      722.48  0.113184E+12 0.656181E+13 0.224140E+14 0.177957E+13
      722.49  0.108728E+12 0.630420E+13 0.215327E+14 0.170849E+13
      722.51  0.104519E+12 0.606083E+13 0.207000E+14 0.164137E+13
      722.52  0.100539E+12 0.583072E+13 0.199128E+14 0.157792E+13
      722.54  0.967739E+11 0.561297E+13 0.191679E+14 0.151791E+13
      722.55  0.932080E+11 0.540675E+13 0.184624E+14 0.146110E+13
      722.57  0.898286E+11 0.521130E+13 0.177939E+14 0.140728E+13
      722.58  0.866233E+11 0.502592E+13 0.171597E+14 0.135625E+13
      722.60  0.835809E+11 0.484995E+13 0.165578E+14 0.130783E+13
      722.61  0.806911E+11 0.468279E+13 0.159861E+14 0.126185E+13
      722.63  0.779441E+11 0.452388E+13 0.154426E+14 0.121816E+13
      722.64  0.753310E+11 0.437271E+13 0.149255E+14 0.117661E+13
      722.66  0.728436E+11 0.422879E+13 0.144334E+14 0.113708E+13
      722.67  0.704741E+11 0.409170E+13 0.139645E+14 0.109943E+13
      722.69  0.682155E+11 0.396101E+13 0.135176E+14 0.106355E+13
      722.70  0.660612E+11 0.383635E+13 0.130913E+14 0.102934E+13
      722.72  0.640050E+11 0.371736E+13 0.126844E+14 0.996703E+12
      722.73  0.620413E+11 0.360372E+13 0.122958E+14 0.965541E+12
      722.75  0.601646E+11 0.349510E+13 0.119245E+14 0.935770E+12
      722.76  0.583702E+11 0.339124E+13 0.115693E+14 0.907312E+12
      722.78  0.566533E+11 0.329186E+13 0.112296E+14 0.880092E+12
      722.79  0.550096E+11 0.319672E+13 0.109043E+14 0.854043E+12
      722.81  0.534352E+11 0.310558E+13 0.105927E+14 0.829098E+12
      722.82  0.519263E+11 0.301822E+13 0.102940E+14 0.805200E+12
      722.84  0.504794E+11 0.293445E+13 0.100077E+14 0.782290E+12
      722.85  0.490913E+11 0.285408E+13 0.973290E+13 0.760317E+12
      722.87  0.477587E+11 0.277692E+13 0.946915E+13 0.739231E+12
      722.88  0.464790E+11 0.270281E+13 0.921584E+13 0.718987E+12
      722.90  0.452492E+11 0.263160E+13 0.897243E+13 0.699541E+12
      722.91  0.440671E+11 0.256313E+13 0.873842E+13 0.680852E+12
      722.93  0.429301E+11 0.249728E+13 0.851335E+13 0.662883E+12
      722.94  0.418360E+11 0.243391E+13 0.829677E+13 0.645598E+12
      722.96  0.407828E+11 0.237291E+13 0.808827E+13 0.628963E+12
      722.97  0.397684E+11 0.231415E+13 0.788746E+13 0.612946E+12
      722.99  0.387910E+11 0.225752E+13 0.769397E+13 0.597519E+12
      723.00  0.378488E+11 0.220294E+13 0.750745E+13 0.582653E+12
      723.02  0.369403E+11 0.215030E+13 0.732757E+13 0.568321E+12
      723.03  0.360638E+11 0.209952E+13 0.715404E+13 0.554499E+12
      723.05  0.352179E+11 0.205050E+13 0.698655E+13 0.541164E+12
      723.06  0.344011E+11 0.200318E+13 0.682484E+13 0.528292E+12
      723.08  0.336123E+11 0.195746E+13 0.666865E+13 0.515863E+12
      723.09  0.328500E+11 0.191329E+13 0.651773E+13 0.503858E+12
      723.11  0.321133E+11 0.187059E+13 0.637184E+13 0.492258E+12
      723.12  0.314008E+11 0.182929E+13 0.623077E+13 0.481044E+12
      723.14  0.307117E+11 0.178935E+13 0.609432E+13 0.470201E+12
      723.15  0.300450E+11 0.175070E+13 0.596228E+13 0.459712E+12
      723.17  0.293995E+11 0.171328E+13 0.583447E+13 0.449563E+12
      723.18  0.287746E+11 0.167705E+13 0.571072E+13 0.439738E+12
      723.20  0.281693E+11 0.164196E+13 0.559084E+13 0.430225E+12
      723.40  0.216611E+11 0.126450E+13 0.430179E+13 0.328152E+12
      723.68  0.157806E+11 0.923137E+12 0.313665E+13 0.236360E+12
      723.96  0.120108E+11 0.704079E+12 0.238940E+13 0.177847E+12
      724.24  0.945205E+10 0.555242E+12 0.188198E+13 0.138352E+12
      724.52  0.763655E+10 0.449533E+12 0.152181E+13 0.110487E+12
      724.79  0.630206E+10 0.371753E+12 0.125696E+13 0.901181E+11
      725.07  0.529243E+10 0.312850E+12 0.105650E+13 0.747936E+11
      725.35  0.451007E+10 0.267161E+12 0.901098E+12 0.629848E+11
      725.63  0.389143E+10 0.230998E+12 0.778169E+12 0.536992E+11
      725.91  0.339373E+10 0.201877E+12 0.679233E+12 0.462705E+11
      726.00  0.325234E+10 0.193599E+12 0.651118E+12 0.441681E+11
      726.19  0.298731E+10 0.178074E+12 0.598408E+12 0.402380E+11
      726.47  0.265106E+10 0.158362E+12 0.531512E+12 0.352750E+11
      726.75  0.236965E+10 0.141849E+12 0.475506E+12 0.311448E+11
      727.02  0.213174E+10 0.127876E+12 0.428138E+12 0.276724E+11
      727.30  0.192876E+10 0.115943E+12 0.387708E+12 0.247265E+11
      727.58  0.175416E+10 0.105670E+12 0.352919E+12 0.222067E+11
      727.86  0.160286E+10 0.967586E+11 0.322760E+12 0.200354E+11
      728.14  0.147086E+10 0.889778E+11 0.296439E+12 0.181519E+11
      728.42  0.135501E+10 0.821422E+11 0.273329E+12 0.165081E+11
      728.70  0.125275E+10 0.761033E+11 0.252922E+12 0.150653E+11
      728.98  0.116202E+10 0.707408E+11 0.234811E+12 0.137926E+11
      729.25  0.108114E+10 0.659563E+11 0.218660E+12 0.126645E+11
      729.53  0.100873E+10 0.616688E+11 0.204194E+12 0.116602E+11
      729.81  0.943635E+09 0.578111E+11 0.191184E+12 0.107626E+11
      730.09  0.884890E+09 0.543269E+11 0.179440E+12 0.995716E+10
      730.37  0.831691E+09 0.511689E+11 0.168800E+12 0.923198E+10
      730.65  0.783355E+09 0.482972E+11 0.159130E+12 0.857689E+10
      730.93  0.739302E+09 0.456778E+11 0.150314E+12 0.798331E+10
      731.21  0.699035E+09 0.432815E+11 0.142253E+12 0.744389E+10
      731.48  0.662129E+09 0.410834E+11 0.134861E+12 0.695238E+10
      731.76  0.628216E+09 0.390620E+11 0.128067E+12 0.650337E+10
      732.04  0.596977E+09 0.371985E+11 0.121807E+12 0.609219E+10
      732.32  0.568136E+09 0.354766E+11 0.116025E+12 0.571481E+10
      732.60  0.541451E+09 0.338822E+11 0.110673E+12 0.536771E+10
      732.88  0.516709E+09 0.324028E+11 0.105710E+12 0.504779E+10
      733.16  0.493724E+09 0.310274E+11 0.101098E+12 0.475237E+10
      733.44  0.472333E+09 0.297463E+11 0.968035E+11 0.447907E+10
      733.72  0.452388E+09 0.285510E+11 0.927986E+11 0.422578E+10
      733.99  0.433761E+09 0.274339E+11 0.890570E+11 0.399066E+10
      734.27  0.416337E+09 0.263881E+11 0.855560E+11 0.377206E+10
      734.55  0.400013E+09 0.254076E+11 0.822750E+11 0.356851E+10
      734.83  0.384697E+09 0.244870E+11 0.791956E+11 0.337870E+10
      735.11  0.370306E+09 0.236215E+11 0.763015E+11 0.320146E+10
      735.39  0.356767E+09 0.228066E+11 0.735778E+11 0.303573E+10
      735.67  0.344013E+09 0.220383E+11 0.710111E+11 0.288059E+10
      735.95  0.331983E+09 0.213133E+11 0.685895E+11 0.273517E+10
      736.00  0.329709E+09 0.211762E+11 0.681318E+11 0.270779E+10
      736.22  0.320623E+09 0.206281E+11 0.663021E+11 0.259871E+10
      736.50  0.309883E+09 0.199799E+11 0.641389E+11 0.247052E+10
      736.78  0.299718E+09 0.193660E+11 0.620909E+11 0.234997E+10
      737.06  0.290087E+09 0.187839E+11 0.601500E+11 0.223648E+10
      737.34  0.280953E+09 0.182316E+11 0.583086E+11 0.212954E+10
      737.62  0.272281E+09 0.177069E+11 0.565601E+11 0.202868E+10
      737.90  0.264041E+09 0.172080E+11 0.548980E+11 0.193346E+10
      738.18  0.256203E+09 0.167331E+11 0.533168E+11 0.184349E+10
      738.45  0.248742E+09 0.162809E+11 0.518112E+11 0.175841E+10
      738.73  0.241634E+09 0.158497E+11 0.503762E+11 0.167790E+10
      739.01  0.234855E+09 0.154383E+11 0.490076E+11 0.160163E+10
      739.29  0.228386E+09 0.150455E+11 0.477011E+11 0.152935E+10
      739.57  0.222208E+09 0.146701E+11 0.464530E+11 0.146078E+10
      739.85  0.216303E+09 0.143111E+11 0.452598E+11 0.139570E+10
      740.13  0.210655E+09 0.139676E+11 0.441183E+11 0.133389E+10
      740.41  0.205249E+09 0.136386E+11 0.430254E+11 0.127514E+10
      740.68  0.200071E+09 0.133233E+11 0.419784E+11 0.121927E+10
      740.96  0.195108E+09 0.130210E+11 0.409747E+11 0.116610E+10
      741.24  0.190349E+09 0.127309E+11 0.400119E+11 0.111548E+10
      741.52  0.185782E+09 0.124524E+11 0.390877E+11 0.106726E+10
      741.80  0.181396E+09 0.121849E+11 0.382001E+11 0.102129E+10
      742.08  0.177182E+09 0.119277E+11 0.373471E+11 0.977456E+09
      742.36  0.173132E+09 0.116803E+11 0.365269E+11 0.935632E+09
      742.64  0.169235E+09 0.114423E+11 0.357378E+11 0.895707E+09
      742.92  0.165486E+09 0.112132E+11 0.349783E+11 0.857578E+09
      743.19  0.161875E+09 0.109924E+11 0.342467E+11 0.821148E+09
      743.47  0.158396E+09 0.107796E+11 0.335418E+11 0.786326E+09
      743.75  0.155044E+09 0.105745E+11 0.328623E+11 0.753028E+09
      744.03  0.151810E+09 0.103765E+11 0.322068E+11 0.721175E+09
      744.31  0.148691E+09 0.101855E+11 0.315743E+11 0.690692E+09
      744.59  0.145680E+09 0.100011E+11 0.309637E+11 0.661510E+09
      744.87  0.142772E+09 0.982287E+10 0.303739E+11 0.633564E+09
      745.15  0.139963E+09 0.965066E+10 0.298040E+11 0.606792E+09
      745.42  0.137247E+09 0.948416E+10 0.292530E+11 0.581137E+09
      745.70  0.134622E+09 0.932312E+10 0.287203E+11 0.556546E+09
      745.98  0.132082E+09 0.916730E+10 0.282048E+11 0.532966E+09
      746.00  0.131919E+09 0.915731E+10 0.281718E+11 0.531462E+09
      746.26  0.129625E+09 0.901646E+10 0.277059E+11 0.510350E+09
      746.54  0.127245E+09 0.887039E+10 0.272228E+11 0.488653E+09
      746.82  0.124941E+09 0.872890E+10 0.267550E+11 0.467833E+09
      747.10  0.122709E+09 0.859178E+10 0.263016E+11 0.447849E+09
      747.38  0.120545E+09 0.845886E+10 0.258622E+11 0.428663E+09
      747.65  0.118447E+09 0.832996E+10 0.254360E+11 0.410241E+09
      747.93  0.116413E+09 0.820492E+10 0.250227E+11 0.392547E+09
      748.21  0.114439E+09 0.808358E+10 0.246217E+11 0.375550E+09
      748.49  0.112524E+09 0.796580E+10 0.242324E+11 0.359220E+09
      748.77  0.110664E+09 0.785144E+10 0.238544E+11 0.343528E+09
      749.05  0.108858E+09 0.774036E+10 0.234873E+11 0.328447E+09
      749.33  0.107103E+09 0.763243E+10 0.231307E+11 0.313951E+09
      749.61  0.105398E+09 0.752755E+10 0.227841E+11 0.300016E+09
      749.88  0.103741E+09 0.742558E+10 0.224471E+11 0.286619E+09
      750.16  0.102130E+09 0.732643E+10 0.221195E+11 0.273738E+09
      750.44  0.100563E+09 0.722998E+10 0.218008E+11 0.261353E+09
      750.72  0.990378E+08 0.713615E+10 0.214907E+11 0.249442E+09
      751.00  0.975540E+08 0.704483E+10 0.211889E+11 0.237989E+09
      756.00  0.764856E+08 0.574882E+10 0.169026E+11 0.934426E+08
      766.00  0.527935E+08 0.430513E+10 0.120910E+11 0.127883E+07
      776.00  0.402893E+08 0.357228E+10 0.957808E+10 0.289111E+08
      786.00  0.327920E+08 0.316884E+10 0.810650E+10 0.119502E+09
      796.00  0.278924E+08 0.294522E+10 0.718418E+10 0.257272E+09
      806.00  0.244822E+08 0.283274E+10 0.658418E+10 0.440029E+09
      816.00  0.219876E+08 0.279643E+10 0.618911E+10 0.671423E+09
      826.00  0.200848E+08 0.281734E+10 0.593289E+10 0.958403E+09
      836.00  0.185771E+08 0.288485E+10 0.577574E+10 0.131034E+10
      846.00  0.173382E+08 0.299311E+10 0.569243E+10 0.173878E+10
      856.00  0.162825E+08 0.313915E+10 0.566618E+10 0.225747E+10
      866.00  0.153497E+08 0.332192E+10 0.568537E+10 0.288251E+10
      876.00  0.144953E+08 0.354168E+10 0.574163E+10 0.363255E+10
      886.00  0.136857E+08 0.379969E+10 0.582863E+10 0.452910E+10
      896.00  0.128944E+08 0.409795E+10 0.594137E+10 0.559677E+10
      906.00  0.121006E+08 0.443911E+10 0.607567E+10 0.686354E+10
      916.00  0.112882E+08 0.482628E+10 0.622780E+10 0.836102E+10
      926.00  0.104443E+08 0.526301E+10 0.639425E+10 0.101246E+11
      936.00  0.956045E+07 0.575317E+10 0.657152E+10 0.121937E+11
      946.00  0.863161E+07 0.630081E+10 0.675595E+10 0.146114E+11
      956.00  0.765734E+07 0.691010E+10 0.694367E+10 0.174247E+11
      966.00  0.664222E+07 0.758511E+10 0.713039E+10 0.206837E+11
      976.00  0.559669E+07 0.832963E+10 0.731143E+10 0.244408E+11
      986.00  0.453813E+07 0.914691E+10 0.748160E+10 0.287497E+11
      996.00  0.349191E+07 0.100394E+11 0.763525E+10 0.336633E+11
     1006.00  0.249245E+07 0.110084E+11 0.776627E+10 0.392318E+11
     1016.00  0.158415E+07 0.120536E+11 0.786822E+10 0.454999E+11
     1026.00  0.822074E+06 0.131729E+11 0.793448E+10 0.525031E+11
     1036.00  0.272109E+06 0.143618E+11 0.795844E+10 0.602642E+11
     1046.00  0.105463E+05 0.156131E+11 0.793383E+10 0.687891E+11
     1056.00  0.122796E+06 0.169169E+11 0.785506E+10 0.780628E+11
     1066.00  0.701162E+06 0.182600E+11 0.771758E+10 0.880459E+11
     1076.00  0.184161E+07 0.196267E+11 0.751835E+10 0.986722E+11
     1086.00  0.363960E+07 0.209983E+11 0.725621E+10 0.109848E+12
     1096.00  0.618526E+07 0.223544E+11 0.693216E+10 0.121452E+12
     1106.00  0.955823E+07 0.236734E+11 0.654958E+10 0.133339E+12
     1116.00  0.138227E+08 0.249335E+11 0.611422E+10 0.145347E+12
     1126.00  0.190231E+08 0.261137E+11 0.563411E+10 0.157300E+12
     1136.00  0.251812E+08 0.271952E+11 0.511917E+10 0.169020E+12
     1146.00  0.322951E+08 0.281621E+11 0.458074E+10 0.180335E+12
     1156.00  0.403389E+08 0.290022E+11 0.403105E+10 0.191088E+12
     1166.00  0.492656E+08 0.297075E+11 0.348249E+10 0.201141E+12
     1176.00  0.590102E+08 0.302743E+11 0.294708E+10 0.210384E+12
     1186.00  0.694942E+08 0.307028E+11 0.243592E+10 0.218736E+12
     1196.00  0.806302E+08 0.309968E+11 0.195876E+10 0.226144E+12
     1206.00  0.923270E+08 0.311634E+11 0.152378E+10 0.232584E+12
     1216.00  0.104493E+09 0.312116E+11 0.113743E+10 0.238058E+12
     1226.00  0.117041E+09 0.311521E+11 0.804461E+09 0.242587E+12
     1236.00  0.129890E+09 0.309966E+11 0.527983E+09 0.246211E+12
     1246.00  0.142964E+09 0.307569E+11 0.309665E+09 0.248980E+12
     1256.00  0.156200E+09 0.304448E+11 0.149919E+09 0.250954E+12
     1266.00  0.169540E+09 0.300714E+11 0.481301E+08 0.252195E+12
     1276.00  0.182937E+09 0.296470E+11 0.286713E+07 0.252770E+12
     1286.00  0.196349E+09 0.291811E+11 0.120848E+08 0.252743E+12
     1296.00  0.209745E+09 0.286822E+11 0.732982E+08 0.252175E+12
     1306.00  0.223098E+09 0.281576E+11 0.183730E+09 0.251126E+12
     1316.00  0.236385E+09 0.276138E+11 0.340434E+09 0.249649E+12
     1326.00  0.249591E+09 0.270564E+11 0.540386E+09 0.247795E+12
     1336.00  0.262701E+09 0.264899E+11 0.780559E+09 0.245609E+12
     1346.00  0.275704E+09 0.259184E+11 0.105797E+10 0.243131E+12
     1356.00  0.288593E+09 0.253449E+11 0.136974E+10 0.240398E+12
     1366.00  0.301360E+09 0.247723E+11 0.171308E+10 0.237442E+12
     1376.00  0.313999E+09 0.242026E+11 0.208532E+10 0.234290E+12
     1386.00  0.326507E+09 0.236377E+11 0.248396E+10 0.230970E+12
     1396.00  0.338880E+09 0.230788E+11 0.290660E+10 0.227502E+12
     1406.00  0.351114E+09 0.225271E+11 0.335099E+10 0.223908E+12
     1416.00  0.363206E+09 0.219834E+11 0.381500E+10 0.220203E+12
     1426.00  0.375154E+09 0.214483E+11 0.429663E+10 0.216404E+12
     1436.00  0.386953E+09 0.209223E+11 0.479399E+10 0.212524E+12
     1446.00  0.398602E+09 0.204056E+11 0.530530E+10 0.208575E+12
     1456.00  0.410097E+09 0.198984E+11 0.582889E+10 0.204568E+12
     1466.00  0.421435E+09 0.194009E+11 0.636317E+10 0.200513E+12
     1476.00  0.432614E+09 0.189130E+11 0.690664E+10 0.196419E+12
     1486.00  0.443630E+09 0.184348E+11 0.745790E+10 0.192292E+12
     1496.00  0.454479E+09 0.179662E+11 0.801560E+10 0.188142E+12
     1506.00  0.465159E+09 0.175071E+11 0.857847E+10 0.183974E+12
     1516.00  0.475666E+09 0.170573E+11 0.914529E+10 0.179793E+12
     1526.00  0.485995E+09 0.166167E+11 0.971492E+10 0.175607E+12
     1536.00  0.496143E+09 0.161851E+11 0.102863E+11 0.171418E+12
     1546.00  0.506107E+09 0.157623E+11 0.108583E+11 0.167234E+12
     1556.00  0.515883E+09 0.153482E+11 0.114300E+11 0.163057E+12
     1566.00  0.525467E+09 0.149427E+11 0.120004E+11 0.158892E+12
     1576.00  0.534856E+09 0.145454E+11 0.125686E+11 0.154744E+12
     1586.00  0.544046E+09 0.141564E+11 0.131339E+11 0.150615E+12
     1596.00  0.553034E+09 0.137753E+11 0.136953E+11 0.146510E+12
     1606.00  0.561817E+09 0.134020E+11 0.142521E+11 0.142431E+12
     1616.00  0.570390E+09 0.130364E+11 0.148035E+11 0.138383E+12
     1626.00  0.578752E+09 0.126783E+11 0.153488E+11 0.134367E+12
     1636.00  0.586899E+09 0.123276E+11 0.158875E+11 0.130388E+12
     1646.00  0.594829E+09 0.119841E+11 0.164188E+11 0.126447E+12
     1656.00  0.602539E+09 0.116477E+11 0.169421E+11 0.122548E+12
     1666.00  0.610028E+09 0.113183E+11 0.174569E+11 0.118693E+12
     1676.00  0.617293E+09 0.109958E+11 0.179627E+11 0.114884E+12
     1686.00  0.624333E+09 0.106800E+11 0.184590E+11 0.111124E+12
     1696.00  0.631145E+09 0.103708E+11 0.189453E+11 0.107416E+12
     1706.00  0.637729E+09 0.100681E+11 0.194212E+11 0.103760E+12
     1716.00  0.644084E+09 0.977189E+10 0.198863E+11 0.100159E+12
     1726.00  0.650207E+09 0.948194E+10 0.203401E+11 0.966145E+11
     1736.00  0.656099E+09 0.919820E+10 0.207824E+11 0.931286E+11
     1746.00  0.661760E+09 0.892059E+10 0.212129E+11 0.897028E+11
     1756.00  0.667188E+09 0.864901E+10 0.216312E+11 0.863384E+11
     1766.00  0.672384E+09 0.838338E+10 0.220371E+11 0.830369E+11
     1776.00  0.677348E+09 0.812359E+10 0.224303E+11 0.797993E+11
     1786.00  0.682080E+09 0.786958E+10 0.228107E+11 0.766270E+11
     1796.00  0.686580E+09 0.762125E+10 0.231780E+11 0.735207E+11
     1806.00  0.690848E+09 0.737853E+10 0.235320E+11 0.704815E+11
     1816.00  0.694886E+09 0.714132E+10 0.238727E+11 0.675101E+11
     1826.00  0.698693E+09 0.690956E+10 0.241999E+11 0.646072E+11
     1836.00  0.702272E+09 0.668317E+10 0.245134E+11 0.617734E+11
     1846.00  0.705623E+09 0.646207E+10 0.248133E+11 0.590092E+11
     1856.00  0.708748E+09 0.624619E+10 0.250994E+11 0.563149E+11
     1866.00  0.711649E+09 0.603545E+10 0.253717E+11 0.536910E+11
     1876.00  0.714326E+09 0.582977E+10 0.256302E+11 0.511375E+11
     1886.00  0.716782E+09 0.562909E+10 0.258748E+11 0.486547E+11
     1896.00  0.719018E+09 0.543334E+10 0.261056E+11 0.462425E+11
     1906.00  0.721037E+09 0.524243E+10 0.263227E+11 0.439009E+11
     1916.00  0.722841E+09 0.505631E+10 0.265259E+11 0.416297E+11
     1926.00  0.724431E+09 0.487489E+10 0.267154E+11 0.394289E+11
     1936.00  0.725811E+09 0.469811E+10 0.268913E+11 0.372979E+11
     1946.00  0.726983E+09 0.452590E+10 0.270537E+11 0.352367E+11
     1956.00  0.727949E+09 0.435819E+10 0.272027E+11 0.332446E+11
     1966.00  0.728714E+09 0.419492E+10 0.273383E+11 0.313213E+11
     1976.00  0.729278E+09 0.403600E+10 0.274607E+11 0.294661E+11
     1986.00  0.729646E+09 0.388138E+10 0.275700E+11 0.276785E+11
     1996.00  0.729820E+09 0.373098E+10 0.276665E+11 0.259578E+11
     2006.00  0.729803E+09 0.358473E+10 0.277502E+11 0.243032E+11
     2016.00  0.729598E+09 0.344257E+10 0.278212E+11 0.227141E+11
     2026.00  0.729208E+09 0.330442E+10 0.278799E+11 0.211895E+11
     2036.00  0.728638E+09 0.317023E+10 0.279263E+11 0.197286E+11
     2046.00  0.727888E+09 0.303991E+10 0.279606E+11 0.183304E+11
     2056.00  0.726965E+09 0.291342E+10 0.279831E+11 0.169942E+11
     2066.00  0.725869E+09 0.279066E+10 0.279940E+11 0.157187E+11
     2076.00  0.724606E+09 0.267159E+10 0.279934E+11 0.145031E+11
     2086.00  0.723178E+09 0.255613E+10 0.279816E+11 0.133462E+11
     2096.00  0.721588E+09 0.244421E+10 0.279588E+11 0.122471E+11
     2106.00  0.719841E+09 0.233578E+10 0.279252E+11 0.112045E+11
     2116.00  0.717939E+09 0.223075E+10 0.278811E+11 0.102173E+11
     2126.00  0.715885E+09 0.212907E+10 0.278266E+11 0.928445E+10
     2136.00  0.713684E+09 0.203068E+10 0.277621E+11 0.840469E+10
     2146.00  0.711338E+09 0.193550E+10 0.276877E+11 0.757684E+10
     2156.00  0.708852E+09 0.184347E+10 0.276037E+11 0.679971E+10
     2166.00  0.706228E+09 0.175453E+10 0.275103E+11 0.607207E+10
     2176.00  0.703471E+09 0.166862E+10 0.274078E+11 0.539271E+10
     2186.00  0.700584E+09 0.158567E+10 0.272965E+11 0.476038E+10
     2196.00  0.697569E+09 0.150562E+10 0.271765E+11 0.417383E+10
     2206.00  0.694432E+09 0.142841E+10 0.270482E+11 0.363183E+10
     2216.00  0.691175E+09 0.135397E+10 0.269117E+11 0.313311E+10
     2226.00  0.687801E+09 0.128225E+10 0.267674E+11 0.267644E+10
     2236.00  0.684315E+09 0.121318E+10 0.266155E+11 0.226054E+10
     2246.00  0.680719E+09 0.114671E+10 0.264562E+11 0.188418E+10
     2256.00  0.677016E+09 0.108278E+10 0.262898E+11 0.154611E+10
     2266.00  0.673212E+09 0.102132E+10 0.261165E+11 0.124508E+10
     2276.00  0.669308E+09 0.962275E+09 0.259367E+11 0.979858E+09
     2286.00  0.665309E+09 0.905596E+09 0.257504E+11 0.749216E+09
     2296.00  0.661217E+09 0.851221E+09 0.255581E+11 0.551933E+09
     2306.00  0.657036E+09 0.799094E+09 0.253599E+11 0.386796E+09
     2316.00  0.652769E+09 0.749161E+09 0.251561E+11 0.252608E+09
     2326.00  0.648420E+09 0.701365E+09 0.249468E+11 0.148178E+09
     2336.00  0.643991E+09 0.655652E+09 0.247325E+11 0.723326E+08
     2346.00  0.639486E+09 0.611970E+09 0.245132E+11 0.239097E+08
     2356.00  0.634907E+09 0.570264E+09 0.242892E+11 0.176251E+07
     2366.00  0.630258E+09 0.530484E+09 0.240607E+11 0.475938E+07
     2376.00  0.625542E+09 0.492578E+09 0.238281E+11 0.317849E+08
     2386.00  0.620762E+09 0.456495E+09 0.235914E+11 0.817404E+08
     2396.00  0.615921E+09 0.422185E+09 0.233510E+11 0.153545E+09
     2406.00  0.611021E+09 0.389598E+09 0.231070E+11 0.246134E+09
     2416.00  0.606066E+09 0.358688E+09 0.228596E+11 0.358465E+09
     2426.00  0.601059E+09 0.329405E+09 0.226091E+11 0.489510E+09
     2436.00  0.596002E+09 0.301702E+09 0.223557E+11 0.638264E+09
     2446.00  0.590897E+09 0.275534E+09 0.220995E+11 0.803740E+09
     2456.00  0.585748E+09 0.250855E+09 0.218409E+11 0.984971E+09
     2466.00  0.580558E+09 0.227620E+09 0.215798E+11 0.118101E+10
     2476.00  0.575328E+09 0.205785E+09 0.213167E+11 0.139094E+10
     2486.00  0.570062E+09 0.185307E+09 0.210516E+11 0.161384E+10
     2496.00  0.564761E+09 0.166144E+09 0.207847E+11 0.184884E+10
     2506.00  0.559430E+09 0.148253E+09 0.205162E+11 0.209507E+10
     2516.00  0.554069E+09 0.131595E+09 0.202464E+11 0.235170E+10
     2526.00  0.548681E+09 0.116128E+09 0.199753E+11 0.261791E+10
     2536.00  0.543270E+09 0.101813E+09 0.197032E+11 0.289289E+10
     2546.00  0.537836E+09 0.886117E+08 0.194302E+11 0.317587E+10
     2556.00  0.532383E+09 0.764858E+08 0.191564E+11 0.346611E+10
     2566.00  0.526912E+09 0.653980E+08 0.188821E+11 0.376286E+10
     2576.00  0.521426E+09 0.553119E+08 0.186074E+11 0.406541E+10
     2586.00  0.515926E+09 0.461917E+08 0.183324E+11 0.437308E+10
     2596.00  0.510416E+09 0.380023E+08 0.180572E+11 0.468520E+10
     2606.00  0.504897E+09 0.307095E+08 0.177822E+11 0.500112E+10
     2616.00  0.499370E+09 0.242795E+08 0.175072E+11 0.532022E+10
     2626.00  0.493839E+09 0.186796E+08 0.172326E+11 0.564189E+10
     2636.00  0.488305E+09 0.138775E+08 0.169584E+11 0.596556E+10
     2646.00  0.482769E+09 0.984183E+07 0.166848E+11 0.629065E+10
     2656.00  0.477234E+09 0.654169E+07 0.164119E+11 0.661664E+10
     2666.00  0.471702E+09 0.394702E+07 0.161398E+11 0.694298E+10
     2676.00  0.466174E+09 0.202844E+07 0.158686E+11 0.726920E+10
     2686.00  0.460651E+09 0.757217E+06 0.155984E+11 0.759479E+10
     2696.00  0.455136E+09 0.105301E+06 0.153294E+11 0.791931E+10
     2706.00  0.449630E+09 0.453121E+05 0.150616E+11 0.824230E+10
     2716.00  0.444135E+09 0.550528E+06 0.147951E+11 0.856334E+10
     2726.00  0.438652E+09 0.159488E+07 0.145301E+11 0.888203E+10
     2736.00  0.433182E+09 0.315294E+07 0.142667E+11 0.919798E+10
     2746.00  0.427727E+09 0.519991E+07 0.140048E+11 0.951083E+10
     2756.00  0.422289E+09 0.771165E+07 0.137447E+11 0.982021E+10
     2766.00  0.416869E+09 0.106646E+08 0.134863E+11 0.101258E+11
     2776.00  0.411468E+09 0.140359E+08 0.132298E+11 0.104273E+11
     2786.00  0.406087E+09 0.178031E+08 0.129753E+11 0.107244E+11
     2796.00  0.400727E+09 0.219446E+08 0.127228E+11 0.110167E+11
     2806.00  0.395391E+09 0.264393E+08 0.124724E+11 0.113041E+11
     2816.00  0.390078E+09 0.312665E+08 0.122241E+11 0.115863E+11
     2826.00  0.384790E+09 0.364063E+08 0.119780E+11 0.118631E+11
     2836.00  0.379528E+09 0.418392E+08 0.117342E+11 0.121342E+11
     2846.00  0.374293E+09 0.475465E+08 0.114928E+11 0.123994E+11
     2856.00  0.369087E+09 0.535098E+08 0.112537E+11 0.126585E+11
     2866.00  0.363909E+09 0.597113E+08 0.110171E+11 0.129114E+11
     2876.00  0.358762E+09 0.661339E+08 0.107829E+11 0.131578E+11
     2886.00  0.353646E+09 0.727606E+08 0.105513E+11 0.133977E+11
     2896.00  0.348561E+09 0.795755E+08 0.103222E+11 0.136309E+11
     2906.00  0.343509E+09 0.865627E+08 0.100958E+11 0.138572E+11
     2916.00  0.338491E+09 0.937071E+08 0.987198E+10 0.140767E+11
     2926.00  0.333507E+09 0.100994E+09 0.965087E+10 0.142890E+11
     2936.00  0.328557E+09 0.108409E+09 0.943246E+10 0.144942E+11
     2946.00  0.323644E+09 0.115938E+09 0.921680E+10 0.146922E+11
     2956.00  0.318767E+09 0.123569E+09 0.900391E+10 0.148830E+11
     2966.00  0.313926E+09 0.131287E+09 0.879381E+10 0.150663E+11
     2976.00  0.309124E+09 0.139082E+09 0.858653E+10 0.152423E+11
     2986.00  0.304359E+09 0.146940E+09 0.838208E+10 0.154108E+11
     2996.00  0.299633E+09 0.154851E+09 0.818049E+10 0.155719E+11
     3006.00  0.294947E+09 0.162803E+09 0.798176E+10 0.157255E+11
     3016.00  0.290300E+09 0.170785E+09 0.778592E+10 0.158716E+11
     3026.00  0.285694E+09 0.178788E+09 0.759297E+10 0.160103E+11
     3036.00  0.281128E+09 0.186800E+09 0.740292E+10 0.161414E+11
     3046.00  0.276604E+09 0.194814E+09 0.721578E+10 0.162650E+11
     3056.00  0.272121E+09 0.202819E+09 0.703155E+10 0.163812E+11
     3066.00  0.267680E+09 0.210806E+09 0.685024E+10 0.164900E+11
     3076.00  0.263280E+09 0.218768E+09 0.667185E+10 0.165914E+11
     3086.00  0.258924E+09 0.226696E+09 0.649638E+10 0.166854E+11
     3096.00  0.254610E+09 0.234583E+09 0.632383E+10 0.167721E+11
     3106.00  0.250339E+09 0.242420E+09 0.615419E+10 0.168515E+11
     3116.00  0.246112E+09 0.250201E+09 0.598747E+10 0.169238E+11
     3126.00  0.241928E+09 0.257920E+09 0.582364E+10 0.169889E+11
     3136.00  0.237788E+09 0.265569E+09 0.566271E+10 0.170470E+11
     3146.00  0.233691E+09 0.273143E+09 0.550468E+10 0.170980E+11
     3156.00  0.229639E+09 0.280636E+09 0.534951E+10 0.171422E+11
     3166.00  0.225631E+09 0.288042E+09 0.519722E+10 0.171795E+11
     3176.00  0.221667E+09 0.295356E+09 0.504777E+10 0.172101E+11
     3186.00  0.217747E+09 0.302573E+09 0.490117E+10 0.172341E+11
     3196.00  0.213872E+09 0.309688E+09 0.475739E+10 0.172514E+11
     3206.00  0.210042E+09 0.316697E+09 0.461641E+10 0.172624E+11
     3216.00  0.206256E+09 0.323596E+09 0.447822E+10 0.172670E+11
     3226.00  0.202515E+09 0.330381E+09 0.434281E+10 0.172653E+11
     3236.00  0.198818E+09 0.337047E+09 0.421014E+10 0.172575E+11
     3246.00  0.195166E+09 0.343592E+09 0.408021E+10 0.172437E+11
     3256.00  0.191559E+09 0.350012E+09 0.395298E+10 0.172239E+11
     3266.00  0.187996E+09 0.356304E+09 0.382845E+10 0.171984E+11
     3276.00  0.184478E+09 0.362466E+09 0.370658E+10 0.171671E+11
     3286.00  0.181004E+09 0.368495E+09 0.358736E+10 0.171303E+11
     3296.00  0.177574E+09 0.374388E+09 0.347075E+10 0.170881E+11
     3306.00  0.174189E+09 0.380144E+09 0.335673E+10 0.170405E+11
     3316.00  0.170848E+09 0.385760E+09 0.324528E+10 0.169877E+11
     3326.00  0.167551E+09 0.391234E+09 0.313638E+10 0.169299E+11
     3336.00  0.164298E+09 0.396566E+09 0.302998E+10 0.168671E+11
     3346.00  0.161089E+09 0.401753E+09 0.292607E+10 0.167995E+11
     3356.00  0.157923E+09 0.406794E+09 0.282463E+10 0.167272E+11
     3366.00  0.154801E+09 0.411688E+09 0.272561E+10 0.166503E+11
     3376.00  0.151722E+09 0.416434E+09 0.262899E+10 0.165689E+11
     3386.00  0.148686E+09 0.421031E+09 0.253475E+10 0.164833E+11
     3396.00  0.145693E+09 0.425480E+09 0.244284E+10 0.163935E+11
     3406.00  0.142743E+09 0.429778E+09 0.235325E+10 0.162996E+11
     3416.00  0.139835E+09 0.433926E+09 0.226595E+10 0.162017E+11
     3426.00  0.136969E+09 0.437923E+09 0.218089E+10 0.161001E+11
     3436.00  0.134146E+09 0.441770E+09 0.209806E+10 0.159948E+11
     3446.00  0.131364E+09 0.445467E+09 0.201741E+10 0.158860E+11
     3456.00  0.128623E+09 0.449012E+09 0.193892E+10 0.157737E+11
     3466.00  0.125924E+09 0.452408E+09 0.186256E+10 0.156581E+11
     3476.00  0.123266E+09 0.455654E+09 0.178830E+10 0.155394E+11
     3486.00  0.120648E+09 0.458750E+09 0.171610E+10 0.154176E+11
     3496.00  0.118071E+09 0.461697E+09 0.164593E+10 0.152929E+11
     3506.00  0.115534E+09 0.464496E+09 0.157775E+10 0.151654E+11
     3516.00  0.113037E+09 0.467147E+09 0.151155E+10 0.150352E+11
     3526.00  0.110579E+09 0.469651E+09 0.144728E+10 0.149024E+11
     3536.00  0.108160E+09 0.472010E+09 0.138491E+10 0.147672E+11
     3546.00  0.105781E+09 0.474224E+09 0.132441E+10 0.146296E+11
     3556.00  0.103439E+09 0.476294E+09 0.126575E+10 0.144899E+11
     3566.00  0.101136E+09 0.478222E+09 0.120890E+10 0.143481E+11
     3576.00  0.988713E+08 0.480008E+09 0.115382E+10 0.142042E+11
     3586.00  0.966438E+08 0.481654E+09 0.110048E+10 0.140585E+11
     3596.00  0.944535E+08 0.483162E+09 0.104886E+10 0.139111E+11
     3606.00  0.923001E+08 0.484532E+09 0.998907E+09 0.137620E+11
     3616.00  0.901832E+08 0.485766E+09 0.950605E+09 0.136113E+11
     3626.00  0.881025E+08 0.486865E+09 0.903917E+09 0.134593E+11
     3636.00  0.860577E+08 0.487832E+09 0.858813E+09 0.133058E+11
     3646.00  0.840483E+08 0.488668E+09 0.815261E+09 0.131512E+11
     3656.00  0.820740E+08 0.489374E+09 0.773230E+09 0.129954E+11
     3666.00  0.801346E+08 0.489953E+09 0.732688E+09 0.128386E+11
     3676.00  0.782295E+08 0.490405E+09 0.693606E+09 0.126808E+11
     3686.00  0.763585E+08 0.490733E+09 0.655953E+09 0.125222E+11
     3696.00  0.745212E+08 0.490939E+09 0.619698E+09 0.123629E+11
     3706.00  0.727172E+08 0.491025E+09 0.584812E+09 0.122029E+11
     3716.00  0.709461E+08 0.490991E+09 0.551264E+09 0.120423E+11
     3726.00  0.692076E+08 0.490841E+09 0.519025E+09 0.118813E+11
     3736.00  0.675014E+08 0.490576E+09 0.488065E+09 0.117199E+11
     3746.00  0.658270E+08 0.490199E+09 0.458356E+09 0.115581E+11
     3756.00  0.641840E+08 0.489710E+09 0.429868E+09 0.113961E+11
     3766.00  0.625722E+08 0.489113E+09 0.402573E+09 0.112340E+11
     3776.00  0.609910E+08 0.488408E+09 0.376443E+09 0.110718E+11
     3786.00  0.594402E+08 0.487599E+09 0.351450E+09 0.109097E+11
     3796.00  0.579194E+08 0.486688E+09 0.327565E+09 0.107476E+11
     3806.00  0.564282E+08 0.485675E+09 0.304763E+09 0.105856E+11
     3816.00  0.549662E+08 0.484564E+09 0.283015E+09 0.104239E+11
     3826.00  0.535330E+08 0.483356E+09 0.262295E+09 0.102625E+11
     3836.00  0.521284E+08 0.482054E+09 0.242577E+09 0.101014E+11
     3846.00  0.507518E+08 0.480659E+09 0.223834E+09 0.994074E+10
     3856.00  0.494030E+08 0.479174E+09 0.206041E+09 0.978058E+10
     3866.00  0.480815E+08 0.477601E+09 0.189173E+09 0.962096E+10
     3876.00  0.467871E+08 0.475942E+09 0.173204E+09 0.946195E+10
     3886.00  0.455192E+08 0.474199E+09 0.158109E+09 0.930361E+10
     3896.00  0.442777E+08 0.472374E+09 0.143865E+09 0.914598E+10
     3906.00  0.430620E+08 0.470468E+09 0.130447E+09 0.898912E+10
     3916.00  0.418718E+08 0.468485E+09 0.117832E+09 0.883308E+10
     3926.00  0.407068E+08 0.466426E+09 0.105997E+09 0.867792E+10
     3936.00  0.395666E+08 0.464294E+09 0.949172E+08 0.852367E+10
     3946.00  0.384508E+08 0.462089E+09 0.845715E+08 0.837039E+10
     3956.00  0.373591E+08 0.459815E+09 0.749375E+08 0.821812E+10
     3966.00  0.362911E+08 0.457474E+09 0.659931E+08 0.806690E+10
     3976.00  0.352464E+08 0.455067E+09 0.577169E+08 0.791678E+10
     3986.00  0.342248E+08 0.452596E+09 0.500877E+08 0.776779E+10
     3996.00  0.332259E+08 0.450063E+09 0.430847E+08 0.761998E+10
     4006.00  0.322493E+08 0.447471E+09 0.366875E+08 0.747337E+10
     4016.00  0.312946E+08 0.444821E+09 0.308761E+08 0.732800E+10
     4026.00  0.303616E+08 0.442116E+09 0.256305E+08 0.718391E+10
     4036.00  0.294498E+08 0.439357E+09 0.209317E+08 0.704113E+10
     4046.00  0.285590E+08 0.436545E+09 0.167604E+08 0.689968E+10
     4056.00  0.276888E+08 0.433684E+09 0.130981E+08 0.675960E+10
     4066.00  0.268388E+08 0.430774E+09 0.992653E+07 0.662091E+10
     4076.00  0.260088E+08 0.427819E+09 0.722768E+07 0.648364E+10
     4086.00  0.251984E+08 0.424818E+09 0.498400E+07 0.634781E+10
     4096.00  0.244073E+08 0.421775E+09 0.317825E+07 0.621344E+10
     4106.00  0.236352E+08 0.418692E+09 0.179355E+07 0.608055E+10
     4116.00  0.228817E+08 0.415569E+09 0.813357E+06 0.594917E+10
     4126.00  0.221465E+08 0.412408E+09 0.221480E+06 0.581932E+10
     4136.00  0.214293E+08 0.409212E+09 0.206669E+04 0.569100E+10
     4146.00  0.207298E+08 0.405982E+09 0.139606E+06 0.556424E+10
     4156.00  0.200477E+08 0.402720E+09 0.618923E+06 0.543905E+10
     4166.00  0.193827E+08 0.399428E+09 0.142518E+07 0.531545E+10
     4176.00  0.187345E+08 0.396106E+09 0.254387E+07 0.519345E+10
     4186.00  0.181027E+08 0.392757E+09 0.396081E+07 0.507305E+10
     4196.00  0.174871E+08 0.389383E+09 0.566215E+07 0.495427E+10
     4206.00  0.168874E+08 0.385984E+09 0.763437E+07 0.483711E+10
     4216.00  0.163033E+08 0.382562E+09 0.986424E+07 0.472159E+10
     4226.00  0.157345E+08 0.379120E+09 0.123389E+08 0.460771E+10
     4236.00  0.151807E+08 0.375657E+09 0.150457E+08 0.449548E+10
     4246.00  0.146417E+08 0.372177E+09 0.179725E+08 0.438490E+10
     4256.00  0.141171E+08 0.368679E+09 0.211072E+08 0.427597E+10
     4266.00  0.136067E+08 0.365167E+09 0.244383E+08 0.416870E+10
     4276.00  0.131102E+08 0.361640E+09 0.279542E+08 0.406309E+10
     4286.00  0.126273E+08 0.358101E+09 0.316441E+08 0.395913E+10
     4296.00  0.121578E+08 0.354550E+09 0.354971E+08 0.385684E+10
     4306.00  0.117015E+08 0.350990E+09 0.395027E+08 0.375621E+10
     4316.00  0.112580E+08 0.347421E+09 0.436507E+08 0.365723E+10
     4326.00  0.108270E+08 0.343844E+09 0.479312E+08 0.355991E+10
     4336.00  0.104085E+08 0.340261E+09 0.523346E+08 0.346424E+10
     4346.00  0.100020E+08 0.336673E+09 0.568515E+08 0.337022E+10
     4356.00  0.960736E+07 0.333082E+09 0.614728E+08 0.327783E+10
     4366.00  0.922433E+07 0.329487E+09 0.661897E+08 0.318709E+10
     4376.00  0.885267E+07 0.325891E+09 0.709936E+08 0.309798E+10
     4386.00  0.849213E+07 0.322295E+09 0.758762E+08 0.301048E+10
     4396.00  0.814248E+07 0.318700E+09 0.808293E+08 0.292461E+10
     4406.00  0.780349E+07 0.315106E+09 0.858453E+08 0.284034E+10
     4416.00  0.747494E+07 0.311514E+09 0.909166E+08 0.275768E+10
     4426.00  0.715660E+07 0.307927E+09 0.960357E+08 0.267660E+10
     4436.00  0.684824E+07 0.304344E+09 0.101196E+09 0.259710E+10
     4446.00  0.654965E+07 0.300767E+09 0.106390E+09 0.251917E+10
     4456.00  0.626062E+07 0.297197E+09 0.111611E+09 0.244281E+10
     4466.00  0.598093E+07 0.293634E+09 0.116853E+09 0.236799E+10
     4476.00  0.571038E+07 0.290079E+09 0.122110E+09 0.229470E+10
     4486.00  0.544875E+07 0.286534E+09 0.127376E+09 0.222294E+10
     4511.00  0.483244E+07 0.277718E+09 0.140542E+09 0.205013E+10
     4536.00  0.426759E+07 0.268977E+09 0.153643E+09 0.188655E+10
     4561.00  0.375124E+07 0.260323E+09 0.166604E+09 0.173199E+10
     4586.00  0.328055E+07 0.251768E+09 0.179354E+09 0.158621E+10
     4611.00  0.285279E+07 0.243321E+09 0.191833E+09 0.144898E+10
     4636.00  0.246534E+07 0.234991E+09 0.203985E+09 0.132002E+10
     4661.00  0.211569E+07 0.226787E+09 0.215761E+09 0.119910E+10
     4686.00  0.180143E+07 0.218716E+09 0.227117E+09 0.108593E+10
     4711.00  0.152026E+07 0.210785E+09 0.238017E+09 0.980256E+09
     4736.00  0.127000E+07 0.203001E+09 0.248428E+09 0.881796E+09
     4761.00  0.104854E+07 0.195369E+09 0.258323E+09 0.790276E+09
     4786.00  0.853890E+06 0.187893E+09 0.267679E+09 0.705419E+09
     4811.00  0.684145E+06 0.180577E+09 0.276478E+09 0.626947E+09
     4836.00  0.537494E+06 0.173427E+09 0.284706E+09 0.554586E+09
     4861.00  0.412215E+06 0.166444E+09 0.292351E+09 0.488059E+09
     4886.00  0.306674E+06 0.159631E+09 0.299407E+09 0.427095E+09
     4911.00  0.219319E+06 0.152990E+09 0.305869E+09 0.371425E+09
     4936.00  0.148681E+06 0.146522E+09 0.311736E+09 0.320785E+09
     4961.00  0.933676E+05 0.140230E+09 0.317011E+09 0.274912E+09
     4986.00  0.520638E+05 0.134113E+09 0.321696E+09 0.233553E+09
     5011.00  0.235266E+05 0.128171E+09 0.325799E+09 0.196457E+09
     5036.00  0.658343E+04 0.122406E+09 0.329327E+09 0.163380E+09
     5061.00  0.129730E+03 0.116815E+09 0.332290E+09 0.134083E+09
     5086.00  0.312594E+04 0.111398E+09 0.334701E+09 0.108335E+09
     5111.00  0.145951E+05 0.106155E+09 0.336572E+09 0.859112E+08
     5136.00  0.336203E+05 0.101084E+09 0.337919E+09 0.665935E+08
     5161.00  0.593424E+05 0.961830E+08 0.338755E+09 0.501714E+08
     5186.00  0.909573E+05 0.914503E+08 0.339099E+09 0.364415E+08
     5211.00  0.127714E+06 0.868838E+08 0.338966E+09 0.252079E+08
     5236.00  0.168911E+06 0.824812E+08 0.338376E+09 0.162821E+08
     5261.00  0.213896E+06 0.782400E+08 0.337347E+09 0.948318E+07
     5286.00  0.262063E+06 0.741574E+08 0.335897E+09 0.463781E+07
     5311.00  0.312849E+06 0.702307E+08 0.334047E+09 0.158012E+07
     5336.00  0.365734E+06 0.664570E+08 0.331815E+09 0.151759E+06
     5361.00  0.420235E+06 0.628330E+08 0.329222E+09 0.201773E+06
     5386.00  0.475911E+06 0.593557E+08 0.326287E+09 0.158657E+07
     5411.00  0.532352E+06 0.560218E+08 0.323031E+09 0.416977E+07
     5436.00  0.589186E+06 0.528279E+08 0.319472E+09 0.782216E+07
     5461.00  0.646071E+06 0.497706E+08 0.315630E+09 0.124215E+08
     5511.00  0.758782E+06 0.440519E+08 0.307176E+09 0.240059E+08
     5561.00  0.868334E+06 0.388376E+08 0.297820E+09 0.380790E+08
     5611.00  0.972986E+06 0.340990E+08 0.287707E+09 0.538981E+08
     5661.00  0.107136E+07 0.298077E+08 0.276975E+09 0.708162E+08
     5711.00  0.116241E+07 0.259352E+08 0.265757E+09 0.882752E+08
     5761.00  0.124535E+07 0.224536E+08 0.254173E+09 0.105800E+09
     5811.00  0.131964E+07 0.193353E+08 0.242337E+09 0.122991E+09
     5861.00  0.138498E+07 0.165538E+08 0.230353E+09 0.139520E+09
     5911.00  0.144120E+07 0.140833E+08 0.218316E+09 0.155118E+09
     5961.00  0.148832E+07 0.118989E+08 0.206311E+09 0.169578E+09
     6011.00  0.152648E+07 0.997701E+07 0.194414E+09 0.182740E+09
     6061.00  0.155591E+07 0.829488E+07 0.182694E+09 0.194492E+09
     6111.00  0.157696E+07 0.683106E+07 0.171209E+09 0.204758E+09
     6161.00  0.159000E+07 0.556528E+07 0.160010E+09 0.213499E+09
     6211.00  0.159548E+07 0.447842E+07 0.149141E+09 0.220707E+09
     6261.00  0.159390E+07 0.355258E+07 0.138638E+09 0.226395E+09
     6311.00  0.158577E+07 0.277104E+07 0.128529E+09 0.230602E+09
     6361.00  0.157161E+07 0.211825E+07 0.118838E+09 0.233381E+09
     6411.00  0.155195E+07 0.157976E+07 0.109583E+09 0.234800E+09
     6461.00  0.152734E+07 0.114228E+07 0.100774E+09 0.234938E+09
     6511.00  0.149831E+07 0.793523E+06 0.924207E+08 0.233883E+09
     6561.00  0.146536E+07 0.522263E+06 0.845246E+08 0.231727E+09
     6611.00  0.142901E+07 0.318231E+06 0.770855E+08 0.228569E+09
     6661.00  0.138974E+07 0.172086E+06 0.700994E+08 0.224506E+09
     6711.00  0.134799E+07 0.753609E+05 0.635595E+08 0.219639E+09
     6761.00  0.130422E+07 0.204163E+05 0.574563E+08 0.214064E+09
     6811.00  0.125882E+07 0.385504E+03 0.517782E+08 0.207879E+09
     6861.00  0.121218E+07 0.912608E+04 0.465120E+08 0.201175E+09
     6911.00  0.116466E+07 0.411697E+05 0.416427E+08 0.194041E+09
     6961.00  0.111657E+07 0.916730E+05 0.371546E+08 0.186562E+09
     7011.00  0.106821E+07 0.156371E+06 0.330307E+08 0.178817E+09
     7061.00  0.101987E+07 0.231529E+06 0.292536E+08 0.170879E+09
     7111.00  0.971776E+06 0.313903E+06 0.258054E+08 0.162818E+09
     7161.00  0.924156E+06 0.400691E+06 0.226679E+08 0.154695E+09
     7211.00  0.877206E+06 0.489499E+06 0.198229E+08 0.146569E+09
     7261.00  0.831095E+06 0.578302E+06 0.172524E+08 0.138490E+09
     7311.00  0.785975E+06 0.665402E+06 0.149385E+08 0.130505E+09
     7361.00  0.741972E+06 0.749404E+06 0.128637E+08 0.122654E+09
     7411.00  0.699196E+06 0.829175E+06 0.110108E+08 0.114973E+09
     7511.00  0.617673E+06 0.972661E+06 0.790536E+07 0.100238E+09
     7611.00  0.541931E+06 0.109108E+07 0.549693E+07 0.864905E+08
     7711.00  0.472273E+06 0.118224E+07 0.367116E+07 0.738566E+08
     7811.00  0.408805E+06 0.124589E+07 0.232525E+07 0.624057E+08
     7911.00  0.351483E+06 0.128321E+07 0.136822E+07 0.521616E+08
     8011.00  0.300139E+06 0.129629E+07 0.720771E+06 0.431105E+08
     8111.00  0.254514E+06 0.128785E+07 0.314768E+06 0.352098E+08
     8211.00  0.214283E+06 0.126092E+07 0.925060E+05 0.283955E+08
     8311.00  0.179074E+06 0.121865E+07 0.585378E+04 0.225890E+08
     8411.00  0.148490E+06 0.116412E+07 0.152992E+05 0.177022E+08
     8511.00  0.122124E+06 0.110028E+07 0.889682E+05 0.136422E+08
     8611.00  0.995643E+05 0.102982E+07 0.201652E+06 0.103154E+08
     8711.00  0.804117E+05 0.955143E+06 0.333871E+06 0.762989E+07
     8811.00  0.642821E+05 0.878349E+06 0.470996E+06 0.549790E+07
     8911.00  0.508127E+05 0.801223E+06 0.602442E+06 0.383736E+07
     9011.00  0.396656E+05 0.725250E+06 0.720941E+06 0.257288E+07
     9111.00  0.305294E+05 0.651619E+06 0.821892E+06 0.163632E+07
     9211.00  0.231203E+05 0.581255E+06 0.902801E+06 0.967038E+06
     9311.00  0.171824E+05 0.514844E+06 0.962793E+06 0.511855E+06
     9411.00  0.124869E+05 0.452861E+06 0.100220E+07 0.224774E+06
     9511.00  0.883104E+04 0.395599E+06 0.102221E+07 0.665836E+05
     9611.00  0.603683E+04 0.343200E+06 0.102460E+07 0.433771E+04
     9711.00  0.394917E+04 0.295676E+06 0.101152E+07 0.107821E+05
     9811.00  0.243408E+04 0.252938E+06 0.985262E+06 0.637456E+05
     9911.00  0.137684E+04 0.214819E+06 0.948182E+06 0.145530E+06
    10011.00  0.680060E+03 0.181089E+06 0.902564E+06 0.242316E+06
    10111.00  0.261833E+03 0.151477E+06 0.850555E+06 0.343597E+06
    10211.00  0.539576E+02 0.125682E+06 0.794120E+06 0.441654E+06
    10311.00  0.247572E+00 0.103388E+06 0.735007E+06 0.531081E+06
    10411.00  0.549771E+02 0.842742E+05 0.674737E+06 0.608349E+06
    10511.00  0.181441E+03 0.680210E+05 0.614597E+06 0.671435E+06
    10611.00  0.350646E+03 0.543177E+05 0.555651E+06 0.719483E+06
    10711.00  0.540140E+03 0.428678E+05 0.498749E+06 0.752532E+06
    10811.00  0.732950E+03 0.333916E+05 0.444548E+06 0.771268E+06
    10911.00  0.916667E+03 0.256296E+05 0.393528E+06 0.776834E+06
    11011.00  0.108262E+04 0.193430E+05 0.346018E+06 0.770662E+06
    11111.00  0.122517E+04 0.143150E+05 0.302211E+06 0.754348E+06
    11211.00  0.134111E+04 0.103503E+05 0.262190E+06 0.729550E+06
    11311.00  0.142911E+04 0.727517E+04 0.225942E+06 0.697904E+06
    11411.00  0.148931E+04 0.493625E+04 0.193384E+06 0.660978E+06
    11511.00  0.152291E+04 0.319948E+04 0.164372E+06 0.620223E+06
    11611.00  0.153190E+04 0.194882E+04 0.138721E+06 0.576954E+06
    11711.00  0.151877E+04 0.108481E+04 0.116214E+06 0.532330E+06
    11811.00  0.148632E+04 0.523013E+03 0.966137E+05 0.487350E+06
    11911.00  0.143750E+04 0.192590E+03 0.796751E+05 0.442858E+06
    12011.00  0.137526E+04 0.347439E+02 0.651481E+05 0.399542E+06
    12111.00  0.130247E+04 0.131365E+01 0.527865E+05 0.357949E+06
    12211.00  0.122183E+04 0.534132E+02 0.423523E+05 0.318498E+06
    12311.00  0.113584E+04 0.160161E+03 0.336186E+05 0.281487E+06
    12411.00  0.104674E+04 0.297512E+03 0.263728E+05 0.247117E+06
    12511.00  0.956535E+03 0.447193E+03 0.204180E+05 0.215497E+06
    12611.00  0.866921E+03 0.595743E+03 0.155740E+05 0.186664E+06
    12711.00  0.779345E+03 0.733663E+03 0.116774E+05 0.160591E+06
    12811.00  0.694983E+03 0.854663E+03 0.858206E+04 0.137206E+06
    12911.00  0.614768E+03 0.955005E+03 0.615790E+04 0.116394E+06
    13011.00  0.539406E+03 0.103295E+04 0.429069E+04 0.980167E+05
    13111.00  0.469388E+03 0.108825E+04 0.288081E+04 0.819120E+05
    13211.00  0.405028E+03 0.112180E+04 0.184225E+04 0.679066E+05
    13311.00  0.346472E+03 0.113524E+04 0.110140E+04 0.558209E+05
    13411.00  0.293730E+03 0.113071E+04 0.595842E+03 0.454735E+05
    13511.00  0.246694E+03 0.111067E+04 0.273208E+03 0.366860E+05
    13611.00  0.205161E+03 0.107764E+04 0.899740E+02 0.292859E+05
    13711.00  0.168856E+03 0.103417E+04 0.103772E+02 0.231090E+05
    13811.00  0.137445E+03 0.982673E+03 0.538011E+01 0.180017E+05
    13911.00  0.110555E+03 0.925377E+03 0.517181E+02 0.138213E+05
    14011.00  0.877900E+02 0.864295E+03 0.131033E+03 0.104372E+05
    14111.00  0.687409E+02 0.801192E+03 0.229094E+03 0.773138E+04
    14211.00  0.529985E+02 0.737573E+03 0.335102E+03 0.559764E+04
    14311.00  0.401623E+02 0.674690E+03 0.441085E+03 0.394186E+04
    14411.00  0.298479E+02 0.613551E+03 0.541364E+03 0.268125E+04
    14511.00  0.216929E+02 0.554941E+03 0.632097E+03 0.174363E+04
    14611.00  0.153615E+02 0.499439E+03 0.710893E+03 0.106676E+04
    14711.00  0.105467E+02 0.447448E+03 0.776484E+03 0.597438E+03
    14811.00  0.697279E+01 0.399212E+03 0.828451E+03 0.290657E+03
    14911.00  0.439580E+01 0.354847E+03 0.867003E+03 0.108745E+03
    15011.00  0.260314E+01 0.314360E+03 0.892792E+03 0.205192E+02
    15111.00  0.141273E+01 0.277674E+03 0.906766E+03 0.484633E+00
    15211.00  0.671464E+00 0.244646E+03 0.910061E+03 0.280748E+02
    15311.00  0.253112E+00 0.215084E+03 0.903908E+03 0.869502E+02
    15411.00  0.559723E-01 0.188764E+03 0.889562E+03 0.164357E+03
    15511.00  0.279994E-03 0.165442E+03 0.868263E+03 0.250549E+03
    15611.00  0.255019E-01 0.144861E+03 0.841195E+03 0.338274E+03
    15711.00  0.876160E-01 0.126768E+03 0.809459E+03 0.422317E+03
    15811.00  0.156447E+00 0.110910E+03 0.774069E+03 0.499107E+03
    15911.00  0.213122E+00 0.970479E+02 0.735938E+03 0.566378E+03
    16011.00  0.247705E+00 0.849554E+02 0.695876E+03 0.622878E+03
    16111.00  0.257037E+00 0.744220E+02 0.654598E+03 0.668129E+03
    16211.00  0.242825E+00 0.652550E+02 0.612720E+03 0.702226E+03
    16311.00  0.209975E+00 0.572792E+02 0.570773E+03 0.725666E+03
    16411.00  0.165197E+00 0.503376E+02 0.529205E+03 0.739229E+03
    16511.00  0.115863E+00 0.442903E+02 0.488392E+03 0.743858E+03
    16611.00  0.691184E-01 0.390134E+02 0.448642E+03 0.740588E+03
    16711.00  0.312244E-01 0.343987E+02 0.410208E+03 0.730483E+03
    16811.00  0.711428E-02 0.303516E+02 0.373291E+03 0.714588E+03
    16911.00  0.138592E-03 0.267905E+02 0.338047E+03 0.693898E+03
    17011.00  0.119730E-01 0.236450E+02 0.304592E+03 0.669341E+03
    17111.00  0.426599E-01 0.208553E+02 0.273014E+03 0.641761E+03
    17211.00  0.907576E-01 0.183706E+02 0.243365E+03 0.611913E+03
    17311.00  0.153568E+00 0.161480E+02 0.215678E+03 0.580462E+03
    17411.00  0.227418E+00 0.141520E+02 0.189963E+03 0.547989E+03
    17511.00  0.307972E+00 0.123531E+02 0.166209E+03 0.514987E+03
    17611.00  0.390548E+00 0.107271E+02 0.144392E+03 0.481875E+03
    17711.00  0.470435E+00 0.925468E+01 0.124475E+03 0.449006E+03
    17811.00  0.543168E+00 0.792040E+01 0.106404E+03 0.416666E+03
    17911.00  0.604784E+00 0.671214E+01 0.901201E+02 0.385090E+03
    18011.00  0.652022E+00 0.562059E+01 0.755517E+02 0.354466E+03
    18111.00  0.682473E+00 0.463863E+01 0.626204E+02 0.324942E+03
    18211.00  0.694678E+00 0.376091E+01 0.512410E+02 0.296630E+03
    18311.00  0.688171E+00 0.298339E+01 0.413226E+02 0.269616E+03
    18411.00  0.663475E+00 0.230289E+01 0.327698E+02 0.243960E+03
    18511.00  0.622039E+00 0.171672E+01 0.254834E+02 0.219704E+03
    18611.00  0.566148E+00 0.122237E+01 0.193617E+02 0.196872E+03
    18711.00  0.498794E+00 0.817203E+00 0.143018E+02 0.175475E+03
    18811.00  0.423513E+00 0.498201E+00 0.101999E+02 0.155513E+03
    18911.00  0.344217E+00 0.261804E+00 0.695330E+01 0.136976E+03
    19011.00  0.265008E+00 0.103749E+00 0.446064E+01 0.119846E+03
    19111.00  0.189993E+00 0.189857E-01 0.262333E+01 0.104098E+03
    19311.00  0.679564E-01 0.450583E-01 0.539301E+00 0.766171E+02
    19511.00  0.471783E-02 0.283843E+00 0.277898E-03 0.542178E+02
    19711.00  0.174704E-01 0.669253E+00 0.401143E+00 0.365074E+02
    19911.00  0.111505E+00 0.113014E+01 0.124975E+01 0.230261E+02
    20111.00  0.279658E+00 0.159645E+01 0.217548E+01 0.132586E+02
    20311.00  0.503613E+00 0.200569E+01 0.292870E+01 0.664843E+01
    20511.00  0.756743E+00 0.230862E+01 0.337149E+01 0.261697E+01
    20711.00  0.100798E+01 0.247334E+01 0.346111E+01 0.585744E+00
    20911.00  0.122615E+01 0.248726E+01 0.322820E+01 0.687048E-03
    21111.00  0.138412E+01 0.235674E+01 0.275235E+01 0.355957E+00
    21311.00  0.146229E+01 0.210447E+01 0.213773E+01 0.121472E+01
    21511.00  0.145104E+01 0.176520E+01 0.149127E+01 0.222471E+01
    21711.00  0.135175E+01 0.138033E+01 0.905292E+00 0.312678E+01
    21911.00  0.117658E+01 0.992266E+00 0.445875E+00 0.375588E+01
    22111.00  0.946872E+00 0.639148E+00 0.147369E+00 0.403431E+01
    22311.00  0.690552E+00 0.350708E+00 0.126714E-01 0.395863E+01
    22511.00  0.438917E+00 0.145614E+00 0.182579E-01 0.358179E+01
    22711.00  0.223063E+00 0.304754E-01 0.122438E+00 0.299280E+01
    22911.00  0.705086E-01 0.503778E-03 0.275150E+00 0.229636E+01
    23111.00  0.227815E-02 0.415211E-01 0.427590E+00 0.159456E+01
    23311.00  0.307817E-01 0.132923E+00 0.540265E+00 0.972519E+00
    23511.00  0.158658E+00 0.251095E+00 0.588442E+00 0.488948E+00
    23711.00  0.378654E+00 0.372780E+00 0.564503E+00 0.172136E+00
    23911.00  0.674514E+00 0.477969E+00 0.477215E+00 0.209776E-01
    24111.00  0.102271E+01 0.551989E+00 0.348376E+00 0.101295E-01
    24311.00  0.139484E+01 0.586620E+00 0.207663E+00 0.979621E-01
    24511.00  0.176037E+01 0.580207E+00 0.866497E-01 0.235744E+00
    24711.00  0.208953E+01 0.536906E+00 0.130253E-01 0.376560E+00
    24911.00  0.235594E+01 0.465236E+00 0.588044E-02 0.482665E+00
    25111.00  0.253888E+01 0.376277E+00 0.727187E-01 0.530394E+00
    25311.00  0.262492E+01 0.281762E+00 0.208509E+00 0.512164E+00
    25511.00  0.260883E+01 0.192365E+00 0.396787E+00 0.435639E+00
    25711.00  0.249370E+01 0.116380E+00 0.612488E+00 0.320493E+00
    25911.00  0.229038E+01 0.589308E-01 0.825997E+00 0.193553E+00
    26111.00  0.201623E+01 0.217498E-01 0.100772E+01 0.832468E-01
    26311.00  0.169340E+01 0.347902E-02 0.113249E+01 0.142951E-01
    26511.00  0.134679E+01 0.381908E-03 0.118319E+01 0.346619E-02
    26711.00  0.100191E+01 0.730877E-02 0.115308E+01 0.569649E-01
    26911.00  0.682813E+00 0.187410E-01 0.104658E+01 0.169736E+00



