
         26        28       781       781B    
 E STATE HAS LABEL B   
 VIBRATIONAL LEVELS FOR STATE E IN 1/CM FOR J= 25
     -19434.29041    -18384.44760    -17360.63149    -16363.04731
    -15391.78128    -14446.81380    -13528.06479    -12635.37945
    -11768.54697    -10927.30983    -10111.39003     -9320.51186
     -8554.37460     -7812.69149     -7095.19943     -6401.66521
     -5731.92772     -5086.66084     -4463.36318     -3864.98092
     -3289.93806     -2740.72456     -2224.69693     -1720.67540
     -1255.79772      -823.39400      -435.87803      -102.85577
 PROPORTION OF STATE B:
  0.999215E+00 0.999055E+00 0.998889E+00 0.998720E+00 0.998548E+00
  0.998377E+00 0.998206E+00 0.998038E+00 0.997872E+00 0.997709E+00
  0.997551E+00 0.997396E+00 0.997245E+00 0.997097E+00 0.996948E+00
  0.996791E+00 0.996578E+00 0.972635E+00 0.996231E+00 0.995105E+00
  0.995097E+00 0.995382E+00 0.714684E+00 0.995196E+00 0.992574E+00
  0.990359E+00 0.994970E+00 0.988446E+00
 PROPORTION OF STATE C:
  0.762559E-03 0.919419E-03 0.108161E-02 0.124801E-02 0.141685E-02
  0.158579E-02 0.175439E-02 0.192123E-02 0.208552E-02 0.224654E-02
  0.240396E-02 0.255767E-02 0.270818E-02 0.285607E-02 0.300440E-02
  0.316143E-02 0.337466E-02 0.272891E-01 0.372271E-02 0.484837E-02
  0.485718E-02 0.457427E-02 0.284909E+00 0.476187E-02 0.738315E-02
  0.958986E-02 0.497270E-02 0.113835E-01
 PROPORTION OF STATE BP:
  0.247661E-05 0.533021E-05 0.812362E-05 0.108120E-04 0.133607E-04
  0.157418E-04 0.179395E-04 0.199444E-04 0.217502E-04 0.233580E-04
  0.247682E-04 0.259854E-04 0.270158E-04 0.278672E-04 0.285435E-04
  0.290565E-04 0.294536E-04 0.593105E-04 0.297944E-04 0.305892E-04
  0.309307E-04 0.293499E-04 0.393122E-03 0.285274E-04 0.307515E-04
  0.389424E-04 0.461478E-04 0.161500E-03
 PROPORTION OF STATE D:
  0.198998E-04 0.205419E-04 0.209875E-04 0.212687E-04 0.214084E-04
  0.214272E-04 0.213486E-04 0.211879E-04 0.209584E-04 0.206711E-04
  0.203346E-04 0.199567E-04 0.195441E-04 0.191017E-04 0.186323E-04
  0.181383E-04 0.176205E-04 0.168228E-04 0.165317E-04 0.159264E-04
  0.153780E-04 0.147097E-04 0.131968E-04 0.133704E-04 0.125397E-04
  0.118330E-04 0.107261E-04 0.937039E-05
 TABLE FOR EMISSION PROBABILITIES   E(J= 25,IE) ==>F(J= 24,IF)
 K.E.IE==>      0            1            2            3
        1.00  0.000000E+00 0.000000E+00 0.000000E+00 0.000000E+00
        2.00  0.000000E+00 0.000000E+00 0.000000E+00 0.000000E+00
        3.00  0.000000E+00 0.000000E+00 0.000000E+00 0.000000E+00
        4.00  0.000000E+00 0.000000E+00 0.000000E+00 0.000000E+00
        5.00  0.000000E+00 0.000000E+00 0.000000E+00 0.000000E+00
        6.00  0.000000E+00 0.000000E+00 0.000000E+00 0.000000E+00
        7.00  0.000000E+00 0.000000E+00 0.000000E+00 0.000000E+00
        8.00  0.000000E+00 0.000000E+00 0.000000E+00 0.000000E+00
        9.00  0.000000E+00 0.000000E+00 0.000000E+00 0.000000E+00
       10.00  0.000000E+00 0.000000E+00 0.000000E+00 0.000000E+00
       11.00  0.000000E+00 0.000000E+00 0.000000E+00 0.000000E+00
       12.00  0.000000E+00 0.000000E+00 0.000000E+00 0.000000E+00
       13.00  0.000000E+00 0.000000E+00 0.000000E+00 0.000000E+00
       14.00  0.000000E+00 0.000000E+00 0.000000E+00 0.000000E+00
       15.00  0.000000E+00 0.000000E+00 0.000000E+00 0.000000E+00
       16.00  0.000000E+00 0.000000E+00 0.000000E+00 0.138169E-37
       17.00  0.000000E+00 0.000000E+00 0.000000E+00 0.607259E-37
       18.00  0.000000E+00 0.000000E+00 0.243507E-37 0.245164E-36
       19.00  0.000000E+00 0.119120E-37 0.911414E-37 0.917591E-36
       20.00  0.000000E+00 0.417529E-37 0.318716E-36 0.320868E-35
       21.00  0.232273E-37 0.137644E-36 0.104823E-35 0.105529E-34
       22.00  0.727878E-37 0.429221E-36 0.326099E-35 0.328293E-34
       23.00  0.216834E-36 0.127233E-35 0.964352E-35 0.970836E-34
       24.00  0.616707E-36 0.360074E-35 0.272262E-34 0.274093E-33
       25.00  0.168097E-35 0.976561E-35 0.736625E-34 0.741586E-33
       26.00  0.440572E-35 0.254667E-34 0.191631E-33 0.192925E-32
       27.00  0.111363E-34 0.640472E-34 0.480764E-33 0.484020E-32
       28.00  0.272192E-34 0.155749E-33 0.116625E-32 0.117418E-31
       29.00  0.644833E-34 0.367093E-33 0.274199E-32 0.276073E-31
       30.00  0.148380E-33 0.840373E-33 0.626151E-32 0.630457E-31
       31.00  0.332273E-33 0.187216E-32 0.139143E-31 0.140107E-30
       32.00  0.725358E-33 0.406576E-32 0.301413E-31 0.303518E-30
       33.00  0.154608E-32 0.862085E-32 0.637479E-31 0.641971E-30
       34.00  0.322222E-32 0.178726E-31 0.131823E-30 0.132761E-29
       35.00  0.657488E-32 0.362762E-31 0.266874E-30 0.268794E-29
       36.00  0.131507E-31 0.721726E-31 0.529576E-30 0.533433E-29
       37.00  0.258117E-31 0.140901E-30 0.103118E-29 0.103879E-28
       38.00  0.497655E-31 0.270201E-30 0.197226E-29 0.198701E-28
       39.00  0.943381E-31 0.509442E-30 0.370867E-29 0.373682E-28
       40.00  0.175982E-30 0.945168E-30 0.686235E-29 0.691524E-28
       42.00  0.585399E-30 0.310970E-29 0.224562E-28 0.226351E-27
       44.00  0.184231E-29 0.967825E-29 0.695078E-28 0.700822E-27
       46.00  0.551247E-29 0.286346E-28 0.204509E-27 0.206266E-26
       48.00  0.157501E-28 0.808869E-28 0.574439E-27 0.579587E-26
       50.00  0.431335E-28 0.218978E-27 0.154623E-26 0.156072E-25
       52.00  0.113605E-27 0.570047E-27 0.400178E-26 0.404105E-25
       54.00  0.288615E-27 0.143119E-26 0.998773E-26 0.100906E-24
       56.00  0.709133E-27 0.347458E-26 0.241024E-25 0.243633E-24
       58.00  0.168908E-26 0.817631E-26 0.563712E-25 0.570138E-24
       60.00  0.390850E-26 0.186888E-25 0.128050E-24 0.129589E-23
       62.00  0.880321E-26 0.415725E-25 0.283046E-24 0.286636E-23
       64.00  0.193328E-25 0.901539E-25 0.609872E-24 0.618044E-23
       66.00  0.414629E-25 0.190897E-24 0.128294E-23 0.130112E-22
       68.00  0.869673E-25 0.395249E-24 0.263866E-23 0.267820E-22
       70.00  0.178630E-24 0.801251E-24 0.531291E-23 0.539716E-22
       72.00  0.359730E-24 0.159225E-23 0.104851E-22 0.106611E-21
       74.00  0.711052E-24 0.310512E-23 0.203038E-22 0.206648E-21
       76.00  0.138093E-23 0.594849E-23 0.386176E-22 0.393451E-21
       78.00  0.263749E-23 0.112047E-22 0.722105E-22 0.736517E-21
       80.00  0.495838E-23 0.207701E-22 0.132860E-21 0.135669E-20
       82.00  0.918259E-23 0.379197E-22 0.240719E-21 0.246112E-20
       84.00  0.167645E-22 0.682341E-22 0.429802E-21 0.440005E-20
       86.00  0.301940E-22 0.121101E-21 0.756772E-21 0.775806E-20
       88.00  0.536825E-22 0.212120E-21 0.131485E-20 0.134989E-19
       90.00  0.942739E-22 0.366914E-21 0.225559E-20 0.231925E-19
       92.00  0.163622E-21 0.627103E-21 0.382257E-20 0.393683E-19
       94.00  0.280812E-21 0.105958E-20 0.640305E-20 0.660574E-19
       96.00  0.476792E-21 0.177077E-20 0.106063E-19 0.109618E-18
       98.00  0.801281E-21 0.292835E-20 0.173815E-19 0.179982E-18
      100.00  0.133344E-20 0.479410E-20 0.281928E-19 0.292515E-18
      102.00  0.219827E-20 0.777306E-20 0.452784E-19 0.470777E-18
      104.00  0.359148E-20 0.124866E-19 0.720294E-19 0.750580E-18
      106.00  0.581722E-20 0.198805E-19 0.113540E-18 0.118590E-17
      108.00  0.934459E-20 0.313824E-19 0.177400E-18 0.185746E-17
      110.00  0.148920E-19 0.491320E-19 0.274827E-18 0.288502E-17
      112.00  0.235523E-19 0.763128E-19 0.422277E-18 0.444497E-17
      114.00  0.369771E-19 0.117629E-18 0.643707E-18 0.679522E-17
      116.00  0.576472E-19 0.179984E-18 0.973752E-18 0.103103E-16
      118.00  0.892664E-19 0.273447E-18 0.146213E-17 0.155306E-16
      122.00  0.209971E-18 0.618517E-18 0.322703E-17 0.345129E-16
      126.00  0.482178E-18 0.136386E-17 0.693260E-17 0.747100E-16
      130.00  0.108300E-17 0.293685E-17 0.145193E-16 0.157797E-15
      134.00  0.238323E-17 0.618560E-17 0.296866E-16 0.325682E-15
      138.00  0.514649E-17 0.127618E-16 0.593310E-16 0.657753E-15
      142.00  0.109225E-16 0.258269E-16 0.116036E-15 0.130153E-14
      146.00  0.228151E-16 0.513367E-16 0.222291E-15 0.252625E-14
      150.00  0.469705E-16 0.100350E-15 0.417488E-15 0.481497E-14
      154.00  0.954381E-16 0.193135E-15 0.769268E-15 0.902072E-14
      158.00  0.191647E-15 0.366399E-15 0.139152E-14 0.166274E-13
      162.00  0.380852E-15 0.685957E-15 0.247218E-14 0.301803E-13
      166.00  0.750052E-15 0.126877E-14 0.431508E-14 0.539873E-13
      170.00  0.146601E-14 0.232122E-14 0.740072E-14 0.952507E-13
      174.00  0.284814E-14 0.420562E-14 0.124708E-13 0.165873E-12
      178.00  0.550933E-14 0.755598E-14 0.206385E-13 0.285315E-12
      182.00  0.106308E-13 0.134812E-13 0.335189E-13 0.485097E-12
      186.00  0.205070E-13 0.239259E-13 0.533509E-13 0.815827E-12
      190.00  0.396474E-13 0.423218E-13 0.830375E-13 0.135819E-11
      194.00  0.770647E-13 0.747938E-13 0.125931E-12 0.224013E-11
      198.00  0.151191E-12 0.132471E-12 0.184997E-12 0.366390E-11
      202.00  0.300921E-12 0.236116E-12 0.260606E-12 0.594937E-11
      206.00  0.611880E-12 0.425980E-12 0.345563E-12 0.960552E-11
      210.00  0.128386E-11 0.784554E-12 0.415235E-12 0.154547E-10
      214.00  0.282261E-11 0.149506E-11 0.412011E-12 0.248693E-10
      218.00  0.666896E-11 0.301622E-11 0.244292E-12 0.402921E-10
      222.00  0.177488E-10 0.673164E-11 0.213248E-15 0.666779E-10
      226.00  0.590808E-10 0.183781E-10 0.242759E-11 0.117222E-09
      230.00  0.342054E-09 0.848634E-10 0.565276E-10 0.258041E-09
      234.00  0.117249E-05 0.223777E-06 0.443643E-06 0.118329E-06
      238.00  0.794191E-09 0.111079E-09 0.545452E-09 0.475027E-10
      242.00  0.280717E-09 0.268658E-10 0.308072E-09 0.188174E-09
      246.00  0.177672E-09 0.104841E-10 0.287445E-09 0.350942E-09
      250.00  0.141841E-09 0.432225E-11 0.320019E-09 0.570348E-09
      254.00  0.128152E-09 0.139168E-11 0.387198E-09 0.878933E-09
      258.00  0.124897E-09 0.125940E-12 0.490009E-09 0.131681E-08
      262.00  0.128009E-09 0.235673E-12 0.636528E-09 0.193749E-08
      266.00  0.135904E-09 0.195344E-11 0.839994E-09 0.281348E-08
      270.00  0.148021E-09 0.588038E-11 0.111918E-08 0.404322E-08
      274.00  0.164312E-09 0.130031E-10 0.149967E-08 0.575991E-08
      282.00  0.210663E-09 0.433430E-10 0.271346E-08 0.114334E-07
      290.00  0.279492E-09 0.113756E-09 0.491493E-08 0.221278E-07
      298.00  0.378262E-09 0.264303E-09 0.885763E-08 0.418891E-07
      306.00  0.517529E-09 0.569552E-09 0.158315E-07 0.777331E-07
      314.00  0.711499E-09 0.116466E-08 0.280147E-07 0.141628E-06
      322.00  0.978762E-09 0.228912E-08 0.490372E-07 0.253682E-06
      330.00  0.134310E-08 0.435895E-08 0.848729E-07 0.447192E-06
      338.00  0.183423E-08 0.808386E-08 0.145235E-06 0.776542E-06
      346.00  0.248833E-08 0.146548E-07 0.245731E-06 0.132941E-05
      354.00  0.334811E-08 0.260404E-07 0.411161E-06 0.224540E-05
      362.00  0.446208E-08 0.454485E-07 0.680504E-06 0.374416E-05
      370.00  0.588260E-08 0.780386E-07 0.111440E-05 0.616745E-05
      378.00  0.766212E-08 0.132008E-06 0.180622E-05 0.100413E-04
      386.00  0.984698E-08 0.220228E-06 0.289841E-05 0.161672E-04
      394.00  0.124679E-07 0.362696E-06 0.460624E-05 0.257541E-04
      402.00  0.155265E-07 0.590145E-06 0.725216E-05 0.406088E-04
      410.00  0.189778E-07 0.949357E-06 0.113150E-04 0.634067E-04
      418.00  0.227079E-07 0.151088E-05 0.175000E-04 0.980758E-04
      426.00  0.265094E-07 0.238013E-05 0.268376E-04 0.150335E-03
      434.00  0.300571E-07 0.371335E-05 0.408222E-04 0.228444E-03
      442.00  0.328909E-07 0.574019E-05 0.616048E-04 0.344241E-03
      450.00  0.344181E-07 0.879556E-05 0.922595E-04 0.514568E-03
      458.00  0.339564E-07 0.133643E-04 0.137149E-03 0.763213E-03
      466.00  0.308505E-07 0.201431E-04 0.202426E-03 0.112354E-02
      474.00  0.247139E-07 0.301265E-04 0.296708E-03 0.164205E-02
      482.00  0.158763E-07 0.447248E-04 0.431994E-03 0.238312E-02
      490.00  0.615208E-08 0.659252E-04 0.624894E-03 0.343532E-02
      498.00  0.103652E-09 0.965103E-04 0.898259E-03 0.491983E-02
      506.00  0.704679E-08 0.140354E-03 0.128336E-02 0.700140E-02
      514.00  0.441501E-07 0.202820E-03 0.182275E-02 0.990282E-02
      522.00  0.141124E-06 0.291289E-03 0.257403E-02 0.139237E-01
      530.00  0.347186E-06 0.415872E-03 0.361480E-02 0.194649E-01
      538.00  0.741259E-06 0.590342E-03 0.504904E-02 0.270598E-01
      546.00  0.144669E-05 0.833375E-03 0.701546E-02 0.374154E-01
      554.00  0.265227E-05 0.117017E-02 0.969825E-02 0.514630E-01
      562.00  0.464188E-05 0.163457E-02 0.133408E-01 0.704248E-01
      570.00  0.783601E-05 0.227182E-02 0.182635E-01 0.958971E-01
      578.00  0.128493E-04 0.314216E-02 0.248859E-01 0.129956E+00
      586.00  0.205696E-04 0.432544E-02 0.337559E-01 0.175287E+00
      596.00  0.360081E-04 0.640830E-02 0.491076E-01 0.253176E+00
      606.00  0.613904E-04 0.942892E-02 0.709655E-01 0.363170E+00
      616.00  0.102341E-03 0.137815E-01 0.101892E+00 0.517503E+00
      626.00  0.167327E-03 0.200148E-01 0.145386E+00 0.732696E+00
      636.00  0.268952E-03 0.288882E-01 0.206194E+00 0.103094E+01
      646.00  0.425791E-03 0.414476E-01 0.290727E+00 0.144186E+01
      656.00  0.664968E-03 0.591257E-01 0.407596E+00 0.200482E+01
      666.00  0.102575E-02 0.838757E-01 0.568311E+00 0.277186E+01
      676.00  0.156455E-02 0.118348E+00 0.788185E+00 0.381138E+01
      686.00  0.236175E-02 0.166122E+00 0.108749E+01 0.521291E+01
      696.00  0.353117E-02 0.232010E+00 0.149294E+01 0.709302E+01
      706.00  0.523285E-02 0.322458E+00 0.203961E+01 0.960286E+01
      716.00  0.769048E-02 0.446059E+00 0.277330E+01 0.129375E+02
      726.00  0.112149E-01 0.614230E+00 0.375365E+01 0.173476E+02
      736.00  0.162355E-01 0.842079E+00 0.505795E+01 0.231539E+02
      746.00  0.233429E-01 0.114952E+01 0.678602E+01 0.307655E+02
      756.00  0.333444E-01 0.156273E+01 0.906624E+01 0.407012E+02
      766.00  0.473395E-01 0.211596E+01 0.120632E+02 0.536173E+02
      776.00  0.668182E-01 0.285392E+01 0.159871E+02 0.703405E+02
      786.00  0.937912E-01 0.383477E+01 0.211054E+02 0.919087E+02
      796.00  0.130961E+00 0.513396E+01 0.277578E+02 0.119620E+03
      806.00  0.181948E+00 0.684904E+01 0.363735E+02 0.155091E+03
      816.00  0.251579E+00 0.910581E+01 0.474940E+02 0.200333E+03
      826.00  0.346272E+00 0.120661E+02 0.617995E+02 0.257832E+03
      836.00  0.474531E+00 0.159373E+02 0.801428E+02 0.330658E+03
      846.00  0.647588E+00 0.209850E+02 0.103590E+03 0.422587E+03
      856.00  0.880231E+00 0.275480E+02 0.133468E+03 0.538249E+03
      866.00  0.119188E+01 0.360580E+02 0.171428E+03 0.683306E+03
      876.00  0.160797E+01 0.470633E+02 0.219517E+03 0.864659E+03
      886.00  0.216171E+01 0.612592E+02 0.280266E+03 0.109070E+04
      896.00  0.289636E+01 0.795255E+02 0.356795E+03 0.137158E+04
      906.00  0.386816E+01 0.102973E+03 0.452945E+03 0.171961E+04
      916.00  0.515004E+01 0.133003E+03 0.573432E+03 0.214957E+04
      926.00  0.683640E+01 0.171378E+03 0.724033E+03 0.267928E+04
      936.00  0.904916E+01 0.220313E+03 0.911809E+03 0.333006E+04
      946.00  0.119455E+02 0.282586E+03 0.114538E+04 0.412745E+04
      956.00  0.157277E+02 0.361676E+03 0.143522E+04 0.510187E+04
      966.00  0.206558E+02 0.461938E+03 0.179407E+04 0.628953E+04
      976.00  0.270631E+02 0.588807E+03 0.223740E+04 0.773338E+04
      986.00  0.353770E+02 0.749071E+03 0.278388E+04 0.948428E+04
      996.00  0.461442E+02 0.951186E+03 0.345612E+04 0.116023E+05
     1006.00  0.600634E+02 0.120569E+04 0.428138E+04 0.141581E+05
     1016.00  0.780270E+02 0.152567E+04 0.529250E+04 0.172350E+05
     1026.00  0.101173E+03 0.192745E+04 0.652896E+04 0.209304E+05
     1036.00  0.130952E+03 0.243124E+04 0.803817E+04 0.253582E+05
     1046.00  0.169211E+03 0.306220E+04 0.987699E+04 0.306517E+05
     1056.00  0.218303E+03 0.385151E+04 0.121135E+05 0.369656E+05
     1066.00  0.281220E+03 0.483789E+04 0.148291E+05 0.444798E+05
     1076.00  0.361770E+03 0.606935E+04 0.181212E+05 0.534028E+05
     1086.00  0.464794E+03 0.760547E+04 0.221058E+05 0.639754E+05
     1096.00  0.596451E+03 0.952015E+04 0.269215E+05 0.764753E+05
     1106.00  0.764575E+03 0.119051E+05 0.327331E+05 0.912219E+05
     1116.00  0.979131E+03 0.148741E+05 0.397368E+05 0.108581E+06
     1126.00  0.125281E+04 0.185684E+05 0.481663E+05 0.128973E+06
     1136.00  0.160175E+04 0.231637E+05 0.582988E+05 0.152873E+06
     1146.00  0.204656E+04 0.288784E+05 0.704641E+05 0.180827E+06
     1156.00  0.261350E+04 0.359842E+05 0.850536E+05 0.213449E+06
     1166.00  0.333611E+04 0.448200E+05 0.102532E+06 0.251437E+06
     1176.00  0.425730E+04 0.558087E+05 0.123452E+06 0.295572E+06
     1186.00  0.543201E+04 0.694788E+05 0.148467E+06 0.346735E+06
     1196.00  0.693074E+04 0.864925E+05 0.178356E+06 0.405906E+06
     1206.00  0.884415E+04 0.107681E+06 0.214043E+06 0.474175E+06
     1216.00  0.112890E+05 0.134088E+06 0.256626E+06 0.552745E+06
     1226.00  0.144163E+05 0.167035E+06 0.307412E+06 0.642939E+06
     1236.00  0.184216E+05 0.208188E+06 0.367957E+06 0.746197E+06
     1246.00  0.235591E+05 0.259667E+06 0.440119E+06 0.864076E+06
     1256.00  0.301608E+05 0.324173E+06 0.526117E+06 0.998236E+06
     1266.00  0.386614E+05 0.405163E+06 0.628608E+06 0.115043E+07
     1276.00  0.496334E+05 0.507082E+06 0.750782E+06 0.132246E+07
     1286.00  0.638342E+05 0.635680E+06 0.896485E+06 0.151615E+07
     1296.00  0.822716E+05 0.798434E+06 0.107036E+07 0.173328E+07
     1306.00  0.106296E+06 0.100514E+07 0.127806E+07 0.197547E+07
     1316.00  0.137727E+06 0.126871E+07 0.152648E+07 0.224406E+07
     1326.00  0.179043E+06 0.160633E+07 0.182408E+07 0.253994E+07
     1336.00  0.233642E+06 0.204108E+07 0.218135E+07 0.286325E+07
     1346.00  0.306235E+06 0.260427E+07 0.261139E+07 0.321306E+07
     1356.00  0.403429E+06 0.333891E+07 0.313070E+07 0.358683E+07
     1366.00  0.534611E+06 0.430486E+07 0.376036E+07 0.397976E+07
     1376.00  0.713321E+06 0.558673E+07 0.452767E+07 0.438381E+07
     1386.00  0.959423E+06 0.730628E+07 0.546854E+07 0.478640E+07
     1396.00  0.130264E+07 0.964226E+07 0.663122E+07 0.516864E+07
     1406.00  0.178852E+07 0.128635E+08 0.808203E+07 0.550281E+07
     1416.00  0.248869E+07 0.173854E+08 0.991472E+07 0.574910E+07
     1426.00  0.351964E+07 0.238721E+08 0.122663E+08 0.585132E+07
     1436.00  0.507822E+07 0.334271E+08 0.153455E+08 0.573200E+07
     1446.00  0.751341E+07 0.479766E+08 0.194859E+08 0.528887E+07
     1456.00  0.114822E+08 0.710918E+08 0.252552E+08 0.440026E+07
     1466.00  0.183201E+08 0.109930E+09 0.336988E+08 0.296832E+07
     1476.00  0.310371E+08 0.180402E+09 0.469518E+08 0.111297E+07
     1486.00  0.574677E+08 0.323384E+09 0.700554E+08 0.240733E+05
     1496.00  0.122984E+09 0.669627E+09 0.117802E+09 0.633835E+07
     1506.00  0.347488E+09 0.182959E+10 0.253265E+09 0.643507E+08
     1516.00  0.211080E+10 0.107403E+11 0.112218E+10 0.838984E+09
     1526.00  0.280490E+11 0.137834E+12 0.102636E+11 0.192028E+11
     1536.00  0.111018E+10 0.526500E+10 0.256872E+09 0.115787E+10
     1546.00  0.388029E+09 0.177466E+10 0.495756E+08 0.570004E+09
     1556.00  0.212562E+09 0.936803E+09 0.116533E+08 0.416453E+09
     1566.00  0.142376E+09 0.604164E+09 0.175753E+07 0.357411E+09
     1576.00  0.106925E+09 0.436492E+09 0.146398E+05 0.333511E+09
     1586.00  0.864547E+08 0.339211E+09 0.155935E+07 0.327006E+09
     1596.00  0.736011E+08 0.277287E+09 0.485064E+07 0.330995E+09
     1606.00  0.650840E+08 0.235203E+09 0.934781E+07 0.342366E+09
     1616.00  0.592524E+08 0.205176E+09 0.148792E+08 0.359615E+09
     1626.00  0.551980E+08 0.182937E+09 0.214338E+08 0.382015E+09
     1636.00  0.523864E+08 0.165968E+09 0.290830E+08 0.409267E+09
     1646.00  0.504865E+08 0.152703E+09 0.379491E+08 0.441326E+09
     1656.00  0.492849E+08 0.142121E+09 0.481927E+08 0.478323E+09
     1666.00  0.486401E+08 0.133528E+09 0.600077E+08 0.520510E+09
     1676.00  0.484561E+08 0.126440E+09 0.736217E+08 0.568247E+09
     1686.00  0.486677E+08 0.120506E+09 0.892974E+08 0.621981E+09
     1696.00  0.492301E+08 0.115467E+09 0.107337E+09 0.682242E+09
     1706.00  0.501137E+08 0.111125E+09 0.128085E+09 0.749649E+09
     1716.00  0.512997E+08 0.107326E+09 0.151937E+09 0.824904E+09
     1726.00  0.527777E+08 0.103947E+09 0.179345E+09 0.908802E+09
     1736.00  0.545440E+08 0.100889E+09 0.210824E+09 0.100223E+10
     1746.00  0.566005E+08 0.980687E+08 0.246964E+09 0.110620E+10
     1756.00  0.589536E+08 0.954154E+08 0.288439E+09 0.122182E+10
     1766.00  0.616144E+08 0.928675E+08 0.336019E+09 0.135034E+10
     1776.00  0.645974E+08 0.903707E+08 0.390588E+09 0.149315E+10
     1786.00  0.679215E+08 0.878760E+08 0.453157E+09 0.165179E+10
     1796.00  0.716091E+08 0.853384E+08 0.524882E+09 0.182800E+10
     1806.00  0.756866E+08 0.827166E+08 0.607093E+09 0.202370E+10
     1816.00  0.801845E+08 0.799720E+08 0.701312E+09 0.224103E+10
     1826.00  0.851377E+08 0.770686E+08 0.809288E+09 0.248237E+10
     1836.00  0.905858E+08 0.739731E+08 0.933029E+09 0.275040E+10
     1846.00  0.965737E+08 0.706551E+08 0.107485E+10 0.304809E+10
     1856.00  0.103152E+09 0.670875E+08 0.123740E+10 0.337874E+10
     1866.00  0.110376E+09 0.632476E+08 0.142375E+10 0.374608E+10
     1876.00  0.118311E+09 0.591178E+08 0.163742E+10 0.415422E+10
     1886.00  0.127028E+09 0.546877E+08 0.188248E+10 0.460778E+10
     1896.00  0.136606E+09 0.499558E+08 0.216363E+10 0.511193E+10
     1906.00  0.147135E+09 0.449325E+08 0.248628E+10 0.567241E+10
     1916.00  0.158713E+09 0.396434E+08 0.285671E+10 0.629566E+10
     1926.00  0.171454E+09 0.341338E+08 0.328213E+10 0.698883E+10
     1936.00  0.185480E+09 0.284740E+08 0.377093E+10 0.775993E+10
     1946.00  0.200931E+09 0.227670E+08 0.433276E+10 0.861783E+10
     1956.00  0.217959E+09 0.171566E+08 0.497880E+10 0.957241E+10
     1966.00  0.236737E+09 0.118382E+08 0.572195E+10 0.106346E+11
     1976.00  0.257451E+09 0.707315E+07 0.657709E+10 0.118165E+11
     1986.00  0.280310E+09 0.320434E+07 0.756133E+10 0.131312E+11
     1996.00  0.305538E+09 0.677118E+06 0.869435E+10 0.145933E+11
     2006.00  0.333380E+09 0.636419E+05 0.999862E+10 0.162183E+11
     2016.00  0.364097E+09 0.209228E+07 0.114997E+11 0.180226E+11
     2026.00  0.397960E+09 0.768224E+07 0.132266E+11 0.200238E+11
     2036.00  0.435251E+09 0.179835E+08 0.152117E+11 0.222395E+11
     2046.00  0.476245E+09 0.344216E+08 0.174907E+11 0.246872E+11
     2056.00  0.521203E+09 0.587454E+08 0.201026E+11 0.273831E+11
     2066.00  0.570343E+09 0.930750E+08 0.230890E+11 0.303409E+11
     2076.00  0.623817E+09 0.139944E+09 0.264923E+11 0.335697E+11
     2086.00  0.681672E+09 0.202328E+09 0.303543E+11 0.370720E+11
     2096.00  0.743797E+09 0.283643E+09 0.347128E+11 0.408401E+11
     2106.00  0.809869E+09 0.387701E+09 0.395973E+11 0.448526E+11
     2116.00  0.879286E+09 0.518594E+09 0.450232E+11 0.490703E+11
     2126.00  0.951097E+09 0.680490E+09 0.509853E+11 0.534318E+11
     2136.00  0.102395E+10 0.877316E+09 0.574497E+11 0.578503E+11
     2146.00  0.109606E+10 0.111232E+10 0.643458E+11 0.622115E+11
     2156.00  0.116523E+10 0.138754E+10 0.715612E+11 0.663749E+11
     2166.00  0.122890E+10 0.170322E+10 0.789386E+11 0.701794E+11
     2176.00  0.128439E+10 0.205732E+10 0.862795E+11 0.734539E+11
     2186.00  0.132905E+10 0.244519E+10 0.933557E+11 0.760321E+11
     2196.00  0.136058E+10 0.285959E+10 0.999267E+11 0.777713E+11
     2206.00  0.137733E+10 0.329110E+10 0.105764E+12 0.785699E+11
     2216.00  0.137852E+10 0.372895E+10 0.110675E+12 0.783814E+11
     2226.00  0.136429E+10 0.416206E+10 0.114523E+12 0.772201E+11
     2236.00  0.133572E+10 0.458017E+10 0.117242E+12 0.751581E+11
     2246.00  0.129461E+10 0.497473E+10 0.118832E+12 0.723143E+11
     2256.00  0.124327E+10 0.533947E+10 0.119357E+12 0.688381E+11
     2266.00  0.118420E+10 0.567061E+10 0.118925E+12 0.648914E+11
     2276.00  0.111988E+10 0.596669E+10 0.117676E+12 0.606333E+11
     2286.00  0.105257E+10 0.622814E+10 0.115757E+12 0.562081E+11
     2296.00  0.984184E+09 0.645684E+10 0.113316E+12 0.517387E+11
     2306.00  0.916281E+09 0.665556E+10 0.110487E+12 0.473240E+11
     2316.00  0.850034E+09 0.682757E+10 0.107391E+12 0.430385E+11
     2326.00  0.786284E+09 0.697630E+10 0.104124E+12 0.389357E+11
     2336.00  0.725589E+09 0.710506E+10 0.100769E+12 0.350510E+11
     2346.00  0.668277E+09 0.721693E+10 0.973861E+11 0.314050E+11
     2356.00  0.614502E+09 0.731468E+10 0.940241E+11 0.280075E+11
     2366.00  0.564290E+09 0.740071E+10 0.907171E+11 0.248603E+11
     2376.00  0.517573E+09 0.747706E+10 0.874893E+11 0.219590E+11
     2386.00  0.474226E+09 0.754546E+10 0.843569E+11 0.192960E+11
     2396.00  0.434083E+09 0.760734E+10 0.813296E+11 0.168609E+11
     2406.00  0.396958E+09 0.766384E+10 0.784126E+11 0.146421E+11
     2416.00  0.362656E+09 0.771590E+10 0.756074E+11 0.126275E+11
     2426.00  0.330981E+09 0.776426E+10 0.729130E+11 0.108051E+11
     2436.00  0.301743E+09 0.780950E+10 0.703269E+11 0.916301E+10
     2446.00  0.274760E+09 0.785205E+10 0.678451E+11 0.768994E+10
     2456.00  0.249861E+09 0.789224E+10 0.654629E+11 0.637528E+10
     2466.00  0.226885E+09 0.793031E+10 0.631754E+11 0.520914E+10
     2476.00  0.205686E+09 0.796643E+10 0.609773E+11 0.418234E+10
     2486.00  0.186128E+09 0.800069E+10 0.588634E+11 0.328640E+10
     2496.00  0.168087E+09 0.803315E+10 0.568285E+11 0.251354E+10
     2506.00  0.151449E+09 0.806382E+10 0.548678E+11 0.185657E+10
     2516.00  0.136113E+09 0.809269E+10 0.529765E+11 0.130890E+10
     2526.00  0.121983E+09 0.811972E+10 0.511504E+11 0.864455E+09
     2536.00  0.108974E+09 0.814485E+10 0.493852E+11 0.517602E+09
     2546.00  0.970080E+08 0.816802E+10 0.476772E+11 0.263138E+09
     2556.00  0.860148E+08 0.818915E+10 0.460229E+11 0.962189E+08
     2566.00  0.759293E+08 0.820814E+10 0.444191E+11 0.123173E+08
     2576.00  0.666925E+08 0.822491E+10 0.428629E+11 0.718529E+07
     2586.00  0.582504E+08 0.823936E+10 0.413516E+11 0.768150E+08
     2596.00  0.505535E+08 0.825141E+10 0.398828E+11 0.217407E+09
     2606.00  0.435564E+08 0.826097E+10 0.384543E+11 0.425339E+09
     2616.00  0.372171E+08 0.826795E+10 0.370643E+11 0.697145E+09
     2626.00  0.314970E+08 0.827227E+10 0.357109E+11 0.102949E+10
     2636.00  0.263604E+08 0.827386E+10 0.343926E+11 0.141914E+10
     2646.00  0.217739E+08 0.827264E+10 0.331079E+11 0.186298E+10
     2656.00  0.177066E+08 0.826856E+10 0.318558E+11 0.235795E+10
     2666.00  0.141297E+08 0.826157E+10 0.306350E+11 0.290108E+10
     2676.00  0.110161E+08 0.825160E+10 0.294446E+11 0.348944E+10
     2686.00  0.834027E+07 0.823862E+10 0.282838E+11 0.412017E+10
     2696.00  0.607839E+07 0.822260E+10 0.271517E+11 0.479045E+10
     2706.00  0.420780E+07 0.820350E+10 0.260478E+11 0.549751E+10
     2716.00  0.270706E+07 0.818133E+10 0.249714E+11 0.623859E+10
     2726.00  0.155584E+07 0.815605E+10 0.239221E+11 0.701100E+10
     2736.00  0.734761E+06 0.812768E+10 0.228993E+11 0.781207E+10
     2746.00  0.225354E+06 0.809622E+10 0.219028E+11 0.863916E+10
     2756.00  0.995883E+04 0.806168E+10 0.209322E+11 0.948967E+10
     2766.00  0.716661E+05 0.802408E+10 0.199871E+11 0.103610E+11
     2776.00  0.394256E+06 0.798346E+10 0.190674E+11 0.112507E+11
     2786.00  0.962151E+06 0.793984E+10 0.181727E+11 0.121563E+11
     2796.00  0.176036E+07 0.789327E+10 0.173028E+11 0.130753E+11
     2806.00  0.277447E+07 0.784379E+10 0.164576E+11 0.140052E+11
     2816.00  0.399057E+07 0.779145E+10 0.156369E+11 0.149438E+11
     2826.00  0.539526E+07 0.773632E+10 0.148404E+11 0.158887E+11
     2836.00  0.697560E+07 0.767844E+10 0.140680E+11 0.168377E+11
     2846.00  0.871911E+07 0.761790E+10 0.133196E+11 0.177885E+11
     2856.00  0.106137E+08 0.755476E+10 0.125949E+11 0.187391E+11
     2866.00  0.126478E+08 0.748910E+10 0.118938E+11 0.196873E+11
     2876.00  0.148102E+08 0.742100E+10 0.112161E+11 0.206311E+11
     2886.00  0.170899E+08 0.735054E+10 0.105616E+11 0.215686E+11
     2896.00  0.194766E+08 0.727780E+10 0.993017E+10 0.224979E+11
     2906.00  0.219601E+08 0.720288E+10 0.932154E+10 0.234170E+11
     2916.00  0.245307E+08 0.712585E+10 0.873552E+10 0.243244E+11
     2926.00  0.271789E+08 0.704683E+10 0.817189E+10 0.252182E+11
     2936.00  0.298958E+08 0.696588E+10 0.763041E+10 0.260969E+11
     2946.00  0.326727E+08 0.688312E+10 0.711083E+10 0.269590E+11
     2956.00  0.355011E+08 0.679864E+10 0.661289E+10 0.278029E+11
     2966.00  0.383730E+08 0.671253E+10 0.613632E+10 0.286273E+11
     2976.00  0.412807E+08 0.662489E+10 0.568084E+10 0.294310E+11
     2986.00  0.442168E+08 0.653582E+10 0.524615E+10 0.302125E+11
     2996.00  0.471741E+08 0.644542E+10 0.483193E+10 0.309709E+11
     3006.00  0.501460E+08 0.635379E+10 0.443787E+10 0.317050E+11
     3016.00  0.531259E+08 0.626101E+10 0.406363E+10 0.324139E+11
     3026.00  0.561075E+08 0.616720E+10 0.370887E+10 0.330966E+11
     3036.00  0.590851E+08 0.607243E+10 0.337322E+10 0.337522E+11
     3046.00  0.620529E+08 0.597682E+10 0.305633E+10 0.343800E+11
     3056.00  0.650057E+08 0.588044E+10 0.275782E+10 0.349794E+11
     3066.00  0.679382E+08 0.578340E+10 0.247730E+10 0.355497E+11
     3076.00  0.708459E+08 0.568578E+10 0.221438E+10 0.360902E+11
     3086.00  0.737240E+08 0.558768E+10 0.196865E+10 0.366007E+11
     3096.00  0.765683E+08 0.548918E+10 0.173972E+10 0.370807E+11
     3106.00  0.793749E+08 0.539036E+10 0.152716E+10 0.375297E+11
     3116.00  0.821398E+08 0.529132E+10 0.133056E+10 0.379477E+11
     3126.00  0.848596E+08 0.519213E+10 0.114949E+10 0.383343E+11
     3136.00  0.875308E+08 0.509287E+10 0.983520E+09 0.386894E+11
     3146.00  0.901505E+08 0.499362E+10 0.832217E+09 0.390130E+11
     3156.00  0.927158E+08 0.489446E+10 0.695148E+09 0.393050E+11
     3166.00  0.952239E+08 0.479546E+10 0.571873E+09 0.395654E+11
     3176.00  0.976724E+08 0.469668E+10 0.461953E+09 0.397944E+11
     3186.00  0.100059E+09 0.459821E+10 0.364950E+09 0.399921E+11
     3196.00  0.102382E+09 0.450010E+10 0.280421E+09 0.401586E+11
     3206.00  0.104638E+09 0.440241E+10 0.207929E+09 0.402943E+11
     3216.00  0.106828E+09 0.430522E+10 0.147034E+09 0.403994E+11
     3226.00  0.108948E+09 0.420858E+10 0.972996E+08 0.404742E+11
     3236.00  0.110998E+09 0.411255E+10 0.582901E+08 0.405191E+11
     3246.00  0.112976E+09 0.401717E+10 0.295737E+08 0.405346E+11
     3256.00  0.114881E+09 0.392252E+10 0.107213E+08 0.405211E+11
     3266.00  0.116713E+09 0.382862E+10 0.130745E+07 0.404790E+11
     3276.00  0.118471E+09 0.373554E+10 0.910893E+06 0.404089E+11
     3286.00  0.120154E+09 0.364331E+10 0.911485E+07 0.403114E+11
     3296.00  0.121761E+09 0.355198E+10 0.255075E+08 0.401871E+11
     3306.00  0.123292E+09 0.346159E+10 0.496823E+08 0.400364E+11
     3316.00  0.124748E+09 0.337218E+10 0.812383E+08 0.398602E+11
     3326.00  0.126127E+09 0.328379E+10 0.119781E+09 0.396590E+11
     3336.00  0.127430E+09 0.319644E+10 0.164921E+09 0.394335E+11
     3346.00  0.128657E+09 0.311018E+10 0.216277E+09 0.391845E+11
     3356.00  0.129808E+09 0.302503E+10 0.273474E+09 0.389126E+11
     3366.00  0.130884E+09 0.294102E+10 0.336144E+09 0.386186E+11
     3376.00  0.131884E+09 0.285818E+10 0.403926E+09 0.383032E+11
     3386.00  0.132810E+09 0.277653E+10 0.476467E+09 0.379673E+11
     3396.00  0.133661E+09 0.269609E+10 0.553422E+09 0.376115E+11
     3406.00  0.134439E+09 0.261689E+10 0.634453E+09 0.372366E+11
     3416.00  0.135145E+09 0.253894E+10 0.719231E+09 0.368435E+11
     3426.00  0.135778E+09 0.246226E+10 0.807434E+09 0.364330E+11
     3436.00  0.136340E+09 0.238686E+10 0.898750E+09 0.360058E+11
     3446.00  0.136831E+09 0.231276E+10 0.992873E+09 0.355627E+11
     3456.00  0.137254E+09 0.223997E+10 0.108951E+10 0.351046E+11
     3466.00  0.137607E+09 0.216850E+10 0.118837E+10 0.346322E+11
     3476.00  0.137894E+09 0.209836E+10 0.128917E+10 0.341464E+11
     3486.00  0.138114E+09 0.202956E+10 0.139165E+10 0.336479E+11
     3496.00  0.138270E+09 0.196210E+10 0.149554E+10 0.331376E+11
     3506.00  0.138361E+09 0.189598E+10 0.160059E+10 0.326162E+11
     3516.00  0.138390E+09 0.183122E+10 0.170655E+10 0.320846E+11
     3526.00  0.138357E+09 0.176781E+10 0.181320E+10 0.315434E+11
     3536.00  0.138264E+09 0.170574E+10 0.192029E+10 0.309936E+11
     3546.00  0.138112E+09 0.164503E+10 0.202761E+10 0.304358E+11
     3556.00  0.137902E+09 0.158567E+10 0.213495E+10 0.298708E+11
     3566.00  0.137637E+09 0.152766E+10 0.224212E+10 0.292993E+11
     3576.00  0.137316E+09 0.147098E+10 0.234890E+10 0.287222E+11
     3586.00  0.136942E+09 0.141565E+10 0.245513E+10 0.281400E+11
     3596.00  0.136516E+09 0.136164E+10 0.256061E+10 0.275535E+11
     3606.00  0.136039E+09 0.130896E+10 0.266519E+10 0.269634E+11
     3616.00  0.135513E+09 0.125760E+10 0.276869E+10 0.263704E+11
     3626.00  0.134939E+09 0.120754E+10 0.287097E+10 0.257752E+11
     3636.00  0.134318E+09 0.115878E+10 0.297189E+10 0.251783E+11
     3646.00  0.133652E+09 0.111131E+10 0.307129E+10 0.245805E+11
     3656.00  0.132943E+09 0.106511E+10 0.316905E+10 0.239824E+11
     3666.00  0.132192E+09 0.102018E+10 0.326506E+10 0.233845E+11
     3676.00  0.131400E+09 0.976506E+09 0.335918E+10 0.227875E+11
     3686.00  0.130568E+09 0.934066E+09 0.345132E+10 0.221918E+11
     3696.00  0.129699E+09 0.892852E+09 0.354137E+10 0.215982E+11
     3706.00  0.128793E+09 0.852850E+09 0.362923E+10 0.210071E+11
     3716.00  0.127852E+09 0.814043E+09 0.371482E+10 0.204189E+11
     3726.00  0.126878E+09 0.776418E+09 0.379806E+10 0.198344E+11
     3736.00  0.125871E+09 0.739958E+09 0.387886E+10 0.192538E+11
     3746.00  0.124833E+09 0.704648E+09 0.395717E+10 0.186777E+11
     3756.00  0.123765E+09 0.670470E+09 0.403291E+10 0.181066E+11
     3766.00  0.122670E+09 0.637409E+09 0.410604E+10 0.175408E+11
     3776.00  0.121547E+09 0.605446E+09 0.417649E+10 0.169808E+11
     3786.00  0.120399E+09 0.574565E+09 0.424423E+10 0.164269E+11
     3796.00  0.119227E+09 0.544747E+09 0.430921E+10 0.158796E+11
     3806.00  0.118032E+09 0.515974E+09 0.437139E+10 0.153392E+11
     3816.00  0.116815E+09 0.488229E+09 0.443076E+10 0.148060E+11
     3826.00  0.115577E+09 0.461492E+09 0.448728E+10 0.142803E+11
     3836.00  0.114321E+09 0.435745E+09 0.454093E+10 0.137625E+11
     3846.00  0.113046E+09 0.410969E+09 0.459169E+10 0.132529E+11
     3856.00  0.111755E+09 0.387146E+09 0.463956E+10 0.127516E+11
     3866.00  0.110448E+09 0.364255E+09 0.468454E+10 0.122591E+11
     3876.00  0.109127E+09 0.342278E+09 0.472660E+10 0.117754E+11
     3886.00  0.107792E+09 0.321196E+09 0.476577E+10 0.113008E+11
     3896.00  0.106445E+09 0.300989E+09 0.480204E+10 0.108355E+11
     3906.00  0.105087E+09 0.281639E+09 0.483542E+10 0.103797E+11
     3916.00  0.103718E+09 0.263125E+09 0.486592E+10 0.993356E+10
     3926.00  0.102341E+09 0.245429E+09 0.489357E+10 0.949724E+10
     3936.00  0.100956E+09 0.228532E+09 0.491837E+10 0.907086E+10
     3946.00  0.995634E+08 0.212413E+09 0.494036E+10 0.865455E+10
     3956.00  0.981650E+08 0.197055E+09 0.495955E+10 0.824840E+10
     3966.00  0.967614E+08 0.182437E+09 0.497598E+10 0.785252E+10
     3976.00  0.953537E+08 0.168541E+09 0.498968E+10 0.746698E+10
     3986.00  0.939427E+08 0.155349E+09 0.500067E+10 0.709185E+10
     3996.00  0.925292E+08 0.142840E+09 0.500899E+10 0.672716E+10
     4006.00  0.911142E+08 0.130998E+09 0.501469E+10 0.637296E+10
     4016.00  0.896984E+08 0.119802E+09 0.501780E+10 0.602928E+10
     4026.00  0.882828E+08 0.109236E+09 0.501836E+10 0.569612E+10
     4036.00  0.868680E+08 0.992801E+08 0.501643E+10 0.537349E+10
     4046.00  0.854548E+08 0.899170E+08 0.501203E+10 0.506136E+10
     4056.00  0.840440E+08 0.811289E+08 0.500523E+10 0.475973E+10
     4066.00  0.826362E+08 0.728980E+08 0.499606E+10 0.446854E+10
     4076.00  0.812323E+08 0.652071E+08 0.498459E+10 0.418777E+10
     4086.00  0.798328E+08 0.580388E+08 0.497085E+10 0.391735E+10
     4096.00  0.784384E+08 0.513762E+08 0.495491E+10 0.365721E+10
     4106.00  0.770496E+08 0.452026E+08 0.493682E+10 0.340729E+10
     4116.00  0.756672E+08 0.395014E+08 0.491663E+10 0.316749E+10
     4126.00  0.742917E+08 0.342562E+08 0.489440E+10 0.293773E+10
     4136.00  0.729237E+08 0.294511E+08 0.487018E+10 0.271791E+10
     4146.00  0.715636E+08 0.250703E+08 0.484403E+10 0.250791E+10
     4156.00  0.702121E+08 0.210981E+08 0.481601E+10 0.230763E+10
     4166.00  0.688695E+08 0.175194E+08 0.478618E+10 0.211693E+10
     4176.00  0.675364E+08 0.143190E+08 0.475459E+10 0.193569E+10
     4186.00  0.662133E+08 0.114822E+08 0.472130E+10 0.176377E+10
     4196.00  0.649005E+08 0.899448E+07 0.468638E+10 0.160103E+10
     4206.00  0.635985E+08 0.684163E+07 0.464988E+10 0.144732E+10
     4216.00  0.623077E+08 0.500967E+07 0.461187E+10 0.130249E+10
     4226.00  0.610284E+08 0.348491E+07 0.457239E+10 0.116637E+10
     4236.00  0.597610E+08 0.225396E+07 0.453151E+10 0.103882E+10
     4246.00  0.585059E+08 0.130367E+07 0.448929E+10 0.919648E+09
     4256.00  0.572633E+08 0.621201E+06 0.444579E+10 0.808696E+09
     4266.00  0.560336E+08 0.193979E+06 0.440106E+10 0.705785E+09
     4276.00  0.548170E+08 0.971394E+04 0.435517E+10 0.610738E+09
     4286.00  0.536138E+08 0.563961E+05 0.430816E+10 0.523374E+09
     4296.00  0.524243E+08 0.322297E+06 0.426011E+10 0.443507E+09
     4306.00  0.512487E+08 0.795968E+06 0.421106E+10 0.370953E+09
     4316.00  0.500871E+08 0.146624E+07 0.416107E+10 0.305521E+09
     4326.00  0.489399E+08 0.232223E+07 0.411020E+10 0.247023E+09
     4336.00  0.478072E+08 0.335332E+07 0.405851E+10 0.195265E+09
     4346.00  0.466891E+08 0.454918E+07 0.400604E+10 0.150055E+09
     4356.00  0.455859E+08 0.589975E+07 0.395285E+10 0.111199E+09
     4366.00  0.444976E+08 0.739525E+07 0.389900E+10 0.785006E+08
     4376.00  0.434244E+08 0.902616E+07 0.384453E+10 0.517656E+08
     4386.00  0.423664E+08 0.107832E+08 0.378950E+10 0.307978E+08
     4396.00  0.413237E+08 0.126575E+08 0.373396E+10 0.154014E+08
     4406.00  0.402964E+08 0.146403E+08 0.367796E+10 0.538076E+07
     4416.00  0.392845E+08 0.167231E+08 0.362154E+10 0.540630E+06
     4426.00  0.382882E+08 0.188978E+08 0.356476E+10 0.686423E+06
     4436.00  0.373075E+08 0.211564E+08 0.350767E+10 0.562433E+07
     4446.00  0.363423E+08 0.234912E+08 0.345029E+10 0.151616E+08
     4456.00  0.353929E+08 0.258949E+08 0.339270E+10 0.291065E+08
     4466.00  0.344590E+08 0.283602E+08 0.333492E+10 0.472690E+08
     4476.00  0.335409E+08 0.308803E+08 0.327700E+10 0.694602E+08
     4486.00  0.326384E+08 0.334484E+08 0.321898E+10 0.954933E+08
     4511.00  0.304507E+08 0.400371E+08 0.307377E+10 0.176174E+09
     4536.00  0.283604E+08 0.467920E+08 0.292882E+10 0.276881E+09
     4561.00  0.263667E+08 0.536277E+08 0.278470E+10 0.394871E+09
     4586.00  0.244685E+08 0.604668E+08 0.264192E+10 0.527504E+09
     4611.00  0.226645E+08 0.672404E+08 0.250099E+10 0.672256E+09
     4636.00  0.209531E+08 0.738871E+08 0.236235E+10 0.826720E+09
     4661.00  0.193323E+08 0.803527E+08 0.222639E+10 0.988620E+09
     4686.00  0.178002E+08 0.865900E+08 0.209348E+10 0.115581E+10
     4711.00  0.163546E+08 0.925582E+08 0.196394E+10 0.132630E+10
     4736.00  0.149931E+08 0.982225E+08 0.183806E+10 0.149820E+10
     4761.00  0.137132E+08 0.103554E+09 0.171608E+10 0.166980E+10
     4786.00  0.125124E+08 0.108528E+09 0.159822E+10 0.183951E+10
     4811.00  0.113879E+08 0.113127E+09 0.148465E+10 0.200590E+10
     4836.00  0.103371E+08 0.117337E+09 0.137551E+10 0.216766E+10
     4861.00  0.935704E+07 0.121145E+09 0.127091E+10 0.232362E+10
     4886.00  0.844504E+07 0.124548E+09 0.117095E+10 0.247275E+10
     4911.00  0.759822E+07 0.127541E+09 0.107567E+10 0.261415E+10
     4936.00  0.681371E+07 0.130124E+09 0.985102E+09 0.274705E+10
     4961.00  0.608869E+07 0.132302E+09 0.899255E+09 0.287079E+10
     4986.00  0.542031E+07 0.134079E+09 0.818110E+09 0.298484E+10
     5011.00  0.480580E+07 0.135464E+09 0.741630E+09 0.308876E+10
     5036.00  0.424236E+07 0.136467E+09 0.669759E+09 0.318222E+10
     5061.00  0.372730E+07 0.137098E+09 0.602423E+09 0.326501E+10
     5086.00  0.325794E+07 0.137372E+09 0.539534E+09 0.333698E+10
     5111.00  0.283166E+07 0.137302E+09 0.480989E+09 0.339809E+10
     5136.00  0.244594E+07 0.136904E+09 0.426673E+09 0.344836E+10
     5161.00  0.209828E+07 0.136195E+09 0.376462E+09 0.348790E+10
     5186.00  0.178630E+07 0.135191E+09 0.330221E+09 0.351687E+10
     5211.00  0.150765E+07 0.133911E+09 0.287808E+09 0.353550E+10
     5236.00  0.126010E+07 0.132371E+09 0.249074E+09 0.354406E+10
     5261.00  0.104147E+07 0.130590E+09 0.213867E+09 0.354289E+10
     5286.00  0.849697E+06 0.128586E+09 0.182028E+09 0.353235E+10
     5311.00  0.682772E+06 0.126378E+09 0.153396E+09 0.351285E+10
     5336.00  0.538787E+06 0.123983E+09 0.127810E+09 0.348483E+10
     5361.00  0.415914E+06 0.121420E+09 0.105106E+09 0.344876E+10
     5386.00  0.312413E+06 0.118705E+09 0.851200E+08 0.340510E+10
     5411.00  0.226628E+06 0.115856E+09 0.676904E+08 0.335437E+10
     5436.00  0.156988E+06 0.112890E+09 0.526558E+08 0.329707E+10
     5461.00  0.102005E+06 0.109822E+09 0.398572E+08 0.323372E+10
     5511.00  0.304589E+05 0.103444E+09 0.203474E+08 0.309098E+10
     5561.00  0.168859E+04 0.968393E+08 0.795538E+07 0.293029E+10
     5611.00  0.661374E+04 0.901143E+08 0.154304E+07 0.275574E+10
     5661.00  0.373075E+05 0.833640E+08 0.506389E+05 0.257120E+10
     5711.00  0.869199E+05 0.766723E+08 0.250433E+07 0.238034E+10
     5761.00  0.149597E+06 0.701115E+08 0.802077E+07 0.218651E+10
     5811.00  0.220400E+06 0.637428E+08 0.158093E+08 0.199276E+10
     5861.00  0.295217E+06 0.576171E+08 0.251718E+08 0.180177E+10
     5911.00  0.370688E+06 0.517748E+08 0.355012E+08 0.161587E+10
     5961.00  0.444116E+06 0.462473E+08 0.462776E+08 0.143704E+10
     6011.00  0.513397E+06 0.410573E+08 0.570645E+08 0.126688E+10
     6061.00  0.576944E+06 0.362198E+08 0.675030E+08 0.110668E+10
     6111.00  0.633619E+06 0.317430E+08 0.773057E+08 0.957386E+09
     6161.00  0.682664E+06 0.276289E+08 0.862507E+08 0.819653E+09
     6211.00  0.723651E+06 0.238744E+08 0.941747E+08 0.693871E+09
     6261.00  0.756422E+06 0.204720E+08 0.100967E+09 0.580182E+09
     6311.00  0.781042E+06 0.174104E+08 0.106561E+09 0.478518E+09
     6361.00  0.797754E+06 0.146755E+08 0.110931E+09 0.388625E+09
     6411.00  0.806944E+06 0.122508E+08 0.114083E+09 0.310096E+09
     6461.00  0.809104E+06 0.101180E+08 0.116052E+09 0.242398E+09
     6511.00  0.804800E+06 0.825768E+07 0.116892E+09 0.184895E+09
     6561.00  0.794652E+06 0.664952E+07 0.116679E+09 0.136879E+09
     6611.00  0.779309E+06 0.527296E+07 0.115497E+09 0.975879E+08
     6661.00  0.759428E+06 0.410745E+07 0.113441E+09 0.662288E+08
     6711.00  0.735664E+06 0.313272E+07 0.110613E+09 0.419942E+08
     6761.00  0.708655E+06 0.232907E+07 0.107116E+09 0.240787E+08
     6811.00  0.679013E+06 0.167755E+07 0.103053E+09 0.116929E+08
     6861.00  0.647316E+06 0.116012E+07 0.985247E+08 0.407413E+07
     6911.00  0.614102E+06 0.759801E+06 0.936295E+08 0.495715E+06
     6961.00  0.579868E+06 0.460708E+06 0.884596E+08 0.274454E+06
     7011.00  0.545065E+06 0.248146E+06 0.831012E+08 0.277581E+07
     7061.00  0.510094E+06 0.108621E+06 0.776336E+08 0.741768E+07
     7111.00  0.475315E+06 0.298515E+05 0.721287E+08 0.136727E+08
     7161.00  0.441038E+06 0.752337E+03 0.666506E+08 0.210689E+08
     7211.00  0.407532E+06 0.114058E+05 0.612558E+08 0.291901E+08
     7261.00  0.375021E+06 0.530188E+05 0.559928E+08 0.376741E+08
     7311.00  0.343691E+06 0.117870E+06 0.509027E+08 0.462111E+08
     7361.00  0.313692E+06 0.199248E+06 0.460195E+08 0.545413E+08
     7411.00  0.285138E+06 0.291386E+06 0.413704E+08 0.624515E+08
     7511.00  0.232676E+06 0.489183E+06 0.328519E+08 0.763718E+08
     7611.00  0.186662E+06 0.681325E+06 0.254468E+08 0.870660E+08
     7711.00  0.147101E+06 0.848426E+06 0.191793E+08 0.941399E+08
     7811.00  0.113739E+06 0.979460E+06 0.140146E+08 0.975905E+08
     7911.00  0.861366E+05 0.106976E+07 0.987622E+07 0.976944E+08
     8011.00  0.637412E+05 0.111928E+07 0.665976E+07 0.949096E+08
     8111.00  0.459378E+05 0.113112E+07 0.424558E+07 0.897933E+08
     8211.00  0.320939E+05 0.111031E+07 0.250864E+07 0.829360E+08
     8311.00  0.215912E+05 0.106288E+07 0.132614E+07 0.749125E+08
     8411.00  0.138482E+05 0.995170E+06 0.583023E+06 0.662478E+08
     8511.00  0.833559E+04 0.913290E+06 0.175611E+06 0.573956E+08
     8611.00  0.458423E+04 0.822804E+06 0.136353E+05 0.487268E+08
     8711.00  0.218845E+04 0.728534E+06 0.210472E+05 0.405276E+08
     8811.00  0.805600E+03 0.634452E+06 0.135865E+06 0.330024E+08
     8911.00  0.152831E+03 0.543679E+06 0.309330E+06 0.262813E+08
     9011.00  0.207573E+01 0.458521E+06 0.504618E+06 0.204306E+08
     9111.00  0.174010E+03 0.380550E+06 0.695293E+06 0.154640E+08
     9211.00  0.531556E+03 0.310701E+06 0.863654E+06 0.113542E+08
     9311.00  0.973356E+03 0.249383E+06 0.999107E+06 0.804364E+07
     9411.00  0.142755E+04 0.196581E+06 0.109662E+07 0.545473E+07
     9511.00  0.184601E+04 0.151964E+06 0.115532E+07 0.349801E+07
     9611.00  0.219927E+04 0.114972E+06 0.117733E+07 0.207942E+07
     9711.00  0.247203E+04 0.848985E+05 0.116670E+07 0.110571E+07
     9811.00  0.265942E+04 0.609547E+05 0.112861E+07 0.488566E+06
     9911.00  0.276389E+04 0.423225E+05 0.106873E+07 0.147406E+06
    10011.00  0.279272E+04 0.281957E+05 0.992740E+06 0.111312E+05
    10111.00  0.275601E+04 0.178096E+05 0.905958E+06 0.189383E+05
    10211.00  0.266526E+04 0.104612E+05 0.813158E+06 0.120439E+06
    10311.00  0.253222E+04 0.552168E+04 0.718421E+06 0.275239E+06
    10411.00  0.236815E+04 0.244214E+04 0.625088E+06 0.452151E+06
    10511.00  0.218333E+04 0.754543E+03 0.535764E+06 0.628170E+06
    10611.00  0.198677E+04 0.689359E+02 0.452361E+06 0.787327E+06
    10711.00  0.178606E+04 0.680775E+02 0.376169E+06 0.919510E+06
    10811.00  0.158737E+04 0.500436E+03 0.307937E+06 0.101932E+07
    10911.00  0.139550E+04 0.117228E+04 0.247966E+06 0.108500E+07
    11011.00  0.121403E+04 0.193946E+04 0.196199E+06 0.111751E+07
    11111.00  0.104541E+04 0.269935E+04 0.152305E+06 0.111966E+07
    11211.00  0.891176E+03 0.338326E+04 0.115754E+06 0.109548E+07
    11311.00  0.752094E+03 0.394944E+04 0.858868E+05 0.104959E+07
    11411.00  0.628294E+03 0.437696E+04 0.619695E+05 0.986852E+06
    11511.00  0.519434E+03 0.466039E+04 0.432398E+05 0.911960E+06
    11611.00  0.424819E+03 0.480530E+04 0.289422E+05 0.829276E+06
    11711.00  0.343506E+03 0.482459E+04 0.183558E+05 0.742658E+06
    11811.00  0.274401E+03 0.473556E+04 0.108119E+05 0.655383E+06
    11911.00  0.216321E+03 0.455761E+04 0.570665E+04 0.570120E+06
    12011.00  0.168065E+03 0.431054E+04 0.250712E+04 0.488943E+06
    12111.00  0.128447E+03 0.401334E+04 0.753304E+03 0.413366E+06
    12211.00  0.963332E+02 0.368336E+04 0.567217E+02 0.344402E+06
    12311.00  0.706653E+02 0.333584E+04 0.964928E+02 0.282630E+06
    12411.00  0.504701E+02 0.298363E+04 0.613797E+03 0.228265E+06
    12511.00  0.348699E+02 0.263718E+04 0.140532E+04 0.181233E+06
    12611.00  0.230833E+02 0.230463E+04 0.231623E+04 0.141232E+06
    12711.00  0.144241E+02 0.199194E+04 0.323308E+04 0.107799E+06
    12811.00  0.829687E+01 0.170320E+04 0.407693E+04 0.803611E+05
    12911.00  0.419053E+01 0.144085E+04 0.479700E+04 0.582800E+05
    13011.00  0.167144E+01 0.120598E+04 0.536480E+04 0.408925E+05
    13111.00  0.375457E+00 0.998586E+03 0.576905E+04 0.275385E+05
    13211.00  0.360230E-05 0.817820E+03 0.601119E+04 0.175841E+05
    13311.00  0.296416E+00 0.662228E+03 0.610171E+04 0.104377E+05
    13411.00  0.106263E+01 0.529931E+03 0.605698E+04 0.556064E+04
    13511.00  0.213641E+01 0.418792E+03 0.589679E+04 0.247391E+04
    13611.00  0.338929E+01 0.326556E+03 0.564246E+04 0.760108E+03
    13711.00  0.472108E+01 0.250949E+03 0.531532E+04 0.631639E+02
    13811.00  0.605505E+01 0.189764E+03 0.493567E+04 0.857130E+02
    13911.00  0.733385E+01 0.140913E+03 0.452208E+04 0.584919E+03
    14011.00  0.851588E+01 0.102475E+03 0.409092E+04 0.136733E+04
    14111.00  0.957229E+01 0.727082E+02 0.365616E+04 0.228319E+04
    14211.00  0.104844E+02 0.500707E+02 0.322927E+04 0.322057E+04
    14311.00  0.112417E+02 0.332139E+02 0.281935E+04 0.409952E+04
    14411.00  0.118400E+02 0.209793E+02 0.243324E+04 0.486666E+04
    14511.00  0.122800E+02 0.123855E+02 0.207579E+04 0.548999E+04
    14611.00  0.125662E+02 0.661332E+01 0.175003E+04 0.595440E+04
    14711.00  0.127060E+02 0.298859E+01 0.145750E+04 0.625759E+04
    14811.00  0.127087E+02 0.964625E+00 0.119851E+04 0.640664E+04
    14911.00  0.125854E+02 0.104653E+00 0.972344E+03 0.641508E+04
    15011.00  0.123479E+02 0.651679E-01 0.777523E+03 0.630056E+04
    15111.00  0.120088E+02 0.580544E+00 0.612013E+03 0.608285E+04
    15211.00  0.115810E+02 0.144916E+01 0.473403E+03 0.578240E+04
    15311.00  0.110775E+02 0.252116E+01 0.359057E+03 0.541925E+04
    15411.00  0.105112E+02 0.368789E+01 0.266245E+03 0.501215E+04
    15511.00  0.989469E+01 0.487287E+01 0.192244E+03 0.457810E+04
    15611.00  0.924008E+01 0.602436E+01 0.134423E+03 0.413200E+04
    15711.00  0.855900E+01 0.710914E+01 0.902960E+02 0.368647E+04
    15811.00  0.786245E+01 0.810759E+01 0.575681E+02 0.325188E+04
    15911.00  0.716071E+01 0.900975E+01 0.341612E+02 0.283642E+04
    16011.00  0.646324E+01 0.981222E+01 0.182266E+02 0.244623E+04
    16111.00  0.577866E+01 0.105159E+02 0.814869E+01 0.208561E+04
    16211.00  0.511469E+01 0.111241E+02 0.253980E+01 0.175726E+04
    16311.00  0.447809E+01 0.116416E+02 0.229290E+00 0.146248E+04
    16411.00  0.387470E+01 0.120732E+02 0.248044E+00 0.120145E+04
    16511.00  0.330934E+01 0.124238E+02 0.181019E+01 0.973400E+03
    16611.00  0.278588E+01 0.126976E+02 0.429317E+01 0.776849E+03
    16711.00  0.230722E+01 0.128981E+02 0.721724E+01 0.609791E+03
    16811.00  0.187532E+01 0.130279E+02 0.102252E+02 0.469854E+03
    16911.00  0.149127E+01 0.130889E+02 0.130628E+02 0.354444E+03
    17011.00  0.115527E+01 0.130826E+02 0.155607E+02 0.260864E+03
    17111.00  0.866787E+00 0.130098E+02 0.176177E+02 0.186413E+03
    17211.00  0.624533E+00 0.128711E+02 0.191863E+02 0.128465E+03
    17311.00  0.426604E+00 0.126672E+02 0.202592E+02 0.845234E+02
    17411.00  0.270538E+00 0.123989E+02 0.208584E+02 0.522685E+02
    17511.00  0.153413E+00 0.120673E+02 0.210262E+02 0.295838E+02
    17611.00  0.719326E-01 0.116741E+02 0.208168E+02 0.145731E+02
    17711.00  0.225217E-01 0.112218E+02 0.202912E+02 0.556689E+01
    17811.00  0.141499E-02 0.107138E+02 0.195118E+02 0.112099E+01
    17911.00  0.474471E-02 0.101543E+02 0.185390E+02 0.835326E-02
    18011.00  0.286229E-01 0.954855E+01 0.174289E+02 0.120667E+01
    18111.00  0.692179E-01 0.890284E+01 0.162319E+02 0.388229E+01
    18211.00  0.122823E+00 0.822432E+01 0.149912E+02 0.737198E+01
    18311.00  0.185915E+00 0.752109E+01 0.137431E+02 0.111637E+02
    18411.00  0.255210E+00 0.680195E+01 0.125168E+02 0.148767E+02
    18511.00  0.327700E+00 0.607626E+01 0.113350E+02 0.182424E+02
    18611.00  0.400687E+00 0.535379E+01 0.102141E+02 0.210855E+02
    18711.00  0.471807E+00 0.464447E+01 0.916544E+01 0.233072E+02
    18811.00  0.539038E+00 0.395815E+01 0.819571E+01 0.248685E+02
    18911.00  0.600708E+00 0.330435E+01 0.730791E+01 0.257772E+02
    19011.00  0.655493E+00 0.269206E+01 0.650209E+01 0.260744E+02
    19111.00  0.702398E+00 0.212947E+01 0.577598E+01 0.258245E+02
    19311.00  0.770155E+00 0.118096E+01 0.454605E+01 0.240048E+02
    19511.00  0.801922E+00 0.501257E+00 0.357562E+01 0.209965E+02
    19711.00  0.799405E+00 0.109770E+00 0.281605E+01 0.174356E+02
    19911.00  0.767048E+00 0.122807E-02 0.222052E+01 0.138280E+02
    20111.00  0.711001E+00 0.146747E+00 0.174830E+01 0.105195E+02
    20311.00  0.638167E+00 0.497492E+00 0.136645E+01 0.770330E+01
    20511.00  0.555416E+00 0.990382E+00 0.105019E+01 0.544823E+01
    20711.00  0.468992E+00 0.155507E+01 0.782531E+00 0.373574E+01
    20911.00  0.384116E+00 0.212128E+01 0.553527E+00 0.249542E+01
    21111.00  0.304796E+00 0.262570E+01 0.359423E+00 0.163455E+01
    21311.00  0.233789E+00 0.301753E+01 0.201507E+00 0.105911E+01
    21511.00  0.172687E+00 0.326238E+01 0.847092E-01 0.686397E+00
    21711.00  0.122090E+00 0.334394E+01 0.159031E-01 0.450508E+00
    21911.00  0.818175E-01 0.326374E+01 0.199581E-02 0.302882E+00
    22111.00  0.511322E-01 0.303900E+01 0.479844E-01 0.209922E+00
    22311.00  0.289474E-01 0.269911E+01 0.155216E+00 0.149505E+00
    22511.00  0.140057E-01 0.228127E+01 0.320108E+00 0.107632E+00
    22711.00  0.501740E-02 0.182584E+01 0.533537E+00 0.758345E-01
    22911.00  0.759243E-03 0.137190E+01 0.781027E+00 0.495454E-01
    23111.00  0.135653E-03 0.953614E+00 0.104374E+01 0.272136E-01
    23311.00  0.220889E-02 0.597476E+00 0.130013E+01 0.983724E-02
    23511.00  0.620512E-02 0.320768E+00 0.152816E+01 0.545183E-03
    23711.00  0.115039E-01 0.131155E+00 0.170756E+01 0.397257E-02
    23911.00  0.176174E-01 0.273177E-01 0.182210E+01 0.253304E-01
    24111.00  0.241653E-01 0.395671E-03 0.186131E+01 0.692315E-01
    24311.00  0.308485E-01 0.359728E-01 0.182172E+01 0.138458E+00
    24511.00  0.374254E-01 0.116319E+00 0.170710E+01 0.232910E+00
    24711.00  0.436922E-01 0.222611E+00 0.152806E+01 0.348975E+00
    24911.00  0.494679E-01 0.336915E+00 0.130083E+01 0.479461E+00
    25111.00  0.545853E-01 0.443750E+00 0.104546E+01 0.614165E+00
    25311.00  0.588867E-01 0.531166E+00 0.783710E+00 0.741004E+00
    25511.00  0.622250E-01 0.591281E+00 0.536850E+00 0.847513E+00
    25711.00  0.644693E-01 0.620335E+00 0.323581E+00 0.922519E+00
    25911.00  0.655120E-01 0.618316E+00 0.158373E+00 0.957662E+00
    26111.00  0.652803E-01 0.588308E+00 0.503430E-01 0.948595E+00
    26311.00  0.637444E-01 0.535623E+00 0.273571E-02 0.895599E+00
    26511.00  0.609288E-01 0.466895E+00 0.130464E-01 0.803636E+00
    26711.00  0.569155E-01 0.389185E+00 0.737072E-01 0.681715E+00
    26911.00  0.518492E-01 0.309238E+00 0.173223E+00 0.541820E+00
 K.E.IE==>      4            5            6            7
        1.00  0.000000E+00 0.000000E+00 0.000000E+00 0.000000E+00
        2.00  0.000000E+00 0.000000E+00 0.000000E+00 0.000000E+00
        3.00  0.000000E+00 0.000000E+00 0.000000E+00 0.000000E+00
        4.00  0.000000E+00 0.000000E+00 0.000000E+00 0.000000E+00
        5.00  0.000000E+00 0.000000E+00 0.000000E+00 0.000000E+00
        6.00  0.000000E+00 0.000000E+00 0.000000E+00 0.000000E+00
        7.00  0.000000E+00 0.000000E+00 0.000000E+00 0.000000E+00
        8.00  0.000000E+00 0.000000E+00 0.000000E+00 0.000000E+00
        9.00  0.000000E+00 0.000000E+00 0.000000E+00 0.000000E+00
       10.00  0.000000E+00 0.000000E+00 0.000000E+00 0.000000E+00
       11.00  0.000000E+00 0.000000E+00 0.000000E+00 0.000000E+00
       12.00  0.000000E+00 0.000000E+00 0.000000E+00 0.356112E-37
       13.00  0.000000E+00 0.000000E+00 0.382743E-37 0.251283E-36
       14.00  0.000000E+00 0.331760E-37 0.233659E-36 0.153318E-35
       15.00  0.236605E-37 0.178773E-36 0.125843E-35 0.825271E-35
       16.00  0.114382E-36 0.863744E-36 0.607692E-35 0.398295E-34
       17.00  0.502399E-36 0.379161E-35 0.266620E-34 0.174650E-33
       18.00  0.202702E-35 0.152890E-34 0.107453E-33 0.703478E-33
       19.00  0.758185E-35 0.571540E-34 0.401472E-33 0.262689E-32
       20.00  0.264959E-34 0.199617E-33 0.140145E-32 0.916468E-32
       21.00  0.870858E-34 0.655714E-33 0.460113E-32 0.300718E-31
       22.00  0.270746E-33 0.203740E-32 0.142888E-31 0.933354E-31
       23.00  0.800147E-33 0.601772E-32 0.421816E-31 0.275377E-30
       24.00  0.225759E-32 0.169689E-31 0.118882E-30 0.775665E-30
       25.00  0.610425E-32 0.458552E-31 0.321085E-30 0.209379E-29
       26.00  0.158701E-31 0.119147E-30 0.833848E-30 0.543442E-29
       27.00  0.397904E-31 0.298558E-30 0.208834E-29 0.136026E-28
       28.00  0.964652E-31 0.723381E-30 0.505721E-29 0.329220E-28
       29.00  0.226664E-30 0.169873E-29 0.118697E-28 0.772269E-28
       30.00  0.517291E-30 0.387457E-29 0.270588E-28 0.175951E-27
       31.00  0.114884E-29 0.859990E-29 0.600274E-28 0.390109E-27
       32.00  0.248717E-29 0.186074E-28 0.129811E-27 0.843145E-27
       33.00  0.525721E-29 0.393080E-28 0.274081E-27 0.177919E-26
       34.00  0.108650E-28 0.811900E-28 0.565811E-27 0.367086E-26
       35.00  0.219836E-28 0.164178E-27 0.114355E-26 0.741489E-26
       36.00  0.435989E-28 0.325415E-27 0.226542E-26 0.146809E-25
       37.00  0.848479E-28 0.632918E-27 0.440382E-26 0.285224E-25
       38.00  0.162193E-27 0.120916E-26 0.840884E-26 0.544308E-25
       39.00  0.304825E-27 0.227115E-26 0.157860E-25 0.102125E-24
       40.00  0.563731E-27 0.419770E-26 0.291614E-25 0.188548E-24
       42.00  0.184281E-26 0.137059E-25 0.951144E-25 0.614279E-24
       44.00  0.569814E-26 0.423299E-25 0.293447E-24 0.189301E-23
       46.00  0.167487E-25 0.124274E-24 0.860612E-24 0.554543E-23
       48.00  0.469999E-25 0.348323E-24 0.240964E-23 0.155090E-22
       50.00  0.126393E-24 0.935608E-24 0.646559E-23 0.415665E-22
       52.00  0.326825E-24 0.241640E-23 0.166812E-22 0.107119E-21
       54.00  0.814997E-24 0.601853E-23 0.415045E-22 0.266217E-21
       56.00  0.196513E-23 0.144946E-22 0.998521E-22 0.639734E-21
       58.00  0.459250E-23 0.338333E-22 0.232831E-21 0.148999E-20
       60.00  0.104243E-22 0.767047E-22 0.527307E-21 0.337061E-20
       62.00  0.230260E-22 0.169227E-21 0.116214E-20 0.742000E-20
       64.00  0.495807E-22 0.363950E-21 0.249676E-20 0.159229E-19
       66.00  0.104235E-21 0.764217E-21 0.523722E-20 0.333614E-19
       68.00  0.214259E-21 0.156898E-20 0.107411E-19 0.683427E-19
       70.00  0.431179E-21 0.315362E-20 0.215671E-19 0.137067E-18
       72.00  0.850528E-21 0.621317E-20 0.424467E-19 0.269452E-18
       74.00  0.164630E-20 0.120117E-19 0.819755E-19 0.519780E-18
       76.00  0.313007E-20 0.228096E-19 0.155507E-18 0.984875E-18
       78.00  0.585099E-20 0.425855E-19 0.290031E-18 0.183473E-17
       80.00  0.107624E-19 0.782361E-19 0.532283E-18 0.336330E-17
       82.00  0.194956E-19 0.141547E-18 0.962030E-18 0.607163E-17
       84.00  0.348043E-19 0.252383E-18 0.171357E-17 0.108022E-16
       86.00  0.612769E-19 0.443798E-18 0.301012E-17 0.189534E-16
       88.00  0.106464E-18 0.770112E-18 0.521804E-17 0.328173E-16
       90.00  0.182648E-18 0.131954E-17 0.893168E-17 0.561075E-16
       92.00  0.309578E-18 0.223375E-17 0.151044E-16 0.947721E-16
       94.00  0.518674E-18 0.373778E-17 0.252488E-16 0.158238E-15
       96.00  0.859411E-18 0.618549E-17 0.417408E-16 0.261287E-15
       98.00  0.140893E-17 0.101277E-16 0.682747E-16 0.426880E-15
      100.00  0.228635E-17 0.164141E-16 0.110542E-15 0.690335E-15
      102.00  0.367400E-17 0.263427E-16 0.177229E-15 0.110549E-14
      104.00  0.584851E-17 0.418804E-16 0.281481E-15 0.175370E-14
      106.00  0.922605E-17 0.659817E-16 0.443026E-15 0.275689E-14
      108.00  0.144277E-16 0.103050E-15 0.691225E-15 0.429630E-14
      110.00  0.223734E-16 0.159595E-15 0.106945E-14 0.663925E-14
      112.00  0.344151E-16 0.245172E-15 0.164129E-14 0.101771E-13
      114.00  0.525261E-16 0.373704E-15 0.249928E-14 0.154788E-13
      116.00  0.795659E-16 0.565340E-15 0.377722E-14 0.233653E-13
      118.00  0.119651E-15 0.849038E-15 0.566718E-14 0.350143E-13
      122.00  0.264994E-15 0.187538E-14 0.124937E-13 0.770054E-13
      126.00  0.571638E-15 0.403463E-14 0.268271E-13 0.164950E-12
      130.00  0.120306E-14 0.846804E-14 0.561999E-13 0.344712E-12
      134.00  0.247390E-14 0.173650E-13 0.115033E-12 0.703846E-12
      138.00  0.497736E-14 0.348395E-13 0.230370E-12 0.140608E-11
      142.00  0.981027E-14 0.684717E-13 0.451948E-12 0.275164E-11
      146.00  0.189638E-13 0.131974E-12 0.869577E-12 0.528107E-11
      150.00  0.359907E-13 0.249724E-12 0.164264E-11 0.995077E-11
      154.00  0.671274E-13 0.464349E-12 0.304939E-11 0.184254E-10
      158.00  0.123153E-12 0.849236E-12 0.556818E-11 0.335577E-10
      162.00  0.222428E-12 0.152887E-11 0.100093E-10 0.601647E-10
      166.00  0.395794E-12 0.271141E-11 0.177263E-10 0.106267E-09
      170.00  0.694377E-12 0.474036E-11 0.309504E-10 0.185042E-09
      174.00  0.120188E-11 0.817515E-11 0.533141E-10 0.317865E-09
      178.00  0.205370E-11 0.139158E-10 0.906595E-10 0.538989E-09
      182.00  0.346643E-11 0.233930E-10 0.152277E-09 0.902674E-09
      186.00  0.578283E-11 0.388551E-10 0.252783E-09 0.149392E-08
      190.00  0.953996E-11 0.637960E-10 0.414933E-09 0.244446E-08
      194.00  0.155713E-10 0.103586E-09 0.673824E-09 0.395641E-08
      198.00  0.251595E-10 0.166388E-09 0.108309E-08 0.633680E-08
      202.00  0.402627E-10 0.264470E-09 0.172401E-08 0.100476E-07
      206.00  0.638507E-10 0.416046E-09 0.271887E-08 0.157772E-07
      210.00  0.100408E-09 0.647763E-09 0.425053E-08 0.245422E-07
      214.00  0.156701E-09 0.997845E-09 0.659148E-08 0.378285E-07
      218.00  0.243011E-09 0.151930E-08 0.101487E-07 0.577836E-07
      222.00  0.375425E-09 0.228001E-08 0.155400E-07 0.874590E-07
      226.00  0.581699E-09 0.334160E-08 0.237686E-07 0.131024E-06
      230.00  0.932669E-09 0.455848E-08 0.370445E-07 0.193027E-06
      234.00  0.224199E-07 0.913476E-07 0.465769E-06 0.337083E-07
      238.00  0.156213E-08 0.144920E-07 0.683837E-07 0.445404E-06
      242.00  0.248020E-08 0.194814E-07 0.104887E-06 0.641836E-06
      246.00  0.371560E-08 0.275810E-07 0.154929E-06 0.927549E-06
      250.00  0.546283E-08 0.393776E-07 0.225673E-06 0.133494E-05
      254.00  0.794301E-08 0.562042E-07 0.325699E-06 0.191104E-05
      258.00  0.114518E-07 0.799753E-07 0.466525E-06 0.272045E-05
      262.00  0.163914E-07 0.113327E-06 0.663762E-06 0.385096E-05
      266.00  0.233083E-07 0.159845E-06 0.938516E-06 0.542108E-05
      270.00  0.329425E-07 0.224373E-06 0.131921E-05 0.759001E-05
      274.00  0.462909E-07 0.313420E-06 0.184392E-05 0.105705E-04
      282.00  0.899288E-07 0.602749E-06 0.354525E-05 0.201893E-04
      290.00  0.171179E-06 0.113752E-05 0.668042E-05 0.378121E-04
      298.00  0.319690E-06 0.210823E-05 0.123523E-04 0.695139E-04
      306.00  0.586437E-06 0.384030E-05 0.224357E-04 0.125562E-03
      314.00  0.105769E-05 0.688092E-05 0.400683E-04 0.223036E-03
      322.00  0.187728E-05 0.121366E-04 0.704222E-04 0.389929E-03
      330.00  0.328164E-05 0.210883E-04 0.121903E-03 0.671471E-03
      338.00  0.565415E-05 0.361223E-04 0.207989E-03 0.113976E-02
      346.00  0.960865E-05 0.610362E-04 0.350013E-03 0.190825E-02
      354.00  0.161158E-04 0.101798E-03 0.581327E-03 0.315329E-02
      362.00  0.266927E-04 0.167679E-03 0.953466E-03 0.514578E-02
      370.00  0.436845E-04 0.272924E-03 0.154517E-02 0.829725E-02
      378.00  0.706771E-04 0.439182E-03 0.247550E-02 0.132262E-01
      386.00  0.113100E-03 0.699030E-03 0.392257E-02 0.208527E-01
      394.00  0.179090E-03 0.110101E-02 0.615033E-02 0.325322E-01
      402.00  0.280733E-03 0.171676E-02 0.954622E-02 0.502424E-01
      410.00  0.435814E-03 0.265107E-02 0.146738E-01 0.768431E-01
      418.00  0.670282E-03 0.405594E-02 0.223455E-01 0.116434E+00
      426.00  0.102169E-02 0.614993E-02 0.337237E-01 0.174843E+00
      434.00  0.154393E-02 0.924492E-02 0.504568E-01 0.260288E+00
      442.00  0.231381E-02 0.137825E-01 0.748657E-01 0.384273E+00
      450.00  0.343990E-02 0.203833E-01 0.110193E+00 0.562771E+00
      458.00  0.507466E-02 0.299133E-01 0.160938E+00 0.817810E+00
      466.00  0.743063E-02 0.435724E-01 0.233298E+00 0.117955E+01
      474.00  0.108022E-01 0.630125E-01 0.335753E+00 0.168904E+01
      482.00  0.155947E-01 0.904933E-01 0.479836E+00 0.240171E+01
      490.00  0.223622E-01 0.129086E+00 0.681130E+00 0.339205E+01
      498.00  0.318585E-01 0.182942E+00 0.960567E+00 0.475951E+01
      506.00  0.451023E-01 0.257636E+00 0.134610E+01 0.663603E+01
      514.00  0.634628E-01 0.360616E+00 0.187482E+01 0.919574E+01
      522.00  0.887709E-01 0.501776E+00 0.259575E+01 0.126672E+02
      530.00  0.123461E+00 0.694192E+00 0.357323E+01 0.173486E+02
      538.00  0.170756E+00 0.955059E+00 0.489138E+01 0.236275E+02
      546.00  0.234897E+00 0.130687E+01 0.665958E+01 0.320044E+02
      554.00  0.321445E+00 0.177892E+01 0.901935E+01 0.431233E+02
      562.00  0.437649E+00 0.240918E+01 0.121530E+02 0.578079E+02
      570.00  0.592926E+00 0.324660E+01 0.162941E+02 0.771080E+02
      578.00  0.799446E+00 0.435409E+01 0.217409E+02 0.102355E+03
      586.00  0.107288E+01 0.581209E+01 0.288725E+02 0.135229E+03
      596.00  0.153987E+01 0.828610E+01 0.408984E+02 0.190317E+03
      606.00  0.219503E+01 0.117322E+02 0.575345E+02 0.265999E+03
      616.00  0.310827E+01 0.165015E+02 0.803988E+02 0.369295E+03
      626.00  0.437332E+01 0.230606E+02 0.111625E+03 0.509390E+03
      636.00  0.611516E+01 0.320265E+02 0.154012E+03 0.698231E+03
      646.00  0.849949E+01 0.442104E+02 0.211209E+03 0.951272E+03
      656.00  0.117449E+02 0.606734E+02 0.287949E+03 0.128839E+04
      666.00  0.161380E+02 0.827957E+02 0.390339E+03 0.173502E+04
      676.00  0.220534E+02 0.112364E+03 0.526218E+03 0.232355E+04
      686.00  0.299774E+02 0.151679E+03 0.705596E+03 0.309498E+04
      696.00  0.405389E+02 0.203691E+03 0.941199E+03 0.410099E+04
      706.00  0.545476E+02 0.272163E+03 0.124912E+04 0.540643E+04
      716.00  0.730411E+02 0.361877E+03 0.164964E+04 0.709224E+04
      726.00  0.973434E+02 0.478878E+03 0.216817E+04 0.925908E+04
      736.00  0.129137E+03 0.630782E+03 0.283644E+04 0.120315E+05
      746.00  0.170553E+03 0.827141E+03 0.369392E+04 0.155632E+05
      756.00  0.224274E+03 0.107989E+04 0.478945E+04 0.200424E+05
      766.00  0.293673E+03 0.140386E+04 0.618328E+04 0.256997E+05
      776.00  0.382969E+03 0.181747E+04 0.794940E+04 0.328156E+05
      786.00  0.497421E+03 0.234345E+04 0.101784E+05 0.417305E+05
      796.00  0.643565E+03 0.300976E+04 0.129808E+05 0.528558E+05
      806.00  0.829492E+03 0.385073E+04 0.164908E+05 0.666871E+05
      816.00  0.106519E+04 0.490826E+04 0.208709E+05 0.838190E+05
      826.00  0.136294E+04 0.623344E+04 0.263173E+05 0.104962E+06
      836.00  0.173780E+04 0.788827E+04 0.330659E+05 0.130965E+06
      846.00  0.220818E+04 0.994779E+04 0.413994E+05 0.162833E+06
      856.00  0.279653E+04 0.125026E+05 0.516560E+05 0.201759E+06
      866.00  0.353012E+04 0.156615E+05 0.642383E+05 0.249151E+06
      876.00  0.444200E+04 0.195553E+05 0.796246E+05 0.306663E+06
      886.00  0.557213E+04 0.243401E+05 0.983813E+05 0.376240E+06
      896.00  0.696863E+04 0.302024E+05 0.121177E+06 0.460152E+06
      906.00  0.868938E+04 0.373636E+05 0.148799E+06 0.561050E+06
      916.00  0.108038E+05 0.460865E+05 0.182172E+06 0.682014E+06
      926.00  0.133948E+05 0.566820E+05 0.222377E+06 0.826620E+06
      936.00  0.165615E+05 0.695169E+05 0.270680E+06 0.999001E+06
      946.00  0.204218E+05 0.850228E+05 0.328551E+06 0.120393E+07
      956.00  0.251157E+05 0.103706E+06 0.397702E+06 0.144688E+07
      966.00  0.308091E+05 0.126161E+06 0.480112E+06 0.173416E+07
      976.00  0.376982E+05 0.153080E+06 0.578071E+06 0.207296E+07
      986.00  0.460145E+05 0.185272E+06 0.694219E+06 0.247150E+07
      996.00  0.560306E+05 0.223675E+06 0.831592E+06 0.293917E+07
     1006.00  0.680669E+05 0.269381E+06 0.993676E+06 0.348659E+07
     1016.00  0.824993E+05 0.323653E+06 0.118446E+07 0.412583E+07
     1026.00  0.997679E+05 0.387948E+06 0.140850E+07 0.487056E+07
     1036.00  0.120387E+06 0.463949E+06 0.167099E+07 0.573615E+07
     1046.00  0.144957E+06 0.553591E+06 0.197783E+07 0.673995E+07
     1056.00  0.174176E+06 0.659095E+06 0.233573E+07 0.790144E+07
     1066.00  0.208857E+06 0.783007E+06 0.275227E+07 0.924245E+07
     1076.00  0.249945E+06 0.928241E+06 0.323602E+07 0.107874E+08
     1086.00  0.298535E+06 0.109812E+07 0.379665E+07 0.125637E+08
     1096.00  0.355893E+06 0.129643E+07 0.444504E+07 0.146016E+08
     1106.00  0.423486E+06 0.152749E+07 0.519339E+07 0.169349E+08
     1116.00  0.503008E+06 0.179618E+07 0.605540E+07 0.196013E+08
     1126.00  0.596410E+06 0.210804E+07 0.704635E+07 0.226423E+08
     1136.00  0.705944E+06 0.246935E+07 0.818332E+07 0.261038E+08
     1146.00  0.834202E+06 0.288717E+07 0.948531E+07 0.300366E+08
     1156.00  0.984165E+06 0.336950E+07 0.109735E+08 0.344966E+08
     1166.00  0.115926E+07 0.392530E+07 0.126712E+08 0.395453E+08
     1176.00  0.136343E+07 0.456467E+07 0.146046E+08 0.452504E+08
     1186.00  0.160119E+07 0.529890E+07 0.168021E+08 0.516857E+08
     1196.00  0.187773E+07 0.614067E+07 0.192954E+08 0.589326E+08
     1206.00  0.219902E+07 0.710413E+07 0.221193E+08 0.670794E+08
     1216.00  0.257188E+07 0.820505E+07 0.253117E+08 0.762231E+08
     1226.00  0.300418E+07 0.946102E+07 0.289146E+08 0.864691E+08
     1236.00  0.350493E+07 0.108916E+08 0.329735E+08 0.979324E+08
     1246.00  0.408451E+07 0.125186E+08 0.375382E+08 0.110738E+09
     1256.00  0.475486E+07 0.143659E+08 0.426626E+08 0.125023E+09
     1266.00  0.552977E+07 0.164603E+08 0.484054E+08 0.140934E+09
     1276.00  0.642515E+07 0.188312E+08 0.548300E+08 0.158632E+09
     1286.00  0.745943E+07 0.215110E+08 0.620045E+08 0.178293E+09
     1296.00  0.865406E+07 0.245354E+08 0.700021E+08 0.200106E+09
     1306.00  0.100340E+08 0.279437E+08 0.789012E+08 0.224280E+09
     1316.00  0.116287E+08 0.317787E+08 0.887850E+08 0.251040E+09
     1326.00  0.134728E+08 0.360876E+08 0.997416E+08 0.280634E+09
     1336.00  0.156073E+08 0.409215E+08 0.111864E+09 0.313335E+09
     1346.00  0.180816E+08 0.463361E+08 0.125247E+09 0.349445E+09
     1356.00  0.209553E+08 0.523919E+08 0.139990E+09 0.389298E+09
     1366.00  0.243017E+08 0.591539E+08 0.156193E+09 0.433272E+09
     1376.00  0.282118E+08 0.666918E+08 0.173952E+09 0.481795E+09
     1386.00  0.328006E+08 0.750797E+08 0.193360E+09 0.535363E+09
     1396.00  0.382170E+08 0.843958E+08 0.214496E+09 0.594561E+09
     1406.00  0.446579E+08 0.947209E+08 0.237419E+09 0.660095E+09
     1416.00  0.523920E+08 0.106136E+09 0.262151E+09 0.732848E+09
     1426.00  0.617980E+08 0.118721E+09 0.288655E+09 0.813964E+09
     1436.00  0.734336E+08 0.132544E+09 0.316790E+09 0.904993E+09
     1446.00  0.881610E+08 0.147652E+09 0.346249E+09 0.100816E+10
     1456.00  0.107400E+09 0.164049E+09 0.376415E+09 0.112686E+10
     1466.00  0.133678E+09 0.181645E+09 0.406107E+09 0.126673E+10
     1476.00  0.171979E+09 0.200149E+09 0.432995E+09 0.143812E+10
     1486.00  0.233635E+09 0.218794E+09 0.452168E+09 0.166270E+10
     1496.00  0.350503E+09 0.235479E+09 0.451895E+09 0.199570E+10
     1506.00  0.651675E+09 0.243157E+09 0.397450E+09 0.263276E+10
     1516.00  0.237147E+10 0.201726E+09 0.144592E+09 0.506549E+10
     1526.00  0.161824E+11 0.110871E+10 0.722282E+10 0.484379E+10
     1536.00  0.243321E+09 0.525139E+09 0.170455E+10 0.469824E+09
     1546.00  0.133695E+08 0.520435E+09 0.145175E+10 0.105830E+10
     1556.00  0.165257E+07 0.551152E+09 0.143018E+10 0.142536E+10
     1566.00  0.177749E+08 0.595158E+09 0.147529E+10 0.171123E+10
     1576.00  0.397831E+08 0.647798E+09 0.155253E+10 0.196381E+10
     1586.00  0.636734E+08 0.707725E+09 0.165048E+10 0.220288E+10
     1596.00  0.887496E+08 0.774606E+09 0.176450E+10 0.243806E+10
     1606.00  0.115090E+09 0.848525E+09 0.189252E+10 0.267464E+10
     1616.00  0.142970E+09 0.929769E+09 0.203362E+10 0.291578E+10
     1626.00  0.172712E+09 0.101875E+10 0.218748E+10 0.316351E+10
     1636.00  0.204645E+09 0.111597E+10 0.235413E+10 0.341921E+10
     1646.00  0.239097E+09 0.122199E+10 0.253375E+10 0.368381E+10
     1656.00  0.276397E+09 0.133743E+10 0.272669E+10 0.395798E+10
     1666.00  0.316878E+09 0.146299E+10 0.293334E+10 0.424215E+10
     1676.00  0.360881E+09 0.159939E+10 0.315418E+10 0.453661E+10
     1686.00  0.408758E+09 0.174743E+10 0.338971E+10 0.484151E+10
     1696.00  0.460874E+09 0.190795E+10 0.364045E+10 0.515687E+10
     1706.00  0.517613E+09 0.208187E+10 0.390694E+10 0.548259E+10
     1716.00  0.579376E+09 0.227016E+10 0.418974E+10 0.581845E+10
     1726.00  0.646584E+09 0.247383E+10 0.448938E+10 0.616414E+10
     1736.00  0.719680E+09 0.269400E+10 0.480640E+10 0.651921E+10
     1746.00  0.799131E+09 0.293183E+10 0.514132E+10 0.688310E+10
     1756.00  0.885428E+09 0.318856E+10 0.549465E+10 0.725511E+10
     1766.00  0.979087E+09 0.346552E+10 0.586685E+10 0.763443E+10
     1776.00  0.108065E+10 0.376411E+10 0.625836E+10 0.802008E+10
     1786.00  0.119068E+10 0.408583E+10 0.666956E+10 0.841096E+10
     1796.00  0.130978E+10 0.443227E+10 0.710078E+10 0.880577E+10
     1806.00  0.143856E+10 0.480510E+10 0.755228E+10 0.920307E+10
     1816.00  0.157767E+10 0.520611E+10 0.802424E+10 0.960123E+10
     1826.00  0.172777E+10 0.563718E+10 0.851675E+10 0.999842E+10
     1836.00  0.188955E+10 0.610033E+10 0.902977E+10 0.103926E+11
     1846.00  0.206371E+10 0.659767E+10 0.956315E+10 0.107815E+11
     1856.00  0.225098E+10 0.713144E+10 0.101166E+11 0.111627E+11
     1866.00  0.245208E+10 0.770401E+10 0.106896E+11 0.115334E+11
     1876.00  0.266774E+10 0.831787E+10 0.112815E+11 0.118907E+11
     1886.00  0.289867E+10 0.897564E+10 0.118913E+11 0.122312E+11
     1896.00  0.314558E+10 0.968007E+10 0.125180E+11 0.125515E+11
     1906.00  0.340913E+10 0.104340E+11 0.131599E+11 0.128476E+11
     1916.00  0.368991E+10 0.112405E+11 0.138152E+11 0.131155E+11
     1926.00  0.398847E+10 0.121025E+11 0.144817E+11 0.133505E+11
     1936.00  0.430521E+10 0.130231E+11 0.151564E+11 0.135480E+11
     1946.00  0.464040E+10 0.140056E+11 0.158362E+11 0.137027E+11
     1956.00  0.499412E+10 0.150530E+11 0.165170E+11 0.138092E+11
     1966.00  0.536621E+10 0.161684E+11 0.171940E+11 0.138617E+11
     1976.00  0.575615E+10 0.173545E+11 0.178616E+11 0.138540E+11
     1986.00  0.616304E+10 0.186138E+11 0.185132E+11 0.137800E+11
     1996.00  0.658546E+10 0.199481E+11 0.191409E+11 0.136332E+11
     2006.00  0.702134E+10 0.213587E+11 0.197358E+11 0.134070E+11
     2016.00  0.746782E+10 0.228454E+11 0.202871E+11 0.130952E+11
     2026.00  0.792104E+10 0.244066E+11 0.207826E+11 0.126919E+11
     2036.00  0.837600E+10 0.260388E+11 0.212084E+11 0.121919E+11
     2046.00  0.882625E+10 0.277356E+11 0.215485E+11 0.115911E+11
     2056.00  0.926373E+10 0.294869E+11 0.217850E+11 0.108872E+11
     2066.00  0.967843E+10 0.312783E+11 0.218981E+11 0.100804E+11
     2076.00  0.100583E+11 0.330898E+11 0.218664E+11 0.917437E+10
     2086.00  0.103889E+11 0.348944E+11 0.216676E+11 0.817713E+10
     2096.00  0.106537E+11 0.366570E+11 0.212790E+11 0.710257E+10
     2106.00  0.108342E+11 0.383337E+11 0.206794E+11 0.597165E+10
     2116.00  0.109102E+11 0.398708E+11 0.198509E+11 0.481365E+10
     2126.00  0.108615E+11 0.412056E+11 0.187814E+11 0.366705E+10
     2136.00  0.106689E+11 0.422674E+11 0.174682E+11 0.257977E+10
     2146.00  0.103167E+11 0.429816E+11 0.159214E+11 0.160811E+10
     2156.00  0.979568E+10 0.432744E+11 0.141669E+11 0.814293E+09
     2166.00  0.910534E+10 0.430806E+11 0.122489E+11 0.261984E+09
     2176.00  0.825699E+10 0.423526E+11 0.102302E+11 0.101546E+08
     2186.00  0.727508E+10 0.410685E+11 0.818956E+10 0.105762E+09
     2196.00  0.619705E+10 0.392396E+11 0.621656E+10 0.576560E+09
     2206.00  0.507117E+10 0.369128E+11 0.440292E+10 0.142561E+10
     2216.00  0.395233E+10 0.341686E+11 0.283314E+10 0.262902E+10
     2226.00  0.289662E+10 0.311135E+11 0.157546E+10 0.413765E+10
     2236.00  0.195576E+10 0.278685E+11 0.675241E+09 0.588267E+10
     2246.00  0.117240E+10 0.245563E+11 0.152149E+09 0.778360E+10
     2256.00  0.577313E+09 0.212898E+11 0.111412E+07 0.975709E+10
     2266.00  0.188497E+09 0.181635E+11 0.196421E+09 0.117247E+11
     2276.00  0.120459E+08 0.152495E+11 0.697531E+09 0.136184E+11
     2286.00  0.441963E+08 0.125959E+11 0.145526E+10 0.153839E+11
     2296.00  0.273891E+09 0.102295E+11 0.241726E+10 0.169815E+11
     2306.00  0.685330E+09 0.815913E+10 0.353229E+10 0.183847E+11
     2316.00  0.126018E+10 0.637998E+10 0.475303E+10 0.195793E+11
     2326.00  0.197928E+10 0.487752E+10 0.603770E+10 0.205600E+11
     2336.00  0.282385E+10 0.363110E+10 0.735067E+10 0.213291E+11
     2346.00  0.377622E+10 0.261673E+10 0.866239E+10 0.218939E+11
     2356.00  0.482026E+10 0.180916E+10 0.994899E+10 0.222650E+11
     2366.00  0.594152E+10 0.118328E+10 0.111916E+11 0.224554E+11
     2376.00  0.712719E+10 0.715082E+09 0.123755E+11 0.224793E+11
     2386.00  0.836605E+10 0.382179E+09 0.134898E+11 0.223510E+11
     2396.00  0.964826E+10 0.164092E+09 0.145262E+11 0.220852E+11
     2406.00  0.109652E+11 0.423356E+08 0.154792E+11 0.216961E+11
     2416.00  0.123093E+11 0.388307E+06 0.163447E+11 0.211975E+11
     2426.00  0.136738E+11 0.235914E+08 0.171207E+11 0.206026E+11
     2436.00  0.150527E+11 0.990112E+08 0.178059E+11 0.199238E+11
     2446.00  0.164407E+11 0.215286E+09 0.184005E+11 0.191730E+11
     2456.00  0.178328E+11 0.362470E+09 0.189050E+11 0.183615E+11
     2466.00  0.192245E+11 0.531886E+09 0.193208E+11 0.174998E+11
     2476.00  0.206115E+11 0.715986E+09 0.196499E+11 0.165979E+11
     2486.00  0.219900E+11 0.908230E+09 0.198945E+11 0.156653E+11
     2496.00  0.233562E+11 0.110297E+10 0.200574E+11 0.147108E+11
     2506.00  0.247066E+11 0.129537E+10 0.201414E+11 0.137429E+11
     2516.00  0.260377E+11 0.148129E+10 0.201499E+11 0.127693E+11
     2526.00  0.273463E+11 0.165725E+10 0.200861E+11 0.117975E+11
     2536.00  0.286292E+11 0.182033E+10 0.199538E+11 0.108344E+11
     2546.00  0.298833E+11 0.196816E+10 0.197567E+11 0.988635E+10
     2556.00  0.311058E+11 0.209881E+10 0.194986E+11 0.895940E+10
     2566.00  0.322938E+11 0.221081E+10 0.191837E+11 0.805904E+10
     2576.00  0.334445E+11 0.230307E+10 0.188159E+11 0.719035E+10
     2586.00  0.345553E+11 0.237487E+10 0.183993E+11 0.635793E+10
     2596.00  0.356237E+11 0.242582E+10 0.179382E+11 0.556594E+10
     2606.00  0.366473E+11 0.245583E+10 0.174368E+11 0.481810E+10
     2616.00  0.376238E+11 0.246510E+10 0.168993E+11 0.411765E+10
     2626.00  0.385510E+11 0.245409E+10 0.163299E+11 0.346741E+10
     2636.00  0.394269E+11 0.242350E+10 0.157327E+11 0.286973E+10
     2646.00  0.402496E+11 0.237422E+10 0.151120E+11 0.232655E+10
     2656.00  0.410175E+11 0.230738E+10 0.144718E+11 0.183935E+10
     2666.00  0.417289E+11 0.222427E+10 0.138160E+11 0.140920E+10
     2676.00  0.423824E+11 0.212632E+10 0.131486E+11 0.103673E+10
     2686.00  0.429768E+11 0.201514E+10 0.124734E+11 0.722204E+09
     2696.00  0.435110E+11 0.189245E+10 0.117939E+11 0.465462E+09
     2706.00  0.439841E+11 0.176007E+10 0.111137E+11 0.265985E+09
     2716.00  0.443954E+11 0.161994E+10 0.104362E+11 0.122890E+09
     2726.00  0.447443E+11 0.147404E+10 0.976454E+10 0.349534E+08
     2736.00  0.450304E+11 0.132444E+10 0.910171E+10 0.634556E+06
     2746.00  0.452536E+11 0.117325E+10 0.845054E+10 0.180927E+08
     2756.00  0.454139E+11 0.102260E+10 0.781367E+10 0.852122E+08
     2766.00  0.455115E+11 0.874644E+09 0.719351E+10 0.199625E+09
     2776.00  0.455466E+11 0.731531E+09 0.659227E+10 0.358738E+09
     2786.00  0.455198E+11 0.595401E+09 0.601196E+10 0.559754E+09
     2796.00  0.454319E+11 0.468365E+09 0.545435E+10 0.799702E+09
     2806.00  0.452836E+11 0.352497E+09 0.492102E+10 0.107546E+10
     2816.00  0.450760E+11 0.249821E+09 0.441330E+10 0.138378E+10
     2826.00  0.448101E+11 0.162295E+09 0.393235E+10 0.172132E+10
     2836.00  0.444875E+11 0.918075E+08 0.347908E+10 0.208467E+10
     2846.00  0.441094E+11 0.401627E+08 0.305419E+10 0.247035E+10
     2856.00  0.436775E+11 0.907317E+07 0.265822E+10 0.287490E+10
     2866.00  0.431935E+11 0.151154E+06 0.229145E+10 0.329481E+10
     2876.00  0.426592E+11 0.149011E+08 0.195403E+10 0.372663E+10
     2886.00  0.420765E+11 0.547131E+08 0.164587E+10 0.416694E+10
     2896.00  0.414475E+11 0.120857E+09 0.136674E+10 0.461240E+10
     2906.00  0.407743E+11 0.214476E+09 0.111625E+10 0.505973E+10
     2916.00  0.400592E+11 0.336585E+09 0.893834E+09 0.550577E+10
     2926.00  0.393043E+11 0.488065E+09 0.698791E+09 0.594747E+10
     2936.00  0.385120E+11 0.669662E+09 0.530286E+09 0.638192E+10
     2946.00  0.376848E+11 0.881982E+09 0.387366E+09 0.680636E+10
     2956.00  0.368250E+11 0.112549E+10 0.268965E+09 0.721818E+10
     2966.00  0.359353E+11 0.140053E+10 0.173917E+09 0.761494E+10
     2976.00  0.350180E+11 0.170727E+10 0.100974E+09 0.799438E+10
     2986.00  0.340758E+11 0.204577E+10 0.488110E+08 0.835443E+10
     2996.00  0.331112E+11 0.241595E+10 0.160413E+08 0.869320E+10
     3006.00  0.321268E+11 0.281759E+10 0.122794E+07 0.900900E+10
     3016.00  0.311251E+11 0.325033E+10 0.289454E+07 0.930034E+10
     3026.00  0.301088E+11 0.371370E+10 0.195372E+08 0.956592E+10
     3036.00  0.290803E+11 0.420709E+10 0.496354E+08 0.980465E+10
     3046.00  0.280421E+11 0.472977E+10 0.916622E+08 0.100156E+11
     3056.00  0.269968E+11 0.528091E+10 0.144095E+09 0.101982E+11
     3066.00  0.259468E+11 0.585956E+10 0.205425E+09 0.103517E+11
     3076.00  0.248946E+11 0.646465E+10 0.274165E+09 0.104760E+11
     3086.00  0.238424E+11 0.709503E+10 0.348862E+09 0.105709E+11
     3096.00  0.227927E+11 0.774945E+10 0.428101E+09 0.106363E+11
     3106.00  0.217476E+11 0.842657E+10 0.510515E+09 0.106726E+11
     3116.00  0.207094E+11 0.912498E+10 0.594792E+09 0.106801E+11
     3126.00  0.196803E+11 0.984317E+10 0.679678E+09 0.106592E+11
     3136.00  0.186623E+11 0.105796E+11 0.763990E+09 0.106107E+11
     3146.00  0.176573E+11 0.113326E+11 0.846611E+09 0.105353E+11
     3156.00  0.166674E+11 0.121006E+11 0.926506E+09 0.104339E+11
     3166.00  0.156943E+11 0.128817E+11 0.100271E+10 0.103077E+11
     3176.00  0.147398E+11 0.136743E+11 0.107436E+10 0.101576E+11
     3186.00  0.138056E+11 0.144765E+11 0.114066E+10 0.998498E+10
     3196.00  0.128933E+11 0.152866E+11 0.120091E+10 0.979108E+10
     3206.00  0.120045E+11 0.161025E+11 0.125450E+10 0.957728E+10
     3216.00  0.111405E+11 0.169225E+11 0.130091E+10 0.934502E+10
     3226.00  0.103026E+11 0.177448E+11 0.133970E+10 0.909580E+10
     3236.00  0.949220E+10 0.185673E+11 0.137055E+10 0.883114E+10
     3246.00  0.871037E+10 0.193884E+11 0.139320E+10 0.855259E+10
     3256.00  0.795820E+10 0.202060E+11 0.140750E+10 0.826174E+10
     3266.00  0.723667E+10 0.210183E+11 0.141337E+10 0.796017E+10
     3276.00  0.654667E+10 0.218236E+11 0.141082E+10 0.764948E+10
     3286.00  0.588902E+10 0.226199E+11 0.139997E+10 0.733124E+10
     3296.00  0.526443E+10 0.234057E+11 0.138099E+10 0.700703E+10
     3306.00  0.467354E+10 0.241790E+11 0.135413E+10 0.667840E+10
     3316.00  0.411688E+10 0.249382E+11 0.131973E+10 0.634684E+10
     3326.00  0.359492E+10 0.256817E+11 0.127820E+10 0.601385E+10
     3336.00  0.310805E+10 0.264079E+11 0.123002E+10 0.568086E+10
     3346.00  0.265655E+10 0.271152E+11 0.117570E+10 0.534924E+10
     3356.00  0.224065E+10 0.278021E+11 0.111586E+10 0.502033E+10
     3366.00  0.186049E+10 0.284673E+11 0.105115E+10 0.469539E+10
     3376.00  0.151612E+10 0.291093E+11 0.982253E+09 0.437563E+10
     3386.00  0.120754E+10 0.297269E+11 0.909933E+09 0.406217E+10
     3396.00  0.934663E+09 0.303187E+11 0.834973E+09 0.375609E+10
     3406.00  0.697338E+09 0.308838E+11 0.758199E+09 0.345835E+10
     3416.00  0.495343E+09 0.314209E+11 0.680467E+09 0.316988E+10
     3426.00  0.328393E+09 0.319291E+11 0.602660E+09 0.289149E+10
     3436.00  0.196138E+09 0.324074E+11 0.525682E+09 0.262394E+10
     3446.00  0.981702E+08 0.328550E+11 0.450455E+09 0.236790E+10
     3456.00  0.340222E+08 0.332711E+11 0.377914E+09 0.212395E+10
     3466.00  0.317179E+07 0.336550E+11 0.308998E+09 0.189258E+10
     3476.00  0.504421E+07 0.340060E+11 0.244653E+09 0.167423E+10
     3486.00  0.390145E+08 0.343237E+11 0.185820E+09 0.146923E+10
     3496.00  0.104410E+09 0.346076E+11 0.133436E+09 0.127785E+10
     3506.00  0.200514E+09 0.348572E+11 0.884257E+08 0.110025E+10
     3516.00  0.326567E+09 0.350724E+11 0.517000E+08 0.936562E+09
     3526.00  0.481770E+09 0.352527E+11 0.241510E+08 0.786804E+09
     3536.00  0.665288E+09 0.353983E+11 0.664801E+07 0.650940E+09
     3546.00  0.876250E+09 0.355088E+11 0.341929E+05 0.528863E+09
     3556.00  0.111375E+10 0.355844E+11 0.512289E+07 0.420399E+09
     3566.00  0.137687E+10 0.356251E+11 0.226944E+08 0.325313E+09
     3576.00  0.166464E+10 0.356311E+11 0.534927E+08 0.243309E+09
     3586.00  0.197609E+10 0.356026E+11 0.982227E+08 0.174038E+09
     3596.00  0.231021E+10 0.355399E+11 0.157548E+09 0.117098E+09
     3606.00  0.266597E+10 0.354433E+11 0.232086E+09 0.720395E+08
     3616.00  0.304235E+10 0.353134E+11 0.322411E+09 0.383685E+08
     3626.00  0.343828E+10 0.351505E+11 0.429045E+09 0.155521E+08
     3636.00  0.385272E+10 0.349553E+11 0.552462E+09 0.302142E+07
     3646.00  0.428457E+10 0.347283E+11 0.693082E+09 0.176040E+06
     3656.00  0.473276E+10 0.344702E+11 0.851274E+09 0.638818E+07
     3666.00  0.519621E+10 0.341818E+11 0.102735E+10 0.210069E+08
     3676.00  0.567382E+10 0.338638E+11 0.122157E+10 0.433620E+08
     3686.00  0.616450E+10 0.335171E+11 0.143413E+10 0.727686E+08
     3696.00  0.666716E+10 0.331425E+11 0.166518E+10 0.108531E+09
     3706.00  0.718072E+10 0.327409E+11 0.191480E+10 0.149945E+09
     3716.00  0.770410E+10 0.323133E+11 0.218303E+10 0.196306E+09
     3726.00  0.823621E+10 0.318607E+11 0.246983E+10 0.246909E+09
     3736.00  0.877600E+10 0.313841E+11 0.277513E+10 0.301051E+09
     3746.00  0.932240E+10 0.308846E+11 0.309878E+10 0.358041E+09
     3756.00  0.987437E+10 0.303633E+11 0.344058E+10 0.417195E+09
     3766.00  0.104309E+11 0.298212E+11 0.380029E+10 0.477848E+09
     3776.00  0.109909E+11 0.292597E+11 0.417759E+10 0.539350E+09
     3786.00  0.115534E+11 0.286797E+11 0.457214E+10 0.601070E+09
     3796.00  0.121175E+11 0.280826E+11 0.498351E+10 0.662405E+09
     3806.00  0.126822E+11 0.274694E+11 0.541126E+10 0.722773E+09
     3816.00  0.132464E+11 0.268415E+11 0.585486E+10 0.781622E+09
     3826.00  0.138093E+11 0.262000E+11 0.631377E+10 0.838433E+09
     3836.00  0.143701E+11 0.255461E+11 0.678739E+10 0.892715E+09
     3846.00  0.149277E+11 0.248812E+11 0.727506E+10 0.944015E+09
     3856.00  0.154814E+11 0.242064E+11 0.777612E+10 0.991912E+09
     3866.00  0.160302E+11 0.235230E+11 0.828982E+10 0.103603E+10
     3876.00  0.165735E+11 0.228322E+11 0.881541E+10 0.107602E+10
     3886.00  0.171104E+11 0.221353E+11 0.935210E+10 0.111157E+10
     3896.00  0.176401E+11 0.214335E+11 0.989906E+10 0.114244E+10
     3906.00  0.181620E+11 0.207280E+11 0.104554E+11 0.116839E+10
     3916.00  0.186753E+11 0.200199E+11 0.110203E+11 0.118924E+10
     3926.00  0.191793E+11 0.193106E+11 0.115928E+11 0.120486E+10
     3936.00  0.196735E+11 0.186011E+11 0.121720E+11 0.121514E+10
     3946.00  0.201571E+11 0.178927E+11 0.127570E+11 0.122004E+10
     3956.00  0.206296E+11 0.171864E+11 0.133467E+11 0.121953E+10
     3966.00  0.210904E+11 0.164834E+11 0.139402E+11 0.121364E+10
     3976.00  0.215391E+11 0.157847E+11 0.145364E+11 0.120244E+10
     3986.00  0.219750E+11 0.150915E+11 0.151345E+11 0.118603E+10
     3996.00  0.223977E+11 0.144048E+11 0.157333E+11 0.116455E+10
     4006.00  0.228068E+11 0.137256E+11 0.163318E+11 0.113820E+10
     4016.00  0.232019E+11 0.130549E+11 0.169291E+11 0.110718E+10
     4026.00  0.235825E+11 0.123936E+11 0.175242E+11 0.107175E+10
     4036.00  0.239484E+11 0.117426E+11 0.181159E+11 0.103220E+10
     4046.00  0.242991E+11 0.111030E+11 0.187033E+11 0.988845E+09
     4056.00  0.246344E+11 0.104754E+11 0.192854E+11 0.942031E+09
     4066.00  0.249541E+11 0.986083E+10 0.198612E+11 0.892139E+09
     4076.00  0.252578E+11 0.925996E+10 0.204297E+11 0.839572E+09
     4086.00  0.255454E+11 0.867358E+10 0.209900E+11 0.784762E+09
     4096.00  0.258166E+11 0.810241E+10 0.215411E+11 0.728161E+09
     4106.00  0.260713E+11 0.754711E+10 0.220821E+11 0.670242E+09
     4116.00  0.263094E+11 0.700835E+10 0.226121E+11 0.611498E+09
     4126.00  0.265308E+11 0.648671E+10 0.231301E+11 0.552440E+09
     4136.00  0.267353E+11 0.598278E+10 0.236354E+11 0.493592E+09
     4146.00  0.269230E+11 0.549706E+10 0.241271E+11 0.435492E+09
     4156.00  0.270937E+11 0.503006E+10 0.246043E+11 0.378687E+09
     4166.00  0.272475E+11 0.458223E+10 0.250664E+11 0.323734E+09
     4176.00  0.273844E+11 0.415397E+10 0.255125E+11 0.271196E+09
     4186.00  0.275044E+11 0.374566E+10 0.259420E+11 0.221639E+09
     4196.00  0.276076E+11 0.335762E+10 0.263541E+11 0.175632E+09
     4206.00  0.276941E+11 0.299017E+10 0.267482E+11 0.133743E+09
     4216.00  0.277639E+11 0.264355E+10 0.271238E+11 0.965377E+08
     4226.00  0.278171E+11 0.231799E+10 0.274801E+11 0.645785E+08
     4236.00  0.278540E+11 0.201365E+10 0.278167E+11 0.384205E+08
     4246.00  0.278746E+11 0.173070E+10 0.281332E+11 0.186104E+08
     4256.00  0.278792E+11 0.146924E+10 0.284289E+11 0.568510E+07
     4266.00  0.278679E+11 0.122934E+10 0.287035E+11 0.169033E+06
     4276.00  0.278410E+11 0.101104E+10 0.289566E+11 0.257284E+07
     4286.00  0.277986E+11 0.814331E+09 0.291879E+11 0.133915E+08
     4296.00  0.277410E+11 0.639196E+09 0.293970E+11 0.331025E+08
     4306.00  0.276685E+11 0.485563E+09 0.295837E+11 0.621647E+08
     4316.00  0.275813E+11 0.353337E+09 0.297478E+11 0.101016E+09
     4326.00  0.274798E+11 0.242387E+09 0.298891E+11 0.150073E+09
     4336.00  0.273641E+11 0.152553E+09 0.300073E+11 0.209730E+09
     4346.00  0.272346E+11 0.836454E+08 0.301026E+11 0.280353E+09
     4356.00  0.270917E+11 0.354451E+08 0.301747E+11 0.362288E+09
     4366.00  0.269356E+11 0.770459E+07 0.302236E+11 0.455849E+09
     4376.00  0.267667E+11 0.149544E+06 0.302495E+11 0.561327E+09
     4386.00  0.265853E+11 0.124794E+08 0.302522E+11 0.678979E+09
     4396.00  0.263918E+11 0.443684E+08 0.302320E+11 0.809038E+09
     4406.00  0.261865E+11 0.954668E+08 0.301889E+11 0.951704E+09
     4416.00  0.259698E+11 0.165402E+09 0.301231E+11 0.110715E+10
     4426.00  0.257422E+11 0.253778E+09 0.300349E+11 0.127550E+10
     4436.00  0.255038E+11 0.360179E+09 0.299244E+11 0.145688E+10
     4446.00  0.252552E+11 0.484171E+09 0.297920E+11 0.165136E+10
     4456.00  0.249968E+11 0.625297E+09 0.296379E+11 0.185897E+10
     4466.00  0.247288E+11 0.783087E+09 0.294625E+11 0.207973E+10
     4476.00  0.244518E+11 0.957050E+09 0.292661E+11 0.231362E+10
     4486.00  0.241660E+11 0.114668E+10 0.290493E+11 0.256059E+10
     4511.00  0.234162E+11 0.168588E+10 0.284202E+11 0.323454E+10
     4536.00  0.226209E+11 0.231129E+10 0.276732E+11 0.398734E+10
     4561.00  0.217861E+11 0.301404E+10 0.268168E+11 0.481555E+10
     4586.00  0.209182E+11 0.378496E+10 0.258604E+11 0.571457E+10
     4611.00  0.200232E+11 0.461467E+10 0.248140E+11 0.667871E+10
     4636.00  0.191070E+11 0.549365E+10 0.236886E+11 0.770129E+10
     4661.00  0.181755E+11 0.641239E+10 0.224953E+11 0.877471E+10
     4686.00  0.172343E+11 0.736143E+10 0.212457E+11 0.989060E+10
     4711.00  0.162886E+11 0.833144E+10 0.199516E+11 0.110399E+11
     4736.00  0.153436E+11 0.931334E+10 0.186248E+11 0.122130E+11
     4761.00  0.144040E+11 0.102983E+11 0.172772E+11 0.133999E+11
     4786.00  0.134744E+11 0.112779E+11 0.159205E+11 0.145903E+11
     4811.00  0.125589E+11 0.122440E+11 0.145661E+11 0.157738E+11
     4836.00  0.116615E+11 0.131890E+11 0.132250E+11 0.169400E+11
     4861.00  0.107856E+11 0.141058E+11 0.119079E+11 0.180784E+11
     4886.00  0.993448E+10 0.149879E+11 0.106247E+11 0.191790E+11
     4911.00  0.911101E+10 0.158292E+11 0.938497E+10 0.202321E+11
     4936.00  0.831772E+10 0.166242E+11 0.819735E+10 0.212284E+11
     4961.00  0.755680E+10 0.173681E+11 0.706988E+10 0.221593E+11
     4986.00  0.683016E+10 0.180566E+11 0.600977E+10 0.230167E+11
     5011.00  0.613934E+10 0.186860E+11 0.502342E+10 0.237933E+11
     5036.00  0.548561E+10 0.192534E+11 0.411636E+10 0.244827E+11
     5061.00  0.486991E+10 0.197561E+11 0.329327E+10 0.250793E+11
     5086.00  0.429294E+10 0.201923E+11 0.255797E+10 0.255783E+11
     5111.00  0.375509E+10 0.205608E+11 0.191337E+10 0.259761E+11
     5136.00  0.325651E+10 0.208606E+11 0.136157E+10 0.262698E+11
     5161.00  0.279711E+10 0.210916E+11 0.903777E+09 0.264577E+11
     5186.00  0.237659E+10 0.212541E+11 0.540414E+09 0.265390E+11
     5211.00  0.199441E+10 0.213487E+11 0.271096E+09 0.265137E+11
     5236.00  0.164988E+10 0.213765E+11 0.946889E+08 0.263830E+11
     5261.00  0.134209E+10 0.213392E+11 0.934650E+07 0.261489E+11
     5286.00  0.107002E+10 0.212387E+11 0.125559E+08 0.258142E+11
     5311.00  0.832485E+09 0.210772E+11 0.101187E+09 0.253827E+11
     5336.00  0.628179E+09 0.208575E+11 0.271544E+09 0.248587E+11
     5361.00  0.455695E+09 0.205822E+11 0.519423E+09 0.242475E+11
     5386.00  0.313532E+09 0.202546E+11 0.840166E+09 0.235549E+11
     5411.00  0.200114E+09 0.198778E+11 0.122872E+10 0.227871E+11
     5436.00  0.113807E+09 0.194555E+11 0.167969E+10 0.219512E+11
     5461.00  0.529266E+08 0.189911E+11 0.218740E+10 0.210543E+11
     5511.00  0.569120E+06 0.179513E+11 0.334934E+10 0.191084E+11
     5561.00  0.291498E+08 0.167886E+11 0.466573E+10 0.170131E+11
     5611.00  0.124819E+09 0.155337E+11 0.608686E+10 0.148337E+11
     5661.00  0.274085E+09 0.142163E+11 0.756364E+10 0.126350E+11
     5711.00  0.464083E+09 0.128653E+11 0.904908E+10 0.104790E+11
     5761.00  0.682786E+09 0.115072E+11 0.104994E+11 0.842301E+10
     5811.00  0.919171E+09 0.101666E+11 0.118751E+11 0.651823E+10
     5861.00  0.116333E+10 0.886507E+10 0.131418E+11 0.480840E+10
     5911.00  0.140657E+10 0.762134E+10 0.142703E+11 0.332890E+10
     5961.00  0.164140E+10 0.645107E+10 0.152376E+11 0.210624E+10
     6011.00  0.186159E+10 0.536679E+10 0.160264E+11 0.115788E+10
     6061.00  0.206209E+10 0.437796E+10 0.166255E+11 0.492291E+09
     6111.00  0.223903E+10 0.349109E+10 0.170291E+11 0.109393E+09
     6161.00  0.238960E+10 0.270992E+10 0.172368E+11 0.116100E+07
     6211.00  0.251201E+10 0.203565E+10 0.172529E+11 0.152452E+09
     6261.00  0.260535E+10 0.146719E+10 0.170861E+11 0.541975E+09
     6311.00  0.266953E+10 0.100143E+10 0.167485E+11 0.114337E+10
     6361.00  0.270513E+10 0.633599E+09 0.162553E+11 0.192633E+10
     6411.00  0.271334E+10 0.357480E+09 0.156241E+11 0.285778E+10
     6461.00  0.269582E+10 0.165768E+09 0.148741E+11 0.390296E+10
     6511.00  0.265458E+10 0.503363E+08 0.140256E+11 0.502654E+10
     6561.00  0.259196E+10 0.250568E+07 0.130991E+11 0.619363E+10
     6611.00  0.251046E+10 0.132975E+08 0.121155E+11 0.737063E+10
     6661.00  0.241271E+10 0.736576E+08 0.110948E+11 0.852602E+10
     6711.00  0.230138E+10 0.174655E+09 0.100561E+11 0.963104E+10
     6761.00  0.217911E+10 0.307653E+09 0.901743E+10 0.106602E+11
     6811.00  0.204850E+10 0.464454E+09 0.799505E+10 0.115915E+11
     6861.00  0.191201E+10 0.637414E+09 0.700351E+10 0.124071E+11
     6911.00  0.177194E+10 0.819533E+09 0.605546E+10 0.130928E+11
     6961.00  0.163043E+10 0.100452E+10 0.516156E+10 0.136388E+11
     7011.00  0.148941E+10 0.118682E+10 0.433042E+10 0.140390E+11
     7061.00  0.135061E+10 0.136167E+10 0.356867E+10 0.142909E+11
     7111.00  0.121553E+10 0.152506E+10 0.288102E+10 0.143958E+11
     7161.00  0.108544E+10 0.167374E+10 0.227031E+10 0.143577E+11
     7211.00  0.961413E+09 0.180516E+10 0.173773E+10 0.141838E+11
     7261.00  0.844299E+09 0.191751E+10 0.128288E+10 0.138834E+11
     7311.00  0.734748E+09 0.200955E+10 0.904008E+09 0.134678E+11
     7361.00  0.633225E+09 0.208067E+10 0.598160E+09 0.129499E+11
     7411.00  0.540022E+09 0.213075E+10 0.361375E+09 0.123436E+11
     7511.00  0.378970E+09 0.216956E+10 0.752245E+08 0.109249E+11
     7611.00  0.251088E+09 0.213305E+10 0.672223E+06 0.933063E+10
     7711.00  0.154184E+09 0.203254E+10 0.879609E+08 0.767465E+10
     7811.00  0.849052E+08 0.188178E+10 0.287070E+09 0.605754E+10
     7911.00  0.392147E+08 0.169538E+10 0.551342E+09 0.456117E+10
     8011.00  0.127938E+08 0.148759E+10 0.840060E+09 0.324586E+10
     8111.00  0.136371E+07 0.127133E+10 0.112002E+10 0.214979E+10
     8211.00  0.925253E+06 0.105765E+10 0.136619E+10 0.129025E+10
     8311.00  0.792101E+07 0.855343E+09 0.156166E+10 0.666306E+09
     8411.00  0.193296E+08 0.670897E+09 0.169699E+10 0.262301E+09
     8511.00  0.327035E+08 0.508566E+09 0.176918E+10 0.517385E+08
     8611.00  0.461625E+08 0.370590E+09 0.178047E+10 0.120345E+07
     8711.00  0.583552E+08 0.257500E+09 0.173698E+10 0.739752E+08
     8811.00  0.683984E+08 0.168451E+09 0.164744E+10 0.233138E+09
     8911.00  0.758046E+08 0.101578E+09 0.152203E+10 0.444061E+09
     9011.00  0.804048E+08 0.543269E+08 0.137137E+10 0.676203E+09
     9111.00  0.822737E+08 0.237485E+08 0.120571E+10 0.904259E+09
     9211.00  0.816584E+08 0.675239E+07 0.103438E+10 0.110870E+10
     9311.00  0.789176E+08 0.306349E+06 0.865338E+09 0.127584E+10
     9411.00  0.744693E+08 0.158670E+07 0.705014E+09 0.139743E+10
     9511.00  0.687488E+08 0.808073E+07 0.558196E+09 0.147009E+10
     9611.00  0.621777E+08 0.176469E+08 0.428105E+09 0.149441E+10
     9711.00  0.551410E+08 0.285397E+08 0.316526E+09 0.147413E+10
     9811.00  0.479731E+08 0.394061E+08 0.224007E+09 0.141519E+10
     9911.00  0.409502E+08 0.492614E+08 0.150084E+09 0.132489E+10
    10011.00  0.342876E+08 0.574500E+08 0.935167E+08 0.121116E+10
    10111.00  0.281426E+08 0.635980E+08 0.525207E+08 0.108191E+10
    10211.00  0.226181E+08 0.675619E+08 0.249747E+08 0.944576E+09
    10311.00  0.177706E+08 0.693779E+08 0.860332E+07 0.805758E+09
    10411.00  0.136168E+08 0.692132E+08 0.112678E+07 0.670991E+09
    10511.00  0.101419E+08 0.673232E+08 0.376968E+06 0.544654E+09
    10611.00  0.730747E+07 0.640141E+08 0.438150E+07 0.429940E+09
    10711.00  0.505836E+07 0.596123E+08 0.114180E+08 0.328924E+09
    10811.00  0.332892E+07 0.544407E+08 0.200428E+08 0.242670E+09
    10911.00  0.204838E+07 0.488009E+08 0.290980E+08 0.171377E+09
    11011.00  0.114513E+07 0.429614E+08 0.377027E+08 0.114540E+09
    11111.00  0.549963E+06 0.371500E+08 0.452309E+08 0.711230E+08
    11211.00  0.198543E+06 0.315509E+08 0.512819E+08 0.397122E+08
    11311.00  0.329570E+05 0.263049E+08 0.556463E+08 0.186673E+08
    11411.00  0.264326E+04 0.215114E+08 0.582698E+08 0.624673E+07
    11511.00  0.647468E+05 0.172324E+08 0.592177E+08 0.712512E+06
    11611.00  0.184035E+06 0.134980E+08 0.586421E+08 0.412472E+06
    11711.00  0.332494E+06 0.103112E+08 0.567525E+08 0.383974E+07
    11811.00  0.488695E+06 0.765396E+07 0.537902E+08 0.967203E+07
    11911.00  0.637031E+06 0.549235E+07 0.500076E+08 0.167930E+08
    12011.00  0.766877E+06 0.378140E+07 0.456522E+08 0.242986E+08
    12111.00  0.871747E+06 0.246944E+07 0.409538E+08 0.314916E+08
    12211.00  0.948477E+06 0.150170E+07 0.361171E+08 0.378670E+08
    12311.00  0.996468E+06 0.823214E+06 0.313160E+08 0.430916E+08
    12411.00  0.101702E+07 0.381145E+06 0.266920E+08 0.469797E+08
    12511.00  0.101272E+07 0.126391E+06 0.223537E+08 0.494675E+08
    12611.00  0.987013E+06 0.147168E+05 0.183788E+08 0.505869E+08
    12711.00  0.943719E+06 0.738968E+04 0.148167E+08 0.504412E+08
    12811.00  0.886791E+06 0.714371E+05 0.116923E+08 0.491830E+08
    12911.00  0.820046E+06 0.179595E+06 0.900984E+07 0.469947E+08
    13011.00  0.747013E+06 0.310029E+06 0.675696E+07 0.440721E+08
    13111.00  0.670820E+06 0.445888E+06 0.490867E+07 0.406117E+08
    13211.00  0.594137E+06 0.574763E+06 0.343095E+07 0.367997E+08
    13311.00  0.519154E+06 0.688081E+06 0.228407E+07 0.328059E+08
    13411.00  0.447589E+06 0.780491E+06 0.142528E+07 0.287781E+08
    13511.00  0.380714E+06 0.849265E+06 0.811207E+06 0.248400E+08
    13611.00  0.319399E+06 0.893729E+06 0.399618E+06 0.210903E+08
    13711.00  0.264163E+06 0.914760E+06 0.150805E+06 0.176031E+08
    13811.00  0.215226E+06 0.914330E+06 0.285453E+05 0.144300E+08
    13911.00  0.172569E+06 0.895133E+06 0.703069E+03 0.116017E+08
    14011.00  0.135980E+06 0.860257E+06 0.395251E+05 0.913165E+07
    14111.00  0.105105E+06 0.812940E+06 0.121693E+06 0.701826E+07
    14211.00  0.794922E+05 0.756371E+06 0.228186E+06 0.524836E+07
    14311.00  0.586288E+05 0.693542E+06 0.343993E+06 0.379985E+07
    14411.00  0.419707E+05 0.627161E+06 0.457745E+06 0.264445E+07
    14511.00  0.289684E+05 0.559584E+06 0.561270E+06 0.174998E+07
    14611.00  0.190870E+05 0.492786E+06 0.649138E+06 0.108235E+07
    14711.00  0.118204E+05 0.428363E+06 0.718194E+06 0.607261E+06
    14811.00  0.670124E+04 0.367539E+06 0.767117E+06 0.291483E+06
    14911.00  0.330801E+04 0.311195E+06 0.796006E+06 0.103835E+06
    15011.00  0.126781E+04 0.259910E+06 0.806015E+06 0.158922E+05
    15111.00  0.257309E+03 0.213992E+06 0.799024E+06 0.240790E+04
    15211.00  0.165421E+01 0.173531E+06 0.777373E+06 0.415339E+05
    15311.00  0.271887E+03 0.138434E+06 0.743635E+06 0.114855E+06
    15411.00  0.881405E+03 0.108470E+06 0.700436E+06 0.207283E+06
    15511.00  0.168180E+04 0.833030E+05 0.650321E+06 0.306851E+06
    15611.00  0.255840E+04 0.625271E+05 0.595657E+06 0.404433E+06
    15711.00  0.342566E+04 0.456940E+05 0.538561E+06 0.493412E+06
    15811.00  0.422277E+04 0.323371E+05 0.480867E+06 0.569335E+06
    15911.00  0.490944E+04 0.219898E+05 0.424107E+06 0.629565E+06
    16011.00  0.546195E+04 0.142014E+05 0.369511E+06 0.672936E+06
    16111.00  0.586976E+04 0.854753E+04 0.318020E+06 0.699436E+06
    16211.00  0.613238E+04 0.463805E+04 0.270312E+06 0.709927E+06
    16311.00  0.625670E+04 0.212201E+04 0.226824E+06 0.705880E+06
    16411.00  0.625478E+04 0.689960E+03 0.187792E+06 0.689165E+06
    16511.00  0.614199E+04 0.743513E+02 0.153277E+06 0.661874E+06
    16611.00  0.593549E+04 0.485053E+02 0.123203E+06 0.626162E+06
    16711.00  0.565304E+04 0.424363E+03 0.973823E+05 0.584146E+06
    16811.00  0.531215E+04 0.104946E+04 0.755497E+05 0.537817E+06
    16911.00  0.492933E+04 0.180341E+04 0.573823E+05 0.488977E+06
    17011.00  0.451971E+04 0.259405E+04 0.425237E+05 0.439208E+06
    17111.00  0.409674E+04 0.335368E+04 0.306017E+05 0.389855E+06
    17211.00  0.367197E+04 0.403517E+04 0.212427E+05 0.342012E+06
    17311.00  0.325510E+04 0.460842E+04 0.140836E+05 0.296539E+06
    17411.00  0.285394E+04 0.505708E+04 0.878017E+04 0.254076E+06
    17511.00  0.247457E+04 0.537552E+04 0.501371E+04 0.215057E+06
    17611.00  0.212140E+04 0.556622E+04 0.249464E+04 0.179743E+06
    17711.00  0.179745E+04 0.563753E+04 0.964884E+03 0.148243E+06
    17811.00  0.150441E+04 0.560172E+04 0.198478E+03 0.120540E+06
    17911.00  0.124291E+04 0.547345E+04 0.111057E+01 0.965193E+05
    18011.00  0.101269E+04 0.526848E+04 0.208743E+03 0.759887E+05
    18111.00  0.812726E+03 0.500271E+04 0.685595E+03 0.587014E+05
    18211.00  0.641462E+03 0.469143E+04 0.132170E+04 0.443744E+05
    18311.00  0.496914E+03 0.434884E+04 0.203024E+04 0.327040E+05
    18411.00  0.376816E+03 0.398765E+04 0.274471E+04 0.233797E+05
    18511.00  0.278730E+03 0.361893E+04 0.341618E+04 0.160940E+05
    18611.00  0.200152E+03 0.325201E+04 0.401060E+04 0.105517E+05
    18711.00  0.138583E+03 0.289454E+04 0.450630E+04 0.647500E+04
    18811.00  0.916006E+02 0.255247E+04 0.489160E+04 0.360844E+04
    18911.00  0.569078E+02 0.223028E+04 0.516282E+04 0.172114E+04
    19011.00  0.323709E+02 0.193110E+04 0.532238E+04 0.608212E+03
    19111.00  0.160455E+02 0.165685E+04 0.537719E+04 0.908668E+02
    19311.00  0.128367E+01 0.118606E+04 0.521473E+04 0.253804E+03
    19511.00  0.124441E+01 0.816424E+03 0.477427E+04 0.126251E+04
    19711.00  0.780189E+01 0.538165E+03 0.416078E+04 0.249435E+04
    19911.00  0.156959E+02 0.337315E+03 0.346870E+04 0.358216E+04
    20111.00  0.219827E+02 0.198666E+03 0.277347E+04 0.434611E+04
    20311.00  0.254329E+02 0.107710E+03 0.212874E+04 0.473362E+04
    20511.00  0.259598E+02 0.517277E+02 0.156733E+04 0.477075E+04
    20711.00  0.241275E+02 0.202516E+02 0.110444E+04 0.452531E+04
    20911.00  0.207689E+02 0.510236E+01 0.741684E+03 0.408088E+04
    21111.00  0.167206E+02 0.177667E+00 0.471390E+03 0.351993E+04
    21311.00  0.126645E+02 0.112094E+01 0.280401E+03 0.291391E+04
    21511.00  0.906112E+01 0.495914E+01 0.153238E+03 0.231864E+04
    21711.00  0.614745E+01 0.976357E+01 0.744231E+02 0.177323E+04
    21911.00  0.397714E+01 0.143607E+02 0.300108E+02 0.130124E+04
    22111.00  0.247942E+01 0.181020E+02 0.842373E+01 0.913161E+03
    22311.00  0.151933E+01 0.206906E+02 0.728993E+00 0.609387E+03
    22511.00  0.947599E+00 0.220565E+02 0.523225E+00 0.383290E+03
    22711.00  0.633802E+00 0.222705E+02 0.357640E+01 0.223991E+03
    22911.00  0.482189E+00 0.214863E+02 0.736565E+01 0.118700E+03
    23111.00  0.432874E+00 0.199022E+02 0.105972E+02 0.545011E+02
    23311.00  0.453399E+00 0.177358E+02 0.127812E+02 0.195931E+02
    23511.00  0.526229E+00 0.152059E+02 0.138934E+02 0.402546E+01
    23711.00  0.637002E+00 0.125192E+02 0.141314E+02 0.765863E-02
    23911.00  0.766864E+00 0.986023E+01 0.137594E+02 0.189311E+01
    24111.00  0.890262E+00 0.738234E+01 0.130212E+02 0.594060E+01
    24311.00  0.977875E+00 0.520211E+01 0.121031E+02 0.995213E+01
    24511.00  0.100291E+01 0.339554E+01 0.111263E+02 0.128695E+02
    24711.00  0.948459E+00 0.199783E+01 0.101560E+02 0.143926E+02
    24911.00  0.813408E+00 0.100595E+01 0.921548E+01 0.146581E+02
    25111.00  0.615173E+00 0.384615E+00 0.830160E+01 0.139992E+02
    25311.00  0.388259E+00 0.743369E-01 0.739830E+01 0.127853E+02
    25511.00  0.178835E+00 0.112250E-02 0.648776E+01 0.113327E+02
    25711.00  0.363830E-01 0.863482E-01 0.555896E+01 0.986896E+01
    25911.00  0.414308E-02 0.255769E+00 0.461338E+01 0.853080E+01
    26111.00  0.110300E+00 0.446643E+00 0.366772E+01 0.738069E+01
    26311.00  0.361678E+00 0.612307E+00 0.275292E+01 0.642859E+01
    26511.00  0.741179E+00 0.723970E+00 0.191020E+01 0.565253E+01
    26711.00  0.120946E+01 0.769882E+00 0.118402E+01 0.501401E+01
    26911.00  0.171058E+01 0.752448E+00 0.614015E+00 0.446902E+01
 K.E.IE==>      8            9           10           11
        1.00  0.000000E+00 0.000000E+00 0.000000E+00 0.000000E+00
        2.00  0.000000E+00 0.000000E+00 0.000000E+00 0.000000E+00
        3.00  0.000000E+00 0.000000E+00 0.000000E+00 0.000000E+00
        4.00  0.000000E+00 0.000000E+00 0.000000E+00 0.000000E+00
        5.00  0.000000E+00 0.000000E+00 0.000000E+00 0.000000E+00
        6.00  0.000000E+00 0.000000E+00 0.000000E+00 0.000000E+00
        7.00  0.000000E+00 0.000000E+00 0.000000E+00 0.000000E+00
        8.00  0.000000E+00 0.000000E+00 0.000000E+00 0.000000E+00
        9.00  0.000000E+00 0.000000E+00 0.000000E+00 0.363844E-37
       10.00  0.000000E+00 0.152784E-37 0.868058E-37 0.476256E-36
       11.00  0.264483E-37 0.156532E-36 0.888813E-36 0.487336E-35
       12.00  0.221246E-36 0.130866E-35 0.742627E-35 0.406925E-34
       13.00  0.156030E-35 0.922368E-35 0.523098E-34 0.286452E-33
       14.00  0.951460E-35 0.562125E-34 0.318602E-33 0.174359E-32
       15.00  0.511856E-34 0.302229E-33 0.171193E-32 0.936284E-32
       16.00  0.246894E-33 0.145695E-32 0.824766E-32 0.450793E-31
       17.00  0.108200E-32 0.638125E-32 0.361018E-31 0.197197E-30
       18.00  0.435575E-32 0.256736E-31 0.145160E-30 0.792398E-30
       19.00  0.162558E-31 0.957584E-31 0.541093E-30 0.295185E-29
       20.00  0.566811E-31 0.333696E-30 0.188444E-29 0.102738E-28
       21.00  0.185880E-30 0.109368E-29 0.617247E-29 0.336304E-28
       22.00  0.576600E-30 0.339061E-29 0.191241E-28 0.104130E-27
       23.00  0.170023E-29 0.999209E-29 0.563241E-28 0.306490E-27
       24.00  0.478640E-29 0.281127E-28 0.158371E-27 0.861238E-27
       25.00  0.129128E-28 0.757982E-28 0.426745E-27 0.231921E-26
       26.00  0.334962E-28 0.196507E-27 0.110566E-26 0.600508E-26
       27.00  0.837949E-28 0.491297E-27 0.276264E-26 0.149950E-25
       28.00  0.202691E-27 0.118770E-26 0.667453E-26 0.362049E-25
       29.00  0.475193E-27 0.278282E-26 0.156292E-25 0.847241E-25
       30.00  0.108205E-26 0.633296E-26 0.355461E-25 0.192570E-24
       31.00  0.239770E-26 0.140248E-25 0.786718E-25 0.425931E-24
       32.00  0.517921E-26 0.302769E-25 0.169734E-24 0.918358E-24
       33.00  0.109229E-25 0.638160E-25 0.357537E-24 0.193325E-23
       34.00  0.225235E-25 0.131514E-24 0.736373E-24 0.397915E-23
       35.00  0.454700E-25 0.265342E-24 0.148479E-23 0.801831E-23
       36.00  0.899757E-25 0.524747E-24 0.293458E-23 0.158375E-22
       37.00  0.174708E-24 0.101831E-23 0.569129E-23 0.306956E-22
       38.00  0.333215E-24 0.194105E-23 0.108418E-22 0.584372E-22
       39.00  0.624834E-24 0.363765E-23 0.203058E-22 0.109379E-21
       40.00  0.115294E-23 0.670822E-23 0.374232E-22 0.201454E-21
       42.00  0.375194E-23 0.218044E-22 0.121491E-21 0.653174E-21
       44.00  0.115491E-22 0.670384E-22 0.373074E-21 0.200320E-20
       46.00  0.337938E-22 0.195928E-21 0.108902E-20 0.584001E-20
       48.00  0.944039E-22 0.546685E-21 0.303490E-20 0.162543E-19
       50.00  0.252729E-21 0.146180E-20 0.810518E-20 0.433543E-19
       52.00  0.650550E-21 0.375837E-20 0.208134E-19 0.111188E-18
       54.00  0.161494E-20 0.931880E-20 0.515430E-19 0.274999E-18
       56.00  0.387636E-20 0.223416E-19 0.123421E-18 0.657653E-18
       58.00  0.901804E-20 0.519143E-19 0.286438E-18 0.152434E-17
       60.00  0.203770E-19 0.117166E-18 0.645669E-18 0.343167E-17
       62.00  0.448064E-19 0.257327E-18 0.141632E-17 0.751797E-17
       64.00  0.960422E-19 0.550924E-18 0.302853E-17 0.160552E-16
       66.00  0.200996E-18 0.115160E-17 0.632277E-17 0.334762E-16
       68.00  0.411282E-18 0.235362E-17 0.129065E-16 0.682463E-16
       70.00  0.823914E-18 0.470937E-17 0.257928E-16 0.136211E-15
       72.00  0.161784E-17 0.923632E-17 0.505243E-16 0.266476E-15
       74.00  0.311728E-17 0.177755E-16 0.971153E-16 0.511549E-15
       76.00  0.589985E-17 0.336024E-16 0.183358E-15 0.964587E-15
       78.00  0.109783E-16 0.624520E-16 0.340360E-15 0.178823E-14
       80.00  0.201016E-16 0.114215E-15 0.621699E-15 0.326217E-14
       82.00  0.362471E-16 0.205707E-15 0.111832E-14 0.586051E-14
       84.00  0.644144E-16 0.365124E-15 0.198254E-14 0.103760E-13
       86.00  0.112891E-15 0.639142E-15 0.346611E-14 0.181172E-13
       88.00  0.195244E-15 0.110407E-14 0.598004E-14 0.312172E-13
       90.00  0.333424E-15 0.188320E-14 0.101875E-13 0.531125E-13
       92.00  0.562547E-15 0.317351E-14 0.171463E-13 0.892772E-13
       94.00  0.938187E-15 0.528628E-14 0.285261E-13 0.148338E-12
       96.00  0.154739E-14 0.870845E-14 0.469348E-13 0.243749E-12
       98.00  0.252517E-14 0.141942E-13 0.764055E-13 0.396289E-12
      100.00  0.407892E-14 0.229005E-13 0.123117E-12 0.637743E-12
      102.00  0.652441E-14 0.365864E-13 0.196451E-12 0.101630E-11
      104.00  0.103382E-13 0.579030E-13 0.310525E-12 0.160435E-11
      106.00  0.162334E-13 0.908125E-13 0.486408E-12 0.250981E-11
      108.00  0.252689E-13 0.141189E-12 0.755291E-12 0.389217E-11
      110.00  0.390043E-13 0.217672E-12 0.116299E-11 0.598538E-11
      112.00  0.597199E-13 0.332880E-12 0.177632E-11 0.913003E-11
      114.00  0.907261E-13 0.505101E-12 0.269196E-11 0.138184E-10
      116.00  0.136795E-12 0.760664E-12 0.404894E-11 0.207571E-10
      118.00  0.204760E-12 0.113722E-11 0.604575E-11 0.309536E-10
      122.00  0.449287E-12 0.248929E-11 0.132007E-10 0.674106E-10
      126.00  0.960195E-12 0.530715E-11 0.280735E-10 0.142988E-09
      130.00  0.200201E-11 0.110387E-10 0.582459E-10 0.295893E-09
      134.00  0.407843E-11 0.224332E-10 0.118073E-09 0.598257E-09
      138.00  0.812886E-11 0.446042E-10 0.234177E-09 0.118344E-08
      142.00  0.158715E-10 0.868781E-10 0.454975E-09 0.229327E-08
      146.00  0.303919E-10 0.165956E-09 0.866915E-09 0.435822E-08
      150.00  0.571349E-10 0.311228E-09 0.162169E-08 0.813137E-08
      154.00  0.105554E-09 0.573576E-09 0.298117E-08 0.149088E-07
      158.00  0.191807E-09 0.103973E-08 0.539036E-08 0.268865E-07
      162.00  0.343108E-09 0.185534E-08 0.959454E-08 0.477310E-07
      166.00  0.604658E-09 0.326165E-08 0.168243E-07 0.834781E-07
      170.00  0.105053E-08 0.565286E-08 0.290849E-07 0.143933E-06
      174.00  0.180058E-08 0.966503E-08 0.496022E-07 0.244821E-06
      178.00  0.304642E-08 0.163121E-07 0.835030E-07 0.411060E-06
      182.00  0.509086E-08 0.271916E-07 0.138843E-06 0.681680E-06
      186.00  0.840716E-08 0.447934E-07 0.228136E-06 0.111714E-05
      190.00  0.137273E-07 0.729569E-07 0.370627E-06 0.181010E-05
      194.00  0.221719E-07 0.117543E-06 0.595602E-06 0.290119E-05
      198.00  0.354404E-07 0.187413E-06 0.947207E-06 0.460170E-05
      202.00  0.560863E-07 0.295840E-06 0.149137E-05 0.722624E-05
      206.00  0.879124E-07 0.462527E-06 0.232565E-05 0.112390E-04
      210.00  0.136535E-06 0.716476E-06 0.359322E-05 0.173193E-04
      214.00  0.210183E-06 0.110003E-05 0.550242E-05 0.264525E-04
      218.00  0.320830E-06 0.167449E-05 0.835393E-05 0.400575E-04
      222.00  0.485790E-06 0.252801E-05 0.125783E-04 0.601621E-04
      226.00  0.730086E-06 0.378635E-05 0.187868E-04 0.896456E-04
      230.00  0.109091E-05 0.562796E-05 0.278345E-04 0.132590E-03
      234.00  0.208882E-05 0.837882E-05 0.388141E-04 0.202300E-03
      238.00  0.234088E-05 0.121561E-04 0.599725E-04 0.283017E-03
      242.00  0.342405E-05 0.176840E-04 0.869593E-04 0.409686E-03
      246.00  0.496467E-05 0.255521E-04 0.125296E-03 0.588908E-03
      250.00  0.714831E-05 0.366815E-04 0.179385E-03 0.840994E-03
      254.00  0.102259E-04 0.523282E-04 0.255223E-03 0.119342E-02
      258.00  0.145383E-04 0.741961E-04 0.360926E-03 0.168323E-02
      262.00  0.205467E-04 0.104583E-03 0.507407E-03 0.236007E-02
      266.00  0.288714E-04 0.146574E-03 0.709269E-03 0.329015E-02
      270.00  0.403436E-04 0.204287E-03 0.985951E-03 0.456131E-02
      274.00  0.560704E-04 0.283194E-03 0.136320E-02 0.628954E-02
      282.00  0.106632E-03 0.535816E-03 0.256573E-02 0.117737E-01
      290.00  0.198817E-03 0.993947E-03 0.473452E-02 0.216079E-01
      298.00  0.363829E-03 0.180965E-02 0.857473E-02 0.389207E-01
      306.00  0.654114E-03 0.323695E-02 0.152571E-01 0.688728E-01
      314.00  0.115642E-02 0.569355E-02 0.266946E-01 0.119841E+00
      322.00  0.201211E-02 0.985600E-02 0.459664E-01 0.205222E+00
      330.00  0.344828E-02 0.168046E-01 0.779583E-01 0.346131E+00
      338.00  0.582483E-02 0.282413E-01 0.130318E+00 0.575401E+00
      346.00  0.970484E-02 0.468123E-01 0.214864E+00 0.943426E+00
      354.00  0.159584E-01 0.765821E-01 0.349629E+00 0.152660E+01
      362.00  0.259143E-01 0.123720E+00 0.561810E+00 0.243934E+01
      370.00  0.415793E-01 0.197484E+00 0.891964E+00 0.385113E+01
      378.00  0.659513E-01 0.311623E+00 0.139992E+01 0.601029E+01
      386.00  0.103464E+00 0.486341E+00 0.217304E+01 0.927692E+01
      394.00  0.160609E+00 0.751039E+00 0.333762E+01 0.141680E+02
      402.00  0.246803E+00 0.114810E+01 0.507448E+01 0.214187E+02
      410.00  0.375578E+00 0.173803E+01 0.764021E+01 0.320649E+02
      418.00  0.566218E+00 0.260655E+01 0.113957E+02 0.475532E+02
      426.00  0.845967E+00 0.387395E+01 0.168442E+02 0.698870E+02
      434.00  0.125301E+01 0.570782E+01 0.246820E+02 0.101818E+03
      442.00  0.184047E+01 0.833972E+01 0.358647E+02 0.147098E+03
      450.00  0.268166E+01 0.120872E+02 0.516944E+02 0.210799E+03
      458.00  0.387703E+01 0.173827E+02 0.739314E+02 0.299730E+03
      466.00  0.556331E+01 0.248109E+02 0.104940E+03 0.422971E+03
      474.00  0.792531E+01 0.351567E+02 0.147872E+03 0.592541E+03
      482.00  0.112112E+02 0.494678E+02 0.206906E+03 0.824250E+03
      490.00  0.157523E+02 0.691331E+02 0.287543E+03 0.113876E+04
      498.00  0.219880E+02 0.959826E+02 0.396980E+03 0.156292E+04
      506.00  0.304978E+02 0.132414E+03 0.544578E+03 0.213136E+04
      514.00  0.420412E+02 0.181549E+03 0.742445E+03 0.288856E+04
      522.00  0.576090E+02 0.247431E+03 0.100615E+04 0.389127E+04
      530.00  0.784857E+02 0.335270E+03 0.135560E+04 0.521151E+04
      538.00  0.106329E+03 0.451740E+03 0.181613E+04 0.694025E+04
      546.00  0.143267E+03 0.605355E+03 0.241982E+04 0.919171E+04
      554.00  0.192019E+03 0.806912E+03 0.320704E+04 0.121087E+05
      562.00  0.256040E+03 0.107005E+04 0.422844E+04 0.158687E+05
      570.00  0.339704E+03 0.141190E+04 0.554715E+04 0.206914E+05
      578.00  0.448521E+03 0.185389E+04 0.724160E+04 0.268475E+05
      586.00  0.589401E+03 0.242273E+04 0.940870E+04 0.346690E+05
      596.00  0.823936E+03 0.336332E+04 0.129665E+05 0.474131E+05
      606.00  0.114382E+04 0.463662E+04 0.177450E+05 0.643871E+05
      616.00  0.157725E+04 0.634897E+04 0.241203E+05 0.868439E+05
      626.00  0.216081E+04 0.863707E+04 0.325715E+05 0.116362E+06
      636.00  0.294166E+04 0.116756E+05 0.437047E+05 0.154919E+06
      646.00  0.398028E+04 0.156864E+05 0.582824E+05 0.204975E+06
      656.00  0.535376E+04 0.209498E+05 0.772584E+05 0.269576E+06
      666.00  0.715990E+04 0.278182E+05 0.101820E+06 0.352469E+06
      676.00  0.952208E+04 0.367318E+05 0.133434E+06 0.458242E+06
      686.00  0.125951E+05 0.482380E+05 0.173909E+06 0.592476E+06
      696.00  0.165724E+05 0.630140E+05 0.225456E+06 0.761932E+06
      706.00  0.216944E+05 0.818934E+05 0.290771E+06 0.974749E+06
      716.00  0.282583E+05 0.105898E+06 0.373122E+06 0.124069E+07
      726.00  0.366305E+05 0.136273E+06 0.476454E+06 0.157139E+07
      736.00  0.472602E+05 0.174532E+06 0.605504E+06 0.198068E+07
      746.00  0.606956E+05 0.222503E+06 0.765938E+06 0.248488E+07
      756.00  0.776032E+05 0.282387E+06 0.964500E+06 0.310321E+07
      766.00  0.987902E+05 0.356823E+06 0.120918E+07 0.385813E+07
      776.00  0.125230E+06 0.448958E+06 0.150942E+07 0.477588E+07
      786.00  0.158091E+06 0.562536E+06 0.187631E+07 0.588688E+07
      796.00  0.198772E+06 0.701993E+06 0.232283E+07 0.722630E+07
      806.00  0.248943E+06 0.872559E+06 0.286413E+07 0.883464E+07
      816.00  0.310585E+06 0.108039E+07 0.351780E+07 0.107583E+08
      826.00  0.386043E+06 0.133267E+07 0.430420E+07 0.130503E+08
      836.00  0.478083E+06 0.163782E+07 0.524679E+07 0.157709E+08
      846.00  0.589958E+06 0.200560E+07 0.637251E+07 0.189882E+08
      856.00  0.725477E+06 0.244733E+07 0.771222E+07 0.227794E+08
      866.00  0.889093E+06 0.297608E+07 0.930107E+07 0.272309E+08
      876.00  0.108598E+07 0.360692E+07 0.111790E+08 0.324397E+08
      886.00  0.132216E+07 0.435710E+07 0.133914E+08 0.385138E+08
      896.00  0.160458E+07 0.524635E+07 0.159891E+08 0.455734E+08
      906.00  0.194124E+07 0.629718E+07 0.190296E+08 0.537512E+08
      916.00  0.234138E+07 0.753514E+07 0.225773E+08 0.631938E+08
      926.00  0.281556E+07 0.898919E+07 0.267039E+08 0.740623E+08
      936.00  0.337585E+07 0.106920E+08 0.314895E+08 0.865329E+08
      946.00  0.403603E+07 0.126805E+08 0.370228E+08 0.100798E+09
      956.00  0.481173E+07 0.149959E+08 0.434020E+08 0.117066E+09
      966.00  0.572071E+07 0.176844E+08 0.507353E+08 0.135564E+09
      976.00  0.678298E+07 0.207978E+08 0.591416E+08 0.156535E+09
      986.00  0.802115E+07 0.243934E+08 0.687510E+08 0.180240E+09
      996.00  0.946062E+07 0.285350E+08 0.797056E+08 0.206960E+09
     1006.00  0.111299E+08 0.332930E+08 0.921603E+08 0.236993E+09
     1016.00  0.130608E+08 0.387454E+08 0.106283E+09 0.270656E+09
     1026.00  0.152889E+08 0.449779E+08 0.122255E+09 0.308285E+09
     1036.00  0.178538E+08 0.520843E+08 0.140272E+09 0.350233E+09
     1046.00  0.207994E+08 0.601677E+08 0.160544E+09 0.396869E+09
     1056.00  0.241742E+08 0.693402E+08 0.183296E+09 0.448579E+09
     1066.00  0.280319E+08 0.797241E+08 0.208769E+09 0.505766E+09
     1076.00  0.324318E+08 0.914523E+08 0.237217E+09 0.568844E+09
     1086.00  0.374388E+08 0.104668E+09 0.268912E+09 0.638240E+09
     1096.00  0.431243E+08 0.119528E+09 0.304141E+09 0.714394E+09
     1106.00  0.495662E+08 0.136198E+09 0.343203E+09 0.797750E+09
     1116.00  0.568495E+08 0.154858E+09 0.386417E+09 0.888759E+09
     1126.00  0.650668E+08 0.175701E+09 0.434110E+09 0.987874E+09
     1136.00  0.743185E+08 0.198931E+09 0.486627E+09 0.109555E+10
     1146.00  0.847134E+08 0.224769E+09 0.544324E+09 0.121222E+10
     1156.00  0.963691E+08 0.253446E+09 0.607569E+09 0.133835E+10
     1166.00  0.109412E+09 0.285210E+09 0.676738E+09 0.147434E+10
     1176.00  0.123978E+09 0.320322E+09 0.752220E+09 0.162062E+10
     1186.00  0.140213E+09 0.359055E+09 0.834405E+09 0.177757E+10
     1196.00  0.158273E+09 0.401698E+09 0.923692E+09 0.194556E+10
     1206.00  0.178323E+09 0.448554E+09 0.102048E+10 0.212490E+10
     1216.00  0.200540E+09 0.499938E+09 0.112517E+10 0.231590E+10
     1226.00  0.225109E+09 0.556180E+09 0.123815E+10 0.251880E+10
     1236.00  0.252227E+09 0.617622E+09 0.135982E+10 0.273379E+10
     1246.00  0.282102E+09 0.684617E+09 0.149055E+10 0.296104E+10
     1256.00  0.314950E+09 0.757534E+09 0.163072E+10 0.320062E+10
     1266.00  0.350997E+09 0.836749E+09 0.178067E+10 0.345255E+10
     1276.00  0.390477E+09 0.922650E+09 0.194073E+10 0.371678E+10
     1286.00  0.433633E+09 0.101564E+10 0.211121E+10 0.399317E+10
     1296.00  0.480711E+09 0.111612E+10 0.229237E+10 0.428150E+10
     1306.00  0.531966E+09 0.122451E+10 0.248444E+10 0.458148E+10
     1316.00  0.587651E+09 0.134123E+10 0.268762E+10 0.489271E+10
     1326.00  0.648020E+09 0.146673E+10 0.290206E+10 0.521470E+10
     1336.00  0.713322E+09 0.160146E+10 0.312785E+10 0.554685E+10
     1346.00  0.783796E+09 0.174587E+10 0.336501E+10 0.588846E+10
     1356.00  0.859661E+09 0.190044E+10 0.361350E+10 0.623871E+10
     1366.00  0.941112E+09 0.206568E+10 0.387319E+10 0.659669E+10
     1376.00  0.102830E+10 0.224212E+10 0.414388E+10 0.696135E+10
     1386.00  0.112132E+10 0.243035E+10 0.442523E+10 0.733154E+10
     1396.00  0.122017E+10 0.263103E+10 0.471680E+10 0.770598E+10
     1406.00  0.132475E+10 0.284494E+10 0.501798E+10 0.808329E+10
     1416.00  0.143473E+10 0.307304E+10 0.532798E+10 0.846193E+10
     1426.00  0.154952E+10 0.331658E+10 0.564574E+10 0.884027E+10
     1436.00  0.166808E+10 0.357726E+10 0.596988E+10 0.921652E+10
     1446.00  0.178863E+10 0.385760E+10 0.629846E+10 0.958872E+10
     1456.00  0.190814E+10 0.416155E+10 0.662873E+10 0.995471E+10
     1466.00  0.202129E+10 0.449581E+10 0.695644E+10 0.103120E+11
     1476.00  0.211818E+10 0.487281E+10 0.727443E+10 0.106578E+11
     1486.00  0.217861E+10 0.531868E+10 0.756892E+10 0.109878E+11
     1496.00  0.215519E+10 0.589893E+10 0.780795E+10 0.112951E+11
     1506.00  0.190738E+10 0.683655E+10 0.789157E+10 0.115618E+11
     1516.00  0.816473E+09 0.966672E+10 0.723752E+10 0.116879E+11
     1526.00  0.270320E+11 0.242710E+08 0.175234E+11 0.133216E+11
     1536.00  0.678934E+10 0.403074E+10 0.112042E+11 0.127163E+11
     1546.00  0.577125E+10 0.523611E+10 0.109940E+11 0.128609E+11
     1556.00  0.560959E+10 0.593277E+10 0.111516E+11 0.130332E+11
     1566.00  0.568522E+10 0.647263E+10 0.114086E+11 0.131928E+11
     1576.00  0.586581E+10 0.694560E+10 0.117019E+11 0.133290E+11
     1586.00  0.610619E+10 0.738445E+10 0.120081E+11 0.134367E+11
     1596.00  0.638670E+10 0.780347E+10 0.123155E+11 0.135127E+11
     1606.00  0.669737E+10 0.820943E+10 0.126173E+11 0.135547E+11
     1616.00  0.703253E+10 0.860555E+10 0.129086E+11 0.135610E+11
     1626.00  0.738863E+10 0.899317E+10 0.131857E+11 0.135299E+11
     1636.00  0.776324E+10 0.937252E+10 0.134454E+11 0.134602E+11
     1646.00  0.815457E+10 0.974312E+10 0.136849E+11 0.133512E+11
     1656.00  0.856116E+10 0.101040E+11 0.139017E+11 0.132020E+11
     1666.00  0.898175E+10 0.104540E+11 0.140933E+11 0.130123E+11
     1676.00  0.941520E+10 0.107915E+11 0.142576E+11 0.127821E+11
     1686.00  0.986035E+10 0.111147E+11 0.143924E+11 0.125115E+11
     1696.00  0.103161E+11 0.114218E+11 0.144957E+11 0.122012E+11
     1706.00  0.107812E+11 0.117108E+11 0.145657E+11 0.118520E+11
     1716.00  0.112545E+11 0.119795E+11 0.146008E+11 0.114650E+11
     1726.00  0.117346E+11 0.122258E+11 0.145994E+11 0.110419E+11
     1736.00  0.122201E+11 0.124472E+11 0.145601E+11 0.105846E+11
     1746.00  0.127095E+11 0.126415E+11 0.144818E+11 0.100953E+11
     1756.00  0.132012E+11 0.128064E+11 0.143635E+11 0.957676E+10
     1766.00  0.136935E+11 0.129394E+11 0.142046E+11 0.903188E+10
     1776.00  0.141846E+11 0.130383E+11 0.140045E+11 0.846409E+10
     1786.00  0.146724E+11 0.131007E+11 0.137631E+11 0.787713E+10
     1796.00  0.151550E+11 0.131242E+11 0.134803E+11 0.727510E+10
     1806.00  0.156302E+11 0.131069E+11 0.131567E+11 0.666242E+10
     1816.00  0.160956E+11 0.130466E+11 0.127928E+11 0.604386E+10
     1826.00  0.165487E+11 0.129413E+11 0.123897E+11 0.542451E+10
     1836.00  0.169870E+11 0.127893E+11 0.119488E+11 0.480973E+10
     1846.00  0.174079E+11 0.125892E+11 0.114717E+11 0.420516E+10
     1856.00  0.178084E+11 0.123395E+11 0.109606E+11 0.361670E+10
     1866.00  0.181857E+11 0.120394E+11 0.104180E+11 0.305042E+10
     1876.00  0.185366E+11 0.116882E+11 0.984672E+10 0.251261E+10
     1886.00  0.188580E+11 0.112857E+11 0.925002E+10 0.200967E+10
     1896.00  0.191466E+11 0.108322E+11 0.863158E+10 0.154808E+10
     1906.00  0.193989E+11 0.103284E+11 0.799546E+10 0.113438E+10
     1916.00  0.196113E+11 0.977585E+10 0.734615E+10 0.775107E+09
     1926.00  0.197802E+11 0.917657E+10 0.668850E+10 0.476693E+09
     1936.00  0.199017E+11 0.853361E+10 0.602777E+10 0.245440E+09
     1946.00  0.199721E+11 0.785087E+10 0.536959E+10 0.874169E+08
     1956.00  0.199872E+11 0.713340E+10 0.471992E+10 0.837163E+07
     1966.00  0.199431E+11 0.638747E+10 0.408508E+10 0.136199E+08
     1976.00  0.198356E+11 0.562079E+10 0.347165E+10 0.107919E+09
     1986.00  0.196606E+11 0.484274E+10 0.288645E+10 0.295315E+09
     1996.00  0.194138E+11 0.406455E+10 0.233648E+10 0.578965E+09
     2006.00  0.190913E+11 0.329958E+10 0.182880E+10 0.960919E+09
     2016.00  0.186890E+11 0.256360E+10 0.137047E+10 0.144186E+10
     2026.00  0.182033E+11 0.187505E+10 0.968339E+09 0.202080E+10
     2036.00  0.176310E+11 0.125530E+10 0.628912E+09 0.269470E+10
     2046.00  0.169692E+11 0.728874E+09 0.358077E+09 0.345806E+10
     2056.00  0.162163E+11 0.323557E+09 0.160812E+09 0.430241E+10
     2066.00  0.153718E+11 0.703726E+08 0.408067E+08 0.521574E+10
     2076.00  0.144367E+11 0.325203E+07 0.745515E+04 0.618196E+10
     2086.00  0.134145E+11 0.158335E+09 0.380904E+08 0.718032E+10
     2096.00  0.123113E+11 0.572695E+09 0.151871E+09 0.818492E+10
     2106.00  0.111370E+11 0.128233E+10 0.334700E+09 0.916449E+10
     2116.00  0.990551E+10 0.231925E+10 0.575913E+09 0.100826E+11
     2126.00  0.863580E+10 0.370754E+10 0.860468E+09 0.108982E+11
     2136.00  0.735181E+10 0.545860E+10 0.116892E+10 0.115678E+11
     2146.00  0.608243E+10 0.756569E+10 0.147792E+10 0.120475E+11
     2156.00  0.486049E+10 0.999877E+10 0.176150E+10 0.122976E+11
     2166.00  0.372089E+10 0.127006E+11 0.199310E+10 0.122865E+11
     2176.00  0.269777E+10 0.155856E+11 0.214843E+10 0.119967E+11
     2186.00  0.182106E+10 0.185426E+11 0.220874E+10 0.114282E+11
     2196.00  0.111280E+10 0.214424E+11 0.216395E+10 0.106021E+11
     2206.00  0.584124E+09 0.241497E+11 0.201494E+10 0.955983E+10
     2216.00  0.233546E+09 0.265366E+11 0.177430E+10 0.835985E+10
     2226.00  0.471906E+08 0.284972E+11 0.146527E+10 0.707148E+10
     2236.00  0.845279E+06 0.299570E+11 0.111897E+10 0.576696E+10
     2246.00  0.634222E+08 0.308788E+11 0.770659E+09 0.451358E+10
     2256.00  0.200990E+09 0.312620E+11 0.455671E+09 0.336752E+10
     2266.00  0.380548E+09 0.311372E+11 0.206009E+09 0.237000E+10
     2276.00  0.572936E+09 0.305580E+11 0.479191E+08 0.154617E+10
     2286.00  0.754616E+09 0.295923E+11 0.661734E+06 0.906148E+09
     2296.00  0.908371E+09 0.283142E+11 0.763258E+08 0.447464E+09
     2306.00  0.102315E+10 0.267970E+11 0.280381E+09 0.158133E+09
     2316.00  0.109339E+10 0.251096E+11 0.612662E+09 0.197420E+08
     2326.00  0.111799E+10 0.233131E+11 0.106850E+10 0.101653E+08
     2336.00  0.109936E+10 0.214599E+11 0.163986E+10 0.105743E+09
     2346.00  0.104241E+10 0.195937E+11 0.231631E+10 0.282888E+09
     2356.00  0.953700E+09 0.177497E+11 0.308582E+10 0.519193E+09
     2366.00  0.840838E+09 0.159558E+11 0.393545E+10 0.794116E+09
     2376.00  0.711900E+09 0.142331E+11 0.485180E+10 0.108937E+10
     2386.00  0.575068E+09 0.125976E+11 0.582139E+10 0.138909E+10
     2396.00  0.438339E+09 0.110604E+11 0.683088E+10 0.167985E+10
     2406.00  0.309333E+09 0.962891E+10 0.786731E+10 0.195058E+10
     2416.00  0.195153E+09 0.830753E+10 0.891818E+10 0.219244E+10
     2426.00  0.102302E+09 0.709815E+10 0.997160E+10 0.239867E+10
     2436.00  0.366231E+08 0.600068E+10 0.110163E+11 0.256441E+10
     2446.00  0.327173E+07 0.501344E+10 0.120417E+11 0.268652E+10
     2456.00  0.670279E+07 0.413346E+10 0.130379E+11 0.276342E+10
     2466.00  0.506675E+08 0.335679E+10 0.139958E+11 0.279491E+10
     2476.00  0.138220E+09 0.267870E+10 0.149072E+11 0.278203E+10
     2486.00  0.271732E+09 0.209384E+10 0.157644E+11 0.272690E+10
     2496.00  0.452905E+09 0.159641E+10 0.165608E+11 0.263256E+10
     2506.00  0.682795E+09 0.118029E+10 0.172906E+11 0.250287E+10
     2516.00  0.961837E+09 0.839103E+09 0.179486E+11 0.234234E+10
     2526.00  0.128986E+10 0.566368E+09 0.185306E+11 0.215603E+10
     2536.00  0.166614E+10 0.355535E+09 0.190332E+11 0.194942E+10
     2546.00  0.208941E+10 0.200072E+09 0.194539E+11 0.172831E+10
     2556.00  0.255787E+10 0.935284E+08 0.197909E+11 0.149867E+10
     2566.00  0.306928E+10 0.295859E+08 0.200432E+11 0.126659E+10
     2576.00  0.362095E+10 0.211309E+07 0.202106E+11 0.103814E+10
     2586.00  0.420980E+10 0.520936E+07 0.202936E+11 0.819312E+09
     2596.00  0.483237E+10 0.332457E+08 0.202934E+11 0.615892E+09
     2606.00  0.548491E+10 0.809008E+08 0.202121E+11 0.433417E+09
     2616.00  0.616337E+10 0.143193E+09 0.200520E+11 0.277087E+09
     2626.00  0.686347E+10 0.215506E+09 0.198164E+11 0.151700E+09
     2636.00  0.758076E+10 0.293614E+09 0.195089E+11 0.615994E+08
     2646.00  0.831062E+10 0.373698E+09 0.191336E+11 0.106218E+08
     2656.00  0.904832E+10 0.452363E+09 0.186950E+11 0.205694E+07
     2666.00  0.978909E+10 0.526643E+09 0.181981E+11 0.386158E+08
     2676.00  0.105281E+11 0.594010E+09 0.176481E+11 0.122406E+09
     2686.00  0.112607E+11 0.652374E+09 0.170505E+11 0.254918E+09
     2696.00  0.119820E+11 0.700081E+09 0.164109E+11 0.437015E+09
     2706.00  0.126874E+11 0.735904E+09 0.157350E+11 0.668935E+09
     2716.00  0.133726E+11 0.759034E+09 0.150288E+11 0.950302E+09
     2726.00  0.140331E+11 0.769063E+09 0.142980E+11 0.128014E+10
     2736.00  0.146650E+11 0.765971E+09 0.135484E+11 0.165688E+10
     2746.00  0.152642E+11 0.750100E+09 0.127858E+11 0.207843E+10
     2756.00  0.158273E+11 0.722133E+09 0.120158E+11 0.254217E+10
     2766.00  0.163508E+11 0.683065E+09 0.112436E+11 0.304501E+10
     2776.00  0.168318E+11 0.634181E+09 0.104744E+11 0.358341E+10
     2786.00  0.172676E+11 0.577018E+09 0.971298E+10 0.415348E+10
     2796.00  0.176558E+11 0.513339E+09 0.896399E+10 0.475098E+10
     2806.00  0.179943E+11 0.445097E+09 0.823159E+10 0.537139E+10
     2816.00  0.182816E+11 0.374405E+09 0.751962E+10 0.600998E+10
     2826.00  0.185162E+11 0.303501E+09 0.683157E+10 0.666184E+10
     2836.00  0.186974E+11 0.234714E+09 0.617052E+10 0.732194E+10
     2846.00  0.188243E+11 0.170430E+09 0.553914E+10 0.798523E+10
     2856.00  0.188970E+11 0.113064E+09 0.493971E+10 0.864661E+10
     2866.00  0.189154E+11 0.650207E+08 0.437410E+10 0.930105E+10
     2876.00  0.188800E+11 0.286732E+08 0.384377E+10 0.994364E+10
     2886.00  0.187916E+11 0.632755E+07 0.334979E+10 0.105696E+11
     2896.00  0.186513E+11 0.198417E+06 0.289285E+10 0.111743E+11
     2906.00  0.184604E+11 0.123836E+08 0.247326E+10 0.117534E+11
     2916.00  0.182208E+11 0.448409E+08 0.209097E+10 0.123028E+11
     2926.00  0.179343E+11 0.993671E+08 0.174562E+10 0.128187E+11
     2936.00  0.176031E+11 0.177579E+09 0.143653E+10 0.132977E+11
     2946.00  0.172296E+11 0.280900E+09 0.116272E+10 0.137365E+11
     2956.00  0.168164E+11 0.410539E+09 0.922978E+09 0.141326E+11
     2966.00  0.163664E+11 0.567490E+09 0.715836E+09 0.144835E+11
     2976.00  0.158823E+11 0.752515E+09 0.539634E+09 0.147873E+11
     2986.00  0.153674E+11 0.966138E+09 0.392538E+09 0.150424E+11
     2996.00  0.148248E+11 0.120865E+10 0.272564E+09 0.152477E+11
     3006.00  0.142577E+11 0.148009E+10 0.177617E+09 0.154025E+11
     3016.00  0.136695E+11 0.178027E+10 0.105510E+09 0.155064E+11
     3026.00  0.130636E+11 0.210875E+10 0.540030E+08 0.155595E+11
     3036.00  0.124432E+11 0.246486E+10 0.208203E+08 0.155623E+11
     3046.00  0.118118E+11 0.284773E+10 0.368351E+07 0.155154E+11
     3056.00  0.111727E+11 0.325623E+10 0.334229E+06 0.154201E+11
     3066.00  0.105292E+11 0.368906E+10 0.855790E+07 0.152779E+11
     3076.00  0.988452E+10 0.414470E+10 0.262059E+08 0.150905E+11
     3086.00  0.924181E+10 0.462145E+10 0.512157E+08 0.148599E+11
     3096.00  0.860413E+10 0.511748E+10 0.816292E+08 0.145885E+11
     3106.00  0.797439E+10 0.563075E+10 0.115609E+09 0.142787E+11
     3116.00  0.735540E+10 0.615912E+10 0.151454E+09 0.139333E+11
     3126.00  0.674983E+10 0.670034E+10 0.187609E+09 0.135551E+11
     3136.00  0.616019E+10 0.725202E+10 0.222678E+09 0.131472E+11
     3146.00  0.558883E+10 0.781171E+10 0.255430E+09 0.127127E+11
     3156.00  0.503792E+10 0.837691E+10 0.284806E+09 0.122547E+11
     3166.00  0.450947E+10 0.894503E+10 0.309926E+09 0.117765E+11
     3176.00  0.400531E+10 0.951349E+10 0.330085E+09 0.112813E+11
     3186.00  0.352707E+10 0.100797E+11 0.344759E+09 0.107724E+11
     3196.00  0.307619E+10 0.106410E+11 0.353601E+09 0.102531E+11
     3206.00  0.265393E+10 0.111948E+11 0.356438E+09 0.972639E+10
     3216.00  0.226135E+10 0.117386E+11 0.353267E+09 0.919548E+10
     3226.00  0.189933E+10 0.122699E+11 0.344249E+09 0.866333E+10
     3236.00  0.156854E+10 0.127863E+11 0.329701E+09 0.813279E+10
     3246.00  0.126947E+10 0.132854E+11 0.310086E+09 0.760660E+10
     3256.00  0.100244E+10 0.137650E+11 0.286004E+09 0.708734E+10
     3266.00  0.767581E+09 0.142229E+11 0.258185E+09 0.657743E+10
     3276.00  0.564847E+09 0.146572E+11 0.227470E+09 0.607910E+10
     3286.00  0.394030E+09 0.150659E+11 0.194806E+09 0.559441E+10
     3296.00  0.254762E+09 0.154473E+11 0.161227E+09 0.512521E+10
     3306.00  0.146518E+09 0.157998E+11 0.127846E+09 0.467316E+10
     3316.00  0.686329E+08 0.161219E+11 0.958384E+08 0.423973E+10
     3326.00  0.203028E+08 0.164124E+11 0.664280E+08 0.382615E+10
     3336.00  0.597398E+06 0.166701E+11 0.408755E+08 0.343348E+10
     3346.00  0.846876E+07 0.168941E+11 0.204631E+08 0.306256E+10
     3356.00  0.427607E+08 0.170836E+11 0.648137E+07 0.271403E+10
     3366.00  0.102219E+09 0.172380E+11 0.216316E+06 0.238833E+10
     3376.00  0.185501E+09 0.173568E+11 0.293630E+07 0.208572E+10
     3386.00  0.291186E+09 0.174397E+11 0.158798E+08 0.180628E+10
     3396.00  0.417786E+09 0.174868E+11 0.402436E+08 0.154990E+10
     3406.00  0.563754E+09 0.174979E+11 0.771716E+08 0.131632E+10
     3416.00  0.727497E+09 0.174734E+11 0.127744E+09 0.110511E+10
     3426.00  0.907383E+09 0.174137E+11 0.192969E+09 0.915723E+09
     3436.00  0.110175E+10 0.173193E+11 0.273772E+09 0.747455E+09
     3446.00  0.130893E+10 0.171909E+11 0.370988E+09 0.599500E+09
     3456.00  0.152722E+10 0.170293E+11 0.485355E+09 0.470938E+09
     3466.00  0.175494E+10 0.168354E+11 0.617508E+09 0.360763E+09
     3476.00  0.199041E+10 0.166105E+11 0.767972E+09 0.267886E+09
     3486.00  0.223197E+10 0.163557E+11 0.937159E+09 0.191154E+09
     3496.00  0.247797E+10 0.160724E+11 0.112536E+10 0.129362E+09
     3506.00  0.272682E+10 0.157619E+11 0.133276E+10 0.812671E+08
     3516.00  0.297694E+10 0.154258E+11 0.155941E+10 0.455989E+08
     3526.00  0.322682E+10 0.150657E+11 0.180524E+10 0.210749E+08
     3536.00  0.347497E+10 0.146832E+11 0.207006E+10 0.641155E+07
     3546.00  0.371999E+10 0.142802E+11 0.235356E+10 0.336024E+06
     3556.00  0.396053E+10 0.138584E+11 0.265531E+10 0.159744E+07
     3566.00  0.419530E+10 0.134197E+11 0.297476E+10 0.897735E+07
     3576.00  0.442308E+10 0.129659E+11 0.331125E+10 0.212995E+08
     3586.00  0.464274E+10 0.124989E+11 0.366402E+10 0.374391E+08
     3596.00  0.485321E+10 0.120207E+11 0.403218E+10 0.563306E+08
     3606.00  0.505351E+10 0.115331E+11 0.441477E+10 0.769759E+08
     3616.00  0.524274E+10 0.110381E+11 0.481072E+10 0.984504E+08
     3626.00  0.542009E+10 0.105377E+11 0.521888E+10 0.119909E+09
     3636.00  0.558482E+10 0.100336E+11 0.563800E+10 0.140591E+09
     3646.00  0.573629E+10 0.952774E+10 0.606679E+10 0.159824E+09
     3656.00  0.587395E+10 0.902197E+10 0.650387E+10 0.177027E+09
     3666.00  0.599730E+10 0.851804E+10 0.694781E+10 0.191713E+09
     3676.00  0.610597E+10 0.801769E+10 0.739712E+10 0.203491E+09
     3686.00  0.619966E+10 0.752259E+10 0.785029E+10 0.212066E+09
     3696.00  0.627814E+10 0.703433E+10 0.830577E+10 0.217236E+09
     3706.00  0.634126E+10 0.655447E+10 0.876196E+10 0.218898E+09
     3716.00  0.638898E+10 0.608447E+10 0.921729E+10 0.217039E+09
     3726.00  0.642131E+10 0.562572E+10 0.967013E+10 0.211739E+09
     3736.00  0.643833E+10 0.517951E+10 0.101189E+11 0.203163E+09
     3746.00  0.644021E+10 0.474707E+10 0.105620E+11 0.191564E+09
     3756.00  0.642718E+10 0.432953E+10 0.109978E+11 0.177270E+09
     3766.00  0.639953E+10 0.392792E+10 0.114249E+11 0.160689E+09
     3776.00  0.635763E+10 0.354319E+10 0.118416E+11 0.142294E+09
     3786.00  0.630188E+10 0.317619E+10 0.122465E+11 0.122627E+09
     3796.00  0.623275E+10 0.282765E+10 0.126381E+11 0.102285E+09
     3806.00  0.615077E+10 0.249825E+10 0.130151E+11 0.819177E+08
     3816.00  0.605650E+10 0.218854E+10 0.133762E+11 0.622211E+08
     3826.00  0.595054E+10 0.189897E+10 0.137201E+11 0.439290E+08
     3836.00  0.583353E+10 0.162990E+10 0.140455E+11 0.278073E+08
     3846.00  0.570616E+10 0.138162E+10 0.143515E+11 0.146466E+08
     3856.00  0.556914E+10 0.115428E+10 0.146369E+11 0.525521E+07
     3866.00  0.542319E+10 0.947979E+09 0.149008E+11 0.452160E+06
     3876.00  0.526906E+10 0.762704E+09 0.151423E+11 0.106018E+07
     3886.00  0.510753E+10 0.598364E+09 0.153607E+11 0.789883E+07
     3896.00  0.493939E+10 0.454781E+09 0.155552E+11 0.217777E+08
     3906.00  0.476541E+10 0.331697E+09 0.157254E+11 0.434900E+08
     3916.00  0.458640E+10 0.228779E+09 0.158706E+11 0.738059E+08
     3926.00  0.440316E+10 0.145618E+09 0.159905E+11 0.113467E+09
     3936.00  0.421647E+10 0.817360E+08 0.160848E+11 0.163179E+09
     3946.00  0.402713E+10 0.365901E+08 0.161533E+11 0.223610E+09
     3956.00  0.383591E+10 0.957589E+07 0.161959E+11 0.295379E+09
     3966.00  0.364359E+10 0.324051E+05 0.162126E+11 0.379059E+09
     3976.00  0.345090E+10 0.724630E+07 0.162034E+11 0.475165E+09
     3986.00  0.325858E+10 0.304566E+08 0.161686E+11 0.584156E+09
     3996.00  0.306735E+10 0.688592E+08 0.161083E+11 0.706427E+09
     4006.00  0.287787E+10 0.121612E+09 0.160231E+11 0.842310E+09
     4016.00  0.269082E+10 0.187839E+09 0.159132E+11 0.992068E+09
     4026.00  0.250681E+10 0.266636E+09 0.157793E+11 0.115589E+10
     4036.00  0.232646E+10 0.357074E+09 0.156219E+11 0.133391E+10
     4046.00  0.215032E+10 0.458205E+09 0.154418E+11 0.152616E+10
     4056.00  0.197892E+10 0.569065E+09 0.152397E+11 0.173263E+10
     4066.00  0.181276E+10 0.688683E+09 0.150163E+11 0.195321E+10
     4076.00  0.165231E+10 0.816078E+09 0.147727E+11 0.218774E+10
     4086.00  0.149797E+10 0.950271E+09 0.145097E+11 0.243595E+10
     4096.00  0.135014E+10 0.109028E+10 0.142283E+11 0.269754E+10
     4106.00  0.120916E+10 0.123514E+10 0.139296E+11 0.297212E+10
     4116.00  0.107532E+10 0.138389E+10 0.136147E+11 0.325922E+10
     4126.00  0.948904E+09 0.153558E+10 0.132847E+11 0.355831E+10
     4136.00  0.830120E+09 0.168929E+10 0.129408E+11 0.386881E+10
     4146.00  0.719156E+09 0.184410E+10 0.125841E+11 0.419005E+10
     4156.00  0.616158E+09 0.199913E+10 0.122159E+11 0.452131E+10
     4166.00  0.521229E+09 0.215354E+10 0.118374E+11 0.486184E+10
     4176.00  0.434436E+09 0.230649E+10 0.114498E+11 0.521080E+10
     4186.00  0.355807E+09 0.245720E+10 0.110544E+11 0.556733E+10
     4196.00  0.285335E+09 0.260490E+10 0.106525E+11 0.593050E+10
     4206.00  0.222976E+09 0.274888E+10 0.102453E+11 0.629937E+10
     4216.00  0.168649E+09 0.288846E+10 0.983405E+10 0.667293E+10
     4226.00  0.122243E+09 0.302300E+10 0.942000E+10 0.705016E+10
     4236.00  0.836138E+08 0.315190E+10 0.900437E+10 0.743002E+10
     4246.00  0.525859E+08 0.327462E+10 0.858835E+10 0.781143E+10
     4256.00  0.289553E+08 0.339063E+10 0.817312E+10 0.819331E+10
     4266.00  0.124906E+08 0.349948E+10 0.775983E+10 0.857454E+10
     4276.00  0.293461E+07 0.360076E+10 0.734960E+10 0.895402E+10
     4286.00  0.648357E+04 0.369408E+10 0.694351E+10 0.933065E+10
     4296.00  0.340318E+07 0.377912E+10 0.654260E+10 0.970331E+10
     4306.00  0.128016E+08 0.385562E+10 0.614787E+10 0.100709E+11
     4316.00  0.278603E+08 0.392333E+10 0.576028E+10 0.104323E+11
     4326.00  0.482218E+08 0.398207E+10 0.538074E+10 0.107865E+11
     4336.00  0.735143E+08 0.403170E+10 0.501011E+10 0.111324E+11
     4346.00  0.103353E+09 0.407213E+10 0.464920E+10 0.114690E+11
     4356.00  0.137345E+09 0.410330E+10 0.429877E+10 0.117953E+11
     4366.00  0.175086E+09 0.412520E+10 0.395951E+10 0.121103E+11
     4376.00  0.216168E+09 0.413786E+10 0.363208E+10 0.124131E+11
     4386.00  0.260177E+09 0.414137E+10 0.331706E+10 0.127027E+11
     4396.00  0.306698E+09 0.413582E+10 0.301499E+10 0.129785E+11
     4406.00  0.355314E+09 0.412136E+10 0.272633E+10 0.132394E+11
     4416.00  0.405610E+09 0.409819E+10 0.245151E+10 0.134849E+11
     4426.00  0.457176E+09 0.406651E+10 0.219088E+10 0.137141E+11
     4436.00  0.509603E+09 0.402658E+10 0.194473E+10 0.139265E+11
     4446.00  0.562492E+09 0.397866E+10 0.171331E+10 0.141215E+11
     4456.00  0.615452E+09 0.392308E+10 0.149679E+10 0.142985E+11
     4466.00  0.668101E+09 0.386015E+10 0.129531E+10 0.144570E+11
     4476.00  0.720069E+09 0.379024E+10 0.110893E+10 0.145967E+11
     4486.00  0.770998E+09 0.371373E+10 0.937666E+09 0.147172E+11
     4511.00  0.891567E+09 0.349617E+10 0.575275E+09 0.149326E+11
     4536.00  0.998639E+09 0.324647E+10 0.305022E+09 0.150236E+11
     4561.00  0.108803E+10 0.297169E+10 0.123102E+09 0.149899E+11
     4586.00  0.115636E+10 0.267915E+10 0.240854E+08 0.148335E+11
     4611.00  0.120113E+10 0.237624E+10 0.113995E+07 0.145588E+11
     4636.00  0.122076E+10 0.207017E+10 0.462850E+08 0.141722E+11
     4661.00  0.121463E+10 0.176787E+10 0.150647E+09 0.136822E+11
     4686.00  0.118305E+10 0.147578E+10 0.304720E+09 0.130986E+11
     4711.00  0.112726E+10 0.119974E+10 0.498626E+09 0.124330E+11
     4736.00  0.104940E+10 0.944878E+09 0.722361E+09 0.116978E+11
     4761.00  0.952442E+09 0.715523E+09 0.966034E+09 0.109064E+11
     4786.00  0.840102E+09 0.515141E+09 0.122008E+10 0.100725E+11
     4811.00  0.716783E+09 0.346301E+09 0.147546E+10 0.920998E+10
     4836.00  0.587463E+09 0.210653E+09 0.172384E+10 0.833283E+10
     4861.00  0.457590E+09 0.108943E+09 0.195769E+10 0.745445E+10
     4886.00  0.332968E+09 0.410383E+08 0.217046E+10 0.658769E+10
     4911.00  0.219642E+09 0.597545E+07 0.235663E+10 0.574448E+10
     4936.00  0.123779E+09 0.202587E+07 0.251177E+10 0.493574E+10
     4961.00  0.515458E+08 0.267741E+08 0.263256E+10 0.417114E+10
     4986.00  0.899536E+07 0.772091E+08 0.271682E+10 0.345901E+10
     5011.00  0.195331E+07 0.149825E+09 0.276345E+10 0.280621E+10
     5036.00  0.359121E+08 0.240726E+09 0.277240E+10 0.221813E+10
     5061.00  0.115932E+09 0.345741E+09 0.274460E+10 0.169862E+10
     5086.00  0.246553E+09 0.460533E+09 0.268188E+10 0.125004E+10
     5111.00  0.431712E+09 0.580711E+09 0.258685E+10 0.873249E+09
     5136.00  0.674680E+09 0.701941E+09 0.246282E+10 0.567740E+09
     5161.00  0.978001E+09 0.820047E+09 0.231363E+10 0.331690E+09
     5186.00  0.134345E+10 0.931105E+09 0.214360E+10 0.162095E+09
     5211.00  0.177200E+10 0.103154E+10 0.195731E+10 0.548989E+08
     5236.00  0.226380E+10 0.111818E+10 0.175956E+10 0.514513E+07
     5261.00  0.281819E+10 0.118836E+10 0.155520E+10 0.713154E+07
     5286.00  0.343366E+10 0.123994E+10 0.134900E+10 0.545749E+08
     5311.00  0.410791E+10 0.127137E+10 0.114559E+10 0.140776E+09
     5336.00  0.483788E+10 0.128170E+10 0.949324E+09 0.258784E+09
     5361.00  0.561975E+10 0.127064E+10 0.764199E+09 0.401553E+09
     5386.00  0.644902E+10 0.123848E+10 0.593783E+09 0.562096E+09
     5411.00  0.732054E+10 0.118618E+10 0.441154E+09 0.733622E+09
     5436.00  0.822862E+10 0.111528E+10 0.308847E+09 0.909666E+09
     5461.00  0.916705E+10 0.102790E+10 0.198826E+09 0.108420E+10
     5511.00  0.111081E+11 0.814792E+09 0.505153E+08 0.140738E+10
     5561.00  0.130869E+11 0.573501E+09 0.364638E+05 0.166693E+10
     5611.00  0.150437E+11 0.336443E+09 0.421290E+08 0.183801E+10
     5661.00  0.169185E+11 0.139548E+09 0.163592E+09 0.190773E+10
     5711.00  0.186537E+11 0.198587E+08 0.344977E+09 0.187477E+10
     5761.00  0.201959E+11 0.131188E+08 0.562669E+09 0.174803E+10
     5811.00  0.214987E+11 0.151503E+09 0.791157E+09 0.154466E+10
     5861.00  0.225237E+11 0.461616E+09 0.100532E+10 0.128770E+10
     5911.00  0.232422E+11 0.962857E+09 0.118255E+10 0.100337E+10
     5961.00  0.236356E+11 0.166623E+10 0.130458E+10 0.718569E+09
     6011.00  0.236962E+11 0.257361E+10 0.135894E+10 0.458422E+09
     6061.00  0.234266E+11 0.367756E+10 0.133986E+10 0.244289E+09
     6111.00  0.228395E+11 0.496153E+10 0.124878E+10 0.922371E+08
     6161.00  0.219570E+11 0.640059E+10 0.109423E+10 0.120639E+08
     6211.00  0.208090E+11 0.796248E+10 0.891370E+09 0.689685E+07
     6261.00  0.194325E+11 0.960897E+10 0.660988E+09 0.733421E+08
     6311.00  0.178696E+11 0.112975E+11 0.428276E+09 0.202127E+09
     6361.00  0.161660E+11 0.129828E+11 0.221300E+09 0.379151E+09
     6411.00  0.143695E+11 0.146190E+11 0.693554E+08 0.586831E+09
     6461.00  0.125286E+11 0.161609E+11 0.128295E+07 0.805640E+09
     6511.00  0.106905E+11 0.175660E+11 0.438373E+08 0.101570E+10
     6561.00  0.890015E+10 0.187959E+11 0.220199E+09 0.119835E+10
     6611.00  0.719898E+10 0.198177E+11 0.548701E+09 0.133754E+10
     6661.00  0.562383E+10 0.206047E+11 0.104181E+10 0.142102E+10
     6711.00  0.420623E+10 0.211374E+11 0.170545E+10 0.144123E+10
     6761.00  0.297181E+10 0.214037E+11 0.253858E+10 0.139585E+10
     6811.00  0.193996E+10 0.213997E+11 0.353320E+10 0.128807E+10
     6861.00  0.112369E+10 0.211287E+11 0.467455E+10 0.112639E+10
     6911.00  0.529710E+09 0.206016E+11 0.594172E+10 0.924250E+09
     6961.00  0.158635E+09 0.198356E+11 0.730843E+10 0.699266E+09
     7011.00  0.540598E+07 0.188542E+11 0.874402E+10 0.472314E+09
     7061.00  0.598072E+08 0.176857E+11 0.102146E+11 0.266413E+09
     7111.00  0.307090E+09 0.163621E+11 0.116844E+11 0.105530E+09
     7161.00  0.728677E+09 0.149186E+11 0.131167E+11 0.133387E+08
     7211.00  0.130291E+10 0.133919E+11 0.144758E+11 0.120169E+08
     7261.00  0.200581E+10 0.118194E+11 0.157273E+11 0.121134E+09
     7311.00  0.281188E+10 0.102379E+11 0.168400E+11 0.356674E+09
     7361.00  0.369482E+10 0.868287E+10 0.177865E+11 0.730239E+09
     7411.00  0.462823E+10 0.718748E+10 0.185441E+11 0.124847E+10
     7511.00  0.654430E+10 0.449211E+10 0.194280E+11 0.271866E+10
     7611.00  0.837011E+10 0.234528E+10 0.194204E+11 0.471297E+10
     7711.00  0.994789E+10 0.869853E+09 0.185425E+11 0.709789E+10
     7811.00  0.111613E+11 0.114280E+09 0.169000E+11 0.967886E+10
     7911.00  0.119395E+11 0.569926E+08 0.146655E+11 0.122268E+11
     8011.00  0.122557E+11 0.617124E+09 0.120561E+11 0.145078E+11
     8111.00  0.121233E+11 0.166950E+10 0.930690E+10 0.163125E+11
     8211.00  0.115879E+11 0.306168E+10 0.664662E+10 0.174796E+11
     8311.00  0.107190E+11 0.463105E+10 0.427604E+10 0.179127E+11
     8411.00  0.960047E+10 0.622021E+10 0.235199E+10 0.175874E+11
     8511.00  0.832192E+10 0.768965E+10 0.977540E+09 0.165506E+11
     8611.00  0.697102E+10 0.892679E+10 0.198719E+09 0.149107E+11
     8711.00  0.562735E+10 0.985137E+10 0.696775E+07 0.128230E+11
     8811.00  0.435801E+10 0.104171E+11 0.346403E+09 0.104713E+11
     8911.00  0.321502E+10 0.106104E+11 0.112437E+10 0.804792E+10
     9011.00  0.223423E+10 0.104465E+11 0.222384E+10 0.573605E+10
     9111.00  0.143577E+10 0.996412E+10 0.351616E+10 0.369372E+10
     9211.00  0.825420E+09 0.921872E+10 0.487300E+10 0.204274E+10
     9311.00  0.396799E+09 0.827621E+10 0.617653E+10 0.861890E+09
     9411.00  0.134008E+09 0.720644E+10 0.732721E+10 0.184987E+09
     9511.00  0.143927E+08 0.607768E+10 0.824894E+10 0.309302E+07
     9611.00  0.112447E+08 0.495223E+10 0.889153E+10 0.270176E+09
     9711.00  0.962447E+08 0.388313E+10 0.923074E+10 0.911183E+09
     9811.00  0.241532E+09 0.291219E+10 0.926645E+10 0.183148E+10
     9911.00  0.421333E+09 0.206906E+10 0.901905E+10 0.292658E+10
    10011.00  0.613131E+09 0.137140E+10 0.852510E+10 0.409141E+10
    10111.00  0.798383E+09 0.825816E+09 0.783233E+10 0.522819E+10
    10211.00  0.962850E+09 0.429304E+09 0.699477E+10 0.625274E+10
    10311.00  0.109658E+10 0.171151E+09 0.606819E+10 0.709879E+10
    10411.00  0.119365E+10 0.349345E+08 0.510615E+10 0.772025E+10
    10511.00  0.125165E+10 0.529873E+06 0.415688E+10 0.809176E+10
    10611.00  0.127115E+10 0.459798E+08 0.326107E+10 0.820752E+10
    10711.00  0.125503E+10 0.149120E+09 0.245050E+10 0.807896E+10
    10811.00  0.120784E+10 0.288907E+09 0.174754E+10 0.773154E+10
    10911.00  0.113516E+10 0.446427E+09 0.116532E+10 0.720105E+10
    11011.00  0.104311E+10 0.605571E+09 0.708474E+09 0.652981E+10
    11111.00  0.937841E+09 0.753416E+09 0.374265E+09 0.576299E+10
    11211.00  0.825181E+09 0.880342E+09 0.154016E+09 0.494538E+10
    11311.00  0.710383E+09 0.979925E+09 0.346149E+08 0.411865E+10
    11411.00  0.597931E+09 0.104867E+10 0.308178E+05 0.331931E+10
    11511.00  0.491449E+09 0.108562E+10 0.327295E+08 0.257730E+10
    11611.00  0.393668E+09 0.109191E+10 0.114917E+09 0.191528E+10
    11711.00  0.306458E+09 0.107028E+10 0.229568E+09 0.134842E+10
    11811.00  0.230897E+09 0.102460E+10 0.361221E+09 0.884754E+09
    11911.00  0.167369E+09 0.959431E+09 0.496530E+09 0.525851E+09
    12011.00  0.115678E+09 0.879636E+09 0.624592E+09 0.267808E+09
    12111.00  0.751724E+08 0.790043E+09 0.737078E+09 0.102356E+09
    12211.00  0.448636E+08 0.695196E+09 0.828186E+09 0.180501E+08
    12311.00  0.235400E+08 0.599165E+09 0.894473E+09 0.142183E+07
    12411.00  0.986719E+07 0.505417E+09 0.934576E+09 0.380499E+08
    12511.00  0.247419E+07 0.416755E+09 0.948892E+09 0.113488E+09
    12611.00  0.228083E+05 0.335296E+09 0.939203E+09 0.214029E+09
    12711.00  0.126123E+07 0.262494E+09 0.908315E+09 0.327288E+09
    12811.00  0.506197E+07 0.199196E+09 0.859714E+09 0.442606E+09
    12911.00  0.104457E+08 0.145711E+09 0.797238E+09 0.551287E+09
    13011.00  0.165933E+08 0.101902E+09 0.724818E+09 0.646678E+09
    13111.00  0.228471E+08 0.672691E+08 0.646249E+09 0.724139E+09
    13211.00  0.287051E+08 0.410486E+08 0.565020E+09 0.780892E+09
    13311.00  0.338085E+08 0.222931E+08 0.484193E+09 0.815820E+09
    13411.00  0.379259E+08 0.995042E+07 0.406332E+09 0.829203E+09
    13511.00  0.409343E+08 0.293012E+07 0.333462E+09 0.822439E+09
    13611.00  0.428007E+08 0.157972E+06 0.267078E+09 0.797761E+09
    13711.00  0.435618E+08 0.618847E+06 0.208165E+09 0.757960E+09
    13811.00  0.433069E+08 0.338806E+07 0.157246E+09 0.706141E+09
    13911.00  0.421611E+08 0.765207E+07 0.114448E+09 0.645509E+09
    14011.00  0.402708E+08 0.127199E+08 0.795623E+08 0.579182E+09
    14111.00  0.377920E+08 0.180264E+08 0.521197E+08 0.510062E+09
    14211.00  0.348807E+08 0.231300E+08 0.314584E+08 0.440727E+09
    14311.00  0.316846E+08 0.277040E+08 0.167879E+08 0.373366E+09
    14411.00  0.283386E+08 0.315262E+08 0.724750E+07 0.309750E+09
    14511.00  0.249609E+08 0.344652E+08 0.195508E+07 0.251221E+09
    14611.00  0.216508E+08 0.364657E+08 0.478580E+05 0.198707E+09
    14711.00  0.184884E+08 0.375342E+08 0.713968E+06 0.152758E+09
    14811.00  0.155346E+08 0.377243E+08 0.321544E+07 0.113587E+09
    14911.00  0.128325E+08 0.371241E+08 0.690331E+07 0.811226E+08
    15011.00  0.104091E+08 0.358439E+08 0.112258E+08 0.550608E+08
    15111.00  0.827734E+07 0.340065E+08 0.157307E+08 0.349223E+08
    15211.00  0.643815E+07 0.317383E+08 0.200629E+08 0.201029E+08
    15311.00  0.488302E+07 0.291631E+08 0.239582E+08 0.992163E+07
    15411.00  0.359598E+07 0.263967E+08 0.272350E+08 0.366157E+07
    15511.00  0.255570E+07 0.235432E+08 0.297838E+08 0.605627E+06
    15611.00  0.173737E+07 0.206931E+08 0.315560E+08 0.645249E+05
    15711.00  0.111420E+07 0.179215E+08 0.325524E+08 0.139850E+07
    15811.00  0.658833E+06 0.152884E+08 0.328128E+08 0.403256E+07
    15911.00  0.344371E+06 0.128393E+08 0.324050E+08 0.746612E+07
    16011.00  0.145242E+06 0.106053E+08 0.314160E+08 0.112775E+08
    16111.00  0.377920E+05 0.860561E+07 0.299437E+08 0.151246E+08
    16211.00  0.698023E+03 0.684844E+07 0.280906E+08 0.187416E+08
    16311.00  0.152025E+05 0.533301E+07 0.259578E+08 0.219340E+08
    16411.00  0.652043E+05 0.405126E+07 0.236411E+08 0.245712E+08
    16511.00  0.137233E+06 0.298953E+07 0.212279E+08 0.265782E+08
    16611.00  0.220332E+06 0.213011E+07 0.187950E+08 0.279267E+08
    16711.00  0.305878E+06 0.145263E+07 0.164077E+08 0.286262E+08
    16811.00  0.387355E+06 0.935319E+06 0.141190E+08 0.287157E+08
    16911.00  0.460102E+06 0.555962E+06 0.119702E+08 0.282552E+08
    17011.00  0.521048E+06 0.292774E+06 0.999126E+07 0.273193E+08
    17111.00  0.568455E+06 0.125023E+06 0.820177E+07 0.259902E+08
    17211.00  0.601664E+06 0.335029E+05 0.661226E+07 0.243530E+08
    17311.00  0.620858E+06 0.851903E+03 0.522540E+07 0.224913E+08
    17411.00  0.626862E+06 0.117415E+05 0.403743E+07 0.204838E+08
    17511.00  0.620944E+06 0.529510E+05 0.303942E+07 0.184023E+08
    17611.00  0.604666E+06 0.113353E+06 0.221855E+07 0.163098E+08
    17711.00  0.579744E+06 0.183832E+06 0.155931E+07 0.142597E+08
    17811.00  0.547942E+06 0.257144E+06 0.104444E+07 0.122955E+08
    17911.00  0.510988E+06 0.327747E+06 0.655904E+06 0.104510E+08
    18011.00  0.470507E+06 0.391610E+06 0.375567E+06 0.875076E+07
    18111.00  0.427980E+06 0.446004E+06 0.185817E+06 0.721093E+07
    18211.00  0.384710E+06 0.489301E+06 0.700196E+05 0.584015E+07
    18311.00  0.341812E+06 0.520778E+06 0.128519E+05 0.464070E+07
    18411.00  0.300203E+06 0.540428E+06 0.525271E+03 0.360952E+07
    18511.00  0.260610E+06 0.548793E+06 0.209112E+05 0.273929E+07
    18611.00  0.223579E+06 0.546818E+06 0.635857E+05 0.201953E+07
    18711.00  0.189492E+06 0.535713E+06 0.119808E+06 0.143745E+07
    18811.00  0.158581E+06 0.516848E+06 0.182446E+06 0.978818E+06
    18911.00  0.130954E+06 0.491659E+06 0.245864E+06 0.628712E+06
    19011.00  0.106610E+06 0.461580E+06 0.305785E+06 0.372091E+06
    19111.00  0.854610E+05 0.427979E+06 0.359133E+06 0.194293E+06
    19311.00  0.520817E+05 0.355150E+06 0.438835E+06 0.206129E+05
    19511.00  0.290713E+05 0.281657E+06 0.478240E+06 0.997917E+04
    19711.00  0.143406E+05 0.213561E+06 0.479808E+06 0.855155E+05
    19911.00  0.579728E+04 0.154564E+06 0.451105E+06 0.191864E+06
    20111.00  0.156423E+04 0.106354E+06 0.401683E+06 0.293147E+06
    20311.00  0.929754E+02 0.690802E+05 0.340945E+06 0.369466E+06
    20511.00  0.198461E+03 0.418453E+05 0.276884E+06 0.412901E+06
    20711.00  0.104006E+04 0.231493E+05 0.215503E+06 0.423674E+06
    20911.00  0.207153E+04 0.112481E+05 0.160731E+06 0.406861E+06
    21111.00  0.297784E+04 0.441369E+04 0.114650E+06 0.369812E+06
    21311.00  0.361121E+04 0.110097E+04 0.778788E+05 0.320312E+06
    21511.00  0.393464E+04 0.359249E+02 0.499967E+05 0.265400E+06
    21711.00  0.397622E+04 0.242416E+03 0.299465E+05 0.210729E+06
    21911.00  0.379558E+04 0.102730E+04 0.163618E+05 0.160335E+06
    22111.00  0.346139E+04 0.194054E+04 0.781184E+04 0.116692E+06
    22311.00  0.303778E+04 0.272404E+04 0.296274E+04 0.809254E+05
    22511.00  0.257773E+04 0.325943E+04 0.668010E+03 0.531213E+05
    22711.00  0.212080E+04 0.352099E+04 0.529385E+01 0.326439E+05
    22911.00  0.169385E+04 0.353746E+04 0.275917E+03 0.184320E+05
    23111.00  0.131300E+04 0.336344E+04 0.982123E+03 0.924337E+04
    23311.00  0.986046E+03 0.306017E+04 0.179351E+04 0.383720E+04
    23511.00  0.714877E+03 0.268397E+04 0.251068E+04 0.109513E+04
    23711.00  0.497384E+03 0.228053E+04 0.303107E+04 0.871482E+02
    23911.00  0.329024E+03 0.188331E+04 0.331961E+04 0.941405E+02
    24111.00  0.203885E+03 0.151430E+04 0.338494E+04 0.599331E+03
    24311.00  0.115444E+03 0.118608E+04 0.326130E+04 0.126085E+04
    24511.00  0.570454E+02 0.904104E+03 0.299508E+04 0.187554E+04
    24711.00  0.222447E+02 0.669003E+03 0.263559E+04 0.234164E+04
    24911.00  0.503311E+01 0.478370E+03 0.222878E+04 0.262535E+04
    25111.00  0.189798E-01 0.328123E+03 0.181360E+04 0.273374E+04
    25311.00  0.256598E+01 0.213414E+03 0.142002E+04 0.269489E+04
    25511.00  0.889483E+01 0.129182E+03 0.106863E+04 0.254444E+04
    25711.00  0.161381E+02 0.704535E+02 0.771124E+03 0.231774E+04
    25911.00  0.223381E+02 0.324870E+02 0.531591E+03 0.204570E+04
    26111.00  0.263826E+02 0.108349E+02 0.348166E+03 0.175345E+04
    26311.00  0.278811E+02 0.138488E+01 0.214863E+03 0.146026E+04
    26511.00  0.269979E+02 0.407523E+00 0.123360E+03 0.118037E+04
    26711.00  0.242586E+02 0.462191E+01 0.645221E+02 0.923793E+03
    26911.00  0.203617E+02 0.112719E+02 0.295925E+02 0.697180E+03
 K.E.IE==>     12           13           14           15
        1.00  0.000000E+00 0.000000E+00 0.000000E+00 0.000000E+00
        2.00  0.000000E+00 0.000000E+00 0.000000E+00 0.000000E+00
        3.00  0.000000E+00 0.000000E+00 0.000000E+00 0.000000E+00
        4.00  0.000000E+00 0.000000E+00 0.000000E+00 0.000000E+00
        5.00  0.000000E+00 0.000000E+00 0.000000E+00 0.000000E+00
        6.00  0.000000E+00 0.000000E+00 0.000000E+00 0.000000E+00
        7.00  0.000000E+00 0.000000E+00 0.000000E+00 0.568825E-37
        8.00  0.000000E+00 0.570355E-37 0.292236E-36 0.148052E-35
        9.00  0.194101E-36 0.101080E-35 0.517532E-35 0.261991E-34
       10.00  0.253902E-35 0.132130E-34 0.676022E-34 0.341961E-33
       11.00  0.259638E-34 0.135022E-33 0.690314E-33 0.348923E-32
       12.00  0.216654E-33 0.112591E-32 0.575216E-32 0.290523E-31
       13.00  0.152412E-32 0.791507E-32 0.404079E-31 0.203931E-30
       14.00  0.927092E-32 0.481126E-31 0.245445E-30 0.123776E-29
       15.00  0.497509E-31 0.258010E-30 0.131527E-29 0.662774E-29
       16.00  0.239377E-30 0.124056E-29 0.631948E-29 0.318198E-28
       17.00  0.104645E-29 0.541943E-29 0.275868E-28 0.138799E-27
       18.00  0.420219E-29 0.217475E-28 0.110622E-27 0.556147E-27
       19.00  0.156437E-28 0.809044E-28 0.411233E-27 0.206587E-26
       20.00  0.544112E-28 0.281203E-27 0.142830E-26 0.716969E-26
       21.00  0.177993E-27 0.919249E-27 0.466569E-26 0.234026E-25
       22.00  0.550759E-27 0.284244E-26 0.144164E-25 0.722555E-25
       23.00  0.162000E-26 0.835491E-26 0.423440E-25 0.212066E-24
       24.00  0.454917E-26 0.234455E-25 0.118739E-24 0.594206E-24
       25.00  0.122423E-25 0.630504E-25 0.319083E-24 0.159556E-23
       26.00  0.316777E-25 0.163034E-24 0.824473E-24 0.411958E-23
       27.00  0.790483E-25 0.406551E-24 0.205446E-23 0.102574E-22
       28.00  0.190733E-24 0.980273E-24 0.495008E-23 0.246956E-22
       29.00  0.446045E-24 0.229086E-23 0.115597E-22 0.576259E-22
       30.00  0.101314E-23 0.519982E-23 0.262192E-22 0.130604E-21
       31.00  0.223941E-23 0.114855E-22 0.578713E-22 0.288048E-21
       32.00  0.482524E-23 0.247305E-22 0.124517E-21 0.619292E-21
       33.00  0.101510E-22 0.519900E-22 0.261576E-21 0.129996E-20
       34.00  0.208795E-22 0.106864E-21 0.537268E-21 0.266801E-20
       35.00  0.420461E-22 0.215047E-21 0.108038E-20 0.536089E-20
       36.00  0.829928E-22 0.424175E-21 0.212946E-20 0.105583E-19
       37.00  0.160746E-21 0.821002E-21 0.411861E-20 0.204052E-19
       38.00  0.305821E-21 0.156087E-20 0.782449E-20 0.387356E-19
       39.00  0.572033E-21 0.291755E-20 0.146147E-19 0.722948E-19
       40.00  0.105288E-20 0.536626E-20 0.268611E-19 0.132772E-18
       42.00  0.340919E-20 0.173517E-19 0.867274E-19 0.428022E-18
       44.00  0.104417E-19 0.530705E-19 0.264869E-18 0.130517E-17
       46.00  0.304004E-19 0.154297E-18 0.768949E-18 0.378322E-17
       48.00  0.844997E-19 0.428278E-18 0.213122E-17 0.104693E-16
       50.00  0.225082E-18 0.113921E-17 0.566068E-17 0.277642E-16
       52.00  0.576484E-18 0.291369E-17 0.144567E-16 0.707962E-16
       54.00  0.142390E-17 0.718669E-17 0.356053E-16 0.174093E-15
       56.00  0.340069E-17 0.171398E-16 0.847918E-16 0.413947E-15
       58.00  0.787175E-17 0.396190E-16 0.195708E-15 0.953948E-15
       60.00  0.176976E-16 0.889484E-16 0.438737E-15 0.213522E-14
       62.00  0.387194E-16 0.194331E-15 0.957124E-15 0.465083E-14
       64.00  0.825778E-16 0.413874E-15 0.203541E-14 0.987500E-14
       66.00  0.171950E-15 0.860589E-15 0.422608E-14 0.204713E-13
       68.00  0.350076E-15 0.174963E-14 0.857921E-14 0.414932E-13
       70.00  0.697774E-15 0.348248E-14 0.170509E-13 0.823374E-13
       72.00  0.136325E-14 0.679421E-14 0.332165E-13 0.160150E-12
       74.00  0.261350E-14 0.130069E-13 0.634960E-13 0.305660E-12
       76.00  0.492146E-14 0.244587E-13 0.119223E-12 0.573026E-12
       78.00  0.911155E-14 0.452189E-13 0.220092E-12 0.105618E-11
       80.00  0.165993E-13 0.822633E-13 0.399803E-12 0.191557E-11
       82.00  0.297808E-13 0.147380E-12 0.715209E-12 0.342139E-11
       84.00  0.526559E-13 0.260217E-12 0.126091E-11 0.602246E-11
       86.00  0.918169E-13 0.453104E-12 0.219231E-11 0.104546E-10
       88.00  0.157994E-12 0.778576E-12 0.376148E-11 0.179094E-10
       90.00  0.268445E-12 0.132100E-11 0.637256E-11 0.302939E-10
       92.00  0.450624E-12 0.221435E-11 0.106662E-10 0.506253E-10
       94.00  0.747721E-12 0.366908E-11 0.176471E-10 0.836270E-10
       96.00  0.122700E-11 0.601237E-11 0.288745E-10 0.136616E-09
       98.00  0.199217E-11 0.974792E-11 0.467447E-10 0.220819E-09
      100.00  0.320164E-11 0.156438E-10 0.749054E-10 0.353290E-09
      102.00  0.509516E-11 0.248606E-10 0.118859E-09 0.559714E-09
      104.00  0.803248E-11 0.391368E-10 0.186835E-09 0.878425E-09
      106.00  0.125488E-10 0.610550E-10 0.291035E-09 0.136617E-08
      108.00  0.194341E-10 0.944204E-10 0.449406E-09 0.210625E-08
      110.00  0.298452E-10 0.144797E-09 0.688145E-09 0.322006E-08
      112.00  0.454638E-10 0.220257E-09 0.104520E-08 0.488311E-08
      114.00  0.687165E-10 0.332435E-09 0.157516E-08 0.734738E-08
      116.00  0.103081E-09 0.497973E-09 0.235599E-08 0.109721E-07
      118.00  0.153509E-09 0.740527E-09 0.349828E-08 0.162661E-07
      122.00  0.333402E-09 0.160374E-08 0.755340E-08 0.350098E-07
      126.00  0.705269E-09 0.338282E-08 0.158847E-07 0.733909E-07
      130.00  0.145548E-08 0.696124E-08 0.325894E-07 0.150091E-06
      134.00  0.293476E-08 0.139961E-07 0.653258E-07 0.299901E-06
      138.00  0.578953E-08 0.275317E-07 0.128114E-06 0.586273E-06
      142.00  0.111882E-07 0.530520E-07 0.246122E-06 0.112270E-05
      146.00  0.212042E-07 0.100257E-06 0.463708E-06 0.210846E-05
      150.00  0.394534E-07 0.186005E-06 0.857700E-06 0.388742E-05
      154.00  0.721388E-07 0.339121E-06 0.155900E-05 0.704328E-05
      158.00  0.129737E-06 0.608130E-06 0.278718E-05 0.125515E-04
      162.00  0.229685E-06 0.107351E-05 0.490514E-05 0.220181E-04
      166.00  0.400594E-06 0.186691E-05 0.850431E-05 0.380510E-04
      170.00  0.688796E-06 0.320073E-05 0.145357E-04 0.648274E-04
      174.00  0.116836E-05 0.541345E-05 0.245093E-04 0.108955E-03
      178.00  0.195627E-05 0.903782E-05 0.407933E-04 0.180757E-03
      182.00  0.323516E-05 0.149028E-04 0.670592E-04 0.296178E-03
      186.00  0.528705E-05 0.242840E-04 0.108937E-03 0.479573E-03
      190.00  0.854277E-05 0.391236E-04 0.174966E-03 0.767750E-03
      194.00  0.136539E-04 0.623490E-04 0.277974E-03 0.121577E-02
      198.00  0.215965E-04 0.983302E-04 0.437038E-03 0.190523E-02
      202.00  0.338188E-04 0.153530E-03 0.680265E-03 0.295587E-02
      206.00  0.524508E-04 0.237419E-03 0.104871E-02 0.454190E-02
      210.00  0.805981E-04 0.363762E-03 0.160179E-02 0.691455E-02
      214.00  0.122751E-03 0.552394E-03 0.242484E-02 0.104331E-01
      218.00  0.185352E-03 0.831676E-03 0.363940E-02 0.156075E-01
      222.00  0.277568E-03 0.124185E-02 0.541726E-02 0.231555E-01
      226.00  0.412345E-03 0.183960E-02 0.799940E-02 0.340805E-01
      230.00  0.607777E-03 0.270437E-02 0.117213E-01 0.497752E-01
      234.00  0.870204E-03 0.398671E-02 0.169725E-01 0.722817E-01
      238.00  0.129342E-02 0.571322E-02 0.246233E-01 0.103845E+00
      242.00  0.186575E-02 0.821977E-02 0.353093E-01 0.148427E+00
      246.00  0.267377E-02 0.117459E-01 0.502954E-01 0.210724E+00
      250.00  0.380707E-02 0.166757E-01 0.711778E-01 0.297226E+00
      254.00  0.538681E-02 0.235256E-01 0.100098E+00 0.416599E+00
      258.00  0.757578E-02 0.329874E-01 0.139912E+00 0.580358E+00
      262.00  0.105915E-01 0.459817E-01 0.194408E+00 0.803711E+00
      266.00  0.147231E-01 0.637278E-01 0.268584E+00 0.110664E+01
      270.00  0.203530E-01 0.878324E-01 0.369000E+00 0.151528E+01
      274.00  0.279840E-01 0.120402E+00 0.504223E+00 0.206359E+01
      282.00  0.520844E-01 0.222749E+00 0.926906E+00 0.376793E+01
      290.00  0.950397E-01 0.404007E+00 0.167044E+01 0.674453E+01
      298.00  0.170203E+00 0.719148E+00 0.295442E+01 0.118478E+02
      306.00  0.299448E+00 0.125757E+01 0.513322E+01 0.204451E+02
      314.00  0.518040E+00 0.216233E+01 0.876953E+01 0.346896E+02
      322.00  0.881973E+00 0.365894E+01 0.147433E+02 0.579204E+02
      330.00  0.147890E+01 0.609778E+01 0.244112E+02 0.952415E+02
      338.00  0.244416E+01 0.100158E+02 0.398356E+02 0.154348E+03
      346.00  0.398401E+01 0.162253E+02 0.641115E+02 0.246686E+03
      354.00  0.640889E+01 0.259396E+02 0.101825E+03 0.389072E+03
      362.00  0.101805E+02 0.409494E+02 0.159689E+03 0.605913E+03
      370.00  0.159778E+02 0.638680E+02 0.247423E+03 0.932224E+03
      378.00  0.247883E+02 0.984679E+02 0.378939E+03 0.141770E+04
      386.00  0.380340E+02 0.150138E+03 0.573948E+03 0.213211E+04
      394.00  0.577410E+02 0.226498E+03 0.860092E+03 0.317242E+04
      402.00  0.867699E+02 0.338222E+03 0.127576E+04 0.467211E+04
      410.00  0.129121E+03 0.500119E+03 0.187377E+04 0.681312E+04
      418.00  0.190340E+03 0.732555E+03 0.272614E+04 0.984127E+04
      426.00  0.278049E+03 0.106330E+04 0.393024E+04 0.140858E+05
      434.00  0.402642E+03 0.152992E+04 0.561660E+04 0.199840E+05
      442.00  0.578172E+03 0.218279E+04 0.795883E+04 0.281120E+05
      450.00  0.823508E+03 0.308899E+04 0.111860E+05 0.392228E+05
      458.00  0.116378E+04 0.433715E+04 0.155981E+05 0.542928E+05
      466.00  0.163224E+04 0.604353E+04 0.215851E+05 0.745794E+05
      474.00  0.227255E+04 0.835961E+04 0.296507E+05 0.101690E+06
      482.00  0.314173E+04 0.114814E+05 0.404404E+05 0.137665E+06
      490.00  0.431368E+04 0.156609E+05 0.547770E+05 0.185079E+06
      498.00  0.588363E+04 0.212201E+05 0.737015E+05 0.247157E+06
      506.00  0.797357E+04 0.285677E+05 0.985236E+05 0.327912E+06
      514.00  0.107388E+05 0.382197E+05 0.130880E+06 0.432313E+06
      522.00  0.143758E+05 0.508233E+05 0.172806E+06 0.566466E+06
      530.00  0.191320E+05 0.671863E+05 0.226816E+06 0.737842E+06
      538.00  0.253174E+05 0.883112E+05 0.296000E+06 0.955522E+06
      546.00  0.333180E+05 0.115435E+06 0.384136E+06 0.123049E+07
      554.00  0.436120E+05 0.150079E+06 0.495816E+06 0.157594E+07
      562.00  0.567894E+05 0.194098E+06 0.636595E+06 0.200767E+07
      570.00  0.735739E+05 0.249751E+06 0.813159E+06 0.254447E+07
      578.00  0.948494E+05 0.319767E+06 0.103351E+07 0.320858E+07
      586.00  0.121691E+06 0.407437E+06 0.130719E+07 0.402620E+07
      596.00  0.165075E+06 0.547926E+06 0.174172E+07 0.531136E+07
      606.00  0.222347E+06 0.731625E+06 0.230408E+07 0.695616E+07
      616.00  0.297444E+06 0.970193E+06 0.302688E+07 0.904654E+07
      626.00  0.395269E+06 0.127797E+07 0.394968E+07 0.116852E+08
      636.00  0.521894E+06 0.167250E+07 0.512016E+07 0.149938E+08
      646.00  0.684790E+06 0.217507E+07 0.659543E+07 0.191159E+08
      656.00  0.893093E+06 0.281140E+07 0.844343E+07 0.242193E+08
      666.00  0.115792E+07 0.361237E+07 0.107445E+08 0.304992E+08
      676.00  0.149270E+07 0.461479E+07 0.135931E+08 0.381808E+08
      686.00  0.191360E+07 0.586235E+07 0.170995E+08 0.475226E+08
      696.00  0.243994E+07 0.740656E+07 0.213915E+08 0.588187E+08
      706.00  0.309470E+07 0.930784E+07 0.266170E+08 0.724025E+08
      716.00  0.390507E+07 0.116367E+08 0.329454E+08 0.886486E+08
      726.00  0.490311E+07 0.144748E+08 0.405700E+08 0.107976E+09
      736.00  0.612632E+07 0.179168E+08 0.497101E+08 0.130850E+09
      746.00  0.761849E+07 0.220709E+08 0.606130E+08 0.157783E+09
      756.00  0.943037E+07 0.270609E+08 0.735561E+08 0.189338E+09
      766.00  0.116206E+08 0.330277E+08 0.888483E+08 0.226127E+09
      776.00  0.142565E+08 0.401303E+08 0.106833E+09 0.268812E+09
      786.00  0.174153E+08 0.485477E+08 0.127887E+09 0.318102E+09
      796.00  0.211848E+08 0.584806E+08 0.152426E+09 0.374757E+09
      806.00  0.256646E+08 0.701523E+08 0.180901E+09 0.439579E+09
      816.00  0.309672E+08 0.838107E+08 0.213803E+09 0.513410E+09
      826.00  0.372191E+08 0.997289E+08 0.251659E+09 0.597129E+09
      836.00  0.445618E+08 0.118207E+09 0.295033E+09 0.691641E+09
      846.00  0.531528E+08 0.139572E+09 0.344526E+09 0.797875E+09
      856.00  0.631672E+08 0.164181E+09 0.400774E+09 0.916771E+09
      866.00  0.747984E+08 0.192419E+09 0.464446E+09 0.104927E+10
      876.00  0.882590E+08 0.224701E+09 0.536238E+09 0.119631E+10
      886.00  0.103782E+09 0.261469E+09 0.616872E+09 0.135881E+10
      896.00  0.121622E+09 0.303197E+09 0.707088E+09 0.153762E+10
      906.00  0.142054E+09 0.350384E+09 0.807642E+09 0.173358E+10
      916.00  0.165376E+09 0.403555E+09 0.919295E+09 0.194744E+10
      926.00  0.191910E+09 0.463262E+09 0.104281E+10 0.217987E+10
      936.00  0.222000E+09 0.530077E+09 0.117894E+10 0.243144E+10
      946.00  0.256013E+09 0.604593E+09 0.132842E+10 0.270259E+10
      956.00  0.294338E+09 0.687416E+09 0.149196E+10 0.299364E+10
      966.00  0.337387E+09 0.779164E+09 0.167022E+10 0.330474E+10
      976.00  0.385593E+09 0.880464E+09 0.186382E+10 0.363586E+10
      986.00  0.439409E+09 0.991939E+09 0.207332E+10 0.398679E+10
      996.00  0.499306E+09 0.111421E+10 0.229919E+10 0.435711E+10
     1006.00  0.565771E+09 0.124790E+10 0.254182E+10 0.474619E+10
     1016.00  0.639308E+09 0.139358E+10 0.280151E+10 0.515317E+10
     1026.00  0.720431E+09 0.155183E+10 0.307843E+10 0.557694E+10
     1036.00  0.809660E+09 0.172319E+10 0.337264E+10 0.601613E+10
     1046.00  0.907524E+09 0.190813E+10 0.368404E+10 0.646912E+10
     1056.00  0.101455E+10 0.210710E+10 0.401240E+10 0.693405E+10
     1066.00  0.113126E+10 0.232048E+10 0.435732E+10 0.740877E+10
     1076.00  0.125817E+10 0.254856E+10 0.471822E+10 0.789093E+10
     1086.00  0.139579E+10 0.279158E+10 0.509436E+10 0.837789E+10
     1096.00  0.154459E+10 0.304968E+10 0.548480E+10 0.886680E+10
     1106.00  0.170505E+10 0.332290E+10 0.588842E+10 0.935460E+10
     1116.00  0.187757E+10 0.361116E+10 0.630390E+10 0.983802E+10
     1126.00  0.206256E+10 0.391427E+10 0.672969E+10 0.103136E+11
     1136.00  0.226034E+10 0.423193E+10 0.716409E+10 0.107778E+11
     1146.00  0.247122E+10 0.456368E+10 0.760517E+10 0.112269E+11
     1156.00  0.269542E+10 0.490893E+10 0.805083E+10 0.116570E+11
     1166.00  0.293311E+10 0.526696E+10 0.849878E+10 0.120645E+11
     1176.00  0.318438E+10 0.563687E+10 0.894656E+10 0.124455E+11
     1186.00  0.344924E+10 0.601761E+10 0.939156E+10 0.127961E+11
     1196.00  0.372761E+10 0.640798E+10 0.983101E+10 0.131127E+11
     1206.00  0.401931E+10 0.680662E+10 0.102620E+11 0.133917E+11
     1216.00  0.432407E+10 0.721198E+10 0.106816E+11 0.136298E+11
     1226.00  0.464150E+10 0.762238E+10 0.110867E+11 0.138237E+11
     1236.00  0.497111E+10 0.803600E+10 0.114742E+11 0.139705E+11
     1246.00  0.531229E+10 0.845082E+10 0.118410E+11 0.140678E+11
     1256.00  0.566430E+10 0.886474E+10 0.121839E+11 0.141133E+11
     1266.00  0.602630E+10 0.927548E+10 0.124999E+11 0.141051E+11
     1276.00  0.639731E+10 0.968065E+10 0.127859E+11 0.140421E+11
     1286.00  0.677621E+10 0.100778E+11 0.130392E+11 0.139232E+11
     1296.00  0.716179E+10 0.104642E+11 0.132569E+11 0.137480E+11
     1306.00  0.755269E+10 0.108374E+11 0.134364E+11 0.135168E+11
     1316.00  0.794745E+10 0.111944E+11 0.135756E+11 0.132303E+11
     1326.00  0.834450E+10 0.115327E+11 0.136724E+11 0.128898E+11
     1336.00  0.874216E+10 0.118493E+11 0.137249E+11 0.124970E+11
     1346.00  0.913866E+10 0.121416E+11 0.137318E+11 0.120544E+11
     1356.00  0.953215E+10 0.124066E+11 0.136921E+11 0.115649E+11
     1366.00  0.992071E+10 0.126416E+11 0.136052E+11 0.110320E+11
     1376.00  0.103024E+11 0.128439E+11 0.134708E+11 0.104596E+11
     1386.00  0.106752E+11 0.130107E+11 0.132894E+11 0.985228E+10
     1396.00  0.110373E+11 0.131395E+11 0.130617E+11 0.921475E+10
     1406.00  0.113867E+11 0.132276E+11 0.127894E+11 0.855223E+10
     1416.00  0.117216E+11 0.132723E+11 0.124744E+11 0.787015E+10
     1426.00  0.120407E+11 0.132709E+11 0.121198E+11 0.717408E+10
     1436.00  0.123428E+11 0.132204E+11 0.117295E+11 0.646961E+10
     1446.00  0.126274E+11 0.131169E+11 0.113086E+11 0.576212E+10
     1456.00  0.128953E+11 0.129557E+11 0.108643E+11 0.505641E+10
     1466.00  0.131493E+11 0.127292E+11 0.104071E+11 0.435616E+10
     1476.00  0.133967E+11 0.124245E+11 0.995324E+10 0.366267E+10
     1486.00  0.136548E+11 0.120155E+11 0.953336E+10 0.297192E+10
     1496.00  0.139694E+11 0.114397E+11 0.921720E+10 0.226632E+10
     1506.00  0.144958E+11 0.104979E+11 0.922988E+10 0.148388E+10
     1516.00  0.162445E+11 0.806010E+10 0.110784E+11 0.374085E+09
     1526.00  0.536272E+10 0.303084E+11 0.413058E+06 0.147934E+11
     1536.00  0.114674E+11 0.138909E+11 0.358465E+10 0.233237E+10
     1546.00  0.121340E+11 0.121181E+11 0.384780E+10 0.127877E+10
     1556.00  0.122952E+11 0.111369E+11 0.360046E+10 0.754254E+09
     1566.00  0.122770E+11 0.103578E+11 0.320881E+10 0.415255E+09
     1576.00  0.121580E+11 0.965086E+10 0.277056E+10 0.190583E+09
     1586.00  0.119673E+11 0.897295E+10 0.232544E+10 0.563760E+08
     1596.00  0.117184E+11 0.830763E+10 0.189436E+10 0.193793E+07
     1606.00  0.114191E+11 0.764886E+10 0.149052E+10 0.210067E+08
     1616.00  0.110744E+11 0.699539E+10 0.112327E+10 0.108820E+09
     1626.00  0.106886E+11 0.634853E+10 0.799782E+09 0.260941E+09
     1636.00  0.102653E+11 0.571099E+10 0.525719E+09 0.472741E+09
     1646.00  0.980798E+10 0.508633E+10 0.305627E+09 0.739157E+09
     1656.00  0.932016E+10 0.447865E+10 0.143085E+09 0.105459E+10
     1666.00  0.880557E+10 0.389230E+10 0.407912E+08 0.141289E+10
     1676.00  0.826808E+10 0.333177E+10 0.602106E+06 0.180735E+10
     1686.00  0.771181E+10 0.280159E+10 0.235446E+08 0.223075E+10
     1696.00  0.714107E+10 0.230617E+10 0.109822E+09 0.267547E+10
     1706.00  0.656041E+10 0.184977E+10 0.258813E+09 0.313351E+10
     1716.00  0.597458E+10 0.143639E+10 0.469082E+09 0.359663E+10
     1726.00  0.538849E+10 0.106970E+10 0.738375E+09 0.405645E+10
     1736.00  0.480721E+10 0.753011E+09 0.106365E+10 0.450454E+10
     1746.00  0.423593E+10 0.489160E+09 0.144107E+10 0.493259E+10
     1756.00  0.367992E+10 0.280488E+09 0.186607E+10 0.533249E+10
     1766.00  0.314448E+10 0.128775E+09 0.233337E+10 0.569647E+10
     1776.00  0.263489E+10 0.351950E+08 0.283703E+10 0.601725E+10
     1786.00  0.215638E+10 0.267678E+06 0.337050E+10 0.628815E+10
     1796.00  0.171406E+10 0.238256E+08 0.392670E+10 0.650322E+10
     1806.00  0.131286E+10 0.104980E+09 0.449806E+10 0.665736E+10
     1816.00  0.957492E+09 0.242098E+09 0.507667E+10 0.674644E+10
     1826.00  0.652382E+09 0.432782E+09 0.565427E+10 0.676740E+10
     1836.00  0.401600E+09 0.673862E+09 0.622246E+10 0.671838E+10
     1846.00  0.208803E+09 0.961390E+09 0.677269E+10 0.659875E+10
     1856.00  0.771741E+08 0.129065E+10 0.729648E+10 0.640923E+10
     1866.00  0.935316E+07 0.165618E+10 0.778544E+10 0.615198E+10
     1876.00  0.737199E+07 0.205177E+10 0.823144E+10 0.583056E+10
     1886.00  0.725887E+08 0.247055E+10 0.862673E+10 0.545005E+10
     1896.00  0.205621E+09 0.290497E+10 0.896402E+10 0.501703E+10
     1906.00  0.406278E+09 0.334691E+10 0.923665E+10 0.453957E+10
     1916.00  0.673494E+09 0.378774E+10 0.943869E+10 0.402724E+10
     1926.00  0.100526E+10 0.421837E+10 0.956507E+10 0.349103E+10
     1936.00  0.139856E+10 0.462941E+10 0.961170E+10 0.294334E+10
     1946.00  0.184928E+10 0.501123E+10 0.957557E+10 0.239786E+10
     1956.00  0.235219E+10 0.535413E+10 0.945492E+10 0.186949E+10
     1966.00  0.290082E+10 0.564846E+10 0.924928E+10 0.137415E+10
     1976.00  0.348742E+10 0.588487E+10 0.895965E+10 0.928694E+09
     1986.00  0.410292E+10 0.605446E+10 0.858855E+10 0.550613E+09
     1996.00  0.473682E+10 0.614905E+10 0.814012E+10 0.257837E+09
     2006.00  0.537721E+10 0.616148E+10 0.762024E+10 0.683924E+08
     2016.00  0.601070E+10 0.608598E+10 0.703658E+10 0.158798E+05
     2026.00  0.662243E+10 0.591850E+10 0.639865E+10 0.696724E+08
     2036.00  0.719617E+10 0.565725E+10 0.571784E+10 0.292956E+09
     2046.00  0.771440E+10 0.530321E+10 0.500739E+10 0.683350E+09
     2056.00  0.815855E+10 0.486074E+10 0.428235E+10 0.125133E+10
     2066.00  0.850937E+10 0.433822E+10 0.355940E+10 0.200324E+10
     2076.00  0.874753E+10 0.374877E+10 0.285659E+10 0.294003E+10
     2086.00  0.885438E+10 0.311090E+10 0.219293E+10 0.405572E+10
     2096.00  0.881311E+10 0.244903E+10 0.158773E+10 0.533576E+10
     2106.00  0.861024E+10 0.179375E+10 0.105977E+10 0.675536E+10
     2116.00  0.823746E+10 0.118167E+10 0.626099E+09 0.827797E+10
     2126.00  0.769376E+10 0.654396E+09 0.300601E+09 0.985437E+10
     2136.00  0.698772E+10 0.256718E+09 0.923485E+08 0.114226E+11
     2146.00  0.613950E+10 0.334521E+08 0.386697E+07 0.129097E+11
     2156.00  0.518220E+10 0.251334E+08 0.296392E+08 0.142349E+11
     2166.00  0.416177E+10 0.262718E+09 0.155214E+09 0.153161E+11
     2176.00  0.313514E+10 0.762000E+09 0.357353E+09 0.160775E+11
     2186.00  0.216599E+10 0.151883E+10 0.605563E+09 0.164591E+11
     2196.00  0.131866E+10 0.250640E+10 0.865086E+09 0.164252E+11
     2206.00  0.650753E+09 0.367577E+10 0.110103E+10 0.159713E+11
     2216.00  0.206119E+09 0.495996E+10 0.128294E+10 0.151259E+11
     2226.00  0.957822E+07 0.628119E+10 0.138879E+10 0.139476E+11
     2236.00  0.646260E+08 0.755980E+10 0.140758E+10 0.125177E+11
     2246.00  0.354457E+09 0.872295E+10 0.134007E+10 0.109294E+11
     2256.00  0.845783E+09 0.971145E+10 0.119761E+10 0.927681E+10
     2266.00  0.149431E+10 0.104837E+11 0.999578E+09 0.764563E+10
     2276.00  0.225059E+10 0.110168E+11 0.770284E+09 0.610651E+10
     2286.00  0.306516E+10 0.113050E+11 0.535764E+09 0.471180E+10
     2296.00  0.389248E+10 0.113568E+11 0.321172E+09 0.349524E+10
     2306.00  0.469330E+10 0.111913E+11 0.148857E+09 0.247364E+10
     2316.00  0.543592E+10 0.108349E+11 0.371992E+08 0.164978E+10
     2326.00  0.609631E+10 0.103178E+11 0.781780E+05 0.101561E+10
     2336.00  0.665764E+10 0.967176E+10 0.468203E+08 0.555492E+09
     2346.00  0.710948E+10 0.892837E+10 0.182456E+09 0.248951E+09
     2356.00  0.744684E+10 0.811753E+10 0.408160E+09 0.729293E+08
     2366.00  0.766912E+10 0.726683E+10 0.721773E+09 0.354892E+07
     2376.00  0.777929E+10 0.640110E+10 0.111834E+10 0.173949E+08
     2386.00  0.778303E+10 0.554218E+10 0.159065E+10 0.924169E+08
     2396.00  0.768806E+10 0.470889E+10 0.212968E+10 0.208526E+09
     2406.00  0.750360E+10 0.391713E+10 0.272510E+10 0.347959E+09
     2416.00  0.723984E+10 0.317998E+10 0.336558E+10 0.495469E+09
     2426.00  0.690766E+10 0.250788E+10 0.403921E+10 0.638394E+09
     2436.00  0.651819E+10 0.190879E+10 0.473378E+10 0.766624E+09
     2446.00  0.608268E+10 0.138843E+10 0.543704E+10 0.872517E+09
     2456.00  0.561218E+10 0.950434E+09 0.613696E+10 0.950756E+09
     2466.00  0.511746E+10 0.596520E+09 0.682192E+10 0.998183E+09
     2476.00  0.460881E+10 0.326713E+09 0.748090E+10 0.101361E+10
     2486.00  0.409594E+10 0.139497E+09 0.810367E+10 0.997592E+09
     2496.00  0.358788E+10 0.319934E+08 0.868087E+10 0.952246E+09
     2506.00  0.309293E+10 0.133133E+06 0.920417E+10 0.880995E+09
     2516.00  0.261854E+10 0.388195E+08 0.966633E+10 0.788356E+09
     2526.00  0.217134E+10 0.142092E+09 0.100613E+11 0.679718E+09
     2536.00  0.175702E+10 0.303285E+09 0.103842E+11 0.561119E+09
     2546.00  0.138039E+10 0.515183E+09 0.106315E+11 0.439032E+09
     2556.00  0.104532E+10 0.770167E+09 0.108007E+11 0.320163E+09
     2566.00  0.754761E+09 0.106036E+10 0.108909E+11 0.211256E+09
     2576.00  0.510769E+09 0.137778E+10 0.109021E+11 0.118914E+09
     2586.00  0.314511E+09 0.171443E+10 0.108356E+11 0.494302E+08
     2596.00  0.166310E+09 0.206248E+10 0.106938E+11 0.864166E+07
     2606.00  0.656899E+08 0.241432E+10 0.104801E+11 0.179775E+07
     2616.00  0.114230E+08 0.276271E+10 0.101987E+11 0.334477E+08
     2626.00  0.159064E+07 0.310086E+10 0.985504E+10 0.107348E+09
     2636.00  0.336488E+08 0.342248E+10 0.945485E+10 0.226393E+09
     2646.00  0.104498E+09 0.372191E+10 0.900471E+10 0.392558E+09
     2656.00  0.210559E+09 0.399413E+10 0.851162E+10 0.606875E+09
     2666.00  0.347848E+09 0.423482E+10 0.798298E+10 0.869418E+09
     2676.00  0.512062E+09 0.444040E+10 0.742642E+10 0.117931E+10
     2686.00  0.698653E+09 0.460803E+10 0.684970E+10 0.153476E+10
     2696.00  0.902912E+09 0.473566E+10 0.626055E+10 0.193308E+10
     2706.00  0.112005E+10 0.482196E+10 0.566664E+10 0.237078E+10
     2716.00  0.134527E+10 0.486638E+10 0.507538E+10 0.284360E+10
     2726.00  0.157384E+10 0.486906E+10 0.449387E+10 0.334665E+10
     2736.00  0.180118E+10 0.483085E+10 0.392879E+10 0.387443E+10
     2746.00  0.202290E+10 0.475322E+10 0.338634E+10 0.442100E+10
     2756.00  0.223488E+10 0.463823E+10 0.287213E+10 0.498004E+10
     2766.00  0.243330E+10 0.448849E+10 0.239116E+10 0.554498E+10
     2776.00  0.261472E+10 0.430705E+10 0.194775E+10 0.610912E+10
     2786.00  0.277610E+10 0.409738E+10 0.154551E+10 0.666571E+10
     2796.00  0.291481E+10 0.386329E+10 0.118730E+10 0.720812E+10
     2806.00  0.302872E+10 0.360883E+10 0.875277E+09 0.772984E+10
     2816.00  0.311613E+10 0.333825E+10 0.610818E+09 0.822470E+10
     2826.00  0.317586E+10 0.305591E+10 0.394585E+09 0.868686E+10
     2836.00  0.320721E+10 0.276621E+10 0.226529E+09 0.911095E+10
     2846.00  0.320995E+10 0.247353E+10 0.105922E+09 0.949214E+10
     2856.00  0.318435E+10 0.218218E+10 0.313982E+08 0.982616E+10
     2866.00  0.313113E+10 0.189629E+10 0.100271E+07 0.101094E+11
     2876.00  0.305143E+10 0.161981E+10 0.122448E+08 0.103389E+11
     2886.00  0.294682E+10 0.135642E+10 0.621579E+08 0.105124E+11
     2896.00  0.281925E+10 0.110951E+10 0.147364E+09 0.106285E+11
     2906.00  0.267100E+10 0.882116E+09 0.264139E+09 0.106863E+11
     2916.00  0.250466E+10 0.676923E+09 0.408484E+09 0.106858E+11
     2926.00  0.232308E+10 0.496210E+09 0.576194E+09 0.106276E+11
     2936.00  0.212933E+10 0.341840E+09 0.762926E+09 0.105131E+11
     2946.00  0.192666E+10 0.215253E+09 0.964270E+09 0.103441E+11
     2956.00  0.171844E+10 0.117453E+09 0.117581E+10 0.101233E+11
     2966.00  0.150814E+10 0.490141E+08 0.139321E+10 0.985377E+10
     2976.00  0.129925E+10 0.100827E+08 0.161222E+10 0.953912E+10
     2986.00  0.109526E+10 0.392149E+06 0.182879E+10 0.918338E+10
     2996.00  0.899600E+09 0.192788E+08 0.203910E+10 0.879097E+10
     3006.00  0.715633E+09 0.657042E+08 0.223959E+10 0.836658E+10
     3016.00  0.546575E+09 0.138281E+09 0.242700E+10 0.791516E+10
     3026.00  0.395482E+09 0.235303E+09 0.259844E+10 0.744178E+10
     3036.00  0.265212E+09 0.354777E+09 0.275135E+10 0.695165E+10
     3046.00  0.158393E+09 0.494461E+09 0.288360E+10 0.644996E+10
     3056.00  0.774030E+08 0.651895E+09 0.299344E+10 0.594188E+10
     3066.00  0.243396E+08 0.824450E+09 0.307953E+10 0.543247E+10
     3076.00  0.100625E+07 0.100936E+10 0.314095E+10 0.492660E+10
     3086.00  0.889537E+07 0.120375E+10 0.317719E+10 0.442897E+10
     3096.00  0.491772E+08 0.140472E+10 0.318813E+10 0.394396E+10
     3106.00  0.122692E+09 0.160933E+10 0.317404E+10 0.347567E+10
     3116.00  0.229948E+09 0.181465E+10 0.313557E+10 0.302783E+10
     3126.00  0.371118E+09 0.201785E+10 0.307369E+10 0.260381E+10
     3136.00  0.546044E+09 0.221615E+10 0.298972E+10 0.220654E+10
     3146.00  0.754247E+09 0.240690E+10 0.288523E+10 0.183853E+10
     3156.00  0.994932E+09 0.258764E+10 0.276208E+10 0.150187E+10
     3166.00  0.126700E+10 0.275603E+10 0.262234E+10 0.119818E+10
     3176.00  0.156907E+10 0.290999E+10 0.246825E+10 0.928630E+09
     3186.00  0.189949E+10 0.304764E+10 0.230223E+10 0.693948E+09
     3196.00  0.225636E+10 0.316733E+10 0.212678E+10 0.494427E+09
     3206.00  0.263755E+10 0.326768E+10 0.194451E+10 0.329935E+09
     3216.00  0.304073E+10 0.334758E+10 0.175805E+10 0.199938E+09
     3226.00  0.346338E+10 0.340619E+10 0.157003E+10 0.103526E+09
     3236.00  0.390283E+10 0.344294E+10 0.138306E+10 0.394341E+08
     3246.00  0.435629E+10 0.345754E+10 0.119967E+10 0.607755E+07
     3256.00  0.482086E+10 0.344998E+10 0.102232E+10 0.158306E+07
     3266.00  0.529356E+10 0.342052E+10 0.853325E+09 0.238242E+08
     3276.00  0.577138E+10 0.336967E+10 0.694862E+09 0.704582E+08
     3286.00  0.625125E+10 0.329822E+10 0.548932E+09 0.138963E+09
     3296.00  0.673014E+10 0.320717E+10 0.417344E+09 0.226678E+09
     3306.00  0.720503E+10 0.309776E+10 0.301697E+09 0.330837E+09
     3316.00  0.767296E+10 0.297141E+10 0.203368E+09 0.448614E+09
     3326.00  0.813103E+10 0.282976E+10 0.123496E+09 0.577153E+09
     3336.00  0.857645E+10 0.267459E+10 0.629788E+08 0.713609E+09
     3346.00  0.900655E+10 0.250785E+10 0.224644E+08 0.855180E+09
     3356.00  0.941878E+10 0.233158E+10 0.235284E+07 0.999138E+09
     3366.00  0.981075E+10 0.214795E+10 0.279485E+07 0.114287E+10
     3376.00  0.101802E+11 0.195919E+10 0.236967E+08 0.128387E+10
     3386.00  0.105252E+11 0.176758E+10 0.647269E+08 0.141983E+10
     3396.00  0.108438E+11 0.157545E+10 0.125325E+09 0.154860E+10
     3406.00  0.111343E+11 0.138509E+10 0.204713E+09 0.166822E+10
     3416.00  0.113954E+11 0.119882E+10 0.301910E+09 0.177697E+10
     3426.00  0.116257E+11 0.101891E+10 0.415746E+09 0.187333E+10
     3436.00  0.118244E+11 0.847537E+09 0.544879E+09 0.195605E+10
     3446.00  0.119905E+11 0.686842E+09 0.687814E+09 0.202409E+10
     3456.00  0.121235E+11 0.538841E+09 0.842925E+09 0.207668E+10
     3466.00  0.122231E+11 0.405442E+09 0.100847E+10 0.211329E+10
     3476.00  0.122891E+11 0.288419E+09 0.118262E+10 0.213365E+10
     3486.00  0.123216E+11 0.189398E+09 0.136346E+10 0.213769E+10
     3496.00  0.123209E+11 0.109850E+09 0.154905E+10 0.212562E+10
     3506.00  0.122875E+11 0.510728E+08 0.173741E+10 0.209784E+10
     3516.00  0.122219E+11 0.141853E+08 0.192655E+10 0.205497E+10
     3526.00  0.121251E+11 0.120967E+06 0.211450E+10 0.199782E+10
     3536.00  0.119981E+11 0.962066E+07 0.229933E+10 0.192737E+10
     3546.00  0.118420E+11 0.432294E+08 0.247915E+10 0.184480E+10
     3556.00  0.116581E+11 0.101294E+09 0.265216E+10 0.175137E+10
     3566.00  0.114479E+11 0.183965E+09 0.281664E+10 0.164853E+10
     3576.00  0.112130E+11 0.291192E+09 0.297097E+10 0.153777E+10
     3586.00  0.109550E+11 0.422735E+09 0.311366E+10 0.142071E+10
     3596.00  0.106756E+11 0.578163E+09 0.324335E+10 0.129901E+10
     3606.00  0.103767E+11 0.756861E+09 0.335882E+10 0.117435E+10
     3616.00  0.100601E+11 0.958038E+09 0.345902E+10 0.104847E+10
     3626.00  0.972786E+10 0.118074E+10 0.354302E+10 0.923083E+09
     3636.00  0.938185E+10 0.142384E+10 0.361011E+10 0.799875E+09
     3646.00  0.902406E+10 0.168609E+10 0.365971E+10 0.680502E+09
     3656.00  0.865648E+10 0.196609E+10 0.369144E+10 0.566559E+09
     3666.00  0.828106E+10 0.226231E+10 0.370509E+10 0.459565E+09
     3676.00  0.789977E+10 0.257312E+10 0.370062E+10 0.360948E+09
     3686.00  0.751451E+10 0.289680E+10 0.367816E+10 0.272032E+09
     3696.00  0.712714E+10 0.323154E+10 0.363802E+10 0.194020E+09
     3706.00  0.673949E+10 0.357546E+10 0.358067E+10 0.127990E+09
     3716.00  0.635329E+10 0.392663E+10 0.350674E+10 0.748805E+08
     3726.00  0.597021E+10 0.428308E+10 0.341700E+10 0.354834E+08
     3736.00  0.559183E+10 0.464282E+10 0.331238E+10 0.104396E+08
     3746.00  0.521965E+10 0.500386E+10 0.319391E+10 0.233746E+06
     3756.00  0.485507E+10 0.536418E+10 0.306279E+10 0.519178E+07
     3766.00  0.449938E+10 0.572181E+10 0.292027E+10 0.254799E+08
     3776.00  0.415377E+10 0.607481E+10 0.276774E+10 0.611054E+08
     3786.00  0.381931E+10 0.642127E+10 0.260666E+10 0.111919E+09
     3796.00  0.349696E+10 0.675933E+10 0.243855E+10 0.177618E+09
     3806.00  0.318757E+10 0.708723E+10 0.226501E+10 0.257751E+09
     3816.00  0.289187E+10 0.740326E+10 0.208764E+10 0.351729E+09
     3826.00  0.261048E+10 0.770579E+10 0.190812E+10 0.458825E+09
     3836.00  0.234388E+10 0.799332E+10 0.172811E+10 0.578190E+09
     3846.00  0.209247E+10 0.826443E+10 0.154929E+10 0.708858E+09
     3856.00  0.185651E+10 0.851782E+10 0.137330E+10 0.849760E+09
     3866.00  0.163616E+10 0.875230E+10 0.120178E+10 0.999735E+09
     3876.00  0.143149E+10 0.896682E+10 0.103632E+10 0.115754E+10
     3886.00  0.124244E+10 0.916045E+10 0.878474E+09 0.132186E+10
     3896.00  0.106887E+10 0.933238E+10 0.729713E+09 0.149134E+10
     3906.00  0.910557E+09 0.948194E+10 0.591447E+09 0.166456E+10
     3916.00  0.767170E+09 0.960861E+10 0.465002E+09 0.184009E+10
     3926.00  0.638312E+09 0.971197E+10 0.351609E+09 0.201648E+10
     3936.00  0.523511E+09 0.979178E+10 0.252403E+09 0.219227E+10
     3946.00  0.422227E+09 0.984789E+10 0.168409E+09 0.236603E+10
     3956.00  0.333861E+09 0.988030E+10 0.100539E+09 0.253632E+10
     3966.00  0.257762E+09 0.988914E+10 0.495859E+08 0.270177E+10
     3976.00  0.193231E+09 0.987466E+10 0.162179E+08 0.286104E+10
     3986.00  0.139535E+09 0.983724E+10 0.977519E+06 0.301286E+10
     3996.00  0.959050E+08 0.977735E+10 0.427731E+07 0.315601E+10
     4006.00  0.615527E+08 0.969558E+10 0.263991E+08 0.328935E+10
     4016.00  0.356710E+08 0.959264E+10 0.674935E+08 0.341186E+10
     4026.00  0.174438E+08 0.946931E+10 0.127580E+09 0.352257E+10
     4036.00  0.605217E+07 0.932648E+10 0.206550E+09 0.362063E+10
     4046.00  0.681262E+06 0.916511E+10 0.304167E+09 0.370532E+10
     4056.00  0.526398E+06 0.898622E+10 0.420070E+09 0.377599E+10
     4066.00  0.479926E+07 0.879092E+10 0.553780E+09 0.383214E+10
     4076.00  0.127337E+08 0.858037E+10 0.704703E+09 0.387336E+10
     4086.00  0.235909E+08 0.835577E+10 0.872134E+09 0.389940E+10
     4096.00  0.366648E+08 0.811837E+10 0.105526E+10 0.391009E+10
     4106.00  0.512865E+08 0.786943E+10 0.125319E+10 0.390542E+10
     4116.00  0.668283E+08 0.761027E+10 0.146492E+10 0.388546E+10
     4126.00  0.827082E+08 0.734219E+10 0.168938E+10 0.385044E+10
     4136.00  0.983923E+08 0.706652E+10 0.192541E+10 0.380067E+10
     4146.00  0.113398E+09 0.678459E+10 0.217181E+10 0.373660E+10
     4156.00  0.127299E+09 0.649770E+10 0.242729E+10 0.365878E+10
     4166.00  0.139720E+09 0.620715E+10 0.269055E+10 0.356784E+10
     4176.00  0.150349E+09 0.591421E+10 0.296022E+10 0.346454E+10
     4186.00  0.158930E+09 0.562014E+10 0.323492E+10 0.334972E+10
     4196.00  0.165265E+09 0.532614E+10 0.351323E+10 0.322428E+10
     4206.00  0.169217E+09 0.503338E+10 0.379375E+10 0.308922E+10
     4216.00  0.170709E+09 0.474298E+10 0.407503E+10 0.294560E+10
     4226.00  0.169722E+09 0.445601E+10 0.435567E+10 0.279453E+10
     4236.00  0.166294E+09 0.417347E+10 0.463427E+10 0.263719E+10
     4246.00  0.160522E+09 0.389632E+10 0.490943E+10 0.247478E+10
     4256.00  0.152553E+09 0.362546E+10 0.517982E+10 0.230854E+10
     4266.00  0.142591E+09 0.336169E+10 0.544412E+10 0.213973E+10
     4276.00  0.130887E+09 0.310577E+10 0.570107E+10 0.196963E+10
     4286.00  0.117741E+09 0.285837E+10 0.594944E+10 0.179951E+10
     4296.00  0.103498E+09 0.262011E+10 0.618808E+10 0.163066E+10
     4306.00  0.885417E+08 0.239152E+10 0.641590E+10 0.146433E+10
     4316.00  0.732958E+08 0.217306E+10 0.663188E+10 0.130177E+10
     4326.00  0.582171E+08 0.196510E+10 0.683505E+10 0.114417E+10
     4336.00  0.437931E+08 0.176796E+10 0.702456E+10 0.992724E+09
     4346.00  0.305374E+08 0.158187E+10 0.719961E+10 0.848544E+09
     4356.00  0.189861E+08 0.140701E+10 0.735949E+10 0.712707E+09
     4366.00  0.969350E+07 0.124346E+10 0.750358E+10 0.586226E+09
     4376.00  0.322789E+07 0.109125E+10 0.763135E+10 0.470051E+09
     4386.00  0.167392E+06 0.950344E+09 0.774235E+10 0.365058E+09
     4396.00  0.109567E+07 0.820644E+09 0.783624E+10 0.272049E+09
     4406.00  0.659777E+07 0.701987E+09 0.791275E+10 0.191747E+09
     4416.00  0.172560E+08 0.594156E+09 0.797171E+10 0.124789E+09
     4426.00  0.336456E+08 0.496882E+09 0.801304E+10 0.717262E+08
     4436.00  0.563311E+08 0.409848E+09 0.803675E+10 0.330201E+08
     4446.00  0.858621E+08 0.332689E+09 0.804293E+10 0.904062E+07
     4456.00  0.122770E+09 0.265004E+09 0.803174E+10 0.649116E+05
     4466.00  0.167563E+09 0.206352E+09 0.800346E+10 0.627687E+07
     4476.00  0.220725E+09 0.156261E+09 0.795841E+10 0.277670E+08
     4486.00  0.282710E+09 0.114233E+09 0.789699E+10 0.645328E+08
     4511.00  0.478958E+09 0.409632E+08 0.767520E+10 0.222440E+09
     4536.00  0.738489E+09 0.618932E+07 0.736351E+10 0.471103E+09
     4561.00  0.106530E+10 0.103722E+07 0.697323E+10 0.803390E+09
     4586.00  0.146162E+10 0.167462E+08 0.651729E+10 0.120928E+10
     4611.00  0.192777E+10 0.450463E+08 0.600971E+10 0.167634E+10
     4636.00  0.246215E+10 0.784896E+08 0.546511E+10 0.219020E+10
     4661.00  0.306118E+10 0.110729E+09 0.489816E+10 0.273519E+10
     4686.00  0.371945E+10 0.136734E+09 0.432315E+10 0.329486E+10
     4711.00  0.442978E+10 0.152946E+09 0.375351E+10 0.385264E+10
     4736.00  0.518341E+10 0.157364E+09 0.320147E+10 0.439233E+10
     4761.00  0.597022E+10 0.149566E+09 0.267776E+10 0.489871E+10
     4786.00  0.677899E+10 0.130670E+09 0.219135E+10 0.535793E+10
     4811.00  0.759765E+10 0.103238E+09 0.174930E+10 0.575795E+10
     4836.00  0.841361E+10 0.711291E+08 0.135670E+10 0.608885E+10
     4861.00  0.921402E+10 0.393047E+08 0.101665E+10 0.634302E+10
     4886.00  0.998609E+10 0.136083E+08 0.730301E+09 0.651534E+10
     4911.00  0.107174E+11 0.514164E+06 0.497025E+09 0.660321E+10
     4936.00  0.113961E+11 0.686163E+07 0.314556E+09 0.660649E+10
     4961.00  0.120114E+11 0.395841E+08 0.179222E+09 0.652741E+10
     4986.00  0.125533E+11 0.105440E+09 0.862055E+08 0.637038E+10
     5011.00  0.130136E+11 0.210756E+09 0.298151E+08 0.614172E+10
     5036.00  0.133850E+11 0.361188E+09 0.377853E+07 0.584938E+10
     5061.00  0.136623E+11 0.561508E+09 0.153355E+07 0.550260E+10
     5086.00  0.138416E+11 0.815421E+09 0.165103E+08 0.511159E+10
     5111.00  0.139210E+11 0.112542E+10 0.423970E+08 0.468711E+10
     5136.00  0.139001E+11 0.149269E+10 0.733801E+08 0.424016E+10
     5161.00  0.137803E+11 0.191700E+10 0.104353E+09 0.378163E+10
     5186.00  0.135646E+11 0.239672E+10 0.131088E+09 0.332197E+10
     5211.00  0.132575E+11 0.292883E+10 0.150367E+09 0.287092E+10
     5236.00  0.128649E+11 0.350892E+10 0.160073E+09 0.243724E+10
     5261.00  0.123940E+11 0.413135E+10 0.159234E+09 0.202856E+10
     5286.00  0.118528E+11 0.478931E+10 0.148029E+09 0.165117E+10
     5311.00  0.112504E+11 0.547498E+10 0.127748E+09 0.130999E+10
     5336.00  0.105966E+11 0.617974E+10 0.100726E+09 0.100846E+10
     5361.00  0.990151E+10 0.689430E+10 0.702257E+08 0.748593E+09
     5386.00  0.917559E+10 0.760894E+10 0.403123E+08 0.530997E+09
     5411.00  0.842934E+10 0.831367E+10 0.156893E+08 0.354970E+09
     5436.00  0.767313E+10 0.899852E+10 0.152512E+07 0.218628E+09
     5461.00  0.691703E+10 0.965368E+10 0.326641E+07 0.119062E+09
     5511.00  0.544284E+10 0.108377E+11 0.764922E+08 0.145894E+08
     5561.00  0.407509E+10 0.117981E+11 0.277270E+09 0.495047E+07
     5611.00  0.286840E+10 0.124811E+11 0.640202E+09 0.497308E+08
     5661.00  0.186126E+10 0.128508E+11 0.118789E+10 0.110964E+09
     5711.00  0.107506E+10 0.128907E+11 0.192764E+10 0.158433E+09
     5761.00  0.514430E+09 0.126048E+11 0.284991E+10 0.173471E+09
     5811.00  0.168836E+09 0.120160E+11 0.392837E+10 0.150980E+09
     5861.00  0.150714E+08 0.111637E+11 0.512175E+10 0.995656E+08
     5911.00  0.203956E+08 0.101002E+11 0.637694E+10 0.399625E+08
     5961.00  0.146031E+09 0.888634E+10 0.763312E+10 0.203897E+07
     6011.00  0.350698E+09 0.758720E+10 0.882648E+10 0.208332E+08
     6061.00  0.593929E+09 0.626736E+10 0.989501E+10 0.132111E+09
     6111.00  0.838944E+09 0.498691E+10 0.107830E+11 0.367949E+09
     6161.00  0.105492E+10 0.379800E+10 0.114451E+11 0.752799E+09
     6211.00  0.121859E+10 0.274226E+10 0.118487E+11 0.130041E+10
     6261.00  0.131505E+10 0.184922E+10 0.119766E+11 0.201183E+10
     6311.00  0.133789E+10 0.113558E+10 0.118268E+11 0.287471E+10
     6361.00  0.128870E+10 0.605607E+09 0.114126E+11 0.386377E+10
     6411.00  0.117596E+10 0.252121E+09 0.107606E+11 0.494247E+10
     6461.00  0.101363E+10 0.583259E+08 0.990873E+10 0.606557E+10
     6511.00  0.819361E+09 0.353015E+01 0.890322E+10 0.718236E+10
     6561.00  0.612710E+09 0.479858E+08 0.779508E+10 0.824028E+10
     6611.00  0.413321E+09 0.170740E+09 0.663689E+10 0.918858E+10
     6661.00  0.239288E+09 0.336768E+09 0.547952E+10 0.998168E+10
     6711.00  0.105772E+09 0.516783E+09 0.436928E+10 0.105821E+11
     6761.00  0.239505E+08 0.685483E+09 0.334562E+10 0.109627E+11
     6811.00  0.344494E+06 0.822851E+09 0.243938E+10 0.111083E+11
     6861.00  0.365368E+08 0.914950E+09 0.167187E+10 0.110156E+11
     6911.00  0.129269E+09 0.954205E+09 0.105451E+10 0.106938E+11
     6961.00  0.270886E+09 0.939212E+09 0.589220E+09 0.101627E+11
     7011.00  0.450062E+09 0.874128E+09 0.269314E+09 0.945187E+10
     7061.00  0.652763E+09 0.767731E+09 0.808887E+08 0.859749E+10
     7111.00  0.863336E+09 0.632242E+09 0.449675E+07 0.764064E+10
     7161.00  0.106568E+10 0.482016E+09 0.170118E+08 0.662440E+10
     7211.00  0.124441E+10 0.332199E+09 0.935285E+08 0.559134E+10
     7261.00  0.138591E+10 0.197439E+09 0.209176E+09 0.458125E+10
     7311.00  0.147929E+10 0.907481E+08 0.340734E+09 0.362917E+10
     7361.00  0.151711E+10 0.225582E+08 0.467975E+09 0.276389E+10
     7411.00  0.149594E+10 0.321743E+05 0.574661E+09 0.200691E+10
     7511.00  0.128415E+10 0.102067E+09 0.684791E+09 0.865198E+09
     7611.00  0.900508E+09 0.379922E+09 0.635935E+09 0.224483E+09
     7711.00  0.458726E+09 0.765471E+09 0.461029E+09 0.514630E+07
     7811.00  0.108318E+09 0.115978E+10 0.237999E+09 0.660906E+08
     7911.00  0.665438E+07 0.145996E+10 0.590761E+08 0.249680E+09
     8011.00  0.290022E+09 0.158569E+10 0.118577E+07 0.421593E+09
     8111.00  0.104891E+10 0.149969E+10 0.104356E+09 0.497422E+09
     8211.00  0.231146E+10 0.121815E+10 0.362139E+09 0.452342E+09
     8311.00  0.403709E+10 0.809869E+09 0.724752E+09 0.314666E+09
     8411.00  0.612073E+10 0.384947E+09 0.111275E+10 0.147576E+09
     8511.00  0.840603E+10 0.758945E+08 0.143709E+10 0.251955E+08
     8611.00  0.107052E+11 0.149422E+08 0.162067E+10 0.941684E+07
     8711.00  0.128218E+11 0.311724E+09 0.161663E+10 0.132672E+09
     8811.00  0.145740E+11 0.103495E+10 0.142005E+10 0.389801E+09
     8911.00  0.158139E+11 0.220069E+10 0.107105E+10 0.739751E+09
     9011.00  0.164426E+11 0.376860E+10 0.649476E+09 0.111570E+10
     9111.00  0.164183E+11 0.564611E+10 0.262340E+09 0.144067E+10
     9211.00  0.157572E+11 0.769942E+10 0.268238E+08 0.164492E+10
     9311.00  0.145292E+11 0.976935E+10 0.517535E+08 0.168148E+10
     9411.00  0.128478E+11 0.116895E+11 0.420597E+09 0.153705E+10
     9511.00  0.108563E+11 0.133046E+11 0.117847E+10 0.123631E+10
     9611.00  0.871325E+10 0.144863E+11 0.232477E+10 0.839508E+09
     9711.00  0.657715E+10 0.151452E+11 0.381218E+10 0.433859E+09
     9811.00  0.459315E+10 0.152381E+11 0.555169E+10 0.120619E+09
     9911.00  0.288213E+10 0.147697E+11 0.742261E+10 0.635471E+05
    10011.00  0.153324E+10 0.137898E+11 0.928596E+10 0.156745E+09
    10111.00  0.599990E+09 0.123860E+11 0.109994E+11 0.647161E+09
    10211.00  0.998144E+08 0.106733E+11 0.124319E+11 0.149143E+10
    10311.00  0.167062E+08 0.878310E+10 0.134759E+11 0.266983E+10
    10411.00  0.306220E+09 0.685030E+10 0.140574E+11 0.412446E+10
    10511.00  0.902131E+09 0.500265E+10 0.141407E+11 0.576530E+10
    10611.00  0.172394E+10 0.335100E+10 0.137302E+11 0.747989E+10
    10711.00  0.268448E+10 0.198238E+10 0.128680E+11 0.914499E+10
    10811.00  0.369702E+10 0.955684E+09 0.116275E+11 0.106390E+11
    10911.00  0.468135E+10 0.300060E+09 0.101060E+11 0.118534E+11
    11011.00  0.556855E+10 0.159591E+08 0.841464E+10 0.127027E+11
    11111.00  0.630422E+10 0.782021E+08 0.666907E+10 0.131309E+11
    11211.00  0.685029E+10 0.440676E+09 0.497986E+10 0.131153E+11
    11311.00  0.718537E+10 0.104201E+10 0.344476E+10 0.126668E+11
    11411.00  0.730384E+10 0.181164E+10 0.214254E+10 0.118271E+11
    11511.00  0.721413E+10 0.267583E+10 0.112910E+10 0.106638E+11
    11611.00  0.693615E+10 0.356299E+10 0.435710E+09 0.926288E+10
    11711.00  0.649853E+10 0.440827E+10 0.693257E+08 0.772138E+10
    11811.00  0.593553E+10 0.515699E+10 0.147012E+08 0.613903E+10
    11911.00  0.528419E+10 0.576689E+10 0.237855E+09 0.461072E+10
    12011.00  0.458171E+10 0.620924E+10 0.690486E+09 0.322017E+10
    12111.00  0.386324E+10 0.646887E+10 0.131485E+10 0.203495E+10
    12211.00  0.316010E+10 0.654334E+10 0.204869E+10 0.110328E+10
    12311.00  0.249861E+10 0.644140E+10 0.282984E+10 0.452682E+09
    12411.00  0.189934E+10 0.618085E+10 0.360022E+10 0.901282E+08
    12511.00  0.137684E+10 0.578633E+10 0.430905E+10 0.378959E+07
    12611.00  0.939801E+09 0.528687E+10 0.491509E+10 0.165817E+09
    12711.00  0.591460E+09 0.471358E+10 0.538801E+10 0.535930E+09
    12811.00  0.330331E+09 0.409759E+10 0.570884E+10 0.106541E+10
    12911.00  0.151020E+09 0.346826E+10 0.586963E+10 0.170117E+10
    13011.00  0.451520E+08 0.285185E+10 0.587248E+10 0.238960E+10
    13111.00  0.229229E+07 0.227049E+10 0.572810E+10 0.307994E+10
    13211.00  0.108229E+08 0.174161E+10 0.545398E+10 0.372706E+10
    13311.00  0.587337E+08 0.127772E+10 0.507252E+10 0.429348E+10
    13411.00  0.134294E+09 0.886484E+09 0.460908E+10 0.475066E+10
    13511.00  0.226593E+09 0.571063E+09 0.409013E+10 0.507953E+10
    13611.00  0.325937E+09 0.330674E+09 0.354171E+10 0.527042E+10
    13711.00  0.424114E+09 0.161232E+09 0.298801E+10 0.532238E+10
    13811.00  0.514538E+09 0.560875E+08 0.245039E+10 0.524211E+10
    13911.00  0.592276E+09 0.677297E+07 0.194667E+10 0.504256E+10
    14011.00  0.653987E+09 0.371416E+07 0.149068E+10 0.474139E+10
    14111.00  0.697798E+09 0.368831E+08 0.109221E+10 0.435938E+10
    14211.00  0.723121E+09 0.963602E+08 0.757049E+09 0.391887E+10
    14311.00  0.730444E+09 0.172793E+09 0.487340E+09 0.344239E+10
    14411.00  0.721105E+09 0.257748E+09 0.282032E+09 0.295143E+10
    14511.00  0.697069E+09 0.343951E+09 0.137412E+09 0.246548E+10
    14611.00  0.660714E+09 0.425429E+09 0.477096E+08 0.200133E+10
    14711.00  0.614640E+09 0.497565E+09 0.569772E+07 0.157261E+10
    14811.00  0.561499E+09 0.557070E+09 0.326706E+07 0.118956E+10
    14911.00  0.503860E+09 0.601897E+09 0.319514E+08 0.859024E+09
    15011.00  0.444101E+09 0.631118E+09 0.833805E+08 0.584624E+09
    15111.00  0.384331E+09 0.644757E+09 0.149652E+09 0.367059E+09
    15211.00  0.326340E+09 0.643614E+09 0.223615E+09 0.204519E+09
    15311.00  0.271576E+09 0.629094E+09 0.299072E+09 0.931529E+08
    15411.00  0.221139E+09 0.603016E+09 0.370897E+09 0.275567E+08
    15511.00  0.175793E+09 0.567465E+09 0.435079E+09 0.127012E+07
    15611.00  0.135994E+09 0.524637E+09 0.488717E+09 0.723595E+07
    15711.00  0.101923E+09 0.476723E+09 0.529947E+09 0.382160E+08
    15811.00  0.735301E+08 0.425804E+09 0.557844E+09 0.871457E+08
    15911.00  0.505737E+08 0.373781E+09 0.572302E+09 0.147422E+09
    16011.00  0.326663E+08 0.322317E+09 0.573880E+09 0.213121E+09
    16111.00  0.193164E+08 0.272807E+09 0.563667E+09 0.279144E+09
    16211.00  0.996549E+07 0.226365E+09 0.543135E+09 0.341307E+09
    16311.00  0.402270E+07 0.183822E+09 0.513999E+09 0.396367E+09
    16411.00  0.892986E+06 0.145741E+09 0.478099E+09 0.441998E+09
    16511.00  0.540300E+03 0.112442E+09 0.437298E+09 0.476739E+09
    16611.00  0.806849E+06 0.840260E+08 0.393388E+09 0.499905E+09
    16711.00  0.282371E+07 0.604130E+08 0.348029E+09 0.511474E+09
    16811.00  0.562171E+07 0.413746E+08 0.302698E+09 0.511980E+09
    16911.00  0.883471E+07 0.265688E+08 0.258654E+09 0.502382E+09
    17011.00  0.121610E+08 0.155732E+08 0.216926E+09 0.483950E+09
    17111.00  0.153615E+08 0.791490E+07 0.178305E+09 0.458153E+09
    17211.00  0.182563E+08 0.309720E+07 0.143356E+09 0.426560E+09
    17311.00  0.207191E+08 0.622280E+06 0.112429E+09 0.390751E+09
    17411.00  0.226711E+08 0.961182E+04 0.856862E+08 0.352252E+09
    17511.00  0.240737E+08 0.810251E+06 0.631220E+08 0.312472E+09
    17611.00  0.249223E+08 0.261725E+07 0.445967E+08 0.272670E+09
    17711.00  0.252386E+08 0.507245E+07 0.298624E+08 0.233923E+09
    17811.00  0.250646E+08 0.787010E+07 0.185911E+08 0.197114E+09
    17911.00  0.244564E+08 0.107577E+08 0.104011E+08 0.162931E+09
    18011.00  0.234792E+08 0.135349E+08 0.487993E+07 0.131869E+09
    18111.00  0.222025E+08 0.160503E+08 0.160509E+07 0.104245E+09
    18211.00  0.206964E+08 0.181970E+08 0.160602E+06 0.802137E+08
    18311.00  0.190287E+08 0.199080E+08 0.150829E+06 0.597923E+08
    18411.00  0.172627E+08 0.211501E+08 0.121062E+07 0.428793E+08
    18511.00  0.154553E+08 0.219180E+08 0.301252E+07 0.292803E+08
    18611.00  0.136561E+08 0.222292E+08 0.527114E+07 0.187301E+08
    18711.00  0.119066E+08 0.221183E+08 0.774521E+07 0.109145E+08
    18811.00  0.102406E+08 0.216318E+08 0.102375E+08 0.548970E+07
    18911.00  0.868381E+07 0.208240E+08 0.125930E+08 0.209923E+07
    19011.00  0.725467E+07 0.197534E+08 0.146964E+08 0.388699E+06
    19111.00  0.596487E+07 0.184790E+08 0.164680E+08 0.174189E+05
    19311.00  0.382128E+07 0.155446E+08 0.188485E+08 0.205060E+07
    19511.00  0.224364E+07 0.124279E+08 0.196393E+08 0.603320E+07
    19711.00  0.116886E+07 0.944318E+07 0.190263E+08 0.103634E+08
    19911.00  0.505181E+06 0.680062E+07 0.173470E+08 0.140046E+08
    20111.00  0.152043E+06 0.461360E+07 0.149890E+08 0.164146E+08
    20311.00  0.142453E+05 0.291583E+07 0.123184E+08 0.174373E+08
    20511.00  0.104462E+05 0.168318E+07 0.963803E+07 0.171828E+08
    20711.00  0.769970E+05 0.855117E+06 0.716826E+07 0.159169E+08
    20911.00  0.168302E+06 0.353128E+06 0.504605E+07 0.139689E+08
    21111.00  0.254950E+06 0.949890E+05 0.333471E+07 0.116648E+08
    21311.00  0.320674E+06 0.448098E+04 0.203955E+07 0.928435E+07
    21511.00  0.358981E+06 0.170876E+05 0.112539E+07 0.703955E+07
    21711.00  0.369967E+06 0.824318E+05 0.533015E+06 0.506938E+07
    21911.00  0.357639E+06 0.164349E+06 0.193003E+06 0.344601E+07
    22111.00  0.327867E+06 0.239439E+06 0.361252E+05 0.218730E+07
    22311.00  0.286925E+06 0.294791E+06 0.318418E+03 0.127188E+07
    22511.00  0.240579E+06 0.325441E+06 0.345579E+05 0.653954E+06
    22711.00  0.193572E+06 0.331893E+06 0.100237E+06 0.275880E+06
    22911.00  0.149431E+06 0.317973E+06 0.170737E+06 0.779505E+05
    23111.00  0.110464E+06 0.289098E+06 0.229850E+06 0.499863E+04
    23311.00  0.778947E+05 0.250996E+06 0.269625E+06 0.102585E+05
    23511.00  0.520593E+05 0.208873E+06 0.288078E+06 0.569830E+05
    23711.00  0.326359E+05 0.166927E+06 0.287077E+06 0.118456E+06
    23911.00  0.188672E+05 0.128173E+06 0.270588E+06 0.176985E+06
    24111.00  0.976149E+04 0.944613E+05 0.243345E+06 0.222342E+06
    24311.00  0.425861E+04 0.666442E+05 0.209949E+06 0.250043E+06
    24511.00  0.135325E+04 0.447953E+05 0.174337E+06 0.259665E+06
    24711.00  0.175576E+03 0.284556E+05 0.139542E+06 0.253384E+06
    24911.00  0.318306E+02 0.168537E+05 0.107658E+06 0.234767E+06
    25111.00  0.412171E+03 0.908899E+04 0.799293E+05 0.207863E+06
    25311.00  0.974807E+03 0.426367E+04 0.569052E+05 0.176560E+06
    25511.00  0.151600E+04 0.156802E+04 0.386144E+05 0.144179E+06
    25711.00  0.193469E+04 0.324363E+03 0.247292E+05 0.113272E+06
    25911.00  0.219831E+04 0.480292E-01 0.147049E+05 0.855708E+05
    26111.00  0.231431E+04 0.199771E+03 0.789177E+04 0.620437E+05
    26311.00  0.230890E+04 0.646436E+03 0.361696E+04 0.430229E+05
    26511.00  0.221333E+04 0.115758E+04 0.124183E+04 0.283641E+05
    26711.00  0.205623E+04 0.162210E+04 0.198708E+03 0.176073E+05
    26911.00  0.186056E+04 0.198010E+04 0.115788E+02 0.101249E+05
 K.E.IE==>     16           17           18           19
        1.00  0.000000E+00 0.000000E+00 0.000000E+00 0.000000E+00
        2.00  0.000000E+00 0.000000E+00 0.000000E+00 0.000000E+00
        3.00  0.000000E+00 0.000000E+00 0.000000E+00 0.000000E+00
        4.00  0.000000E+00 0.000000E+00 0.000000E+00 0.000000E+00
        5.00  0.000000E+00 0.000000E+00 0.000000E+00 0.000000E+00
        6.00  0.000000E+00 0.329171E-37 0.173571E-36 0.914086E-36
        7.00  0.287088E-36 0.141751E-35 0.746749E-35 0.392871E-34
        8.00  0.746618E-35 0.368326E-34 0.193856E-33 0.101887E-32
        9.00  0.132013E-33 0.650690E-33 0.342149E-32 0.179646E-31
       10.00  0.172169E-32 0.847883E-32 0.445422E-31 0.233635E-30
       11.00  0.175531E-31 0.863693E-31 0.453305E-30 0.237531E-29
       12.00  0.146033E-30 0.717928E-30 0.376449E-29 0.197061E-28
       13.00  0.102424E-29 0.503099E-29 0.263556E-28 0.137826E-27
       14.00  0.621157E-29 0.304844E-28 0.159548E-27 0.833513E-27
       15.00  0.332335E-28 0.162958E-27 0.852089E-27 0.444700E-26
       16.00  0.159424E-27 0.781048E-27 0.408019E-26 0.212729E-25
       17.00  0.694845E-27 0.340121E-26 0.177513E-25 0.924569E-25
       18.00  0.278188E-26 0.136053E-25 0.709412E-25 0.369122E-24
       19.00  0.103252E-25 0.504533E-25 0.262830E-24 0.136618E-23
       20.00  0.358048E-25 0.174806E-24 0.909775E-24 0.472421E-23
       21.00  0.116775E-24 0.569622E-24 0.296182E-23 0.153644E-22
       22.00  0.360249E-24 0.175575E-23 0.912068E-23 0.472658E-22
       23.00  0.105645E-23 0.514434E-23 0.266986E-22 0.138220E-21
       24.00  0.295774E-23 0.143901E-22 0.746132E-22 0.385885E-21
       25.00  0.793565E-23 0.385752E-22 0.199826E-21 0.103242E-20
       26.00  0.204723E-22 0.994291E-22 0.514578E-21 0.265593E-20
       27.00  0.509328E-22 0.247153E-21 0.127790E-20 0.658905E-20
       28.00  0.122524E-21 0.594036E-21 0.306857E-20 0.158060E-19
       29.00  0.285671E-21 0.138381E-20 0.714156E-20 0.367486E-19
       30.00  0.646918E-21 0.313099E-20 0.161432E-19 0.829848E-19
       31.00  0.142562E-20 0.689377E-20 0.355105E-19 0.182358E-18
       32.00  0.306251E-20 0.147963E-19 0.761456E-19 0.390638E-18
       33.00  0.642326E-20 0.310065E-19 0.159417E-18 0.817006E-18
       34.00  0.131722E-19 0.635295E-19 0.326325E-18 0.167071E-17
       35.00  0.264455E-19 0.127435E-18 0.653967E-18 0.334476E-17
       36.00  0.520420E-19 0.250561E-18 0.128461E-17 0.656356E-17
       37.00  0.100495E-18 0.483417E-18 0.247612E-17 0.126386E-16
       38.00  0.190615E-18 0.916126E-18 0.468809E-17 0.239047E-16
       39.00  0.355465E-18 0.170693E-17 0.872666E-17 0.444524E-16
       40.00  0.652288E-18 0.312953E-17 0.159846E-16 0.813405E-16
       42.00  0.209936E-17 0.100546E-16 0.512588E-16 0.260311E-15
       44.00  0.639109E-17 0.305558E-16 0.155481E-15 0.787983E-15
       46.00  0.184950E-16 0.882694E-16 0.448306E-15 0.226741E-14
       48.00  0.510971E-16 0.243439E-15 0.123405E-14 0.622883E-14
       50.00  0.135284E-15 0.643398E-15 0.325538E-14 0.163979E-13
       52.00  0.344395E-15 0.163503E-14 0.825709E-14 0.415076E-13
       54.00  0.845496E-15 0.400699E-14 0.201974E-13 0.101324E-12
       56.00  0.200705E-14 0.949512E-14 0.477700E-13 0.239157E-12
       58.00  0.461765E-14 0.218072E-13 0.109504E-12 0.547104E-12
       60.00  0.103186E-13 0.486446E-13 0.243805E-12 0.121561E-11
       62.00  0.224383E-13 0.105594E-12 0.528227E-12 0.262835E-11
       64.00  0.475641E-13 0.223439E-12 0.111562E-11 0.553974E-11
       66.00  0.984392E-13 0.461618E-12 0.230046E-11 0.113998E-10
       68.00  0.199196E-12 0.932453E-12 0.463801E-11 0.229362E-10
       70.00  0.394621E-12 0.184399E-11 0.915455E-11 0.451789E-10
       72.00  0.766281E-12 0.357437E-11 0.177112E-10 0.872277E-10
       74.00  0.146009E-11 0.679864E-11 0.336236E-10 0.165256E-09
       76.00  0.273271E-11 0.127018E-10 0.626988E-10 0.307523E-09
       78.00  0.502844E-11 0.233311E-10 0.114947E-09 0.562630E-09
       80.00  0.910483E-11 0.421700E-10 0.207366E-09 0.101290E-08
       82.00  0.162351E-10 0.750612E-10 0.368398E-09 0.179576E-08
       84.00  0.285300E-10 0.131671E-09 0.645003E-09 0.313759E-08
       86.00  0.494438E-10 0.227787E-09 0.111370E-08 0.540636E-08
       88.00  0.845593E-10 0.388871E-09 0.189763E-08 0.919285E-08
       90.00  0.142794E-09 0.655511E-09 0.319265E-08 0.154345E-07
       92.00  0.238230E-09 0.109167E-08 0.530677E-08 0.256019E-07
       94.00  0.392870E-09 0.179710E-08 0.871915E-08 0.419773E-07
       96.00  0.640735E-09 0.292567E-08 0.141675E-07 0.680664E-07
       98.00  0.103391E-08 0.471255E-08 0.227765E-07 0.109201E-06
      100.00  0.165140E-08 0.751359E-08 0.362445E-07 0.173411E-06
      102.00  0.261191E-08 0.118625E-07 0.571130E-07 0.272688E-06
      104.00  0.409231E-08 0.185528E-07 0.891516E-07 0.424773E-06
      106.00  0.635386E-08 0.287542E-07 0.137906E-06 0.655699E-06
      108.00  0.977945E-08 0.441773E-07 0.211466E-06 0.100336E-05
      110.00  0.149258E-07 0.673044E-07 0.321548E-06 0.152250E-05
      112.00  0.225964E-07 0.101710E-06 0.484983E-06 0.229155E-05
      114.00  0.339425E-07 0.152507E-06 0.725788E-06 0.342220E-05
      116.00  0.506023E-07 0.226952E-06 0.107799E-05 0.507224E-05
      118.00  0.748910E-07 0.335284E-06 0.158946E-05 0.746322E-05
      122.00  0.160646E-06 0.716619E-06 0.338405E-05 0.158232E-04
      126.00  0.335625E-06 0.149178E-05 0.701719E-05 0.326735E-04
      130.00  0.684063E-06 0.302954E-05 0.141953E-04 0.658187E-04
      134.00  0.136221E-05 0.601110E-05 0.280559E-04 0.129539E-03
      138.00  0.265395E-05 0.116688E-04 0.542499E-04 0.249426E-03
      142.00  0.506498E-05 0.221889E-04 0.102756E-03 0.470449E-03
      146.00  0.947981E-05 0.413788E-04 0.190873E-03 0.870184E-03
      150.00  0.174186E-04 0.757548E-04 0.348074E-03 0.158013E-02
      154.00  0.314516E-04 0.136287E-03 0.623744E-03 0.281957E-02
      158.00  0.558568E-04 0.241157E-03 0.109936E-02 0.494842E-02
      162.00  0.976502E-04 0.420057E-03 0.190736E-02 0.854881E-02
      166.00  0.168177E-03 0.720791E-03 0.325999E-02 0.145490E-01
      170.00  0.285540E-03 0.121931E-02 0.549287E-02 0.244094E-01
      174.00  0.478253E-03 0.203473E-02 0.912996E-02 0.403983E-01
      178.00  0.790692E-03 0.335164E-02 0.149793E-01 0.659963E-01
      182.00  0.129112E-02 0.545271E-02 0.242726E-01 0.106482E+00
      186.00  0.208336E-02 0.876609E-02 0.388666E-01 0.169770E+00
      190.00  0.332371E-02 0.139334E-01 0.615307E-01 0.267608E+00
      194.00  0.524503E-02 0.219064E-01 0.963533E-01 0.417248E+00
      198.00  0.819092E-02 0.340833E-01 0.149312E+00 0.643781E+00
      202.00  0.126636E-01 0.524989E-01 0.229065E+00 0.983362E+00
      206.00  0.193907E-01 0.800880E-01 0.348038E+00 0.148761E+01
      210.00  0.294172E-01 0.121047E+00 0.523914E+00 0.222961E+01
      214.00  0.442315E-01 0.181326E+00 0.781647E+00 0.331193E+01
      218.00  0.659366E-01 0.269294E+00 0.115616E+01 0.487739E+01
      222.00  0.974810E-01 0.396634E+00 0.169598E+01 0.712333E+01
      226.00  0.142968E+00 0.579532E+00 0.246799E+01 0.103204E+02
      230.00  0.208068E+00 0.840254E+00 0.356375E+01 0.148370E+02
      234.00  0.300388E+00 0.120939E+01 0.510765E+01 0.211711E+02
      238.00  0.431076E+00 0.172768E+01 0.726803E+01 0.299927E+02
      242.00  0.613949E+00 0.245132E+01 0.102701E+02 0.421937E+02
      246.00  0.868538E+00 0.345469E+01 0.144146E+02 0.589583E+02
      250.00  0.122072E+01 0.483709E+01 0.200998E+02 0.818467E+02
      254.00  0.170490E+01 0.673000E+01 0.278505E+02 0.112903E+03
      258.00  0.236661E+01 0.930649E+01 0.383540E+02 0.154789E+03
      262.00  0.326572E+01 0.127931E+02 0.525057E+02 0.210955E+03
      266.00  0.448055E+01 0.174850E+02 0.714654E+02 0.285845E+03
      270.00  0.611305E+01 0.237643E+02 0.967281E+02 0.385153E+03
      274.00  0.829526E+01 0.321239E+02 0.130211E+03 0.516143E+03
      282.00  0.150376E+02 0.577867E+02 0.232286E+03 0.912463E+03
      290.00  0.267232E+02 0.101900E+03 0.406191E+03 0.158116E+04
      298.00  0.466039E+02 0.176333E+03 0.697003E+03 0.268852E+04
      306.00  0.798382E+02 0.299731E+03 0.117480E+04 0.449013E+04
      314.00  0.134476E+03 0.500914E+03 0.194674E+04 0.737230E+04
      322.00  0.222889E+03 0.823743E+03 0.317420E+04 0.119099E+05
      330.00  0.363818E+03 0.133400E+04 0.509660E+04 0.189459E+05
      338.00  0.585256E+03 0.212898E+04 0.806420E+04 0.296986E+05
      346.00  0.928464E+03 0.335067E+04 0.125826E+05 0.459055E+05
      354.00  0.145349E+04 0.520362E+04 0.193720E+05 0.700116E+05
      362.00  0.224669E+04 0.797894E+04 0.294460E+05 0.105415E+06
      370.00  0.343075E+04 0.120861E+05 0.442143E+05 0.156783E+06
      378.00  0.517815E+04 0.180947E+05 0.656153E+05 0.230450E+06
      386.00  0.772873E+04 0.267886E+05 0.962855E+05 0.334925E+06
      394.00  0.114126E+05 0.392351E+05 0.139774E+06 0.481509E+06
      402.00  0.166797E+05 0.568734E+05 0.200807E+06 0.685059E+06
      410.00  0.241372E+05 0.816249E+05 0.285624E+06 0.964913E+06
      418.00  0.345975E+05 0.116032E+06 0.402373E+06 0.134600E+07
      426.00  0.491374E+05 0.163428E+06 0.561612E+06 0.186016E+07
      434.00  0.691729E+05 0.228145E+06 0.776894E+06 0.254770E+07
      442.00  0.965499E+05 0.315771E+06 0.106547E+07 0.345918E+07
      450.00  0.133656E+06 0.433446E+06 0.144910E+07 0.465750E+07
      458.00  0.183556E+06 0.590231E+06 0.195506E+07 0.622024E+07
      466.00  0.250152E+06 0.797530E+06 0.261720E+07 0.824232E+07
      474.00  0.338381E+06 0.106959E+07 0.347725E+07 0.108390E+08
      482.00  0.454442E+06 0.142410E+07 0.458630E+07 0.141489E+08
      490.00  0.606067E+06 0.188284E+07 0.600642E+07 0.183382E+08
      498.00  0.802837E+06 0.247246E+07 0.781244E+07 0.236036E+08
      506.00  0.105654E+07 0.322535E+07 0.100941E+08 0.301771E+08
      514.00  0.138160E+07 0.418062E+07 0.129579E+08 0.383296E+08
      522.00  0.179555E+07 0.538519E+07 0.165300E+08 0.483759E+08
      530.00  0.231957E+07 0.689499E+07 0.209584E+08 0.606787E+08
      538.00  0.297910E+07 0.877632E+07 0.264156E+08 0.756533E+08
      546.00  0.380455E+07 0.111073E+08 0.331019E+08 0.937722E+08
      554.00  0.483201E+07 0.139794E+08 0.412476E+08 0.115568E+09
      562.00  0.610413E+07 0.174990E+08 0.511167E+08 0.141640E+09
      570.00  0.767098E+07 0.217894E+08 0.630092E+08 0.172651E+09
      578.00  0.959109E+07 0.269925E+08 0.772643E+08 0.209339E+09
      586.00  0.119325E+08 0.332706E+08 0.942632E+08 0.252510E+09
      596.00  0.155726E+08 0.429140E+08 0.120024E+09 0.316941E+09
      606.00  0.201749E+08 0.549431E+08 0.151675E+09 0.394763E+09
      616.00  0.259522E+08 0.698391E+08 0.190275E+09 0.488027E+09
      626.00  0.331544E+08 0.881540E+08 0.237001E+09 0.598940E+09
      636.00  0.420722E+08 0.110517E+09 0.293159E+09 0.729851E+09
      646.00  0.530416E+08 0.137637E+09 0.360180E+09 0.883225E+09
      656.00  0.664484E+08 0.170310E+09 0.439614E+09 0.106161E+10
      666.00  0.827316E+08 0.209418E+09 0.533126E+09 0.126761E+10
      676.00  0.102388E+09 0.255932E+09 0.642482E+09 0.150380E+10
      686.00  0.125973E+09 0.310913E+09 0.769531E+09 0.177273E+10
      696.00  0.154109E+09 0.375505E+09 0.916188E+09 0.207680E+10
      706.00  0.187480E+09 0.450935E+09 0.108440E+10 0.241824E+10
      716.00  0.226838E+09 0.538504E+09 0.127614E+10 0.279902E+10
      726.00  0.273003E+09 0.639577E+09 0.149334E+10 0.322076E+10
      736.00  0.326859E+09 0.755575E+09 0.173787E+10 0.368470E+10
      746.00  0.389354E+09 0.887953E+09 0.201150E+10 0.419154E+10
      756.00  0.461497E+09 0.103819E+10 0.231583E+10 0.474145E+10
      766.00  0.544347E+09 0.120774E+10 0.265227E+10 0.533392E+10
      776.00  0.639011E+09 0.139807E+10 0.302196E+10 0.596774E+10
      786.00  0.746635E+09 0.161056E+10 0.342573E+10 0.664095E+10
      796.00  0.868391E+09 0.184652E+10 0.386406E+10 0.735077E+10
      806.00  0.100546E+10 0.210716E+10 0.433703E+10 0.809356E+10
      816.00  0.115903E+10 0.239351E+10 0.484423E+10 0.886480E+10
      826.00  0.133025E+10 0.270645E+10 0.538474E+10 0.965912E+10
      836.00  0.152026E+10 0.304663E+10 0.595711E+10 0.104703E+11
      846.00  0.173011E+10 0.341443E+10 0.655931E+10 0.112912E+11
      856.00  0.196079E+10 0.380998E+10 0.718868E+10 0.121141E+11
      866.00  0.221318E+10 0.423306E+10 0.784198E+10 0.129304E+11
      876.00  0.248803E+10 0.468311E+10 0.851532E+10 0.137312E+11
      886.00  0.278593E+10 0.515919E+10 0.920420E+10 0.145068E+11
      896.00  0.310729E+10 0.565995E+10 0.990350E+10 0.152475E+11
      906.00  0.345233E+10 0.618361E+10 0.106075E+11 0.159431E+11
      916.00  0.382102E+10 0.672796E+10 0.113101E+11 0.165836E+11
      926.00  0.421309E+10 0.729034E+10 0.120046E+11 0.171592E+11
      936.00  0.462799E+10 0.786766E+10 0.126839E+11 0.176604E+11
      946.00  0.506488E+10 0.845638E+10 0.133407E+11 0.180784E+11
      956.00  0.552260E+10 0.905252E+10 0.139674E+11 0.184050E+11
      966.00  0.599968E+10 0.965172E+10 0.145564E+11 0.186330E+11
      976.00  0.649430E+10 0.102492E+11 0.151000E+11 0.187564E+11
      986.00  0.700429E+10 0.108400E+11 0.155908E+11 0.187704E+11
      996.00  0.752718E+10 0.114186E+11 0.160214E+11 0.186718E+11
     1006.00  0.806014E+10 0.119796E+11 0.163851E+11 0.184588E+11
     1016.00  0.860001E+10 0.125173E+11 0.166756E+11 0.181315E+11
     1026.00  0.914334E+10 0.130257E+11 0.168873E+11 0.176915E+11
     1036.00  0.968639E+10 0.134992E+11 0.170153E+11 0.171423E+11
     1046.00  0.102251E+11 0.139319E+11 0.170558E+11 0.164894E+11
     1056.00  0.107553E+11 0.143183E+11 0.170057E+11 0.157396E+11
     1066.00  0.112726E+11 0.146530E+11 0.168635E+11 0.149018E+11
     1076.00  0.117722E+11 0.149311E+11 0.166283E+11 0.139864E+11
     1086.00  0.122497E+11 0.151481E+11 0.163009E+11 0.130051E+11
     1096.00  0.127003E+11 0.152998E+11 0.158831E+11 0.119709E+11
     1106.00  0.131193E+11 0.153829E+11 0.153783E+11 0.108981E+11
     1116.00  0.135020E+11 0.153945E+11 0.147908E+11 0.980158E+10
     1126.00  0.138440E+11 0.153327E+11 0.141264E+11 0.869687E+10
     1136.00  0.141410E+11 0.151961E+11 0.133922E+11 0.759984E+10
     1146.00  0.143889E+11 0.149845E+11 0.125962E+11 0.652640E+10
     1156.00  0.145841E+11 0.146984E+11 0.117476E+11 0.549215E+10
     1166.00  0.147232E+11 0.143392E+11 0.108565E+11 0.451218E+10
     1176.00  0.148034E+11 0.139094E+11 0.993389E+10 0.360070E+10
     1186.00  0.148223E+11 0.134123E+11 0.899115E+10 0.277080E+10
     1196.00  0.147783E+11 0.128521E+11 0.804030E+10 0.203420E+10
     1206.00  0.146700E+11 0.122341E+11 0.709357E+10 0.140099E+10
     1216.00  0.144970E+11 0.115642E+11 0.616326E+10 0.879461E+09
     1226.00  0.142595E+11 0.108492E+11 0.526158E+10 0.475877E+09
     1236.00  0.139583E+11 0.100967E+11 0.440039E+10 0.194386E+09
     1246.00  0.135951E+11 0.931481E+10 0.359101E+10 0.369032E+08
     1256.00  0.131722E+11 0.851223E+10 0.284403E+10 0.306652E+07
     1266.00  0.126928E+11 0.769804E+10 0.216912E+10 0.902305E+08
     1276.00  0.121606E+11 0.688160E+10 0.157486E+10 0.293509E+09
     1286.00  0.115802E+11 0.607247E+10 0.106855E+10 0.605864E+09
     1296.00  0.109567E+11 0.528018E+10 0.656106E+09 0.101824E+10
     1306.00  0.102958E+11 0.451419E+10 0.341922E+09 0.151972E+10
     1316.00  0.960393E+10 0.378367E+10 0.128774E+09 0.209780E+10
     1326.00  0.888789E+10 0.309740E+10 0.177647E+08 0.273855E+10
     1336.00  0.815488E+10 0.246363E+10 0.828050E+07 0.342697E+10
     1346.00  0.741246E+10 0.188992E+10 0.979851E+08 0.414728E+10
     1356.00  0.666840E+10 0.138307E+10 0.282843E+09 0.488320E+10
     1366.00  0.593062E+10 0.948976E+09 0.557169E+09 0.561835E+10
     1376.00  0.520703E+10 0.592537E+09 0.913711E+09 0.633654E+10
     1386.00  0.450552E+10 0.317604E+09 0.134375E+10 0.702216E+10
     1396.00  0.383374E+10 0.126909E+09 0.183722E+10 0.766047E+10
     1406.00  0.319906E+10 0.220475E+08 0.238286E+10 0.823797E+10
     1416.00  0.260842E+10 0.348755E+07 0.296835E+10 0.874269E+10
     1426.00  0.206823E+10 0.706288E+08 0.358045E+10 0.916450E+10
     1436.00  0.158422E+10 0.221930E+09 0.420508E+10 0.949540E+10
     1446.00  0.116134E+10 0.455152E+09 0.482734E+10 0.972987E+10
     1456.00  0.803594E+09 0.767815E+09 0.543132E+10 0.986527E+10
     1466.00  0.513816E+09 0.115811E+10 0.599948E+10 0.990254E+10
     1476.00  0.293354E+09 0.162690E+10 0.651092E+10 0.984750E+10
     1486.00  0.141420E+09 0.218290E+10 0.693667E+10 0.971437E+10
     1496.00  0.537660E+08 0.285919E+10 0.722430E+10 0.953663E+10
     1506.00  0.212780E+08 0.378859E+10 0.723196E+10 0.941604E+10
     1516.00  0.116906E+09 0.593723E+10 0.619194E+10 0.997255E+10
     1526.00  0.829438E+10 0.204289E+07 0.207941E+11 0.291065E+10
     1536.00  0.134778E+10 0.303387E+10 0.109846E+11 0.596443E+10
     1546.00  0.132456E+10 0.413994E+10 0.102303E+11 0.575898E+10
     1556.00  0.158126E+10 0.489335E+10 0.991139E+10 0.524314E+10
     1566.00  0.194420E+10 0.551183E+10 0.964889E+10 0.462789E+10
     1576.00  0.237377E+10 0.604445E+10 0.935873E+10 0.397618E+10
     1586.00  0.285176E+10 0.650426E+10 0.901441E+10 0.332077E+10
     1596.00  0.336549E+10 0.689337E+10 0.860803E+10 0.268463E+10
     1606.00  0.390407E+10 0.721016E+10 0.813985E+10 0.208632E+10
     1616.00  0.445723E+10 0.745194E+10 0.761459E+10 0.154160E+10
     1626.00  0.501498E+10 0.761616E+10 0.703978E+10 0.106402E+10
     1636.00  0.556749E+10 0.770096E+10 0.642489E+10 0.665037E+09
     1646.00  0.610518E+10 0.770553E+10 0.578075E+10 0.353922E+09
     1656.00  0.661873E+10 0.763031E+10 0.511917E+10 0.137726E+09
     1666.00  0.709926E+10 0.747704E+10 0.445252E+10 0.211562E+08
     1676.00  0.753843E+10 0.724887E+10 0.379343E+10 0.651622E+07
     1686.00  0.792854E+10 0.695032E+10 0.315448E+10 0.936732E+08
     1696.00  0.826268E+10 0.658725E+10 0.254787E+10 0.280072E+09
     1706.00  0.853484E+10 0.616678E+10 0.198517E+10 0.560794E+09
     1716.00  0.873998E+10 0.569723E+10 0.147706E+10 0.928672E+09
     1726.00  0.887418E+10 0.518794E+10 0.103304E+10 0.137445E+10
     1736.00  0.893467E+10 0.464917E+10 0.661246E+09 0.188697E+10
     1746.00  0.891993E+10 0.409191E+10 0.368219E+09 0.245346E+10
     1756.00  0.882968E+10 0.352767E+10 0.158773E+09 0.305980E+10
     1766.00  0.866497E+10 0.296834E+10 0.358386E+08 0.369082E+10
     1776.00  0.842811E+10 0.242591E+10 0.377855E+06 0.433071E+10
     1786.00  0.812271E+10 0.191227E+10 0.513282E+08 0.496331E+10
     1796.00  0.775361E+10 0.143903E+10 0.185591E+09 0.557257E+10
     1806.00  0.732682E+10 0.101723E+10 0.398062E+09 0.614288E+10
     1816.00  0.684942E+10 0.657135E+09 0.681707E+09 0.665946E+10
     1826.00  0.632949E+10 0.368056E+09 0.102768E+10 0.710874E+10
     1836.00  0.577596E+10 0.158106E+09 0.142548E+10 0.747869E+10
     1846.00  0.519845E+10 0.340256E+08 0.186317E+10 0.775918E+10
     1856.00  0.460716E+10 0.101170E+07 0.232759E+10 0.794218E+10
     1866.00  0.401262E+10 0.625654E+08 0.280466E+10 0.802210E+10
     1876.00  0.342552E+10 0.220366E+09 0.327969E+10 0.799590E+10
     1886.00  0.285654E+10 0.474172E+09 0.373768E+10 0.786324E+10
     1896.00  0.231608E+10 0.821750E+09 0.416375E+10 0.762658E+10
     1906.00  0.181404E+10 0.125883E+10 0.454346E+10 0.729117E+10
     1916.00  0.135965E+10 0.177911E+10 0.486324E+10 0.686499E+10
     1926.00  0.961135E+09 0.237426E+10 0.511080E+10 0.635863E+10
     1936.00  0.625579E+09 0.303400E+10 0.527551E+10 0.578509E+10
     1946.00  0.358638E+09 0.374619E+10 0.534888E+10 0.515954E+10
     1956.00  0.164340E+09 0.449696E+10 0.532488E+10 0.449894E+10
     1966.00  0.448714E+08 0.527085E+10 0.520043E+10 0.382168E+10
     1976.00  0.384190E+06 0.605106E+10 0.497569E+10 0.314709E+10
     1986.00  0.288236E+08 0.681967E+10 0.465447E+10 0.249491E+10
     1996.00  0.125788E+09 0.755789E+10 0.424456E+10 0.188467E+10
     2006.00  0.284424E+09 0.824643E+10 0.375795E+10 0.133510E+10
     2016.00  0.495378E+09 0.886585E+10 0.321111E+10 0.863353E+09
     2026.00  0.746816E+09 0.939701E+10 0.262507E+10 0.484288E+09
     2036.00  0.102453E+10 0.982153E+10 0.202547E+10 0.209670E+09
     2046.00  0.131216E+10 0.101224E+11 0.144243E+10 0.473574E+08
     2056.00  0.159161E+10 0.102846E+11 0.910154E+09 0.490933E+06
     2066.00  0.184360E+10 0.102957E+11 0.466325E+09 0.667337E+08
     2076.00  0.204854E+10 0.101472E+11 0.151047E+09 0.237611E+09
     2086.00  0.218767E+10 0.983489E+10 0.530906E+07 0.498048E+09
     2096.00  0.224452E+10 0.936003E+10 0.688205E+08 0.826219E+09
     2106.00  0.220685E+10 0.873051E+10 0.377118E+09 0.119388E+10
     2116.00  0.206876E+10 0.796162E+10 0.957911E+09 0.156738E+10
     2126.00  0.183305E+10 0.707663E+10 0.182675E+10 0.190952E+10
     2136.00  0.151349E+10 0.610691E+10 0.298233E+10 0.218244E+10
     2146.00  0.113648E+10 0.509114E+10 0.440201E+10 0.235156E+10
     2156.00  0.741581E+09 0.407349E+10 0.603852E+10 0.239030E+10
     2166.00  0.380290E+09 0.310056E+10 0.781900E+10 0.228506E+10
     2176.00  0.112472E+09 0.221716E+10 0.964753E+10 0.203960E+10
     2186.00  0.468677E+06 0.146142E+10 0.114119E+11 0.167744E+10
     2196.00  0.101402E+09 0.860123E+09 0.129947E+11 0.124151E+10
     2206.00  0.458981E+09 0.425149E+09 0.142864E+11 0.790221E+09
     2216.00  0.109654E+10 0.152200E+09 0.151996E+11 0.390361E+09
     2226.00  0.201297E+10 0.220860E+08 0.156790E+11 0.108118E+09
     2236.00  0.318251E+10 0.443222E+07 0.157076E+11 0.828334E+05
     2246.00  0.455832E+10 0.629003E+08 0.153058E+11 0.106157E+09
     2256.00  0.607880E+10 0.160709E+09 0.145255E+11 0.445622E+09
     2266.00  0.767508E+10 0.265351E+09 0.134400E+11 0.101667E+10
     2276.00  0.927809E+10 0.351807E+09 0.121341E+11 0.179885E+10
     2286.00  0.108243E+11 0.404055E+09 0.106941E+11 0.275734E+10
     2296.00  0.122593E+11 0.415093E+09 0.920006E+10 0.384792E+10
     2306.00  0.135401E+11 0.385908E+09 0.772117E+10 0.502185E+10
     2316.00  0.146353E+11 0.323835E+09 0.631312E+10 0.622984E+10
     2326.00  0.155242E+11 0.240730E+09 0.501753E+10 0.742522E+10
     2336.00  0.161963E+11 0.151195E+09 0.386263E+10 0.856606E+10
     2346.00  0.166490E+11 0.710386E+08 0.286477E+10 0.961640E+10
     2356.00  0.168868E+11 0.160057E+08 0.203028E+10 0.105470E+11
     2366.00  0.169194E+11 0.814358E+06 0.135738E+10 0.113353E+11
     2376.00  0.167604E+11 0.384497E+08 0.838018E+09 0.119655E+11
     2386.00  0.164266E+11 0.139687E+09 0.459544E+09 0.124279E+11
     2396.00  0.159369E+11 0.312803E+09 0.206150E+09 0.127186E+11
     2406.00  0.153114E+11 0.563428E+09 0.600971E+08 0.128387E+11
     2416.00  0.145709E+11 0.894525E+09 0.273129E+07 0.127939E+11
     2426.00  0.137364E+11 0.130645E+10 0.153263E+08 0.125934E+11
     2436.00  0.128287E+11 0.179708E+10 0.797558E+08 0.122500E+11
     2446.00  0.118680E+11 0.236202E+10 0.179027E+09 0.117785E+11
     2456.00  0.108735E+11 0.299480E+10 0.297693E+09 0.111960E+11
     2466.00  0.986323E+10 0.368716E+10 0.422155E+09 0.105208E+11
     2476.00  0.885393E+10 0.442930E+10 0.540874E+09 0.977174E+10
     2486.00  0.786081E+10 0.521021E+10 0.644503E+09 0.896825E+10
     2496.00  0.689744E+10 0.601794E+10 0.725937E+09 0.812931E+10
     2506.00  0.597566E+10 0.683991E+10 0.780308E+09 0.727334E+10
     2516.00  0.510552E+10 0.766323E+10 0.804924E+09 0.641770E+10
     2526.00  0.429527E+10 0.847496E+10 0.799147E+09 0.557841E+10
     2536.00  0.355136E+10 0.926239E+10 0.764244E+09 0.476987E+10
     2546.00  0.287847E+10 0.100133E+11 0.703192E+09 0.400464E+10
     2556.00  0.227955E+10 0.107162E+11 0.620459E+09 0.329329E+10
     2566.00  0.175595E+10 0.113605E+11 0.521759E+09 0.264432E+10
     2576.00  0.130748E+10 0.119369E+11 0.413798E+09 0.206408E+10
     2586.00  0.932569E+09 0.124370E+11 0.304002E+09 0.155678E+10
     2596.00  0.628365E+09 0.128542E+11 0.200255E+09 0.112457E+10
     2606.00  0.390927E+09 0.131832E+11 0.110626E+09 0.767656E+09
     2616.00  0.215370E+09 0.134201E+11 0.431171E+08 0.484376E+09
     2626.00  0.960392E+08 0.135629E+11 0.541928E+07 0.271438E+09
     2636.00  0.266822E+08 0.136107E+11 0.468876E+07 0.124101E+09
     2646.00  0.624959E+06 0.135645E+11 0.473473E+08 0.364014E+08
     2656.00  0.109434E+08 0.134266E+11 0.138908E+09 0.140162E+07
     2666.00  0.506291E+08 0.132006E+11 0.283830E+09 0.114381E+08
     2676.00  0.112747E+09 0.128914E+11 0.485406E+09 0.583778E+08
     2686.00  0.190581E+09 0.125051E+11 0.745677E+09 0.133869E+09
     2696.00  0.277769E+09 0.120486E+11 0.106539E+10 0.229583E+09
     2706.00  0.368421E+09 0.115298E+11 0.144396E+10 0.337442E+09
     2716.00  0.457222E+09 0.109570E+11 0.187953E+10 0.449829E+09
     2726.00  0.539513E+09 0.103392E+11 0.236894E+10 0.559768E+09
     2736.00  0.611363E+09 0.968555E+10 0.290790E+10 0.661088E+09
     2746.00  0.669613E+09 0.900542E+10 0.349096E+10 0.748551E+09
     2756.00  0.711906E+09 0.830807E+10 0.411176E+10 0.817951E+09
     2766.00  0.736699E+09 0.760262E+10 0.476306E+10 0.866179E+09
     2776.00  0.743254E+09 0.689780E+10 0.543694E+10 0.891266E+09
     2786.00  0.731620E+09 0.620188E+10 0.612495E+10 0.892384E+09
     2796.00  0.702589E+09 0.552256E+10 0.681828E+10 0.869824E+09
     2806.00  0.657648E+09 0.486681E+10 0.750792E+10 0.824945E+09
     2816.00  0.598913E+09 0.424085E+10 0.818486E+10 0.760099E+09
     2826.00  0.529057E+09 0.365005E+10 0.884022E+10 0.678533E+09
     2836.00  0.451226E+09 0.309888E+10 0.946541E+10 0.584275E+09
     2846.00  0.368948E+09 0.259092E+10 0.100523E+11 0.481997E+09
     2856.00  0.286046E+09 0.212881E+10 0.105934E+11 0.376882E+09
     2866.00  0.206534E+09 0.171428E+10 0.110818E+11 0.274465E+09
     2876.00  0.134529E+09 0.134816E+10 0.115116E+11 0.180486E+09
     2886.00  0.741513E+08 0.103044E+10 0.118776E+11 0.100733E+09
     2896.00  0.294341E+08 0.760311E+09 0.121756E+11 0.408926E+08
     2906.00  0.423736E+07 0.536223E+09 0.124025E+11 0.640783E+07
     2916.00  0.216615E+07 0.355974E+09 0.125562E+11 0.234224E+07
     2926.00  0.264973E+08 0.216786E+09 0.126357E+11 0.332590E+08
     2936.00  0.801140E+08 0.115394E+09 0.126408E+11 0.103113E+09
     2946.00  0.165450E+09 0.481384E+08 0.125727E+11 0.215159E+09
     2956.00  0.284441E+09 0.110625E+08 0.124331E+11 0.371879E+09
     2966.00  0.438492E+09 0.658722E+04 0.122251E+11 0.574924E+09
     2976.00  0.628450E+09 0.107024E+08 0.119522E+11 0.825077E+09
     2986.00  0.854586E+09 0.388640E+08 0.116189E+11 0.112224E+10
     2996.00  0.111659E+10 0.802744E+08 0.112303E+11 0.146542E+10
     3006.00  0.141359E+10 0.130866E+09 0.107921E+11 0.185277E+10
     3016.00  0.174415E+10 0.186794E+09 0.103102E+11 0.228160E+10
     3026.00  0.210627E+10 0.244503E+09 0.979125E+10 0.274845E+10
     3036.00  0.249750E+10 0.300782E+09 0.924177E+10 0.324913E+10
     3046.00  0.291487E+10 0.352813E+09 0.866858E+10 0.377881E+10
     3056.00  0.335504E+10 0.398208E+09 0.807849E+10 0.433211E+10
     3066.00  0.381425E+10 0.435037E+09 0.747820E+10 0.490320E+10
     3076.00  0.428847E+10 0.461848E+09 0.687425E+10 0.548587E+10
     3086.00  0.477340E+10 0.477672E+09 0.627291E+10 0.607368E+10
     3096.00  0.526455E+10 0.482023E+09 0.568009E+10 0.666004E+10
     3106.00  0.575729E+10 0.474890E+09 0.510128E+10 0.723831E+10
     3116.00  0.624695E+10 0.456715E+09 0.454149E+10 0.780194E+10
     3126.00  0.672883E+10 0.428369E+09 0.400521E+10 0.834452E+10
     3136.00  0.719831E+10 0.391120E+09 0.349634E+10 0.885995E+10
     3146.00  0.765088E+10 0.346591E+09 0.301818E+10 0.934244E+10
     3156.00  0.808221E+10 0.296721E+09 0.257344E+10 0.978667E+10
     3166.00  0.848819E+10 0.243711E+09 0.216418E+10 0.101878E+11
     3176.00  0.886499E+10 0.189979E+09 0.179183E+10 0.105416E+11
     3186.00  0.920911E+10 0.138101E+09 0.145725E+10 0.108445E+11
     3196.00  0.951739E+10 0.907614E+08 0.116069E+10 0.110934E+11
     3206.00  0.978708E+10 0.506959E+08 0.901827E+09 0.112862E+11
     3216.00  0.100158E+11 0.206379E+08 0.679856E+09 0.114212E+11
     3226.00  0.102017E+11 0.326614E+07 0.493476E+09 0.114976E+11
     3236.00  0.103433E+11 0.115451E+07 0.340963E+09 0.115153E+11
     3246.00  0.104397E+11 0.167248E+08 0.220224E+09 0.114749E+11
     3256.00  0.104902E+11 0.522033E+08 0.128847E+09 0.113775E+11
     3266.00  0.104948E+11 0.109581E+09 0.641662E+08 0.112250E+11
     3276.00  0.104539E+11 0.190579E+09 0.233171E+08 0.110199E+11
     3286.00  0.103684E+11 0.296618E+09 0.329939E+07 0.107652E+11
     3296.00  0.102394E+11 0.428796E+09 0.103509E+07 0.104643E+11
     3306.00  0.100686E+11 0.587866E+09 0.134266E+08 0.101212E+11
     3316.00  0.985807E+10 0.774225E+09 0.374115E+08 0.974001E+10
     3326.00  0.961003E+10 0.987903E+09 0.700148E+08 0.932541E+10
     3336.00  0.932720E+10 0.122857E+10 0.108396E+09 0.888214E+10
     3346.00  0.901247E+10 0.149551E+10 0.149895E+09 0.841510E+10
     3356.00  0.866899E+10 0.178768E+10 0.192068E+09 0.792930E+10
     3366.00  0.830010E+10 0.210368E+10 0.232720E+09 0.742975E+10
     3376.00  0.790928E+10 0.244178E+10 0.269936E+09 0.692142E+10
     3386.00  0.750013E+10 0.279994E+10 0.302103E+09 0.640916E+10
     3396.00  0.707629E+10 0.317586E+10 0.327921E+09 0.589764E+10
     3406.00  0.664147E+10 0.356698E+10 0.346418E+09 0.539131E+10
     3416.00  0.619933E+10 0.397052E+10 0.356953E+09 0.489436E+10
     3426.00  0.575351E+10 0.438351E+10 0.359216E+09 0.441064E+10
     3436.00  0.530754E+10 0.480285E+10 0.353220E+09 0.394368E+10
     3446.00  0.486484E+10 0.522529E+10 0.339291E+09 0.349659E+10
     3456.00  0.442870E+10 0.564756E+10 0.318051E+09 0.307212E+10
     3466.00  0.400221E+10 0.606630E+10 0.290399E+09 0.267258E+10
     3476.00  0.358825E+10 0.647818E+10 0.257486E+09 0.229985E+10
     3486.00  0.318948E+10 0.687990E+10 0.220689E+09 0.195537E+10
     3496.00  0.280834E+10 0.726825E+10 0.181580E+09 0.164017E+10
     3506.00  0.244696E+10 0.764010E+10 0.141894E+09 0.135484E+10
     3516.00  0.210724E+10 0.799249E+10 0.103497E+09 0.109959E+10
     3526.00  0.179076E+10 0.832260E+10 0.683468E+08 0.874202E+09
     3536.00  0.149884E+10 0.862784E+10 0.384633E+08 0.678131E+09
     3546.00  0.123250E+10 0.890583E+10 0.158883E+08 0.510479E+09
     3556.00  0.992448E+09 0.915443E+10 0.265252E+07 0.370045E+09
     3566.00  0.779137E+09 0.937177E+10 0.741021E+06 0.255358E+09
     3576.00  0.592720E+09 0.955626E+10 0.120603E+08 0.164712E+09
     3586.00  0.433083E+09 0.970662E+10 0.384073E+08 0.962051E+08
     3596.00  0.299853E+09 0.982183E+10 0.814406E+08 0.477778E+08
     3606.00  0.192412E+09 0.990122E+10 0.142654E+09 0.172527E+08
     3616.00  0.109913E+09 0.994441E+10 0.223352E+09 0.237371E+07
     3626.00  0.512991E+08 0.995132E+10 0.324631E+09 0.845461E+06
     3636.00  0.153203E+08 0.992219E+10 0.447360E+09 0.103705E+08
     3646.00  0.557511E+06 0.985753E+10 0.592168E+09 0.286853E+08
     3656.00  0.544270E+07 0.975815E+10 0.759430E+09 0.535949E+08
     3666.00  0.282818E+08 0.962514E+10 0.949264E+09 0.830036E+08
     3676.00  0.672777E+08 0.945982E+10 0.116153E+10 0.114944E+09
     3686.00  0.120553E+09 0.926378E+10 0.139580E+10 0.147604E+09
     3696.00  0.186175E+09 0.903881E+10 0.165143E+10 0.179347E+09
     3706.00  0.262176E+09 0.878689E+10 0.192748E+10 0.208733E+09
     3716.00  0.346577E+09 0.851018E+10 0.222279E+10 0.234532E+09
     3726.00  0.437410E+09 0.821100E+10 0.253595E+10 0.255737E+09
     3736.00  0.532737E+09 0.789178E+10 0.286535E+10 0.271574E+09
     3746.00  0.630672E+09 0.755508E+10 0.320916E+10 0.281502E+09
     3756.00  0.729397E+09 0.720349E+10 0.356537E+10 0.285216E+09
     3766.00  0.827180E+09 0.683968E+10 0.393182E+10 0.282647E+09
     3776.00  0.922393E+09 0.646634E+10 0.430621E+10 0.273952E+09
     3786.00  0.101352E+10 0.608615E+10 0.468612E+10 0.259505E+09
     3796.00  0.109917E+10 0.570177E+10 0.506904E+10 0.239890E+09
     3806.00  0.117810E+10 0.531582E+10 0.545240E+10 0.215881E+09
     3816.00  0.124921E+10 0.493083E+10 0.583358E+10 0.188427E+09
     3826.00  0.131154E+10 0.454926E+10 0.620997E+10 0.158636E+09
     3836.00  0.136430E+10 0.417345E+10 0.657895E+10 0.127747E+09
     3846.00  0.140687E+10 0.380562E+10 0.693796E+10 0.971168E+08
     3856.00  0.143878E+10 0.344783E+10 0.728447E+10 0.681908E+08
     3866.00  0.145972E+10 0.310200E+10 0.761608E+10 0.424812E+08
     3876.00  0.146954E+10 0.276988E+10 0.793047E+10 0.215422E+08
     3886.00  0.146826E+10 0.245304E+10 0.822546E+10 0.694573E+07
     3896.00  0.145605E+10 0.215286E+10 0.849902E+10 0.257387E+06
     3906.00  0.143321E+10 0.187053E+10 0.874927E+10 0.301235E+07
     3916.00  0.140018E+10 0.160704E+10 0.897452E+10 0.166927E+08
     3926.00  0.135754E+10 0.136319E+10 0.917330E+10 0.427053E+08
     3936.00  0.130599E+10 0.113957E+10 0.934431E+10 0.823616E+08
     3946.00  0.124633E+10 0.936587E+09 0.948649E+10 0.136858E+09
     3956.00  0.117944E+10 0.754448E+09 0.959897E+10 0.207259E+09
     3966.00  0.110632E+10 0.593172E+09 0.968115E+10 0.294482E+09
     3976.00  0.102800E+10 0.452599E+09 0.973263E+10 0.399281E+09
     3986.00  0.945613E+09 0.332396E+09 0.975324E+10 0.522241E+09
     3996.00  0.860297E+09 0.232069E+09 0.974306E+10 0.663763E+09
     4006.00  0.773240E+09 0.150969E+09 0.970236E+10 0.824059E+09
     4016.00  0.685646E+09 0.883098E+08 0.963165E+10 0.100315E+10
     4026.00  0.598723E+09 0.431768E+08 0.953165E+10 0.120086E+10
     4036.00  0.513670E+09 0.145420E+08 0.940327E+10 0.141681E+10
     4046.00  0.431665E+09 0.127749E+07 0.924761E+10 0.165045E+10
     4056.00  0.353856E+09 0.217053E+07 0.906596E+10 0.190101E+10
     4066.00  0.281344E+09 0.159380E+08 0.885975E+10 0.216757E+10
     4076.00  0.215178E+09 0.412417E+08 0.863057E+10 0.244900E+10
     4086.00  0.156341E+09 0.767030E+08 0.838014E+10 0.274403E+10
     4096.00  0.105743E+09 0.120918E+09 0.811030E+10 0.305124E+10
     4106.00  0.642118E+08 0.172471E+09 0.782296E+10 0.336905E+10
     4116.00  0.324868E+08 0.229951E+09 0.752016E+10 0.369577E+10
     4126.00  0.112123E+08 0.291962E+09 0.720394E+10 0.402961E+10
     4136.00  0.931868E+06 0.357141E+09 0.687644E+10 0.436865E+10
     4146.00  0.208475E+07 0.424162E+09 0.653978E+10 0.471093E+10
     4156.00  0.150024E+08 0.491758E+09 0.619611E+10 0.505442E+10
     4166.00  0.399067E+08 0.558723E+09 0.584758E+10 0.539706E+10
     4176.00  0.769082E+08 0.623925E+09 0.549628E+10 0.573676E+10
     4186.00  0.126007E+09 0.686316E+09 0.514429E+10 0.607143E+10
     4196.00  0.187093E+09 0.744935E+09 0.479361E+10 0.639899E+10
     4206.00  0.259949E+09 0.798920E+09 0.444618E+10 0.671741E+10
     4216.00  0.344251E+09 0.847509E+09 0.410385E+10 0.702469E+10
     4226.00  0.439574E+09 0.890047E+09 0.376836E+10 0.731893E+10
     4236.00  0.545396E+09 0.925986E+09 0.344138E+10 0.759828E+10
     4246.00  0.661104E+09 0.954891E+09 0.312440E+10 0.786101E+10
     4256.00  0.785999E+09 0.976438E+09 0.281884E+10 0.810550E+10
     4266.00  0.919301E+09 0.990413E+09 0.252596E+10 0.833025E+10
     4276.00  0.106016E+10 0.996713E+09 0.224687E+10 0.853390E+10
     4286.00  0.120766E+10 0.995343E+09 0.198255E+10 0.871523E+10
     4296.00  0.136083E+10 0.986413E+09 0.173384E+10 0.887319E+10
     4306.00  0.151865E+10 0.970133E+09 0.150140E+10 0.900688E+10
     4316.00  0.168007E+10 0.946807E+09 0.128579E+10 0.911556E+10
     4326.00  0.184398E+10 0.916833E+09 0.108736E+10 0.919869E+10
     4336.00  0.200929E+10 0.880688E+09 0.906366E+09 0.925588E+10
     4346.00  0.217486E+10 0.838929E+09 0.742892E+09 0.928692E+10
     4356.00  0.233958E+10 0.792179E+09 0.596891E+09 0.929176E+10
     4366.00  0.250232E+10 0.741124E+09 0.468182E+09 0.927056E+10
     4376.00  0.266196E+10 0.686504E+09 0.356457E+09 0.922361E+10
     4386.00  0.281744E+10 0.629101E+09 0.261288E+09 0.915137E+10
     4396.00  0.296768E+10 0.569733E+09 0.182136E+09 0.905449E+10
     4406.00  0.311168E+10 0.509245E+09 0.118357E+09 0.893372E+10
     4416.00  0.324845E+10 0.448499E+09 0.692163E+08 0.878999E+10
     4426.00  0.337709E+10 0.388367E+09 0.338923E+08 0.862435E+10
     4436.00  0.349674E+10 0.329720E+09 0.114919E+08 0.843796E+10
     4446.00  0.360659E+10 0.273421E+09 0.105827E+07 0.823212E+10
     4456.00  0.370593E+10 0.220315E+09 0.158235E+07 0.800821E+10
     4466.00  0.379410E+10 0.171224E+09 0.120135E+08 0.776770E+10
     4476.00  0.387053E+10 0.126937E+09 0.312704E+08 0.751213E+10
     4486.00  0.393474E+10 0.882018E+08 0.582516E+08 0.724312E+10
     4511.00  0.403934E+10 0.201346E+08 0.152214E+09 0.652271E+10
     4536.00  0.406138E+10 0.447464E+06 0.270382E+09 0.575531E+10
     4561.00  0.400046E+10 0.360405E+08 0.396579E+09 0.496765E+10
     4586.00  0.385965E+10 0.130937E+09 0.516392E+09 0.418542E+10
     4611.00  0.364522E+10 0.286099E+09 0.617828E+09 0.343214E+10
     4636.00  0.336640E+10 0.499409E+09 0.691792E+09 0.272837E+10
     4661.00  0.303483E+10 0.765798E+09 0.732371E+09 0.209090E+10
     4686.00  0.266415E+10 0.107752E+10 0.736939E+09 0.153239E+10
     4711.00  0.226932E+10 0.142456E+10 0.706067E+09 0.106105E+10
     4736.00  0.186607E+10 0.179510E+10 0.643281E+09 0.680686E+09
     4761.00  0.147023E+10 0.217608E+10 0.554671E+09 0.390864E+09
     4786.00  0.109715E+10 0.255382E+10 0.448395E+09 0.187324E+09
     4811.00  0.761154E+09 0.291459E+10 0.334095E+09 0.625016E+08
     4836.00  0.474988E+09 0.324523E+10 0.222271E+09 0.619517E+07
     4861.00  0.249439E+09 0.353369E+10 0.123645E+09 0.629364E+07
     4886.00  0.929789E+08 0.376952E+10 0.485373E+08 0.495475E+08
     4911.00  0.115355E+08 0.394426E+10 0.629787E+07 0.122334E+09
     4936.00  0.835181E+07 0.405179E+10 0.480315E+07 0.211380E+09
     4961.00  0.839532E+08 0.408848E+10 0.500508E+08 0.304421E+09
     4986.00  0.236211E+09 0.405335E+10 0.145858E+09 0.390747E+09
     5011.00  0.460493E+09 0.394800E+10 0.293677E+09 0.461649E+09
     5036.00  0.749901E+09 0.377658E+10 0.492524E+09 0.510722E+09
     5061.00  0.109557E+10 0.354553E+10 0.739031E+09 0.534035E+09
     5086.00  0.148701E+10 0.326329E+10 0.102759E+10 0.530171E+09
     5111.00  0.191254E+10 0.294003E+10 0.135063E+10 0.500134E+09
     5136.00  0.235965E+10 0.258716E+10 0.169892E+10 0.447145E+09
     5161.00  0.281545E+10 0.221696E+10 0.206196E+10 0.376335E+09
     5186.00  0.326711E+10 0.184209E+10 0.242847E+10 0.294362E+09
     5211.00  0.370221E+10 0.147519E+10 0.278679E+10 0.208976E+09
     5236.00  0.410915E+10 0.112841E+10 0.312537E+10 0.128545E+09
     5261.00  0.447745E+10 0.813013E+09 0.343323E+10 0.615775E+08
     5286.00  0.479800E+10 0.539054E+09 0.370039E+10 0.162557E+08
     5311.00  0.506333E+10 0.315053E+09 0.391819E+10 0.337125E+04
     5336.00  0.526769E+10 0.147765E+09 0.407963E+10 0.191041E+08
     5361.00  0.540721E+10 0.420161E+08 0.417960E+10 0.783859E+08
     5386.00  0.547990E+10 0.598572E+06 0.421507E+10 0.180982E+09
     5411.00  0.548560E+10 0.242475E+08 0.418511E+10 0.328176E+09
     5436.00  0.542593E+10 0.111679E+09 0.409093E+10 0.519329E+09
     5461.00  0.530416E+10 0.259692E+09 0.393583E+10 0.751898E+09
     5511.00  0.489437E+10 0.716098E+09 0.346533E+10 0.132225E+10
     5561.00  0.430751E+10 0.133678E+10 0.283407E+10 0.198623E+10
     5611.00  0.360701E+10 0.204891E+10 0.212055E+10 0.267331E+10
     5661.00  0.286022E+10 0.277301E+10 0.141072E+10 0.330598E+10
     5711.00  0.213071E+10 0.343251E+10 0.786901E+09 0.381102E+10
     5761.00  0.147182E+10 0.396202E+10 0.318046E+09 0.412966E+10
     5811.00  0.922147E+09 0.431367E+10 0.521849E+08 0.422534E+10
     5861.00  0.503228E+09 0.446086E+10 0.119767E+08 0.408810E+10
     5911.00  0.219447E+09 0.439926E+10 0.193594E+09 0.373524E+10
     5961.00  0.599368E+08 0.414530E+10 0.568793E+09 0.320837E+10
     6011.00  0.202746E+07 0.373242E+10 0.108964E+10 0.256763E+10
     6061.00  0.157050E+08 0.320601E+10 0.169512E+10 0.188385E+10
     6111.00  0.684586E+08 0.261744E+10 0.231865E+10 0.122990E+10
     6161.00  0.129942E+09 0.201811E+10 0.289561E+10 0.672317E+09
     6211.00  0.175946E+09 0.145420E+10 0.337004E+10 0.264168E+09
     6261.00  0.191304E+09 0.962428E+09 0.369973E+10 0.399500E+08
     6311.00  0.171506E+09 0.567397E+09 0.385954E+10 0.129167E+08
     6361.00  0.122949E+09 0.280485E+09 0.384242E+10 0.174957E+09
     6411.00  0.619092E+08 0.100315E+09 0.365863E+10 0.498824E+09
     6461.00  0.124182E+08 0.145672E+08 0.333305E+10 0.942267E+09
     6511.00  0.335790E+07 0.281721E+07 0.290138E+10 0.145344E+10
     6561.00  0.651005E+08 0.399868E+08 0.240550E+10 0.197693E+10
     6611.00  0.226063E+09 0.999889E+08 0.188870E+10 0.245957E+10
     6661.00  0.509512E+09 0.159164E+09 0.139127E+10 0.285568E+10
     6711.00  0.930908E+09 0.199164E+09 0.946796E+09 0.313097E+10
     6761.00  0.149601E+10 0.209030E+09 0.579560E+09 0.326497E+10
     6811.00  0.219989E+10 0.186318E+09 0.303181E+09 0.325194E+10
     6861.00  0.302682E+10 0.137209E+09 0.120469E+09 0.310006E+10
     6911.00  0.395119E+10 0.756928E+08 0.244432E+08 0.282946E+10
     6961.00  0.493906E+10 0.219364E+08 0.271884E+06 0.246915E+10
     7011.00  0.595046E+10 0.582461E+05 0.278605E+08 0.205341E+10
     7061.00  0.694202E+10 0.355539E+08 0.847649E+08 0.161798E+10
     7111.00  0.786983E+10 0.152627E+09 0.149110E+09 0.119651E+10
     7161.00  0.869229E+10 0.371677E+09 0.202224E+09 0.817517E+09
     7211.00  0.937263E+10 0.707156E+09 0.230744E+09 0.502200E+09
     7261.00  0.988110E+10 0.116597E+10 0.228029E+09 0.263144E+09
     7311.00  0.101966E+11 0.174653E+10 0.194794E+09 0.104038E+09
     7361.00  0.103077E+11 0.243850E+10 0.138948E+09 0.203065E+08
     7411.00  0.102129E+11 0.322326E+10 0.747088E+08 0.505384E+06
     7511.00  0.944729E+10 0.496221E+10 0.737787E+05 0.847622E+08
     7611.00  0.806311E+10 0.670127E+10 0.144816E+09 0.209228E+09
     7711.00  0.631396E+10 0.815529E+10 0.660397E+09 0.256067E+09
     7811.00  0.448241E+10 0.908345E+10 0.161754E+10 0.187343E+09
     7911.00  0.282044E+10 0.934196E+10 0.297447E+10 0.596223E+08
     8011.00  0.150514E+10 0.891006E+10 0.457934E+10 0.197604E+07
     8111.00  0.617351E+09 0.788586E+10 0.620373E+10 0.168456E+09
     8211.00  0.144174E+09 0.645648E+10 0.759546E+10 0.682821E+09
     8311.00  0.818971E+06 0.485246E+10 0.853543E+10 0.159352E+10
     8411.00  0.637113E+08 0.329898E+10 0.888349E+10 0.285171E+10
     8511.00  0.205613E+09 0.197480E+10 0.860359E+10 0.431710E+10
     8611.00  0.324762E+09 0.986819E+09 0.776403E+10 0.578792E+10
     8711.00  0.362718E+09 0.363248E+09 0.651590E+10 0.704552E+10
     8811.00  0.308967E+09 0.637488E+08 0.505669E+10 0.790118E+10
     8911.00  0.193559E+09 0.173449E+07 0.358916E+10 0.823369E+10
     9011.00  0.713590E+08 0.720039E+08 0.228452E+10 0.800986E+10
     9111.00  0.273316E+07 0.177040E+09 0.125712E+10 0.728516E+10
     9211.00  0.354548E+08 0.246674E+09 0.554035E+09 0.618628E+10
     9311.00  0.191663E+09 0.248108E+09 0.159403E+09 0.488167E+10
     9411.00  0.462103E+09 0.185789E+09 0.102803E+08 0.354744E+10
     9511.00  0.808100E+09 0.928297E+08 0.188882E+08 0.233626E+10
     9611.00  0.117012E+10 0.171232E+08 0.957162E+08 0.135501E+10
     9711.00  0.148064E+10 0.590241E+07 0.168658E+09 0.654373E+09
     9811.00  0.167838E+10 0.922580E+08 0.194954E+09 0.230560E+09
     9911.00  0.172124E+10 0.286231E+09 0.164685E+09 0.369614E+08
    10011.00  0.159550E+10 0.571846E+09 0.964619E+08 0.188328E+07
    10111.00  0.131985E+10 0.910123E+09 0.274023E+08 0.478896E+08
    10211.00  0.943966E+09 0.124695E+10 0.311762E+06 0.108722E+09
    10311.00  0.541967E+09 0.152392E+10 0.510939E+08 0.140857E+09
    10411.00  0.202119E+09 0.168997E+10 0.198964E+09 0.128272E+09
    10511.00  0.144836E+08 0.171148E+10 0.441149E+09 0.805572E+08
    10611.00  0.583958E+08 0.157940E+10 0.752710E+09 0.257329E+08
    10711.00  0.391545E+09 0.131212E+10 0.109107E+10 0.414460E+04
    10811.00  0.104202E+10 0.953992E+09 0.140407E+10 0.369051E+08
    10911.00  0.200421E+10 0.569768E+09 0.163978E+10 0.158095E+09
    11011.00  0.323882E+10 0.236141E+09 0.175629E+10 0.367453E+09
    11111.00  0.467675E+10 0.315717E+08 0.172973E+10 0.649319E+09
    11211.00  0.622624E+10 0.259874E+08 0.155933E+10 0.970858E+09
    11311.00  0.778207E+10 0.271678E+09 0.126880E+10 0.128782E+10
    11411.00  0.923582E+10 0.796511E+09 0.904025E+09 0.155245E+10
    11511.00  0.104860E+11 0.160018E+10 0.527504E+09 0.172198E+10
    11611.00  0.114469E+11 0.265376E+10 0.210537E+09 0.176639E+10
    11711.00  0.120555E+11 0.390244E+10 0.242347E+08 0.167403E+10
    11811.00  0.122760E+11 0.527091E+10 0.306326E+08 0.145450E+10
    11911.00  0.121014E+11 0.667068E+10 0.275011E+09 0.113832E+10
    12011.00  0.115527E+11 0.800842E+10 0.780297E+09 0.773658E+09
    12111.00  0.106755E+11 0.919431E+10 0.154410E+10 0.420685E+09
    12211.00  0.953531E+10 0.101498E+11 0.253861E+10 0.144320E+09
    12311.00  0.821104E+10 0.108138E+11 0.371310E+10 0.646455E+07
    12411.00  0.678860E+10 0.111469E+11 0.499881E+10 0.586420E+08
    12511.00  0.535410E+10 0.111339E+11 0.631534E+10 0.335929E+09
    12611.00  0.398783E+10 0.107833E+11 0.757790E+10 0.852812E+09
    12711.00  0.275926E+10 0.101258E+11 0.870472E+10 0.160133E+10
    12811.00  0.172335E+10 0.921057E+10 0.962377E+10 0.255162E+10
    12911.00  0.918202E+09 0.810063E+10 0.102782E+11 0.365457E+10
    13011.00  0.364253E+09 0.686733E+10 0.106304E+11 0.484638E+10
    13111.00  0.646947E+08 0.558489E+10 0.106640E+11 0.605423E+10
    13211.00  0.707245E+07 0.432516E+10 0.103839E+11 0.720260E+10
    13311.00  0.165741E+09 0.315301E+10 0.981505E+10 0.821959E+10
    13411.00  0.504905E+09 0.212265E+10 0.899950E+10 0.904252E+10
    13511.00  0.981958E+09 0.127513E+10 0.799218E+10 0.962254E+10
    13611.00  0.155086E+10 0.636964E+09 0.685649E+10 0.992781E+10
    13711.00  0.216529E+10 0.219853E+09 0.565934E+10 0.994514E+10
    13811.00  0.278147E+10 0.214691E+08 0.446655E+10 0.968000E+10
    13911.00  0.336040E+10 0.270458E+08 0.333867E+10 0.915523E+10
    14011.00  0.386959E+10 0.211602E+09 0.232754E+10 0.840837E+10
    14111.00  0.428409E+10 0.542554E+09 0.147387E+10 0.748823E+10
    14211.00  0.458698E+10 0.982496E+09 0.805726E+09 0.645096E+10
    14311.00  0.476932E+10 0.149194E+10 0.338018E+09 0.535577E+10
    14411.00  0.482962E+10 0.203186E+10 0.729214E+08 0.426104E+10
    14511.00  0.477297E+10 0.256585E+10 0.103093E+07 0.322067E+10
    14611.00  0.460991E+10 0.306192E+10 0.103129E+09 0.228114E+10
    14711.00  0.435517E+10 0.349373E+10 0.352352E+09 0.147936E+10
    14811.00  0.402629E+10 0.384136E+10 0.716577E+09 0.841347E+09
    14911.00  0.364238E+10 0.409160E+10 0.116083E+10 0.381699E+09
    15011.00  0.322291E+10 0.423786E+10 0.164961E+10 0.103897E+09
    15111.00  0.278665E+10 0.427966E+10 0.214887E+10 0.121081E+07
    15211.00  0.235087E+10 0.422185E+10 0.262781E+10 0.581495E+08
    15311.00  0.193064E+10 0.407374E+10 0.306010E+10 0.252260E+09
    15411.00  0.153845E+10 0.384796E+10 0.342482E+10 0.556133E+09
    15511.00  0.118394E+10 0.355942E+10 0.370687E+10 0.939461E+09
    15611.00  0.873861E+09 0.322426E+10 0.389712E+10 0.137102E+10
    15711.00  0.612175E+09 0.285887E+10 0.399206E+10 0.182046E+10
    15811.00  0.400276E+09 0.247904E+10 0.399336E+10 0.225981E+10
    15911.00  0.237314E+09 0.209932E+10 0.390706E+10 0.266472E+10
    16011.00  0.120561E+09 0.173246E+10 0.374274E+10 0.301527E+10
    16111.00  0.458269E+08 0.138904E+10 0.351260E+10 0.329651E+10
    16211.00  0.786868E+07 0.107734E+10 0.323047E+10 0.349859E+10
    16311.00  0.787912E+06 0.803221E+09 0.291096E+10 0.361670E+10
    16411.00  0.183935E+08 0.570235E+09 0.256865E+10 0.365061E+10
    16511.00  0.545192E+08 0.379794E+09 0.221738E+10 0.360420E+10
    16611.00  0.103287E+09 0.231415E+09 0.186972E+10 0.348469E+10
    16711.00  0.159314E+09 0.123021E+09 0.153655E+10 0.330191E+10
    16811.00  0.217864E+09 0.512691E+08 0.122680E+10 0.306744E+10
    16911.00  0.274937E+09 0.118877E+08 0.947323E+09 0.279389E+10
    17011.00  0.327321E+09 0.468508E+03 0.702854E+09 0.249413E+10
    17111.00  0.372595E+09 0.104280E+08 0.496127E+09 0.218066E+10
    17211.00  0.409089E+09 0.379550E+08 0.328026E+09 0.186509E+10
    17311.00  0.435834E+09 0.775556E+08 0.197820E+09 0.155772E+10
    17411.00  0.452474E+09 0.124575E+09 0.103426E+09 0.126727E+10
    17511.00  0.459179E+09 0.174861E+09 0.417014E+08 0.100069E+10
    17611.00  0.456539E+09 0.224861E+09 0.872880E+07 0.763080E+09
    17711.00  0.445474E+09 0.271663E+09 0.101237E+06 0.557783E+09
    17811.00  0.427128E+09 0.313014E+09 0.111773E+08 0.386437E+09
    17911.00  0.402787E+09 0.347303E+09 0.373093E+08 0.249175E+09
    18011.00  0.373799E+09 0.373516E+09 0.740347E+08 0.144832E+09
    18111.00  0.341504E+09 0.391176E+09 0.117229E+09 0.711815E+08
    18211.00  0.307180E+09 0.400269E+09 0.163219E+09 0.251871E+08
    18311.00  0.272007E+09 0.401169E+09 0.208861E+09 0.324760E+07
    18411.00  0.237024E+09 0.394549E+09 0.251576E+09 0.142755E+07
    18511.00  0.203121E+09 0.381303E+09 0.289368E+09 0.156667E+08
    18611.00  0.171022E+09 0.362473E+09 0.320800E+09 0.419610E+08
    18711.00  0.141286E+09 0.339177E+09 0.344964E+09 0.765128E+08
    18811.00  0.114315E+09 0.312547E+09 0.361425E+09 0.115847E+09
    18911.00  0.903595E+08 0.283689E+09 0.370156E+09 0.156898E+09
    19011.00  0.695375E+08 0.253634E+09 0.371474E+09 0.197062E+09
    19111.00  0.518509E+08 0.223313E+09 0.365961E+09 0.234224E+09
    19311.00  0.254259E+08 0.164977E+09 0.337711E+09 0.293525E+09
    19511.00  0.950448E+07 0.113556E+09 0.292915E+09 0.327295E+09
    19711.00  0.184200E+07 0.718034E+08 0.239480E+09 0.334277E+09
    19911.00  0.133158E+05 0.406225E+08 0.184442E+09 0.317722E+09
    20111.00  0.176550E+07 0.194987E+08 0.133244E+09 0.283535E+09
    20311.00  0.523296E+07 0.698904E+07 0.894583E+08 0.238607E+09
    20511.00  0.903189E+07 0.117979E+07 0.548676E+08 0.189536E+09
    20711.00  0.122617E+08 0.581403E+05 0.297625E+08 0.141782E+09
    20911.00  0.144448E+08 0.177901E+07 0.133438E+08 0.992546E+08
    21111.00  0.154345E+08 0.482529E+07 0.414185E+07 0.642439E+08
    21311.00  0.153129E+08 0.807603E+07 0.390455E+06 0.376024E+08
    21511.00  0.142976E+08 0.108042E+08 0.321249E+06 0.190609E+08
    21711.00  0.126636E+08 0.126273E+08 0.236678E+07 0.759294E+07
    21911.00  0.106875E+08 0.134328E+08 0.527519E+07 0.176189E+07
    22111.00  0.861051E+07 0.132962E+08 0.815025E+07 0.933597E+04
    22311.00  0.662011E+07 0.124039E+08 0.104355E+08 0.866757E+06
    22511.00  0.484426E+07 0.109898E+08 0.118628E+08 0.308968E+07
    22711.00  0.335509E+07 0.928814E+07 0.123825E+08 0.572298E+07
    22911.00  0.217807E+07 0.750289E+07 0.120918E+08 0.811200E+07
    23111.00  0.130337E+07 0.579212E+07 0.111698E+08 0.987546E+07
    23311.00  0.697594E+06 0.426344E+07 0.982504E+07 0.108558E+08
    23511.00  0.314291E+06 0.297741E+07 0.825948E+07 0.110600E+08
    23711.00  0.102516E+06 0.195542E+07 0.664507E+07 0.106007E+08
    23911.00  0.131726E+05 0.118955E+07 0.511328E+07 0.964518E+07
    24111.00  0.313740E+04 0.652437E+06 0.375257E+07 0.837552E+07
    24311.00  0.374752E+05 0.305956E+06 0.261213E+07 0.696083E+07
    24511.00  0.900884E+05 0.108186E+06 0.170840E+07 0.554093E+07
    24711.00  0.143243E+06 0.184672E+05 0.103317E+07 0.421949E+07
    24911.00  0.186375E+06 0.684126E+03 0.561603E+06 0.306354E+07
    25111.00  0.214552E+06 0.250534E+05 0.259445E+06 0.210754E+07
    25311.00  0.226861E+06 0.687424E+05 0.890175E+05 0.135951E+07
    25511.00  0.224947E+06 0.115645E+06 0.137382E+05 0.807935E+06
    25711.00  0.211803E+06 0.155608E+06 0.117902E+04 0.428566E+06
    25911.00  0.190873E+06 0.183344E+06 0.247775E+05 0.190315E+06
    26111.00  0.165454E+06 0.197240E+06 0.644221E+05 0.601556E+05
    26311.00  0.138352E+06 0.198183E+06 0.106186E+06 0.675086E+04
    26511.00  0.111740E+06 0.188538E+06 0.141504E+06 0.286943E+04
    26711.00  0.871408E+05 0.171303E+06 0.166069E+06 0.266479E+05
    26911.00  0.654980E+05 0.149507E+06 0.178664E+06 0.618949E+05
 K.E.IE==>     20           21           22           23
        1.00  0.000000E+00 0.000000E+00 0.000000E+00 0.000000E+00
        2.00  0.000000E+00 0.000000E+00 0.000000E+00 0.000000E+00
        3.00  0.000000E+00 0.000000E+00 0.000000E+00 0.000000E+00
        4.00  0.000000E+00 0.000000E+00 0.000000E+00 0.648463E-37
        5.00  0.586737E-37 0.340598E-36 0.149590E-35 0.150313E-34
        6.00  0.502317E-35 0.291245E-34 0.127746E-33 0.128160E-32
        7.00  0.215658E-33 0.124891E-32 0.547076E-32 0.547979E-31
        8.00  0.558676E-32 0.323151E-31 0.141368E-30 0.141377E-29
        9.00  0.983981E-31 0.568478E-30 0.248364E-29 0.247985E-28
       10.00  0.127830E-29 0.737636E-29 0.321845E-28 0.320843E-27
       11.00  0.129820E-28 0.748223E-28 0.326035E-27 0.324503E-26
       12.00  0.107584E-27 0.619324E-27 0.269512E-26 0.267820E-25
       13.00  0.751627E-27 0.432170E-26 0.187820E-25 0.186345E-24
       14.00  0.454056E-26 0.260761E-25 0.113177E-24 0.112110E-23
       15.00  0.241986E-25 0.138805E-24 0.601655E-24 0.595032E-23
       16.00  0.115631E-24 0.662472E-24 0.286774E-23 0.283166E-22
       17.00  0.502009E-24 0.287267E-23 0.124189E-22 0.122432E-21
       18.00  0.200201E-23 0.114425E-22 0.494022E-22 0.486258E-21
       19.00  0.740165E-23 0.422535E-22 0.182186E-21 0.179038E-20
       20.00  0.255667E-22 0.145777E-21 0.627724E-21 0.615894E-20
       21.00  0.830587E-22 0.473020E-21 0.203416E-20 0.199265E-19
       22.00  0.255235E-21 0.145182E-20 0.623513E-20 0.609817E-19
       23.00  0.745566E-21 0.423583E-20 0.181676E-19 0.177403E-18
       24.00  0.207921E-20 0.117986E-19 0.505376E-19 0.492703E-18
       25.00  0.555674E-20 0.314942E-19 0.134723E-18 0.131135E-17
       26.00  0.142792E-19 0.808336E-19 0.345325E-18 0.335594E-17
       27.00  0.353861E-19 0.200078E-18 0.853615E-18 0.828240E-17
       28.00  0.847921E-19 0.478851E-18 0.204027E-17 0.197647E-16
       29.00  0.196923E-18 0.111076E-17 0.472642E-17 0.457132E-16
       30.00  0.444197E-18 0.250252E-17 0.106344E-16 0.102691E-15
       31.00  0.975047E-18 0.548662E-17 0.232845E-16 0.224487E-15
       32.00  0.208639E-17 0.117261E-16 0.496980E-16 0.478377E-15
       33.00  0.435882E-17 0.244682E-16 0.103565E-15 0.995295E-15
       34.00  0.890359E-17 0.499202E-16 0.211014E-15 0.202468E-14
       35.00  0.178054E-16 0.997103E-16 0.420920E-15 0.403228E-14
       36.00  0.349018E-16 0.195215E-15 0.822993E-15 0.787143E-14
       37.00  0.671319E-16 0.375034E-15 0.157898E-14 0.150779E-13
       38.00  0.126833E-15 0.707704E-15 0.297565E-14 0.283695E-13
       39.00  0.235595E-15 0.131298E-14 0.551333E-14 0.524795E-13
       40.00  0.430625E-15 0.239700E-14 0.100518E-13 0.955274E-13
       42.00  0.137507E-14 0.763564E-14 0.319351E-13 0.302525E-12
       44.00  0.415327E-14 0.230070E-13 0.959685E-13 0.906219E-12
       46.00  0.119246E-13 0.658966E-13 0.274142E-12 0.258042E-11
       48.00  0.326856E-13 0.180188E-12 0.747621E-12 0.701465E-11
       50.00  0.858572E-13 0.472166E-12 0.195386E-11 0.182737E-10
       52.00  0.216847E-12 0.118965E-11 0.490973E-11 0.457720E-10
       54.00  0.528168E-12 0.289057E-11 0.118977E-10 0.110564E-09
       56.00  0.124388E-11 0.679105E-11 0.278778E-10 0.258235E-09
       58.00  0.283924E-11 0.154633E-10 0.633088E-10 0.584558E-09
       60.00  0.629446E-11 0.341983E-10 0.139638E-09 0.128521E-08
       62.00  0.135794E-10 0.735987E-10 0.299714E-09 0.274968E-08
       64.00  0.285575E-10 0.154402E-09 0.627085E-09 0.573463E-08
       66.00  0.586351E-10 0.316250E-09 0.128098E-08 0.116768E-07
       68.00  0.117711E-09 0.633328E-09 0.255844E-08 0.232467E-07
       70.00  0.231344E-09 0.124169E-08 0.500257E-08 0.453087E-07
       72.00  0.445664E-09 0.238616E-08 0.958770E-08 0.865575E-07
       74.00  0.842437E-09 0.449953E-08 0.180308E-07 0.162258E-06
       76.00  0.156418E-08 0.833401E-08 0.333069E-07 0.298762E-06
       78.00  0.285534E-08 0.151762E-07 0.604886E-07 0.540835E-06
       80.00  0.512893E-08 0.271936E-07 0.108096E-06 0.963381E-06
       82.00  0.907270E-08 0.479856E-07 0.190231E-06 0.168994E-05
       84.00  0.158164E-07 0.834481E-07 0.329926E-06 0.292147E-05
       86.00  0.271919E-07 0.143114E-06 0.564298E-06 0.498070E-05
       88.00  0.461327E-07 0.242204E-06 0.952436E-06 0.837942E-05
       90.00  0.772810E-07 0.404740E-06 0.158729E-05 0.139197E-04
       92.00  0.127901E-06 0.668201E-06 0.261344E-05 0.228444E-04
       94.00  0.209236E-06 0.109043E-05 0.425333E-05 0.370588E-04
       96.00  0.338512E-06 0.175981E-05 0.684572E-05 0.594529E-04
       98.00  0.541858E-06 0.280998E-05 0.109013E-04 0.943682E-04
      100.00  0.858531E-06 0.444121E-05 0.171830E-04 0.148264E-03
      102.00  0.134698E-05 0.695076E-05 0.268195E-04 0.230663E-03
      104.00  0.209348E-05 0.107762E-04 0.414669E-04 0.355482E-03
      106.00  0.322428E-05 0.165558E-04 0.635341E-04 0.542891E-03
      108.00  0.492266E-05 0.252140E-04 0.964974E-04 0.821880E-03
      110.00  0.745267E-05 0.380781E-04 0.145334E-03 0.123380E-02
      112.00  0.111918E-04 0.570405E-04 0.217115E-03 0.183720E-02
      114.00  0.166758E-04 0.847794E-04 0.321819E-03 0.271433E-02
      116.00  0.246599E-04 0.125059E-03 0.473424E-03 0.398002E-02
      118.00  0.362016E-04 0.183134E-03 0.691381E-03 0.579343E-02
      122.00  0.764035E-04 0.384581E-03 0.144397E-02 0.120210E-01
      126.00  0.157047E-03 0.786564E-03 0.293714E-02 0.242922E-01
      130.00  0.314916E-03 0.156936E-02 0.582811E-02 0.478879E-01
      134.00  0.616954E-03 0.305916E-02 0.112984E-01 0.922293E-01
      138.00  0.118249E-02 0.583397E-02 0.214282E-01 0.173774E+00
      142.00  0.222008E-02 0.108981E-01 0.398083E-01 0.320713E+00
      146.00  0.408755E-02 0.199642E-01 0.725229E-01 0.580442E+00
      150.00  0.738820E-02 0.359032E-01 0.129703E+00 0.103126E+01
      154.00  0.131225E-01 0.634470E-01 0.227938E+00 0.180040E+01
      158.00  0.229237E-01 0.110275E+00 0.393973E+00 0.309133E+01
      162.00  0.394190E-01 0.188664E+00 0.670286E+00 0.522470E+01
      166.00  0.667745E-01 0.317966E+00 0.112338E+01 0.869857E+01
      170.00  0.111508E+00 0.528277E+00 0.185601E+01 0.142762E+02
      174.00  0.183689E+00 0.865797E+00 0.302483E+01 0.231123E+02
      178.00  0.298680E+00 0.140059E+01 0.486585E+01 0.369322E+02
      182.00  0.479648E+00 0.223768E+01 0.773040E+01 0.582838E+02
      186.00  0.761144E+00 0.353271E+01 0.121357E+02 0.908875E+02
      190.00  0.119415E+01 0.551391E+01 0.188349E+02 0.140117E+03
      194.00  0.185311E+01 0.851254E+01 0.289137E+02 0.213657E+03
      198.00  0.284571E+01 0.130047E+02 0.439220E+02 0.322385E+03
      202.00  0.432621E+01 0.196681E+02 0.660505E+02 0.481551E+03
      206.00  0.651360E+01 0.294590E+02 0.983690E+02 0.712347E+03
      210.00  0.971612E+01 0.437145E+02 0.145140E+03 0.104396E+04
      214.00  0.143639E+02 0.642890E+02 0.212234E+03 0.151624E+04
      218.00  0.210524E+02 0.937331E+02 0.307668E+03 0.218316E+04
      222.00  0.305997E+02 0.135528E+03 0.442306E+03 0.311725E+04
      226.00  0.441210E+02 0.194390E+03 0.630763E+03 0.441524E+04
      230.00  0.631256E+02 0.276659E+03 0.892549E+03 0.620516E+04
      234.00  0.896451E+02 0.390798E+03 0.125358E+04 0.865530E+04
      238.00  0.126381E+03 0.548059E+03 0.174777E+04 0.119854E+05
      242.00  0.176934E+03 0.763223E+03 0.241983E+04 0.164804E+05
      246.00  0.246037E+03 0.105568E+04 0.332763E+04 0.225074E+05
      250.00  0.339894E+03 0.145064E+04 0.454598E+04 0.305365E+05
      254.00  0.466585E+03 0.198072E+04 0.617094E+04 0.411659E+05
      258.00  0.636567E+03 0.268789E+04 0.832512E+04 0.551524E+05
      262.00  0.863310E+03 0.362577E+04 0.111642E+05 0.734481E+05
      266.00  0.116406E+04 0.486261E+04 0.148845E+05 0.972439E+05
      270.00  0.156077E+04 0.648472E+04 0.197328E+05 0.128022E+06
      274.00  0.208130E+04 0.860075E+04 0.260172E+05 0.167615E+06
      282.00  0.364318E+04 0.148924E+05 0.445165E+05 0.282794E+06
      290.00  0.625058E+04 0.252733E+05 0.746490E+05 0.467560E+06
      298.00  0.105225E+05 0.420817E+05 0.122810E+06 0.758365E+06
      306.00  0.173981E+05 0.688150E+05 0.198414E+06 0.120786E+07
      314.00  0.282788E+05 0.110617E+06 0.315087E+06 0.189078E+07
      322.00  0.452229E+05 0.174935E+06 0.492235E+06 0.291147E+07
      330.00  0.712091E+05 0.272383E+06 0.757066E+06 0.441333E+07
      338.00  0.110485E+06 0.417877E+06 0.114717E+07 0.659045E+07
      346.00  0.169027E+06 0.632078E+06 0.171372E+07 0.970163E+07
      354.00  0.255128E+06 0.943225E+06 0.252547E+07 0.140871E+08
      362.00  0.380158E+06 0.138942E+07 0.367351E+07 0.201881E+08
      370.00  0.559509E+06 0.202141E+07 0.527705E+07 0.285689E+08
      378.00  0.813782E+06 0.290606E+07 0.749014E+07 0.399427E+08
      386.00  0.117024E+07 0.413035E+07 0.105095E+08 0.551985E+08
      394.00  0.166456E+07 0.580623E+07 0.145835E+08 0.754320E+08
      402.00  0.234294E+07 0.807617E+07 0.200218E+08 0.101976E+09
      410.00  0.326462E+07 0.111196E+08 0.272068E+08 0.136432E+09
      418.00  0.450476E+07 0.151602E+08 0.366049E+08 0.180706E+09
      426.00  0.615784E+07 0.204740E+08 0.487795E+08 0.237033E+09
      434.00  0.834156E+07 0.273983E+08 0.644040E+08 0.308009E+09
      442.00  0.112011E+08 0.363414E+08 0.842750E+08 0.396613E+09
      450.00  0.149142E+08 0.477928E+08 0.109325E+09 0.506224E+09
      458.00  0.196960E+08 0.623338E+08 0.140633E+09 0.640623E+09
      466.00  0.258054E+08 0.806483E+08 0.179438E+09 0.803997E+09
      474.00  0.335509E+08 0.103534E+09 0.227147E+09 0.100092E+10
      482.00  0.432974E+08 0.131914E+09 0.285338E+09 0.123633E+10
      490.00  0.554725E+08 0.166845E+09 0.355769E+09 0.151547E+10
      498.00  0.705741E+08 0.209526E+09 0.440374E+09 0.184385E+10
      506.00  0.891766E+08 0.261306E+09 0.541255E+09 0.222714E+10
      514.00  0.111938E+09 0.323691E+09 0.660672E+09 0.267109E+10
      522.00  0.139604E+09 0.398343E+09 0.801030E+09 0.318140E+10
      530.00  0.173017E+09 0.487080E+09 0.964849E+09 0.376359E+10
      538.00  0.213120E+09 0.591874E+09 0.115474E+10 0.442286E+10
      546.00  0.260956E+09 0.714843E+09 0.137337E+10 0.516393E+10
      554.00  0.317677E+09 0.858235E+09 0.162341E+10 0.599083E+10
      562.00  0.384535E+09 0.102441E+10 0.190749E+10 0.690677E+10
      570.00  0.462891E+09 0.121582E+10 0.222813E+10 0.791390E+10
      578.00  0.554200E+09 0.143498E+10 0.258769E+10 0.901314E+10
      586.00  0.660013E+09 0.168442E+10 0.298829E+10 0.102040E+11
      596.00  0.815169E+09 0.204266E+10 0.354951E+10 0.118184E+11
      606.00  0.998886E+09 0.245697E+10 0.418039E+10 0.135650E+11
      616.00  0.121463E+10 0.293185E+10 0.488249E+10 0.154319E+11
      626.00  0.146592E+10 0.347135E+10 0.565597E+10 0.174021E+11
      636.00  0.175628E+10 0.407884E+10 0.649939E+10 0.194539E+11
      646.00  0.208910E+10 0.475686E+10 0.740953E+10 0.215611E+11
      656.00  0.246762E+10 0.550694E+10 0.838126E+10 0.236928E+11
      666.00  0.289476E+10 0.632938E+10 0.940742E+10 0.258144E+11
      676.00  0.337300E+10 0.722306E+10 0.104787E+11 0.278879E+11
      686.00  0.390434E+10 0.818533E+10 0.115839E+11 0.298727E+11
      696.00  0.449006E+10 0.921180E+10 0.127096E+11 0.317269E+11
      706.00  0.513070E+10 0.102963E+11 0.138405E+11 0.334080E+11
      716.00  0.582591E+10 0.114309E+11 0.149598E+11 0.348746E+11
      726.00  0.657432E+10 0.126055E+11 0.160494E+11 0.360876E+11
      736.00  0.737350E+10 0.138086E+11 0.170902E+11 0.370113E+11
      746.00  0.821985E+10 0.150267E+11 0.180625E+11 0.376149E+11
      756.00  0.910852E+10 0.162446E+11 0.189465E+11 0.378735E+11
      766.00  0.100334E+11 0.174460E+11 0.197228E+11 0.377697E+11
      776.00  0.109872E+11 0.186132E+11 0.203732E+11 0.372937E+11
      786.00  0.119613E+11 0.197279E+11 0.208807E+11 0.364451E+11
      796.00  0.129461E+11 0.207713E+11 0.212308E+11 0.352324E+11
      806.00  0.139307E+11 0.217245E+11 0.214111E+11 0.336735E+11
      816.00  0.149034E+11 0.225691E+11 0.214127E+11 0.317956E+11
      826.00  0.158517E+11 0.232874E+11 0.212297E+11 0.296346E+11
      836.00  0.167626E+11 0.238631E+11 0.208602E+11 0.272346E+11
      846.00  0.176226E+11 0.242816E+11 0.203064E+11 0.246464E+11
      856.00  0.184182E+11 0.245307E+11 0.195744E+11 0.219268E+11
      866.00  0.191360E+11 0.246006E+11 0.186746E+11 0.191366E+11
      876.00  0.197632E+11 0.244846E+11 0.176213E+11 0.163390E+11
      886.00  0.202875E+11 0.241793E+11 0.164326E+11 0.135978E+11
      896.00  0.206978E+11 0.236846E+11 0.151302E+11 0.109757E+11
      906.00  0.209843E+11 0.230044E+11 0.137385E+11 0.853208E+10
      916.00  0.211387E+11 0.221459E+11 0.122845E+11 0.632143E+10
      926.00  0.211546E+11 0.211206E+11 0.107971E+11 0.439165E+10
      936.00  0.210278E+11 0.199431E+11 0.930611E+10 0.278254E+10
      946.00  0.207562E+11 0.186316E+11 0.784168E+10 0.152455E+10
      956.00  0.203402E+11 0.172074E+11 0.643352E+10 0.637892E+09
      966.00  0.197826E+11 0.156943E+11 0.511009E+10 0.131881E+09
      976.00  0.190887E+11 0.141184E+11 0.389783E+10 0.471099E+07
      986.00  0.182666E+11 0.125075E+11 0.282042E+10 0.243533E+09
      996.00  0.173265E+11 0.108903E+11 0.189818E+10 0.824919E+09
     1006.00  0.162812E+11 0.929601E+10 0.114747E+10 0.171566E+10
     1016.00  0.151457E+11 0.775348E+10 0.580248E+09 0.287389E+10
     1026.00  0.139365E+11 0.629063E+10 0.203727E+09 0.425048E+10
     1036.00  0.126722E+11 0.493376E+10 0.201875E+08 0.579065E+10
     1046.00  0.113724E+11 0.370688E+10 0.269190E+08 0.743578E+10
     1056.00  0.100576E+11 0.263118E+10 0.216303E+09 0.912532E+10
     1066.00  0.874882E+10 0.172445E+10 0.576040E+09 0.107987E+11
     1076.00  0.746725E+10 0.100070E+10 0.108951E+10 0.123974E+11
     1086.00  0.623363E+10 0.469722E+09 0.173627E+10 0.138667E+11
     1096.00  0.506794E+10 0.136930E+09 0.249262E+10 0.151572E+11
     1106.00  0.398889E+10 0.315936E+07 0.333233E+10 0.162266E+11
     1116.00  0.301361E+10 0.646707E+08 0.422735E+10 0.170410E+11
     1126.00  0.215719E+10 0.313237E+09 0.514866E+10 0.175754E+11
     1136.00  0.143239E+10 0.736352E+09 0.606706E+10 0.178148E+11
     1146.00  0.849346E+09 0.131755E+10 0.695402E+10 0.177543E+11
     1156.00  0.415316E+09 0.203680E+10 0.778249E+10 0.173990E+11
     1166.00  0.134539E+09 0.287107E+10 0.852763E+10 0.167638E+11
     1176.00  0.811256E+07 0.379486E+10 0.916748E+10 0.158726E+11
     1186.00  0.339622E+08 0.478087E+10 0.968360E+10 0.147573E+11
     1196.00  0.206880E+09 0.580070E+10 0.100615E+11 0.134567E+11
     1206.00  0.518634E+09 0.682557E+10 0.102910E+11 0.120149E+11
     1216.00  0.958143E+09 0.782703E+10 0.103664E+11 0.104799E+11
     1226.00  0.151172E+10 0.877772E+10 0.102869E+11 0.890176E+10
     1236.00  0.216338E+10 0.965200E+10 0.100561E+11 0.733100E+10
     1246.00  0.289520E+10 0.104266E+11 0.968203E+10 0.581688E+10
     1256.00  0.368771E+10 0.110813E+11 0.917689E+10 0.440577E+10
     1266.00  0.452035E+10 0.115993E+11 0.855656E+10 0.313965E+10
     1276.00  0.537192E+10 0.119675E+11 0.784007E+10 0.205479E+10
     1286.00  0.622105E+10 0.121771E+11 0.704901E+10 0.118072E+10
     1296.00  0.704674E+10 0.122235E+11 0.620684E+10 0.539303E+09
     1306.00  0.782875E+10 0.121066E+11 0.533816E+10 0.144222E+09
     1316.00  0.854814E+10 0.118307E+11 0.446797E+10 0.665428E+06
     1326.00  0.918763E+10 0.114040E+11 0.362093E+10 0.105343E+09
     1336.00  0.973203E+10 0.108388E+11 0.282063E+10 0.446774E+09
     1346.00  0.101686E+11 0.101509E+11 0.208889E+10 0.100585E+10
     1356.00  0.104871E+11 0.935923E+10 0.144521E+10 0.175663E+10
     1366.00  0.106805E+11 0.848513E+10 0.906169E+09 0.266737E+10
     1376.00  0.107445E+11 0.755192E+10 0.485062E+09 0.370170E+10
     1386.00  0.106781E+11 0.658420E+10 0.191544E+09 0.481997E+10
     1396.00  0.104833E+11 0.560717E+10 0.314649E+08 0.598066E+10
     1406.00  0.101653E+11 0.464596E+10 0.681018E+07 0.714182E+10
     1416.00  0.973198E+10 0.372495E+10 0.115802E+09 0.826256E+10
     1426.00  0.919390E+10 0.286711E+10 0.353163E+09 0.930446E+10
     1436.00  0.856401E+10 0.209342E+10 0.710573E+09 0.102329E+11
     1446.00  0.785717E+10 0.142229E+10 0.117739E+10 0.110184E+11
     1456.00  0.708976E+10 0.869123E+09 0.174178E+10 0.116377E+11
     1466.00  0.627905E+10 0.445878E+09 0.239268E+10 0.120755E+11
     1476.00  0.544239E+10 0.160764E+09 0.312357E+10 0.123260E+11
     1486.00  0.459579E+10 0.179434E+08 0.394167E+10 0.123973E+11
     1496.00  0.375043E+10 0.171409E+08 0.489633E+10 0.123231E+11
     1506.00  0.289933E+10 0.152290E+09 0.620754E+10 0.122166E+11
     1516.00  0.191143E+10 0.399800E+09 0.952804E+10 0.127584E+11
     1526.00  0.395095E+10 0.103911E+10 0.174396E+09 0.463524E+10
     1536.00  0.153254E+10 0.139091E+10 0.380359E+10 0.799694E+10
     1546.00  0.902796E+09 0.197476E+10 0.508174E+10 0.752162E+10
     1556.00  0.477988E+09 0.264062E+10 0.572776E+10 0.666759E+10
     1566.00  0.193347E+09 0.336090E+10 0.609711E+10 0.568969E+10
     1576.00  0.365693E+08 0.411201E+10 0.628019E+10 0.467677E+10
     1586.00  0.297088E+07 0.487071E+10 0.631165E+10 0.368339E+10
     1596.00  0.881144E+08 0.561419E+10 0.621043E+10 0.275174E+10
     1606.00  0.285906E+09 0.632039E+10 0.599116E+10 0.191690E+10
     1616.00  0.588049E+09 0.696859E+10 0.566803E+10 0.120809E+10
     1626.00  0.983962E+09 0.753996E+10 0.525623E+10 0.648725E+09
     1636.00  0.146091E+10 0.801801E+10 0.477240E+10 0.256211E+09
     1646.00  0.200428E+10 0.838907E+10 0.423458E+10 0.416402E+08
     1656.00  0.259787E+10 0.864263E+10 0.366189E+10 0.964597E+07
     1666.00  0.322434E+10 0.877162E+10 0.307413E+10 0.158394E+09
     1676.00  0.386559E+10 0.877258E+10 0.249124E+10 0.479763E+09
     1686.00  0.450325E+10 0.864577E+10 0.193279E+10 0.959710E+09
     1696.00  0.511913E+10 0.839513E+10 0.141737E+10 0.157882E+10
     1706.00  0.569568E+10 0.802814E+10 0.962101E+09 0.231303E+10
     1716.00  0.621646E+10 0.755561E+10 0.582089E+09 0.313448E+10
     1726.00  0.666658E+10 0.699139E+10 0.290015E+09 0.401249E+10
     1736.00  0.703304E+10 0.635195E+10 0.957359E+08 0.491463E+10
     1746.00  0.730517E+10 0.565591E+10 0.599391E+07 0.580785E+10
     1756.00  0.747485E+10 0.492350E+10 0.242108E+08 0.665958E+10
     1766.00  0.753678E+10 0.417599E+10 0.150381E+09 0.743888E+10
     1776.00  0.748864E+10 0.343508E+10 0.381065E+09 0.811748E+10
     1786.00  0.733120E+10 0.272225E+10 0.709489E+09 0.867074E+10
     1796.00  0.706832E+10 0.205814E+10 0.112574E+10 0.907851E+10
     1806.00  0.670690E+10 0.146193E+10 0.161705E+10 0.932585E+10
     1816.00  0.625674E+10 0.950750E+09 0.216819E+10 0.940350E+10
     1826.00  0.573033E+10 0.539187E+09 0.276192E+10 0.930830E+10
     1836.00  0.514256E+10 0.238772E+09 0.337949E+10 0.904326E+10
     1846.00  0.451041E+10 0.576143E+08 0.400123E+10 0.861755E+10
     1856.00  0.385246E+10 0.917640E+05 0.460718E+10 0.804621E+10
     1866.00  0.318852E+10 0.666535E+08 0.517764E+10 0.734967E+10
     1876.00  0.253903E+10 0.253723E+09 0.569385E+10 0.655309E+10
     1886.00  0.192462E+10 0.553716E+09 0.613859E+10 0.568554E+10
     1896.00  0.136546E+10 0.955170E+09 0.649673E+10 0.477903E+10
     1906.00  0.880748E+09 0.144300E+10 0.675574E+10 0.386738E+10
     1916.00  0.488105E+09 0.199884E+10 0.690618E+10 0.298505E+10
     1926.00  0.203049E+09 0.260155E+10 0.694201E+10 0.216587E+10
     1936.00  0.384402E+08 0.322775E+10 0.686094E+10 0.144179E+10
     1946.00  0.399554E+07 0.385252E+10 0.666452E+10 0.841615E+09
     1956.00  0.105835E+09 0.445016E+10 0.635825E+10 0.389775E+09
     1966.00  0.346092E+09 0.499500E+10 0.595147E+10 0.105222E+09
     1976.00  0.722592E+09 0.546235E+10 0.545722E+10 0.424682E+06
     1986.00  0.122860E+10 0.582939E+10 0.489186E+10 0.805377E+08
     1996.00  0.185269E+10 0.607619E+10 0.427464E+10 0.342758E+09
     2006.00  0.257866E+10 0.618676E+10 0.362710E+10 0.775920E+09
     2016.00  0.338562E+10 0.614996E+10 0.297238E+10 0.136036E+10
     2026.00  0.424818E+10 0.596061E+10 0.233435E+10 0.206808E+10
     2036.00  0.513683E+10 0.562034E+10 0.173666E+10 0.286330E+10
     2046.00  0.601845E+10 0.513847E+10 0.120165E+10 0.370335E+10
     2056.00  0.685710E+10 0.453269E+10 0.749187E+09 0.454008E+10
     2066.00  0.761506E+10 0.382952E+10 0.395455E+09 0.532175E+10
     2076.00  0.825420E+10 0.306439E+10 0.151658E+09 0.599551E+10
     2086.00  0.873768E+10 0.228131E+10 0.228217E+08 0.651043E+10
     2096.00  0.903209E+10 0.153172E+10 0.672780E+07 0.682124E+10
     2106.00  0.911005E+10 0.872588E+09 0.931366E+08 0.689255E+10
     2116.00  0.895308E+10 0.363265E+09 0.263512E+09 0.670334E+10
     2126.00  0.855468E+10 0.611651E+08 0.491477E+09 0.625157E+10
     2136.00  0.792328E+10 0.161096E+08 0.744264E+09 0.555785E+10
     2146.00  0.708438E+10 0.263708E+09 0.985351E+09 0.466777E+10
     2156.00  0.608140E+10 0.818444E+09 0.117834E+10 0.365140E+10
     2166.00  0.497436E+10 0.166766E+10 0.129180E+10 0.259923E+10
     2176.00  0.383574E+10 0.276797E+10 0.130456E+10 0.161400E+10
     2186.00  0.274371E+10 0.404578E+10 0.121028E+10 0.798660E+09
     2196.00  0.177307E+10 0.540283E+10 0.102023E+10 0.242203E+09
     2206.00  0.985687E+09 0.672679E+10 0.763247E+09 0.601512E+07
     2216.00  0.422295E+09 0.790529E+10 0.482380E+09 0.113925E+09
     2226.00  0.976468E+08 0.884060E+10 0.228697E+09 0.548510E+09
     2236.00  0.983280E+05 0.946177E+10 0.536158E+08 0.125463E+10
     2246.00  0.955474E+08 0.973176E+10 0.142753E+07 0.214914E+10
     2256.00  0.334472E+09 0.964864E+10 0.103553E+09 0.313420E+10
     2266.00  0.660245E+09 0.924148E+10 0.375434E+09 0.411111E+10
     2276.00  0.101695E+10 0.856270E+10 0.816157E+09 0.499188E+10
     2286.00  0.135549E+10 0.767896E+10 0.141028E+10 0.570721E+10
     2296.00  0.163743E+10 0.666245E+10 0.213104E+10 0.621047E+10
     2306.00  0.183670E+10 0.558370E+10 0.294412E+10 0.647809E+10
     2316.00  0.193957E+10 0.450632E+10 0.381131E+10 0.650760E+10
     2326.00  0.194338E+10 0.348387E+10 0.469369E+10 0.631403E+10
     2336.00  0.185471E+10 0.255824E+10 0.555416E+10 0.592575E+10
     2346.00  0.168720E+10 0.175946E+10 0.635925E+10 0.538028E+10
     2356.00  0.145945E+10 0.110628E+10 0.708034E+10 0.472043E+10
     2366.00  0.119303E+10 0.607301E+09 0.769439E+10 0.399093E+10
     2376.00  0.910833E+09 0.262402E+09 0.818419E+10 0.323574E+10
     2386.00  0.635649E+09 0.642944E+08 0.853835E+10 0.249590E+10
     2396.00  0.389033E+09 0.328756E+05 0.875110E+10 0.180796E+10
     2406.00  0.190439E+09 0.524785E+08 0.882183E+10 0.120280E+10
     2416.00  0.565686E+08 0.201641E+09 0.875459E+10 0.705030E+09
     2426.00  0.931631E+06 0.425892E+09 0.855750E+10 0.332573E+09
     2436.00  0.335715E+08 0.703035E+09 0.824208E+10 0.966624E+08
     2446.00  0.160945E+09 0.101123E+10 0.782260E+10 0.204390E+07
     2456.00  0.385926E+09 0.132978E+10 0.731541E+10 0.473855E+08
     2466.00  0.707924E+09 0.163979E+10 0.673823E+10 0.225857E+09
     2476.00  0.112309E+10 0.192464E+10 0.610956E+10 0.525830E+09
     2486.00  0.162461E+10 0.217041E+10 0.544805E+10 0.931678E+09
     2496.00  0.220302E+10 0.236613E+10 0.477194E+10 0.142463E+10
     2506.00  0.284666E+10 0.250390E+10 0.409859E+10 0.198363E+10
     2516.00  0.354203E+10 0.257897E+10 0.344403E+10 0.258629E+10
     2526.00  0.427430E+10 0.258964E+10 0.282257E+10 0.320965E+10
     2536.00  0.502774E+10 0.253712E+10 0.224655E+10 0.383109E+10
     2546.00  0.578618E+10 0.242533E+10 0.172613E+10 0.442901E+10
     2556.00  0.653346E+10 0.226057E+10 0.126912E+10 0.498352E+10
     2566.00  0.725386E+10 0.205120E+10 0.880932E+09 0.547699E+10
     2576.00  0.793245E+10 0.180725E+10 0.564611E+09 0.589451E+10
     2586.00  0.855549E+10 0.154000E+10 0.320895E+09 0.622426E+10
     2596.00  0.911070E+10 0.126155E+10 0.148357E+09 0.645767E+10
     2606.00  0.958752E+10 0.984424E+09 0.436009E+08 0.658959E+10
     2616.00  0.997734E+10 0.721104E+09 0.149176E+07 0.661826E+10
     2626.00  0.102736E+11 0.483664E+09 0.154320E+08 0.654520E+10
     2636.00  0.104718E+11 0.283387E+09 0.776559E+08 0.637498E+10
     2646.00  0.105697E+11 0.130443E+09 0.179543E+09 0.611500E+10
     2656.00  0.105673E+11 0.336010E+08 0.311935E+09 0.577504E+10
     2666.00  0.104666E+11 0.155061E+02 0.465453E+09 0.536692E+10
     2676.00  0.102713E+11 0.349701E+08 0.630799E+09 0.490400E+10
     2686.00  0.998731E+10 0.141913E+09 0.799040E+09 0.440072E+10
     2696.00  0.962186E+10 0.322241E+09 0.961861E+09 0.387210E+10
     2706.00  0.918358E+10 0.575371E+09 0.111179E+10 0.333327E+10
     2716.00  0.868226E+10 0.898772E+09 0.124239E+10 0.279902E+10
     2726.00  0.812848E+10 0.128807E+10 0.134840E+10 0.228335E+10
     2736.00  0.753342E+10 0.173718E+10 0.142582E+10 0.179911E+10
     2746.00  0.690856E+10 0.223851E+10 0.147202E+10 0.135766E+10
     2756.00  0.626540E+10 0.278317E+10 0.148571E+10 0.968615E+09
     2766.00  0.561521E+10 0.336120E+10 0.146692E+10 0.639625E+09
     2776.00  0.496883E+10 0.396188E+10 0.141699E+10 0.376255E+09
     2786.00  0.433642E+10 0.457395E+10 0.133841E+10 0.181916E+09
     2796.00  0.372726E+10 0.518591E+10 0.123474E+10 0.578555E+08
     2806.00  0.314963E+10 0.578631E+10 0.111043E+10 0.322764E+07
     2816.00  0.261066E+10 0.636399E+10 0.970688E+09 0.152084E+08
     2826.00  0.211624E+10 0.690834E+10 0.821261E+09 0.891676E+08
     2836.00  0.167096E+10 0.740954E+10 0.668260E+09 0.218883E+09
     2846.00  0.127808E+10 0.785871E+10 0.517967E+09 0.396792E+09
     2856.00  0.939534E+09 0.824816E+10 0.376641E+09 0.614265E+09
     2866.00  0.655975E+09 0.857147E+10 0.250336E+09 0.861904E+09
     2876.00  0.426820E+09 0.882359E+10 0.144726E+09 0.112984E+10
     2886.00  0.250347E+09 0.900095E+10 0.649596E+08 0.140805E+10
     2896.00  0.123802E+09 0.910146E+10 0.155147E+08 0.168661E+10
     2906.00  0.435279E+08 0.912451E+10 0.922897E+05 0.195604E+10
     2916.00  0.510189E+07 0.907096E+10 0.215251E+08 0.220749E+10
     2926.00  0.348877E+07 0.894305E+10 0.817152E+08 0.243300E+10
     2936.00  0.331975E+08 0.874431E+10 0.181596E+09 0.262570E+10
     2946.00  0.884410E+08 0.847945E+10 0.321120E+09 0.277993E+10
     2956.00  0.163294E+09 0.815423E+10 0.499274E+09 0.289138E+10
     2966.00  0.251848E+09 0.777529E+10 0.714113E+09 0.295717E+10
     2976.00  0.348353E+09 0.734998E+10 0.962820E+09 0.297587E+10
     2986.00  0.447357E+09 0.688621E+10 0.124179E+10 0.294749E+10
     2996.00  0.543824E+09 0.639223E+10 0.154670E+10 0.287345E+10
     3006.00  0.633240E+09 0.587651E+10 0.187265E+10 0.275649E+10
     3016.00  0.711703E+09 0.534750E+10 0.221428E+10 0.260057E+10
     3026.00  0.775991E+09 0.481352E+10 0.256584E+10 0.241072E+10
     3036.00  0.823620E+09 0.428256E+10 0.292141E+10 0.219289E+10
     3046.00  0.852869E+09 0.376216E+10 0.327495E+10 0.195379E+10
     3056.00  0.862801E+09 0.325928E+10 0.362048E+10 0.170066E+10
     3066.00  0.853258E+09 0.278019E+10 0.395218E+10 0.144111E+10
     3076.00  0.824834E+09 0.233040E+10 0.426452E+10 0.118288E+10
     3086.00  0.778844E+09 0.191453E+10 0.455235E+10 0.933716E+09
     3096.00  0.717271E+09 0.153635E+10 0.481103E+10 0.701093E+09
     3106.00  0.642697E+09 0.119868E+10 0.503646E+10 0.492103E+09
     3116.00  0.558230E+09 0.903405E+09 0.522521E+10 0.313265E+09
     3126.00  0.467418E+09 0.651500E+09 0.537451E+10 0.170386E+09
     3136.00  0.374160E+09 0.443046E+09 0.548233E+10 0.684402E+08
     3146.00  0.282604E+09 0.277278E+09 0.554740E+10 0.114662E+08
     3156.00  0.197052E+09 0.152653E+09 0.556917E+10 0.249288E+07
     3166.00  0.121859E+09 0.669167E+08 0.554787E+10 0.434877E+08
     3176.00  0.613346E+08 0.171920E+08 0.548443E+10 0.135331E+09
     3186.00  0.196480E+08 0.740671E+05 0.538044E+10 0.277814E+09
     3196.00  0.738830E+06 0.117288E+08 0.523816E+10 0.469663E+09
     3206.00  0.823337E+07 0.479975E+08 0.506039E+10 0.708582E+09
     3216.00  0.453695E+08 0.104503E+09 0.485046E+10 0.991317E+09
     3226.00  0.114931E+09 0.176754E+09 0.461209E+10 0.131374E+10
     3236.00  0.219190E+09 0.260250E+09 0.434938E+10 0.167096E+10
     3246.00  0.359864E+09 0.350577E+09 0.406666E+10 0.205741E+10
     3256.00  0.538079E+09 0.443503E+09 0.376846E+10 0.246698E+10
     3266.00  0.754350E+09 0.535062E+09 0.345937E+10 0.289317E+10
     3276.00  0.100857E+10 0.621625E+09 0.314400E+10 0.332919E+10
     3286.00  0.130000E+10 0.699973E+09 0.282688E+10 0.376810E+10
     3296.00  0.162729E+10 0.767347E+09 0.251239E+10 0.420296E+10
     3306.00  0.198851E+10 0.821492E+09 0.220465E+10 0.462697E+10
     3316.00  0.238116E+10 0.860690E+09 0.190753E+10 0.503355E+10
     3326.00  0.280221E+10 0.883779E+09 0.162454E+10 0.541649E+10
     3336.00  0.324818E+10 0.890158E+09 0.135879E+10 0.577006E+10
     3346.00  0.371516E+10 0.879788E+09 0.111295E+10 0.608908E+10
     3356.00  0.419888E+10 0.853176E+09 0.889257E+09 0.636899E+10
     3366.00  0.469479E+10 0.811346E+09 0.689442E+09 0.660597E+10
     3376.00  0.519809E+10 0.755810E+09 0.514757E+09 0.679690E+10
     3386.00  0.570386E+10 0.688523E+09 0.365959E+09 0.693950E+10
     3396.00  0.620707E+10 0.611835E+09 0.243326E+09 0.703226E+10
     3406.00  0.670270E+10 0.528431E+09 0.146668E+09 0.707449E+10
     3416.00  0.718577E+10 0.441274E+09 0.753536E+08 0.706629E+10
     3426.00  0.765145E+10 0.353539E+09 0.283423E+08 0.700854E+10
     3436.00  0.809509E+10 0.268545E+09 0.421984E+07 0.690285E+10
     3446.00  0.851228E+10 0.189688E+09 0.124167E+07 0.675151E+10
     3456.00  0.889894E+10 0.120375E+09 0.173796E+08 0.655744E+10
     3466.00  0.925132E+10 0.639537E+08 0.503715E+08 0.632412E+10
     3476.00  0.956609E+10 0.236502E+08 0.977733E+08 0.605551E+10
     3486.00  0.984035E+10 0.250870E+07 0.157012E+09 0.575595E+10
     3496.00  0.100717E+11 0.333462E+07 0.225440E+09 0.543013E+10
     3506.00  0.102581E+11 0.286433E+08 0.300387E+09 0.508293E+10
     3516.00  0.103982E+11 0.806149E+08 0.379210E+09 0.471939E+10
     3526.00  0.104910E+11 0.161055E+09 0.459342E+09 0.434460E+10
     3536.00  0.105362E+11 0.271365E+09 0.538341E+09 0.396361E+10
     3546.00  0.105338E+11 0.412512E+09 0.613927E+09 0.358136E+10
     3556.00  0.104843E+11 0.585017E+09 0.684019E+09 0.320261E+10
     3566.00  0.103889E+11 0.788944E+09 0.746772E+09 0.283184E+10
     3576.00  0.102491E+11 0.102389E+10 0.800597E+09 0.247324E+10
     3586.00  0.100668E+11 0.128901E+10 0.844190E+09 0.213060E+10
     3596.00  0.984428E+10 0.158300E+10 0.876542E+09 0.180729E+10
     3606.00  0.958427E+10 0.190414E+10 0.896952E+09 0.150624E+10
     3616.00  0.928972E+10 0.225029E+10 0.905029E+09 0.122988E+10
     3626.00  0.896389E+10 0.261897E+10 0.900695E+09 0.980135E+09
     3636.00  0.861024E+10 0.300735E+10 0.884174E+09 0.758418E+09
     3646.00  0.823240E+10 0.341228E+10 0.855983E+09 0.565628E+09
     3656.00  0.783412E+10 0.383039E+10 0.816918E+09 0.402158E+09
     3666.00  0.741925E+10 0.425808E+10 0.768028E+09 0.267910E+09
     3676.00  0.699163E+10 0.469161E+10 0.710596E+09 0.162320E+09
     3686.00  0.655512E+10 0.512711E+10 0.646108E+09 0.843865E+08
     3696.00  0.611349E+10 0.556065E+10 0.576227E+09 0.327120E+08
     3706.00  0.567044E+10 0.598830E+10 0.502756E+09 0.554051E+07
     3716.00  0.522950E+10 0.640617E+10 0.427609E+09 0.805662E+06
     3726.00  0.479402E+10 0.681046E+10 0.352771E+09 0.161801E+08
     3736.00  0.436718E+10 0.719748E+10 0.280269E+09 0.491275E+08
     3746.00  0.395188E+10 0.756373E+10 0.212130E+09 0.969561E+08
     3756.00  0.355078E+10 0.790595E+10 0.150353E+09 0.156873E+09
     3766.00  0.316627E+10 0.822109E+10 0.968710E+08 0.226038E+09
     3776.00  0.280041E+10 0.850641E+10 0.535236E+08 0.301614E+09
     3786.00  0.245499E+10 0.875949E+10 0.220242E+08 0.380822E+09
     3796.00  0.213145E+10 0.897822E+10 0.393498E+07 0.460986E+09
     3806.00  0.183095E+10 0.916086E+10 0.642349E+06 0.539574E+09
     3816.00  0.155431E+10 0.930606E+10 0.133359E+08 0.614246E+09
     3826.00  0.130203E+10 0.941282E+10 0.429907E+08 0.682883E+09
     3836.00  0.107434E+10 0.948053E+10 0.903534E+08 0.743622E+09
     3846.00  0.871157E+09 0.950897E+10 0.155931E+09 0.794879E+09
     3856.00  0.692130E+09 0.949829E+10 0.239984E+09 0.835373E+09
     3866.00  0.536654E+09 0.944903E+10 0.342524E+09 0.864134E+09
     3876.00  0.403888E+09 0.936204E+10 0.463314E+09 0.880519E+09
     3886.00  0.292781E+09 0.923856E+10 0.601868E+09 0.884212E+09
     3896.00  0.202095E+09 0.908011E+10 0.757465E+09 0.875223E+09
     3906.00  0.130430E+09 0.888851E+10 0.929155E+09 0.853879E+09
     3916.00  0.762536E+08 0.866585E+10 0.111577E+10 0.820813E+09
     3926.00  0.379271E+08 0.841446E+10 0.131595E+10 0.776950E+09
     3936.00  0.137338E+08 0.813686E+10 0.152815E+10 0.723479E+09
     3946.00  0.190699E+07 0.783575E+10 0.175066E+10 0.661836E+09
     3956.00  0.657018E+06 0.751397E+10 0.198164E+10 0.593672E+09
     3966.00  0.819800E+07 0.717446E+10 0.221912E+10 0.520820E+09
     3976.00  0.227732E+08 0.682023E+10 0.246107E+10 0.445268E+09
     3986.00  0.426790E+08 0.645432E+10 0.270537E+10 0.369118E+09
     3996.00  0.662874E+08 0.607979E+10 0.294987E+10 0.294555E+09
     4006.00  0.920667E+08 0.569965E+10 0.319239E+10 0.223807E+09
     4016.00  0.118600E+09 0.531686E+10 0.343080E+10 0.159112E+09
     4026.00  0.144601E+09 0.493428E+10 0.366297E+10 0.102680E+09
     4036.00  0.168928E+09 0.455466E+10 0.388685E+10 0.566565E+08
     4046.00  0.190598E+09 0.418061E+10 0.410047E+10 0.230937E+08
     4056.00  0.208792E+09 0.381457E+10 0.430196E+10 0.391554E+07
     4066.00  0.222863E+09 0.345878E+10 0.448959E+10 0.889541E+06
     4076.00  0.232341E+09 0.311531E+10 0.466175E+10 0.156005E+08
     4086.00  0.236935E+09 0.278600E+10 0.481702E+10 0.494270E+08
     4096.00  0.236529E+09 0.247244E+10 0.495411E+10 0.103521E+09
     4106.00  0.231182E+09 0.217603E+10 0.507194E+10 0.178791E+09
     4116.00  0.221123E+09 0.189790E+10 0.516963E+10 0.275888E+09
     4126.00  0.206741E+09 0.163893E+10 0.524647E+10 0.395199E+09
     4136.00  0.188575E+09 0.139980E+10 0.530197E+10 0.536835E+09
     4146.00  0.167309E+09 0.118091E+10 0.533585E+10 0.700636E+09
     4156.00  0.143751E+09 0.982448E+09 0.534801E+10 0.886166E+09
     4166.00  0.118825E+09 0.804382E+09 0.533858E+10 0.109272E+10
     4176.00  0.935530E+08 0.646461E+09 0.530785E+10 0.131934E+10
     4186.00  0.690401E+08 0.508240E+09 0.525633E+10 0.156481E+10
     4196.00  0.464561E+08 0.389088E+09 0.518469E+10 0.182769E+10
     4206.00  0.270193E+08 0.288207E+09 0.509378E+10 0.210630E+10
     4216.00  0.119781E+08 0.204650E+09 0.498459E+10 0.239880E+10
     4226.00  0.259344E+07 0.137338E+09 0.485826E+10 0.270315E+10
     4236.00  0.120816E+06 0.850814E+08 0.471605E+10 0.301715E+10
     4246.00  0.579304E+07 0.466009E+08 0.455935E+10 0.333849E+10
     4256.00  0.208033E+08 0.205452E+08 0.438962E+10 0.366476E+10
     4266.00  0.462888E+08 0.551389E+07 0.420841E+10 0.399346E+10
     4276.00  0.833156E+08 0.773950E+05 0.401732E+10 0.432207E+10
     4286.00  0.132864E+09 0.279683E+07 0.381799E+10 0.464802E+10
     4296.00  0.195816E+09 0.122436E+08 0.361210E+10 0.496877E+10
     4306.00  0.272943E+09 0.270181E+08 0.340131E+10 0.528181E+10
     4316.00  0.364894E+09 0.457670E+08 0.318729E+10 0.558468E+10
     4326.00  0.472189E+09 0.672001E+08 0.297166E+10 0.587504E+10
     4336.00  0.595209E+09 0.901051E+08 0.275603E+10 0.615062E+10
     4346.00  0.734192E+09 0.113361E+09 0.254192E+10 0.640931E+10
     4356.00  0.889226E+09 0.135951E+09 0.233080E+10 0.664913E+10
     4366.00  0.106025E+10 0.156973E+09 0.212403E+10 0.686829E+10
     4376.00  0.124705E+10 0.175645E+09 0.192290E+10 0.706518E+10
     4386.00  0.144926E+10 0.191316E+09 0.172859E+10 0.723839E+10
     4396.00  0.166637E+10 0.203472E+09 0.154216E+10 0.738671E+10
     4406.00  0.189771E+10 0.211732E+09 0.136454E+10 0.750916E+10
     4416.00  0.214247E+10 0.215859E+09 0.119657E+10 0.760498E+10
     4426.00  0.239973E+10 0.215752E+09 0.103893E+10 0.767365E+10
     4436.00  0.266842E+10 0.211447E+09 0.892173E+09 0.771488E+10
     4446.00  0.294734E+10 0.203116E+09 0.756733E+09 0.772859E+10
     4456.00  0.323521E+10 0.191058E+09 0.632902E+09 0.771494E+10
     4466.00  0.353064E+10 0.175691E+09 0.520847E+09 0.767432E+10
     4476.00  0.383215E+10 0.157551E+09 0.420609E+09 0.760732E+10
     4486.00  0.413820E+10 0.137276E+09 0.332109E+09 0.751474E+10
     4511.00  0.491243E+10 0.822587E+08 0.160669E+09 0.717826E+10
     4536.00  0.567859E+10 0.321804E+08 0.552483E+08 0.670851E+10
     4561.00  0.640997E+10 0.253950E+07 0.664988E+07 0.613081E+10
     4586.00  0.708071E+10 0.955747E+07 0.328721E+07 0.547412E+10
     4611.00  0.766701E+10 0.688716E+08 0.322421E+08 0.476918E+10
     4636.00  0.814828E+10 0.194304E+09 0.803309E+08 0.404661E+10
     4661.00  0.850806E+10 0.396784E+09 0.135107E+09 0.333532E+10
     4686.00  0.873463E+10 0.683481E+09 0.185738E+09 0.266092E+10
     4711.00  0.882150E+10 0.105720E+10 0.223709E+09 0.204465E+10
     4736.00  0.876753E+10 0.151605E+10 0.243324E+09 0.150254E+10
     4761.00  0.857681E+10 0.205341E+10 0.241969E+09 0.104494E+10
     4786.00  0.825831E+10 0.265819E+10 0.220166E+09 0.676570E+09
     4811.00  0.782533E+10 0.331530E+10 0.181390E+09 0.396715E+09
     4836.00  0.729474E+10 0.400640E+10 0.131704E+09 0.199901E+09
     4861.00  0.668609E+10 0.471074E+10 0.792352E+08 0.767192E+08
     4886.00  0.602072E+10 0.540620E+10 0.335257E+08 0.148642E+08
     4911.00  0.532075E+10 0.607028E+10 0.482051E+07 0.254699E+06
     4936.00  0.460813E+10 0.668122E+10 0.332534E+07 0.181825E+08
     4961.00  0.390377E+10 0.721889E+10 0.384883E+08 0.544084E+08
     4986.00  0.322672E+10 0.766575E+10 0.118345E+09 0.961436E+08
     5011.00  0.259356E+10 0.800754E+10 0.248960E+09 0.132864E+09
     5036.00  0.201783E+10 0.823382E+10 0.434004E+09 0.156917E+09
     5061.00  0.150977E+10 0.833838E+10 0.674462E+09 0.163902E+09
     5086.00  0.107608E+10 0.831932E+10 0.968516E+09 0.152812E+09
     5111.00  0.719973E+09 0.817910E+10 0.131157E+10 0.125938E+09
     5136.00  0.441303E+09 0.792421E+10 0.169643E+10 0.885687E+08
     5161.00  0.236863E+09 0.756485E+10 0.211364E+10 0.485009E+08
     5186.00  0.100796E+09 0.711431E+10 0.255185E+10 0.154102E+08
     5211.00  0.250857E+08 0.658837E+10 0.299842E+10 0.119708E+06
     5236.00  0.119147E+06 0.600454E+10 0.343990E+10 0.138191E+08
     5261.00  0.152698E+08 0.538131E+10 0.386269E+10 0.672783E+08
     5286.00  0.594890E+08 0.473740E+10 0.425360E+10 0.170103E+09
     5311.00  0.121871E+09 0.409099E+10 0.460042E+10 0.330070E+09
     5336.00  0.192172E+09 0.345910E+10 0.489243E+10 0.552584E+09
     5361.00  0.261258E+09 0.285695E+10 0.512077E+10 0.840262E+09
     5386.00  0.321469E+09 0.229757E+10 0.527884E+10 0.119269E+10
     5411.00  0.366898E+09 0.179138E+10 0.536247E+10 0.160635E+10
     5436.00  0.393553E+09 0.134602E+10 0.537002E+10 0.207465E+10
     5461.00  0.399433E+09 0.966248E+09 0.530240E+10 0.258825E+10
     5511.00  0.350544E+09 0.408486E+09 0.495719E+10 0.370219E+10
     5561.00  0.240728E+09 0.102918E+09 0.437823E+10 0.483395E+10
     5611.00  0.112068E+09 0.161226E+07 0.364156E+10 0.585766E+10
     5661.00  0.177855E+08 0.372139E+08 0.283484E+10 0.665614E+10
     5711.00  0.106587E+08 0.137596E+09 0.204382E+10 0.713904E+10
     5761.00  0.132344E+09 0.239265E+09 0.134044E+10 0.725580E+10
     5811.00  0.405262E+09 0.297485E+09 0.774553E+09 0.700157E+10
     5861.00  0.828128E+09 0.291875E+09 0.369867E+09 0.641567E+10
     5911.00  0.137556E+10 0.227116E+09 0.124490E+09 0.557343E+10
     5961.00  0.200147E+10 0.129200E+09 0.153018E+08 0.457328E+10
     6011.00  0.264557E+10 0.383441E+08 0.505934E+07 0.352159E+10
     6061.00  0.324169E+10 0.350030E+05 0.507699E+08 0.251775E+10
     6111.00  0.372668E+10 0.558294E+08 0.111860E+09 0.164186E+10
     6161.00  0.404866E+10 0.235370E+09 0.156882E+09 0.946480E+09
     6211.00  0.417344E+10 0.550759E+09 0.167868E+09 0.453399E+09
     6261.00  0.408845E+10 0.993952E+09 0.141929E+09 0.155184E+09
     6311.00  0.380381E+10 0.153735E+10 0.901320E+08 0.208811E+08
     6361.00  0.335058E+10 0.213727E+10 0.341338E+08 0.444413E+07
     6411.00  0.277662E+10 0.273965E+10 0.130756E+07 0.543439E+08
     6461.00  0.214065E+10 0.328695E+10 0.192573E+08 0.122770E+09
     6511.00  0.150549E+10 0.372543E+10 0.110611E+09 0.173085E+09
     6561.00  0.931083E+09 0.401165E+10 0.288848E+09 0.184605E+09
     6611.00  0.468381E+09 0.411751E+10 0.555706E+09 0.154271E+09
     6661.00  0.154508E+09 0.403323E+10 0.900422E+09 0.952837E+08
     6711.00  0.975017E+07 0.376807E+10 0.130080E+10 0.332103E+08
     6761.00  0.365112E+08 0.334888E+10 0.172587E+10 0.384695E+06
     6811.00  0.220214E+09 0.281671E+10 0.213958E+10 0.295807E+08
     6861.00  0.531878E+09 0.222200E+10 0.250519E+10 0.147955E+09
     6911.00  0.931981E+09 0.161905E+10 0.278949E+10 0.372115E+09
     6961.00  0.137508E+10 0.106042E+10 0.296659E+10 0.704949E+09
     7011.00  0.181466E+10 0.591753E+09 0.302067E+10 0.113454E+10
     7061.00  0.220771E+10 0.247730E+09 0.294746E+10 0.163518E+10
     7111.00  0.251855E+10 0.493125E+08 0.275448E+10 0.217026E+10
     7161.00  0.272167E+10 0.259841E+07 0.245992E+10 0.269652E+10
     7211.00  0.280328E+10 0.991994E+08 0.209045E+10 0.316905E+10
     7261.00  0.276162E+10 0.318021E+09 0.167831E+10 0.354641E+10
     7311.00  0.260612E+10 0.628138E+09 0.125792E+10 0.379516E+10
     7361.00  0.235550E+10 0.992404E+09 0.862588E+09 0.389348E+10
     7411.00  0.203521E+10 0.137137E+10 0.521384E+09 0.383319E+10
     7511.00  0.130299E+10 0.202655E+10 0.829129E+08 0.327464E+10
     7611.00  0.634347E+09 0.236387E+10 0.194755E+08 0.231356E+10
     7711.00  0.186580E+09 0.229353E+10 0.273351E+09 0.126286E+10
     7811.00  0.763725E+07 0.187387E+10 0.691103E+09 0.433737E+09
     7911.00  0.408838E+08 0.126719E+10 0.108964E+10 0.290253E+08
     8011.00  0.167190E+09 0.667373E+09 0.132198E+10 0.881370E+08
     8111.00  0.263810E+09 0.228888E+09 0.132021E+10 0.496063E+09
     8211.00  0.257115E+09 0.214062E+08 0.110492E+10 0.104361E+10
     8311.00  0.151750E+09 0.213469E+08 0.763505E+09 0.151006E+10
     8411.00  0.290004E+08 0.137582E+09 0.409954E+09 0.173652E+10
     8511.00  0.179686E+08 0.257574E+09 0.142354E+09 0.166710E+10
     8611.00  0.251222E+09 0.295560E+09 0.126245E+08 0.134970E+10
     8711.00  0.819846E+09 0.226382E+09 0.165187E+08 0.903081E+09
     8811.00  0.174130E+10 0.953072E+08 0.104200E+09 0.466532E+09
     8911.00  0.294835E+10 0.297276E+07 0.205112E+09 0.151402E+09
     9011.00  0.430055E+10 0.722597E+08 0.257243E+09 0.960318E+07
     9111.00  0.561386E+10 0.408536E+09 0.230886E+09 0.265229E+08
     9211.00  0.669953E+10 0.106537E+10 0.139871E+09 0.136912E+09
     9311.00  0.740235E+10 0.202497E+10 0.378819E+08 0.255522E+09
     9411.00  0.762958E+10 0.319772E+10 0.208606E+07 0.310997E+09
     9511.00  0.736494E+10 0.443955E+10 0.109738E+09 0.272154E+09
     9611.00  0.666640E+10 0.558170E+10 0.414817E+09 0.159415E+09
     9711.00  0.564977E+10 0.646488E+10 0.931090E+09 0.392755E+08
     9811.00  0.446324E+10 0.696960E+10 0.162569E+10 0.472523E+07
     9911.00  0.325891E+10 0.703656E+10 0.242420E+10 0.148049E+09
    10011.00  0.216733E+10 0.667354E+10 0.322536E+10 0.533858E+09
    10111.00  0.127947E+10 0.594904E+10 0.392123E+10 0.117940E+10
    10211.00  0.638482E+09 0.497527E+10 0.441799E+10 0.204670E+10
    10311.00  0.241413E+09 0.388514E+10 0.465263E+10 0.304787E+10
    10411.00  0.489178E+08 0.280850E+10 0.460261E+10 0.406150E+10
    10511.00  0.100145E+04 0.185204E+10 0.428697E+10 0.495596E+10
    10611.00  0.281593E+08 0.108613E+10 0.375979E+10 0.561388E+10
    10711.00  0.756679E+08 0.539988E+09 0.309792E+10 0.595277E+10
    10811.00  0.103577E+09 0.204748E+09 0.238627E+10 0.593779E+10
    10911.00  0.961729E+08 0.427044E+08 0.170351E+10 0.558475E+10
    11011.00  0.598741E+08 0.402264E+05 0.111085E+10 0.495391E+10
    11111.00  0.175945E+08 0.202083E+08 0.645538E+09 0.413635E+10
    11211.00  0.291944E+06 0.554218E+08 0.319374E+09 0.323659E+10
    11311.00  0.377238E+08 0.744386E+08 0.121910E+09 0.235499E+10
    11411.00  0.150310E+09 0.657684E+08 0.268802E+08 0.157302E+10
    11511.00  0.343575E+09 0.363757E+08 0.254421E+06 0.943955E+09
    11611.00  0.605987E+09 0.674850E+07 0.820099E+07 0.489524E+09
    11711.00  0.910358E+09 0.373541E+07 0.235531E+08 0.202577E+09
    11811.00  0.121828E+10 0.527710E+08 0.298582E+08 0.541387E+08
    11911.00  0.148663E+10 0.171026E+09 0.226565E+08 0.303940E+07
    12011.00  0.167497E+10 0.362681E+09 0.817068E+07 0.595911E+07
    12111.00  0.175250E+10 0.617033E+09 0.556510E+04 0.260362E+08
    12211.00  0.170356E+10 0.909583E+09 0.147179E+08 0.387254E+08
    12311.00  0.153080E+10 0.120575E+10 0.671931E+08 0.342814E+08
    12411.00  0.125582E+10 0.146641E+10 0.166684E+09 0.169321E+08
    12511.00  0.917040E+09 0.165435E+10 0.314166E+09 0.137555E+07
    12611.00  0.565467E+09 0.174040E+10 0.501371E+09 0.760168E+07
    12711.00  0.258781E+09 0.170846E+10 0.711567E+09 0.551898E+08
    12811.00  0.546886E+08 0.155865E+10 0.921870E+09 0.158166E+09
    12911.00  0.432120E+07 0.130809E+10 0.110664E+10 0.321278E+09
    13011.00  0.146454E+09 0.989514E+09 0.124140E+10 0.538204E+09
    13111.00  0.503167E+09 0.647700E+09 0.130665E+10 0.791868E+09
    13211.00  0.107733E+10 0.334490E+09 0.129106E+10 0.105666E+10
    13311.00  0.185211E+10 0.102955E+09 0.119351E+10 0.130212E+10
    13411.00  0.279240E+10 0.148863E+07 0.102382E+10 0.149745E+10
    13511.00  0.384791E+10 0.684971E+08 0.802088E+09 0.161612E+10
    13611.00  0.495763E+10 0.328266E+09 0.556631E+09 0.163997E+10
    13711.00  0.605500E+10 0.788369E+09 0.321037E+09 0.156223E+10
    13811.00  0.707336E+10 0.143881E+10 0.130533E+09 0.138903E+10
    13911.00  0.795121E+10 0.225289E+10 0.182071E+08 0.113934E+10
    14011.00  0.863672E+10 0.318955E+10 0.114970E+08 0.843318E+09
    14111.00  0.909131E+10 0.419698E+10 0.129329E+09 0.539311E+09
    14211.00  0.929188E+10 0.521695E+10 0.380179E+09 0.269933E+09
    14311.00  0.923181E+10 0.618947E+10 0.761206E+09 0.776316E+08
    14411.00  0.892064E+10 0.705747E+10 0.125850E+10 0.289241E+06
    14511.00  0.838254E+10 0.777091E+10 0.184831E+10 0.673127E+08
    14611.00  0.765385E+10 0.829009E+10 0.249917E+10 0.296608E+09
    14711.00  0.678000E+10 0.858816E+10 0.317450E+10 0.692716E+09
    14811.00  0.581194E+10 0.865232E+10 0.383558E+10 0.124625E+10
    14911.00  0.480257E+10 0.848409E+10 0.444450E+10 0.193464E+10
    15011.00  0.380332E+10 0.809846E+10 0.496692E+10 0.272401E+10
    15111.00  0.286110E+10 0.752219E+10 0.537432E+10 0.357202E+10
    15211.00  0.201593E+10 0.679145E+10 0.564576E+10 0.443129E+10
    15311.00  0.129914E+10 0.594901E+10 0.576889E+10 0.525314E+10
    15411.00  0.732355E+09 0.504110E+10 0.574034E+10 0.599117E+10
    15511.00  0.327171E+09 0.411449E+10 0.556547E+10 0.660460E+10
    15611.00  0.854969E+08 0.321357E+10 0.525753E+10 0.706088E+10
    15711.00  0.427198E+06 0.237800E+10 0.483635E+10 0.733756E+10
    15811.00  0.575458E+08 0.164075E+10 0.432675E+10 0.742333E+10
    15911.00  0.236521E+09 0.102683E+10 0.375680E+10 0.731818E+10
    16011.00  0.512851E+09 0.552553E+09 0.315588E+10 0.703272E+10
    16111.00  0.859644E+09 0.225436E+09 0.255297E+10 0.658694E+10
    16211.00  0.124931E+10 0.446563E+08 0.197505E+10 0.600837E+10
    16311.00  0.165509E+10 0.191747E+07 0.144573E+10 0.532991E+10
    16411.00  0.205233E+10 0.826811E+08 0.984243E+09 0.458759E+10
    16511.00  0.241955E+10 0.267616E+09 0.604747E+09 0.381826E+10
    16611.00  0.273908E+10 0.534156E+09 0.316020E+09 0.305747E+10
    16711.00  0.299756E+10 0.858047E+09 0.121472E+09 0.233764E+10
    16811.00  0.318607E+10 0.121482E+10 0.194639E+08 0.168659E+10
    16911.00  0.330001E+10 0.158105E+10 0.388956E+07 0.112641E+10
    17011.00  0.333883E+10 0.193547E+10 0.649439E+08 0.672856E+09
    17111.00  0.330556E+10 0.225974E+10 0.190022E+09 0.335061E+09
    17211.00  0.320619E+10 0.253905E+10 0.364674E+09 0.115705E+09
    17311.00  0.304908E+10 0.276237E+10 0.573557E+09 0.114768E+08
    17411.00  0.284421E+10 0.292256E+10 0.801327E+09 0.138176E+08
    17511.00  0.260254E+10 0.301622E+10 0.103342E+10 0.109869E+09
    17611.00  0.233541E+10 0.304336E+10 0.125668E+10 0.283544E+09
    17711.00  0.205391E+10 0.300703E+10 0.145990E+10 0.516660E+09
    17811.00  0.176847E+10 0.291276E+10 0.163409E+10 0.790061E+09
    17911.00  0.148845E+10 0.276800E+10 0.177263E+10 0.108466E+10
    18011.00  0.122186E+10 0.258157E+10 0.187136E+10 0.138238E+10
    18111.00  0.975219E+09 0.236306E+10 0.192841E+10 0.166694E+10
    18211.00  0.753438E+09 0.212235E+10 0.194399E+10 0.192440E+10
    18311.00  0.559858E+09 0.186911E+10 0.192015E+10 0.214366E+10
    18411.00  0.396310E+09 0.161242E+10 0.186042E+10 0.231658E+10
    18511.00  0.263260E+09 0.136046E+10 0.176944E+10 0.243807E+10
    18611.00  0.159981E+09 0.112026E+10 0.165266E+10 0.250596E+10
    18711.00  0.847592E+08 0.897583E+09 0.151597E+10 0.252072E+10
    18811.00  0.351092E+08 0.696800E+09 0.136538E+10 0.248515E+10
    18911.00  0.798861E+07 0.520935E+09 0.120677E+10 0.240394E+10
    19011.00  0.526205E+04 0.371700E+09 0.104568E+10 0.228319E+10
    19111.00  0.760487E+07 0.249606E+09 0.887065E+09 0.212999E+10
    19311.00  0.554855E+08 0.837770E+08 0.593811E+09 0.175681E+10
    19511.00  0.125524E+09 0.958668E+07 0.352243E+09 0.134479E+10
    19711.00  0.196692E+09 0.493225E+07 0.174995E+09 0.946662E+09
    19911.00  0.254434E+09 0.449568E+08 0.633324E+08 0.601438E+09
    20111.00  0.290727E+09 0.106382E+09 0.976423E+07 0.332196E+09
    20311.00  0.303207E+09 0.170307E+09 0.131507E+07 0.146865E+09
    20511.00  0.293784E+09 0.223491E+09 0.227974E+08 0.409988E+08
    20711.00  0.267094E+09 0.258419E+09 0.595679E+08 0.152757E+07
    20911.00  0.229036E+09 0.272537E+09 0.994488E+08 0.106872E+08
    21111.00  0.185579E+09 0.267067E+09 0.133722E+09 0.495697E+08
    21311.00  0.141906E+09 0.245695E+09 0.157292E+09 0.100919E+09
    21511.00  0.101932E+09 0.213358E+09 0.168248E+09 0.150990E+09
    21711.00  0.681402E+08 0.175233E+09 0.167100E+09 0.190437E+09
    21911.00  0.416725E+08 0.135989E+09 0.155916E+09 0.214343E+09
    22111.00  0.225771E+08 0.993176E+08 0.137556E+09 0.221597E+09
    22311.00  0.101300E+08 0.677132E+08 0.115054E+09 0.213888E+09
    22511.00  0.315561E+07 0.424752E+08 0.911978E+08 0.194594E+09
    22711.00  0.301328E+06 0.238706E+08 0.682696E+08 0.167762E+09
    22911.00  0.242321E+06 0.113948E+08 0.479207E+08 0.137344E+09
    23111.00  0.181474E+07 0.406283E+07 0.311460E+08 0.106695E+09
    23311.00  0.408584E+07 0.677283E+06 0.183350E+08 0.783344E+08
    23511.00  0.637599E+07 0.380901E+05 0.937749E+07 0.539078E+08
    23711.00  0.824716E+07 0.108024E+07 0.380257E+07 0.342595E+08
    23911.00  0.947086E+07 0.294398E+07 0.930637E+06 0.195749E+08
    24111.00  0.998452E+07 0.499305E+07 0.137430E+05 0.954071E+07
    24311.00  0.984436E+07 0.680013E+07 0.347264E+06 0.350618E+07
    24511.00  0.917925E+07 0.811604E+07 0.134185E+07 0.631160E+06
    24711.00  0.815080E+07 0.883414E+07 0.255524E+07 0.176762E+05
    24911.00  0.692156E+07 0.895547E+07 0.369135E+07 0.817518E+06
    25111.00  0.563365E+07 0.855673E+07 0.457878E+07 0.231069E+07
    25311.00  0.439700E+07 0.776089E+07 0.514065E+07 0.395025E+07
    25511.00  0.328607E+07 0.671065E+07 0.536510E+07 0.537365E+07
    25711.00  0.234259E+07 0.554578E+07 0.528156E+07 0.638595E+07
    25911.00  0.158161E+07 0.438573E+07 0.494365E+07 0.692449E+07
    26111.00  0.998848E+06 0.331921E+07 0.441777E+07 0.701656E+07
    26311.00  0.577417E+06 0.240076E+07 0.377486E+07 0.673940E+07
    26511.00  0.293461E+06 0.165378E+07 0.308380E+07 0.618938E+07
    26711.00  0.120239E+06 0.107742E+07 0.240529E+07 0.546167E+07
    26911.00  0.310020E+05 0.655126E+06 0.178689E+07 0.464025E+07
 K.E.IE==>     24           25           26           27
        1.00  0.000000E+00 0.000000E+00 0.000000E+00 0.000000E+00
        2.00  0.000000E+00 0.000000E+00 0.000000E+00 0.000000E+00
        3.00  0.000000E+00 0.000000E+00 0.142396E-36 0.431394E-34
        4.00  0.546627E-36 0.654054E-35 0.158872E-33 0.470635E-31
        5.00  0.126458E-33 0.150886E-32 0.364665E-31 0.105651E-28
        6.00  0.107609E-31 0.128034E-30 0.307885E-29 0.872546E-27
        7.00  0.459200E-30 0.544828E-29 0.130359E-27 0.361443E-25
        8.00  0.118239E-28 0.139893E-27 0.333046E-26 0.903599E-24
        9.00  0.206991E-27 0.244213E-26 0.578500E-25 0.153612E-22
       10.00  0.267277E-26 0.314456E-25 0.741185E-24 0.192651E-21
       11.00  0.269794E-25 0.316528E-24 0.742360E-23 0.188912E-20
       12.00  0.222229E-24 0.259994E-23 0.606742E-22 0.151189E-19
       13.00  0.154319E-23 0.180038E-22 0.418069E-21 0.102025E-18
       14.00  0.926594E-23 0.107800E-21 0.249085E-20 0.595420E-18
       15.00  0.490831E-22 0.569433E-21 0.130925E-19 0.306610E-17
       16.00  0.233119E-21 0.269695E-20 0.617031E-19 0.141588E-16
       17.00  0.100595E-20 0.116053E-19 0.264209E-18 0.594145E-16
       18.00  0.398741E-20 0.458730E-19 0.103922E-17 0.229060E-15
       19.00  0.146526E-19 0.168099E-18 0.378951E-17 0.818811E-15
       20.00  0.503059E-19 0.575517E-18 0.129105E-16 0.273510E-14
       21.00  0.162439E-18 0.185317E-17 0.413687E-16 0.859402E-14
       22.00  0.496138E-18 0.564438E-17 0.125386E-15 0.255465E-13
       23.00  0.144048E-17 0.163422E-16 0.361259E-15 0.721985E-13
       24.00  0.399279E-17 0.451719E-16 0.993710E-15 0.194831E-12
       25.00  0.106061E-16 0.119657E-15 0.261947E-14 0.503921E-12
       26.00  0.270892E-16 0.304767E-15 0.663945E-14 0.125341E-11
       27.00  0.667240E-16 0.748590E-15 0.162293E-13 0.300703E-11
       28.00  0.158913E-15 0.177793E-14 0.383589E-13 0.697652E-11
       29.00  0.366823E-15 0.409263E-14 0.878724E-13 0.156899E-10
       30.00  0.822416E-15 0.915018E-14 0.195516E-12 0.342772E-10
       31.00  0.179430E-14 0.199079E-13 0.423335E-12 0.728823E-10
       32.00  0.381610E-14 0.422225E-13 0.893532E-12 0.151084E-09
       33.00  0.792404E-14 0.874309E-13 0.184138E-11 0.305830E-09
       34.00  0.160878E-13 0.177014E-12 0.371023E-11 0.605376E-09
       35.00  0.319768E-13 0.350867E-12 0.731903E-11 0.117333E-08
       36.00  0.622993E-13 0.681689E-12 0.141520E-10 0.222936E-08
       37.00  0.119101E-12 0.129962E-11 0.268517E-10 0.415703E-08
       38.00  0.223652E-12 0.243370E-11 0.500439E-10 0.761497E-08
       39.00  0.412909E-12 0.448071E-11 0.916984E-10 0.137163E-07
       40.00  0.750132E-12 0.811760E-11 0.165339E-09 0.243142E-07
       42.00  0.236625E-11 0.254653E-10 0.513776E-09 0.730522E-07
       44.00  0.706029E-11 0.755628E-10 0.151016E-08 0.207711E-06
       46.00  0.200249E-10 0.213135E-09 0.421960E-08 0.561672E-06
       48.00  0.542220E-10 0.573937E-09 0.112562E-07 0.145068E-05
       50.00  0.140697E-09 0.148108E-08 0.287761E-07 0.359224E-05
       52.00  0.351033E-09 0.367492E-08 0.707356E-07 0.855676E-05
       54.00  0.844603E-09 0.879347E-08 0.167686E-06 0.196646E-04
       56.00  0.196491E-08 0.203452E-07 0.384377E-06 0.437156E-04
       58.00  0.443043E-08 0.456221E-07 0.853969E-06 0.942284E-04
       60.00  0.970243E-08 0.993627E-07 0.184277E-05 0.197351E-03
       62.00  0.206766E-07 0.210590E-06 0.386970E-05 0.402376E-03
       64.00  0.429528E-07 0.435077E-06 0.792155E-05 0.800038E-03
       66.00  0.871164E-07 0.877593E-06 0.158326E-04 0.155365E-02
       68.00  0.172753E-06 0.173077E-05 0.309400E-04 0.295102E-02
       70.00  0.335378E-06 0.334172E-05 0.591952E-04 0.548953E-02
       72.00  0.638185E-06 0.632420E-05 0.111011E-03 0.100128E-01
       74.00  0.119162E-05 0.117441E-04 0.204285E-03 0.179269E-01
       76.00  0.218546E-05 0.214217E-04 0.369263E-03 0.315369E-01
       78.00  0.394068E-05 0.384158E-04 0.656244E-03 0.545631E-01
       80.00  0.699185E-05 0.677891E-04 0.114763E-02 0.929208E-01
       82.00  0.122166E-04 0.117801E-03 0.197645E-02 0.155885E+00
       84.00  0.210364E-04 0.201745E-03 0.335459E-02 0.257803E+00
       86.00  0.357229E-04 0.340731E-03 0.561516E-02 0.420593E+00
       88.00  0.598628E-04 0.567880E-03 0.927534E-02 0.677327E+00
       90.00  0.990511E-04 0.934534E-03 0.151286E-01 0.107734E+01
       92.00  0.161918E-03 0.151939E-02 0.243789E-01 0.169342E+01
       94.00  0.261633E-03 0.244177E-02 0.388328E-01 0.263183E+01
       96.00  0.418080E-03 0.388072E-02 0.611737E-01 0.404612E+01
       98.00  0.660994E-03 0.610227E-02 0.953478E-01 0.615609E+01
      100.00  0.103441E-02 0.949791E-02 0.147103E+00 0.927343E+01
      102.00  0.160294E-02 0.146386E-01 0.224738E+00 0.138362E+02
      104.00  0.246061E-02 0.223495E-01 0.340125E+00 0.204551E+02
      106.00  0.374301E-02 0.338136E-01 0.510109E+00 0.299740E+02
      108.00  0.564417E-02 0.507129E-01 0.758398E+00 0.435504E+02
      110.00  0.843956E-02 0.754199E-01 0.111810E+01 0.627597E+02
      112.00  0.125173E-01 0.111257E+00 0.163511E+01 0.897306E+02
      114.00  0.184205E-01 0.162842E+00 0.237257E+01 0.127319E+03
      116.00  0.269033E-01 0.236549E+00 0.341675E+01 0.179332E+03
      118.00  0.390065E-01 0.341118E+00 0.488477E+01 0.250808E+03
      122.00  0.802974E-01 0.694667E+00 0.977761E+01 0.480707E+03
      126.00  0.160985E+00 0.137775E+01 0.190622E+02 0.898022E+03
      130.00  0.314848E+00 0.266562E+01 0.362556E+02 0.163780E+04
      134.00  0.601585E+00 0.503861E+01 0.673736E+02 0.292034E+04
      138.00  0.112451E+01 0.931745E+01 0.122491E+03 0.509786E+04
      142.00  0.205894E+01 0.168771E+02 0.218152E+03 0.872265E+04
      146.00  0.369685E+01 0.299784E+02 0.381023E+03 0.146454E+05
      150.00  0.651606E+01 0.522742E+02 0.653331E+03 0.241542E+05
      154.00  0.112856E+02 0.895681E+02 0.110085E+04 0.391680E+05
      158.00  0.192238E+02 0.150937E+03 0.182440E+04 0.625026E+05
      162.00  0.322320E+02 0.250366E+03 0.297627E+04 0.982294E+05
      166.00  0.532359E+02 0.409095E+03 0.478316E+04 0.152154E+06
      170.00  0.866755E+02 0.658943E+03 0.757799E+04 0.232449E+06
      174.00  0.139203E+03 0.104697E+04 0.118434E+05 0.350466E+06
      178.00  0.220664E+03 0.164191E+04 0.182702E+05 0.521794E+06
      182.00  0.345454E+03 0.254296E+04 0.278361E+05 0.767587E+06
      186.00  0.534389E+03 0.389171E+04 0.419083E+05 0.111624E+07
      190.00  0.817246E+03 0.588801E+04 0.623787E+05 0.160545E+07
      194.00  0.123618E+04 0.881109E+04 0.918379E+05 0.228479E+07
      198.00  0.185028E+04 0.130471E+05 0.133798E+06 0.321879E+07
      202.00  0.274157E+04 0.191253E+05 0.192973E+06 0.449064E+07
      206.00  0.402290E+04 0.277636E+05 0.275636E+06 0.620664E+07
      210.00  0.584811E+04 0.399282E+05 0.390053E+06 0.850144E+07
      214.00  0.842518E+04 0.569074E+05 0.547029E+06 0.115441E+08
      218.00  0.120330E+05 0.804053E+05 0.760565E+06 0.155451E+08
      222.00  0.170423E+05 0.112658E+06 0.104866E+07 0.207645E+08
      226.00  0.239428E+05 0.156576E+06 0.143428E+07 0.275213E+08
      230.00  0.333758E+05 0.215923E+06 0.194648E+07 0.362032E+08
      234.00  0.461760E+05 0.295525E+06 0.262180E+07 0.472788E+08
      238.00  0.634210E+05 0.401532E+06 0.350581E+07 0.613100E+08
      242.00  0.864945E+05 0.541728E+06 0.465501E+07 0.789660E+08
      246.00  0.117160E+06 0.725895E+06 0.613894E+07 0.101038E+09
      250.00  0.157653E+06 0.966257E+06 0.804265E+07 0.128457E+09
      254.00  0.210787E+06 0.127798E+07 0.104695E+08 0.162308E+09
      258.00  0.280082E+06 0.167979E+07 0.135442E+08 0.203850E+09
      262.00  0.369921E+06 0.219463E+07 0.174167E+08 0.254533E+09
      266.00  0.485728E+06 0.285050E+07 0.222656E+08 0.316021E+09
      270.00  0.634173E+06 0.368135E+07 0.283032E+08 0.390204E+09
      274.00  0.823427E+06 0.472813E+07 0.357795E+08 0.479225E+09
      282.00  0.136626E+07 0.767551E+07 0.562721E+08 0.711701E+09
      290.00  0.222136E+07 0.122089E+08 0.867178E+08 0.103624E+10
      298.00  0.354279E+07 0.190483E+08 0.131079E+09 0.148067E+10
      306.00  0.554798E+07 0.291785E+08 0.194527E+09 0.207816E+10
      314.00  0.853835E+07 0.439224E+08 0.283681E+09 0.286734E+10
      322.00  0.129247E+08 0.650247E+08 0.406848E+09 0.389212E+10
      330.00  0.192580E+08 0.947483E+08 0.574262E+09 0.520121E+10
      338.00  0.282653E+08 0.135979E+09 0.798298E+09 0.684716E+10
      346.00  0.408916E+08 0.192336E+09 0.109364E+10 0.888503E+10
      354.00  0.583466E+08 0.268289E+09 0.147736E+10 0.113706E+11
      362.00  0.821571E+08 0.369263E+09 0.196899E+10 0.143580E+11
      370.00  0.114222E+09 0.501749E+09 0.259036E+10 0.178973E+11
      378.00  0.156873E+09 0.673390E+09 0.336542E+10 0.220316E+11
      386.00  0.212931E+09 0.893045E+09 0.431989E+10 0.267939E+11
      394.00  0.285764E+09 0.117082E+10 0.548065E+10 0.322038E+11
      402.00  0.379343E+09 0.151805E+10 0.687512E+10 0.382644E+11
      410.00  0.498279E+09 0.194723E+10 0.853032E+10 0.449596E+11
      418.00  0.647860E+09 0.247191E+10 0.104719E+11 0.522516E+11
      426.00  0.834070E+09 0.310650E+10 0.127229E+11 0.600795E+11
      434.00  0.106358E+10 0.386601E+10 0.153027E+11 0.683581E+11
      442.00  0.134374E+10 0.476572E+10 0.182256E+11 0.769781E+11
      450.00  0.168248E+10 0.582075E+10 0.214992E+11 0.858067E+11
      458.00  0.208828E+10 0.704560E+10 0.251237E+11 0.946899E+11
      466.00  0.257000E+10 0.845361E+10 0.290901E+11 0.103456E+12
      474.00  0.313675E+10 0.100564E+11 0.333797E+11 0.111918E+12
      482.00  0.379770E+10 0.118631E+11 0.379629E+11 0.119883E+12
      490.00  0.456185E+10 0.138800E+11 0.427992E+11 0.127155E+12
      498.00  0.543779E+10 0.161098E+11 0.478370E+11 0.133539E+12
      506.00  0.643336E+10 0.185506E+11 0.530132E+11 0.138855E+12
      514.00  0.755539E+10 0.211962E+11 0.582547E+11 0.142936E+12
      522.00  0.880933E+10 0.240347E+11 0.634791E+11 0.145643E+12
      530.00  0.101989E+11 0.270488E+11 0.685962E+11 0.146864E+12
      538.00  0.117260E+11 0.302153E+11 0.735106E+11 0.146524E+12
      546.00  0.133899E+11 0.335053E+11 0.781230E+11 0.144588E+12
      554.00  0.151875E+11 0.368841E+11 0.823339E+11 0.141064E+12
      562.00  0.171126E+11 0.403112E+11 0.860454E+11 0.136001E+12
      570.00  0.191561E+11 0.437415E+11 0.891646E+11 0.129494E+12
      578.00  0.213053E+11 0.471252E+11 0.916067E+11 0.121679E+12
      586.00  0.235446E+11 0.504094E+11 0.932980E+11 0.112729E+12
      596.00  0.264410E+11 0.542903E+11 0.942665E+11 0.100268E+12
      606.00  0.294037E+11 0.578188E+11 0.938884E+11 0.868261E+11
      616.00  0.323813E+11 0.608860E+11 0.921280E+11 0.729135E+11
      626.00  0.353161E+11 0.633883E+11 0.889991E+11 0.590576E+11
      636.00  0.381453E+11 0.652323E+11 0.845668E+11 0.457787E+11
      646.00  0.408030E+11 0.663391E+11 0.789468E+11 0.335632E+11
      656.00  0.432222E+11 0.666484E+11 0.723028E+11 0.228392E+11
      666.00  0.453367E+11 0.661223E+11 0.648407E+11 0.139550E+11
      676.00  0.470838E+11 0.647475E+11 0.568002E+11 0.716252E+10
      686.00  0.484061E+11 0.625375E+11 0.484455E+11 0.260605E+10
      696.00  0.492545E+11 0.595328E+11 0.400538E+11 0.317082E+09
      706.00  0.495899E+11 0.558017E+11 0.319041E+11 0.215513E+09
      716.00  0.493856E+11 0.514374E+11 0.242641E+11 0.211684E+10
      726.00  0.486285E+11 0.465567E+11 0.173787E+11 0.574502E+10
      736.00  0.473207E+11 0.412949E+11 0.114591E+11 0.107500E+11
      746.00  0.454798E+11 0.358020E+11 0.667365E+10 0.167290E+11
      756.00  0.431390E+11 0.302368E+11 0.314023E+10 0.232496E+11
      766.00  0.403469E+11 0.247613E+11 0.921871E+09 0.298741E+11
      776.00  0.371661E+11 0.195343E+11 0.244644E+08 0.361831E+11
      786.00  0.336721E+11 0.147056E+11 0.397365E+09 0.417977E+11
      796.00  0.299505E+11 0.104098E+11 0.193673E+10 0.463976E+11
      806.00  0.260949E+11 0.676143E+10 0.449136E+10 0.497360E+11
      816.00  0.222035E+11 0.385004E+10 0.787068E+10 0.516497E+11
      826.00  0.183763E+11 0.173727E+10 0.118545E+11 0.520639E+11
      836.00  0.147116E+11 0.454385E+09 0.162038E+11 0.509918E+11
      846.00  0.113026E+11 0.132065E+07 0.206727E+11 0.485302E+11
      856.00  0.823432E+10 0.347040E+09 0.250197E+11 0.448494E+11
      866.00  0.558073E+10 0.143115E+10 0.290193E+11 0.401806E+11
      876.00  0.340202E+10 0.316674E+10 0.324717E+11 0.347995E+11
      886.00  0.174263E+10 0.544431E+10 0.352113E+11 0.290095E+11
      896.00  0.629780E+09 0.813655E+10 0.371137E+11 0.231228E+11
      906.00  0.725399E+08 0.111039E+11 0.380998E+11 0.174432E+11
      916.00  0.616507E+08 0.142003E+11 0.381382E+11 0.122494E+11
      926.00  0.569970E+09 0.172795E+11 0.372449E+11 0.778078E+10
      936.00  0.155359E+10 0.202009E+11 0.354806E+11 0.422603E+10
      946.00  0.295356E+10 0.228353E+11 0.329464E+11 0.171532E+10
      956.00  0.469816E+10 0.250696E+11 0.297771E+11 0.315872E+09
      966.00  0.670561E+10 0.268116E+11 0.261334E+11 0.312802E+08
      976.00  0.888713E+10 0.279925E+11 0.221937E+11 0.804434E+09
      986.00  0.111502E+11 0.285699E+11 0.181442E+11 0.252354E+10
      996.00  0.134021E+11 0.285283E+11 0.141697E+11 0.503086E+10
     1006.00  0.155530E+11 0.278788E+11 0.104453E+11 0.813354E+10
     1016.00  0.175193E+11 0.266585E+11 0.712731E+10 0.116158E+11
     1026.00  0.192267E+11 0.249275E+11 0.434743E+10 0.152516E+11
     1036.00  0.206122E+11 0.227660E+11 0.220666E+10 0.188175E+11
     1046.00  0.216267E+11 0.202699E+11 0.771866E+09 0.221047E+11
     1056.00  0.222362E+11 0.175468E+11 0.738633E+08 0.249293E+11
     1066.00  0.224227E+11 0.147106E+11 0.107267E+09 0.271410E+11
     1076.00  0.221846E+11 0.118769E+11 0.832145E+09 0.286300E+11
     1086.00  0.215362E+11 0.915743E+10 0.217725E+10 0.293302E+11
     1096.00  0.205070E+11 0.665612E+10 0.404461E+10 0.292215E+11
     1106.00  0.191398E+11 0.446442E+10 0.631522E+10 0.283279E+11
     1116.00  0.174893E+11 0.265805E+10 0.885550E+10 0.267147E+11
     1126.00  0.156193E+11 0.129423E+10 0.115242E+11 0.244829E+11
     1136.00  0.136004E+11 0.409862E+09 0.141793E+11 0.217623E+11
     1146.00  0.115069E+11 0.205667E+08 0.166850E+11 0.187034E+11
     1156.00  0.941419E+10 0.120725E+09 0.189174E+11 0.154683E+11
     1166.00  0.739576E+10 0.684365E+09 0.207707E+11 0.122221E+11
     1176.00  0.552051E+10 0.166689E+10 0.221604E+11 0.912404E+10
     1186.00  0.385024E+10 0.300756E+10 0.230275E+11 0.631916E+10
     1196.00  0.243759E+10 0.463251E+10 0.233397E+11 0.393188E+10
     1206.00  0.132426E+10 0.645831E+10 0.230920E+11 0.206021E+10
     1216.00  0.539738E+09 0.839571E+10 0.223062E+11 0.771938E+09
     1226.00  0.100482E+09 0.103536E+11 0.210284E+11 0.102451E+09
     1236.00  0.966388E+07 0.122429E+11 0.193266E+11 0.542735E+08
     1246.00  0.257372E+09 0.139802E+11 0.172861E+11 0.598346E+09
     1256.00  0.821321E+09 0.154910E+11 0.150055E+11 0.167681E+10
     1266.00  0.166800E+10 0.167126E+11 0.125911E+11 0.320716E+10
     1276.00  0.275420E+10 0.175965E+11 0.101524E+11 0.508734E+10
     1286.00  0.402889E+10 0.181097E+11 0.779625E+10 0.720177E+10
     1296.00  0.543531E+10 0.182358E+11 0.562252E+10 0.942757E+10
     1306.00  0.691324E+10 0.179751E+11 0.371960E+10 0.116411E+11
     1316.00  0.840134E+10 0.173441E+11 0.216080E+10 0.137239E+11
     1326.00  0.983943E+10 0.163744E+11 0.100148E+10 0.155688E+11
     1336.00  0.111707E+11 0.151109E+11 0.277209E+09 0.170842E+11
     1346.00  0.123439E+11 0.136095E+11 0.278471E+07 0.181984E+11
     1356.00  0.133148E+11 0.119345E+11 0.172284E+09 0.188621E+11
     1366.00  0.140480E+11 0.101556E+11 0.760023E+09 0.190503E+11
     1376.00  0.145175E+11 0.834538E+10 0.172237E+10 0.187619E+11
     1386.00  0.147082E+11 0.657547E+10 0.300031E+10 0.180195E+11
     1396.00  0.146155E+11 0.491422E+10 0.452260E+10 0.168672E+11
     1406.00  0.142454E+11 0.342378E+10 0.620939E+10 0.153677E+11
     1416.00  0.136144E+11 0.215776E+10 0.797610E+10 0.135984E+11
     1426.00  0.127478E+11 0.115927E+10 0.973738E+10 0.116472E+11
     1436.00  0.116793E+11 0.459423E+09 0.114111E+11 0.960832E+10
     1446.00  0.104488E+11 0.764349E+08 0.129220E+11 0.757699E+10
     1456.00  0.910127E+10 0.151694E+08 0.142053E+11 0.564531E+10
     1466.00  0.768391E+10 0.267287E+09 0.152098E+11 0.389795E+10
     1476.00  0.624407E+10 0.811876E+09 0.159015E+11 0.240865E+10
     1486.00  0.482544E+10 0.161651E+10 0.162683E+11 0.123775E+10
     1496.00  0.346099E+10 0.263854E+10 0.163324E+11 0.431827E+09
     1506.00  0.215071E+10 0.382572E+10 0.162004E+11 0.314509E+08
     1516.00  0.731999E+09 0.510706E+10 0.165207E+11 0.165370E+09
     1526.00  0.744195E+10 0.668096E+10 0.812267E+10 0.103610E+09
     1536.00  0.990234E+09 0.790830E+10 0.112004E+11 0.672873E+09
     1546.00  0.257507E+09 0.919159E+10 0.102320E+11 0.166784E+10
     1556.00  0.117118E+08 0.103667E+11 0.884230E+10 0.287071E+10
     1566.00  0.685438E+08 0.113795E+11 0.731593E+10 0.423304E+10
     1576.00  0.377167E+09 0.121880E+11 0.577412E+10 0.568678E+10
     1586.00  0.904291E+09 0.127603E+11 0.430272E+10 0.715815E+10
     1596.00  0.161697E+10 0.130752E+11 0.297200E+10 0.857350E+10
     1606.00  0.247908E+10 0.131220E+11 0.184027E+10 0.986333E+10
     1616.00  0.345101E+10 0.129016E+11 0.953945E+09 0.109657E+11
     1626.00  0.449057E+10 0.124254E+11 0.346740E+09 0.118292E+11
     1636.00  0.555420E+10 0.117149E+11 0.389882E+08 0.124146E+11
     1646.00  0.659848E+10 0.108008E+11 0.372803E+08 0.126970E+11
     1656.00  0.758162E+10 0.972148E+10 0.334606E+09 0.126665E+11
     1666.00  0.846492E+10 0.852115E+10 0.911007E+09 0.123280E+11
     1676.00  0.921415E+10 0.724825E+10 0.173474E+10 0.117012E+11
     1686.00  0.980071E+10 0.595333E+10 0.276386E+10 0.108187E+11
     1696.00  0.102026E+11 0.468694E+10 0.394827E+10 0.972514E+10
     1706.00  0.104052E+11 0.349770E+10 0.523196E+10 0.847405E+10
     1716.00  0.104018E+11 0.243032E+10 0.655555E+10 0.712582E+10
     1726.00  0.101934E+11 0.152386E+10 0.785885E+10 0.574458E+10
     1736.00  0.978902E+10 0.810246E+09 0.908346E+10 0.439529E+10
     1746.00  0.920528E+10 0.313078E+09 0.101752E+11 0.314073E+10
     1756.00  0.846544E+10 0.467439E+08 0.110865E+11 0.203870E+10
     1766.00  0.759872E+10 0.159431E+08 0.117781E+11 0.113943E+10
     1776.00  0.663910E+10 0.215575E+09 0.122208E+11 0.483413E+09
     1786.00  0.562408E+10 0.631020E+09 0.123966E+11 0.996564E+08
     1796.00  0.459320E+10 0.123880E+10 0.122992E+11 0.448240E+07
     1806.00  0.358663E+10 0.200757E+10 0.119344E+11 0.200901E+09
     1816.00  0.264358E+10 0.289943E+10 0.113194E+11 0.678571E+09
     1826.00  0.180088E+10 0.387152E+10 0.104822E+11 0.141435E+10
     1836.00  0.109150E+10 0.487775E+10 0.946027E+10 0.237340E+10
     1846.00  0.543372E+09 0.587074E+10 0.829883E+10 0.351080E+10
     1856.00  0.178187E+09 0.680375E+10 0.704883E+10 0.477362E+10
     1866.00  0.105663E+08 0.763269E+10 0.576471E+10 0.610328E+10
     1876.00  0.473901E+08 0.831798E+10 0.450200E+10 0.743821E+10
     1886.00  0.287429E+09 0.882625E+10 0.331480E+10 0.871661E+10
     1896.00  0.721250E+09 0.913190E+10 0.225335E+10 0.987924E+10
     1906.00  0.133143E+10 0.921829E+10 0.136176E+10 0.108721E+11
     1916.00  0.209305E+10 0.907869E+10 0.675927E+09 0.116488E+11
     1926.00  0.297448E+10 0.871681E+10 0.221756E+09 0.121730E+11
     1936.00  0.393844E+10 0.814698E+10 0.138243E+08 0.124197E+11
     1946.00  0.494329E+10 0.739384E+10 0.544655E+08 0.123768E+11
     1956.00  0.594457E+10 0.649173E+10 0.333375E+09 0.120458E+11
     1966.00  0.689665E+10 0.548353E+10 0.827760E+09 0.114414E+11
     1976.00  0.775454E+10 0.441925E+10 0.150306E+10 0.105919E+11
     1986.00  0.847583E+10 0.335407E+10 0.231422E+10 0.953686E+10
     1996.00  0.902261E+10 0.234621E+10 0.320759E+10 0.832643E+10
     2006.00  0.936336E+10 0.145442E+10 0.412326E+10 0.701832E+10
     2016.00  0.947478E+10 0.735175E+09 0.499801E+10 0.567526E+10
     2026.00  0.934352E+10 0.239820E+09 0.576862E+10 0.436168E+10
     2036.00  0.896761E+10 0.114491E+08 0.637563E+10 0.314017E+10
     2046.00  0.835761E+10 0.818532E+08 0.676731E+10 0.206764E+10
     2056.00  0.753740E+10 0.468500E+09 0.690382E+10 0.119161E+10
     2066.00  0.654440E+10 0.117175E+10 0.676137E+10 0.546446E+09
     2076.00  0.542908E+10 0.217247E+10 0.633607E+10 0.150180E+09
     2086.00  0.425369E+10 0.343036E+10 0.564721E+10 0.192956E+07
     2096.00  0.308982E+10 0.488322E+10 0.473952E+10 0.804410E+08
     2106.00  0.201477E+10 0.644775E+10 0.368382E+10 0.344145E+09
     2116.00  0.110646E+10 0.802227E+10 0.257545E+10 0.733224E+09
     2126.00  0.436898E+09 0.949191E+10 0.152955E+10 0.117412E+10
     2136.00  0.644945E+08 0.107366E+11 0.672877E+09 0.158675E+10
     2146.00  0.257675E+08 0.116421E+11 0.131618E+09 0.189433E+10
     2156.00  0.327685E+09 0.121131E+11 0.158964E+08 0.203502E+10
     2166.00  0.942208E+09 0.120872E+11 0.402451E+09 0.197383E+10
     2176.00  0.180492E+10 0.115471E+11 0.131838E+10 0.171246E+10
     2186.00  0.281928E+10 0.105287E+11 0.272974E+10 0.129423E+10
     2196.00  0.386713E+10 0.912032E+10 0.453874E+10 0.801771E+09
     2206.00  0.482426E+10 0.745435E+10 0.659215E+10 0.346587E+09
     2216.00  0.557834E+10 0.568937E+10 0.870045E+10 0.517123E+08
     2226.00  0.604527E+10 0.398775E+10 0.106644E+11 0.310579E+08
     2236.00  0.618038E+10 0.249293E+10 0.123032E+11 0.370132E+09
     2246.00  0.598204E+10 0.131156E+10 0.134780E+11 0.111248E+10
     2256.00  0.548791E+10 0.503535E+09 0.141067E+11 0.225429E+10
     2266.00  0.476546E+10 0.809336E+08 0.141673E+11 0.374730E+10
     2276.00  0.389964E+10 0.142418E+08 0.136925E+11 0.550798E+10
     2286.00  0.298049E+10 0.243142E+09 0.127581E+11 0.743013E+10
     2296.00  0.209272E+10 0.688938E+09 0.114677E+11 0.939819E+10
     2306.00  0.130829E+10 0.126628E+10 0.993818E+10 0.112989E+11
     2316.00  0.682006E+09 0.189279E+10 0.828726E+10 0.130307E+11
     2326.00  0.249928E+09 0.249593E+10 0.662375E+10 0.145094E+11
     2336.00  0.297684E+08 0.301736E+10 0.504111E+10 0.156722E+11
     2346.00  0.226959E+08 0.341488E+10 0.361376E+10 0.164783E+11
     2356.00  0.215932E+09 0.366268E+10 0.239567E+10 0.169087E+11
     2366.00  0.585708E+09 0.375040E+10 0.142066E+10 0.169641E+11
     2376.00  0.110028E+10 0.368123E+10 0.703861E+09 0.166626E+11
     2386.00  0.172277E+10 0.346969E+10 0.243995E+09 0.160362E+11
     2396.00  0.241380E+10 0.313905E+10 0.260233E+08 0.151282E+11
     2406.00  0.313376E+10 0.271883E+10 0.240532E+08 0.139895E+11
     2416.00  0.384472E+10 0.224234E+10 0.204237E+09 0.126757E+11
     2426.00  0.451198E+10 0.174443E+10 0.527570E+09 0.112440E+11
     2436.00  0.510537E+10 0.125945E+10 0.952493E+09 0.975131E+10
     2446.00  0.560003E+10 0.819582E+09 0.143723E+10 0.825119E+10
     2456.00  0.597708E+10 0.453345E+09 0.194180E+10 0.679254E+10
     2466.00  0.622382E+10 0.184550E+09 0.242973E+10 0.541801E+10
     2476.00  0.633383E+10 0.314781E+08 0.286939E+10 0.416291E+10
     2486.00  0.630671E+10 0.640535E+07 0.323496E+10 0.305456E+10
     2496.00  0.614770E+10 0.115401E+09 0.350711E+10 0.211202E+10
     2506.00  0.586707E+10 0.358400E+09 0.367325E+10 0.134611E+10
     2516.00  0.547947E+10 0.729508E+09 0.372758E+10 0.759762E+09
     2526.00  0.500303E+10 0.121752E+10 0.367075E+10 0.348637E+09
     2536.00  0.445857E+10 0.180661E+10 0.350939E+10 0.101998E+09
     2546.00  0.386864E+10 0.247715E+10 0.325536E+10 0.370838E+07
     2556.00  0.325661E+10 0.320659E+10 0.292483E+10 0.333758E+08
     2566.00  0.264580E+10 0.397050E+10 0.253735E+10 0.167563E+09
     2576.00  0.205865E+10 0.474350E+10 0.211474E+10 0.381014E+09
     2586.00  0.151599E+10 0.550023E+10 0.167999E+10 0.647855E+09
     2596.00  0.103633E+10 0.621631E+10 0.125626E+10 0.942726E+09
     2606.00  0.635399E+09 0.686914E+10 0.865823E+09 0.124180E+10
     2616.00  0.325664E+09 0.743863E+10 0.529157E+09 0.152365E+10
     2626.00  0.116084E+09 0.790786E+10 0.264173E+09 0.177001E+10
     2636.00  0.119387E+08 0.826350E+10 0.855560E+08 0.196628E+10
     2646.00  0.148087E+08 0.849617E+10 0.427234E+07 0.210189E+10
     2656.00  0.122668E+09 0.860059E+10 0.272522E+08 0.217048E+10
     2666.00  0.330097E+09 0.857564E+10 0.157233E+09 0.216988E+10
     2676.00  0.628589E+09 0.842422E+10 0.392773E+09 0.210196E+10
     2686.00  0.100694E+10 0.815304E+10 0.728419E+09 0.197225E+10
     2696.00  0.145173E+10 0.777223E+10 0.115501E+10 0.178950E+10
     2706.00  0.194779E+10 0.729492E+10 0.166013E+10 0.156516E+10
     2716.00  0.247880E+10 0.673670E+10 0.222861E+10 0.131268E+10
     2726.00  0.302779E+10 0.611504E+10 0.284316E+10 0.104689E+10
     2736.00  0.357771E+10 0.544864E+10 0.348503E+10 0.783243E+09
     2746.00  0.411199E+10 0.475686E+10 0.413469E+10 0.537160E+09
     2756.00  0.461494E+10 0.405904E+10 0.477253E+10 0.323365E+09
     2766.00  0.507228E+10 0.337394E+10 0.537950E+10 0.155284E+09
     2776.00  0.547145E+10 0.271917E+10 0.593775E+10 0.445276E+08
     2786.00  0.580197E+10 0.211074E+10 0.643119E+10 0.458766E+06
     2796.00  0.605562E+10 0.156260E+10 0.684594E+10 0.298664E+08
     2806.00  0.622662E+10 0.108635E+10 0.717074E+10 0.136748E+09
     2816.00  0.631170E+10 0.690952E+09 0.739722E+10 0.322206E+09
     2826.00  0.631011E+10 0.382635E+09 0.752008E+10 0.584449E+09
     2836.00  0.622351E+10 0.164785E+09 0.753718E+10 0.918902E+09
     2846.00  0.605586E+10 0.379936E+08 0.744949E+10 0.131841E+10
     2856.00  0.581320E+10 0.167142E+06 0.726097E+10 0.177354E+10
     2866.00  0.550342E+10 0.467078E+08 0.697836E+10 0.227291E+10
     2876.00  0.513592E+10 0.170767E+09 0.661088E+10 0.280364E+10
     2886.00  0.472133E+10 0.363550E+09 0.616991E+10 0.335177E+10
     2896.00  0.427114E+10 0.614663E+09 0.566851E+10 0.390275E+10
     2906.00  0.379738E+10 0.912496E+09 0.512106E+10 0.444192E+10
     2916.00  0.331222E+10 0.124461E+10 0.454272E+10 0.495497E+10
     2926.00  0.282768E+10 0.159815E+10 0.394904E+10 0.542836E+10
     2936.00  0.235529E+10 0.196023E+10 0.335545E+10 0.584978E+10
     2946.00  0.190577E+10 0.231829E+10 0.277682E+10 0.620841E+10
     2956.00  0.148884E+10 0.266050E+10 0.222710E+10 0.649531E+10
     2966.00  0.111295E+10 0.297600E+10 0.171894E+10 0.670355E+10
     2976.00  0.785112E+09 0.325523E+10 0.126336E+10 0.682844E+10
     2986.00  0.510809E+09 0.349010E+10 0.869552E+09 0.686758E+10
     2996.00  0.293874E+09 0.367419E+10 0.544676E+09 0.682088E+10
     3006.00  0.136481E+09 0.380283E+10 0.293735E+09 0.669047E+10
     3016.00  0.391521E+08 0.387320E+10 0.119538E+09 0.648067E+10
     3026.00  0.814476E+06 0.388430E+10 0.227076E+08 0.619769E+10
     3036.00  0.188965E+08 0.383690E+10 0.175258E+07 0.584951E+10
     3046.00  0.894578E+08 0.373347E+10 0.531979E+08 0.544557E+10
     3056.00  0.207350E+09 0.357802E+10 0.171761E+09 0.499645E+10
     3066.00  0.366403E+09 0.337597E+10 0.350569E+09 0.451360E+10
     3076.00  0.559623E+09 0.313386E+10 0.581413E+09 0.400896E+10
     3086.00  0.779414E+09 0.285922E+10 0.855024E+09 0.349467E+10
     3096.00  0.101780E+10 0.256029E+10 0.116137E+10 0.298271E+10
     3106.00  0.126663E+10 0.224574E+10 0.148993E+10 0.248462E+10
     3116.00  0.151783E+10 0.192446E+10 0.183006E+10 0.201120E+10
     3126.00  0.176356E+10 0.160531E+10 0.217120E+10 0.157225E+10
     3136.00  0.199647E+10 0.129686E+10 0.250319E+10 0.117638E+10
     3146.00  0.220980E+10 0.100719E+10 0.281655E+10 0.830823E+09
     3156.00  0.239757E+10 0.743710E+09 0.310264E+10 0.541277E+09
     3166.00  0.255473E+10 0.512938E+09 0.335389E+10 0.311856E+09
     3176.00  0.267719E+10 0.320407E+09 0.356396E+10 0.145026E+09
     3186.00  0.276196E+10 0.170533E+09 0.372782E+10 0.416133E+08
     3196.00  0.280713E+10 0.665409E+08 0.384186E+10 0.844029E+06
     3206.00  0.281195E+10 0.104148E+08 0.390394E+10 0.204305E+08
     3216.00  0.277674E+10 0.288937E+07 0.391333E+10 0.966870E+08
     3226.00  0.270292E+10 0.434663E+08 0.387073E+10 0.224678E+09
     3236.00  0.259291E+10 0.130463E+09 0.377816E+10 0.398392E+09
     3246.00  0.245004E+10 0.261087E+09 0.363889E+10 0.610932E+09
     3256.00  0.227848E+10 0.431536E+09 0.345729E+10 0.854725E+09
     3266.00  0.208309E+10 0.637119E+09 0.323868E+10 0.112173E+10
     3276.00  0.186929E+10 0.872392E+09 0.298917E+10 0.140367E+10
     3286.00  0.164295E+10 0.113131E+10 0.271546E+10 0.169222E+10
     3296.00  0.141021E+10 0.140738E+10 0.242470E+10 0.197922E+10
     3306.00  0.117736E+10 0.169384E+10 0.212424E+10 0.225691E+10
     3316.00  0.950688E+09 0.198381E+10 0.182148E+10 0.251801E+10
     3326.00  0.736319E+09 0.227045E+10 0.152366E+10 0.275599E+10
     3336.00  0.540115E+09 0.254715E+10 0.123772E+10 0.296508E+10
     3346.00  0.367531E+09 0.280761E+10 0.970134E+09 0.314050E+10
     3356.00  0.223507E+09 0.304605E+10 0.726748E+09 0.327843E+10
     3366.00  0.112376E+09 0.325729E+10 0.512687E+09 0.337611E+10
     3376.00  0.377774E+08 0.343682E+10 0.332246E+09 0.343189E+10
     3386.00  0.259318E+07 0.358096E+10 0.188813E+09 0.344517E+10
     3396.00  0.890264E+07 0.368684E+10 0.848260E+08 0.341641E+10
     3406.00  0.579505E+08 0.375251E+10 0.217373E+08 0.334706E+10
     3416.00  0.150135E+09 0.377691E+10 0.154751E+05 0.323951E+10
     3426.00  0.285015E+09 0.375990E+10 0.191624E+08 0.309696E+10
     3436.00  0.461326E+09 0.370224E+10 0.777542E+08 0.292337E+10
     3446.00  0.677023E+09 0.360555E+10 0.173501E+09 0.272327E+10
     3456.00  0.929331E+09 0.347225E+10 0.303325E+09 0.250171E+10
     3466.00  0.121480E+10 0.330549E+10 0.463449E+09 0.226405E+10
     3476.00  0.152940E+10 0.310910E+10 0.649508E+09 0.201588E+10
     3486.00  0.186859E+10 0.288746E+10 0.856656E+09 0.176286E+10
     3496.00  0.222739E+10 0.264541E+10 0.107969E+10 0.151058E+10
     3506.00  0.260052E+10 0.238814E+10 0.131317E+10 0.126447E+10
     3516.00  0.298248E+10 0.212109E+10 0.155156E+10 0.102963E+10
     3526.00  0.336764E+10 0.184984E+10 0.178933E+10 0.810780E+09
     3536.00  0.375035E+10 0.157997E+10 0.202107E+10 0.612122E+09
     3546.00  0.412504E+10 0.131698E+10 0.224166E+10 0.437297E+09
     3556.00  0.448631E+10 0.106617E+10 0.244627E+10 0.289302E+09
     3566.00  0.482902E+10 0.832535E+09 0.263058E+10 0.170456E+09
     3576.00  0.514838E+10 0.620704E+09 0.279073E+10 0.823643E+08
     3586.00  0.543999E+10 0.434832E+09 0.292351E+10 0.259109E+08
     3596.00  0.569995E+10 0.278546E+09 0.302631E+10 0.125990E+07
     3606.00  0.592488E+10 0.154882E+09 0.309724E+10 0.787548E+07
     3616.00  0.611196E+10 0.662454E+08 0.313507E+10 0.445558E+08
     3626.00  0.625900E+10 0.143761E+08 0.313934E+10 0.109480E+09
     3636.00  0.636441E+10 0.333628E+06 0.311026E+10 0.200265E+09
     3646.00  0.642724E+10 0.244906E+08 0.304875E+10 0.314036E+09
     3656.00  0.644719E+10 0.865403E+08 0.295637E+10 0.447501E+09
     3666.00  0.642456E+10 0.185516E+09 0.283529E+10 0.597033E+09
     3676.00  0.636025E+10 0.319823E+09 0.268825E+10 0.758760E+09
     3686.00  0.625574E+10 0.487278E+09 0.251847E+10 0.928648E+09
     3696.00  0.611303E+10 0.685159E+09 0.232959E+10 0.110259E+10
     3706.00  0.593460E+10 0.910266E+09 0.212557E+10 0.127652E+10
     3716.00  0.572337E+10 0.115898E+10 0.191065E+10 0.144643E+10
     3726.00  0.548263E+10 0.142735E+10 0.168922E+10 0.160854E+10
     3736.00  0.521597E+10 0.171113E+10 0.146578E+10 0.175930E+10
     3746.00  0.492725E+10 0.200591E+10 0.124478E+10 0.189550E+10
     3756.00  0.462047E+10 0.230714E+10 0.103064E+10 0.201429E+10
     3766.00  0.429978E+10 0.261024E+10 0.827573E+09 0.211327E+10
     3776.00  0.396935E+10 0.291067E+10 0.639573E+09 0.219048E+10
     3786.00  0.363336E+10 0.320398E+10 0.470322E+09 0.224449E+10
     3796.00  0.329588E+10 0.348592E+10 0.323133E+09 0.227435E+10
     3806.00  0.296087E+10 0.375248E+10 0.200902E+09 0.227966E+10
     3816.00  0.263206E+10 0.399992E+10 0.106058E+09 0.226052E+10
     3826.00  0.231298E+10 0.422489E+10 0.405337E+08 0.221752E+10
     3836.00  0.200684E+10 0.442441E+10 0.574006E+07 0.215177E+10
     3846.00  0.171654E+10 0.459594E+10 0.254931E+07 0.206479E+10
     3856.00  0.144463E+10 0.473738E+10 0.312913E+08 0.195855E+10
     3866.00  0.119328E+10 0.484714E+10 0.917576E+08 0.183537E+10
     3876.00  0.964249E+09 0.492409E+10 0.183214E+09 0.169788E+10
     3886.00  0.758909E+09 0.496761E+10 0.304425E+09 0.154898E+10
     3896.00  0.578206E+09 0.497758E+10 0.453677E+09 0.139177E+10
     3906.00  0.422684E+09 0.495434E+10 0.628826E+09 0.122951E+10
     3916.00  0.292484E+09 0.489869E+10 0.827328E+09 0.106550E+10
     3926.00  0.187360E+09 0.481187E+10 0.104630E+10 0.903112E+09
     3936.00  0.106704E+09 0.469552E+10 0.128256E+10 0.745629E+09
     3946.00  0.495647E+08 0.455164E+10 0.153269E+10 0.596254E+09
     3956.00  0.146806E+08 0.438258E+10 0.179310E+10 0.458032E+09
     3966.00  0.511768E+06 0.419093E+10 0.206009E+10 0.333801E+09
     3976.00  0.527640E+07 0.397954E+10 0.232987E+10 0.226144E+09
     3986.00  0.269893E+08 0.375145E+10 0.259869E+10 0.137350E+09
     3996.00  0.635021E+08 0.350980E+10 0.286283E+10 0.693788E+08
     4006.00  0.112545E+09 0.325785E+10 0.311871E+10 0.238338E+08
     4016.00  0.171769E+09 0.299887E+10 0.336288E+10 0.193774E+07
     4026.00  0.238787E+09 0.273611E+10 0.359215E+10 0.451948E+07
     4036.00  0.311213E+09 0.247277E+10 0.380355E+10 0.320056E+08
     4046.00  0.386705E+09 0.221194E+10 0.399442E+10 0.844191E+08
     4056.00  0.463000E+09 0.195655E+10 0.416242E+10 0.161385E+09
     4066.00  0.537948E+09 0.170935E+10 0.430558E+10 0.262143E+09
     4076.00  0.609548E+09 0.147287E+10 0.442228E+10 0.385564E+09
     4086.00  0.675970E+09 0.124938E+10 0.451131E+10 0.530173E+09
     4096.00  0.735587E+09 0.104088E+10 0.457186E+10 0.694178E+09
     4106.00  0.786993E+09 0.849090E+09 0.460348E+10 0.875505E+09
     4116.00  0.829018E+09 0.675407E+09 0.460616E+10 0.107183E+10
     4126.00  0.860746E+09 0.520914E+09 0.458025E+10 0.128062E+10
     4136.00  0.881520E+09 0.386376E+09 0.452648E+10 0.149917E+10
     4146.00  0.890948E+09 0.272236E+09 0.444590E+10 0.172467E+10
     4156.00  0.888904E+09 0.178621E+09 0.433992E+10 0.195420E+10
     4166.00  0.875521E+09 0.105355E+09 0.421023E+10 0.218482E+10
     4176.00  0.851191E+09 0.519708E+08 0.405878E+10 0.241361E+10
     4186.00  0.816544E+09 0.177284E+08 0.388775E+10 0.263768E+10
     4196.00  0.772442E+09 0.163665E+07 0.369952E+10 0.285424E+10
     4206.00  0.719959E+09 0.247785E+07 0.349660E+10 0.306061E+10
     4216.00  0.660356E+09 0.188344E+08 0.328163E+10 0.325431E+10
     4226.00  0.595067E+09 0.491179E+08 0.305733E+10 0.343302E+10
     4236.00  0.525668E+09 0.915998E+08 0.282643E+10 0.359467E+10
     4246.00  0.453851E+09 0.144443E+09 0.259167E+10 0.373742E+10
     4256.00  0.381402E+09 0.205735E+09 0.235575E+10 0.385971E+10
     4266.00  0.310167E+09 0.273518E+09 0.212128E+10 0.396025E+10
     4276.00  0.242026E+09 0.345823E+09 0.189075E+10 0.403807E+10
     4286.00  0.178864E+09 0.420700E+09 0.166654E+10 0.409247E+10
     4296.00  0.122545E+09 0.496247E+09 0.145082E+10 0.412309E+10
     4306.00  0.748819E+08 0.570642E+09 0.124559E+10 0.412984E+10
     4316.00  0.376105E+08 0.642164E+09 0.105263E+10 0.411294E+10
     4326.00  0.123669E+08 0.709222E+09 0.873489E+09 0.407290E+10
     4336.00  0.662731E+06 0.770371E+09 0.709456E+09 0.401049E+10
     4346.00  0.386484E+07 0.824338E+09 0.561579E+09 0.392674E+10
     4356.00  0.231762E+08 0.870030E+09 0.430644E+09 0.382293E+10
     4366.00  0.596196E+08 0.906553E+09 0.317172E+09 0.370051E+10
     4376.00  0.114024E+09 0.933216E+09 0.221427E+09 0.356115E+10
     4386.00  0.187012E+09 0.949545E+09 0.143418E+09 0.340667E+10
     4396.00  0.278995E+09 0.955275E+09 0.829080E+08 0.323903E+10
     4406.00  0.390162E+09 0.950363E+09 0.394313E+08 0.306026E+10
     4416.00  0.520484E+09 0.934973E+09 0.123027E+08 0.287249E+10
     4426.00  0.669705E+09 0.909478E+09 0.638387E+06 0.267788E+10
     4436.00  0.837353E+09 0.874449E+09 0.337511E+07 0.247862E+10
     4446.00  0.102274E+10 0.830640E+09 0.192920E+08 0.227685E+10
     4456.00  0.122498E+10 0.778982E+09 0.470338E+08 0.207469E+10
     4466.00  0.144297E+10 0.720558E+09 0.851354E+08 0.187420E+10
     4476.00  0.167544E+10 0.656594E+09 0.132047E+09 0.167731E+10
     4486.00  0.192096E+10 0.588434E+09 0.186160E+09 0.148586E+10
     4511.00  0.258100E+10 0.409333E+09 0.342156E+09 0.104184E+10
     4536.00  0.328393E+10 0.237463E+09 0.507486E+09 0.664100E+09
     4561.00  0.399814E+10 0.979011E+08 0.658728E+09 0.367556E+09
     4586.00  0.469070E+10 0.144344E+08 0.776404E+09 0.159424E+09
     4611.00  0.532947E+10 0.759086E+07 0.846490E+09 0.393347E+08
     4636.00  0.588504E+10 0.929917E+08 0.861365E+09 0.563552E+05
     4661.00  0.633242E+10 0.280130E+09 0.820180E+09 0.287106E+08
     4686.00  0.665240E+10 0.571639E+09 0.728630E+09 0.108354E+09
     4711.00  0.683242E+10 0.963087E+09 0.598212E+09 0.219765E+09
     4736.00  0.686712E+10 0.144327E+10 0.445042E+09 0.343275E+09
     4761.00  0.675827E+10 0.199496E+10 0.288359E+09 0.460499E+09
     4786.00  0.651442E+10 0.259609E+10 0.148852E+09 0.555844E+09
     4811.00  0.615007E+10 0.322110E+10 0.469253E+08 0.617671E+09
     4836.00  0.568459E+10 0.384264E+10 0.106900E+07 0.639076E+09
     4861.00  0.514088E+10 0.443316E+10 0.264147E+08 0.618228E+09
     4886.00  0.454395E+10 0.496656E+10 0.133593E+09 0.558284E+09
     4911.00  0.391947E+10 0.541963E+10 0.327946E+09 0.466914E+09
     4936.00  0.329232E+10 0.577331E+10 0.609143E+09 0.355494E+09
     4961.00  0.268537E+10 0.601358E+10 0.971191E+09 0.238041E+09
     4986.00  0.211840E+10 0.613208E+10 0.140283E+10 0.130005E+09
     5011.00  0.160732E+10 0.612633E+10 0.188826E+10 0.469892E+08
     5036.00  0.116362E+10 0.599962E+10 0.240816E+10 0.351209E+07
     5061.00  0.794158E+09 0.576054E+10 0.294086E+10 0.118933E+08
     5086.00  0.501244E+09 0.542233E+10 0.346362E+10 0.813309E+08
     5111.00  0.282925E+09 0.500191E+10 0.395403E+10 0.217228E+09
     5136.00  0.133550E+09 0.451878E+10 0.439114E+10 0.420802E+09
     5161.00  0.444868E+08 0.399395E+10 0.475668E+10 0.688984E+09
     5186.00  0.495731E+07 0.344870E+10 0.503592E+10 0.101461E+10
     5211.00  0.294458E+07 0.290351E+10 0.521836E+10 0.138686E+10
     5236.00  0.260984E+08 0.237709E+10 0.529811E+10 0.179195E+10
     5261.00  0.625949E+08 0.188556E+10 0.527406E+10 0.221390E+10
     5286.00  0.101901E+09 0.144187E+10 0.514971E+10 0.263554E+10
     5311.00  0.135405E+09 0.105533E+10 0.493279E+10 0.303946E+10
     5336.00  0.156887E+09 0.731545E+09 0.463467E+10 0.340894E+10
     5361.00  0.162805E+09 0.472409E+09 0.426961E+10 0.372888E+10
     5386.00  0.152405E+09 0.276386E+09 0.385385E+10 0.398653E+10
     5411.00  0.127646E+09 0.138938E+09 0.340478E+10 0.417210E+10
     5436.00  0.929562E+08 0.530981E+08 0.293991E+10 0.427915E+10
     5461.00  0.548525E+08 0.101263E+08 0.247611E+10 0.430483E+10
     5511.00  0.184558E+07 0.132630E+08 0.161109E+10 0.411836E+10
     5561.00  0.418881E+08 0.699746E+08 0.904661E+09 0.365696E+10
     5611.00  0.244583E+09 0.116542E+09 0.406625E+09 0.300487E+10
     5661.00  0.657896E+09 0.118169E+09 0.119873E+09 0.226674E+10
     5711.00  0.129531E+10 0.748662E+08 0.847745E+07 0.154623E+10
     5761.00  0.213037E+10 0.186386E+08 0.126022E+08 0.927540E+09
     5811.00  0.309913E+10 0.346481E+07 0.662832E+08 0.463075E+09
     5861.00  0.410974E+10 0.908393E+08 0.114033E+09 0.168986E+09
     5911.00  0.505670E+10 0.334240E+09 0.122988E+09 0.284798E+08
     5961.00  0.583727E+10 0.765740E+09 0.886111E+08 0.119872E+07
     6011.00  0.636676E+10 0.138726E+10 0.334927E+08 0.360171E+08
     6061.00  0.659048E+10 0.216787E+10 0.192212E+06 0.842668E+08
     6111.00  0.649042E+10 0.304722E+10 0.401276E+08 0.110694E+09
     6161.00  0.608610E+10 0.394421E+10 0.201058E+09 0.100225E+09
     6211.00  0.542987E+10 0.476904E+10 0.515715E+09 0.596758E+08
     6261.00  0.459786E+10 0.543642E+10 0.993677E+09 0.145739E+08
     6311.00  0.367826E+10 0.587765E+10 0.161779E+10 0.221228E+07
     6361.00  0.275904E+10 0.604973E+10 0.234550E+10 0.625987E+08
     6411.00  0.191682E+10 0.594038E+10 0.311462E+10 0.229206E+09
     6461.00  0.120853E+10 0.556822E+10 0.385223E+10 0.521270E+09
     6511.00  0.666661E+09 0.497877E+10 0.448512E+10 0.938932E+09
     6561.00  0.298524E+09 0.423697E+10 0.494997E+10 0.146193E+10
     6611.00  0.890688E+08 0.341767E+10 0.520173E+10 0.205187E+10
     6661.00  0.655275E+07 0.259565E+10 0.521897E+10 0.265739E+10
     6711.00  0.986854E+07 0.183653E+10 0.500572E+10 0.322144E+10
     6761.00  0.563109E+08 0.118991E+10 0.458969E+10 0.368912E+10
     6811.00  0.108603E+09 0.685292E+09 0.401746E+10 0.401502E+10
     6861.00  0.140245E+09 0.331220E+09 0.334752E+10 0.416895E+10
     6911.00  0.138591E+09 0.117297E+09 0.264239E+10 0.413929E+10
     6961.00  0.105435E+09 0.185689E+08 0.196086E+10 0.393363E+10
     7011.00  0.552663E+08 0.135929E+07 0.135154E+10 0.357691E+10
     7061.00  0.116748E+08 0.296089E+08 0.848320E+09 0.310731E+10
     7111.00  0.256845E+07 0.707660E+08 0.468259E+09 0.257090E+10
     7161.00  0.550000E+08 0.100455E+09 0.211914E+09 0.201561E+10
     7211.00  0.190355E+09 0.105395E+09 0.657618E+08 0.148561E+10
     7261.00  0.420553E+09 0.843248E+08 0.622028E+07 0.101661E+10
     7311.00  0.745712E+09 0.470065E+08 0.452295E+07 0.632817E+09
     7361.00  0.115352E+10 0.116142E+08 0.317108E+08 0.345556E+09
     7411.00  0.162026E+10 0.101424E+07 0.630471E+08 0.153780E+09
     7511.00  0.259496E+10 0.143908E+09 0.786602E+08 0.366091E+07
     7611.00  0.337075E+10 0.599271E+09 0.261777E+08 0.259338E+08
     7711.00  0.369476E+10 0.135056E+10 0.642535E+07 0.630841E+08
     7811.00  0.346241E+10 0.223071E+10 0.165633E+09 0.427608E+08
     7911.00  0.275397E+10 0.298664E+10 0.596633E+09 0.174992E+07
     8011.00  0.179694E+10 0.338268E+10 0.127353E+10 0.466208E+08
     8111.00  0.876943E+09 0.329404E+10 0.204844E+10 0.280170E+09
     8211.00  0.236626E+09 0.275188E+10 0.270657E+10 0.734314E+09
     8311.00  0.986728E+06 0.192627E+10 0.305062E+10 0.134126E+10
     8411.00  0.152103E+09 0.105974E+10 0.297624E+10 0.195322E+10
     8511.00  0.554985E+09 0.381632E+09 0.250851E+10 0.239818E+10
     8611.00  0.101813E+10 0.361086E+08 0.178861E+10 0.254527E+10
     8711.00  0.136320E+10 0.473550E+08 0.102034E+10 0.235232E+10
     8811.00  0.147939E+10 0.328624E+09 0.400106E+09 0.187830E+10
     8911.00  0.134741E+10 0.725720E+09 0.566342E+08 0.125922E+10
     9011.00  0.103026E+10 0.107540E+10 0.198256E+08 0.659620E+09
     9111.00  0.639436E+09 0.125748E+10 0.225238E+09 0.219396E+09
     9211.00  0.291253E+09 0.122498E+10 0.547694E+09 0.143982E+08
     9311.00  0.687053E+08 0.100648E+10 0.848908E+09 0.421591E+08
     9411.00  0.397767E+05 0.684480E+09 0.102185E+10 0.233923E+09
     9511.00  0.581625E+08 0.360526E+09 0.101837E+10 0.485375E+09
     9611.00  0.178093E+09 0.120118E+09 0.854257E+09 0.693632E+09
     9711.00  0.284663E+09 0.816912E+07 0.593646E+09 0.788011E+09
     9811.00  0.320744E+09 0.209791E+08 0.321105E+09 0.746109E+09
     9911.00  0.267421E+09 0.114727E+09 0.111800E+09 0.592564E+09
    10011.00  0.150930E+09 0.225654E+09 0.922265E+07 0.383686E+09
    10111.00  0.354823E+08 0.294410E+09 0.160735E+08 0.184850E+09
    10211.00  0.503059E+07 0.286896E+09 0.991808E+08 0.486224E+08
    10311.00  0.139672E+09 0.205890E+09 0.205069E+09 0.112973E+06
    10411.00  0.493183E+09 0.909923E+08 0.280231E+09 0.328640E+08
    10511.00  0.107728E+10 0.781581E+07 0.289644E+09 0.115042E+09
    10611.00  0.185606E+10 0.300545E+08 0.228381E+09 0.202762E+09
    10711.00  0.275129E+10 0.219522E+09 0.123717E+09 0.255807E+09
    10811.00  0.365683E+10 0.609248E+09 0.279130E+08 0.250998E+09
    10911.00  0.445829E+10 0.119353E+10 0.427343E+07 0.189700E+09
    11011.00  0.505373E+10 0.192684E+10 0.110484E+09 0.979320E+08
    11111.00  0.537087E+10 0.273142E+10 0.383488E+09 0.196423E+08
    11211.00  0.537785E+10 0.351129E+10 0.829380E+09 0.533975E+07
    11311.00  0.508607E+10 0.416953E+10 0.142034E+10 0.992052E+08
    11411.00  0.454514E+10 0.462499E+10 0.209882E+10 0.327842E+09
    11511.00  0.383198E+10 0.482533E+10 0.278771E+10 0.693159E+09
    11611.00  0.303629E+10 0.475411E+10 0.340399E+10 0.117071E+10
    11711.00  0.224578E+10 0.443118E+10 0.387290E+10 0.171353E+10
    11811.00  0.153346E+10 0.390690E+10 0.414001E+10 0.226035E+10
    11911.00  0.949139E+09 0.325180E+10 0.417895E+10 0.274620E+10
    12011.00  0.515917E+09 0.254411E+10 0.399390E+10 0.311329E+10
    12111.00  0.231644E+09 0.185740E+10 0.361678E+10 0.332004E+10
    12211.00  0.743232E+08 0.125061E+10 0.310023E+10 0.334679E+10
    12311.00  0.994448E+07 0.761724E+09 0.250797E+10 0.319751E+10
    12411.00  0.102540E+07 0.405833E+09 0.190445E+10 0.289750E+10
    12511.00  0.142564E+08 0.177121E+09 0.134569E+10 0.248798E+10
    12611.00  0.260432E+08 0.540236E+08 0.872510E+09 0.201862E+10
    12711.00  0.252809E+08 0.612516E+07 0.507249E+09 0.153971E+10
    12811.00  0.132711E+08 0.137372E+07 0.253749E+09 0.109503E+10
    12911.00  0.119502E+07 0.123138E+08 0.100376E+09 0.716751E+09
    13011.00  0.592080E+07 0.204029E+08 0.250351E+08 0.422740E+09
    13111.00  0.450996E+08 0.179395E+08 0.109356E+07 0.216531E+09
    13211.00  0.132506E+09 0.760775E+07 0.305552E+07 0.895507E+08
    13311.00  0.274424E+09 0.505854E+05 0.110737E+08 0.249425E+08
    13411.00  0.467610E+09 0.101563E+08 0.136795E+08 0.211077E+07
    13511.00  0.699071E+09 0.528724E+08 0.851085E+07 0.113363E+07
    13611.00  0.947572E+09 0.139333E+09 0.118123E+07 0.630742E+07
    13711.00  0.118654E+10 0.273942E+09 0.272550E+07 0.834399E+07
    13811.00  0.138786E+10 0.452821E+09 0.262426E+08 0.502944E+07
    13911.00  0.152596E+10 0.663794E+09 0.834106E+08 0.436533E+06
    14011.00  0.158157E+10 0.887793E+09 0.181492E+09 0.301159E+07
    14111.00  0.154471E+10 0.110141E+10 0.321298E+09 0.230014E+08
    14211.00  0.141649E+10 0.128016E+10 0.496387E+09 0.697368E+08
    14311.00  0.120950E+10 0.140190E+10 0.693539E+09 0.149253E+09
    14411.00  0.946884E+09 0.145007E+10 0.894365E+09 0.262621E+09
    14511.00  0.660166E+09 0.141613E+10 0.107775E+10 0.405214E+09
    14611.00  0.386111E+09 0.130110E+10 0.122276E+10 0.566973E+09
    14711.00  0.163054E+09 0.111587E+10 0.131150E+10 0.733567E+09
    14811.00  0.270599E+08 0.880459E+09 0.133169E+10 0.888243E+09
    14911.00  0.834012E+07 0.622167E+09 0.127849E+10 0.101405E+10
    15011.00  0.128278E+09 0.372946E+09 0.115546E+10 0.109614E+10
    15111.00  0.397332E+09 0.166295E+09 0.974484E+09 0.112380E+10
    15211.00  0.813974E+09 0.339914E+08 0.754872E+09 0.109197E+10
    15311.00  0.136474E+10 0.300826E+07 0.521530E+09 0.100214E+10
    15411.00  0.202532E+10 0.929137E+08 0.302616E+09 0.862452E+09
    15511.00  0.276251E+10 0.313989E+09 0.126863E+09 0.687060E+09
    15611.00  0.353689E+10 0.666214E+09 0.208530E+08 0.494899E+09
    15711.00  0.430584E+10 0.113918E+10 0.653413E+07 0.307925E+09
    15811.00  0.502678E+10 0.171290E+10 0.991827E+08 0.149087E+09
    15911.00  0.566014E+10 0.235939E+10 0.306001E+09 0.402109E+08
    16011.00  0.617204E+10 0.304488E+10 0.625437E+09 0.355945E+04
    16111.00  0.653635E+10 0.373239E+10 0.104727E+10 0.423608E+08
    16211.00  0.673616E+10 0.438444E+10 0.155339E+10 0.175119E+09
    16311.00  0.676437E+10 0.496574E+10 0.211924E+10 0.399345E+09
    16411.00  0.662368E+10 0.544552E+10 0.271562E+10 0.709205E+09
    16511.00  0.632590E+10 0.579945E+10 0.331094E+10 0.109240E+10
    16611.00  0.589061E+10 0.601095E+10 0.387338E+10 0.153113E+10
    16711.00  0.534360E+10 0.607190E+10 0.437315E+10 0.200338E+10
    16811.00  0.471488E+10 0.598277E+10 0.478436E+10 0.248462E+10
    16911.00  0.403671E+10 0.575206E+10 0.508660E+10 0.294950E+10
    17011.00  0.334159E+10 0.539535E+10 0.526602E+10 0.337361E+10
    17111.00  0.266051E+10 0.493395E+10 0.531595E+10 0.373507E+10
    17211.00  0.202133E+10 0.439323E+10 0.523688E+10 0.401586E+10
    17311.00  0.144761E+10 0.380097E+10 0.503611E+10 0.420280E+10
    17411.00  0.957760E+09 0.318559E+10 0.472696E+10 0.428821E+10
    17511.00  0.564520E+09 0.257460E+10 0.432754E+10 0.427008E+10
    17611.00  0.274859E+09 0.199318E+10 0.385947E+10 0.415191E+10
    17711.00  0.901673E+08 0.146307E+10 0.334647E+10 0.394224E+10
    17811.00  0.672722E+07 0.100175E+10 0.281280E+10 0.365381E+10
    17911.00  0.164065E+08 0.621934E+09 0.228199E+10 0.330258E+10
    18011.00  0.107502E+09 0.331378E+09 0.177567E+10 0.290665E+10
    18111.00  0.265679E+09 0.132951E+09 0.131254E+10 0.248510E+10
    18211.00  0.474935E+09 0.249745E+08 0.907686E+09 0.205688E+10
    18311.00  0.718553E+09 0.174921E+07 0.572184E+09 0.163986E+10
    18411.00  0.979975E+09 0.542288E+08 0.312878E+09 0.124995E+10
    18511.00  0.124357E+10 0.170790E+09 0.132463E+09 0.900462E+09
    18611.00  0.149528E+10 0.338048E+09 0.297606E+08 0.601723E+09
    18711.00  0.172311E+10 0.541671E+09 0.165615E+06 0.360797E+09
    18811.00  0.191743E+10 0.767147E+09 0.362120E+08 0.181472E+09
    18911.00  0.207119E+10 0.100049E+10 0.128224E+09 0.644009E+08
    19011.00  0.217994E+10 0.122882E+10 0.265000E+09 0.738146E+07
    19111.00  0.224170E+10 0.144085E+10 0.434495E+09 0.575022E+07
    19311.00  0.222750E+10 0.178073E+10 0.823047E+09 0.140553E+09
    19511.00  0.205297E+10 0.197149E+10 0.120339E+10 0.400959E+09
    19711.00  0.176267E+10 0.199895E+10 0.150459E+10 0.711768E+09
    19911.00  0.140938E+10 0.187822E+10 0.168298E+10 0.100450E+10
    20111.00  0.104382E+10 0.164463E+10 0.172352E+10 0.122737E+10
    20311.00  0.707318E+09 0.134328E+10 0.163602E+10 0.135021E+10
    20511.00  0.428034E+09 0.101963E+10 0.144812E+10 0.136483E+10
    20711.00  0.220186E+09 0.712379E+09 0.119690E+10 0.128157E+10
    20911.00  0.856372E+08 0.449379E+09 0.920974E+09 0.112361E+10
    21111.00  0.168303E+08 0.246361E+09 0.654202E+09 0.920510E+09
    21311.00  0.240678E+06 0.107856E+09 0.421823E+09 0.702196E+09
    21511.00  0.197101E+08 0.294965E+08 0.238900E+09 0.494320E+09
    21711.00  0.592298E+08 0.919155E+06 0.110765E+09 0.315488E+09
    21911.00  0.104958E+09 0.865794E+07 0.348041E+08 0.176326E+09
    22111.00  0.146414E+09 0.386496E+08 0.289501E+07 0.800528E+08
    22311.00  0.176901E+09 0.781386E+08 0.393802E+07 0.239964E+08
    22511.00  0.193309E+09 0.116918E+09 0.260630E+08 0.151969E+07
    22711.00  0.195483E+09 0.147926E+09 0.583098E+08 0.392033E+07
    22911.00  0.185362E+09 0.167289E+09 0.917166E+08 0.220510E+08
    23111.00  0.166083E+09 0.173935E+09 0.119857E+09 0.475373E+08
    23311.00  0.141184E+09 0.168933E+09 0.138918E+09 0.735675E+08
    23511.00  0.114009E+09 0.154719E+09 0.147446E+09 0.952819E+08
    23711.00  0.873247E+08 0.134346E+09 0.145859E+09 0.109823E+09
    23911.00  0.631476E+08 0.110881E+09 0.135871E+09 0.116134E+09
    24111.00  0.427217E+08 0.869791E+08 0.119891E+09 0.114589E+09
    24311.00  0.266047E+08 0.646629E+08 0.100510E+09 0.106545E+09
    24511.00  0.148038E+08 0.452622E+08 0.800969E+08 0.938927E+08
    24711.00  0.693158E+07 0.294712E+08 0.605573E+08 0.786559E+08
    24911.00  0.235405E+07 0.174642E+08 0.432190E+08 0.626778E+08
    25111.00  0.320622E+06 0.903427E+07 0.288397E+08 0.474283E+08
    25311.00  0.692649E+05 0.372292E+07 0.176871E+08 0.339198E+08
    25511.00  0.904871E+06 0.932380E+06 0.965591E+07 0.227183E+08
    25711.00  0.225059E+07 0.154879E+05 0.439217E+07 0.140144E+08
    25911.00  0.367325E+07 0.345786E+06 0.140343E+07 0.771982E+07
    26111.00  0.488614E+07 0.136954E+07 0.146750E+06 0.356380E+07
    26311.00  0.573380E+07 0.264025E+07 0.925707E+05 0.117413E+07
    26511.00  0.616581E+07 0.383563E+07 0.767564E+06 0.139699E+06
    26711.00  0.620549E+07 0.475726E+07 0.178039E+07 0.561750E+05
    26911.00  0.592024E+07 0.531570E+07 0.283401E+07 0.558194E+06



 TABLE FOR EMISSION PROBABILITIES   E(J= 25,IE) ==>F(J= 26,IF)
 K.E.IE==>      0            1            2            3
        1.00  0.000000E+00 0.000000E+00 0.000000E+00 0.000000E+00
        2.00  0.000000E+00 0.000000E+00 0.000000E+00 0.000000E+00
        3.00  0.000000E+00 0.000000E+00 0.000000E+00 0.000000E+00
        4.00  0.000000E+00 0.000000E+00 0.000000E+00 0.000000E+00
        5.00  0.000000E+00 0.000000E+00 0.000000E+00 0.000000E+00
        6.00  0.000000E+00 0.000000E+00 0.000000E+00 0.000000E+00
        7.00  0.000000E+00 0.000000E+00 0.000000E+00 0.000000E+00
        8.00  0.000000E+00 0.000000E+00 0.000000E+00 0.000000E+00
        9.00  0.000000E+00 0.000000E+00 0.000000E+00 0.000000E+00
       10.00  0.000000E+00 0.000000E+00 0.000000E+00 0.000000E+00
       11.00  0.000000E+00 0.000000E+00 0.000000E+00 0.000000E+00
       12.00  0.000000E+00 0.000000E+00 0.000000E+00 0.000000E+00
       13.00  0.000000E+00 0.000000E+00 0.000000E+00 0.000000E+00
       14.00  0.000000E+00 0.000000E+00 0.000000E+00 0.000000E+00
       15.00  0.000000E+00 0.000000E+00 0.000000E+00 0.000000E+00
       16.00  0.000000E+00 0.000000E+00 0.000000E+00 0.000000E+00
       17.00  0.000000E+00 0.000000E+00 0.000000E+00 0.000000E+00
       18.00  0.000000E+00 0.000000E+00 0.000000E+00 0.000000E+00
       19.00  0.000000E+00 0.000000E+00 0.000000E+00 0.000000E+00
       20.00  0.000000E+00 0.000000E+00 0.000000E+00 0.000000E+00
       21.00  0.000000E+00 0.000000E+00 0.000000E+00 0.000000E+00
       22.00  0.000000E+00 0.000000E+00 0.000000E+00 0.000000E+00
       23.00  0.000000E+00 0.000000E+00 0.000000E+00 0.000000E+00
       24.00  0.000000E+00 0.000000E+00 0.000000E+00 0.000000E+00
       25.00  0.000000E+00 0.000000E+00 0.000000E+00 0.000000E+00
       26.00  0.000000E+00 0.000000E+00 0.000000E+00 0.000000E+00
       27.00  0.000000E+00 0.000000E+00 0.000000E+00 0.305453E-37
       28.00  0.000000E+00 0.000000E+00 0.000000E+00 0.796929E-37
       29.00  0.000000E+00 0.000000E+00 0.167987E-37 0.201004E-36
       30.00  0.000000E+00 0.000000E+00 0.410756E-37 0.491246E-36
       31.00  0.000000E+00 0.000000E+00 0.975206E-37 0.116573E-35
       32.00  0.000000E+00 0.161568E-37 0.225230E-36 0.269100E-35
       33.00  0.000000E+00 0.363859E-37 0.506889E-36 0.605322E-35
       34.00  0.000000E+00 0.799719E-37 0.111333E-35 0.132888E-34
       35.00  0.000000E+00 0.171784E-36 0.238989E-35 0.285119E-34
       36.00  0.206502E-37 0.361100E-36 0.502034E-35 0.598641E-34
       37.00  0.425875E-37 0.743688E-36 0.103325E-34 0.123147E-33
       38.00  0.861453E-37 0.150226E-35 0.208577E-34 0.248468E-33
       39.00  0.171084E-36 0.297937E-35 0.413384E-34 0.492205E-33
       40.00  0.333903E-36 0.580680E-35 0.805144E-34 0.958191E-33
       42.00  0.121118E-35 0.210050E-34 0.290853E-33 0.345800E-32
       44.00  0.413688E-35 0.715457E-34 0.989346E-33 0.117509E-31
       46.00  0.133765E-34 0.230697E-33 0.318581E-32 0.378022E-31
       48.00  0.411376E-34 0.707499E-33 0.975699E-32 0.115661E-30
       50.00  0.120822E-33 0.207211E-32 0.285374E-31 0.337954E-30
       52.00  0.340117E-33 0.581664E-32 0.799990E-31 0.946458E-30
       54.00  0.920620E-33 0.156999E-31 0.215634E-30 0.254864E-29
       56.00  0.240293E-32 0.408622E-31 0.560472E-30 0.661785E-29
       58.00  0.606342E-32 0.102816E-30 0.140832E-29 0.166126E-28
       60.00  0.148255E-31 0.250674E-30 0.342891E-29 0.404079E-28
       62.00  0.351974E-31 0.593421E-30 0.810620E-29 0.954337E-28
       64.00  0.812902E-31 0.136659E-29 0.186422E-28 0.219258E-27
       66.00  0.182948E-30 0.306667E-29 0.417766E-28 0.490868E-27
       68.00  0.401836E-30 0.671624E-29 0.913685E-28 0.107251E-26
       70.00  0.862617E-30 0.143756E-28 0.195299E-27 0.229024E-26
       72.00  0.181215E-29 0.301113E-28 0.408514E-27 0.478587E-26
       74.00  0.372988E-29 0.617947E-28 0.837201E-27 0.979846E-26
       76.00  0.752995E-29 0.124384E-27 0.168284E-26 0.196764E-25
       78.00  0.149253E-28 0.245813E-27 0.332113E-26 0.387939E-25
       80.00  0.290732E-28 0.477397E-27 0.644110E-26 0.751643E-25
       82.00  0.557024E-28 0.911929E-27 0.122868E-25 0.143241E-24
       84.00  0.105054E-27 0.171473E-26 0.230713E-25 0.268703E-24
       86.00  0.195180E-27 0.317617E-26 0.426754E-25 0.496540E-24
       88.00  0.357468E-27 0.579949E-26 0.778143E-25 0.904505E-24
       90.00  0.645804E-27 0.104455E-25 0.139957E-24 0.162526E-23
       92.00  0.115156E-26 0.185689E-25 0.248455E-24 0.288237E-23
       94.00  0.202786E-26 0.325991E-25 0.435571E-24 0.504820E-23
       96.00  0.352848E-26 0.565476E-25 0.754501E-24 0.873602E-23
       98.00  0.606941E-26 0.969677E-25 0.129201E-23 0.149450E-22
      100.00  0.103257E-25 0.164455E-24 0.218814E-23 0.252861E-22
      102.00  0.173817E-25 0.275971E-24 0.366675E-23 0.423315E-22
      104.00  0.289633E-25 0.458410E-24 0.608222E-23 0.701489E-22
      106.00  0.477917E-25 0.754029E-24 0.999044E-23 0.115112E-21
      108.00  0.781207E-25 0.122864E-23 0.162558E-22 0.187120E-21
      110.00  0.126543E-24 0.198388E-23 0.262111E-22 0.301422E-21
      112.00  0.203195E-24 0.317541E-23 0.418943E-22 0.481306E-21
      114.00  0.323536E-24 0.503981E-23 0.663979E-22 0.762076E-21
      116.00  0.510971E-24 0.793389E-23 0.104378E-21 0.119683E-20
      118.00  0.800673E-24 0.123919E-22 0.162796E-21 0.186484E-20
      122.00  0.192214E-23 0.295548E-22 0.387166E-21 0.442642E-20
      126.00  0.448502E-23 0.685086E-22 0.894895E-21 0.102114E-19
      130.00  0.101900E-22 0.154619E-21 0.201393E-20 0.229359E-19
      134.00  0.225795E-22 0.340317E-21 0.441994E-20 0.502397E-19
      138.00  0.488690E-22 0.731567E-21 0.947398E-20 0.107479E-18
      142.00  0.103446E-21 0.153801E-20 0.198600E-19 0.224870E-18
      146.00  0.214436E-21 0.316617E-20 0.407655E-19 0.460689E-18
      150.00  0.435790E-21 0.638960E-20 0.820288E-19 0.925221E-18
      154.00  0.869171E-21 0.126541E-19 0.161977E-18 0.182347E-17
      158.00  0.170295E-20 0.246165E-19 0.314176E-18 0.353008E-17
      162.00  0.328062E-20 0.470810E-19 0.599119E-18 0.671881E-17
      166.00  0.621913E-20 0.886033E-19 0.112417E-17 0.125829E-16
      170.00  0.116106E-19 0.164200E-18 0.207715E-17 0.232053E-16
      174.00  0.213624E-19 0.299867E-18 0.378207E-17 0.421717E-16
      178.00  0.387615E-19 0.540014E-18 0.679060E-17 0.755744E-16
      182.00  0.694036E-19 0.959567E-18 0.120303E-16 0.133634E-15
      186.00  0.122701E-18 0.168342E-17 0.210418E-16 0.233294E-15
      190.00  0.214307E-18 0.291737E-17 0.363554E-16 0.402318E-15
      194.00  0.369970E-18 0.499684E-17 0.620804E-16 0.685703E-15
      198.00  0.631612E-18 0.846273E-17 0.104820E-15 0.115561E-14
      202.00  0.106680E-17 0.141786E-16 0.175081E-15 0.192659E-14
      206.00  0.178340E-17 0.235096E-16 0.289412E-15 0.317875E-14
      210.00  0.295204E-17 0.385943E-16 0.473645E-15 0.519258E-14
      214.00  0.484027E-17 0.627523E-16 0.767737E-15 0.840110E-14
      218.00  0.786407E-17 0.101093E-15 0.123296E-14 0.134669E-13
      222.00  0.126649E-16 0.161413E-15 0.196251E-14 0.213958E-13
      226.00  0.202244E-16 0.255523E-15 0.309697E-14 0.337020E-13
      230.00  0.320333E-16 0.401163E-15 0.484682E-14 0.526478E-13
      234.00  0.503388E-16 0.624794E-15 0.752481E-14 0.815880E-13
      238.00  0.785055E-16 0.965598E-15 0.115923E-13 0.125462E-12
      242.00  0.121536E-15 0.148119E-14 0.177253E-13 0.191491E-12
      246.00  0.186823E-15 0.225572E-14 0.269073E-13 0.290164E-12
      250.00  0.285215E-15 0.341133E-14 0.405605E-13 0.436613E-12
      254.00  0.432545E-15 0.512412E-14 0.607276E-13 0.652537E-12
      258.00  0.651784E-15 0.764658E-14 0.903261E-13 0.968860E-12
      262.00  0.976062E-15 0.113384E-13 0.133497E-12 0.142940E-11
      266.00  0.145291E-14 0.167095E-13 0.196086E-12 0.209587E-11
      270.00  0.215016E-14 0.244781E-13 0.286297E-12 0.305476E-11
      274.00  0.316411E-14 0.356512E-13 0.415585E-12 0.442656E-11
      282.00  0.674155E-14 0.743700E-13 0.861098E-12 0.914046E-11
      290.00  0.140711E-13 0.151874E-12 0.174651E-11 0.184764E-10
      298.00  0.288060E-13 0.303974E-12 0.347148E-11 0.366029E-10
      306.00  0.579035E-13 0.596921E-12 0.676935E-11 0.711425E-10
      314.00  0.114406E-12 0.115122E-11 0.129627E-10 0.135796E-09
      322.00  0.222404E-12 0.218252E-11 0.243981E-10 0.254793E-09
      330.00  0.425774E-12 0.407087E-11 0.451744E-10 0.470328E-09
      338.00  0.803397E-12 0.747625E-11 0.823459E-10 0.854802E-09
      346.00  0.149536E-11 0.135290E-10 0.147882E-09 0.153073E-08
      354.00  0.274764E-11 0.241393E-10 0.261822E-09 0.270267E-08
      362.00  0.498761E-11 0.424956E-10 0.457283E-09 0.470791E-08
      370.00  0.895053E-11 0.738552E-10 0.788326E-09 0.809588E-08
      378.00  0.158900E-10 0.126789E-09 0.134216E-08 0.137513E-07
      386.00  0.279258E-10 0.215113E-09 0.225787E-08 0.230830E-07
      394.00  0.486149E-10 0.360875E-09 0.375486E-08 0.383111E-07
      402.00  0.838866E-10 0.598892E-09 0.617559E-08 0.628983E-07
      410.00  0.143565E-09 0.983636E-09 0.100492E-07 0.102195E-06
      418.00  0.243847E-09 0.159954E-08 0.161852E-07 0.164388E-06
      426.00  0.411317E-09 0.257636E-08 0.258104E-07 0.261902E-06
      434.00  0.689476E-09 0.411174E-08 0.407660E-07 0.413422E-06
      442.00  0.114933E-08 0.650445E-08 0.637909E-07 0.646829E-06
      450.00  0.190664E-08 0.102025E-07 0.989221E-07 0.100340E-05
      458.00  0.315021E-08 0.158731E-07 0.152057E-06 0.154377E-05
      466.00  0.518836E-08 0.245026E-07 0.231732E-06 0.235647E-05
      474.00  0.852634E-08 0.375399E-07 0.350196E-06 0.356975E-05
      482.00  0.139962E-07 0.571005E-07 0.524852E-06 0.536841E-05
      490.00  0.229786E-07 0.862554E-07 0.780184E-06 0.801703E-05
      498.00  0.377878E-07 0.129440E-06 0.115026E-05 0.118925E-04
      506.00  0.623556E-07 0.193030E-06 0.168189E-05 0.175290E-04
      514.00  0.103482E-06 0.286164E-06 0.243845E-05 0.256810E-04
      522.00  0.173201E-06 0.421900E-06 0.350408E-05 0.374111E-04
      530.00  0.293454E-06 0.618896E-06 0.498748E-05 0.542140E-04
      538.00  0.505821E-06 0.903871E-06 0.702310E-05 0.781962E-04
      546.00  0.893232E-06 0.131535E-05 0.976440E-05 0.112343E-03
      554.00  0.163273E-05 0.190978E-05 0.133555E-04 0.160948E-03
      562.00  0.313943E-05 0.277248E-05 0.178452E-04 0.230364E-03
      570.00  0.652633E-05 0.404119E-05 0.229391E-04 0.330604E-03
      578.00  0.154585E-04 0.597107E-05 0.272367E-04 0.479682E-03
      586.00  0.471499E-04 0.920146E-05 0.255749E-04 0.721288E-03
      596.00  0.600842E-03 0.225272E-04 0.322542E-05 0.164168E-02
      606.00  0.701160E-03 0.511981E-05 0.669229E-03 0.505284E-03
      616.00  0.106701E-03 0.172562E-04 0.424632E-03 0.141955E-02
      626.00  0.499574E-04 0.292515E-04 0.496861E-03 0.231836E-02
      636.00  0.323748E-04 0.455580E-04 0.652332E-03 0.352603E-02
      646.00  0.243298E-04 0.687719E-04 0.890183E-03 0.521885E-02
      656.00  0.197569E-04 0.102037E-03 0.123360E-02 0.760523E-02
      666.00  0.167046E-04 0.149603E-03 0.171976E-02 0.109611E-01
      676.00  0.143592E-04 0.217302E-03 0.240116E-02 0.156583E-01
      686.00  0.123173E-04 0.313147E-03 0.334970E-02 0.221980E-01
      696.00  0.103569E-04 0.448101E-03 0.466278E-02 0.312531E-01
      706.00  0.835792E-05 0.637102E-03 0.647138E-02 0.437234E-01
      716.00  0.627919E-05 0.900409E-03 0.895077E-02 0.608063E-01
      726.00  0.416403E-05 0.126537E-02 0.123343E-01 0.840878E-01
      736.00  0.216685E-05 0.176874E-02 0.169311E-01 0.115658E+00
      746.00  0.600223E-06 0.245968E-02 0.231494E-01 0.158262E+00
      756.00  0.631414E-08 0.340371E-02 0.315252E-01 0.215482E+00
      766.00  0.125960E-05 0.468774E-02 0.427605E-01 0.291985E+00
      776.00  0.571088E-05 0.642662E-02 0.577701E-01 0.393811E+00
      786.00  0.153860E-04 0.877156E-02 0.777423E-01 0.528761E+00
      796.00  0.332569E-04 0.119208E-01 0.104214E+00 0.706858E+00
      806.00  0.636087E-04 0.161335E-01 0.139167E+00 0.940936E+00
      816.00  0.112532E-03 0.217467E-01 0.185145E+00 0.124737E+01
      826.00  0.188579E-03 0.291981E-01 0.245406E+00 0.164696E+01
      836.00  0.303634E-03 0.390533E-01 0.324105E+00 0.216607E+01
      846.00  0.474062E-03 0.520414E-01 0.426522E+00 0.283796E+01
      856.00  0.722214E-03 0.690991E-01 0.559351E+00 0.370448E+01
      866.00  0.107839E-02 0.914259E-01 0.731049E+00 0.481811E+01
      876.00  0.158338E-02 0.120553E+00 0.952263E+00 0.624441E+01
      886.00  0.229180E-02 0.158431E+00 0.123636E+01 0.806508E+01
      896.00  0.327630E-02 0.207535E+00 0.160008E+01 0.103816E+02
      906.00  0.463306E-02 0.270997E+00 0.206430E+01 0.133196E+02
      916.00  0.648880E-02 0.352774E+00 0.265503E+01 0.170344E+02
      926.00  0.900964E-02 0.457848E+00 0.340456E+01 0.217169E+02
      936.00  0.124125E-01 0.592475E+00 0.435283E+01 0.276019E+02
      946.00  0.169795E-01 0.764493E+00 0.554920E+01 0.349766E+02
      956.00  0.230758E-01 0.983698E+00 0.705443E+01 0.441920E+02
      966.00  0.311731E-01 0.126230E+01 0.894317E+01 0.556755E+02
      976.00  0.418778E-01 0.161550E+01 0.113069E+02 0.699465E+02
      986.00  0.559672E-01 0.206216E+01 0.142575E+02 0.876344E+02
      996.00  0.744349E-01 0.262561E+01 0.179313E+02 0.109500E+03
     1006.00  0.985468E-01 0.333474E+01 0.224944E+02 0.136463E+03
     1016.00  0.129911E+00 0.422514E+01 0.281484E+02 0.169626E+03
     1026.00  0.170566E+00 0.534061E+01 0.351373E+02 0.210317E+03
     1036.00  0.223085E+00 0.673496E+01 0.437564E+02 0.260124E+03
     1046.00  0.290715E+00 0.847416E+01 0.543615E+02 0.320945E+03
     1056.00  0.377538E+00 0.106389E+02 0.673814E+02 0.395047E+03
     1066.00  0.488674E+00 0.133279E+02 0.833306E+02 0.485124E+03
     1076.00  0.630536E+00 0.166612E+02 0.102827E+03 0.594379E+03
     1086.00  0.811130E+00 0.207853E+02 0.126608E+03 0.726606E+03
     1096.00  0.104044E+01 0.258780E+02 0.155557E+03 0.886294E+03
     1106.00  0.133090E+01 0.321551E+02 0.190724E+03 0.107874E+04
     1116.00  0.169792E+01 0.398778E+02 0.233361E+03 0.131019E+04
     1126.00  0.216062E+01 0.493623E+02 0.284953E+03 0.158799E+04
     1136.00  0.274269E+01 0.609902E+02 0.347262E+03 0.192075E+04
     1146.00  0.347336E+01 0.752221E+02 0.422372E+03 0.231858E+04
     1156.00  0.438870E+01 0.926121E+02 0.512748E+03 0.279329E+04
     1166.00  0.553313E+01 0.113827E+03 0.621296E+03 0.335869E+04
     1176.00  0.696131E+01 0.139668E+03 0.751437E+03 0.403084E+04
     1186.00  0.874032E+01 0.171096E+03 0.907195E+03 0.482847E+04
     1196.00  0.109525E+02 0.209262E+03 0.109329E+04 0.577330E+04
     1206.00  0.136986E+02 0.255543E+03 0.131527E+04 0.689055E+04
     1216.00  0.171022E+02 0.311586E+03 0.157960E+04 0.820942E+04
     1226.00  0.213138E+02 0.379358E+03 0.189386E+04 0.976365E+04
     1236.00  0.265177E+02 0.461205E+03 0.226689E+04 0.115922E+05
     1246.00  0.329383E+02 0.559923E+03 0.270899E+04 0.137400E+05
     1256.00  0.408492E+02 0.678842E+03 0.323213E+04 0.162588E+05
     1266.00  0.505833E+02 0.821921E+03 0.385025E+04 0.192078E+05
     1276.00  0.625458E+02 0.993867E+03 0.457950E+04 0.226554E+05
     1286.00  0.772286E+02 0.120027E+04 0.543859E+04 0.266794E+05
     1296.00  0.952295E+02 0.144776E+04 0.644921E+04 0.313693E+05
     1306.00  0.117274E+03 0.174420E+04 0.763640E+04 0.368270E+05
     1316.00  0.144242E+03 0.209892E+04 0.902906E+04 0.431691E+05
     1326.00  0.177199E+03 0.252296E+04 0.106606E+05 0.505281E+05
     1336.00  0.217439E+03 0.302937E+04 0.125692E+05 0.590551E+05
     1346.00  0.266525E+03 0.363362E+04 0.147993E+05 0.689215E+05
     1356.00  0.326351E+03 0.435398E+04 0.174014E+05 0.803218E+05
     1366.00  0.399210E+03 0.521204E+04 0.204337E+05 0.934765E+05
     1376.00  0.487874E+03 0.623334E+04 0.239629E+05 0.108635E+06
     1386.00  0.595698E+03 0.744800E+04 0.280653E+05 0.126080E+06
     1396.00  0.726739E+03 0.889164E+04 0.328282E+05 0.146129E+06
     1406.00  0.885904E+03 0.106063E+05 0.383511E+05 0.169141E+06
     1416.00  0.107913E+04 0.126415E+05 0.447478E+05 0.195520E+06
     1426.00  0.131359E+04 0.150560E+05 0.521479E+05 0.225721E+06
     1436.00  0.159797E+04 0.179188E+05 0.606987E+05 0.260254E+06
     1446.00  0.194278E+04 0.213115E+05 0.705680E+05 0.299691E+06
     1456.00  0.236074E+04 0.253307E+05 0.819461E+05 0.344674E+06
     1466.00  0.286726E+04 0.300900E+05 0.950492E+05 0.395919E+06
     1476.00  0.348100E+04 0.357242E+05 0.110122E+06 0.454228E+06
     1486.00  0.422459E+04 0.423923E+05 0.127442E+06 0.520497E+06
     1496.00  0.512550E+04 0.502823E+05 0.147323E+06 0.595721E+06
     1506.00  0.621706E+04 0.596170E+05 0.170120E+06 0.681011E+06
     1516.00  0.753980E+04 0.706601E+05 0.196232E+06 0.777601E+06
     1526.00  0.914303E+04 0.837243E+05 0.226111E+06 0.886859E+06
     1536.00  0.110868E+05 0.991804E+05 0.260264E+06 0.101030E+07
     1546.00  0.134443E+05 0.117469E+06 0.299263E+06 0.114962E+07
     1556.00  0.163051E+05 0.139115E+06 0.343751E+06 0.130665E+07
     1566.00  0.197786E+05 0.164742E+06 0.394448E+06 0.148346E+07
     1576.00  0.239990E+05 0.195095E+06 0.452163E+06 0.168231E+07
     1586.00  0.291309E+05 0.231065E+06 0.517801E+06 0.190567E+07
     1596.00  0.353771E+05 0.273717E+06 0.592375E+06 0.215627E+07
     1606.00  0.429874E+05 0.324332E+06 0.677015E+06 0.243710E+07
     1616.00  0.522711E+05 0.384447E+06 0.772981E+06 0.275144E+07
     1626.00  0.636112E+05 0.455920E+06 0.881680E+06 0.310283E+07
     1636.00  0.774844E+05 0.540995E+06 0.100467E+07 0.349516E+07
     1646.00  0.944852E+05 0.642397E+06 0.114369E+07 0.393263E+07
     1656.00  0.115358E+06 0.763444E+06 0.130064E+07 0.441978E+07
     1666.00  0.141040E+06 0.908191E+06 0.147767E+07 0.496152E+07
     1676.00  0.172711E+06 0.108162E+07 0.167709E+07 0.556308E+07
     1686.00  0.211872E+06 0.128987E+07 0.190148E+07 0.623007E+07
     1696.00  0.260434E+06 0.154056E+07 0.215366E+07 0.696841E+07
     1706.00  0.320850E+06 0.184319E+07 0.243670E+07 0.778435E+07
     1716.00  0.396283E+06 0.220968E+07 0.275392E+07 0.868434E+07
     1726.00  0.490843E+06 0.265509E+07 0.310892E+07 0.967506E+07
     1736.00  0.609914E+06 0.319860E+07 0.350557E+07 0.107632E+08
     1746.00  0.760601E+06 0.386487E+07 0.394793E+07 0.119553E+08
     1756.00  0.952377E+06 0.468586E+07 0.444029E+07 0.132576E+08
     1766.00  0.119800E+07 0.570347E+07 0.498703E+07 0.146754E+08
     1776.00  0.151484E+07 0.697332E+07 0.559255E+07 0.162132E+08
     1786.00  0.192691E+07 0.857018E+07 0.626105E+07 0.178730E+08
     1796.00  0.246782E+07 0.105962E+08 0.699625E+07 0.196541E+08
     1806.00  0.318549E+07 0.131932E+08 0.780100E+07 0.215514E+08
     1816.00  0.414954E+07 0.165623E+08 0.867659E+07 0.235528E+08
     1826.00  0.546340E+07 0.209952E+08 0.962175E+07 0.256366E+08
     1836.00  0.728477E+07 0.269259E+08 0.106311E+08 0.277663E+08
     1846.00  0.986155E+07 0.350217E+08 0.116925E+08 0.298832E+08
     1856.00  0.135979E+08 0.463459E+08 0.127833E+08 0.318945E+08
     1866.00  0.191827E+08 0.626720E+08 0.138631E+08 0.336538E+08
     1876.00  0.278549E+08 0.871245E+08 0.148617E+08 0.349283E+08
     1886.00  0.420034E+08 0.125605E+09 0.156568E+08 0.353414E+08
     1896.00  0.666659E+08 0.190321E+09 0.160306E+08 0.342673E+08
     1906.00  0.113852E+09 0.309820E+09 0.155793E+08 0.306428E+08
     1916.00  0.217756E+09 0.563915E+09 0.135167E+08 0.226877E+08
     1926.00  0.507845E+09 0.124934E+10 0.832311E+07 0.843719E+07
     1936.00  0.183832E+10 0.428800E+10 0.779389E+05 0.727187E+07
     1946.00  0.513943E+11 0.113435E+12 0.684600E+09 0.327946E+10
     1956.00  0.634984E+10 0.132325E+11 0.359052E+09 0.123079E+10
     1966.00  0.130105E+10 0.255382E+10 0.169231E+09 0.509657E+09
     1976.00  0.587154E+09 0.108281E+10 0.137570E+09 0.384746E+09
     1986.00  0.351654E+09 0.607589E+09 0.129992E+09 0.345425E+09
     1996.00  0.243943E+09 0.393695E+09 0.130905E+09 0.334358E+09
     2006.00  0.185176E+09 0.278224E+09 0.136236E+09 0.336698E+09
     2016.00  0.149386E+09 0.208200E+09 0.144530E+09 0.347043E+09
     2026.00  0.125913E+09 0.162132E+09 0.155197E+09 0.363040E+09
     2036.00  0.109693E+09 0.129923E+09 0.168008E+09 0.383566E+09
     2046.00  0.980558E+08 0.106307E+09 0.182909E+09 0.408074E+09
     2056.00  0.894799E+08 0.883125E+08 0.199947E+09 0.436320E+09
     2066.00  0.830428E+08 0.741555E+08 0.219237E+09 0.468240E+09
     2076.00  0.781580E+08 0.627121E+08 0.240941E+09 0.503881E+09
     2086.00  0.744368E+08 0.532455E+08 0.265266E+09 0.543369E+09
     2096.00  0.716139E+08 0.452572E+08 0.292454E+09 0.586889E+09
     2106.00  0.695024E+08 0.384016E+08 0.322788E+09 0.634676E+09
     2116.00  0.679685E+08 0.324346E+08 0.356587E+09 0.687004E+09
     2126.00  0.669139E+08 0.271823E+08 0.394213E+09 0.744188E+09
     2136.00  0.662660E+08 0.225203E+08 0.436075E+09 0.806581E+09
     2146.00  0.659702E+08 0.183612E+08 0.482627E+09 0.874570E+09
     2156.00  0.659851E+08 0.146458E+08 0.534381E+09 0.948585E+09
     2166.00  0.662797E+08 0.113372E+08 0.591906E+09 0.102909E+10
     2176.00  0.668303E+08 0.841751E+07 0.655841E+09 0.111660E+10
     2186.00  0.676194E+08 0.588521E+07 0.726898E+09 0.121165E+10
     2196.00  0.686339E+08 0.375416E+07 0.805873E+09 0.131486E+10
     2206.00  0.698648E+08 0.205300E+07 0.893658E+09 0.142687E+10
     2216.00  0.713060E+08 0.825356E+06 0.991248E+09 0.154838E+10
     2226.00  0.729542E+08 0.130558E+06 0.109976E+10 0.168015E+10
     2236.00  0.748081E+08 0.449003E+05 0.122043E+10 0.182299E+10
     2246.00  0.768684E+08 0.663382E+06 0.135468E+10 0.197781E+10
     2256.00  0.791378E+08 0.210199E+07 0.150406E+10 0.214555E+10
     2266.00  0.816200E+08 0.450052E+07 0.167034E+10 0.232726E+10
     2276.00  0.843208E+08 0.802605E+07 0.185550E+10 0.252406E+10
     2286.00  0.872468E+08 0.128771E+08 0.206177E+10 0.273715E+10
     2296.00  0.904062E+08 0.192887E+08 0.229164E+10 0.296784E+10
     2306.00  0.938085E+08 0.275379E+08 0.254796E+10 0.321756E+10
     2316.00  0.974640E+08 0.379516E+08 0.283390E+10 0.348782E+10
     2326.00  0.101385E+09 0.509138E+08 0.315306E+10 0.378027E+10
     2336.00  0.105584E+09 0.668763E+08 0.350951E+10 0.409670E+10
     2346.00  0.110075E+09 0.863699E+08 0.390784E+10 0.443903E+10
     2356.00  0.114874E+09 0.110018E+09 0.435329E+10 0.480932E+10
     2366.00  0.119998E+09 0.138554E+09 0.485174E+10 0.520980E+10
     2376.00  0.125464E+09 0.172837E+09 0.540992E+10 0.564288E+10
     2386.00  0.131292E+09 0.213881E+09 0.603544E+10 0.611112E+10
     2396.00  0.137500E+09 0.262875E+09 0.673696E+10 0.661730E+10
     2406.00  0.144111E+09 0.321218E+09 0.752434E+10 0.716436E+10
     2416.00  0.151146E+09 0.390558E+09 0.840879E+10 0.775543E+10
     2426.00  0.158627E+09 0.472831E+09 0.940308E+10 0.839383E+10
     2436.00  0.166577E+09 0.570320E+09 0.105217E+11 0.908306E+10
     2446.00  0.175018E+09 0.685710E+09 0.117813E+11 0.982675E+10
     2456.00  0.183971E+09 0.822159E+09 0.132006E+11 0.106286E+11
     2466.00  0.193454E+09 0.983382E+09 0.148009E+11 0.114925E+11
     2476.00  0.203484E+09 0.117374E+10 0.166064E+11 0.124221E+11
     2486.00  0.214071E+09 0.139836E+10 0.186444E+11 0.134211E+11
     2496.00  0.225219E+09 0.166321E+10 0.209455E+11 0.144926E+11
     2506.00  0.236922E+09 0.197528E+10 0.235439E+11 0.156393E+11
     2516.00  0.249158E+09 0.234266E+10 0.264775E+11 0.168628E+11
     2526.00  0.261888E+09 0.277467E+10 0.297876E+11 0.181637E+11
     2536.00  0.275047E+09 0.328197E+10 0.335187E+11 0.195402E+11
     2546.00  0.288540E+09 0.387655E+10 0.377173E+11 0.209881E+11
     2556.00  0.302228E+09 0.457177E+10 0.424308E+11 0.224996E+11
     2566.00  0.315923E+09 0.538210E+10 0.477047E+11 0.240623E+11
     2576.00  0.329373E+09 0.632275E+10 0.535791E+11 0.256575E+11
     2586.00  0.342254E+09 0.740901E+10 0.600837E+11 0.272595E+11
     2596.00  0.354160E+09 0.865513E+10 0.672304E+11 0.288338E+11
     2606.00  0.364599E+09 0.100728E+11 0.750054E+11 0.303359E+11
     2616.00  0.372995E+09 0.116690E+11 0.833589E+11 0.317110E+11
     2626.00  0.378707E+09 0.134436E+11 0.921940E+11 0.328946E+11
     2636.00  0.381063E+09 0.153864E+11 0.101358E+12 0.338148E+11
     2646.00  0.379414E+09 0.174745E+11 0.110638E+12 0.343963E+11
     2656.00  0.373209E+09 0.196705E+11 0.119760E+12 0.345680E+11
     2666.00  0.362084E+09 0.219223E+11 0.128403E+12 0.342709E+11
     2676.00  0.345944E+09 0.241653E+11 0.136223E+12 0.334682E+11
     2686.00  0.325027E+09 0.263271E+11 0.142883E+12 0.321534E+11
     2696.00  0.299924E+09 0.283343E+11 0.148098E+12 0.303552E+11
     2706.00  0.271536E+09 0.301210E+11 0.151664E+12 0.281371E+11
     2716.00  0.240990E+09 0.316357E+11 0.153485E+12 0.255916E+11
     2726.00  0.209509E+09 0.328464E+11 0.153582E+12 0.228294E+11
     2736.00  0.178281E+09 0.337425E+11 0.152076E+12 0.199667E+11
     2746.00  0.148349E+09 0.343326E+11 0.149167E+12 0.171135E+11
     2756.00  0.120539E+09 0.346410E+11 0.145104E+12 0.143642E+11
     2766.00  0.954281E+08 0.347022E+11 0.140150E+12 0.117928E+11
     2776.00  0.733596E+08 0.345558E+11 0.134560E+12 0.945150E+10
     2786.00  0.544720E+08 0.342424E+11 0.128562E+12 0.737223E+10
     2796.00  0.387456E+08 0.337998E+11 0.122348E+12 0.556981E+10
     2806.00  0.260485E+08 0.332621E+11 0.116075E+12 0.404588E+10
     2816.00  0.161776E+08 0.326580E+11 0.109861E+12 0.279267E+10
     2826.00  0.889140E+07 0.320113E+11 0.103791E+12 0.179630E+10
     2836.00  0.393467E+07 0.313408E+11 0.979267E+11 0.103934E+10
     2846.00  0.105479E+07 0.306610E+11 0.923056E+11 0.502753E+09
     2856.00  0.123233E+05 0.299828E+11 0.869496E+11 0.167261E+09
     2866.00  0.586852E+06 0.293142E+11 0.818685E+11 0.141748E+08
     2876.00  0.257954E+07 0.286608E+11 0.770628E+11 0.259294E+08
     2886.00  0.581361E+07 0.280263E+11 0.725273E+11 0.186347E+09
     2896.00  0.101335E+08 0.274129E+11 0.682523E+11 0.480729E+09
     2906.00  0.154030E+08 0.268218E+11 0.642259E+11 0.895843E+09
     2916.00  0.215037E+08 0.262535E+11 0.604345E+11 0.141984E+10
     2926.00  0.283328E+08 0.257076E+11 0.568642E+11 0.204214E+10
     2936.00  0.358006E+08 0.251837E+11 0.535009E+11 0.275329E+10
     2946.00  0.438294E+08 0.246809E+11 0.503309E+11 0.354484E+10
     2956.00  0.523513E+08 0.241980E+11 0.473410E+11 0.440921E+10
     2966.00  0.613069E+08 0.237338E+11 0.445188E+11 0.533957E+10
     2976.00  0.706438E+08 0.232872E+11 0.418528E+11 0.632972E+10
     2986.00  0.803158E+08 0.228569E+11 0.393323E+11 0.737402E+10
     2996.00  0.902816E+08 0.224416E+11 0.369473E+11 0.846726E+10
     3006.00  0.100504E+09 0.220401E+11 0.346889E+11 0.960464E+10
     3016.00  0.110950E+09 0.216512E+11 0.325487E+11 0.107817E+11
     3026.00  0.121589E+09 0.212739E+11 0.305192E+11 0.119941E+11
     3036.00  0.132393E+09 0.209070E+11 0.285935E+11 0.132380E+11
     3046.00  0.143335E+09 0.205496E+11 0.267655E+11 0.145095E+11
     3056.00  0.154393E+09 0.202009E+11 0.250293E+11 0.158050E+11
     3066.00  0.165542E+09 0.198598E+11 0.233800E+11 0.171209E+11
     3076.00  0.176762E+09 0.195257E+11 0.218128E+11 0.184538E+11
     3086.00  0.188031E+09 0.191977E+11 0.203234E+11 0.198004E+11
     3096.00  0.199331E+09 0.188754E+11 0.189082E+11 0.211573E+11
     3106.00  0.210642E+09 0.185579E+11 0.175635E+11 0.225216E+11
     3116.00  0.221947E+09 0.182449E+11 0.162861E+11 0.238899E+11
     3126.00  0.233228E+09 0.179358E+11 0.150733E+11 0.252593E+11
     3136.00  0.244467E+09 0.176302E+11 0.139223E+11 0.266268E+11
     3146.00  0.255650E+09 0.173277E+11 0.128306E+11 0.279895E+11
     3156.00  0.266758E+09 0.170278E+11 0.117961E+11 0.293443E+11
     3166.00  0.277778E+09 0.167304E+11 0.108167E+11 0.306886E+11
     3176.00  0.288694E+09 0.164352E+11 0.989045E+10 0.320195E+11
     3186.00  0.299492E+09 0.161418E+11 0.901556E+10 0.333343E+11
     3196.00  0.310157E+09 0.158502E+11 0.819040E+10 0.346304E+11
     3206.00  0.320675E+09 0.155602E+11 0.741339E+10 0.359052E+11
     3216.00  0.331034E+09 0.152716E+11 0.668306E+10 0.371563E+11
     3226.00  0.341221E+09 0.149842E+11 0.599801E+10 0.383812E+11
     3236.00  0.351223E+09 0.146982E+11 0.535691E+10 0.395777E+11
     3246.00  0.361030E+09 0.144133E+11 0.475848E+10 0.407435E+11
     3256.00  0.370629E+09 0.141296E+11 0.420150E+10 0.418764E+11
     3266.00  0.380010E+09 0.138470E+11 0.368476E+10 0.429746E+11
     3276.00  0.389164E+09 0.135655E+11 0.320712E+10 0.440359E+11
     3286.00  0.398080E+09 0.132852E+11 0.276745E+10 0.450587E+11
     3296.00  0.406749E+09 0.130061E+11 0.236463E+10 0.460413E+11
     3306.00  0.415164E+09 0.127283E+11 0.199759E+10 0.469820E+11
     3316.00  0.423316E+09 0.124517E+11 0.166524E+10 0.478793E+11
     3326.00  0.431198E+09 0.121765E+11 0.136653E+10 0.487320E+11
     3336.00  0.438804E+09 0.119028E+11 0.110041E+10 0.495389E+11
     3346.00  0.446128E+09 0.116305E+11 0.865836E+09 0.502988E+11
     3356.00  0.453164E+09 0.113600E+11 0.661767E+09 0.510107E+11
     3366.00  0.459907E+09 0.110911E+11 0.487175E+09 0.516739E+11
     3376.00  0.466354E+09 0.108241E+11 0.341031E+09 0.522876E+11
     3386.00  0.472501E+09 0.105590E+11 0.222314E+09 0.528511E+11
     3396.00  0.478344E+09 0.102959E+11 0.130003E+09 0.533641E+11
     3406.00  0.483882E+09 0.100350E+11 0.630835E+08 0.538261E+11
     3416.00  0.489111E+09 0.977639E+10 0.205428E+08 0.542370E+11
     3426.00  0.494032E+09 0.952013E+10 0.137351E+07 0.545965E+11
     3436.00  0.498642E+09 0.926635E+10 0.457300E+07 0.549047E+11
     3446.00  0.502942E+09 0.901516E+10 0.291439E+08 0.551617E+11
     3456.00  0.506932E+09 0.876667E+10 0.740951E+08 0.553676E+11
     3466.00  0.510611E+09 0.852098E+10 0.138442E+09 0.555229E+11
     3476.00  0.513983E+09 0.827819E+10 0.221209E+09 0.556278E+11
     3486.00  0.517047E+09 0.803841E+10 0.321428E+09 0.556830E+11
     3496.00  0.519806E+09 0.780173E+10 0.438142E+09 0.556891E+11
     3506.00  0.522263E+09 0.756824E+10 0.570402E+09 0.556466E+11
     3516.00  0.524419E+09 0.733803E+10 0.717273E+09 0.555565E+11
     3526.00  0.526279E+09 0.711117E+10 0.877833E+09 0.554195E+11
     3536.00  0.527845E+09 0.688775E+10 0.105117E+10 0.552365E+11
     3546.00  0.529121E+09 0.666785E+10 0.123639E+10 0.550087E+11
     3556.00  0.530112E+09 0.645153E+10 0.143262E+10 0.547370E+11
     3566.00  0.530822E+09 0.623885E+10 0.163898E+10 0.544226E+11
     3576.00  0.531255E+09 0.602987E+10 0.185463E+10 0.540666E+11
     3586.00  0.531416E+09 0.582465E+10 0.207875E+10 0.536703E+11
     3596.00  0.531311E+09 0.562324E+10 0.231052E+10 0.532350E+11
     3606.00  0.530944E+09 0.542568E+10 0.254914E+10 0.527620E+11
     3616.00  0.530322E+09 0.523201E+10 0.279385E+10 0.522528E+11
     3626.00  0.529450E+09 0.504226E+10 0.304390E+10 0.517085E+11
     3636.00  0.528334E+09 0.485647E+10 0.329854E+10 0.511309E+11
     3646.00  0.526981E+09 0.467466E+10 0.355708E+10 0.505211E+11
     3656.00  0.525395E+09 0.449684E+10 0.381882E+10 0.498809E+11
     3666.00  0.523583E+09 0.432303E+10 0.408309E+10 0.492116E+11
     3676.00  0.521552E+09 0.415325E+10 0.434924E+10 0.485147E+11
     3686.00  0.519309E+09 0.398749E+10 0.461666E+10 0.477918E+11
     3696.00  0.516858E+09 0.382575E+10 0.488474E+10 0.470445E+11
     3706.00  0.514208E+09 0.366805E+10 0.515290E+10 0.462741E+11
     3716.00  0.511365E+09 0.351436E+10 0.542059E+10 0.454823E+11
     3726.00  0.508334E+09 0.336468E+10 0.568727E+10 0.446706E+11
     3736.00  0.505124E+09 0.321899E+10 0.595243E+10 0.438406E+11
     3746.00  0.501740E+09 0.307727E+10 0.621558E+10 0.429936E+11
     3756.00  0.498189E+09 0.293950E+10 0.647625E+10 0.421313E+11
     3766.00  0.494478E+09 0.280567E+10 0.673401E+10 0.412551E+11
     3776.00  0.490613E+09 0.267573E+10 0.698842E+10 0.403664E+11
     3786.00  0.486601E+09 0.254965E+10 0.723909E+10 0.394668E+11
     3796.00  0.482448E+09 0.242741E+10 0.748563E+10 0.385576E+11
     3806.00  0.478160E+09 0.230896E+10 0.772769E+10 0.376402E+11
     3816.00  0.473745E+09 0.219426E+10 0.796493E+10 0.367161E+11
     3826.00  0.469208E+09 0.208328E+10 0.819704E+10 0.357865E+11
     3836.00  0.464555E+09 0.197596E+10 0.842371E+10 0.348529E+11
     3846.00  0.459793E+09 0.187227E+10 0.864468E+10 0.339164E+11
     3856.00  0.454927E+09 0.177215E+10 0.885968E+10 0.329783E+11
     3866.00  0.449965E+09 0.167555E+10 0.906847E+10 0.320400E+11
     3876.00  0.444911E+09 0.158241E+10 0.927085E+10 0.311025E+11
     3886.00  0.439771E+09 0.149270E+10 0.946661E+10 0.301671E+11
     3896.00  0.434552E+09 0.140634E+10 0.965556E+10 0.292348E+11
     3906.00  0.429258E+09 0.132329E+10 0.983755E+10 0.283068E+11
     3916.00  0.423896E+09 0.124349E+10 0.100124E+11 0.273840E+11
     3926.00  0.418470E+09 0.116687E+10 0.101800E+11 0.264676E+11
     3936.00  0.412986E+09 0.109338E+10 0.103403E+11 0.255585E+11
     3946.00  0.407450E+09 0.102295E+10 0.104931E+11 0.246576E+11
     3956.00  0.401866E+09 0.955531E+09 0.106384E+11 0.237658E+11
     3966.00  0.396239E+09 0.891051E+09 0.107760E+11 0.228840E+11
     3976.00  0.390574E+09 0.829451E+09 0.109060E+11 0.220130E+11
     3986.00  0.384876E+09 0.770666E+09 0.110282E+11 0.211536E+11
     3996.00  0.379149E+09 0.714633E+09 0.111427E+11 0.203065E+11
     4006.00  0.373398E+09 0.661289E+09 0.112495E+11 0.194724E+11
     4016.00  0.367627E+09 0.610568E+09 0.113485E+11 0.186521E+11
     4026.00  0.361841E+09 0.562406E+09 0.114397E+11 0.178460E+11
     4036.00  0.356044E+09 0.516740E+09 0.115233E+11 0.170549E+11
     4046.00  0.350239E+09 0.473503E+09 0.115991E+11 0.162792E+11
     4056.00  0.344432E+09 0.432634E+09 0.116673E+11 0.155195E+11
     4066.00  0.338624E+09 0.394065E+09 0.117278E+11 0.147762E+11
     4076.00  0.332820E+09 0.357735E+09 0.117808E+11 0.140498E+11
     4086.00  0.327024E+09 0.323580E+09 0.118264E+11 0.133406E+11
     4096.00  0.321239E+09 0.291535E+09 0.118645E+11 0.126491E+11
     4106.00  0.315469E+09 0.261539E+09 0.118953E+11 0.119755E+11
     4116.00  0.309715E+09 0.233529E+09 0.119189E+11 0.113202E+11
     4126.00  0.303983E+09 0.207442E+09 0.119354E+11 0.106834E+11
     4136.00  0.298274E+09 0.183218E+09 0.119449E+11 0.100653E+11
     4146.00  0.292591E+09 0.160795E+09 0.119475E+11 0.946621E+10
     4156.00  0.286937E+09 0.140114E+09 0.119433E+11 0.888616E+10
     4166.00  0.281315E+09 0.121116E+09 0.119324E+11 0.832532E+10
     4176.00  0.275728E+09 0.103740E+09 0.119150E+11 0.778381E+10
     4186.00  0.270177E+09 0.879303E+08 0.118913E+11 0.726169E+10
     4196.00  0.264665E+09 0.736286E+08 0.118613E+11 0.675900E+10
     4206.00  0.259194E+09 0.607787E+08 0.118252E+11 0.627576E+10
     4216.00  0.253767E+09 0.493250E+08 0.117831E+11 0.581195E+10
     4226.00  0.248385E+09 0.392130E+08 0.117352E+11 0.536753E+10
     4236.00  0.243050E+09 0.303886E+08 0.116817E+11 0.494245E+10
     4246.00  0.237764E+09 0.227992E+08 0.116227E+11 0.453661E+10
     4256.00  0.232529E+09 0.163926E+08 0.115584E+11 0.414990E+10
     4266.00  0.227347E+09 0.111179E+08 0.114889E+11 0.378219E+10
     4276.00  0.222218E+09 0.692501E+07 0.114144E+11 0.343332E+10
     4286.00  0.217145E+09 0.376480E+07 0.113351E+11 0.310313E+10
     4296.00  0.212128E+09 0.158916E+07 0.112511E+11 0.279141E+10
     4306.00  0.207170E+09 0.350976E+06 0.111625E+11 0.249795E+10
     4316.00  0.202270E+09 0.413325E+04 0.110697E+11 0.222252E+10
     4326.00  0.197431E+09 0.503524E+06 0.109727E+11 0.196487E+10
     4336.00  0.192654E+09 0.180506E+07 0.108716E+11 0.172474E+10
     4346.00  0.187939E+09 0.386568E+07 0.107668E+11 0.150184E+10
     4356.00  0.183286E+09 0.664333E+07 0.106583E+11 0.129589E+10
     4366.00  0.178698E+09 0.100970E+08 0.105463E+11 0.110657E+10
     4376.00  0.174175E+09 0.141867E+08 0.104309E+11 0.933562E+09
     4386.00  0.169717E+09 0.188736E+08 0.103124E+11 0.776540E+09
     4396.00  0.165325E+09 0.241195E+08 0.101910E+11 0.635159E+09
     4406.00  0.160999E+09 0.298877E+08 0.100667E+11 0.509066E+09
     4416.00  0.156740E+09 0.361423E+08 0.993968E+10 0.397898E+09
     4426.00  0.152549E+09 0.428484E+08 0.981021E+10 0.301285E+09
     4436.00  0.148425E+09 0.499722E+08 0.967839E+10 0.218850E+09
     4446.00  0.144369E+09 0.574807E+08 0.954440E+10 0.150206E+09
     4456.00  0.140382E+09 0.653422E+08 0.940838E+10 0.949636E+08
     4466.00  0.136463E+09 0.735258E+08 0.927048E+10 0.527251E+08
     4476.00  0.132612E+09 0.820017E+08 0.913087E+10 0.230892E+08
     4486.00  0.128830E+09 0.907409E+08 0.898969E+10 0.565063E+07
     4511.00  0.119674E+09 0.113560E+09 0.863084E+10 0.127280E+08
     4536.00  0.110944E+09 0.137442E+09 0.826533E+10 0.870282E+08
     4561.00  0.102639E+09 0.162013E+09 0.789529E+10 0.222059E+09
     4586.00  0.947533E+08 0.186932E+09 0.752272E+10 0.411339E+09
     4611.00  0.872811E+08 0.211895E+09 0.714952E+10 0.648451E+09
     4636.00  0.802152E+08 0.236626E+09 0.677747E+10 0.927089E+09
     4661.00  0.735476E+08 0.260883E+09 0.640820E+10 0.124110E+10
     4686.00  0.672688E+08 0.284451E+09 0.604323E+10 0.158452E+10
     4711.00  0.613687E+08 0.307144E+09 0.568394E+10 0.195160E+10
     4736.00  0.558366E+08 0.328801E+09 0.533160E+10 0.233686E+10
     4761.00  0.506609E+08 0.349287E+09 0.498734E+10 0.273508E+10
     4786.00  0.458296E+08 0.368489E+09 0.465218E+10 0.314134E+10
     4811.00  0.413304E+08 0.386315E+09 0.432699E+10 0.355103E+10
     4836.00  0.371505E+08 0.402692E+09 0.401254E+10 0.395987E+10
     4861.00  0.332768E+08 0.417569E+09 0.370950E+10 0.436390E+10
     4886.00  0.296963E+08 0.430906E+09 0.341841E+10 0.475949E+10
     4911.00  0.263958E+08 0.442684E+09 0.313971E+10 0.514336E+10
     4936.00  0.233619E+08 0.452894E+09 0.287375E+10 0.551257E+10
     4961.00  0.205815E+08 0.461541E+09 0.262077E+10 0.586450E+10
     4986.00  0.180415E+08 0.468643E+09 0.238094E+10 0.619686E+10
     5011.00  0.157290E+08 0.474224E+09 0.215434E+10 0.650769E+10
     5036.00  0.136312E+08 0.478321E+09 0.194098E+10 0.679531E+10
     5061.00  0.117356E+08 0.480976E+09 0.174078E+10 0.705838E+10
     5086.00  0.100300E+08 0.482240E+09 0.155362E+10 0.729582E+10
     5111.00  0.850252E+07 0.482167E+09 0.137932E+10 0.750681E+10
     5136.00  0.714149E+07 0.480820E+09 0.121762E+10 0.769083E+10
     5161.00  0.593571E+07 0.478262E+09 0.106824E+10 0.784755E+10
     5186.00  0.487433E+07 0.474560E+09 0.930858E+09 0.797691E+10
     5211.00  0.394686E+07 0.469784E+09 0.805095E+09 0.807902E+10
     5236.00  0.314324E+07 0.464007E+09 0.690555E+09 0.815421E+10
     5261.00  0.245380E+07 0.457301E+09 0.586813E+09 0.820298E+10
     5286.00  0.186931E+07 0.449739E+09 0.493421E+09 0.822598E+10
     5311.00  0.138094E+07 0.441395E+09 0.409912E+09 0.822400E+10
     5336.00  0.980278E+06 0.432341E+09 0.335805E+09 0.819796E+10
     5361.00  0.659356E+06 0.422649E+09 0.270611E+09 0.814890E+10
     5386.00  0.410609E+06 0.412389E+09 0.213832E+09 0.807793E+10
     5411.00  0.226889E+06 0.401630E+09 0.164969E+09 0.798625E+10
     5436.00  0.101458E+06 0.390439E+09 0.123522E+09 0.787515E+10
     5461.00  0.279779E+05 0.378880E+09 0.889924E+08 0.774593E+10
     5511.00  0.134726E+05 0.354907E+09 0.387262E+08 0.743860E+10
     5561.00  0.140342E+06 0.330177E+09 0.103360E+08 0.707537E+10
     5611.00  0.371328E+06 0.305111E+09 0.168434E+06 0.666743E+10
     5661.00  0.674553E+06 0.280083E+09 0.480032E+07 0.622575E+10
     5711.00  0.102311E+07 0.255418E+09 0.210744E+08 0.576082E+10
     5761.00  0.139461E+07 0.231394E+09 0.461235E+08 0.528245E+10
     5811.00  0.177080E+07 0.208240E+09 0.773839E+08 0.479965E+10
     5861.00  0.213704E+07 0.186143E+09 0.112600E+09 0.432048E+10
     5911.00  0.248197E+07 0.165247E+09 0.149823E+09 0.385201E+10
     5961.00  0.279709E+07 0.145659E+09 0.187400E+09 0.340027E+10
     6011.00  0.307631E+07 0.127450E+09 0.223961E+09 0.297027E+10
     6061.00  0.331571E+07 0.110662E+09 0.258401E+09 0.256600E+10
     6111.00  0.351311E+07 0.953070E+08 0.289861E+09 0.219049E+10
     6161.00  0.366782E+07 0.813764E+08 0.317703E+09 0.184585E+10
     6211.00  0.378037E+07 0.688401E+08 0.341489E+09 0.153338E+10
     6261.00  0.385222E+07 0.576518E+08 0.360956E+09 0.125360E+10
     6311.00  0.388561E+07 0.477524E+08 0.375991E+09 0.100641E+10
     6361.00  0.388331E+07 0.390719E+08 0.386611E+09 0.791112E+09
     6411.00  0.384849E+07 0.315332E+08 0.392939E+09 0.606524E+09
     6461.00  0.378455E+07 0.250539E+08 0.395185E+09 0.451087E+09
     6511.00  0.369506E+07 0.195483E+08 0.393624E+09 0.322928E+09
     6561.00  0.358357E+07 0.149298E+08 0.388586E+09 0.219945E+09
     6611.00  0.345360E+07 0.111120E+08 0.380429E+09 0.139882E+09
     6661.00  0.330855E+07 0.801033E+07 0.369539E+09 0.803872E+08
     6711.00  0.315166E+07 0.554284E+07 0.356306E+09 0.390800E+08
     6761.00  0.298594E+07 0.363134E+07 0.341123E+09 0.135947E+08
     6811.00  0.281418E+07 0.220197E+07 0.324370E+09 0.162642E+07
     6861.00  0.263891E+07 0.118570E+07 0.306416E+09 0.965653E+06
     6911.00  0.246241E+07 0.518654E+06 0.287604E+09 0.952666E+07
     6961.00  0.228668E+07 0.142299E+06 0.268255E+09 0.253692E+08
     7011.00  0.211348E+07 0.353534E+04 0.248660E+09 0.467143E+08
     7061.00  0.194429E+07 0.546530E+05 0.229082E+09 0.719542E+08
     7111.00  0.178038E+07 0.253217E+06 0.209751E+09 0.996580E+08
     7161.00  0.162278E+07 0.561884E+06 0.190868E+09 0.128572E+09
     7211.00  0.147229E+07 0.948162E+06 0.172602E+09 0.157619E+09
     7261.00  0.132955E+07 0.138413E+07 0.155092E+09 0.185890E+09
     7311.00  0.119499E+07 0.184613E+07 0.138452E+09 0.212637E+09
     7361.00  0.106891E+07 0.231441E+07 0.122767E+09 0.237265E+09
     7411.00  0.951450E+06 0.277285E+07 0.108098E+09 0.259317E+09
     7511.00  0.742380E+06 0.361145E+07 0.819494E+08 0.294497E+09
     7611.00  0.566800E+06 0.429153E+07 0.601035E+08 0.316844E+09
     7711.00  0.422524E+06 0.477884E+07 0.424142E+08 0.326437E+09
     7811.00  0.306584E+06 0.506585E+07 0.285634E+08 0.324363E+09
     7911.00  0.215586E+06 0.516366E+07 0.181220E+08 0.312359E+09
     8011.00  0.145988E+06 0.509522E+07 0.106026E+08 0.292503E+09
     8111.00  0.943046E+05 0.488999E+07 0.550157E+07 0.266976E+09
     8211.00  0.572564E+05 0.457983E+07 0.233034E+07 0.237874E+09
     8311.00  0.318654E+05 0.419604E+07 0.638096E+06 0.207084E+09
     8411.00  0.155081E+05 0.376734E+07 0.257517E+05 0.176204E+09
     8511.00  0.593684E+04 0.331867E+07 0.153304E+06 0.146514E+09
     8611.00  0.127569E+04 0.287060E+07 0.741789E+06 0.118961E+09
     8711.00  0.210124E-01 0.243921E+07 0.157126E+07 0.941877E+08
     8811.00  0.904324E+03 0.203627E+07 0.247599E+07 0.725606E+08
     8911.00  0.306406E+04 0.166967E+07 0.333804E+07 0.542147E+08
     9011.00  0.579499E+04 0.134395E+07 0.407989E+07 0.391006E+08
     9111.00  0.861277E+04 0.106086E+07 0.465692E+07 0.270299E+08
     9211.00  0.111949E+05 0.820006E+06 0.505025E+07 0.177186E+08
     9311.00  0.133459E+05 0.619372E+06 0.526011E+07 0.108247E+08
     9411.00  0.149673E+05 0.455811E+06 0.530011E+07 0.597959E+07
     9511.00  0.160314E+05 0.325476E+06 0.519237E+07 0.281338E+07
     9611.00  0.165594E+05 0.224172E+06 0.496360E+07 0.973795E+06
     9711.00  0.166048E+05 0.147626E+06 0.464206E+07 0.139299E+06
     9811.00  0.162393E+05 0.916981E+05 0.425535E+07 0.272667E+05
     9911.00  0.155427E+05 0.525270E+05 0.382884E+07 0.397985E+06
    10011.00  0.145951E+05 0.266229E+05 0.338468E+07 0.105537E+07
    10111.00  0.134724E+05 0.109201E+05 0.294137E+07 0.184523E+07
    10211.00  0.122426E+05 0.279588E+04 0.251356E+07 0.265175E+07
    10311.00  0.109641E+05 0.629010E+02 0.211220E+07 0.339301E+07
    10411.00  0.968490E+04 0.944710E+03 0.174485E+07 0.401582E+07
    10511.00  0.844304E+04 0.403864E+04 0.141608E+07 0.449052E+07
    10611.00  0.726695E+04 0.827212E+04 0.112798E+07 0.480599E+07
    10711.00  0.617650E+04 0.128560E+05 0.880575E+06 0.496494E+07
    10811.00  0.518421E+04 0.172382E+05 0.672381E+06 0.497987E+07
    10911.00  0.429644E+04 0.210592E+05 0.500766E+06 0.486955E+07
    11011.00  0.351458E+04 0.241118E+05 0.362353E+06 0.465619E+07
    11111.00  0.283623E+04 0.263052E+05 0.253344E+06 0.436320E+07
    11211.00  0.225615E+04 0.276334E+05 0.169769E+06 0.401345E+07
    11311.00  0.176719E+04 0.281503E+05 0.107698E+06 0.362815E+07
    11411.00  0.136096E+04 0.279476E+05 0.633867E+05 0.322600E+07
    11511.00  0.102850E+04 0.271384E+05 0.333863E+05 0.282282E+07
    11611.00  0.760679E+03 0.258442E+05 0.146056E+05 0.243139E+07
    11711.00  0.548615E+03 0.241856E+05 0.434632E+04 0.206145E+07
    11811.00  0.383892E+03 0.222757E+05 0.311207E+03 0.172001E+07
    11911.00  0.258742E+03 0.202160E+05 0.592570E+03 0.141155E+07
    12011.00  0.166147E+03 0.180937E+05 0.364761E+04 0.113840E+07
    12111.00  0.998901E+02 0.159811E+05 0.826450E+04 0.901139E+06
    12211.00  0.545541E+02 0.139353E+05 0.135232E+05 0.698941E+06
    12311.00  0.255014E+02 0.119998E+05 0.187545E+05 0.529928E+06
    12411.00  0.882361E+01 0.102049E+05 0.234986E+05 0.391479E+06
    12511.00  0.128096E+01 0.857013E+04 0.274667E+05 0.280509E+06
    12611.00  0.232605E+00 0.710558E+04 0.305052E+05 0.193693E+06
    12711.00  0.356443E+01 0.581366E+04 0.325633E+05 0.127650E+06
    12811.00  0.961731E+01 0.469084E+04 0.336661E+05 0.790892E+05
    12911.00  0.171187E+02 0.372909E+04 0.338906E+05 0.449094E+05
    13011.00  0.251191E+02 0.291719E+04 0.333469E+05 0.222750E+05
    13111.00  0.329343E+02 0.224190E+04 0.321631E+05 0.865767E+04
    13211.00  0.400948E+02 0.168886E+04 0.304728E+05 0.185656E+04
    13311.00  0.463007E+02 0.124338E+04 0.284069E+05 0.805436E+00
    13411.00  0.513845E+02 0.890984E+03 0.260876E+05 0.153761E+04
    13511.00  0.552784E+02 0.617863E+03 0.236238E+05 0.521075E+04
    13611.00  0.579879E+02 0.411179E+03 0.211092E+05 0.100326E+05
    13711.00  0.595709E+02 0.259246E+03 0.186216E+05 0.152524E+05
    13811.00  0.601195E+02 0.151642E+03 0.162225E+05 0.203235E+05
    13911.00  0.597473E+02 0.792360E+02 0.139587E+05 0.248701E+05
    14011.00  0.585787E+02 0.341646E+02 0.118631E+05 0.286568E+05
    14111.00  0.567407E+02 0.977345E+01 0.995663E+04 0.315594E+05
    14211.00  0.543584E+02 0.526057E+00 0.824987E+04 0.335397E+05
    14311.00  0.515499E+02 0.189917E+01 0.674510E+04 0.346225E+05
    14411.00  0.484243E+02 0.102686E+02 0.543787E+04 0.348773E+05
    14511.00  0.450803E+02 0.227934E+02 0.431872E+04 0.344023E+05
    14611.00  0.416053E+02 0.373027E+02 0.337456E+04 0.333115E+05
    14711.00  0.380752E+02 0.521886E+02 0.258995E+04 0.317248E+05
    14811.00  0.345551E+02 0.663088E+02 0.194814E+04 0.297609E+05
    14911.00  0.310993E+02 0.788970E+02 0.143193E+04 0.275316E+05
    15011.00  0.277526E+02 0.894860E+02 0.102436E+04 0.251379E+05
    15111.00  0.245508E+02 0.978401E+02 0.709213E+03 0.226685E+05
    15211.00  0.215216E+02 0.103897E+03 0.471362E+03 0.201984E+05
    15311.00  0.186858E+02 0.107723E+03 0.297040E+03 0.177885E+05
    15411.00  0.160577E+02 0.109471E+03 0.173954E+03 0.154869E+05
    15511.00  0.136465E+02 0.109348E+03 0.913380E+02 0.133288E+05
    15611.00  0.114563E+02 0.107597E+03 0.399375E+02 0.113390E+05
    15711.00  0.948740E+01 0.104471E+03 0.119438E+02 0.953219E+04
    15811.00  0.773672E+01 0.100225E+03 0.891416E+00 0.791511E+04
    15911.00  0.619830E+01 0.950993E+02 0.153461E+01 0.648785E+04
    16011.00  0.486384E+01 0.893206E+02 0.971082E+01 0.524517E+04
    16111.00  0.372315E+01 0.830920E+02 0.221996E+02 0.417786E+04
    16211.00  0.276456E+01 0.765938E+02 0.365839E+02 0.327381E+04
    16311.00  0.197526E+01 0.699816E+02 0.511175E+02 0.251903E+04
    16411.00  0.134163E+01 0.633874E+02 0.646027E+02 0.189846E+04
    16511.00  0.849498E+00 0.569206E+02 0.762805E+02 0.139667E+04
    16611.00  0.484435E+00 0.506697E+02 0.857328E+02 0.998386E+03
    16711.00  0.231948E+00 0.447040E+02 0.927982E+02 0.688920E+03
    16811.00  0.776978E-01 0.390763E+02 0.975027E+02 0.454477E+03
    16911.00  0.768007E-02 0.338243E+02 0.100000E+03 0.282358E+03
    17011.00  0.838029E-02 0.289733E+02 0.100525E+03 0.161092E+03
    17111.00  0.669144E-01 0.245376E+02 0.993581E+02 0.804917E+02
    17211.00  0.171147E+00 0.205225E+02 0.967951E+02 0.316667E+02
    17311.00  0.309789E+00 0.169255E+02 0.931285E+02 0.698312E+01
    17411.00  0.472479E+00 0.137383E+02 0.886335E+02 0.534935E-07
    17511.00  0.649842E+00 0.109474E+02 0.835581E+02 0.538087E+01
    17611.00  0.833529E+00 0.853540E+01 0.781186E+02 0.187922E+02
    17711.00  0.101625E+01 0.648185E+01 0.724979E+02 0.367944E+02
    17811.00  0.119175E+01 0.476405E+01 0.668455E+02 0.567306E+02
    17911.00  0.135485E+01 0.335758E+01 0.612795E+02 0.766165E+02
    18011.00  0.150137E+01 0.223693E+01 0.558898E+02 0.950367E+02
    18111.00  0.162812E+01 0.137590E+01 0.507412E+02 0.111047E+03
    18211.00  0.173280E+01 0.748023E+00 0.458772E+02 0.124083E+03
    18311.00  0.181401E+01 0.326869E+00 0.413238E+02 0.133884E+03
    18411.00  0.187110E+01 0.863566E-01 0.370929E+02 0.140421E+03
    18511.00  0.190415E+01 0.999243E-03 0.331853E+02 0.143835E+03
    18611.00  0.191382E+01 0.461294E-01 0.295937E+02 0.144387E+03
    18711.00  0.190131E+01 0.198100E+00 0.263051E+02 0.142414E+03
    18811.00  0.186826E+01 0.434465E+00 0.233025E+02 0.138299E+03
    18911.00  0.181665E+01 0.734138E+00 0.205669E+02 0.132437E+03
    19011.00  0.174869E+01 0.107754E+01 0.180784E+02 0.125219E+03
    19111.00  0.166680E+01 0.144671E+01 0.158171E+02 0.117014E+03
    19311.00  0.147116E+01 0.219924E+01 0.119015E+02 0.989572E+02
    19511.00  0.124955E+01 0.288395E+01 0.868668E+01 0.804917E+02
    19711.00  0.102026E+01 0.342329E+01 0.606802E+01 0.631714E+02
    19911.00  0.798768E+00 0.376979E+01 0.397114E+01 0.479273E+02
    20111.00  0.596906E+00 0.390422E+01 0.234722E+01 0.351812E+02
    20311.00  0.422616E+00 0.383209E+01 0.116551E+01 0.249813E+02
    20511.00  0.280096E+00 0.357896E+01 0.404247E+00 0.171343E+02
    20711.00  0.170261E+00 0.318462E+01 0.412710E-01 0.113160E+02
    20911.00  0.914216E-01 0.269702E+01 0.458672E-01 0.715399E+01
    21111.00  0.400323E-01 0.216624E+01 0.372794E+00 0.428464E+01
    21311.00  0.114434E-01 0.163914E+01 0.959477E+00 0.238542E+01
    21511.00  0.566114E-03 0.115516E+01 0.172681E+01 0.118999E+01
    21711.00  0.241098E-02 0.743430E+00 0.258345E+01 0.490454E+00
    21911.00  0.124771E-01 0.421440E+00 0.343299E+01 0.132211E+00
    22111.00  0.269916E-01 0.195107E+00 0.418293E+01 0.514194E-02
    22311.00  0.430152E-01 0.601108E-01 0.475399E+01 0.337131E-01
    22511.00  0.584407E-01 0.411741E-02 0.508837E+01 0.167616E+00
    22711.00  0.719126E-01 0.952741E-02 0.515551E+01 0.373710E+00
    22911.00  0.827029E-01 0.563485E-01 0.495484E+01 0.629524E+00
    23111.00  0.905643E-01 0.124837E+00 0.451452E+01 0.918262E+00
    23311.00  0.955870E-01 0.197639E+00 0.388708E+01 0.122522E+01
    23511.00  0.980698E-01 0.261249E+00 0.314201E+01 0.153547E+01
    23711.00  0.984146E-01 0.306745E+00 0.235675E+01 0.183262E+01
    23911.00  0.970494E-01 0.329820E+00 0.160726E+01 0.209879E+01
    24111.00  0.943739E-01 0.330249E+00 0.959338E+00 0.231531E+01
    24311.00  0.907306E-01 0.310959E+00 0.461837E+00 0.246441E+01
    24511.00  0.863897E-01 0.276896E+00 0.142505E+00 0.253112E+01
    24711.00  0.815504E-01 0.233887E+00 0.675215E-02 0.250557E+01
    24911.00  0.763470E-01 0.187631E+00 0.392389E-01 0.238479E+01
    25111.00  0.708637E-01 0.142953E+00 0.207842E+00 0.217407E+01
    25311.00  0.651486E-01 0.103342E+00 0.469241E+00 0.188733E+01
    25511.00  0.592307E-01 0.708073E-01 0.775245E+00 0.154647E+01
    25711.00  0.531345E-01 0.459724E-01 0.107899E+01 0.117954E+01
    25911.00  0.468936E-01 0.283697E-01 0.134024E+01 0.818177E+00
    26111.00  0.405616E-01 0.168258E-01 0.152920E+01 0.494286E+00
    26311.00  0.342185E-01 0.986485E-02 0.162858E+01 0.236624E+00
    26511.00  0.279748E-01 0.605820E-02 0.163388E+01 0.676233E-01
    26711.00  0.219693E-01 0.427159E-02 0.155206E+01 0.875015E-03
    26911.00  0.163643E-01 0.378937E-02 0.139906E+01 0.396341E-01
 K.E.IE==>      4            5            6            7
        1.00  0.000000E+00 0.000000E+00 0.000000E+00 0.000000E+00
        2.00  0.000000E+00 0.000000E+00 0.000000E+00 0.000000E+00
        3.00  0.000000E+00 0.000000E+00 0.000000E+00 0.000000E+00
        4.00  0.000000E+00 0.000000E+00 0.000000E+00 0.000000E+00
        5.00  0.000000E+00 0.000000E+00 0.000000E+00 0.000000E+00
        6.00  0.000000E+00 0.000000E+00 0.000000E+00 0.000000E+00
        7.00  0.000000E+00 0.000000E+00 0.000000E+00 0.000000E+00
        8.00  0.000000E+00 0.000000E+00 0.000000E+00 0.000000E+00
        9.00  0.000000E+00 0.000000E+00 0.000000E+00 0.000000E+00
       10.00  0.000000E+00 0.000000E+00 0.000000E+00 0.000000E+00
       11.00  0.000000E+00 0.000000E+00 0.000000E+00 0.000000E+00
       12.00  0.000000E+00 0.000000E+00 0.000000E+00 0.000000E+00
       13.00  0.000000E+00 0.000000E+00 0.000000E+00 0.000000E+00
       14.00  0.000000E+00 0.000000E+00 0.000000E+00 0.000000E+00
       15.00  0.000000E+00 0.000000E+00 0.000000E+00 0.000000E+00
       16.00  0.000000E+00 0.000000E+00 0.000000E+00 0.000000E+00
       17.00  0.000000E+00 0.000000E+00 0.000000E+00 0.000000E+00
       18.00  0.000000E+00 0.000000E+00 0.000000E+00 0.000000E+00
       19.00  0.000000E+00 0.000000E+00 0.000000E+00 0.171587E-37
       20.00  0.000000E+00 0.000000E+00 0.000000E+00 0.663531E-37
       21.00  0.000000E+00 0.000000E+00 0.312564E-37 0.240121E-36
       22.00  0.000000E+00 0.128343E-37 0.106562E-36 0.818227E-36
       23.00  0.000000E+00 0.414429E-37 0.343925E-36 0.263945E-35
       24.00  0.139689E-37 0.127277E-36 0.105572E-35 0.809798E-35
       25.00  0.409903E-37 0.373297E-36 0.309482E-35 0.237270E-34
       26.00  0.115284E-36 0.104937E-35 0.869547E-35 0.666313E-34
       27.00  0.311762E-36 0.283639E-35 0.234916E-34 0.179919E-33
       28.00  0.812974E-36 0.739272E-35 0.611978E-34 0.468466E-33
       29.00  0.204947E-35 0.186275E-34 0.154123E-33 0.117921E-32
       30.00  0.500627E-35 0.454791E-34 0.376105E-33 0.287613E-32
       31.00  0.118739E-34 0.107814E-33 0.891159E-33 0.681135E-32
       32.00  0.273961E-34 0.248631E-33 0.205409E-32 0.156919E-31
       33.00  0.615941E-34 0.558716E-33 0.461358E-32 0.352268E-31
       34.00  0.135151E-33 0.122533E-32 0.101131E-31 0.771787E-31
       35.00  0.289825E-33 0.262638E-32 0.216656E-31 0.165258E-30
       36.00  0.608213E-33 0.550886E-32 0.454211E-31 0.346280E-30
       37.00  0.125052E-32 0.113209E-31 0.932956E-31 0.710901E-30
       38.00  0.252184E-32 0.228188E-31 0.187956E-30 0.143147E-29
       39.00  0.499312E-32 0.451576E-31 0.371772E-30 0.282996E-29
       40.00  0.971530E-32 0.878214E-31 0.722650E-30 0.549807E-29
       42.00  0.350257E-31 0.316300E-30 0.260012E-29 0.197620E-28
       44.00  0.118902E-30 0.107269E-29 0.880909E-29 0.668844E-28
       46.00  0.382113E-30 0.344383E-29 0.282531E-28 0.214297E-27
       48.00  0.116793E-29 0.105156E-28 0.861836E-28 0.653024E-27
       50.00  0.340914E-29 0.306642E-28 0.251065E-27 0.190040E-26
       52.00  0.953771E-29 0.857035E-28 0.700999E-27 0.530069E-26
       54.00  0.256570E-28 0.230318E-27 0.188197E-26 0.142162E-25
       56.00  0.665534E-28 0.596844E-27 0.487202E-26 0.367649E-25
       58.00  0.166896E-27 0.149522E-26 0.121932E-25 0.919171E-25
       60.00  0.405537E-27 0.362957E-26 0.295687E-25 0.222672E-24
       62.00  0.956796E-27 0.855484E-26 0.696230E-25 0.523770E-24
       64.00  0.219597E-26 0.196149E-25 0.159474E-24 0.119849E-23
       66.00  0.491124E-26 0.438246E-25 0.355947E-24 0.267228E-23
       68.00  0.107197E-25 0.955598E-25 0.775366E-24 0.581510E-23
       70.00  0.228672E-25 0.203645E-24 0.165070E-23 0.123672E-22
       72.00  0.477361E-25 0.424692E-24 0.343900E-23 0.257388E-22
       74.00  0.976332E-25 0.867742E-24 0.701959E-23 0.524834E-22
       76.00  0.195857E-24 0.173899E-23 0.140534E-22 0.104965E-21
       78.00  0.385752E-24 0.342163E-23 0.276236E-22 0.206109E-21
       80.00  0.746636E-24 0.661606E-23 0.533592E-22 0.397721E-21
       82.00  0.142140E-23 0.125826E-22 0.101378E-21 0.754858E-21
       84.00  0.266363E-23 0.235557E-22 0.189596E-21 0.141027E-20
       86.00  0.491707E-23 0.434404E-22 0.349293E-21 0.259547E-20
       88.00  0.894776E-23 0.789708E-22 0.634344E-21 0.470872E-20
       90.00  0.160611E-22 0.141610E-21 0.113635E-20 0.842644E-20
       92.00  0.284547E-22 0.250632E-21 0.200918E-20 0.148833E-19
       94.00  0.497842E-22 0.438065E-21 0.350818E-20 0.259606E-19
       96.00  0.860634E-22 0.756537E-21 0.605250E-20 0.447424E-19
       98.00  0.147079E-21 0.129159E-20 0.103227E-19 0.762302E-19
      100.00  0.248591E-21 0.218085E-20 0.174122E-19 0.128452E-18
      102.00  0.415735E-21 0.364353E-20 0.290609E-19 0.214164E-18
      104.00  0.688213E-21 0.602547E-20 0.480108E-19 0.353450E-18
      106.00  0.112816E-20 0.986741E-20 0.785438E-19 0.577631E-18
      108.00  0.183198E-20 0.160072E-19 0.127287E-18 0.935134E-18
      110.00  0.294796E-20 0.257324E-19 0.204414E-18 0.150020E-17
      112.00  0.470237E-20 0.410052E-19 0.325408E-18 0.238571E-17
      114.00  0.743773E-20 0.647927E-19 0.513659E-18 0.376196E-17
      116.00  0.116687E-19 0.101548E-18 0.804226E-18 0.588392E-17
      118.00  0.181626E-19 0.157903E-18 0.124928E-17 0.913053E-17
      122.00  0.430211E-19 0.373266E-18 0.294717E-17 0.214952E-16
      126.00  0.990390E-19 0.857566E-18 0.675729E-17 0.491819E-16
      130.00  0.221986E-18 0.191828E-17 0.150846E-16 0.109563E-15
      134.00  0.485230E-18 0.418462E-17 0.328393E-16 0.238024E-15
      138.00  0.103589E-17 0.891544E-17 0.698229E-16 0.505033E-15
      142.00  0.216275E-17 0.185763E-16 0.145188E-15 0.104796E-14
      146.00  0.442148E-17 0.379003E-16 0.295615E-15 0.212930E-14
      150.00  0.886114E-17 0.758027E-16 0.590042E-15 0.424118E-14
      154.00  0.174271E-16 0.148778E-15 0.115572E-14 0.828987E-14
      158.00  0.336661E-16 0.286832E-15 0.222357E-14 0.159162E-13
      162.00  0.639412E-16 0.543668E-15 0.420601E-14 0.300434E-13
      166.00  0.119495E-15 0.101396E-14 0.782831E-14 0.558003E-13
      170.00  0.219903E-15 0.186217E-14 0.143476E-13 0.102056E-12
      174.00  0.398787E-15 0.337013E-14 0.259129E-13 0.183934E-12
      178.00  0.713130E-15 0.601437E-14 0.461496E-13 0.326891E-12
      182.00  0.125830E-14 0.105906E-13 0.810976E-13 0.573232E-12
      186.00  0.219201E-14 0.184117E-13 0.140698E-12 0.992423E-12
      190.00  0.377205E-14 0.316187E-13 0.241127E-12 0.169723E-11
      194.00  0.641523E-14 0.536651E-13 0.408414E-12 0.286867E-11
      198.00  0.107883E-13 0.900631E-13 0.684009E-12 0.479430E-11
      202.00  0.179473E-13 0.149521E-12 0.113324E-11 0.792629E-11
      206.00  0.295480E-13 0.245666E-12 0.185810E-11 0.129688E-10
      210.00  0.481634E-13 0.399618E-12 0.301629E-11 0.210080E-10
      214.00  0.777552E-13 0.643825E-12 0.484953E-11 0.337048E-10
      218.00  0.124372E-12 0.102771E-11 0.772509E-11 0.535767E-10
      222.00  0.197169E-12 0.162590E-11 0.121964E-10 0.844079E-10
      226.00  0.309898E-12 0.255026E-11 0.190907E-10 0.131842E-09
      230.00  0.483055E-12 0.396707E-11 0.296352E-10 0.204229E-09
      234.00  0.746953E-12 0.612173E-11 0.456366E-10 0.313833E-09
      238.00  0.114612E-11 0.937380E-11 0.697355E-10 0.478536E-09
      242.00  0.174547E-11 0.142464E-10 0.105765E-09 0.724234E-09
      246.00  0.263908E-11 0.214957E-10 0.159252E-09 0.108817E-08
      250.00  0.396231E-11 0.322072E-10 0.238113E-09 0.162356E-08
      254.00  0.590878E-11 0.479298E-10 0.353618E-09 0.240598E-08
      258.00  0.875373E-11 0.708605E-10 0.521709E-09 0.354208E-08
      262.00  0.128861E-10 0.104096E-09 0.764812E-09 0.518151E-08
      266.00  0.188524E-10 0.151979E-09 0.111429E-08 0.753303E-08
      270.00  0.274165E-10 0.220562E-09 0.161376E-08 0.108863E-07
      274.00  0.396398E-10 0.318238E-09 0.232355E-08 0.156409E-07
      282.00  0.814864E-10 0.651487E-09 0.473686E-08 0.317494E-07
      290.00  0.163974E-09 0.130555E-08 0.945281E-08 0.630867E-07
      298.00  0.323374E-09 0.256401E-08 0.184870E-07 0.122849E-06
      306.00  0.625659E-09 0.494022E-08 0.354706E-07 0.234691E-06
      314.00  0.118878E-08 0.934767E-08 0.668341E-07 0.440299E-06
      322.00  0.222023E-08 0.173855E-07 0.123781E-06 0.811935E-06
      330.00  0.407934E-08 0.318104E-07 0.225529E-06 0.147293E-05
      338.00  0.737936E-08 0.573039E-07 0.404560E-06 0.263071E-05
      346.00  0.131522E-07 0.101706E-06 0.715008E-06 0.462921E-05
      354.00  0.231113E-07 0.177974E-06 0.124589E-05 0.803115E-05
      362.00  0.400656E-07 0.307246E-06 0.214174E-05 0.137456E-04
      370.00  0.685644E-07 0.523592E-06 0.363437E-05 0.232230E-04
      378.00  0.115890E-06 0.881293E-06 0.609129E-05 0.387515E-04
      386.00  0.193570E-06 0.146586E-05 0.100886E-04 0.638993E-04
      394.00  0.319658E-06 0.241056E-05 0.165198E-04 0.104172E-03
      402.00  0.522139E-06 0.392099E-05 0.267566E-04 0.167978E-03
      410.00  0.843969E-06 0.631123E-05 0.428838E-04 0.268032E-03
      418.00  0.135046E-05 0.100566E-04 0.680411E-04 0.423381E-03
      426.00  0.214004E-05 0.158697E-04 0.106914E-03 0.662299E-03
      434.00  0.335969E-05 0.248102E-04 0.166431E-03 0.102639E-02
      442.00  0.522713E-05 0.384397E-04 0.256756E-03 0.157633E-02
      450.00  0.806214E-05 0.590415E-04 0.392677E-03 0.239998E-02
      458.00  0.123308E-04 0.899280E-04 0.595539E-03 0.362342E-02
      466.00  0.187074E-04 0.135869E-03 0.895925E-03 0.542639E-02
      474.00  0.281601E-04 0.203681E-03 0.133734E-02 0.806311E-02
      482.00  0.420690E-04 0.303041E-03 0.198122E-02 0.118907E-01
      490.00  0.623884E-04 0.447591E-03 0.291376E-02 0.174074E-01
      498.00  0.918663E-04 0.656433E-03 0.425509E-02 0.253036E-01
      506.00  0.134341E-03 0.956148E-03 0.617158E-02 0.365299E-01
      514.00  0.195141E-03 0.138350E-02 0.889224E-02 0.523875E-01
      522.00  0.281610E-03 0.198901E-02 0.127305E-01 0.746457E-01
      530.00  0.403811E-03 0.284176E-02 0.181128E-01 0.105697E+00
      538.00  0.575428E-03 0.403556E-02 0.256165E-01 0.148760E+00
      546.00  0.814929E-03 0.569720E-02 0.360191E-01 0.208133E+00
      554.00  0.114700E-02 0.799696E-02 0.503633E-01 0.289531E+00
      562.00  0.160420E-02 0.111622E-01 0.700417E-01 0.400503E+00
      570.00  0.222841E-02 0.154944E-01 0.969127E-01 0.550950E+00
      578.00  0.307023E-02 0.213890E-01 0.133467E+00 0.753720E+00
      586.00  0.417563E-02 0.293514E-01 0.183139E+00 0.102505E+01
      596.00  0.566313E-02 0.429607E-01 0.273582E+00 0.148418E+01
      606.00  0.107574E-01 0.648129E-01 0.380760E+00 0.221021E+01
      616.00  0.145882E-01 0.935687E-01 0.559862E+00 0.315611E+01
      626.00  0.208799E-01 0.135091E+00 0.807698E+00 0.450519E+01
      636.00  0.299579E-01 0.193927E+00 0.115534E+01 0.639367E+01
      646.00  0.428357E-01 0.276667E+00 0.164085E+01 0.901727E+01
      656.00  0.609495E-01 0.392276E+00 0.231499E+01 0.126386E+02
      666.00  0.862591E-01 0.552831E+00 0.324555E+01 0.176064E+02
      676.00  0.121410E+00 0.774505E+00 0.452264E+01 0.243816E+02
      686.00  0.169953E+00 0.107883E+01 0.626539E+01 0.335688E+02
      696.00  0.236621E+00 0.149435E+01 0.863055E+01 0.459582E+02
      706.00  0.327701E+00 0.205865E+01 0.118233E+02 0.625764E+02
      716.00  0.451494E+00 0.282106E+01 0.161107E+02 0.847507E+02
      726.00  0.618910E+00 0.384596E+01 0.218392E+02 0.114189E+03
      736.00  0.844228E+00 0.521701E+01 0.294556E+02 0.153079E+03
      746.00  0.114604E+01 0.704236E+01 0.395336E+02 0.204208E+03
      756.00  0.154846E+01 0.946132E+01 0.528067E+02 0.271114E+03
      766.00  0.208264E+01 0.126525E+02 0.702087E+02 0.358268E+03
      776.00  0.278861E+01 0.168439E+02 0.929234E+02 0.471294E+03
      786.00  0.371770E+01 0.223255E+02 0.122445E+03 0.617240E+03
      796.00  0.493534E+01 0.294648E+02 0.160654E+03 0.804903E+03
      806.00  0.652474E+01 0.387251E+02 0.209903E+03 0.104522E+04
      816.00  0.859124E+01 0.506890E+02 0.273130E+03 0.135172E+04
      826.00  0.112678E+02 0.660860E+02 0.353986E+03 0.174110E+04
      836.00  0.147214E+02 0.858267E+02 0.456995E+03 0.223390E+04
      846.00  0.191615E+02 0.111043E+03 0.587739E+03 0.285527E+04
      856.00  0.248497E+02 0.143139E+03 0.753087E+03 0.363588E+04
      866.00  0.321113E+02 0.183848E+03 0.961461E+03 0.461308E+04
      876.00  0.413501E+02 0.235303E+03 0.122315E+04 0.583212E+04
      886.00  0.530655E+02 0.300125E+03 0.155069E+04 0.734769E+04
      896.00  0.678732E+02 0.381518E+03 0.195929E+04 0.922565E+04
      906.00  0.865302E+02 0.483392E+03 0.246737E+04 0.115451E+05
      916.00  0.109964E+03 0.610501E+03 0.309718E+04 0.144008E+05
      926.00  0.139310E+03 0.768613E+03 0.387547E+04 0.179057E+05
      936.00  0.175950E+03 0.964702E+03 0.483435E+04 0.221945E+05
      946.00  0.221565E+03 0.120718E+04 0.601222E+04 0.274267E+05
      956.00  0.278191E+03 0.150615E+04 0.745494E+04 0.337914E+05
      966.00  0.348294E+03 0.187376E+04 0.921705E+04 0.415114E+05
      976.00  0.434845E+03 0.232451E+04 0.113633E+05 0.508493E+05
      986.00  0.541418E+03 0.287573E+04 0.139703E+05 0.621130E+05
      996.00  0.672306E+03 0.354802E+04 0.171286E+05 0.756635E+05
     1006.00  0.832647E+03 0.436589E+04 0.209449E+05 0.919219E+05
     1016.00  0.102858E+04 0.535831E+04 0.255443E+05 0.111379E+06
     1026.00  0.126741E+04 0.655957E+04 0.310737E+05 0.134605E+06
     1036.00  0.155785E+04 0.801007E+04 0.377047E+05 0.162261E+06
     1046.00  0.191021E+04 0.975732E+04 0.456378E+05 0.195111E+06
     1056.00  0.233671E+04 0.118571E+05 0.551060E+05 0.234038E+06
     1066.00  0.285178E+04 0.143748E+05 0.663801E+05 0.280057E+06
     1076.00  0.347244E+04 0.173867E+05 0.797740E+05 0.334333E+06
     1086.00  0.421871E+04 0.209819E+05 0.956506E+05 0.398204E+06
     1096.00  0.511411E+04 0.252640E+05 0.114429E+06 0.473197E+06
     1106.00  0.618617E+04 0.303534E+05 0.136591E+06 0.561056E+06
     1116.00  0.746712E+04 0.363895E+05 0.162690E+06 0.663767E+06
     1126.00  0.899458E+04 0.435337E+05 0.193363E+06 0.783583E+06
     1136.00  0.108124E+05 0.519723E+05 0.229337E+06 0.923063E+06
     1146.00  0.129715E+05 0.619200E+05 0.271442E+06 0.108510E+07
     1156.00  0.155312E+05 0.736239E+05 0.320627E+06 0.127297E+07
     1166.00  0.185602E+05 0.873674E+05 0.377970E+06 0.149035E+07
     1176.00  0.221377E+05 0.103476E+06 0.444696E+06 0.174138E+07
     1186.00  0.263557E+05 0.122320E+06 0.522193E+06 0.203073E+07
     1196.00  0.313198E+05 0.144326E+06 0.612035E+06 0.236361E+07
     1206.00  0.371520E+05 0.169977E+06 0.715997E+06 0.274585E+07
     1216.00  0.439925E+05 0.199825E+06 0.836082E+06 0.318397E+07
     1226.00  0.520019E+05 0.234495E+06 0.974548E+06 0.368523E+07
     1236.00  0.613648E+05 0.274698E+06 0.113393E+07 0.425772E+07
     1246.00  0.722922E+05 0.321239E+06 0.131708E+07 0.491042E+07
     1256.00  0.850252E+05 0.375028E+06 0.152717E+07 0.565328E+07
     1266.00  0.998391E+05 0.437092E+06 0.176779E+07 0.649732E+07
     1276.00  0.117047E+06 0.508589E+06 0.204291E+07 0.745470E+07
     1286.00  0.137007E+06 0.590823E+06 0.235697E+07 0.853886E+07
     1296.00  0.160123E+06 0.685258E+06 0.271492E+07 0.976458E+07
     1306.00  0.186857E+06 0.793539E+06 0.312224E+07 0.111481E+08
     1316.00  0.217730E+06 0.917508E+06 0.358505E+07 0.127073E+08
     1326.00  0.253333E+06 0.105923E+07 0.411010E+07 0.144617E+08
     1336.00  0.294334E+06 0.122100E+07 0.470487E+07 0.164328E+08
     1346.00  0.341488E+06 0.140539E+07 0.537762E+07 0.186438E+08
     1356.00  0.395644E+06 0.161526E+07 0.613746E+07 0.211202E+08
     1366.00  0.457763E+06 0.185380E+07 0.699443E+07 0.238899E+08
     1376.00  0.528921E+06 0.212454E+07 0.795958E+07 0.269828E+08
     1386.00  0.610332E+06 0.243140E+07 0.904503E+07 0.304318E+08
     1396.00  0.703357E+06 0.277874E+07 0.102641E+08 0.342723E+08
     1406.00  0.809524E+06 0.317135E+07 0.116314E+08 0.385427E+08
     1416.00  0.930545E+06 0.361457E+07 0.131628E+08 0.432845E+08
     1426.00  0.106834E+07 0.411424E+07 0.148758E+08 0.485423E+08
     1436.00  0.122504E+07 0.467683E+07 0.167893E+08 0.543643E+08
     1446.00  0.140305E+07 0.530945E+07 0.189242E+08 0.608024E+08
     1456.00  0.160504E+07 0.601991E+07 0.213029E+08 0.679121E+08
     1466.00  0.183399E+07 0.681677E+07 0.239499E+08 0.757530E+08
     1476.00  0.209323E+07 0.770946E+07 0.268918E+08 0.843890E+08
     1486.00  0.238647E+07 0.870824E+07 0.301575E+08 0.938884E+08
     1496.00  0.271781E+07 0.982438E+07 0.337781E+08 0.104324E+09
     1506.00  0.309186E+07 0.110701E+08 0.377874E+08 0.115774E+09
     1516.00  0.351370E+07 0.124589E+08 0.422219E+08 0.128320E+09
     1526.00  0.398900E+07 0.140053E+08 0.471208E+08 0.142051E+09
     1536.00  0.452405E+07 0.157251E+08 0.525266E+08 0.157060E+09
     1546.00  0.512584E+07 0.176356E+08 0.584848E+08 0.173445E+09
     1556.00  0.580210E+07 0.197553E+08 0.650444E+08 0.191312E+09
     1566.00  0.656144E+07 0.221045E+08 0.722581E+08 0.210770E+09
     1576.00  0.741340E+07 0.247050E+08 0.801822E+08 0.231936E+09
     1586.00  0.836855E+07 0.275803E+08 0.888773E+08 0.254934E+09
     1596.00  0.943864E+07 0.307557E+08 0.984082E+08 0.279892E+09
     1606.00  0.106367E+08 0.342586E+08 0.108844E+09 0.306945E+09
     1616.00  0.119772E+08 0.381181E+08 0.120258E+09 0.336237E+09
     1626.00  0.134761E+08 0.423655E+08 0.132730E+09 0.367916E+09
     1636.00  0.151514E+08 0.470342E+08 0.146344E+09 0.402138E+09
     1646.00  0.170228E+08 0.521600E+08 0.161189E+09 0.439066E+09
     1656.00  0.191125E+08 0.577806E+08 0.177360E+09 0.478868E+09
     1666.00  0.214453E+08 0.639360E+08 0.194958E+09 0.521723E+09
     1676.00  0.240486E+08 0.706688E+08 0.214092E+09 0.567814E+09
     1686.00  0.269534E+08 0.780233E+08 0.234876E+09 0.617331E+09
     1696.00  0.301944E+08 0.860459E+08 0.257431E+09 0.670475E+09
     1706.00  0.338109E+08 0.947852E+08 0.281886E+09 0.727449E+09
     1716.00  0.378473E+08 0.104291E+09 0.308380E+09 0.788469E+09
     1726.00  0.423539E+08 0.114613E+09 0.337057E+09 0.853753E+09
     1736.00  0.473885E+08 0.125804E+09 0.368073E+09 0.923533E+09
     1746.00  0.530178E+08 0.137914E+09 0.401594E+09 0.998045E+09
     1756.00  0.593188E+08 0.150993E+09 0.437797E+09 0.107754E+10
     1766.00  0.663824E+08 0.165084E+09 0.476873E+09 0.116226E+10
     1776.00  0.743157E+08 0.180229E+09 0.519026E+09 0.125250E+10
     1786.00  0.832478E+08 0.196456E+09 0.564480E+09 0.134853E+10
     1796.00  0.933358E+08 0.213782E+09 0.613479E+09 0.145065E+10
     1806.00  0.104775E+09 0.232200E+09 0.666293E+09 0.155918E+10
     1816.00  0.117811E+09 0.251675E+09 0.723228E+09 0.167448E+10
     1826.00  0.132766E+09 0.272121E+09 0.784634E+09 0.179695E+10
     1836.00  0.150067E+09 0.293386E+09 0.850924E+09 0.192704E+10
     1846.00  0.170301E+09 0.315210E+09 0.922604E+09 0.206529E+10
     1856.00  0.194313E+09 0.337169E+09 0.100032E+10 0.221240E+10
     1866.00  0.223366E+09 0.358577E+09 0.108492E+10 0.236926E+10
     1876.00  0.259460E+09 0.378310E+09 0.117766E+10 0.253719E+10
     1886.00  0.305990E+09 0.394479E+09 0.128042E+10 0.271817E+10
     1896.00  0.369235E+09 0.403769E+09 0.139641E+10 0.291559E+10
     1906.00  0.462275E+09 0.399976E+09 0.153173E+10 0.313590E+10
     1916.00  0.617362E+09 0.370410E+09 0.169994E+10 0.339337E+10
     1926.00  0.938761E+09 0.285990E+09 0.193956E+10 0.372814E+10
     1936.00  0.199759E+10 0.831178E+08 0.242227E+10 0.431463E+10
     1946.00  0.275500E+11 0.492067E+10 0.719437E+10 0.878752E+10
     1956.00  0.116718E+10 0.422832E+10 0.858456E+09 0.266469E+10
     1966.00  0.226979E+08 0.222397E+10 0.151279E+10 0.355748E+10
     1976.00  0.146328E+08 0.186851E+10 0.181548E+10 0.398589E+10
     1986.00  0.684461E+08 0.177346E+10 0.204018E+10 0.432030E+10
     1996.00  0.125734E+09 0.176925E+10 0.223924E+10 0.462447E+10
     2006.00  0.180822E+09 0.180987E+10 0.242969E+10 0.491837E+10
     2016.00  0.234156E+09 0.187797E+10 0.261881E+10 0.521019E+10
     2026.00  0.286869E+09 0.196576E+10 0.281026E+10 0.550385E+10
     2036.00  0.339983E+09 0.206935E+10 0.300615E+10 0.580143E+10
     2046.00  0.394327E+09 0.218668E+10 0.320778E+10 0.610404E+10
     2056.00  0.450577E+09 0.231671E+10 0.341603E+10 0.641228E+10
     2066.00  0.509297E+09 0.245892E+10 0.363148E+10 0.672643E+10
     2076.00  0.570979E+09 0.261314E+10 0.385459E+10 0.704655E+10
     2086.00  0.636066E+09 0.277943E+10 0.408567E+10 0.737254E+10
     2096.00  0.704968E+09 0.295800E+10 0.432494E+10 0.770420E+10
     2106.00  0.778078E+09 0.314916E+10 0.457257E+10 0.804119E+10
     2116.00  0.855777E+09 0.335334E+10 0.482865E+10 0.838312E+10
     2126.00  0.938441E+09 0.357099E+10 0.509320E+10 0.872949E+10
     2136.00  0.102645E+10 0.380265E+10 0.536620E+10 0.907974E+10
     2146.00  0.112017E+10 0.404890E+10 0.564758E+10 0.943323E+10
     2156.00  0.122001E+10 0.431035E+10 0.593720E+10 0.978924E+10
     2166.00  0.132635E+10 0.458768E+10 0.623487E+10 0.101470E+11
     2176.00  0.143960E+10 0.488158E+10 0.654033E+10 0.105056E+11
     2186.00  0.156016E+10 0.519279E+10 0.685327E+10 0.108642E+11
     2196.00  0.168847E+10 0.552207E+10 0.717329E+10 0.112218E+11
     2206.00  0.182496E+10 0.587025E+10 0.749992E+10 0.115772E+11
     2216.00  0.197007E+10 0.623815E+10 0.783262E+10 0.119294E+11
     2226.00  0.212425E+10 0.662665E+10 0.817076E+10 0.122770E+11
     2236.00  0.228799E+10 0.703666E+10 0.851362E+10 0.126189E+11
     2246.00  0.246175E+10 0.746913E+10 0.886035E+10 0.129535E+11
     2256.00  0.264601E+10 0.792503E+10 0.921005E+10 0.132795E+11
     2266.00  0.284128E+10 0.840537E+10 0.956166E+10 0.135954E+11
     2276.00  0.304803E+10 0.891121E+10 0.991402E+10 0.138994E+11
     2286.00  0.326679E+10 0.944364E+10 0.102658E+11 0.141899E+11
     2296.00  0.349803E+10 0.100038E+11 0.106156E+11 0.144652E+11
     2306.00  0.374227E+10 0.105927E+11 0.109619E+11 0.147234E+11
     2316.00  0.399997E+10 0.112118E+11 0.113028E+11 0.149625E+11
     2326.00  0.427162E+10 0.118621E+11 0.116364E+11 0.151805E+11
     2336.00  0.455767E+10 0.125449E+11 0.119606E+11 0.153755E+11
     2346.00  0.485853E+10 0.132615E+11 0.122731E+11 0.155451E+11
     2356.00  0.517458E+10 0.140131E+11 0.125714E+11 0.156872E+11
     2366.00  0.550616E+10 0.148012E+11 0.128526E+11 0.157994E+11
     2376.00  0.585352E+10 0.156269E+11 0.131139E+11 0.158795E+11
     2386.00  0.621685E+10 0.164916E+11 0.133518E+11 0.159248E+11
     2396.00  0.659622E+10 0.173965E+11 0.135629E+11 0.159330E+11
     2406.00  0.699156E+10 0.183428E+11 0.137433E+11 0.159015E+11
     2416.00  0.740265E+10 0.193317E+11 0.138889E+11 0.158277E+11
     2426.00  0.782906E+10 0.203640E+11 0.139952E+11 0.157089E+11
     2436.00  0.827009E+10 0.214405E+11 0.140575E+11 0.155425E+11
     2446.00  0.872475E+10 0.225617E+11 0.140706E+11 0.153258E+11
     2456.00  0.919165E+10 0.237276E+11 0.140292E+11 0.150562E+11
     2466.00  0.966896E+10 0.249378E+11 0.139276E+11 0.147312E+11
     2476.00  0.101543E+11 0.261913E+11 0.137600E+11 0.143484E+11
     2486.00  0.106444E+11 0.274859E+11 0.135202E+11 0.139056E+11
     2496.00  0.111356E+11 0.288186E+11 0.132024E+11 0.134008E+11
     2506.00  0.116227E+11 0.301846E+11 0.128006E+11 0.128327E+11
     2516.00  0.120998E+11 0.315774E+11 0.123093E+11 0.122003E+11
     2526.00  0.125593E+11 0.329878E+11 0.117241E+11 0.115036E+11
     2536.00  0.129920E+11 0.344039E+11 0.110415E+11 0.107435E+11
     2546.00  0.133870E+11 0.358096E+11 0.102601E+11 0.992260E+10
     2556.00  0.137312E+11 0.371846E+11 0.938138E+10 0.904506E+10
     2566.00  0.140094E+11 0.385027E+11 0.841048E+10 0.811753E+10
     2576.00  0.142043E+11 0.397317E+11 0.735782E+10 0.714954E+10
     2586.00  0.142963E+11 0.408322E+11 0.624044E+10 0.615411E+10
     2596.00  0.142646E+11 0.417574E+11 0.508362E+10 0.514835E+10
     2606.00  0.140880E+11 0.424534E+11 0.392243E+10 0.415383E+10
     2616.00  0.137460E+11 0.428607E+11 0.280288E+10 0.319674E+10
     2626.00  0.132218E+11 0.429167E+11 0.178222E+10 0.230743E+10
     2636.00  0.125047E+11 0.425606E+11 0.927831E+09 0.151922E+10
     2646.00  0.115934E+11 0.417397E+11 0.314074E+09 0.866276E+09
     2656.00  0.104995E+11 0.404175E+11 0.167870E+08 0.380368E+09
     2666.00  0.924960E+10 0.385821E+11 0.105421E+09 0.869354E+08
     2676.00  0.788633E+10 0.362533E+11 0.633725E+09 0.880596E+06
     2686.00  0.646632E+10 0.334863E+11 0.163063E+10 0.123081E+09
     2696.00  0.505578E+10 0.303701E+11 0.309350E+10 0.438588E+09
     2706.00  0.372394E+10 0.270200E+11 0.498581E+10 0.917255E+09
     2716.00  0.253537E+10 0.235658E+11 0.724019E+10 0.151691E+10
     2726.00  0.154332E+10 0.201376E+11 0.976637E+10 0.218844E+10
     2736.00  0.785045E+09 0.168518E+11 0.124621E+11 0.288163E+10
     2746.00  0.280086E+09 0.138020E+11 0.152247E+11 0.355046E+10
     2756.00  0.313045E+08 0.110535E+11 0.179602E+11 0.415694E+10
     2766.00  0.278268E+08 0.864364E+10 0.205899E+11 0.467312E+10
     2776.00  0.248942E+09 0.658466E+10 0.230536E+11 0.508131E+10
     2786.00  0.668030E+09 0.486913E+10 0.253090E+11 0.537318E+10
     2796.00  0.125592E+10 0.347569E+10 0.273304E+11 0.554804E+10
     2806.00  0.198343E+10 0.237434E+10 0.291054E+11 0.561097E+10
     2816.00  0.282303E+10 0.153075E+10 0.306318E+11 0.557105E+10
     2826.00  0.374980E+10 0.909481E+09 0.319152E+11 0.543981E+10
     2836.00  0.474186E+10 0.476178E+09 0.329656E+11 0.523011E+10
     2846.00  0.578038E+10 0.198877E+09 0.337965E+11 0.495521E+10
     2856.00  0.684939E+10 0.487155E+08 0.344226E+11 0.462820E+10
     2866.00  0.793551E+10 0.183805E+06 0.348594E+11 0.426167E+10
     2876.00  0.902758E+10 0.311034E+08 0.351220E+11 0.386739E+10
     2886.00  0.101163E+11 0.122434E+09 0.352254E+11 0.345631E+10
     2896.00  0.111940E+11 0.257996E+09 0.351834E+11 0.303841E+10
     2906.00  0.122541E+11 0.424158E+09 0.350091E+11 0.262279E+10
     2916.00  0.132914E+11 0.609524E+09 0.347149E+11 0.221764E+10
     2926.00  0.143011E+11 0.804640E+09 0.343120E+11 0.183032E+10
     2936.00  0.152795E+11 0.100173E+10 0.338109E+11 0.146739E+10
     2946.00  0.162232E+11 0.119444E+10 0.332215E+11 0.113466E+10
     2956.00  0.171294E+11 0.137768E+10 0.325527E+11 0.837247E+09
     2966.00  0.179954E+11 0.154740E+10 0.318132E+11 0.579605E+09
     2976.00  0.188191E+11 0.170045E+10 0.310108E+11 0.365562E+09
     2986.00  0.195986E+11 0.183447E+10 0.301530E+11 0.198358E+09
     2996.00  0.203321E+11 0.194779E+10 0.292468E+11 0.806684E+08
     3006.00  0.210180E+11 0.203929E+10 0.282989E+11 0.146345E+08
     3016.00  0.216551E+11 0.210838E+10 0.273157E+11 0.188198E+07
     3026.00  0.222421E+11 0.215490E+10 0.263031E+11 0.435432E+08
     3036.00  0.227780E+11 0.217906E+10 0.252667E+11 0.140276E+09
     3046.00  0.232619E+11 0.218144E+10 0.242122E+11 0.292284E+09
     3056.00  0.236931E+11 0.216286E+10 0.231446E+11 0.499331E+09
     3066.00  0.240711E+11 0.212444E+10 0.220689E+11 0.760763E+09
     3076.00  0.243954E+11 0.206750E+10 0.209898E+11 0.107553E+10
     3086.00  0.246658E+11 0.199354E+10 0.199118E+11 0.144219E+10
     3096.00  0.248820E+11 0.190425E+10 0.188391E+11 0.185894E+10
     3106.00  0.250443E+11 0.180144E+10 0.177758E+11 0.232367E+10
     3116.00  0.251528E+11 0.168704E+10 0.167255E+11 0.283391E+10
     3126.00  0.252078E+11 0.156306E+10 0.156918E+11 0.338692E+10
     3136.00  0.252099E+11 0.143161E+10 0.146780E+11 0.397969E+10
     3146.00  0.251598E+11 0.129483E+10 0.136872E+11 0.460896E+10
     3156.00  0.250582E+11 0.115490E+10 0.127221E+11 0.527127E+10
     3166.00  0.249063E+11 0.101402E+10 0.117853E+11 0.596296E+10
     3176.00  0.247052E+11 0.874399E+09 0.108791E+11 0.668021E+10
     3186.00  0.244561E+11 0.738208E+09 0.100055E+11 0.741906E+10
     3196.00  0.241605E+11 0.607602E+09 0.916629E+10 0.817548E+10
     3206.00  0.238202E+11 0.484687E+09 0.836306E+10 0.894532E+10
     3216.00  0.234367E+11 0.371509E+09 0.759705E+10 0.972443E+10
     3226.00  0.230119E+11 0.270042E+09 0.686933E+10 0.105086E+11
     3236.00  0.225480E+11 0.182173E+09 0.618067E+10 0.112937E+11
     3246.00  0.220469E+11 0.109695E+09 0.553163E+10 0.120755E+11
     3256.00  0.215109E+11 0.542939E+08 0.492253E+10 0.128501E+11
     3266.00  0.209424E+11 0.175407E+08 0.435348E+10 0.136134E+11
     3276.00  0.203437E+11 0.881584E+06 0.382435E+10 0.143615E+11
     3286.00  0.197175E+11 0.563153E+07 0.333480E+10 0.150908E+11
     3296.00  0.190661E+11 0.329677E+08 0.288433E+10 0.157976E+11
     3306.00  0.183923E+11 0.839241E+08 0.247222E+10 0.164787E+11
     3316.00  0.176988E+11 0.159387E+09 0.209759E+10 0.171307E+11
     3326.00  0.169882E+11 0.260092E+09 0.175940E+10 0.177507E+11
     3336.00  0.162633E+11 0.386622E+09 0.145645E+10 0.183361E+11
     3346.00  0.155269E+11 0.539404E+09 0.118744E+10 0.188841E+11
     3356.00  0.147818E+11 0.718711E+09 0.950914E+09 0.193927E+11
     3366.00  0.140307E+11 0.924662E+09 0.745335E+09 0.198597E+11
     3376.00  0.132764E+11 0.115722E+10 0.569068E+09 0.202834E+11
     3386.00  0.125216E+11 0.141621E+10 0.420405E+09 0.206624E+11
     3396.00  0.117690E+11 0.170128E+10 0.297577E+09 0.209954E+11
     3406.00  0.110213E+11 0.201198E+10 0.198769E+09 0.212814E+11
     3416.00  0.102811E+11 0.234767E+10 0.122134E+09 0.215198E+11
     3426.00  0.955093E+10 0.270762E+10 0.658057E+08 0.217101E+11
     3436.00  0.883323E+10 0.309095E+10 0.279134E+08 0.218522E+11
     3446.00  0.813044E+10 0.349666E+10 0.659323E+07 0.219461E+11
     3456.00  0.744488E+10 0.392364E+10 0.104351E+04 0.219922E+11
     3466.00  0.677878E+10 0.437068E+10 0.632340E+07 0.219909E+11
     3476.00  0.613428E+10 0.483645E+10 0.237885E+08 0.219432E+11
     3486.00  0.551342E+10 0.531955E+10 0.506761E+08 0.218499E+11
     3496.00  0.491813E+10 0.581849E+10 0.853269E+08 0.217122E+11
     3506.00  0.435023E+10 0.633170E+10 0.126151E+09 0.215316E+11
     3516.00  0.381145E+10 0.685756E+10 0.171634E+09 0.213094E+11
     3526.00  0.330338E+10 0.739438E+10 0.220347E+09 0.210475E+11
     3536.00  0.282749E+10 0.794043E+10 0.270949E+09 0.207477E+11
     3546.00  0.238515E+10 0.849392E+10 0.322194E+09 0.204119E+11
     3556.00  0.197760E+10 0.905307E+10 0.372935E+09 0.200421E+11
     3566.00  0.160595E+10 0.961604E+10 0.422127E+09 0.196407E+11
     3576.00  0.127119E+10 0.101810E+11 0.468829E+09 0.192097E+11
     3586.00  0.974202E+09 0.107461E+11 0.512208E+09 0.187516E+11
     3596.00  0.715720E+09 0.113095E+11 0.551537E+09 0.182687E+11
     3606.00  0.496370E+09 0.118694E+11 0.586197E+09 0.177634E+11
     3616.00  0.316656E+09 0.124240E+11 0.615678E+09 0.172381E+11
     3626.00  0.176958E+09 0.129714E+11 0.639574E+09 0.166953E+11
     3636.00  0.775422E+08 0.135101E+11 0.657586E+09 0.161374E+11
     3646.00  0.185563E+08 0.140381E+11 0.669517E+09 0.155668E+11
     3656.00  0.355922E+05 0.145539E+11 0.675268E+09 0.149860E+11
     3666.00  0.219047E+08 0.150559E+11 0.674837E+09 0.143971E+11
     3676.00  0.839806E+08 0.155425E+11 0.668316E+09 0.138027E+11
     3686.00  0.185976E+09 0.160122E+11 0.655884E+09 0.132048E+11
     3696.00  0.327502E+09 0.164636E+11 0.637803E+09 0.126057E+11
     3706.00  0.508073E+09 0.168953E+11 0.614417E+09 0.120074E+11
     3716.00  0.727110E+09 0.173061E+11 0.586140E+09 0.114120E+11
     3726.00  0.983944E+09 0.176948E+11 0.553456E+09 0.108214E+11
     3736.00  0.127782E+10 0.180603E+11 0.516912E+09 0.102373E+11
     3746.00  0.160790E+10 0.184015E+11 0.477111E+09 0.966146E+10
     3756.00  0.197328E+10 0.187175E+11 0.434708E+09 0.909554E+10
     3766.00  0.237296E+10 0.190075E+11 0.390402E+09 0.854101E+10
     3776.00  0.280590E+10 0.192706E+11 0.344931E+09 0.799923E+10
     3786.00  0.327097E+10 0.195063E+11 0.299065E+09 0.747147E+10
     3796.00  0.376699E+10 0.197139E+11 0.253604E+09 0.695888E+10
     3806.00  0.429274E+10 0.198930E+11 0.209365E+09 0.646248E+10
     3816.00  0.484693E+10 0.200432E+11 0.167182E+09 0.598318E+10
     3826.00  0.542823E+10 0.201641E+11 0.127898E+09 0.552177E+10
     3836.00  0.603526E+10 0.202556E+11 0.923578E+08 0.507893E+10
     3846.00  0.666662E+10 0.203176E+11 0.614068E+08 0.465522E+10
     3856.00  0.732086E+10 0.203501E+11 0.358809E+08 0.425108E+10
     3866.00  0.799651E+10 0.203531E+11 0.166043E+08 0.386687E+10
     3876.00  0.869208E+10 0.203267E+11 0.438341E+07 0.350280E+10
     3886.00  0.940604E+10 0.202713E+11 0.246504E+04 0.315901E+10
     3896.00  0.101369E+11 0.201872E+11 0.421913E+07 0.283553E+10
     3906.00  0.108830E+11 0.200747E+11 0.177602E+08 0.253230E+10
     3916.00  0.116429E+11 0.199343E+11 0.413178E+08 0.224917E+10
     3926.00  0.124150E+11 0.197667E+11 0.755454E+08 0.198589E+10
     3936.00  0.131978E+11 0.195725E+11 0.121055E+09 0.174215E+10
     3946.00  0.139896E+11 0.193523E+11 0.178414E+09 0.151755E+10
     3956.00  0.147889E+11 0.191069E+11 0.248141E+09 0.131163E+10
     3966.00  0.155943E+11 0.188372E+11 0.330706E+09 0.112388E+10
     3976.00  0.164040E+11 0.185441E+11 0.426525E+09 0.953692E+09
     3986.00  0.172167E+11 0.182285E+11 0.535963E+09 0.800447E+09
     3996.00  0.180308E+11 0.178914E+11 0.659325E+09 0.663457E+09
     4006.00  0.188449E+11 0.175339E+11 0.796862E+09 0.542001E+09
     4016.00  0.196574E+11 0.171571E+11 0.948766E+09 0.435319E+09
     4026.00  0.204671E+11 0.167622E+11 0.111517E+10 0.342625E+09
     4036.00  0.212723E+11 0.163502E+11 0.129615E+10 0.263106E+09
     4046.00  0.220719E+11 0.159224E+11 0.149172E+10 0.195933E+09
     4056.00  0.228644E+11 0.154802E+11 0.170183E+10 0.140263E+09
     4066.00  0.236485E+11 0.150246E+11 0.192638E+10 0.952447E+08
     4076.00  0.244230E+11 0.145571E+11 0.216521E+10 0.600244E+08
     4086.00  0.251866E+11 0.140789E+11 0.241811E+10 0.337500E+08
     4096.00  0.259382E+11 0.135913E+11 0.268478E+10 0.155758E+08
     4106.00  0.266766E+11 0.130958E+11 0.296491E+10 0.466717E+07
     4116.00  0.274006E+11 0.125935E+11 0.325811E+10 0.204268E+06
     4126.00  0.281093E+11 0.120860E+11 0.356393E+10 0.138634E+07
     4136.00  0.288016E+11 0.115745E+11 0.388190E+10 0.743522E+07
     4146.00  0.294765E+11 0.110603E+11 0.421148E+10 0.175988E+08
     4156.00  0.301330E+11 0.105448E+11 0.455209E+10 0.311542E+08
     4166.00  0.307704E+11 0.100294E+11 0.490309E+10 0.474106E+08
     4176.00  0.313878E+11 0.951527E+10 0.526384E+10 0.657120E+08
     4186.00  0.319844E+11 0.900380E+10 0.563361E+10 0.854394E+08
     4196.00  0.325594E+11 0.849625E+10 0.601168E+10 0.106013E+09
     4206.00  0.331122E+11 0.799385E+10 0.639726E+10 0.126894E+09
     4216.00  0.336421E+11 0.749786E+10 0.678955E+10 0.147587E+09
     4226.00  0.341485E+11 0.700946E+10 0.718771E+10 0.167638E+09
     4236.00  0.346309E+11 0.652984E+10 0.759090E+10 0.186641E+09
     4246.00  0.350888E+11 0.606014E+10 0.799823E+10 0.204233E+09
     4256.00  0.355218E+11 0.560146E+10 0.840880E+10 0.220099E+09
     4266.00  0.359294E+11 0.515487E+10 0.882170E+10 0.233969E+09
     4276.00  0.363112E+11 0.472141E+10 0.923601E+10 0.245620E+09
     4286.00  0.366671E+11 0.430206E+10 0.965079E+10 0.254875E+09
     4296.00  0.369967E+11 0.389780E+10 0.100651E+11 0.261603E+09
     4306.00  0.372998E+11 0.350951E+10 0.104780E+11 0.265718E+09
     4316.00  0.375763E+11 0.313806E+10 0.108885E+11 0.267178E+09
     4326.00  0.378260E+11 0.278428E+10 0.112958E+11 0.265985E+09
     4336.00  0.380489E+11 0.244892E+10 0.116988E+11 0.262182E+09
     4346.00  0.382449E+11 0.213272E+10 0.120966E+11 0.255854E+09
     4356.00  0.384141E+11 0.183635E+10 0.124884E+11 0.247123E+09
     4366.00  0.385564E+11 0.156043E+10 0.128732E+11 0.236151E+09
     4376.00  0.386720E+11 0.130554E+10 0.132501E+11 0.223133E+09
     4386.00  0.387611E+11 0.107220E+10 0.136182E+11 0.208301E+09
     4396.00  0.388236E+11 0.860885E+09 0.139768E+11 0.191914E+09
     4406.00  0.388600E+11 0.672013E+09 0.143249E+11 0.174266E+09
     4416.00  0.388704E+11 0.505958E+09 0.146619E+11 0.155673E+09
     4426.00  0.388550E+11 0.363038E+09 0.149869E+11 0.136480E+09
     4436.00  0.388143E+11 0.243523E+09 0.152991E+11 0.117052E+09
     4446.00  0.387485E+11 0.147630E+09 0.155980E+11 0.977751E+08
     4456.00  0.386580E+11 0.755274E+08 0.158827E+11 0.790536E+08
     4466.00  0.385431E+11 0.273319E+08 0.161527E+11 0.613063E+08
     4476.00  0.384044E+11 0.311210E+07 0.164074E+11 0.449650E+08
     4486.00  0.382423E+11 0.288747E+07 0.166461E+11 0.304718E+08
     4511.00  0.377376E+11 0.107003E+09 0.171702E+11 0.528817E+07
     4536.00  0.370977E+11 0.359070E+09 0.175846E+11 0.160294E+07
     4561.00  0.363312E+11 0.755634E+09 0.178839E+11 0.265090E+08
     4586.00  0.354479E+11 0.129161E+10 0.180646E+11 0.868451E+08
     4611.00  0.344577E+11 0.196040E+10 0.181247E+11 0.188987E+09
     4636.00  0.333712E+11 0.275407E+10 0.180639E+11 0.338659E+09
     4661.00  0.321992E+11 0.366344E+10 0.178838E+11 0.540768E+09
     4686.00  0.309527E+11 0.467828E+10 0.175876E+11 0.799266E+09
     4711.00  0.296426E+11 0.578748E+10 0.171800E+11 0.111704E+10
     4736.00  0.282801E+11 0.697916E+10 0.166671E+11 0.149581E+10
     4761.00  0.268760E+11 0.824091E+10 0.160566E+11 0.193612E+10
     4786.00  0.254410E+11 0.955988E+10 0.153572E+11 0.243726E+10
     4811.00  0.239856E+11 0.109230E+11 0.145787E+11 0.299730E+10
     4836.00  0.225196E+11 0.123170E+11 0.137318E+11 0.361311E+10
     4861.00  0.210526E+11 0.137289E+11 0.128280E+11 0.428042E+10
     4886.00  0.195939E+11 0.151456E+11 0.118792E+11 0.499387E+10
     4911.00  0.181518E+11 0.165544E+11 0.108977E+11 0.574714E+10
     4936.00  0.167344E+11 0.179432E+11 0.989631E+10 0.653306E+10
     4961.00  0.153490E+11 0.193002E+11 0.888755E+10 0.734368E+10
     4986.00  0.140025E+11 0.206144E+11 0.788397E+10 0.817049E+10
     5011.00  0.127008E+11 0.218755E+11 0.689785E+10 0.900449E+10
     5036.00  0.114493E+11 0.230737E+11 0.594105E+10 0.983641E+10
     5061.00  0.102530E+11 0.242004E+11 0.502490E+10 0.106568E+11
     5086.00  0.911584E+10 0.252478E+11 0.416006E+10 0.114562E+11
     5111.00  0.804133E+10 0.262089E+11 0.335642E+10 0.122254E+11
     5136.00  0.703228E+10 0.270778E+11 0.262301E+10 0.129552E+11
     5161.00  0.609091E+10 0.278494E+11 0.196792E+10 0.136372E+11
     5186.00  0.521880E+10 0.285198E+11 0.139821E+10 0.142634E+11
     5211.00  0.441700E+10 0.290858E+11 0.919914E+09 0.148262E+11
     5236.00  0.368597E+10 0.295454E+11 0.537939E+09 0.153192E+11
     5261.00  0.302568E+10 0.298973E+11 0.256091E+09 0.157366E+11
     5286.00  0.243561E+10 0.301412E+11 0.770464E+08 0.160735E+11
     5311.00  0.191479E+10 0.302778E+11 0.236226E+07 0.163262E+11
     5336.00  0.146182E+10 0.303083E+11 0.324937E+08 0.164917E+11
     5361.00  0.107495E+10 0.302348E+11 0.166823E+09 0.165683E+11
     5386.00  0.752066E+09 0.300603E+11 0.403698E+09 0.165553E+11
     5411.00  0.490758E+09 0.297882E+11 0.740484E+09 0.164530E+11
     5436.00  0.288348E+09 0.294225E+11 0.117362E+10 0.162627E+11
     5461.00  0.141927E+09 0.289680E+11 0.169868E+10 0.159869E+11
     5511.00  0.447487E+07 0.278131E+11 0.300304E+10 0.151928E+11
     5561.00  0.518340E+08 0.263687E+11 0.460383E+10 0.141079E+11
     5611.00  0.255907E+09 0.246846E+11 0.644260E+10 0.127814E+11
     5661.00  0.588020E+09 0.228133E+11 0.845493E+10 0.112723E+11
     5711.00  0.101976E+10 0.208079E+11 0.105732E+11 0.964606E+10
     5761.00  0.152373E+10 0.187207E+11 0.127291E+11 0.797142E+10
     5811.00  0.207409E+10 0.166017E+11 0.148565E+11 0.631757E+10
     5861.00  0.264708E+10 0.144974E+11 0.168929E+11 0.475107E+10
     5911.00  0.322137E+10 0.124497E+11 0.187818E+11 0.333325E+10
     5961.00  0.377828E+10 0.104955E+11 0.204742E+11 0.211799E+10
     6011.00  0.430193E+10 0.866593E+10 0.219291E+11 0.114993E+10
     6061.00  0.477930E+10 0.698614E+10 0.231148E+11 0.463168E+09
     6111.00  0.520015E+10 0.547533E+10 0.240091E+11 0.805003E+08
     6161.00  0.555698E+10 0.414679E+10 0.245989E+11 0.131161E+08
     6211.00  0.584480E+10 0.300817E+10 0.248805E+11 0.260793E+09
     6261.00  0.606098E+10 0.206190E+10 0.248585E+11 0.812500E+09
     6311.00  0.620498E+10 0.130570E+10 0.245450E+11 0.164736E+10
     6361.00  0.627811E+10 0.733081E+09 0.239592E+11 0.273591E+10
     6411.00  0.628326E+10 0.334036E+09 0.231257E+11 0.404157E+10
     6461.00  0.622460E+10 0.956213E+08 0.220737E+11 0.552225E+10
     6511.00  0.610739E+10 0.261580E+07 0.208357E+11 0.713207E+10
     6561.00  0.593764E+10 0.381401E+08 0.194466E+11 0.882304E+10
     6611.00  0.572189E+10 0.184249E+09 0.179422E+11 0.105467E+11
     6661.00  0.546704E+10 0.422481E+09 0.163582E+11 0.122556E+11
     6711.00  0.518009E+10 0.734356E+09 0.147298E+11 0.139048E+11
     6761.00  0.486800E+10 0.110181E+10 0.130901E+11 0.154529E+11
     6811.00  0.453751E+10 0.150759E+10 0.114702E+11 0.168633E+11
     6861.00  0.419504E+10 0.193552E+10 0.989798E+10 0.181045E+11
     6911.00  0.384659E+10 0.237081E+10 0.839803E+10 0.191513E+11
     6961.00  0.349765E+10 0.280018E+10 0.699133E+10 0.199843E+11
     7011.00  0.315316E+10 0.321202E+10 0.569501E+10 0.205909E+11
     7061.00  0.281744E+10 0.359647E+10 0.452234E+10 0.209644E+11
     7111.00  0.249421E+10 0.394540E+10 0.348276E+10 0.211043E+11
     7161.00  0.218658E+10 0.425241E+10 0.258205E+10 0.210157E+11
     7211.00  0.189703E+10 0.451280E+10 0.182254E+10 0.207087E+11
     7261.00  0.162749E+10 0.472343E+10 0.120337E+10 0.201979E+11
     7311.00  0.137931E+10 0.488260E+10 0.720844E+09 0.195015E+11
     7361.00  0.115336E+10 0.498998E+10 0.368810E+09 0.186410E+11
     7411.00  0.950017E+09 0.504639E+10 0.139008E+09 0.176398E+11
     7511.00  0.610715E+09 0.501459E+10 0.498846E+07 0.153167E+11
     7611.00  0.357165E+09 0.481142E+10 0.225748E+09 0.127386E+11
     7711.00  0.180936E+09 0.446996E+10 0.698968E+09 0.101044E+11
     7811.00  0.709518E+08 0.402760E+10 0.132315E+10 0.758930E+10
     7911.00  0.148412E+08 0.352218E+10 0.200555E+10 0.533361E+10
     8011.00  0.566257E+05 0.298905E+10 0.266775E+10 0.343663E+10
     8111.00  0.147233E+08 0.245894E+10 0.324885E+10 0.195537E+10
     8211.00  0.482342E+08 0.195677E+10 0.370661E+10 0.907077E+09
     8311.00  0.916104E+08 0.150103E+10 0.401682E+10 0.274759E+09
     8411.00  0.137662E+09 0.110393E+10 0.417139E+10 0.145409E+08
     8511.00  0.180991E+09 0.771873E+09 0.417564E+10 0.638545E+08
     8611.00  0.217872E+09 0.506265E+09 0.404513E+10 0.349581E+09
     8711.00  0.246059E+09 0.304521E+09 0.380235E+10 0.795472E+09
     8811.00  0.264543E+09 0.161072E+09 0.347374E+10 0.132837E+10
     8911.00  0.273292E+09 0.683633E+08 0.308691E+10 0.188299E+10
     9011.00  0.272999E+09 0.177603E+08 0.266850E+10 0.240511E+10
     9111.00  0.264844E+09 0.304663E+06 0.224251E+10 0.285337E+10
     9211.00  0.250290E+09 0.732426E+07 0.182927E+10 0.319966E+10
     9311.00  0.230916E+09 0.308791E+08 0.144474E+10 0.342855E+10
     9411.00  0.208282E+09 0.640579E+08 0.110043E+10 0.353584E+10
     9511.00  0.183832E+09 0.101140E+09 0.803547E+09 0.352666E+10
     9611.00  0.158832E+09 0.137648E+09 0.557383E+09 0.341325E+10
     9711.00  0.134332E+09 0.170306E+09 0.361950E+09 0.321276E+10
     9811.00  0.111152E+09 0.196942E+09 0.214630E+09 0.294510E+10
     9911.00  0.898865E+08 0.216346E+09 0.110876E+09 0.263108E+10
    10011.00  0.709234E+08 0.228101E+09 0.448709E+08 0.229091E+10
    10111.00  0.544659E+08 0.232411E+09 0.101292E+08 0.194298E+10
    10211.00  0.405640E+08 0.229936E+09 0.287603E+00 0.160304E+10
    10311.00  0.291461E+08 0.221635E+09 0.807204E+07 0.128379E+10
    10411.00  0.200496E+08 0.208640E+09 0.284741E+08 0.994646E+09
    10511.00  0.130492E+08 0.192139E+09 0.560762E+08 0.741820E+09
    10611.00  0.788256E+07 0.173293E+09 0.866031E+08 0.528601E+09
    10711.00  0.427063E+07 0.153175E+09 0.116672E+09 0.355714E+09
    10811.00  0.193518E+07 0.132722E+09 0.143774E+09 0.221789E+09
    10911.00  0.611360E+06 0.112717E+09 0.166203E+09 0.123845E+09
    11011.00  0.568890E+05 0.937729E+08 0.182968E+09 0.577760E+08
    11111.00  0.577576E+05 0.763431E+08 0.193671E+09 0.187930E+08
    11211.00  0.431209E+06 0.607263E+08 0.198394E+09 0.181924E+07
    11311.00  0.102645E+07 0.470866E+08 0.197577E+09 0.181236E+07
    11411.00  0.172360E+07 0.354734E+08 0.191910E+09 0.140193E+08
    11511.00  0.243146E+07 0.258432E+08 0.182230E+09 0.341595E+08
    11611.00  0.308439E+07 0.180819E+08 0.169446E+09 0.585433E+08
    11711.00  0.363879E+07 0.120252E+08 0.154464E+09 0.841324E+08
    11811.00  0.406935E+07 0.747668E+07 0.138140E+09 0.108552E+09
    11911.00  0.436547E+07 0.422397E+07 0.121245E+09 0.130066E+09
    12011.00  0.452779E+07 0.205153E+07 0.104438E+09 0.147521E+09
    12111.00  0.456515E+07 0.750898E+06 0.882557E+08 0.160276E+09
    12211.00  0.449186E+07 0.128123E+06 0.731136E+08 0.168118E+09
    12311.00  0.432551E+07 0.887785E+04 0.593067E+08 0.171173E+09
    12411.00  0.408514E+07 0.241423E+06 0.470214E+08 0.169825E+09
    12511.00  0.378978E+07 0.697852E+06 0.363487E+08 0.164633E+09
    12611.00  0.345750E+07 0.127395E+07 0.272995E+08 0.156264E+09
    12711.00  0.310460E+07 0.188798E+07 0.198206E+08 0.145431E+09
    12811.00  0.274523E+07 0.247877E+07 0.138102E+08 0.132846E+09
    12911.00  0.239118E+07 0.300333E+07 0.913249E+07 0.119179E+09
    13011.00  0.205178E+07 0.343416E+07 0.563055E+07 0.105037E+09
    13111.00  0.173406E+07 0.375657E+07 0.313745E+07 0.909442E+08
    13211.00  0.144289E+07 0.396610E+07 0.148537E+07 0.773300E+08
    13311.00  0.118127E+07 0.406603E+07 0.512657E+06 0.645311E+08
    13411.00  0.950557E+06 0.406523E+07 0.691752E+05 0.527925E+08
    13511.00  0.750795E+06 0.397625E+07 0.198371E+05 0.422741E+08
    13611.00  0.580977E+06 0.381375E+07 0.246745E+06 0.330611E+08
    13711.00  0.439316E+06 0.359320E+07 0.650083E+06 0.251744E+08
    13811.00  0.323480E+06 0.332989E+07 0.114802E+07 0.185831E+08
    13911.00  0.230799E+06 0.303823E+07 0.167586E+07 0.132158E+08
    14011.00  0.158443E+06 0.273118E+07 0.218467E+07 0.897156E+07
    14111.00  0.103552E+06 0.241997E+07 0.263955E+07 0.573034E+07
    14211.00  0.633592E+05 0.211400E+07 0.301767E+07 0.336150E+07
    14311.00  0.352589E+05 0.182073E+07 0.330631E+07 0.173121E+07
    14411.00  0.168704E+05 0.154580E+07 0.350089E+07 0.708400E+06
    14511.00  0.606832E+04 0.129318E+07 0.360317E+07 0.169289E+06
    14611.00  0.999507E+03 0.106534E+07 0.361952E+07 0.615823E+03
    14711.00  0.847192E+02 0.863452E+06 0.355952E+07 0.101757E+06
    14811.00  0.200940E+04 0.687641E+06 0.343470E+07 0.385840E+06
    14911.00  0.570661E+04 0.537170E+06 0.325745E+07 0.780050E+06
    15011.00  0.103346E+05 0.410659E+06 0.304032E+07 0.122530E+07
    15111.00  0.152513E+05 0.306271E+06 0.279527E+07 0.167540E+07
    15211.00  0.199873E+05 0.221869E+06 0.253333E+07 0.209590E+07
    15311.00  0.242189E+05 0.155159E+06 0.226423E+07 0.246272E+07
    15411.00  0.277428E+05 0.103804E+06 0.199631E+07 0.276065E+07
    15511.00  0.304513E+05 0.655106E+05 0.173636E+07 0.298188E+07
    15611.00  0.323119E+05 0.381013E+05 0.148973E+07 0.312449E+07
    15711.00  0.333471E+05 0.195613E+05 0.126038E+07 0.319115E+07
    15811.00  0.336189E+05 0.807089E+04 0.105097E+07 0.318784E+07
    15911.00  0.332151E+05 0.202230E+04 0.863080E+06 0.312280E+07
    16011.00  0.322378E+05 0.256801E+02 0.697298E+06 0.300563E+07
    16111.00  0.307952E+05 0.905285E+03 0.553446E+06 0.284647E+07
    16211.00  0.289945E+05 0.368903E+04 0.430719E+06 0.265549E+07
    16311.00  0.269373E+05 0.759307E+04 0.327842E+06 0.244236E+07
    16411.00  0.247162E+05 0.120032E+05 0.243207E+06 0.221595E+07
    16511.00  0.224126E+05 0.164548E+05 0.175001E+06 0.198412E+07
    16611.00  0.200962E+05 0.206116E+05 0.121302E+06 0.175359E+07
    16711.00  0.178240E+05 0.242460E+05 0.801708E+05 0.152988E+07
    16811.00  0.156413E+05 0.272188E+05 0.497144E+05 0.131736E+07
    16911.00  0.135821E+05 0.294624E+05 0.281405E+05 0.111927E+07
    17011.00  0.116707E+05 0.309638E+05 0.137927E+05 0.937847E+06
    17111.00  0.992232E+04 0.317512E+05 0.517579E+04 0.774438E+06
    17211.00  0.834477E+04 0.318819E+05 0.968330E+03 0.629604E+06
    17311.00  0.693970E+04 0.314318E+05 0.270327E+02 0.503265E+06
    17411.00  0.570378E+04 0.304877E+05 0.138393E+04 0.394829E+06
    17511.00  0.462992E+04 0.291406E+05 0.423806E+04 0.303310E+06
    17611.00  0.370820E+04 0.274803E+05 0.794325E+04 0.227433E+06
    17711.00  0.292683E+04 0.255924E+05 0.119933E+05 0.165740E+06
    17811.00  0.227292E+04 0.235553E+05 0.160057E+05 0.116667E+06
    17911.00  0.173305E+04 0.214386E+05 0.197049E+05 0.786171E+05
    18011.00  0.129378E+04 0.193025E+05 0.229057E+05 0.500180E+05
    18111.00  0.942096E+03 0.171971E+05 0.254970E+05 0.293648E+05
    18211.00  0.665628E+03 0.151631E+05 0.274276E+05 0.152526E+05
    18311.00  0.452889E+03 0.132320E+05 0.286925E+05 0.639959E+04
    18411.00  0.293390E+03 0.114269E+05 0.293212E+05 0.166026E+04
    18511.00  0.177707E+03 0.976351E+04 0.293675E+05 0.315335E+02
    18611.00  0.974995E+02 0.825106E+04 0.289009E+05 0.652899E+03
    18711.00  0.454897E+02 0.689331E+04 0.280000E+05 0.280182E+04
    18811.00  0.154170E+02 0.568947E+04 0.267460E+05 0.588556E+04
    18911.00  0.196983E+01 0.463513E+04 0.252194E+05 0.943055E+04
    19011.00  0.706981E+00 0.372314E+04 0.234960E+05 0.130702E+05
    19111.00  0.797113E+01 0.294427E+04 0.216453E+05 0.165320E+05
    19311.00  0.368405E+02 0.174271E+04 0.177989E+05 0.222215E+05
    19511.00  0.716784E+02 0.938526E+03 0.140669E+05 0.257052E+05
    19711.00  0.102762E+03 0.439495E+03 0.107004E+05 0.269065E+05
    19911.00  0.125358E+03 0.161681E+03 0.783290E+04 0.261614E+05
    20111.00  0.137996E+03 0.340375E+02 0.550762E+04 0.239905E+05
    20311.00  0.141167E+03 0.564844E-01 0.370500E+04 0.209441E+05
    20511.00  0.136417E+03 0.174397E+02 0.236783E+04 0.175105E+05
    20711.00  0.125722E+03 0.565698E+02 0.142069E+04 0.140708E+05
    20911.00  0.111103E+03 0.983814E+02 0.784009E+03 0.108881E+05
    21111.00  0.944029E+02 0.132053E+03 0.383008E+03 0.811715E+04
    21311.00  0.771644E+02 0.152796E+03 0.152604E+03 0.582419E+04
    21511.00  0.605902E+02 0.159905E+03 0.393693E+02 0.401129E+04
    21711.00  0.455403E+02 0.155150E+03 0.155356E+01 0.263873E+04
    21911.00  0.325601E+02 0.141534E+03 0.798267E+01 0.164410E+04
    22111.00  0.219199E+02 0.122391E+03 0.364399E+02 0.956634E+03
    22311.00  0.136632E+02 0.100804E+03 0.719198E+02 0.507025E+03
    22511.00  0.765707E+01 0.792666E+02 0.104989E+03 0.233244E+03
    22711.00  0.364231E+01 0.595496E+02 0.130367E+03 0.833192E+02
    22911.00  0.128071E+01 0.427072E+02 0.145753E+03 0.159956E+02
    23111.00  0.198107E+00 0.291745E+02 0.150904E+03 0.428924E-01
    23311.00  0.212577E-01 0.189140E+02 0.146904E+03 0.128762E+02
    23511.00  0.407364E+00 0.115729E+02 0.135612E+03 0.389227E+02
    23711.00  0.106535E+01 0.663023E+01 0.119235E+03 0.680246E+02
    23911.00  0.176859E+01 0.351611E+01 0.100011E+03 0.940349E+02
    24111.00  0.235943E+01 0.169678E+01 0.799718E+02 0.113666E+03
    24311.00  0.274651E+01 0.725319E+00 0.607929E+02 0.125598E+03
    24511.00  0.289614E+01 0.262081E+00 0.437016E+02 0.129810E+03
    24711.00  0.282007E+01 0.727293E-01 0.294528E+02 0.127104E+03
    24911.00  0.256101E+01 0.118513E-01 0.183539E+02 0.118752E+03
    25111.00  0.217842E+01 0.151696E-03 0.103346E+02 0.106256E+03
    25311.00  0.173574E+01 0.138574E-02 0.504182E+01 0.911640E+02
    25511.00  0.129039E+01 0.316178E-02 0.194914E+01 0.749400E+02
    25711.00  0.887082E+00 0.355255E-02 0.462560E+00 0.588652E+02
    25911.00  0.554675E+00 0.361184E-02 0.107840E-01 0.439692E+02
    26111.00  0.305972E+00 0.460960E-02 0.110734E+00 0.309899E+02
    26311.00  0.139954E+00 0.816317E-02 0.404203E+00 0.203609E+02
    26511.00  0.454818E-01 0.174080E-01 0.666550E+00 0.122267E+02
    26711.00  0.558120E-02 0.377643E-01 0.792518E+00 0.648165E+01
    26911.00  0.152429E-02 0.765172E-01 0.767090E+00 0.282901E+01
 K.E.IE==>      8            9           10           11
        1.00  0.000000E+00 0.000000E+00 0.000000E+00 0.000000E+00
        2.00  0.000000E+00 0.000000E+00 0.000000E+00 0.000000E+00
        3.00  0.000000E+00 0.000000E+00 0.000000E+00 0.000000E+00
        4.00  0.000000E+00 0.000000E+00 0.000000E+00 0.000000E+00
        5.00  0.000000E+00 0.000000E+00 0.000000E+00 0.000000E+00
        6.00  0.000000E+00 0.000000E+00 0.000000E+00 0.000000E+00
        7.00  0.000000E+00 0.000000E+00 0.000000E+00 0.000000E+00
        8.00  0.000000E+00 0.000000E+00 0.000000E+00 0.000000E+00
        9.00  0.000000E+00 0.000000E+00 0.000000E+00 0.000000E+00
       10.00  0.000000E+00 0.000000E+00 0.000000E+00 0.000000E+00
       11.00  0.000000E+00 0.000000E+00 0.000000E+00 0.000000E+00
       12.00  0.000000E+00 0.000000E+00 0.000000E+00 0.000000E+00
       13.00  0.000000E+00 0.000000E+00 0.000000E+00 0.000000E+00
       14.00  0.000000E+00 0.000000E+00 0.000000E+00 0.000000E+00
       15.00  0.000000E+00 0.000000E+00 0.000000E+00 0.675885E-37
       16.00  0.000000E+00 0.000000E+00 0.591429E-37 0.370447E-36
       17.00  0.000000E+00 0.449044E-37 0.292392E-36 0.183036E-35
       18.00  0.297138E-37 0.202631E-36 0.131867E-35 0.824997E-35
       19.00  0.123604E-36 0.842452E-36 0.547940E-35 0.342604E-34
       20.00  0.477731E-36 0.325432E-35 0.211546E-34 0.132193E-33
       21.00  0.172793E-35 0.117643E-34 0.764304E-34 0.477327E-33
       22.00  0.588492E-35 0.400449E-34 0.260017E-33 0.162292E-32
       23.00  0.189737E-34 0.129040E-33 0.837403E-33 0.522364E-32
       24.00  0.581820E-34 0.395480E-33 0.256502E-32 0.159909E-31
       25.00  0.170383E-33 0.115752E-32 0.750322E-32 0.467495E-31
       26.00  0.478228E-33 0.324713E-32 0.210366E-31 0.130994E-30
       27.00  0.129064E-32 0.875863E-32 0.567110E-31 0.352927E-30
       28.00  0.335877E-32 0.227810E-31 0.147421E-30 0.916902E-30
       29.00  0.845015E-32 0.572825E-31 0.370479E-30 0.230288E-29
       30.00  0.205994E-31 0.139565E-30 0.902141E-30 0.560436E-29
       31.00  0.487587E-31 0.330171E-30 0.213300E-29 0.132430E-28
       32.00  0.112271E-30 0.759831E-30 0.490596E-29 0.304414E-28
       33.00  0.251905E-30 0.170393E-29 0.109954E-28 0.681863E-28
       34.00  0.551611E-30 0.372917E-29 0.240507E-28 0.149059E-27
       35.00  0.118051E-29 0.797650E-29 0.514142E-28 0.318461E-27
       36.00  0.247233E-29 0.166961E-28 0.107557E-27 0.665820E-27
       37.00  0.507295E-29 0.342398E-28 0.220451E-27 0.136387E-26
       38.00  0.102095E-28 0.688715E-28 0.443174E-27 0.274019E-26
       39.00  0.201732E-28 0.136011E-27 0.874710E-27 0.540522E-26
       40.00  0.391721E-28 0.263961E-27 0.169662E-26 0.104780E-25
       42.00  0.140650E-27 0.946742E-27 0.607834E-26 0.374944E-25
       44.00  0.475531E-27 0.319740E-26 0.205049E-25 0.126336E-24
       46.00  0.152199E-26 0.102225E-25 0.654829E-25 0.402980E-24
       48.00  0.463308E-26 0.310844E-25 0.198894E-24 0.122254E-23
       50.00  0.134688E-25 0.902667E-25 0.576919E-24 0.354196E-23
       52.00  0.375283E-25 0.251237E-24 0.160391E-23 0.983547E-23
       54.00  0.100543E-24 0.672361E-24 0.428751E-23 0.262608E-22
       56.00  0.259743E-24 0.173509E-23 0.110518E-22 0.676116E-22
       58.00  0.648708E-24 0.432866E-23 0.275404E-22 0.168285E-21
       60.00  0.156986E-23 0.104638E-22 0.664991E-22 0.405859E-21
       62.00  0.368874E-23 0.245603E-22 0.155907E-21 0.950409E-21
       64.00  0.843164E-23 0.560781E-22 0.355575E-21 0.216502E-20
       66.00  0.187803E-22 0.124770E-21 0.790229E-21 0.480583E-20
       68.00  0.408243E-22 0.270926E-21 0.171396E-20 0.104112E-19
       70.00  0.867311E-22 0.574952E-21 0.363319E-20 0.220431E-19
       72.00  0.180315E-21 0.119403E-20 0.753662E-20 0.456716E-19
       74.00  0.367288E-21 0.242947E-20 0.153172E-19 0.927116E-19
       76.00  0.733787E-21 0.484842E-20 0.305334E-19 0.184592E-18
       78.00  0.143933E-20 0.949983E-20 0.597579E-19 0.360841E-18
       80.00  0.277449E-20 0.182920E-19 0.114933E-18 0.693187E-18
       82.00  0.526030E-20 0.346428E-19 0.217421E-18 0.130975E-17
       84.00  0.981723E-20 0.645825E-19 0.404864E-18 0.243601E-17
       86.00  0.180485E-19 0.118602E-18 0.742658E-18 0.446315E-17
       88.00  0.327091E-19 0.214704E-18 0.134290E-17 0.806080E-17
       90.00  0.584720E-19 0.383392E-18 0.239524E-17 0.143604E-16
       92.00  0.103168E-18 0.675711E-18 0.421669E-17 0.252506E-16
       94.00  0.179762E-18 0.117608E-17 0.733081E-17 0.438464E-16
       96.00  0.309486E-18 0.202257E-17 0.125928E-16 0.752287E-16
       98.00  0.526728E-18 0.343852E-17 0.213842E-16 0.127596E-15
      100.00  0.886620E-18 0.578156E-17 0.359144E-16 0.214039E-15
      102.00  0.147667E-17 0.961862E-17 0.596813E-16 0.355258E-15
      104.00  0.243446E-17 0.158399E-16 0.981706E-16 0.583671E-15
      106.00  0.397432E-17 0.258306E-16 0.159906E-15 0.949582E-15
      108.00  0.642724E-17 0.417271E-16 0.258018E-15 0.153037E-14
      110.00  0.103000E-16 0.667962E-16 0.412559E-15 0.244407E-14
      112.00  0.163622E-16 0.105993E-15 0.653904E-15 0.386920E-14
      114.00  0.257737E-16 0.166776E-15 0.102771E-14 0.607374E-14
      116.00  0.402686E-16 0.260281E-15 0.160207E-14 0.945685E-14
      118.00  0.624213E-16 0.403022E-15 0.247782E-14 0.146087E-13
      122.00  0.146640E-15 0.944687E-15 0.579467E-14 0.340824E-13
      126.00  0.334802E-15 0.215210E-14 0.131706E-13 0.772791E-13
      130.00  0.744248E-15 0.477344E-14 0.291456E-13 0.170602E-12
      134.00  0.161341E-14 0.103252E-13 0.628980E-13 0.367285E-12
      138.00  0.341597E-14 0.218123E-13 0.132568E-12 0.772253E-12
      142.00  0.707311E-14 0.450644E-13 0.273255E-12 0.158796E-11
      146.00  0.143407E-13 0.911652E-13 0.551518E-12 0.319730E-11
      150.00  0.285028E-13 0.180793E-12 0.109121E-11 0.631074E-11
      154.00  0.555925E-13 0.351838E-12 0.211867E-11 0.122232E-10
      158.00  0.106506E-12 0.672563E-12 0.404060E-11 0.232551E-10
      162.00  0.200609E-12 0.126398E-11 0.757610E-11 0.434976E-10
      166.00  0.371794E-12 0.233735E-11 0.139772E-10 0.800546E-10
      170.00  0.678527E-12 0.425617E-11 0.253926E-10 0.145083E-09
      174.00  0.122027E-11 0.763724E-11 0.454584E-10 0.259101E-09
      178.00  0.216401E-11 0.135135E-10 0.802481E-10 0.456282E-09
      182.00  0.378659E-11 0.235931E-10 0.139778E-09 0.792831E-09
      186.00  0.654148E-11 0.406668E-10 0.240371E-09 0.136008E-08
      190.00  0.111630E-10 0.692419E-10 0.408316E-09 0.230472E-08
      194.00  0.188269E-10 0.116518E-09 0.685499E-09 0.385983E-08
      198.00  0.313967E-10 0.193875E-09 0.113794E-08 0.639173E-08
      202.00  0.517948E-10 0.319116E-09 0.186865E-08 0.104705E-07
      206.00  0.845615E-10 0.519824E-09 0.303682E-08 0.169743E-07
      210.00  0.136683E-09 0.838341E-09 0.488613E-08 0.272441E-07
      214.00  0.218816E-09 0.133907E-08 0.778626E-08 0.433083E-07
      218.00  0.347070E-09 0.211916E-08 0.122933E-07 0.682092E-07
      222.00  0.545606E-09 0.332387E-08 0.192365E-07 0.106472E-06
      226.00  0.850359E-09 0.516874E-08 0.298432E-07 0.164772E-06
      230.00  0.131437E-08 0.797110E-08 0.459151E-07 0.252885E-06
      234.00  0.201535E-08 0.121946E-07 0.700779E-07 0.385015E-06
      238.00  0.306634E-08 0.185119E-07 0.106130E-06 0.581653E-06
      242.00  0.463057E-08 0.278921E-07 0.159530E-06 0.872154E-06
      246.00  0.694227E-08 0.417216E-07 0.238065E-06 0.129829E-05
      250.00  0.103353E-07 0.619719E-07 0.352778E-06 0.191912E-05
      254.00  0.152825E-07 0.914277E-07 0.519224E-06 0.281760E-05
      258.00  0.224495E-07 0.133999E-06 0.759188E-06 0.410956E-05
      262.00  0.327681E-07 0.195145E-06 0.110299E-05 0.595580E-05
      266.00  0.475347E-07 0.282439E-06 0.159261E-05 0.857820E-05
      270.00  0.685433E-07 0.406338E-06 0.228580E-05 0.122813E-04
      274.00  0.982633E-07 0.581194E-06 0.326165E-05 0.174808E-04
      282.00  0.198587E-06 0.116921E-05 0.653036E-05 0.348252E-04
      290.00  0.392857E-06 0.230242E-05 0.127983E-04 0.679107E-04
      298.00  0.761633E-06 0.444324E-05 0.245805E-04 0.129777E-03
      306.00  0.144860E-05 0.841207E-05 0.463138E-04 0.243297E-03
      314.00  0.270565E-05 0.156395E-04 0.856925E-04 0.447902E-03
      322.00  0.496723E-05 0.285797E-04 0.155842E-03 0.810468E-03
      330.00  0.897103E-05 0.513777E-04 0.278809E-03 0.144265E-02
      338.00  0.159513E-04 0.909312E-04 0.491071E-03 0.252813E-02
      346.00  0.279440E-04 0.158557E-03 0.852147E-03 0.436479E-02
      354.00  0.482631E-04 0.272578E-03 0.145784E-02 0.742933E-02
      362.00  0.822343E-04 0.462276E-03 0.246041E-02 0.124748E-01
      370.00  0.138312E-03 0.773885E-03 0.409888E-02 0.206762E-01
      378.00  0.229760E-03 0.127955E-02 0.674410E-02 0.338458E-01
      386.00  0.377160E-03 0.209058E-02 0.109650E-01 0.547470E-01
      394.00  0.612097E-03 0.337691E-02 0.176250E-01 0.875481E-01
      402.00  0.982558E-03 0.539522E-02 0.280211E-01 0.138472E+00
      410.00  0.156073E-02 0.852952E-02 0.440820E-01 0.216717E+00
      418.00  0.245416E-02 0.133488E-01 0.686493E-01 0.335752E+00
      426.00  0.382166E-02 0.206887E-01 0.105871E+00 0.515114E+00
      434.00  0.589567E-02 0.317649E-01 0.161748E+00 0.782898E+00
      442.00  0.901350E-02 0.483323E-01 0.244890E+00 0.117916E+01
      450.00  0.136607E-01 0.729021E-01 0.367546E+00 0.176052E+01
      458.00  0.205306E-01 0.109041E+00 0.547008E+00 0.260643E+01
      466.00  0.306061E-01 0.161775E+00 0.807502E+00 0.382749E+01
      474.00  0.452701E-01 0.238136E+00 0.118272E+01 0.557653E+01
      482.00  0.664551E-01 0.347892E+00 0.171918E+01 0.806326E+01
      490.00  0.968423E-01 0.504522E+00 0.248069E+01 0.115734E+02
      498.00  0.140128E+00 0.726492E+00 0.355413E+01 0.164937E+02
      506.00  0.201373E+00 0.103895E+01 0.505712E+01 0.233441E+02
      514.00  0.287470E+00 0.147593E+01 0.714785E+01 0.328196E+02
      522.00  0.407744E+00 0.208320E+01 0.100378E+02 0.458430E+02
      530.00  0.574739E+00 0.292198E+01 0.140081E+02 0.636332E+02
      538.00  0.805241E+00 0.407365E+01 0.194301E+02 0.877902E+02
      546.00  0.112158E+01 0.564584E+01 0.267922E+02 0.120403E+03
      554.00  0.155334E+01 0.778006E+01 0.367325E+02 0.164183E+03
      562.00  0.213946E+01 0.106614E+02 0.500809E+02 0.222635E+03
      570.00  0.293106E+01 0.145308E+02 0.679113E+02 0.300260E+03
      578.00  0.399507E+01 0.196998E+02 0.916071E+02 0.402816E+03
      586.00  0.541947E+01 0.265682E+02 0.122943E+03 0.537626E+03
      596.00  0.790313E+01 0.383035E+02 0.176404E+03 0.765834E+03
      606.00  0.112682E+02 0.550979E+02 0.250853E+03 0.108288E+04
      616.00  0.161865E+02 0.782778E+02 0.354626E+03 0.151976E+04
      626.00  0.230234E+02 0.110538E+03 0.497663E+03 0.211790E+04
      636.00  0.325124E+02 0.155055E+03 0.693604E+03 0.293126E+04
      646.00  0.456044E+02 0.216077E+03 0.960289E+03 0.403008E+04
      656.00  0.635566E+02 0.299198E+03 0.132098E+04 0.550516E+04
      666.00  0.880255E+02 0.411732E+03 0.180585E+04 0.747321E+04
      676.00  0.121181E+03 0.563186E+03 0.245377E+04 0.100833E+05
      686.00  0.165851E+03 0.765855E+03 0.331461E+04 0.135248E+05
      696.00  0.225701E+03 0.103555E+04 0.445192E+04 0.180372E+05
      706.00  0.305459E+03 0.139249E+04 0.594633E+04 0.239210E+05
      716.00  0.411189E+03 0.186242E+04 0.789959E+04 0.315525E+05
      726.00  0.550637E+03 0.247794E+04 0.104395E+05 0.413994E+05
      736.00  0.733645E+03 0.328016E+04 0.137255E+05 0.540408E+05
      746.00  0.972662E+03 0.432063E+04 0.179564E+05 0.701898E+05
      756.00  0.128336E+04 0.566372E+04 0.233776E+05 0.907208E+05
      766.00  0.168540E+04 0.738948E+04 0.302919E+05 0.116701E+06
      776.00  0.220330E+04 0.959700E+04 0.390709E+05 0.149426E+06
      786.00  0.286756E+04 0.124084E+05 0.501681E+05 0.190465E+06
      796.00  0.371594E+04 0.159737E+05 0.641356E+05 0.241707E+06
      806.00  0.479499E+04 0.204762E+05 0.816419E+05 0.305416E+06
      816.00  0.616190E+04 0.261391E+05 0.103494E+06 0.384298E+06
      826.00  0.788663E+04 0.332332E+05 0.130660E+06 0.481570E+06
      836.00  0.100545E+05 0.420859E+05 0.164302E+06 0.601046E+06
      846.00  0.127691E+05 0.530912E+05 0.205804E+06 0.747227E+06
      856.00  0.161559E+05 0.667221E+05 0.256810E+06 0.925408E+06
      866.00  0.203663E+05 0.835440E+05 0.319269E+06 0.114179E+07
      876.00  0.255820E+05 0.104231E+06 0.395480E+06 0.140361E+07
      886.00  0.320212E+05 0.129581E+06 0.488143E+06 0.171928E+07
      896.00  0.399441E+05 0.160543E+06 0.600426E+06 0.209856E+07
      906.00  0.496607E+05 0.198233E+06 0.736025E+06 0.255272E+07
      916.00  0.615388E+05 0.243964E+06 0.899247E+06 0.309472E+07
      926.00  0.760139E+05 0.299276E+06 0.109509E+07 0.373946E+07
      936.00  0.935995E+05 0.365969E+06 0.132932E+07 0.450394E+07
      946.00  0.114900E+06 0.446139E+06 0.160862E+07 0.540756E+07
      956.00  0.140623E+06 0.542222E+06 0.194063E+07 0.647234E+07
      966.00  0.171599E+06 0.657040E+06 0.233413E+07 0.772321E+07
      976.00  0.208793E+06 0.793851E+06 0.279916E+07 0.918834E+07
      986.00  0.253331E+06 0.956412E+06 0.334714E+07 0.108994E+08
      996.00  0.306517E+06 0.114903E+07 0.399105E+07 0.128920E+08
     1006.00  0.369862E+06 0.137666E+07 0.474561E+07 0.152058E+08
     1016.00  0.445106E+06 0.164494E+07 0.562743E+07 0.178853E+08
     1026.00  0.534257E+06 0.196029E+07 0.665523E+07 0.209796E+08
     1036.00  0.639618E+06 0.233004E+07 0.785002E+07 0.245435E+08
     1046.00  0.763825E+06 0.276247E+07 0.923535E+07 0.286373E+08
     1056.00  0.909894E+06 0.326694E+07 0.108375E+08 0.333275E+08
     1066.00  0.108126E+07 0.385403E+07 0.126859E+08 0.386873E+08
     1076.00  0.128184E+07 0.453563E+07 0.148131E+08 0.447968E+08
     1086.00  0.151606E+07 0.532510E+07 0.172552E+08 0.517435E+08
     1096.00  0.178894E+07 0.623737E+07 0.200522E+08 0.596227E+08
     1106.00  0.210616E+07 0.728915E+07 0.232480E+08 0.685379E+08
     1116.00  0.247411E+07 0.849903E+07 0.268913E+08 0.786011E+08
     1126.00  0.289996E+07 0.988770E+07 0.310350E+08 0.899333E+08
     1136.00  0.339180E+07 0.114781E+08 0.357375E+08 0.102665E+09
     1146.00  0.395865E+07 0.132957E+08 0.410621E+08 0.116936E+09
     1156.00  0.461061E+07 0.153684E+08 0.470782E+08 0.132896E+09
     1166.00  0.535893E+07 0.177273E+08 0.538608E+08 0.150704E+09
     1176.00  0.621615E+07 0.204063E+08 0.614915E+08 0.170532E+09
     1186.00  0.719616E+07 0.234427E+08 0.700581E+08 0.192559E+09
     1196.00  0.831440E+07 0.268772E+08 0.796555E+08 0.216977E+09
     1206.00  0.958790E+07 0.307545E+08 0.903859E+08 0.243985E+09
     1216.00  0.110355E+08 0.351231E+08 0.102359E+09 0.273797E+09
     1226.00  0.126780E+08 0.400360E+08 0.115691E+09 0.306633E+09
     1236.00  0.145381E+08 0.455504E+08 0.130508E+09 0.342725E+09
     1246.00  0.166410E+08 0.517286E+08 0.146943E+09 0.382314E+09
     1256.00  0.190141E+08 0.586376E+08 0.165138E+09 0.425649E+09
     1266.00  0.216874E+08 0.663498E+08 0.185242E+09 0.472989E+09
     1276.00  0.246936E+08 0.749432E+08 0.207413E+09 0.524599E+09
     1286.00  0.280684E+08 0.845013E+08 0.231819E+09 0.580751E+09
     1296.00  0.318506E+08 0.951138E+08 0.258634E+09 0.641722E+09
     1306.00  0.360823E+08 0.106877E+09 0.288043E+09 0.707797E+09
     1316.00  0.408092E+08 0.119892E+09 0.320237E+09 0.779259E+09
     1326.00  0.460805E+08 0.134269E+09 0.355415E+09 0.856397E+09
     1336.00  0.519496E+08 0.150123E+09 0.393787E+09 0.939498E+09
     1346.00  0.584736E+08 0.167576E+09 0.435566E+09 0.102885E+10
     1356.00  0.657144E+08 0.186759E+09 0.480974E+09 0.112473E+10
     1366.00  0.737379E+08 0.207807E+09 0.530240E+09 0.122743E+10
     1376.00  0.826152E+08 0.230866E+09 0.583596E+09 0.133720E+10
     1386.00  0.924221E+08 0.256085E+09 0.641282E+09 0.145432E+10
     1396.00  0.103239E+09 0.283624E+09 0.703540E+09 0.157902E+10
     1406.00  0.115153E+09 0.313648E+09 0.770618E+09 0.171155E+10
     1416.00  0.128255E+09 0.346331E+09 0.842762E+09 0.185211E+10
     1426.00  0.142643E+09 0.381851E+09 0.920224E+09 0.200092E+10
     1436.00  0.158420E+09 0.420396E+09 0.100325E+10 0.215814E+10
     1446.00  0.175694E+09 0.462158E+09 0.109209E+10 0.232393E+10
     1456.00  0.194580E+09 0.507337E+09 0.118699E+10 0.249840E+10
     1466.00  0.215201E+09 0.556138E+09 0.128818E+10 0.268165E+10
     1476.00  0.237681E+09 0.608771E+09 0.139591E+10 0.287373E+10
     1486.00  0.262157E+09 0.665453E+09 0.151039E+10 0.307467E+10
     1496.00  0.288766E+09 0.726404E+09 0.163185E+10 0.328445E+10
     1506.00  0.317655E+09 0.791848E+09 0.176048E+10 0.350301E+10
     1516.00  0.348977E+09 0.862012E+09 0.189648E+10 0.373025E+10
     1526.00  0.382889E+09 0.937126E+09 0.204002E+10 0.396602E+10
     1536.00  0.419555E+09 0.101742E+10 0.219127E+10 0.421012E+10
     1546.00  0.459146E+09 0.110313E+10 0.235034E+10 0.446229E+10
     1556.00  0.501836E+09 0.119448E+10 0.251736E+10 0.472224E+10
     1566.00  0.547806E+09 0.129170E+10 0.269241E+10 0.498959E+10
     1576.00  0.597241E+09 0.139502E+10 0.287555E+10 0.526395E+10
     1586.00  0.650331E+09 0.150467E+10 0.306681E+10 0.554482E+10
     1596.00  0.707270E+09 0.162087E+10 0.326620E+10 0.583169E+10
     1606.00  0.768254E+09 0.174382E+10 0.347366E+10 0.612396E+10
     1616.00  0.833484E+09 0.187373E+10 0.368911E+10 0.642097E+10
     1626.00  0.903159E+09 0.201080E+10 0.391246E+10 0.672202E+10
     1636.00  0.977484E+09 0.215521E+10 0.414352E+10 0.702634E+10
     1646.00  0.105666E+10 0.230714E+10 0.438209E+10 0.733309E+10
     1656.00  0.114088E+10 0.246674E+10 0.462792E+10 0.764140E+10
     1666.00  0.123036E+10 0.263418E+10 0.488069E+10 0.795034E+10
     1676.00  0.132528E+10 0.280958E+10 0.514006E+10 0.825892E+10
     1686.00  0.142584E+10 0.299305E+10 0.540561E+10 0.856611E+10
     1696.00  0.153221E+10 0.318470E+10 0.567686E+10 0.887085E+10
     1706.00  0.164458E+10 0.338462E+10 0.595327E+10 0.917203E+10
     1716.00  0.176309E+10 0.359286E+10 0.623426E+10 0.946850E+10
     1726.00  0.188791E+10 0.380948E+10 0.651914E+10 0.975912E+10
     1736.00  0.201915E+10 0.403451E+10 0.680719E+10 0.100427E+11
     1746.00  0.215692E+10 0.426798E+10 0.709759E+10 0.103181E+11
     1756.00  0.230131E+10 0.450989E+10 0.738944E+10 0.105840E+11
     1766.00  0.245236E+10 0.476026E+10 0.768177E+10 0.108394E+11
     1776.00  0.261007E+10 0.501911E+10 0.797350E+10 0.110832E+11
     1786.00  0.277442E+10 0.528646E+10 0.826344E+10 0.113142E+11
     1796.00  0.294528E+10 0.556240E+10 0.855028E+10 0.115315E+11
     1806.00  0.312248E+10 0.584705E+10 0.883254E+10 0.117342E+11
     1816.00  0.330572E+10 0.614064E+10 0.910858E+10 0.119216E+11
     1826.00  0.349455E+10 0.644356E+10 0.937646E+10 0.120932E+11
     1836.00  0.368835E+10 0.675647E+10 0.963396E+10 0.122486E+11
     1846.00  0.388619E+10 0.708041E+10 0.987834E+10 0.123882E+11
     1856.00  0.408673E+10 0.741707E+10 0.101062E+11 0.125128E+11
     1866.00  0.428794E+10 0.776924E+10 0.103129E+11 0.126243E+11
     1876.00  0.448673E+10 0.814154E+10 0.104921E+11 0.127261E+11
     1886.00  0.467805E+10 0.854203E+10 0.106342E+11 0.128247E+11
     1896.00  0.485313E+10 0.898557E+10 0.107230E+11 0.129324E+11
     1906.00  0.499532E+10 0.950210E+10 0.107291E+11 0.130735E+11
     1916.00  0.506835E+10 0.101607E+11 0.105890E+11 0.133048E+11
     1926.00  0.497534E+10 0.111611E+11 0.101346E+11 0.137874E+11
     1936.00  0.434145E+10 0.134002E+11 0.871239E+10 0.152330E+11
     1946.00  0.865266E+08 0.379815E+11 0.425967E+09 0.331523E+11
     1956.00  0.117577E+11 0.447310E+10 0.206156E+11 0.677486E+10
     1966.00  0.928943E+10 0.751559E+10 0.160508E+11 0.910781E+10
     1976.00  0.891363E+10 0.865322E+10 0.149791E+11 0.963524E+10
     1986.00  0.892080E+10 0.933325E+10 0.145263E+11 0.974010E+10
     1996.00  0.906647E+10 0.982944E+10 0.142789E+11 0.966847E+10
     2006.00  0.927855E+10 0.102292E+11 0.141149E+11 0.949889E+10
     2016.00  0.952787E+10 0.105686E+11 0.139850E+11 0.926473E+10
     2026.00  0.980008E+10 0.108648E+11 0.138656E+11 0.898309E+10
     2036.00  0.100871E+11 0.111264E+11 0.137435E+11 0.866411E+10
     2046.00  0.103837E+11 0.113584E+11 0.136110E+11 0.831458E+10
     2056.00  0.106864E+11 0.115632E+11 0.134633E+11 0.793955E+10
     2066.00  0.109924E+11 0.117422E+11 0.132971E+11 0.754316E+10
     2076.00  0.112995E+11 0.118959E+11 0.131102E+11 0.712904E+10
     2086.00  0.116059E+11 0.120243E+11 0.129014E+11 0.670053E+10
     2096.00  0.119098E+11 0.121272E+11 0.126696E+11 0.626085E+10
     2106.00  0.122095E+11 0.122042E+11 0.124144E+11 0.581315E+10
     2116.00  0.125036E+11 0.122547E+11 0.121357E+11 0.536057E+10
     2126.00  0.127904E+11 0.122782E+11 0.118337E+11 0.490627E+10
     2136.00  0.130686E+11 0.122740E+11 0.115088E+11 0.445343E+10
     2146.00  0.133365E+11 0.122416E+11 0.111616E+11 0.400526E+10
     2156.00  0.135928E+11 0.121804E+11 0.107931E+11 0.356502E+10
     2166.00  0.138359E+11 0.120899E+11 0.104042E+11 0.313595E+10
     2176.00  0.140642E+11 0.119697E+11 0.999634E+10 0.272134E+10
     2186.00  0.142764E+11 0.118197E+11 0.957091E+10 0.232445E+10
     2196.00  0.144708E+11 0.116394E+11 0.912958E+10 0.194852E+10
     2206.00  0.146460E+11 0.114290E+11 0.867415E+10 0.159677E+10
     2216.00  0.148005E+11 0.111885E+11 0.820660E+10 0.127234E+10
     2226.00  0.149326E+11 0.109182E+11 0.772907E+10 0.978318E+09
     2236.00  0.150411E+11 0.106184E+11 0.724383E+10 0.717671E+09
     2246.00  0.151242E+11 0.102899E+11 0.675329E+10 0.493259E+09
     2256.00  0.151807E+11 0.993325E+10 0.625997E+10 0.307794E+09
     2266.00  0.152092E+11 0.954964E+10 0.576653E+10 0.163825E+09
     2276.00  0.152081E+11 0.914026E+10 0.527570E+10 0.637106E+08
     2286.00  0.151763E+11 0.870660E+10 0.479027E+10 0.959910E+07
     2296.00  0.151126E+11 0.825038E+10 0.431313E+10 0.340234E+07
     2306.00  0.150156E+11 0.777361E+10 0.384719E+10 0.467740E+08
     2316.00  0.148843E+11 0.727855E+10 0.339537E+10 0.141086E+09
     2326.00  0.147178E+11 0.676780E+10 0.296059E+10 0.287405E+09
     2336.00  0.145151E+11 0.624423E+10 0.254577E+10 0.486470E+09
     2346.00  0.142755E+11 0.571108E+10 0.215373E+10 0.738670E+09
     2356.00  0.139984E+11 0.517191E+10 0.178723E+10 0.104402E+10
     2366.00  0.136833E+11 0.463066E+10 0.144893E+10 0.140213E+10
     2376.00  0.133299E+11 0.409167E+10 0.114131E+10 0.181220E+10
     2386.00  0.129382E+11 0.355967E+10 0.866685E+09 0.227299E+10
     2396.00  0.125083E+11 0.303984E+10 0.627139E+09 0.278277E+10
     2406.00  0.120406E+11 0.253781E+10 0.424487E+09 0.333933E+10
     2416.00  0.115359E+11 0.205972E+10 0.260233E+09 0.393991E+10
     2426.00  0.109950E+11 0.161219E+10 0.135513E+09 0.458122E+10
     2436.00  0.104196E+11 0.120241E+10 0.510438E+08 0.525934E+10
     2446.00  0.981124E+10 0.838123E+09 0.706123E+07 0.596973E+10
     2456.00  0.917235E+10 0.527680E+09 0.325377E+07 0.670715E+10
     2466.00  0.850574E+10 0.280035E+09 0.386906E+08 0.746563E+10
     2476.00  0.781489E+10 0.104765E+09 0.111744E+09 0.823837E+10
     2486.00  0.710401E+10 0.120544E+08 0.220004E+09 0.901769E+10
     2496.00  0.637815E+10 0.126609E+08 0.360194E+09 0.979496E+10
     2506.00  0.564331E+10 0.117837E+09 0.528077E+09 0.105605E+11
     2516.00  0.490659E+10 0.339194E+09 0.718371E+09 0.113033E+11
     2526.00  0.417633E+10 0.688482E+09 0.924671E+09 0.120114E+11
     2536.00  0.346227E+10 0.117725E+10 0.113939E+10 0.126713E+11
     2546.00  0.277567E+10 0.181637E+10 0.135376E+10 0.132681E+11
     2556.00  0.212944E+10 0.261530E+10 0.155785E+10 0.137855E+11
     2566.00  0.153812E+10 0.358116E+10 0.174074E+10 0.142059E+11
     2576.00  0.101785E+10 0.471745E+10 0.189081E+10 0.145107E+11
     2586.00  0.586051E+09 0.602243E+10 0.199622E+10 0.146806E+11
     2596.00  0.260892E+09 0.748718E+10 0.204571E+10 0.146967E+11
     2606.00  0.603424E+08 0.909338E+10 0.202961E+10 0.145414E+11
     2616.00  0.796441E+06 0.108111E+11 0.194127E+10 0.142000E+11
     2626.00  0.951827E+08 0.125968E+11 0.177874E+10 0.136632E+11
     2636.00  0.350642E+09 0.143925E+11 0.154661E+10 0.129292E+11
     2646.00  0.765989E+09 0.161266E+11 0.125759E+10 0.120064E+11
     2656.00  0.132940E+10 0.177164E+11 0.933671E+09 0.109153E+11
     2666.00  0.201693E+10 0.190749E+11 0.605931E+09 0.968924E+10
     2676.00  0.279255E+10 0.201186E+11 0.312970E+09 0.837397E+10
     2686.00  0.361020E+10 0.207779E+11 0.975155E+08 0.702397E+10
     2696.00  0.441794E+10 0.210071E+11 0.169586E+07 0.569761E+10
     2706.00  0.516360E+10 0.207908E+11 0.617692E+08 0.445065E+10
     2716.00  0.580075E+10 0.201467E+11 0.303481E+09 0.333001E+10
     2726.00  0.629377E+10 0.191227E+11 0.739103E+09 0.236900E+10
     2736.00  0.662088E+10 0.177890E+11 0.136672E+10 0.158499E+10
     2746.00  0.677480E+10 0.162290E+11 0.217168E+10 0.979860E+09
     2756.00  0.676121E+10 0.145285E+11 0.312957E+10 0.542466E+09
     2766.00  0.659592E+10 0.127683E+11 0.420986E+10 0.252421E+09
     2776.00  0.630135E+10 0.110180E+11 0.537937E+10 0.840937E+08
     2786.00  0.590334E+10 0.933343E+10 0.660517E+10 0.101401E+08
     2796.00  0.542843E+10 0.775626E+10 0.785655E+10 0.420174E+07
     2806.00  0.490198E+10 0.631481E+10 0.910619E+10 0.426722E+08
     2816.00  0.434698E+10 0.502609E+10 0.103307E+11 0.105649E+09
     2826.00  0.378343E+10 0.389796E+10 0.115106E+11 0.177261E+09
     2836.00  0.322819E+10 0.293129E+10 0.126301E+11 0.245577E+09
     2846.00  0.269505E+10 0.212183E+10 0.136767E+11 0.302267E+09
     2856.00  0.219500E+10 0.146178E+10 0.146408E+11 0.342138E+09
     2866.00  0.173650E+10 0.940985E+09 0.155151E+11 0.362634E+09
     2876.00  0.132590E+10 0.547925E+09 0.162945E+11 0.363359E+09
     2886.00  0.967654E+09 0.270350E+09 0.169755E+11 0.345628E+09
     2896.00  0.664683E+09 0.957885E+08 0.175560E+11 0.312083E+09
     2906.00  0.418590E+09 0.118841E+08 0.180351E+11 0.266354E+09
     2916.00  0.229882E+09 0.662733E+07 0.184130E+11 0.212779E+09
     2926.00  0.981421E+08 0.685055E+08 0.186909E+11 0.156161E+09
     2936.00  0.221838E+08 0.186598E+09 0.188705E+11 0.101568E+09
     2946.00  0.171318E+06 0.350634E+09 0.189543E+11 0.541672E+08
     2956.00  0.297245E+08 0.551019E+09 0.189455E+11 0.190818E+08
     2966.00  0.108006E+09 0.778855E+09 0.188477E+11 0.127432E+07
     2976.00  0.231797E+09 0.102594E+10 0.186652E+11 0.544751E+07
     2986.00  0.397562E+09 0.128475E+10 0.184024E+11 0.359618E+08
     2996.00  0.601506E+09 0.154845E+10 0.180644E+11 0.967667E+08
     3006.00  0.839628E+09 0.181089E+10 0.176565E+11 0.191345E+09
     3016.00  0.110777E+10 0.206655E+10 0.171842E+11 0.322669E+09
     3026.00  0.140165E+10 0.231057E+10 0.166534E+11 0.493161E+09
     3036.00  0.171692E+10 0.253871E+10 0.160702E+11 0.704676E+09
     3046.00  0.204920E+10 0.274734E+10 0.154407E+11 0.958475E+09
     3056.00  0.239410E+10 0.293342E+10 0.147713E+11 0.125523E+10
     3066.00  0.274729E+10 0.309449E+10 0.140682E+11 0.159499E+10
     3076.00  0.310450E+10 0.322866E+10 0.133378E+11 0.197726E+10
     3086.00  0.346156E+10 0.333454E+10 0.125864E+11 0.240091E+10
     3096.00  0.381445E+10 0.341127E+10 0.118202E+11 0.286430E+10
     3106.00  0.415931E+10 0.345848E+10 0.110453E+11 0.336523E+10
     3116.00  0.449249E+10 0.347623E+10 0.102675E+11 0.390101E+10
     3126.00  0.481054E+10 0.346505E+10 0.949245E+10 0.446850E+10
     3136.00  0.511026E+10 0.342584E+10 0.872559E+10 0.506411E+10
     3146.00  0.538872E+10 0.335986E+10 0.797198E+10 0.568392E+10
     3156.00  0.564326E+10 0.326873E+10 0.723638E+10 0.632365E+10
     3166.00  0.587154E+10 0.315434E+10 0.652317E+10 0.697876E+10
     3176.00  0.607151E+10 0.301886E+10 0.583637E+10 0.764450E+10
     3186.00  0.624146E+10 0.286467E+10 0.517956E+10 0.831594E+10
     3196.00  0.638000E+10 0.269436E+10 0.455590E+10 0.898806E+10
     3206.00  0.648607E+10 0.251065E+10 0.396814E+10 0.965579E+10
     3216.00  0.655896E+10 0.231637E+10 0.341855E+10 0.103141E+11
     3226.00  0.659829E+10 0.211445E+10 0.290896E+10 0.109579E+11
     3236.00  0.660400E+10 0.190784E+10 0.244078E+10 0.115823E+11
     3246.00  0.657637E+10 0.169948E+10 0.201494E+10 0.121827E+11
     3256.00  0.651598E+10 0.149232E+10 0.163196E+10 0.127545E+11
     3266.00  0.642373E+10 0.128922E+10 0.129193E+10 0.132934E+11
     3276.00  0.630079E+10 0.109295E+10 0.994550E+09 0.137955E+11
     3286.00  0.614862E+10 0.906155E+09 0.739134E+09 0.142572E+11
     3296.00  0.596892E+10 0.731348E+09 0.524639E+09 0.146751E+11
     3306.00  0.576363E+10 0.570861E+09 0.349691E+09 0.150464E+11
     3316.00  0.553490E+10 0.426834E+09 0.212616E+09 0.153687E+11
     3326.00  0.528508E+10 0.301198E+09 0.111469E+09 0.156399E+11
     3336.00  0.501667E+10 0.195657E+09 0.440626E+08 0.158583E+11
     3346.00  0.473233E+10 0.111678E+09 0.800704E+07 0.160229E+11
     3356.00  0.443482E+10 0.504785E+08 0.738640E+06 0.161329E+11
     3366.00  0.412701E+10 0.130207E+08 0.195563E+08 0.161880E+11
     3376.00  0.381182E+10 0.775316E+04 0.616552E+08 0.161885E+11
     3386.00  0.349221E+10 0.118817E+08 0.124161E+09 0.161349E+11
     3396.00  0.317118E+10 0.488254E+08 0.204161E+09 0.160282E+11
     3406.00  0.285169E+10 0.110766E+09 0.298740E+09 0.158699E+11
     3416.00  0.253669E+10 0.197382E+09 0.405007E+09 0.156617E+11
     3426.00  0.222907E+10 0.308111E+09 0.520125E+09 0.154057E+11
     3436.00  0.193163E+10 0.442159E+09 0.641339E+09 0.151043E+11
     3446.00  0.164711E+10 0.598517E+09 0.766002E+09 0.147603E+11
     3456.00  0.137809E+10 0.775971E+09 0.891596E+09 0.143766E+11
     3466.00  0.112706E+10 0.973120E+09 0.101575E+10 0.139564E+11
     3476.00  0.896334E+09 0.118839E+10 0.113627E+10 0.135031E+11
     3486.00  0.688072E+09 0.142006E+10 0.125113E+10 0.130202E+11
     3496.00  0.504258E+09 0.166627E+10 0.135852E+10 0.125113E+11
     3506.00  0.346692E+09 0.192505E+10 0.145682E+10 0.119801E+11
     3516.00  0.216978E+09 0.219433E+10 0.154464E+10 0.114304E+11
     3526.00  0.116516E+09 0.247197E+10 0.162078E+10 0.108660E+11
     3536.00  0.464976E+08 0.275578E+10 0.168431E+10 0.102905E+11
     3546.00  0.790231E+07 0.304352E+10 0.173449E+10 0.970785E+10
     3556.00  0.149402E+07 0.333297E+10 0.177080E+10 0.912148E+10
     3566.00  0.278205E+08 0.362188E+10 0.179295E+10 0.853497E+10
     3576.00  0.872139E+08 0.390804E+10 0.180087E+10 0.795169E+10
     3586.00  0.179793E+09 0.418928E+10 0.179466E+10 0.737487E+10
     3596.00  0.305467E+09 0.446350E+10 0.177465E+10 0.680756E+10
     3606.00  0.463941E+09 0.472866E+10 0.174134E+10 0.625262E+10
     3616.00  0.654719E+09 0.498283E+10 0.169540E+10 0.571270E+10
     3626.00  0.877114E+09 0.522416E+10 0.163765E+10 0.519022E+10
     3636.00  0.113026E+10 0.545094E+10 0.156906E+10 0.468736E+10
     3646.00  0.141311E+10 0.566157E+10 0.149073E+10 0.420609E+10
     3656.00  0.172445E+10 0.585460E+10 0.140388E+10 0.374809E+10
     3666.00  0.206293E+10 0.602874E+10 0.130979E+10 0.331481E+10
     3676.00  0.242704E+10 0.618281E+10 0.120987E+10 0.290744E+10
     3686.00  0.281515E+10 0.631585E+10 0.110554E+10 0.252694E+10
     3696.00  0.322551E+10 0.642702E+10 0.998311E+09 0.217399E+10
     3706.00  0.365626E+10 0.651566E+10 0.889687E+09 0.184906E+10
     3716.00  0.410545E+10 0.658129E+10 0.781202E+09 0.155234E+10
     3726.00  0.457105E+10 0.662359E+10 0.674383E+09 0.128384E+10
     3736.00  0.505099E+10 0.664241E+10 0.570737E+09 0.104334E+10
     3746.00  0.554310E+10 0.663778E+10 0.471741E+09 0.830392E+09
     3756.00  0.604521E+10 0.660987E+10 0.378821E+09 0.644385E+09
     3766.00  0.655510E+10 0.655903E+10 0.293346E+09 0.484518E+09
     3776.00  0.707055E+10 0.648577E+10 0.216613E+09 0.349832E+09
     3786.00  0.758934E+10 0.639072E+10 0.149836E+09 0.239217E+09
     3796.00  0.810924E+10 0.627468E+10 0.941379E+08 0.151438E+09
     3806.00  0.862806E+10 0.613858E+10 0.505389E+08 0.851410E+08
     3816.00  0.914364E+10 0.598346E+10 0.199519E+08 0.388791E+08
     3826.00  0.965386E+10 0.581049E+10 0.317441E+07 0.111234E+08
     3836.00  0.101566E+11 0.562095E+10 0.883590E+06 0.282310E+06
     3846.00  0.106500E+11 0.541620E+10 0.136322E+08 0.471754E+07
     3856.00  0.111320E+11 0.519770E+10 0.418455E+08 0.227606E+08
     3866.00  0.116007E+11 0.496699E+10 0.858196E+08 0.527286E+08
     3876.00  0.120545E+11 0.472566E+10 0.145720E+09 0.929394E+08
     3886.00  0.124916E+11 0.447536E+10 0.221583E+09 0.141726E+09
     3896.00  0.129105E+11 0.421780E+10 0.313317E+09 0.197452E+09
     3906.00  0.133097E+11 0.395470E+10 0.420703E+09 0.258520E+09
     3916.00  0.136878E+11 0.368779E+10 0.543399E+09 0.323392E+09
     3926.00  0.140435E+11 0.341884E+10 0.680945E+09 0.390590E+09
     3936.00  0.143758E+11 0.314961E+10 0.832767E+09 0.458716E+09
     3946.00  0.146836E+11 0.288183E+10 0.998184E+09 0.526454E+09
     3956.00  0.149661E+11 0.261724E+10 0.117641E+10 0.592582E+09
     3966.00  0.152224E+11 0.235751E+10 0.136657E+10 0.655976E+09
     3976.00  0.154519E+11 0.210430E+10 0.156769E+10 0.715618E+09
     3986.00  0.156541E+11 0.185922E+10 0.177873E+10 0.770602E+09
     3996.00  0.158285E+11 0.162380E+10 0.199857E+10 0.820133E+09
     4006.00  0.159749E+11 0.139953E+10 0.222604E+10 0.863532E+09
     4016.00  0.160930E+11 0.118781E+10 0.245990E+10 0.900239E+09
     4026.00  0.161829E+11 0.989974E+09 0.269887E+10 0.929812E+09
     4036.00  0.162446E+11 0.807256E+09 0.294164E+10 0.951924E+09
     4046.00  0.162783E+11 0.640813E+09 0.318688E+10 0.966365E+09
     4056.00  0.162842E+11 0.491700E+09 0.343323E+10 0.973040E+09
     4066.00  0.162626E+11 0.360876E+09 0.367933E+10 0.971963E+09
     4076.00  0.162142E+11 0.249196E+09 0.392383E+10 0.963252E+09
     4086.00  0.161393E+11 0.157409E+09 0.416537E+10 0.947130E+09
     4096.00  0.160387E+11 0.861562E+08 0.440262E+10 0.923914E+09
     4106.00  0.159131E+11 0.359706E+08 0.463429E+10 0.894010E+09
     4116.00  0.157634E+11 0.727416E+07 0.485910E+10 0.857910E+09
     4126.00  0.155903E+11 0.378462E+06 0.507584E+10 0.816180E+09
     4136.00  0.153948E+11 0.154846E+08 0.528334E+10 0.769457E+09
     4146.00  0.151780E+11 0.526843E+08 0.548047E+10 0.718439E+09
     4156.00  0.149409E+11 0.111961E+09 0.566619E+10 0.663876E+09
     4166.00  0.146845E+11 0.193191E+09 0.583951E+10 0.606565E+09
     4176.00  0.144102E+11 0.296149E+09 0.599953E+10 0.547340E+09
     4186.00  0.141189E+11 0.420506E+09 0.614541E+10 0.487063E+09
     4196.00  0.138120E+11 0.565835E+09 0.627641E+10 0.426617E+09
     4206.00  0.134906E+11 0.731618E+09 0.639188E+10 0.366898E+09
     4216.00  0.131561E+11 0.917244E+09 0.649123E+10 0.308805E+09
     4226.00  0.128097E+11 0.112202E+10 0.657399E+10 0.253235E+09
     4236.00  0.124526E+11 0.134516E+10 0.663977E+10 0.201073E+09
     4246.00  0.120862E+11 0.158582E+10 0.668828E+10 0.153185E+09
     4256.00  0.117117E+11 0.184308E+10 0.671932E+10 0.110412E+09
     4266.00  0.113304E+11 0.211593E+10 0.673279E+10 0.735634E+08
     4276.00  0.109435E+11 0.240335E+10 0.672869E+10 0.434078E+08
     4286.00  0.105522E+11 0.270422E+10 0.670711E+10 0.206712E+08
     4296.00  0.101578E+11 0.301740E+10 0.666821E+10 0.602897E+07
     4306.00  0.976138E+10 0.334169E+10 0.661227E+10 0.101888E+06
     4316.00  0.936416E+10 0.367586E+10 0.653966E+10 0.345141E+07
     4326.00  0.896724E+10 0.401866E+10 0.645080E+10 0.165759E+08
     4336.00  0.857169E+10 0.436881E+10 0.634622E+10 0.399072E+08
     4346.00  0.817853E+10 0.472501E+10 0.622652E+10 0.738079E+08
     4356.00  0.778877E+10 0.508594E+10 0.609238E+10 0.118569E+09
     4366.00  0.740334E+10 0.545030E+10 0.594454E+10 0.174408E+09
     4376.00  0.702313E+10 0.581676E+10 0.578381E+10 0.241467E+09
     4386.00  0.664900E+10 0.618402E+10 0.561105E+10 0.319815E+09
     4396.00  0.628174E+10 0.655077E+10 0.542719E+10 0.409443E+09
     4406.00  0.592208E+10 0.691573E+10 0.523320E+10 0.510269E+09
     4416.00  0.557071E+10 0.727764E+10 0.503010E+10 0.622135E+09
     4426.00  0.522826E+10 0.763526E+10 0.481893E+10 0.744812E+09
     4436.00  0.489530E+10 0.798738E+10 0.460079E+10 0.877998E+09
     4446.00  0.457235E+10 0.833285E+10 0.437678E+10 0.102132E+10
     4456.00  0.425986E+10 0.867052E+10 0.414805E+10 0.117435E+10
     4466.00  0.395825E+10 0.899931E+10 0.391574E+10 0.133658E+10
     4476.00  0.366785E+10 0.931818E+10 0.368101E+10 0.150745E+10
     4486.00  0.338896E+10 0.962613E+10 0.344502E+10 0.168635E+10
     4511.00  0.274352E+10 0.103422E+11 0.285713E+10 0.216421E+10
     4536.00  0.217363E+10 0.109713E+11 0.228644E+10 0.267624E+10
     4561.00  0.167962E+10 0.115027E+11 0.174998E+10 0.320935E+10
     4586.00  0.126005E+10 0.119280E+11 0.126355E+10 0.374950E+10
     4611.00  0.911894E+09 0.122418E+11 0.841262E+09 0.428220E+10
     4636.00  0.630789E+09 0.124409E+11 0.495273E+09 0.479302E+10
     4661.00  0.411266E+09 0.125248E+11 0.235461E+09 0.526808E+10
     4686.00  0.247003E+09 0.124952E+11 0.692553E+08 0.569447E+10
     4711.00  0.131083E+09 0.123561E+11 0.152125E+07 0.606067E+10
     4736.00  0.562397E+08 0.121137E+11 0.345159E+08 0.635690E+10
     4761.00  0.150961E+08 0.117756E+11 0.167921E+09 0.657536E+10
     4786.00  0.388471E+06 0.113510E+11 0.398941E+09 0.671048E+10
     4811.00  0.516920E+07 0.108503E+11 0.722461E+09 0.675900E+10
     4836.00  0.229862E+08 0.102848E+11 0.113125E+10 0.672006E+10
     4861.00  0.480366E+08 0.966634E+10 0.161624E+10 0.659517E+10
     4886.00  0.752918E+08 0.900698E+10 0.216676E+10 0.638809E+10
     4911.00  0.100595E+09 0.831887E+10 0.277091E+10 0.610473E+10
     4936.00  0.120726E+09 0.761386E+10 0.341585E+10 0.575293E+10
     4961.00  0.133445E+09 0.690332E+10 0.408814E+10 0.534218E+10
     4986.00  0.137494E+09 0.619791E+10 0.477410E+10 0.488333E+10
     5011.00  0.132592E+09 0.550742E+10 0.546008E+10 0.438833E+10
     5036.00  0.119384E+09 0.484061E+10 0.613279E+10 0.386982E+10
     5061.00  0.993868E+08 0.420509E+10 0.677960E+10 0.334085E+10
     5086.00  0.749050E+08 0.360727E+10 0.738877E+10 0.281450E+10
     5111.00  0.489333E+08 0.305229E+10 0.794965E+10 0.230358E+10
     5136.00  0.250470E+08 0.254401E+10 0.845288E+10 0.182029E+10
     5161.00  0.728223E+07 0.208503E+10 0.889055E+10 0.137599E+10
     5186.00  0.873284E+04 0.167675E+10 0.925624E+10 0.980911E+09
     5211.00  0.780016E+07 0.131940E+10 0.954516E+10 0.643943E+09
     5236.00  0.353034E+08 0.101218E+10 0.975413E+10 0.372491E+09
     5261.00  0.871103E+08 0.753303E+09 0.988155E+10 0.172331E+09
     5286.00  0.167634E+09 0.540182E+09 0.992742E+10 0.475290E+08
     5311.00  0.280995E+09 0.369519E+09 0.989317E+10 0.403445E+06
     5336.00  0.430910E+09 0.237460E+09 0.978164E+10 0.315267E+08
     5361.00  0.620602E+09 0.139735E+09 0.959690E+10 0.139769E+09
     5386.00  0.852711E+09 0.717987E+08 0.934414E+10 0.322377E+09
     5411.00  0.112923E+10 0.289678E+08 0.902947E+10 0.575091E+09
     5436.00  0.145145E+10 0.655687E+07 0.865979E+10 0.892284E+09
     5461.00  0.181992E+10 0.417406E+03 0.824257E+10 0.126713E+10
     5511.00  0.269390E+10 0.174582E+08 0.729732E+10 0.215759E+10
     5561.00  0.374008E+10 0.512078E+08 0.625865E+10 0.317525E+10
     5611.00  0.493538E+10 0.788859E+08 0.519006E+10 0.424257E+10
     5661.00  0.624595E+10 0.874426E+08 0.414904E+10 0.528229E+10
     5711.00  0.762904E+10 0.736819E+08 0.318360E+10 0.622341E+10
     5761.00  0.903548E+10 0.438598E+08 0.232991E+10 0.700607E+10
     5811.00  0.104124E+11 0.124674E+08 0.161120E+10 0.758520E+10
     5861.00  0.117061E+11 0.372048E+06 0.103777E+10 0.793251E+10
     5911.00  0.128650E+11 0.325205E+08 0.608125E+09 0.803717E+10
     5961.00  0.138423E+11 0.135415E+09 0.310750E+09 0.790499E+10
     6011.00  0.145984E+11 0.334572E+09 0.126616E+09 0.755649E+10
     6061.00  0.151025E+11 0.652150E+09 0.319028E+08 0.702399E+10
     6111.00  0.153343E+11 0.110491E+10 0.830554E+06 0.634829E+10
     6161.00  0.152846E+11 0.170261E+10 0.831289E+07 0.557491E+10
     6211.00  0.149555E+11 0.244698E+10 0.322719E+08 0.475049E+10
     6261.00  0.143603E+11 0.333116E+10 0.554631E+08 0.391947E+10
     6311.00  0.135226E+11 0.433983E+10 0.667233E+08 0.312133E+10
     6361.00  0.124748E+11 0.544981E+10 0.616028E+08 0.238846E+10
     6411.00  0.112572E+11 0.663110E+10 0.423919E+08 0.174480E+10
     6461.00  0.991552E+10 0.784833E+10 0.175907E+08 0.120524E+10
     6511.00  0.849921E+10 0.906255E+10 0.907628E+06 0.775766E+09
     6561.00  0.705956E+10 0.102330E+11 0.989497E+07 0.454226E+09
     6611.00  0.564752E+10 0.113193E+11 0.643428E+08 0.231611E+09
     6661.00  0.431197E+10 0.122830E+11 0.184560E+09 0.937080E+08
     6711.00  0.309792E+10 0.130896E+11 0.389667E+09 0.229644E+08
     6761.00  0.204517E+10 0.137098E+11 0.696006E+09 0.402145E+06
     6811.00  0.118703E+10 0.141213E+11 0.111578E+10 0.744924E+07
     6861.00  0.549563E+09 0.143090E+11 0.165596E+10 0.275615E+08
     6911.00  0.150919E+09 0.142659E+11 0.231759E+10 0.475415E+08
     6961.00  0.114723E+07 0.139933E+11 0.309539E+10 0.584880E+08
     7011.00  0.102216E+09 0.135007E+11 0.397776E+10 0.563429E+08
     7061.00  0.448333E+09 0.128049E+11 0.494723E+10 0.420281E+08
     7111.00  0.102650E+10 0.119297E+11 0.598104E+10 0.211964E+08
     7161.00  0.181727E+10 0.109048E+11 0.705219E+10 0.364004E+07
     7211.00  0.279566E+10 0.976420E+10 0.813055E+10 0.241929E+07
     7261.00  0.393220E+10 0.854540E+10 0.918422E+10 0.327864E+08
     7311.00  0.519401E+10 0.728772E+10 0.101809E+11 0.110986E+09
     7361.00  0.654598E+10 0.603097E+10 0.110890E+11 0.253011E+09
     7411.00  0.795184E+10 0.481413E+10 0.118796E+11 0.473400E+09
     7511.00  0.107811E+11 0.264454E+10 0.130098E+11 0.119373E+10
     7611.00  0.134083E+11 0.102994E+10 0.134238E+11 0.232201E+10
     7711.00  0.156020E+11 0.143980E+09 0.130659E+11 0.383551E+10
     7811.00  0.171911E+11 0.681633E+08 0.119782E+11 0.563602E+10
     7911.00  0.180746E+11 0.789971E+09 0.102927E+11 0.756238E+10
     8011.00  0.182230E+11 0.221227E+10 0.821112E+10 0.941489E+10
     8111.00  0.176720E+11 0.417144E+10 0.597588E+10 0.109863E+11
     8211.00  0.165106E+11 0.646085E+10 0.383880E+10 0.120934E+11
     8311.00  0.148665E+11 0.885622E+10 0.203059E+10 0.126041E+11
     8411.00  0.128898E+11 0.111397E+11 0.735700E+09 0.124555E+11
     8511.00  0.107369E+11 0.131204E+11 0.749105E+08 0.116618E+11
     8611.00  0.855713E+10 0.146491E+11 0.969369E+08 0.103110E+11
     8711.00  0.648154E+10 0.156280E+11 0.778901E+09 0.855163E+10
     8811.00  0.461551E+10 0.160127E+11 0.203457E+10 0.657335E+10
     8911.00  0.303446E+10 0.158104E+11 0.372839E+10 0.458317E+10
     9011.00  0.178290E+10 0.150728E+11 0.569317E+10 0.278167E+10
     9111.00  0.876053E+09 0.138861E+11 0.774876E+10 0.134170E+10
     9211.00  0.303602E+09 0.123598E+11 0.972004E+10 0.392045E+09
     9311.00  0.346752E+08 0.106150E+11 0.114521E+11 0.723117E+07
     9411.00  0.235608E+08 0.877315E+10 0.128217E+11 0.204068E+09
     9511.00  0.215504E+09 0.694722E+10 0.137447E+11 0.944451E+09
     9611.00  0.552112E+09 0.523420E+10 0.141783E+11 0.214341E+10
     9711.00  0.976031E+09 0.371049E+10 0.141202E+11 0.368090E+10
     9811.00  0.143467E+10 0.242945E+10 0.136041E+11 0.541573E+10
     9911.00  0.188291E+10 0.142116E+10 0.126925E+11 0.719990E+10
    10011.00  0.228471E+10 0.693936E+09 0.114687E+11 0.889195E+10
    10111.00  0.261387E+10 0.237217E+09 0.100276E+11 0.103682E+11
    10211.00  0.285389E+10 0.253021E+08 0.846777E+10 0.115311E+11
    10311.00  0.299721E+10 0.215635E+08 0.688337E+10 0.123143E+11
    10411.00  0.304403E+10 0.182682E+09 0.535848E+10 0.126845E+11
    10511.00  0.300083E+10 0.462607E+09 0.396260E+10 0.126403E+11
    10611.00  0.287875E+10 0.816000E+09 0.274800E+10 0.122089E+11
    10711.00  0.269199E+10 0.120102E+10 0.174872E+10 0.114405E+11
    10811.00  0.245638E+10 0.158136E+10 0.981046E+09 0.104023E+11
    10911.00  0.218806E+10 0.192757E+10 0.445153E+09 0.917116E+10
    11011.00  0.190244E+10 0.221764E+10 0.127559E+09 0.782775E+10
    11111.00  0.161342E+10 0.243705E+10 0.413354E+07 0.645006E+10
    11211.00  0.133285E+10 0.257830E+10 0.433080E+08 0.510882E+10
    11311.00  0.107022E+10 0.264009E+10 0.209239E+09 0.386376E+10
    11411.00  0.832560E+09 0.262625E+10 0.464716E+09 0.276130E+10
    11511.00  0.624499E+09 0.254456E+10 0.773652E+09 0.183346E+10
    11611.00  0.448472E+09 0.240560E+10 0.110308E+10 0.109796E+10
    11711.00  0.304992E+09 0.222157E+10 0.142458E+10 0.559146E+09
    11811.00  0.192987E+09 0.200530E+10 0.171521E+10 0.209788E+09
    11911.00  0.110161E+09 0.176937E+10 0.195789E+10 0.332258E+08
    12011.00  0.533403E+08 0.152546E+10 0.214138E+10 0.583504E+07
    12111.00  0.188094E+08 0.128385E+10 0.225990E+10 0.995065E+08
    12211.00  0.260007E+07 0.105308E+10 0.231251E+10 0.284005E+09
    12311.00  0.738395E+06 0.839822E+09 0.230229E+10 0.529066E+09
    12411.00  0.943998E+07 0.648867E+09 0.223545E+10 0.806140E+09
    12511.00  0.252555E+08 0.483191E+09 0.212042E+10 0.108974E+10
    12611.00  0.451687E+08 0.344144E+09 0.196699E+10 0.135838E+10
    12711.00  0.666512E+08 0.231675E+09 0.178548E+10 0.159510E+10
    12811.00  0.876815E+08 0.144591E+09 0.158614E+10 0.178766E+10
    12911.00  0.106734E+09 0.808296E+08 0.137856E+10 0.192841E+10
    13011.00  0.122746E+09 0.377169E+08 0.117128E+10 0.201391E+10
    13111.00  0.135067E+09 0.122150E+08 0.971542E+09 0.204440E+10
    13211.00  0.143402E+09 0.113264E+07 0.785119E+09 0.202317E+10
    13311.00  0.147743E+09 0.130475E+07 0.616291E+09 0.195579E+10
    13411.00  0.148312E+09 0.973436E+07 0.467889E+09 0.184950E+10
    13511.00  0.145492E+09 0.236976E+08 0.341411E+09 0.171243E+10
    13611.00  0.139776E+09 0.408139E+08 0.237186E+09 0.155312E+10
    13711.00  0.131716E+09 0.590860E+08 0.154565E+09 0.137992E+10
    13811.00  0.121884E+09 0.769117E+08 0.921293E+08 0.120061E+10
    13911.00  0.110836E+09 0.930760E+08 0.478942E+08 0.102213E+10
    14011.00  0.990912E+08 0.106725E+09 0.195036E+08 0.850356E+09
    14111.00  0.871111E+08 0.117330E+09 0.440489E+07 0.689968E+09
    14211.00  0.752906E+08 0.124639E+09 0.509575E+03 0.544462E+09
    14311.00  0.639518E+08 0.128633E+09 0.377132E+07 0.416164E+09
    14411.00  0.533437E+08 0.129473E+09 0.133729E+08 0.306327E+09
    14511.00  0.436457E+08 0.127457E+09 0.267047E+08 0.215261E+09
    14611.00  0.349725E+08 0.122971E+09 0.419538E+08 0.142476E+09
    14711.00  0.273821E+08 0.116456E+09 0.576172E+08 0.868531E+08
    14811.00  0.208841E+08 0.108373E+09 0.725053E+08 0.467966E+08
    14911.00  0.154487E+08 0.991773E+08 0.857298E+08 0.203946E+08
    15011.00  0.110156E+08 0.892964E+08 0.966815E+08 0.555733E+07
    15111.00  0.750214E+07 0.791181E+08 0.104999E+09 0.139661E+06
    15211.00  0.481088E+07 0.689784E+08 0.110532E+09 0.204292E+07
    15311.00  0.283646E+07 0.591575E+08 0.113305E+09 0.929519E+07
    15411.00  0.147102E+07 0.498774E+08 0.113479E+09 0.201105E+08
    15511.00  0.608745E+06 0.413040E+08 0.111315E+09 0.329284E+08
    15611.00  0.149434E+06 0.335502E+08 0.107141E+09 0.464354E+08
    15711.00  0.100500E+04 0.266817E+08 0.101322E+09 0.595724E+08
    15811.00  0.812129E+05 0.207227E+08 0.942371E+08 0.715275E+08
    15911.00  0.318590E+06 0.156631E+08 0.862580E+08 0.817216E+08
    16011.00  0.652768E+06 0.114652E+08 0.777343E+08 0.897854E+08
    16111.00  0.103430E+07 0.807040E+07 0.689813E+08 0.955316E+08
    16211.00  0.142408E+07 0.540531E+07 0.602733E+08 0.989266E+08
    16311.00  0.179252E+07 0.338734E+07 0.518392E+08 0.100059E+09
    16411.00  0.211849E+07 0.192947E+07 0.438615E+08 0.991102E+08
    16511.00  0.238821E+07 0.944242E+06 0.364770E+08 0.963288E+08
    16611.00  0.259407E+07 0.346951E+06 0.297801E+08 0.920040E+08
    16711.00  0.273349E+07 0.581199E+05 0.238266E+08 0.864448E+08
    16811.00  0.280782E+07 0.523964E+04 0.186386E+08 0.799631E+08
    16911.00  0.282136E+07 0.123894E+06 0.142100E+08 0.728587E+08
    17011.00  0.278049E+07 0.358349E+06 0.105119E+08 0.654085E+08
    17111.00  0.269287E+07 0.661700E+06 0.749780E+07 0.578598E+08
    17211.00  0.256684E+07 0.995648E+06 0.510850E+07 0.504245E+08
    17311.00  0.241084E+07 0.133001E+07 0.327678E+07 0.432775E+08
    17411.00  0.223310E+07 0.164203E+07 0.193119E+07 0.365564E+08
    17511.00  0.204127E+07 0.191558E+07 0.999329E+06 0.303628E+08
    17611.00  0.184221E+07 0.214022E+07 0.410543E+06 0.247647E+08
    17711.00  0.164192E+07 0.231035E+07 0.980157E+05 0.198003E+08
    17811.00  0.144541E+07 0.242430E+07 0.272768E+03 0.154818E+08
    17911.00  0.125674E+07 0.248346E+07 0.622046E+05 0.117996E+08
    18011.00  0.107905E+07 0.249155E+07 0.235643E+06 0.872669E+07
    18111.00  0.914580E+06 0.245393E+07 0.479568E+06 0.622266E+07
    18211.00  0.764822E+06 0.237695E+07 0.760015E+06 0.423756E+07
    18311.00  0.630565E+06 0.226752E+07 0.104974E+07 0.271536E+07
    18411.00  0.512026E+06 0.213266E+07 0.132774E+07 0.159697E+07
    18511.00  0.408942E+06 0.197918E+07 0.157859E+07 0.822701E+06
    18611.00  0.320675E+06 0.181345E+07 0.179180E+07 0.334418E+06
    18711.00  0.246309E+06 0.164123E+07 0.196106E+07 0.770964E+05
    18811.00  0.184724E+06 0.146755E+07 0.208355E+07 0.252159E+02
    18911.00  0.134680E+06 0.129668E+07 0.215923E+07 0.576105E+05
    19011.00  0.948745E+05 0.113209E+07 0.219024E+07 0.209842E+06
    19111.00  0.639953E+05 0.976497E+06 0.218027E+07 0.422474E+06
    19311.00  0.239584E+05 0.699626E+06 0.205718E+07 0.920295E+06
    19511.00  0.522307E+04 0.474671E+06 0.183380E+07 0.138619E+07
    19711.00  0.226299E+02 0.302361E+06 0.155435E+07 0.172880E+07
    19911.00  0.238143E+04 0.178144E+06 0.125699E+07 0.191314E+07
    20111.00  0.804380E+04 0.945023E+05 0.970879E+06 0.194293E+07
    20311.00  0.142396E+05 0.427970E+05 0.715398E+06 0.184483E+07
    20511.00  0.193782E+05 0.145732E+05 0.501110E+06 0.165582E+07
    20711.00  0.227351E+05 0.236684E+04 0.331414E+06 0.141408E+07
    20911.00  0.241693E+05 0.100997E+03 0.204536E+06 0.115323E+07
    21111.00  0.238914E+05 0.317980E+04 0.115419E+06 0.899433E+06
    21311.00  0.222882E+05 0.838434E+04 0.573340E+05 0.670481E+06
    21511.00  0.197995E+05 0.136596E+05 0.231185E+05 0.476441E+06
    21711.00  0.168395E+05 0.178594E+05 0.602928E+04 0.320988E+06
    21911.00  0.137536E+05 0.204948E+05 0.253367E+03 0.203108E+06
    22111.00  0.108010E+05 0.215131E+05 0.114317E+04 0.118764E+06
    22311.00  0.815341E+04 0.211197E+05 0.524858E+04 0.623235E+05
    22511.00  0.590535E+04 0.196445E+05 0.102150E+05 0.276774E+05
    22711.00  0.408880E+04 0.174504E+05 0.146055E+05 0.900059E+04
    22911.00  0.269002E+04 0.148749E+05 0.176937E+05 0.121527E+04
    23111.00  0.166531E+04 0.121990E+05 0.192589E+05 0.203559E+03
    23311.00  0.954740E+03 0.963438E+04 0.194043E+05 0.284279E+04
    23511.00  0.492984E+03 0.732354E+04 0.184103E+05 0.692633E+04
    23711.00  0.217135E+03 0.534724E+04 0.166241E+05 0.110226E+05
    23911.00  0.716892E+02 0.373588E+04 0.143860E+05 0.143119E+05
    24111.00  0.111200E+02 0.248207E+04 0.119857E+05 0.164253E+05
    24311.00  0.562809E+00 0.155284E+04 0.964311E+04 0.173035E+05
    24511.00  0.151684E+02 0.900341E+03 0.750540E+04 0.170791E+05
    24711.00  0.386452E+02 0.470633E+03 0.565500E+04 0.159864E+05
    24911.00  0.614321E+02 0.210270E+03 0.412291E+04 0.142957E+05
    25111.00  0.788409E+02 0.708305E+02 0.290347E+04 0.122690E+05
    25311.00  0.893951E+02 0.115485E+02 0.196793E+04 0.101320E+05
    25511.00  0.934895E+02 0.385548E+00 0.127569E+04 0.806108E+04
    25711.00  0.924081E+02 0.139122E+02 0.782522E+03 0.617932E+04
    25911.00  0.876772E+02 0.363718E+02 0.445931E+03 0.455933E+04
    26111.00  0.806965E+02 0.582823E+02 0.228231E+03 0.323104E+04
    26311.00  0.725701E+02 0.748756E+02 0.977936E+02 0.219131E+04
    26511.00  0.640740E+02 0.846044E+02 0.291674E+02 0.141429E+04
    26711.00  0.556926E+02 0.878637E+02 0.249669E+01 0.860971E+03
    26911.00  0.476916E+02 0.860079E+02 0.265958E+01 0.487250E+03
 K.E.IE==>     12           13           14           15
        1.00  0.000000E+00 0.000000E+00 0.000000E+00 0.000000E+00
        2.00  0.000000E+00 0.000000E+00 0.000000E+00 0.000000E+00
        3.00  0.000000E+00 0.000000E+00 0.000000E+00 0.000000E+00
        4.00  0.000000E+00 0.000000E+00 0.000000E+00 0.000000E+00
        5.00  0.000000E+00 0.000000E+00 0.000000E+00 0.000000E+00
        6.00  0.000000E+00 0.000000E+00 0.000000E+00 0.000000E+00
        7.00  0.000000E+00 0.000000E+00 0.000000E+00 0.000000E+00
        8.00  0.000000E+00 0.000000E+00 0.000000E+00 0.000000E+00
        9.00  0.000000E+00 0.000000E+00 0.000000E+00 0.000000E+00
       10.00  0.000000E+00 0.000000E+00 0.000000E+00 0.000000E+00
       11.00  0.000000E+00 0.000000E+00 0.000000E+00 0.226600E-37
       12.00  0.000000E+00 0.000000E+00 0.392185E-37 0.224698E-36
       13.00  0.000000E+00 0.557703E-37 0.323548E-36 0.185241E-35
       14.00  0.664993E-37 0.393409E-36 0.228079E-35 0.130488E-34
       15.00  0.409891E-36 0.242335E-35 0.140399E-34 0.802672E-34
       16.00  0.224520E-35 0.132655E-34 0.768025E-34 0.438772E-33
       17.00  0.110866E-34 0.654614E-34 0.378742E-33 0.216220E-32
       18.00  0.499399E-34 0.294683E-33 0.170380E-32 0.971984E-32
       19.00  0.207263E-33 0.122222E-32 0.706184E-32 0.402575E-31
       20.00  0.799227E-33 0.470997E-32 0.271952E-31 0.154921E-30
       21.00  0.288410E-32 0.169855E-31 0.980072E-31 0.557908E-30
       22.00  0.979996E-32 0.576783E-31 0.332580E-30 0.189186E-29
       23.00  0.315235E-31 0.185414E-30 0.106839E-29 0.607313E-29
       24.00  0.964424E-31 0.566886E-30 0.326429E-29 0.185421E-28
       25.00  0.281775E-30 0.165520E-29 0.952465E-29 0.540637E-28
       26.00  0.789058E-30 0.463208E-29 0.266366E-28 0.151086E-27
       27.00  0.212460E-29 0.124642E-28 0.716262E-28 0.405980E-27
       28.00  0.551630E-29 0.323410E-28 0.185723E-27 0.105193E-26
       29.00  0.138461E-28 0.811249E-28 0.465555E-27 0.263499E-26
       30.00  0.336756E-28 0.197179E-27 0.113079E-26 0.639554E-26
       31.00  0.795259E-28 0.465343E-27 0.266685E-26 0.150724E-25
       32.00  0.182692E-27 0.106832E-26 0.611833E-26 0.345543E-25
       33.00  0.408963E-27 0.238994E-26 0.136780E-25 0.771931E-25
       34.00  0.893463E-27 0.521794E-26 0.298426E-25 0.168299E-24
       35.00  0.190769E-26 0.111340E-25 0.636344E-25 0.358610E-24
       36.00  0.398603E-26 0.232488E-25 0.132785E-24 0.747765E-24
       37.00  0.815999E-26 0.475630E-25 0.271468E-24 0.152765E-23
       38.00  0.163843E-25 0.954391E-25 0.544353E-24 0.306106E-23
       39.00  0.322993E-25 0.188023E-24 0.107169E-23 0.602208E-23
       40.00  0.625734E-25 0.364020E-24 0.207342E-23 0.116426E-22
       42.00  0.223636E-24 0.129932E-23 0.739066E-23 0.414402E-22
       44.00  0.752603E-24 0.436693E-23 0.248057E-22 0.138887E-21
       46.00  0.239765E-23 0.138942E-22 0.788161E-22 0.440654E-21
       48.00  0.726488E-23 0.420448E-22 0.238177E-21 0.132971E-20
       50.00  0.210219E-22 0.121504E-21 0.687363E-21 0.383189E-20
       52.00  0.583023E-22 0.336543E-21 0.190126E-20 0.105837E-19
       54.00  0.155475E-21 0.896296E-21 0.505658E-20 0.281077E-19
       56.00  0.399794E-21 0.230177E-20 0.129680E-19 0.719802E-19
       58.00  0.993852E-21 0.571457E-20 0.321513E-19 0.178200E-18
       60.00  0.239394E-20 0.137471E-19 0.772377E-19 0.427474E-18
       62.00  0.559899E-20 0.321100E-19 0.180162E-18 0.995668E-18
       64.00  0.127386E-19 0.729605E-19 0.408804E-18 0.225598E-17
       66.00  0.282416E-19 0.161543E-18 0.903899E-18 0.498091E-17
       68.00  0.611058E-19 0.349073E-18 0.195052E-17 0.107327E-16
       70.00  0.129216E-18 0.737194E-18 0.411357E-17 0.226019E-16
       72.00  0.267391E-18 0.152352E-17 0.848959E-17 0.465780E-16
       74.00  0.542120E-18 0.308481E-17 0.171660E-16 0.940441E-16
       76.00  0.107803E-17 0.612629E-17 0.340441E-16 0.186239E-15
       78.00  0.210473E-17 0.119452E-16 0.662887E-16 0.362106E-15
       80.00  0.403821E-17 0.228886E-16 0.126843E-15 0.691877E-15
       82.00  0.762056E-17 0.431368E-16 0.238724E-15 0.130025E-14
       84.00  0.141558E-16 0.800254E-16 0.442259E-15 0.240532E-14
       86.00  0.259033E-16 0.146245E-15 0.807105E-15 0.438319E-14
       88.00  0.467251E-16 0.263454E-15 0.145196E-14 0.787374E-14
       90.00  0.831375E-16 0.468148E-15 0.257651E-14 0.139516E-13
       92.00  0.146002E-15 0.821059E-15 0.451257E-14 0.243994E-13
       94.00  0.253208E-15 0.142208E-14 0.780499E-14 0.421398E-13
       96.00  0.433895E-15 0.243367E-14 0.133385E-13 0.719105E-13
       98.00  0.735012E-15 0.411718E-14 0.225344E-13 0.121309E-12
      100.00  0.123142E-14 0.688878E-14 0.376519E-13 0.202394E-12
      102.00  0.204134E-14 0.114046E-13 0.622473E-13 0.334114E-12
      104.00  0.334961E-14 0.186890E-13 0.101865E-12 0.545962E-12
      106.00  0.544270E-14 0.303274E-13 0.165072E-12 0.883427E-12
      108.00  0.876062E-14 0.487510E-13 0.264983E-12 0.141605E-11
      110.00  0.139735E-13 0.776572E-13 0.421514E-12 0.224923E-11
      112.00  0.220937E-13 0.122623E-12 0.664659E-12 0.354146E-11
      114.00  0.346384E-13 0.191995E-12 0.103923E-11 0.552912E-11
      116.00  0.538645E-13 0.298168E-12 0.161168E-11 0.856216E-11
      118.00  0.831042E-13 0.459418E-12 0.247983E-11 0.131549E-10
      122.00  0.193396E-12 0.106631E-11 0.573969E-11 0.303579E-10
      126.00  0.437407E-12 0.240533E-11 0.129112E-10 0.680875E-10
      130.00  0.963194E-12 0.528265E-11 0.282769E-10 0.148679E-09
      134.00  0.206841E-11 0.113142E-10 0.603933E-10 0.316607E-09
      138.00  0.433806E-11 0.236663E-10 0.125974E-09 0.658454E-09
      142.00  0.889772E-11 0.484128E-10 0.256976E-09 0.133921E-08
      146.00  0.178699E-10 0.969725E-10 0.513290E-09 0.266704E-08
      150.00  0.351819E-10 0.190410E-09 0.100504E-08 0.520667E-08
      154.00  0.679709E-10 0.366890E-09 0.193113E-08 0.997455E-08
      158.00  0.128989E-09 0.694396E-09 0.364468E-08 0.187693E-07
      162.00  0.240656E-09 0.129209E-08 0.676269E-08 0.347226E-07
      166.00  0.441787E-09 0.236563E-08 0.123467E-07 0.632042E-07
      170.00  0.798616E-09 0.426491E-08 0.221966E-07 0.113288E-06
      174.00  0.142260E-08 0.757691E-08 0.393225E-07 0.200096E-06
      178.00  0.249884E-08 0.132734E-07 0.686916E-07 0.348496E-06
      182.00  0.433089E-08 0.229433E-07 0.118398E-06 0.598875E-06
      186.00  0.741054E-08 0.391526E-07 0.201474E-06 0.101603E-05
      190.00  0.125255E-07 0.659989E-07 0.338658E-06 0.170271E-05
      194.00  0.209233E-07 0.109952E-06 0.562592E-06 0.282010E-05
      198.00  0.345595E-07 0.181121E-06 0.924108E-06 0.461832E-05
      202.00  0.564676E-07 0.295141E-06 0.150157E-05 0.748160E-05
      206.00  0.913083E-07 0.475956E-06 0.241459E-05 0.119944E-04
      210.00  0.146175E-06 0.759898E-06 0.384407E-05 0.190377E-04
      214.00  0.231768E-06 0.120160E-05 0.606112E-05 0.299267E-04
      218.00  0.364088E-06 0.188249E-05 0.946856E-05 0.466092E-04
      222.00  0.566861E-06 0.292298E-05 0.146599E-04 0.719448E-04
      226.00  0.874993E-06 0.449959E-05 0.225026E-04 0.110098E-03
      230.00  0.133943E-05 0.686924E-05 0.342547E-04 0.167087E-03
      234.00  0.203400E-05 0.104029E-04 0.517270E-04 0.251546E-03
      238.00  0.306487E-05 0.156326E-04 0.775073E-04 0.375765E-03
      242.00  0.458368E-05 0.233157E-04 0.115268E-03 0.557126E-03
      246.00  0.680559E-05 0.345234E-04 0.170184E-03 0.820038E-03
      250.00  0.100338E-04 0.507606E-04 0.249503E-03 0.119856E-02
      254.00  0.146931E-04 0.741282E-04 0.363309E-03 0.173991E-02
      258.00  0.213746E-04 0.107542E-03 0.525547E-03 0.250916E-02
      262.00  0.308966E-04 0.155023E-03 0.755389E-03 0.359542E-02
      266.00  0.443846E-04 0.222088E-03 0.107904E-02 0.512010E-02
      270.00  0.633790E-04 0.316260E-03 0.153212E-02 0.724759E-02
      274.00  0.899760E-04 0.447742E-03 0.216278E-02 0.101993E-01
      282.00  0.178312E-03 0.882442E-03 0.423775E-02 0.198612E-01
      290.00  0.345895E-03 0.170234E-02 0.812746E-02 0.378554E-01
      298.00  0.657533E-03 0.321818E-02 0.152747E-01 0.707036E-01
      306.00  0.122621E-02 0.596819E-02 0.281611E-01 0.129541E+00
      314.00  0.224550E-02 0.108685E-01 0.509822E-01 0.233055E+00
      322.00  0.404170E-02 0.194534E-01 0.907142E-01 0.412087E+00
      330.00  0.715619E-02 0.342516E-01 0.158777E+00 0.716750E+00
      338.00  0.124740E-01 0.593701E-01 0.273585E+00 0.122725E+01
      346.00  0.214216E-01 0.101384E+00 0.464416E+00 0.207012E+01
      354.00  0.362672E-01 0.170679E+00 0.777184E+00 0.344236E+01
      362.00  0.605715E-01 0.283451E+00 0.128298E+01 0.564658E+01
      370.00  0.998554E-01 0.464642E+00 0.209050E+01 0.914205E+01
      378.00  0.162579E+00 0.752217E+00 0.336402E+01 0.146174E+02
      386.00  0.261562E+00 0.120331E+01 0.534896E+01 0.230935E+02
      394.00  0.416016E+00 0.190296E+01 0.840796E+01 0.360673E+02
      402.00  0.654436E+00 0.297645E+01 0.130714E+02 0.557105E+02
      410.00  0.101868E+01 0.460650E+01 0.201071E+02 0.851429E+02
      418.00  0.156961E+01 0.705708E+01 0.306160E+02 0.128803E+03
      426.00  0.239498E+01 0.107060E+02 0.461625E+02 0.192944E+03
      434.00  0.362011E+01 0.160891E+02 0.689486E+02 0.286302E+03
      442.00  0.542252E+01 0.239600E+02 0.102048E+03 0.420972E+03
      450.00  0.805151E+01 0.353699E+02 0.149715E+03 0.613556E+03
      458.00  0.118545E+02 0.517731E+02 0.217793E+03 0.886667E+03
      466.00  0.173119E+02 0.751662E+02 0.314239E+03 0.127086E+04
      474.00  0.250833E+02 0.108271E+03 0.449820E+03 0.180712E+04
      482.00  0.360672E+02 0.154768E+03 0.638986E+03 0.255001E+04
      490.00  0.514801E+02 0.219605E+03 0.901002E+03 0.357164E+04
      498.00  0.729566E+02 0.309382E+03 0.126137E+04 0.496669E+04
      506.00  0.102680E+03 0.432849E+03 0.175364E+04 0.685862E+04
      514.00  0.143548E+03 0.601533E+03 0.242165E+04 0.940739E+04
      522.00  0.199383E+03 0.830526E+03 0.332235E+04 0.128190E+05
      530.00  0.275195E+03 0.113947E+04 0.452923E+04 0.173569E+05
      538.00  0.377518E+03 0.155378E+04 0.613665E+04 0.233566E+05
      546.00  0.514823E+03 0.210616E+04 0.826500E+04 0.312421E+05
      554.00  0.698027E+03 0.283843E+04 0.110671E+05 0.415469E+05
      562.00  0.941135E+03 0.380386E+04 0.147356E+05 0.549380E+05
      570.00  0.126201E+04 0.506984E+04 0.195128E+05 0.722456E+05
      578.00  0.168335E+04 0.672131E+04 0.257011E+05 0.944971E+05
      586.00  0.223379E+04 0.886477E+04 0.336762E+05 0.122958E+06
      596.00  0.315904E+04 0.124417E+05 0.468752E+05 0.169662E+06
      606.00  0.443442E+04 0.173265E+05 0.647574E+05 0.232294E+06
      616.00  0.617828E+04 0.239556E+05 0.887905E+05 0.315707E+06
      626.00  0.854711E+04 0.328842E+05 0.120874E+06 0.425976E+06
      636.00  0.117430E+05 0.448287E+05 0.163409E+06 0.570741E+06
      646.00  0.160263E+05 0.607026E+05 0.219424E+06 0.759520E+06
      656.00  0.217308E+05 0.816635E+05 0.292715E+06 0.100409E+07
      666.00  0.292809E+05 0.109169E+06 0.388009E+06 0.131892E+07
      676.00  0.392139E+05 0.145046E+06 0.511154E+06 0.172170E+07
      686.00  0.522054E+05 0.191565E+06 0.669345E+06 0.223389E+07
      696.00  0.691011E+05 0.251537E+06 0.871379E+06 0.288140E+07
      706.00  0.909528E+05 0.328426E+06 0.112796E+07 0.369532E+07
      716.00  0.119063E+06 0.426466E+06 0.145202E+07 0.471271E+07
      726.00  0.155035E+06 0.550818E+06 0.185913E+07 0.597756E+07
      736.00  0.200834E+06 0.707731E+06 0.236790E+07 0.754172E+07
      746.00  0.258854E+06 0.904738E+06 0.300048E+07 0.946600E+07
      756.00  0.332000E+06 0.115087E+07 0.378310E+07 0.118213E+08
      766.00  0.423780E+06 0.145691E+07 0.474663E+07 0.146900E+08
      776.00  0.538412E+06 0.183566E+07 0.592730E+07 0.181671E+08
      786.00  0.680942E+06 0.230226E+07 0.736731E+07 0.223617E+08
      796.00  0.857383E+06 0.287454E+07 0.911571E+07 0.273984E+08
      806.00  0.107486E+07 0.357337E+07 0.112291E+08 0.334189E+08
      816.00  0.134181E+07 0.442310E+07 0.137726E+08 0.405833E+08
      826.00  0.166811E+07 0.545199E+07 0.168207E+08 0.490716E+08
      836.00  0.206539E+07 0.669276E+07 0.204583E+08 0.590857E+08
      846.00  0.254718E+07 0.818306E+07 0.247817E+08 0.708501E+08
      856.00  0.312921E+07 0.996609E+07 0.298998E+08 0.846139E+08
      866.00  0.382970E+07 0.120912E+08 0.359346E+08 0.100652E+09
      876.00  0.466966E+07 0.146144E+08 0.430231E+08 0.119265E+09
      886.00  0.567322E+07 0.175993E+08 0.513177E+08 0.140782E+09
      896.00  0.686801E+07 0.211177E+08 0.609874E+08 0.165560E+09
      906.00  0.828553E+07 0.252501E+08 0.722192E+08 0.193986E+09
      916.00  0.996159E+07 0.300868E+08 0.852186E+08 0.226474E+09
      926.00  0.119368E+08 0.357286E+08 0.100211E+09 0.263468E+09
      936.00  0.142568E+08 0.422873E+08 0.117441E+09 0.305441E+09
      946.00  0.169732E+08 0.498868E+08 0.137175E+09 0.352890E+09
      956.00  0.201435E+08 0.586636E+08 0.159701E+09 0.406340E+09
      966.00  0.238322E+08 0.687676E+08 0.185329E+09 0.466339E+09
      976.00  0.281110E+08 0.803629E+08 0.214389E+09 0.533456E+09
      986.00  0.330593E+08 0.936285E+08 0.247235E+09 0.608276E+09
      996.00  0.387651E+08 0.108759E+09 0.284242E+09 0.691402E+09
     1006.00  0.453252E+08 0.125963E+09 0.325804E+09 0.783442E+09
     1016.00  0.528460E+08 0.145469E+09 0.372337E+09 0.885013E+09
     1026.00  0.614439E+08 0.167519E+09 0.424275E+09 0.996728E+09
     1036.00  0.712459E+08 0.192373E+09 0.482067E+09 0.111919E+10
     1046.00  0.823899E+08 0.220306E+09 0.546178E+09 0.125300E+10
     1056.00  0.950255E+08 0.251612E+09 0.617086E+09 0.139872E+10
     1066.00  0.109314E+09 0.286601E+09 0.695276E+09 0.155689E+10
     1076.00  0.125430E+09 0.325597E+09 0.781243E+09 0.172802E+10
     1086.00  0.143560E+09 0.368941E+09 0.875481E+09 0.191256E+10
     1096.00  0.163902E+09 0.416987E+09 0.978486E+09 0.211093E+10
     1106.00  0.186670E+09 0.470101E+09 0.109074E+10 0.232345E+10
     1116.00  0.212087E+09 0.528663E+09 0.121273E+10 0.255038E+10
     1126.00  0.240394E+09 0.593061E+09 0.134491E+10 0.279191E+10
     1136.00  0.271840E+09 0.663690E+09 0.148771E+10 0.304811E+10
     1146.00  0.306690E+09 0.740952E+09 0.164156E+10 0.331898E+10
     1156.00  0.345219E+09 0.825254E+09 0.180683E+10 0.360439E+10
     1166.00  0.387715E+09 0.916999E+09 0.198385E+10 0.390410E+10
     1176.00  0.434475E+09 0.101659E+10 0.217292E+10 0.421773E+10
     1186.00  0.485808E+09 0.112442E+10 0.237428E+10 0.454478E+10
     1196.00  0.542030E+09 0.124088E+10 0.258810E+10 0.488460E+10
     1206.00  0.603464E+09 0.136634E+10 0.281450E+10 0.523641E+10
     1216.00  0.670442E+09 0.150116E+10 0.305351E+10 0.559926E+10
     1226.00  0.743297E+09 0.164566E+10 0.330508E+10 0.597208E+10
     1236.00  0.822368E+09 0.180016E+10 0.356910E+10 0.635362E+10
     1246.00  0.907992E+09 0.196493E+10 0.384535E+10 0.674252E+10
     1256.00  0.100051E+10 0.214021E+10 0.413350E+10 0.713722E+10
     1266.00  0.110024E+10 0.232619E+10 0.443313E+10 0.753605E+10
     1276.00  0.120752E+10 0.252304E+10 0.474373E+10 0.793720E+10
     1286.00  0.132266E+10 0.273084E+10 0.506464E+10 0.833870E+10
     1296.00  0.144597E+10 0.294965E+10 0.539513E+10 0.873849E+10
     1306.00  0.157772E+10 0.317944E+10 0.573432E+10 0.913439E+10
     1316.00  0.171820E+10 0.342014E+10 0.608123E+10 0.952412E+10
     1326.00  0.186764E+10 0.367160E+10 0.643478E+10 0.990532E+10
     1336.00  0.202626E+10 0.393360E+10 0.679374E+10 0.102756E+11
     1346.00  0.219426E+10 0.420582E+10 0.715678E+10 0.106324E+11
     1356.00  0.237179E+10 0.448789E+10 0.752248E+10 0.109732E+11
     1366.00  0.255897E+10 0.477933E+10 0.788928E+10 0.112957E+11
     1376.00  0.275587E+10 0.507958E+10 0.825555E+10 0.115971E+11
     1386.00  0.296253E+10 0.538800E+10 0.861955E+10 0.118752E+11
     1396.00  0.317894E+10 0.570386E+10 0.897948E+10 0.121275E+11
     1406.00  0.340503E+10 0.602632E+10 0.933345E+10 0.123517E+11
     1416.00  0.364067E+10 0.635446E+10 0.967951E+10 0.125456E+11
     1426.00  0.388569E+10 0.668728E+10 0.100157E+11 0.127072E+11
     1436.00  0.413985E+10 0.702368E+10 0.103399E+11 0.128346E+11
     1446.00  0.440283E+10 0.736246E+10 0.106501E+11 0.129261E+11
     1456.00  0.467427E+10 0.770237E+10 0.109443E+11 0.129801E+11
     1466.00  0.495373E+10 0.804204E+10 0.112204E+11 0.129956E+11
     1476.00  0.524069E+10 0.838008E+10 0.114763E+11 0.129714E+11
     1486.00  0.553456E+10 0.871497E+10 0.117102E+11 0.129068E+11
     1496.00  0.583470E+10 0.904519E+10 0.119201E+11 0.128015E+11
     1506.00  0.614038E+10 0.936913E+10 0.121042E+11 0.126553E+11
     1516.00  0.645079E+10 0.968514E+10 0.122607E+11 0.124683E+11
     1526.00  0.676506E+10 0.999155E+10 0.123881E+11 0.122412E+11
     1536.00  0.708223E+10 0.102867E+11 0.124849E+11 0.119747E+11
     1546.00  0.740129E+10 0.105687E+11 0.125498E+11 0.116701E+11
     1556.00  0.772116E+10 0.108360E+11 0.125815E+11 0.113288E+11
     1566.00  0.804068E+10 0.110869E+11 0.125793E+11 0.109528E+11
     1576.00  0.835865E+10 0.113196E+11 0.125423E+11 0.105442E+11
     1586.00  0.867379E+10 0.115325E+11 0.124700E+11 0.101055E+11
     1596.00  0.898479E+10 0.117240E+11 0.123621E+11 0.963950E+10
     1606.00  0.929029E+10 0.118926E+11 0.122186E+11 0.914928E+10
     1616.00  0.958886E+10 0.120368E+11 0.120396E+11 0.863816E+10
     1626.00  0.987908E+10 0.121553E+11 0.118256E+11 0.810972E+10
     1636.00  0.101595E+11 0.122467E+11 0.115772E+11 0.756774E+10
     1646.00  0.104285E+11 0.123100E+11 0.112955E+11 0.701617E+10
     1656.00  0.106848E+11 0.123441E+11 0.109817E+11 0.645910E+10
     1666.00  0.109268E+11 0.123482E+11 0.106373E+11 0.590075E+10
     1676.00  0.111529E+11 0.123216E+11 0.102641E+11 0.534539E+10
     1686.00  0.113618E+11 0.122637E+11 0.986412E+10 0.479734E+10
     1696.00  0.115520E+11 0.121742E+11 0.943955E+10 0.426088E+10
     1706.00  0.117221E+11 0.120530E+11 0.899293E+10 0.374026E+10
     1716.00  0.118706E+11 0.119001E+11 0.852697E+10 0.323964E+10
     1726.00  0.119965E+11 0.117157E+11 0.804458E+10 0.276301E+10
     1736.00  0.120983E+11 0.115004E+11 0.754885E+10 0.231423E+10
     1746.00  0.121749E+11 0.112547E+11 0.704303E+10 0.189691E+10
     1756.00  0.122253E+11 0.109796E+11 0.653050E+10 0.151440E+10
     1766.00  0.122485E+11 0.106762E+11 0.601477E+10 0.116977E+10
     1776.00  0.122436E+11 0.103459E+11 0.549941E+10 0.865768E+09
     1786.00  0.122099E+11 0.999023E+10 0.498805E+10 0.604759E+09
     1796.00  0.121466E+11 0.961097E+10 0.448433E+10 0.388742E+09
     1806.00  0.120533E+11 0.921011E+10 0.399189E+10 0.219304E+09
     1816.00  0.119293E+11 0.878987E+10 0.351432E+10 0.976134E+08
     1826.00  0.117743E+11 0.835265E+10 0.305514E+10 0.244080E+08
     1836.00  0.115880E+11 0.790106E+10 0.261776E+10 0.897280E+00
     1846.00  0.113700E+11 0.743790E+10 0.220544E+10 0.242909E+08
     1856.00  0.111196E+11 0.696619E+10 0.182128E+10 0.968085E+08
     1866.00  0.108363E+11 0.648917E+10 0.146815E+10 0.216778E+09
     1876.00  0.105184E+11 0.601034E+10 0.114871E+10 0.383253E+09
     1886.00  0.101635E+11 0.553361E+10 0.865331E+09 0.595378E+09
     1896.00  0.976622E+10 0.506356E+10 0.620110E+09 0.852939E+09
     1906.00  0.931555E+10 0.460612E+10 0.414826E+09 0.115768E+10
     1916.00  0.878566E+10 0.417067E+10 0.250937E+09 0.151708E+10
     1926.00  0.810370E+10 0.377768E+10 0.129622E+09 0.195844E+10
     1936.00  0.697223E+10 0.350467E+10 0.522380E+08 0.261416E+10
     1946.00  0.177193E+10 0.481105E+10 0.500511E+08 0.640375E+10
     1956.00  0.109661E+11 0.175235E+10 0.257040E+08 0.178837E+10
     1966.00  0.861995E+10 0.168918E+10 0.743124E+08 0.268856E+10
     1976.00  0.767089E+10 0.143034E+10 0.166786E+09 0.324027E+10
     1986.00  0.697955E+10 0.115456E+10 0.299930E+09 0.371403E+10
     1996.00  0.637988E+10 0.893538E+09 0.471869E+09 0.415305E+10
     2006.00  0.582454E+10 0.658512E+09 0.680449E+09 0.456751E+10
     2016.00  0.529623E+10 0.455118E+09 0.923155E+09 0.495878E+10
     2026.00  0.478817E+10 0.286802E+09 0.119712E+10 0.532518E+10
     2036.00  0.429804E+10 0.155891E+09 0.149912E+10 0.566386E+10
     2046.00  0.382568E+10 0.639961E+08 0.182566E+10 0.597155E+10
     2056.00  0.337206E+10 0.121847E+08 0.217293E+10 0.624493E+10
     2066.00  0.293872E+10 0.106007E+07 0.253689E+10 0.648085E+10
     2076.00  0.252758E+10 0.307977E+08 0.291327E+10 0.667648E+10
     2086.00  0.214066E+10 0.101165E+09 0.329765E+10 0.682936E+10
     2096.00  0.178008E+10 0.211534E+09 0.368549E+10 0.693748E+10
     2106.00  0.144788E+10 0.360885E+09 0.407214E+10 0.699936E+10
     2116.00  0.114604E+10 0.547819E+09 0.445294E+10 0.701404E+10
     2126.00  0.876404E+09 0.770564E+09 0.482325E+10 0.698115E+10
     2136.00  0.640632E+09 0.102698E+10 0.517846E+10 0.690090E+10
     2146.00  0.440181E+09 0.131459E+10 0.551413E+10 0.677413E+10
     2156.00  0.276273E+09 0.163058E+10 0.582594E+10 0.660226E+10
     2166.00  0.149868E+09 0.197180E+10 0.610982E+10 0.638735E+10
     2176.00  0.616385E+08 0.233485E+10 0.636197E+10 0.613201E+10
     2186.00  0.119550E+08 0.271603E+10 0.657888E+10 0.583945E+10
     2196.00  0.862455E+06 0.311141E+10 0.675743E+10 0.551341E+10
     2206.00  0.280679E+08 0.351687E+10 0.689491E+10 0.515814E+10
     2216.00  0.929266E+08 0.392809E+10 0.698904E+10 0.477834E+10
     2226.00  0.194432E+09 0.434063E+10 0.703805E+10 0.437913E+10
     2236.00  0.331208E+09 0.474997E+10 0.704069E+10 0.396598E+10
     2246.00  0.501505E+09 0.515150E+10 0.699625E+10 0.354466E+10
     2256.00  0.703198E+09 0.554064E+10 0.690462E+10 0.312115E+10
     2266.00  0.933787E+09 0.591282E+10 0.676628E+10 0.270159E+10
     2276.00  0.119040E+10 0.626355E+10 0.658232E+10 0.229218E+10
     2286.00  0.146982E+10 0.658849E+10 0.635447E+10 0.189911E+10
     2296.00  0.176846E+10 0.688346E+10 0.608507E+10 0.152849E+10
     2306.00  0.208241E+10 0.714453E+10 0.577710E+10 0.118624E+10
     2316.00  0.240745E+10 0.736801E+10 0.543414E+10 0.877984E+09
     2326.00  0.273907E+10 0.755059E+10 0.506040E+10 0.609026E+09
     2336.00  0.307248E+10 0.768927E+10 0.466062E+10 0.384201E+09
     2346.00  0.340269E+10 0.778151E+10 0.424014E+10 0.207816E+09
     2356.00  0.372449E+10 0.782523E+10 0.380478E+10 0.835553E+08
     2366.00  0.403254E+10 0.781885E+10 0.336084E+10 0.144039E+08
     2376.00  0.432139E+10 0.776134E+10 0.291505E+10 0.256328E+07
     2386.00  0.458555E+10 0.765226E+10 0.247450E+10 0.493780E+08
     2396.00  0.481954E+10 0.749180E+10 0.204658E+10 0.155264E+09
     2406.00  0.501797E+10 0.728082E+10 0.163891E+10 0.319644E+09
     2416.00  0.517563E+10 0.702083E+10 0.125928E+10 0.540885E+09
     2426.00  0.528753E+10 0.671408E+10 0.915531E+09 0.816248E+09
     2436.00  0.534908E+10 0.636357E+10 0.615477E+09 0.114184E+10
     2446.00  0.535617E+10 0.597303E+10 0.366801E+09 0.151256E+10
     2456.00  0.530531E+10 0.554697E+10 0.176927E+09 0.192212E+10
     2466.00  0.519379E+10 0.509069E+10 0.528893E+08 0.236295E+10
     2476.00  0.501990E+10 0.461026E+10 0.117258E+07 0.282624E+10
     2486.00  0.478315E+10 0.411250E+10 0.275391E+08 0.330197E+10
     2496.00  0.448449E+10 0.360503E+10 0.136820E+09 0.377888E+10
     2506.00  0.412670E+10 0.309612E+10 0.332673E+09 0.424459E+10
     2516.00  0.371467E+10 0.259473E+10 0.617303E+09 0.468567E+10
     2526.00  0.325586E+10 0.211037E+10 0.991123E+09 0.508781E+10
     2536.00  0.276075E+10 0.165299E+10 0.145237E+10 0.543605E+10
     2546.00  0.224332E+10 0.123275E+10 0.199665E+10 0.571510E+10
     2556.00  0.172157E+10 0.859829E+09 0.261645E+10 0.590983E+10
     2566.00  0.121796E+10 0.543997E+09 0.330056E+10 0.600590E+10
     2576.00  0.759772E+09 0.294182E+09 0.403355E+10 0.599061E+10
     2586.00  0.379170E+09 0.117841E+09 0.479529E+10 0.585398E+10
     2596.00  0.112858E+09 0.202120E+08 0.556059E+10 0.559011E+10
     2606.00  0.107022E+07 0.343132E+07 0.629922E+10 0.519880E+10
     2616.00  0.856397E+08 0.655864E+08 0.697643E+10 0.468717E+10
     2626.00  0.406929E+09 0.199823E+09 0.755431E+10 0.407131E+10
     2636.00  0.999508E+09 0.393701E+09 0.799399E+10 0.337741E+10
     2646.00  0.188676E+10 0.629062E+09 0.825911E+10 0.264197E+10
     2656.00  0.307498E+10 0.882692E+09 0.832006E+10 0.191054E+10
     2666.00  0.454811E+10 0.112800E+10 0.815882E+10 0.123466E+10
     2676.00  0.626447E+10 0.133775E+10 0.777313E+10 0.666898E+09
     2686.00  0.815700E+10 0.148747E+10 0.717922E+10 0.254528E+09
     2696.00  0.101379E+11 0.155910E+10 0.641176E+10 0.330160E+08
     2706.00  0.121072E+11 0.154381E+10 0.552077E+10 0.207834E+08
     2716.00  0.139641E+11 0.144346E+10 0.456566E+10 0.216577E+09
     2726.00  0.156185E+11 0.127021E+10 0.360793E+10 0.600134E+09
     2736.00  0.169993E+11 0.104448E+10 0.270391E+10 0.113585E+10
     2746.00  0.180605E+11 0.791881E+09 0.189920E+10 0.177841E+10
     2756.00  0.187812E+11 0.539774E+09 0.122554E+10 0.247886E+10
     2766.00  0.191632E+11 0.314306E+09 0.700185E+09 0.319008E+10
     2776.00  0.192262E+11 0.138214E+09 0.327280E+09 0.387066E+10
     2786.00  0.190025E+11 0.295556E+08 0.100395E+09 0.448724E+10
     2796.00  0.185312E+11 0.126151E+07 0.548658E+07 0.501523E+10
     2806.00  0.178543E+11 0.612807E+08 0.237300E+08 0.543858E+10
     2816.00  0.170137E+11 0.213093E+09 0.133920E+09 0.574879E+10
     2826.00  0.160488E+11 0.456393E+09 0.314317E+09 0.594372E+10
     2836.00  0.149952E+11 0.787813E+09 0.543953E+09 0.602623E+10
     2846.00  0.138847E+11 0.120160E+10 0.803487E+09 0.600299E+10
     2856.00  0.127444E+11 0.169022E+10 0.107570E+10 0.588337E+10
     2866.00  0.115977E+11 0.224484E+10 0.134574E+10 0.567860E+10
     2876.00  0.104639E+11 0.285576E+10 0.160119E+10 0.540103E+10
     2886.00  0.935887E+10 0.351273E+10 0.183201E+10 0.506355E+10
     2896.00  0.829559E+10 0.420523E+10 0.203042E+10 0.467918E+10
     2906.00  0.728416E+10 0.492266E+10 0.219075E+10 0.426070E+10
     2916.00  0.633242E+10 0.565455E+10 0.230928E+10 0.382038E+10
     2926.00  0.544610E+10 0.639066E+10 0.238401E+10 0.336981E+10
     2936.00  0.462916E+10 0.712116E+10 0.241453E+10 0.291973E+10
     2946.00  0.388400E+10 0.783667E+10 0.240179E+10 0.247991E+10
     2956.00  0.321166E+10 0.852837E+10 0.234798E+10 0.205907E+10
     2966.00  0.261200E+10 0.918809E+10 0.225633E+10 0.166483E+10
     2976.00  0.208385E+10 0.980834E+10 0.213092E+10 0.130367E+10
     2986.00  0.162518E+10 0.103824E+11 0.197660E+10 0.980896E+09
     2996.00  0.123318E+10 0.109043E+11 0.179876E+10 0.700663E+09
     3006.00  0.904431E+09 0.113689E+11 0.160323E+10 0.465983E+09
     3016.00  0.634977E+09 0.117721E+11 0.139613E+10 0.278749E+09
     3026.00  0.420435E+09 0.121102E+11 0.118375E+10 0.139787E+09
     3036.00  0.256096E+09 0.123809E+11 0.972408E+09 0.489071E+08
     3046.00  0.137013E+09 0.125825E+11 0.768330E+09 0.497261E+07
     3056.00  0.580857E+08 0.127140E+11 0.577555E+09 0.597650E+07
     3066.00  0.141427E+08 0.127756E+11 0.405827E+09 0.491281E+08
     3076.00  0.172831E+05 0.127680E+11 0.258501E+09 0.130947E+09
     3086.00  0.106193E+08 0.126927E+11 0.140464E+09 0.247360E+09
     3096.00  0.410018E+08 0.125521E+11 0.560600E+08 0.393811E+09
     3106.00  0.864223E+08 0.123491E+11 0.903282E+07 0.565361E+09
     3116.00  0.142398E+09 0.120872E+11 0.247495E+07 0.756803E+09
     3126.00  0.204758E+09 0.117704E+11 0.387907E+08 0.962764E+09
     3136.00  0.269681E+09 0.114034E+11 0.119671E+09 0.117782E+10
     3146.00  0.333739E+09 0.109910E+11 0.246077E+09 0.139658E+10
     3156.00  0.393925E+09 0.105385E+11 0.418241E+09 0.161380E+10
     3166.00  0.447672E+09 0.100514E+11 0.635673E+09 0.182449E+10
     3176.00  0.492878E+09 0.953527E+10 0.897182E+09 0.202396E+10
     3186.00  0.527907E+09 0.899594E+10 0.120090E+10 0.220791E+10
     3196.00  0.551599E+09 0.843916E+10 0.154433E+10 0.237251E+10
     3206.00  0.563261E+09 0.787063E+10 0.192439E+10 0.251444E+10
     3216.00  0.562659E+09 0.729594E+10 0.233745E+10 0.263095E+10
     3226.00  0.550000E+09 0.672047E+10 0.277943E+10 0.271987E+10
     3236.00  0.525914E+09 0.614939E+10 0.324584E+10 0.277966E+10
     3246.00  0.491423E+09 0.558754E+10 0.373184E+10 0.280939E+10
     3256.00  0.447911E+09 0.503942E+10 0.423237E+10 0.280877E+10
     3266.00  0.397086E+09 0.450915E+10 0.474213E+10 0.277812E+10
     3276.00  0.340947E+09 0.400041E+10 0.525577E+10 0.271837E+10
     3286.00  0.281735E+09 0.351644E+10 0.576786E+10 0.263098E+10
     3296.00  0.221892E+09 0.306003E+10 0.627303E+10 0.251797E+10
     3306.00  0.164016E+09 0.263346E+10 0.676602E+10 0.238183E+10
     3316.00  0.110813E+09 0.223853E+10 0.724177E+10 0.222547E+10
     3326.00  0.650526E+08 0.187658E+10 0.769542E+10 0.205218E+10
     3336.00  0.295200E+08 0.154844E+10 0.812245E+10 0.186554E+10
     3346.00  0.697153E+07 0.125449E+10 0.851867E+10 0.166937E+10
     3356.00  0.914058E+05 0.994669E+09 0.888029E+10 0.146769E+10
     3366.00  0.114505E+08 0.768497E+09 0.920397E+10 0.126457E+10
     3376.00  0.434677E+08 0.575100E+09 0.948682E+10 0.106417E+10
     3386.00  0.983740E+08 0.413252E+09 0.972646E+10 0.870568E+09
     3396.00  0.178181E+09 0.281404E+09 0.992099E+10 0.687777E+09
     3406.00  0.284651E+09 0.177729E+09 0.100691E+11 0.519634E+09
     3416.00  0.419273E+09 0.100160E+09 0.101698E+11 0.369764E+09
     3426.00  0.583244E+09 0.464322E+08 0.102230E+11 0.241521E+09
     3436.00  0.777448E+09 0.141292E+08 0.102287E+11 0.137943E+09
     3446.00  0.100245E+10 0.723616E+06 0.101876E+11 0.617114E+08
     3456.00  0.125848E+10 0.362082E+07 0.101009E+11 0.151141E+08
     3466.00  0.154545E+10 0.202008E+08 0.997009E+10 0.208641E+05
     3476.00  0.186291E+10 0.478581E+08 0.979723E+10 0.178607E+08
     3486.00  0.221011E+10 0.840402E+08 0.958463E+10 0.696079E+08
     3496.00  0.258596E+10 0.126283E+09 0.933499E+10 0.155775E+09
     3506.00  0.298908E+10 0.172243E+09 0.905128E+10 0.276413E+09
     3516.00  0.341778E+10 0.219730E+09 0.873671E+10 0.431116E+09
     3526.00  0.387009E+10 0.266727E+09 0.839470E+10 0.619034E+09
     3536.00  0.434382E+10 0.311422E+09 0.802881E+10 0.838891E+09
     3546.00  0.483651E+10 0.352218E+09 0.764273E+10 0.108901E+10
     3556.00  0.534550E+10 0.387754E+09 0.724021E+10 0.136733E+10
     3566.00  0.586798E+10 0.416916E+09 0.682499E+10 0.167147E+10
     3576.00  0.640096E+10 0.438843E+09 0.640081E+10 0.199871E+10
     3586.00  0.694134E+10 0.452929E+09 0.597135E+10 0.234608E+10
     3596.00  0.748591E+10 0.458829E+09 0.554017E+10 0.271039E+10
     3606.00  0.803143E+10 0.456451E+09 0.511070E+10 0.308826E+10
     3616.00  0.857461E+10 0.445952E+09 0.468621E+10 0.347615E+10
     3626.00  0.911216E+10 0.427727E+09 0.426975E+10 0.387044E+10
     3636.00  0.964080E+10 0.402398E+09 0.386416E+10 0.426748E+10
     3646.00  0.101573E+11 0.370797E+09 0.347203E+10 0.466357E+10
     3656.00  0.106587E+11 0.333953E+09 0.309568E+10 0.505508E+10
     3666.00  0.111417E+11 0.293068E+09 0.273717E+10 0.543843E+10
     3676.00  0.116036E+11 0.249500E+09 0.239825E+10 0.581017E+10
     3686.00  0.120417E+11 0.204738E+09 0.208041E+10 0.616700E+10
     3696.00  0.124533E+11 0.160382E+09 0.178481E+10 0.650580E+10
     3706.00  0.128361E+11 0.118117E+09 0.151233E+10 0.682367E+10
     3716.00  0.131879E+11 0.796871E+08 0.126356E+10 0.711793E+10
     3726.00  0.135069E+11 0.468761E+08 0.103882E+10 0.738620E+10
     3736.00  0.137913E+11 0.214787E+08 0.838126E+09 0.762634E+10
     3746.00  0.140396E+11 0.527852E+07 0.661265E+09 0.783656E+10
     3756.00  0.142506E+11 0.247007E+05 0.507767E+09 0.801534E+10
     3766.00  0.144234E+11 0.740961E+07 0.376939E+09 0.816149E+10
     3776.00  0.145573E+11 0.290478E+08 0.267884E+09 0.827416E+10
     3786.00  0.146519E+11 0.664559E+08 0.179517E+09 0.835280E+10
     3796.00  0.147069E+11 0.121035E+09 0.110592E+09 0.839719E+10
     3806.00  0.147224E+11 0.194053E+09 0.597236E+08 0.840743E+10
     3816.00  0.146988E+11 0.286630E+09 0.254089E+08 0.838391E+10
     3826.00  0.146366E+11 0.399726E+09 0.605489E+07 0.832734E+10
     3836.00  0.145365E+11 0.534129E+09 0.358317E+02 0.823867E+10
     3846.00  0.143995E+11 0.690446E+09 0.553918E+07 0.811913E+10
     3856.00  0.142270E+11 0.869095E+09 0.209466E+08 0.797020E+10
     3866.00  0.140202E+11 0.107030E+10 0.444985E+08 0.779354E+10
     3876.00  0.137807E+11 0.129409E+10 0.744952E+08 0.759105E+10
     3886.00  0.135103E+11 0.154030E+10 0.109281E+09 0.736478E+10
     3896.00  0.132108E+11 0.180857E+10 0.147264E+09 0.711690E+10
     3906.00  0.128843E+11 0.209833E+10 0.186932E+09 0.684974E+10
     3916.00  0.125328E+11 0.240883E+10 0.226873E+09 0.656569E+10
     3926.00  0.121586E+11 0.273914E+10 0.265784E+09 0.626724E+10
     3936.00  0.117639E+11 0.308817E+10 0.302487E+09 0.595688E+10
     3946.00  0.113512E+11 0.345463E+10 0.335940E+09 0.563714E+10
     3956.00  0.109227E+11 0.383709E+10 0.365242E+09 0.531055E+10
     3966.00  0.104810E+11 0.423398E+10 0.389646E+09 0.497957E+10
     3976.00  0.100283E+11 0.464361E+10 0.408558E+09 0.464664E+10
     3986.00  0.956720E+10 0.506415E+10 0.421543E+09 0.431411E+10
     3996.00  0.909996E+10 0.549368E+10 0.428326E+09 0.398422E+10
     4006.00  0.862896E+10 0.593019E+10 0.428790E+09 0.365913E+10
     4016.00  0.815646E+10 0.637161E+10 0.422976E+09 0.334083E+10
     4026.00  0.768469E+10 0.681580E+10 0.411075E+09 0.303119E+10
     4036.00  0.721577E+10 0.726059E+10 0.393426E+09 0.273192E+10
     4046.00  0.675174E+10 0.770378E+10 0.370507E+09 0.244456E+10
     4056.00  0.629454E+10 0.814318E+10 0.342928E+09 0.217047E+10
     4066.00  0.584598E+10 0.857659E+10 0.311419E+09 0.191085E+10
     4076.00  0.540777E+10 0.900185E+10 0.276822E+09 0.166669E+10
     4086.00  0.498148E+10 0.941683E+10 0.240077E+09 0.143882E+10
     4096.00  0.456854E+10 0.981946E+10 0.202211E+09 0.122785E+10
     4106.00  0.417027E+10 0.102077E+11 0.164324E+09 0.103423E+10
     4116.00  0.378781E+10 0.105798E+11 0.127576E+09 0.858222E+09
     4126.00  0.342220E+10 0.109337E+11 0.931741E+08 0.699916E+09
     4136.00  0.307429E+10 0.112678E+11 0.623565E+08 0.559227E+09
     4146.00  0.274481E+10 0.115806E+11 0.363795E+08 0.435910E+09
     4156.00  0.243435E+10 0.118704E+11 0.165031E+08 0.329569E+09
     4166.00  0.214334E+10 0.121360E+11 0.397714E+07 0.239668E+09
     4176.00  0.187207E+10 0.123763E+11 0.280778E+05 0.165540E+09
     4186.00  0.162072E+10 0.125900E+11 0.584551E+07 0.106401E+09
     4196.00  0.138930E+10 0.127763E+11 0.225699E+08 0.613655E+08
     4206.00  0.117773E+10 0.129346E+11 0.512806E+08 0.294557E+08
     4216.00  0.985773E+09 0.130641E+11 0.929848E+08 0.961910E+07
     4226.00  0.813108E+09 0.131644E+11 0.148607E+09 0.741482E+06
     4236.00  0.659290E+09 0.132354E+11 0.218981E+09 0.166169E+07
     4246.00  0.523780E+09 0.132768E+11 0.304838E+09 0.111860E+08
     4256.00  0.405947E+09 0.132887E+11 0.406804E+09 0.281024E+08
     4266.00  0.305074E+09 0.132713E+11 0.525389E+09 0.511946E+08
     4276.00  0.220372E+09 0.132250E+11 0.660985E+09 0.792552E+08
     4286.00  0.150985E+09 0.131502E+11 0.813860E+09 0.111099E+09
     4296.00  0.960002E+08 0.130475E+11 0.984155E+09 0.145576E+09
     4306.00  0.544570E+08 0.129178E+11 0.117188E+10 0.181580E+09
     4316.00  0.253558E+08 0.127619E+11 0.137693E+10 0.218065E+09
     4326.00  0.766692E+07 0.125808E+11 0.159904E+10 0.254047E+09
     4336.00  0.339664E+06 0.123756E+11 0.183785E+10 0.288622E+09
     4346.00  0.231087E+07 0.121476E+11 0.209286E+10 0.320966E+09
     4356.00  0.125133E+08 0.118979E+11 0.236344E+10 0.350347E+09
     4366.00  0.298839E+08 0.116281E+11 0.264886E+10 0.376127E+09
     4376.00  0.533713E+08 0.113395E+11 0.294826E+10 0.397769E+09
     4386.00  0.819437E+08 0.110337E+11 0.326068E+10 0.414842E+09
     4396.00  0.114595E+09 0.107122E+11 0.358506E+10 0.427017E+09
     4406.00  0.150354E+09 0.103767E+11 0.392024E+10 0.434076E+09
     4416.00  0.188285E+09 0.100287E+11 0.426499E+10 0.435907E+09
     4426.00  0.227501E+09 0.966998E+10 0.461800E+10 0.432507E+09
     4436.00  0.267162E+09 0.930210E+10 0.497786E+10 0.423974E+09
     4446.00  0.306482E+09 0.892677E+10 0.534315E+10 0.410511E+09
     4456.00  0.344736E+09 0.854562E+10 0.571237E+10 0.392420E+09
     4466.00  0.381259E+09 0.816031E+10 0.608399E+10 0.370094E+09
     4476.00  0.415449E+09 0.777242E+10 0.645644E+10 0.344018E+09
     4486.00  0.446775E+09 0.738354E+10 0.682816E+10 0.314755E+09
     4511.00  0.509678E+09 0.641685E+10 0.774381E+10 0.232034E+09
     4536.00  0.546628E+09 0.547560E+10 0.862034E+10 0.145307E+09
     4561.00  0.555032E+09 0.457948E+10 0.943414E+10 0.681512E+08
     4586.00  0.534950E+09 0.374508E+10 0.101635E+11 0.151385E+08
     4611.00  0.488891E+09 0.298559E+10 0.107892E+11 0.958359E+06
     4636.00  0.421520E+09 0.231056E+10 0.112953E+11 0.395551E+08
     4661.00  0.339293E+09 0.172596E+10 0.116698E+11 0.143332E+09
     4686.00  0.250034E+09 0.123419E+10 0.119044E+11 0.322454E+09
     4711.00  0.162484E+09 0.834415E+09 0.119952E+11 0.584284E+09
     4736.00  0.858331E+08 0.522821E+09 0.119425E+11 0.932963E+09
     4761.00  0.292633E+08 0.293072E+09 0.117503E+11 0.136915E+10
     4786.00  0.150740E+07 0.136782E+09 0.114267E+11 0.188996E+10
     4811.00  0.104531E+08 0.440342E+08 0.109829E+11 0.248898E+10
     4836.00  0.627953E+08 0.391379E+07 0.104329E+11 0.315655E+10
     4861.00  0.163750E+09 0.503711E+07 0.979296E+10 0.388009E+10
     4886.00  0.316837E+09 0.360541E+08 0.908083E+10 0.464459E+10
     4911.00  0.523732E+09 0.861095E+08 0.831526E+10 0.543314E+10
     4936.00  0.784199E+09 0.145248E+09 0.751525E+10 0.622757E+10
     4961.00  0.109609E+10 0.204753E+09 0.669954E+10 0.700913E+10
     4986.00  0.145540E+10 0.257410E+09 0.588596E+10 0.775909E+10
     5011.00  0.185642E+10 0.297691E+09 0.509098E+10 0.845941E+10
     5036.00  0.229193E+10 0.321863E+09 0.432932E+10 0.909335E+10
     5061.00  0.275339E+10 0.328014E+09 0.361357E+10 0.964598E+10
     5086.00  0.323126E+10 0.316007E+09 0.295401E+10 0.101046E+11
     5111.00  0.371527E+10 0.287365E+09 0.235841E+10 0.104592E+11
     5136.00  0.419474E+10 0.245103E+09 0.183203E+10 0.107025E+11
     5161.00  0.465890E+10 0.193509E+09 0.137764E+10 0.108303E+11
     5186.00  0.509720E+10 0.137880E+09 0.995673E+09 0.108415E+11
     5211.00  0.549961E+10 0.842476E+08 0.684361E+09 0.107379E+11
     5236.00  0.585691E+10 0.390735E+08 0.440036E+09 0.105241E+11
     5261.00  0.616091E+10 0.895228E+07 0.257406E+09 0.102073E+11
     5286.00  0.640469E+10 0.316889E+06 0.129891E+09 0.979698E+10
     5311.00  0.658274E+10 0.191629E+08 0.499712E+08 0.930445E+10
     5336.00  0.669114E+10 0.707981E+08 0.954297E+07 0.874252E+10
     5361.00  0.672757E+10 0.159625E+09 0.267516E+06 0.812507E+10
     5386.00  0.669140E+10 0.288963E+09 0.139021E+08 0.746653E+10
     5411.00  0.658369E+10 0.460911E+09 0.426028E+08 0.678151E+10
     5436.00  0.640709E+10 0.676256E+09 0.791917E+08 0.608434E+10
     5461.00  0.616579E+10 0.934430E+09 0.117380E+09 0.538871E+10
     5511.00  0.551272E+10 0.157026E+10 0.178855E+09 0.405159E+10
     5561.00  0.468305E+10 0.233781E+10 0.199945E+09 0.285493E+10
     5611.00  0.374904E+10 0.318908E+10 0.173827E+09 0.185699E+10
     5661.00  0.278959E+10 0.406378E+10 0.112520E+09 0.108695E+10
     5711.00  0.188315E+10 0.489581E+10 0.429799E+08 0.546135E+09
     5761.00  0.110104E+10 0.562007E+10 0.147142E+07 0.212343E+09
     5811.00  0.501852E+09 0.617901E+10 0.271184E+08 0.464471E+08
     5861.00  0.127341E+09 0.652808E+10 0.155505E+09 0.866986E+05
     5911.00  0.313955E+04 0.663981E+10 0.413112E+09 0.234455E+08
     5961.00  0.122415E+09 0.650597E+10 0.813190E+09 0.721584E+08
     6011.00  0.478232E+09 0.613798E+10 0.135344E+10 0.112619E+09
     6061.00  0.103461E+10 0.556539E+10 0.201562E+10 0.125240E+09
     6111.00  0.174576E+10 0.483290E+10 0.276704E+10 0.105517E+09
     6161.00  0.255716E+10 0.399626E+10 0.356361E+10 0.630014E+08
     6211.00  0.341014E+10 0.311736E+10 0.435398E+10 0.185316E+08
     6261.00  0.424639E+10 0.225916E+10 0.508441E+10 0.226595E+06
     6311.00  0.501204E+10 0.148082E+10 0.570372E+10 0.388196E+08
     6361.00  0.566106E+10 0.833391E+09 0.616784E+10 0.162937E+09
     6411.00  0.615785E+10 0.356429E+09 0.644360E+10 0.394864E+09
     6461.00  0.647878E+10 0.757238E+08 0.651144E+10 0.747232E+09
     6511.00  0.661281E+10 0.218789E+07 0.636683E+10 0.122094E+10
     6561.00  0.656112E+10 0.131944E+09 0.602038E+10 0.180443E+10
     6611.00  0.633599E+10 0.447486E+09 0.549667E+10 0.247433E+10
     6661.00  0.595895E+10 0.919740E+09 0.483203E+10 0.319734E+10
     6711.00  0.545855E+10 0.151080E+10 0.407151E+10 0.393303E+10
     6761.00  0.486783E+10 0.217707E+10 0.326528E+10 0.463728E+10
     6811.00  0.422173E+10 0.287255E+10 0.246490E+10 0.526608E+10
     6861.00  0.355470E+10 0.355208E+10 0.171956E+10 0.577914E+10
     6911.00  0.289854E+10 0.417416E+10 0.107288E+10 0.614318E+10
     6961.00  0.228062E+10 0.470339E+10 0.560124E+09 0.633447E+10
     7011.00  0.172267E+10 0.511227E+10 0.206294E+09 0.634063E+10
     7061.00  0.124001E+10 0.538230E+10 0.250017E+08 0.616138E+10
     7111.00  0.841310E+09 0.550440E+10 0.182211E+08 0.580838E+10
     7161.00  0.528852E+09 0.547872E+10 0.176840E+09 0.530415E+10
     7211.00  0.299193E+09 0.531380E+10 0.481925E+09 0.468023E+10
     7261.00  0.144152E+09 0.502536E+10 0.906546E+09 0.397478E+10
     7311.00  0.520343E+08 0.463464E+10 0.141799E+10 0.322983E+10
     7361.00  0.897938E+07 0.416665E+10 0.198021E+10 0.248831E+10
     7411.00  0.334725E+06 0.364823E+10 0.255626E+10 0.179132E+10
     7511.00  0.313884E+08 0.256633E+10 0.361134E+10 0.670962E+09
     7611.00  0.575166E+08 0.157767E+10 0.435082E+10 0.748636E+08
     7711.00  0.415802E+08 0.809944E+09 0.464041E+10 0.698609E+08
     7811.00  0.532533E+07 0.313598E+09 0.445921E+10 0.583150E+09
     7911.00  0.208005E+08 0.673639E+08 0.388636E+10 0.143538E+10
     8011.00  0.188882E+09 0.324796E+06 0.306715E+10 0.239428E+10
     8111.00  0.611221E+09 0.224768E+08 0.217012E+10 0.323307E+10
     8211.00  0.136248E+10 0.551395E+08 0.134641E+10 0.377904E+10
     8311.00  0.246887E+10 0.540384E+08 0.700405E+09 0.394292E+10
     8411.00  0.389681E+10 0.206548E+08 0.276338E+09 0.372514E+10
     8511.00  0.555353E+10 0.672296E+06 0.611662E+08 0.320167E+10
     8611.00  0.729845E+10 0.712923E+08 0.370712E+06 0.249571E+10
     8711.00  0.896295E+10 0.321291E+09 0.210156E+08 0.174402E+10
     8811.00  0.103744E+11 0.828698E+09 0.557428E+08 0.106606E+10
     8911.00  0.113806E+11 0.164086E+10 0.621685E+08 0.542247E+09
     9011.00  0.118703E+11 0.276070E+10 0.339376E+08 0.204508E+09
     9111.00  0.117878E+11 0.414131E+10 0.196644E+07 0.392554E+08
     9211.00  0.111392E+11 0.568955E+10 0.266105E+08 0.111453E+06
     9311.00  0.999085E+10 0.727735E+10 0.183219E+09 0.261735E+08
     9411.00  0.845983E+10 0.875857E+10 0.544542E+09 0.610842E+08
     9511.00  0.669951E+10 0.998846E+10 0.116367E+10 0.686840E+08
     9611.00  0.488151E+10 0.108425E+11 0.206070E+10 0.423179E+08
     9711.00  0.317700E+10 0.112324E+11 0.321534E+10 0.651977E+07
     9811.00  0.173932E+10 0.111162E+11 0.456640E+10 0.114467E+08
     9911.00  0.689932E+09 0.105034E+11 0.601797E+10 0.121780E+09
    10011.00  0.108765E+09 0.945232E+10 0.745095E+10 0.402651E+09
    10111.00  0.295590E+08 0.806325E+10 0.873786E+10 0.905424E+09
    10211.00  0.440149E+09 0.646616E+10 0.975870E+10 0.165591E+10
    10311.00  0.128709E+10 0.480666E+10 0.104156E+11 0.264692E+10
    10411.00  0.248366E+10 0.323095E+10 0.106442E+11 0.383621E+10
    10511.00  0.392011E+10 0.187181E+10 0.104208E+11 0.514987E+10
    10611.00  0.547482E+10 0.836999E+09 0.976470E+10 0.649045E+10
    10711.00  0.702540E+10 0.200960E+09 0.873493E+10 0.774825E+10
    10811.00  0.845851E+10 0.450587E+06 0.742361E+10 0.881438E+10
    10911.00  0.967792E+10 0.233993E+09 0.594576E+10 0.959331E+10
    11011.00  0.106101E+11 0.864859E+09 0.442747E+10 0.100138E+11
    11111.00  0.112077E+11 0.182689E+10 0.299379E+10 0.100364E+11
    11211.00  0.114498E+11 0.303230E+10 0.175742E+10 0.965762E+10
    11311.00  0.113410E+11 0.438051E+10 0.809577E+09 0.890953E+10
    11411.00  0.109080E+11 0.576716E+10 0.213390E+09 0.785594E+10
    11511.00  0.101956E+11 0.709245E+10 0.460369E+06 0.658549E+10
    11611.00  0.926100E+10 0.826819E+10 0.170441E+09 0.520265E+10
    11711.00  0.816894E+10 0.922316E+10 0.693415E+09 0.381774E+10
    11811.00  0.698642E+10 0.990659E+10 0.151454E+10 0.253706E+10
    11911.00  0.577806E+10 0.102896E+11 0.256029E+10 0.145405E+10
    12011.00  0.460239E+10 0.103651E+11 0.374565E+10 0.642238E+09
    12111.00  0.350895E+10 0.101456E+11 0.498142E+10 0.150484E+09
    12211.00  0.253651E+10 0.966057E+10 0.618109E+10 0.694220E+06
    12311.00  0.171214E+10 0.895227E+10 0.726686E+10 0.187980E+09
    12411.00  0.105129E+10 0.807188E+10 0.817429E+10 0.682989E+09
    12511.00  0.558488E+09 0.707498E+10 0.885538E+10 0.143598E+10
    12611.00  0.228689E+09 0.601774E+10 0.928030E+10 0.238214E+10
    12711.00  0.489647E+08 0.495326E+10 0.943743E+10 0.344750E+10
    12811.00  0.427977E+06 0.392892E+10 0.933224E+10 0.455500E+10
    12911.00  0.602083E+08 0.298422E+10 0.898514E+10 0.563016E+10
    13011.00  0.203348E+09 0.214956E+10 0.842849E+10 0.660592E+10
    13111.00  0.404514E+09 0.144572E+10 0.770332E+10 0.742654E+10
    13211.00  0.639455E+09 0.883953E+09 0.685582E+10 0.805014E+10
    13311.00  0.886148E+09 0.466757E+09 0.593397E+10 0.845010E+10
    13411.00  0.112564E+10 0.188927E+09 0.498451E+10 0.861526E+10
    13511.00  0.134255E+10 0.389749E+08 0.405037E+10 0.854895E+10
    13611.00  0.152533E+10 0.679873E+06 0.316872E+10 0.826734E+10
    13711.00  0.166619E+10 0.546652E+08 0.236959E+10 0.779705E+10
    13811.00  0.176093E+10 0.179914E+09 0.167514E+10 0.717239E+10
    13911.00  0.180854E+10 0.355133E+09 0.109953E+10 0.643253E+10
    14011.00  0.181067E+10 0.559921E+09 0.649171E+09 0.561866E+10
    14111.00  0.177114E+10 0.775691E+09 0.323500E+09 0.477138E+10
    14211.00  0.169537E+10 0.986349E+09 0.115965E+09 0.392857E+10
    14311.00  0.158978E+10 0.117872E+10 0.152355E+08 0.312358E+10
    14411.00  0.146134E+10 0.134277E+10 0.647805E+07 0.238400E+10
    14511.00  0.131711E+10 0.147158E+10 0.726432E+08 0.173090E+10
    14611.00  0.116386E+10 0.156118E+10 0.195668E+09 0.117860E+10
    14711.00  0.100780E+10 0.161032E+10 0.357549E+09 0.734766E+09
    14811.00  0.854366E+09 0.162000E+10 0.541243E+09 0.400939E+09
    14911.00  0.708095E+09 0.159310E+10 0.731377E+09 0.173292E+09
    15011.00  0.572549E+09 0.153391E+10 0.914750E+09 0.435755E+08
    15111.00  0.450324E+09 0.144768E+10 0.108065E+10 0.158054E+06
    15211.00  0.343090E+09 0.134017E+10 0.122099E+10 0.290979E+08
    15311.00  0.251671E+09 0.121735E+10 0.133026E+10 0.115171E+09
    15411.00  0.176153E+09 0.108502E+10 0.140542E+10 0.242812E+09
    15511.00  0.116007E+09 0.948586E+09 0.144561E+10 0.396925E+09
    15611.00  0.702132E+08 0.812869E+09 0.145185E+10 0.563546E+09
    15711.00  0.373940E+08 0.681971E+09 0.142669E+10 0.730346E+09
    15811.00  0.159306E+08 0.559205E+09 0.137379E+10 0.886965E+09
    15911.00  0.407431E+07 0.447082E+09 0.129764E+10 0.102520E+10
    16011.00  0.416763E+05 0.347325E+09 0.120315E+10 0.113907E+10
    16111.00  0.209334E+07 0.260928E+09 0.109536E+10 0.122470E+10
    16211.00  0.859677E+07 0.188231E+09 0.979208E+09 0.128023E+10
    16311.00  0.180726E+08 0.129018E+09 0.859283E+09 0.130553E+10
    16411.00  0.292255E+08 0.826144E+08 0.739704E+09 0.130193E+10
    16511.00  0.409618E+08 0.479988E+08 0.623998E+09 0.127196E+10
    16611.00  0.523949E+08 0.238996E+08 0.515038E+09 0.121899E+10
    16711.00  0.628406E+08 0.889091E+07 0.415028E+09 0.114696E+10
    16811.00  0.718059E+08 0.147713E+07 0.325514E+09 0.106012E+10
    16911.00  0.789704E+08 0.163861E+06 0.247427E+09 0.962766E+09
    17011.00  0.841654E+08 0.351690E+07 0.181146E+09 0.859050E+09
    17111.00  0.873504E+08 0.102075E+08 0.126571E+09 0.752821E+09
    17211.00  0.885887E+08 0.190449E+08 0.832048E+08 0.647498E+09
    17311.00  0.880233E+08 0.289972E+08 0.502428E+08 0.545995E+09
    17411.00  0.858550E+08 0.392013E+08 0.266538E+08 0.450677E+09
    17511.00  0.823220E+08 0.489651E+08 0.112590E+08 0.363346E+09
    17611.00  0.776822E+08 0.577608E+08 0.280315E+07 0.285256E+09
    17711.00  0.721979E+08 0.652142E+08 0.156008E+05 0.217153E+09
    17811.00  0.661242E+08 0.710893E+08 0.166136E+07 0.159320E+09
    17911.00  0.596992E+08 0.752699E+08 0.658141E+07 0.111648E+09
    18011.00  0.531373E+08 0.777406E+08 0.137227E+08 0.736943E+08
    18111.00  0.466250E+08 0.785676E+08 0.221585E+08 0.447634E+08
    18211.00  0.403182E+08 0.778788E+08 0.310999E+08 0.239690E+08
    18311.00  0.343420E+08 0.758469E+08 0.398997E+08 0.103017E+08
    18411.00  0.287910E+08 0.726735E+08 0.480505E+08 0.268696E+07
    18511.00  0.237315E+08 0.685745E+08 0.551769E+08 0.360070E+05
    18611.00  0.192038E+08 0.637686E+08 0.610244E+08 0.128878E+07
    18711.00  0.152260E+08 0.584685E+08 0.654465E+08 0.544770E+07
    18811.00  0.117963E+08 0.528723E+08 0.683884E+08 0.116033E+08
    18911.00  0.889771E+07 0.471591E+08 0.698716E+08 0.189517E+08
    19011.00  0.650055E+07 0.414852E+08 0.699783E+08 0.268051E+08
    19111.00  0.456614E+07 0.359820E+08 0.688360E+08 0.345955E+08
    19311.00  0.190238E+07 0.258874E+08 0.634585E+08 0.483023E+08
    19511.00  0.517142E+06 0.174357E+08 0.551757E+08 0.577765E+08
    19711.00  0.256069E+05 0.108477E+08 0.454264E+08 0.621957E+08
    19911.00  0.892782E+05 0.608435E+07 0.354463E+08 0.618079E+08
    20111.00  0.437521E+06 0.293329E+07 0.261633E+08 0.575210E+08
    20311.00  0.873461E+06 0.108878E+07 0.181703E+08 0.505451E+08
    20511.00  0.126919E+07 0.216544E+06 0.117541E+08 0.421196E+08
    20711.00  0.155474E+07 0.387889E+03 0.695492E+07 0.333307E+08
    20911.00  0.170433E+07 0.170900E+06 0.363872E+07 0.250145E+08
    21111.00  0.172266E+07 0.518925E+06 0.156764E+07 0.177273E+08
    21311.00  0.163256E+07 0.897350E+06 0.460068E+06 0.117627E+08
    21511.00  0.146515E+07 0.121510E+07 0.358668E+05 0.719813E+07
    21711.00  0.125262E+07 0.142671E+07 0.462522E+05 0.395203E+07
    21911.00  0.102355E+07 0.152042E+07 0.289775E+06 0.184272E+07
    22111.00  0.800377E+06 0.150656E+07 0.617327E+06 0.639231E+06
    22311.00  0.598601E+06 0.140769E+07 0.929416E+06 0.101293E+06
    22511.00  0.427121E+06 0.125096E+07 0.116882E+07 0.729970E+04
    22711.00  0.289314E+06 0.106276E+07 0.131112E+07 0.170916E+06
    22911.00  0.184434E+06 0.865584E+06 0.135502E+07 0.448362E+06
    23111.00  0.109033E+06 0.676488E+06 0.131368E+07 0.738666E+06
    23311.00  0.582221E+05 0.506889E+06 0.120760E+07 0.979239E+06
    23511.00  0.266645E+05 0.363104E+06 0.105939E+07 0.113883E+07
    23711.00  0.926521E+04 0.247316E+06 0.890198E+06 0.120954E+07
    23911.00  0.158800E+04 0.158692E+06 0.717681E+06 0.119901E+07
    24111.00  0.427533E+02 0.944377E+05 0.555066E+06 0.112374E+07
    24311.00  0.190998E+04 0.506962E+05 0.411085E+06 0.100370E+07
    24511.00  0.526199E+04 0.232462E+05 0.290406E+06 0.858575E+06
    24711.00  0.883221E+04 0.799513E+04 0.194396E+06 0.705348E+06
    24911.00  0.118693E+05 0.128782E+04 0.121964E+06 0.557137E+06
    25111.00  0.139999E+05 0.716937E+02 0.704178E+05 0.422920E+06
    25311.00  0.151115E+05 0.195068E+04 0.361978E+05 0.307858E+06
    25511.00  0.152602E+05 0.516415E+04 0.154826E+05 0.213971E+06
    25711.00  0.146002E+05 0.851838E+04 0.462457E+04 0.140939E+06
    25911.00  0.133331E+05 0.112923E+05 0.432000E+03 0.868873E+05
    26111.00  0.116724E+05 0.131344E+05 0.312841E+03 0.490666E+05
    26311.00  0.981837E+04 0.139605E+05 0.231020E+04 0.243826E+05
    26511.00  0.794241E+04 0.138632E+05 0.506016E+04 0.977600E+04
    26711.00  0.617736E+04 0.130332E+05 0.770242E+04 0.246274E+04
    26911.00  0.461426E+04 0.117000E+05 0.977016E+04 0.666718E+02
 K.E.IE==>     16           17           18           19
        1.00  0.000000E+00 0.000000E+00 0.000000E+00 0.000000E+00
        2.00  0.000000E+00 0.000000E+00 0.000000E+00 0.000000E+00
        3.00  0.000000E+00 0.000000E+00 0.000000E+00 0.000000E+00
        4.00  0.000000E+00 0.000000E+00 0.000000E+00 0.000000E+00
        5.00  0.000000E+00 0.000000E+00 0.000000E+00 0.000000E+00
        6.00  0.000000E+00 0.000000E+00 0.000000E+00 0.000000E+00
        7.00  0.000000E+00 0.000000E+00 0.000000E+00 0.000000E+00
        8.00  0.000000E+00 0.000000E+00 0.000000E+00 0.000000E+00
        9.00  0.000000E+00 0.000000E+00 0.215964E-37 0.128553E-36
       10.00  0.000000E+00 0.583331E-37 0.347404E-36 0.206597E-35
       11.00  0.129161E-36 0.719582E-36 0.428174E-35 0.254389E-34
       12.00  0.127980E-35 0.712419E-35 0.423540E-34 0.251399E-33
       13.00  0.105426E-34 0.586394E-34 0.348312E-33 0.206550E-32
       14.00  0.742082E-34 0.412421E-33 0.244759E-32 0.145006E-31
       15.00  0.456128E-33 0.253292E-32 0.150189E-31 0.888948E-31
       16.00  0.249148E-32 0.138242E-31 0.818984E-31 0.484285E-30
       17.00  0.122682E-31 0.680160E-31 0.402593E-30 0.237838E-29
       18.00  0.551080E-31 0.305274E-30 0.180536E-29 0.106554E-28
       19.00  0.228072E-30 0.126239E-29 0.745909E-29 0.439824E-28
       20.00  0.877005E-30 0.485032E-29 0.286340E-28 0.168680E-27
       21.00  0.315591E-29 0.174397E-28 0.102865E-27 0.605396E-27
       22.00  0.106935E-28 0.590445E-28 0.347960E-27 0.204592E-26
       23.00  0.343013E-28 0.189242E-27 0.111426E-26 0.654533E-26
       24.00  0.104647E-27 0.576869E-27 0.339362E-26 0.199158E-25
       25.00  0.304889E-27 0.167934E-26 0.987059E-26 0.578718E-25
       26.00  0.851388E-27 0.468566E-26 0.275165E-25 0.161178E-24
       27.00  0.228600E-26 0.125709E-25 0.737573E-25 0.431623E-24
       28.00  0.591869E-26 0.325207E-25 0.190642E-24 0.111457E-23
       29.00  0.148145E-25 0.813328E-25 0.476367E-24 0.278238E-23
       30.00  0.359296E-25 0.197096E-24 0.115338E-23 0.673030E-23
       31.00  0.846104E-25 0.463762E-24 0.271148E-23 0.158072E-22
       32.00  0.193826E-24 0.106152E-23 0.620094E-23 0.361156E-22
       33.00  0.432670E-24 0.236765E-23 0.138186E-22 0.804059E-22
       34.00  0.942597E-24 0.515385E-23 0.300535E-22 0.174706E-21
       35.00  0.200695E-23 0.109644E-22 0.638803E-22 0.370993E-21
       36.00  0.418163E-23 0.228266E-22 0.132874E-21 0.770946E-21
       37.00  0.853633E-23 0.465598E-22 0.270786E-21 0.156963E-20
       38.00  0.170917E-22 0.931474E-22 0.541255E-21 0.313445E-20
       39.00  0.335991E-22 0.182960E-21 0.106220E-20 0.614541E-20
       40.00  0.649083E-22 0.353162E-21 0.204851E-20 0.118405E-19
       42.00  0.230676E-21 0.125304E-20 0.725542E-20 0.418569E-19
       44.00  0.771929E-21 0.418627E-20 0.241968E-19 0.139327E-18
       46.00  0.244538E-20 0.132399E-19 0.763916E-19 0.439029E-18
       48.00  0.736777E-20 0.398255E-19 0.229379E-18 0.131575E-17
       50.00  0.211995E-19 0.114403E-18 0.657752E-18 0.376575E-17
       52.00  0.584633E-19 0.314979E-18 0.180775E-17 0.103299E-16
       54.00  0.155025E-18 0.833847E-18 0.477719E-17 0.272459E-16
       56.00  0.396388E-18 0.212858E-17 0.121732E-16 0.692952E-16
       58.00  0.979821E-18 0.525294E-17 0.299880E-16 0.170378E-15
       60.00  0.234681E-17 0.125608E-16 0.715801E-16 0.405907E-15
       62.00  0.545774E-17 0.291634E-16 0.165898E-15 0.938947E-15
       64.00  0.123470E-16 0.658676E-16 0.374026E-15 0.211286E-14
       66.00  0.272186E-16 0.144963E-15 0.821706E-15 0.463288E-14
       68.00  0.585590E-16 0.311365E-15 0.176179E-14 0.991414E-14
       70.00  0.123129E-15 0.653609E-15 0.369173E-14 0.207346E-13
       72.00  0.253352E-15 0.134266E-14 0.757012E-14 0.424359E-13
       74.00  0.510743E-15 0.270225E-14 0.152086E-13 0.850912E-13
       76.00  0.100988E-14 0.533426E-14 0.299684E-13 0.167349E-12
       78.00  0.196047E-14 0.103382E-13 0.579777E-13 0.323134E-12
       80.00  0.374008E-14 0.196901E-13 0.110227E-12 0.613156E-12
       82.00  0.701785E-14 0.368851E-13 0.206117E-12 0.114436E-11
       84.00  0.129621E-13 0.680148E-13 0.379393E-12 0.210232E-11
       86.00  0.235841E-13 0.123546E-12 0.687917E-12 0.380458E-11
       88.00  0.422996E-13 0.221219E-12 0.122957E-11 0.678710E-11
       90.00  0.748347E-13 0.390722E-12 0.216781E-11 0.119430E-10
       92.00  0.130672E-12 0.681125E-12 0.377226E-11 0.207421E-10
       94.00  0.225331E-12 0.117258E-11 0.648243E-11 0.355752E-10
       96.00  0.383923E-12 0.199454E-11 0.110068E-10 0.602876E-10
       98.00  0.646648E-12 0.335385E-11 0.184749E-10 0.100997E-09
      100.00  0.107720E-11 0.557760E-11 0.306693E-10 0.167336E-09
      102.00  0.177547E-11 0.917790E-11 0.503755E-10 0.274322E-09
      104.00  0.289671E-11 0.149489E-10 0.819038E-10 0.445145E-09
      106.00  0.467988E-11 0.241110E-10 0.131864E-09 0.715288E-09
      108.00  0.748968E-11 0.385228E-10 0.210305E-09 0.113856E-08
      110.00  0.118779E-10 0.609916E-10 0.332367E-09 0.179590E-08
      112.00  0.186728E-10 0.957221E-10 0.520687E-09 0.280798E-08
      114.00  0.291074E-10 0.148963E-09 0.808836E-09 0.435343E-08
      116.00  0.450039E-10 0.229933E-09 0.124623E-08 0.669455E-08
      118.00  0.690355E-10 0.352124E-09 0.190505E-08 0.102137E-07
      122.00  0.158816E-09 0.807351E-09 0.435215E-08 0.232426E-07
      126.00  0.355080E-09 0.179902E-08 0.966284E-08 0.514027E-07
      130.00  0.772934E-09 0.390295E-08 0.208875E-07 0.110679E-06
      134.00  0.164077E-08 0.825726E-08 0.440304E-07 0.232397E-06
      138.00  0.340159E-08 0.170612E-07 0.906456E-07 0.476560E-06
      142.00  0.689662E-08 0.344745E-07 0.182497E-06 0.955692E-06
      146.00  0.136913E-07 0.682087E-07 0.359761E-06 0.187658E-05
      150.00  0.266441E-07 0.132290E-06 0.695211E-06 0.361207E-05
      154.00  0.508813E-07 0.251776E-06 0.131831E-05 0.682247E-05
      158.00  0.954413E-07 0.470674E-06 0.245546E-05 0.126573E-04
      162.00  0.176004E-06 0.865031E-06 0.449628E-05 0.230856E-04
      166.00  0.319356E-06 0.156426E-05 0.810097E-05 0.414288E-04
      170.00  0.570598E-06 0.278539E-05 0.143721E-04 0.732081E-04
      174.00  0.100462E-05 0.488739E-05 0.251253E-04 0.127475E-03
      178.00  0.174411E-05 0.845609E-05 0.433116E-04 0.218871E-03
      182.00  0.298762E-05 0.144357E-04 0.736663E-04 0.370783E-03
      186.00  0.505248E-05 0.243293E-04 0.123697E-03 0.620119E-03
      190.00  0.844013E-05 0.405030E-04 0.205168E-03 0.102444E-02
      194.00  0.139341E-04 0.666392E-04 0.336312E-03 0.167256E-02
      198.00  0.227460E-04 0.108409E-03 0.545087E-03 0.269999E-02
      202.00  0.367299E-04 0.174455E-03 0.873923E-03 0.431146E-02
      206.00  0.586958E-04 0.277828E-03 0.138659E-02 0.681323E-02
      210.00  0.928625E-04 0.438039E-03 0.217805E-02 0.106591E-01
      214.00  0.145507E-03 0.684001E-03 0.338838E-02 0.165155E-01
      218.00  0.225888E-03 0.105819E-02 0.522248E-02 0.253525E-01
      222.00  0.347549E-03 0.162249E-02 0.797756E-02 0.385706E-01
      226.00  0.530138E-03 0.246632E-02 0.120812E-01 0.581749E-01
      230.00  0.801944E-03 0.371790E-02 0.181438E-01 0.870141E-01
      234.00  0.120339E-02 0.555968E-02 0.270302E-01 0.129105E+00
      238.00  0.179181E-02 0.824943E-02 0.399566E-01 0.190070E+00
      242.00  0.264798E-02 0.121488E-01 0.586218E-01 0.277723E+00
      246.00  0.388489E-02 0.177615E-01 0.853823E-01 0.402852E+00
      250.00  0.565960E-02 0.257851E-01 0.123485E+00 0.580249E+00
      254.00  0.818902E-02 0.371787E-01 0.177377E+00 0.830071E+00
      258.00  0.117709E-01 0.532537E-01 0.253108E+00 0.117962E+01
      262.00  0.168116E-01 0.757919E-01 0.358863E+00 0.166563E+01
      266.00  0.238622E-01 0.107201E+00 0.505652E+00 0.233728E+01
      270.00  0.336664E-01 0.150714E+00 0.708197E+00 0.326002E+01
      274.00  0.472220E-01 0.210654E+00 0.986081E+00 0.452047E+01
      282.00  0.913506E-01 0.404639E+00 0.187970E+01 0.854591E+01
      290.00  0.172965E+00 0.760739E+00 0.350690E+01 0.158118E+02
      298.00  0.320914E+00 0.140145E+01 0.641093E+01 0.286652E+02
      306.00  0.584069E+00 0.253252E+01 0.114959E+02 0.509730E+02
      314.00  0.104379E+01 0.449361E+01 0.202405E+02 0.889952E+02
      322.00  0.183331E+01 0.783609E+01 0.350226E+02 0.152697E+03
      330.00  0.316735E+01 0.134410E+02 0.596066E+02 0.257691E+03
      338.00  0.538684E+01 0.226951E+02 0.998608E+02 0.428065E+03
      346.00  0.902535E+01 0.377498E+02 0.164803E+03 0.700449E+03
      354.00  0.149066E+02 0.618974E+02 0.268102E+03 0.112978E+04
      362.00  0.242860E+02 0.100111E+03 0.430203E+03 0.179735E+04
      370.00  0.390527E+02 0.159807E+03 0.681305E+03 0.282199E+04
      378.00  0.620162E+02 0.251919E+03 0.106548E+04 0.437521E+04
      386.00  0.973069E+02 0.392373E+03 0.164631E+04 0.670174E+04
      394.00  0.150930E+03 0.604114E+03 0.251447E+04 0.101468E+05
      402.00  0.231525E+03 0.919853E+03 0.379793E+04 0.151923E+05
      410.00  0.351397E+03 0.138575E+04 0.567546E+04 0.225037E+05
      418.00  0.527902E+03 0.206630E+04 0.839429E+04 0.329912E+05
      426.00  0.785287E+03 0.305078E+04 0.122931E+05 0.478874E+05
      434.00  0.115713E+04 0.446162E+04 0.178316E+05 0.688460E+05
      442.00  0.168949E+04 0.646527E+04 0.256282E+05 0.980654E+05
      450.00  0.244509E+04 0.928605E+04 0.365073E+05 0.138443E+06
      458.00  0.350855E+04 0.132238E+05 0.515596E+05 0.193766E+06
      466.00  0.499323E+04 0.186763E+05 0.722157E+05 0.268942E+06
      474.00  0.704978E+04 0.261669E+05 0.100338E+06 0.370282E+06
      482.00  0.987694E+04 0.363793E+05 0.138333E+06 0.505840E+06
      490.00  0.137350E+05 0.502000E+05 0.189285E+06 0.685814E+06
      498.00  0.189627E+05 0.687703E+05 0.257122E+06 0.923024E+06
      506.00  0.259973E+05 0.935498E+05 0.346809E+06 0.123347E+07
      514.00  0.354003E+05 0.126393E+06 0.464581E+06 0.163698E+07
      522.00  0.478877E+05 0.169639E+06 0.618218E+06 0.215797E+07
      530.00  0.643675E+05 0.226224E+06 0.817360E+06 0.282631E+07
      538.00  0.859831E+05 0.299808E+06 0.107389E+07 0.367828E+07
      546.00  0.114167E+06 0.394923E+06 0.140233E+07 0.475770E+07
      554.00  0.150703E+06 0.517156E+06 0.182039E+07 0.611713E+07
      562.00  0.197801E+06 0.673346E+06 0.234946E+07 0.781925E+07
      570.00  0.258181E+06 0.871826E+06 0.301527E+07 0.993838E+07
      578.00  0.335177E+06 0.112269E+07 0.384862E+07 0.125621E+08
      586.00  0.432854E+06 0.143811E+07 0.488613E+07 0.157931E+08
      596.00  0.591631E+06 0.194565E+07 0.653682E+07 0.208696E+08
      606.00  0.802441E+06 0.261178E+07 0.867660E+07 0.273589E+08
      616.00  0.108018E+07 0.347960E+07 0.114290E+08 0.355895E+08
      626.00  0.144352E+07 0.460183E+07 0.149431E+08 0.459495E+08
      636.00  0.191548E+07 0.604275E+07 0.193975E+08 0.588932E+08
      646.00  0.252439E+07 0.788010E+07 0.250038E+08 0.749485E+08
      656.00  0.330478E+07 0.102072E+08 0.320118E+08 0.947236E+08
      666.00  0.429852E+07 0.131354E+08 0.407133E+08 0.118913E+09
      676.00  0.555599E+07 0.167963E+08 0.514469E+08 0.148303E+09
      686.00  0.713748E+07 0.213448E+08 0.646030E+08 0.183776E+09
      696.00  0.911463E+07 0.269619E+08 0.806276E+08 0.226317E+09
      706.00  0.115721E+08 0.338574E+08 0.100027E+09 0.277010E+09
      716.00  0.146092E+08 0.422733E+08 0.123373E+09 0.337045E+09
      726.00  0.183421E+08 0.524868E+08 0.151304E+09 0.407709E+09
      736.00  0.229053E+08 0.648130E+08 0.184529E+09 0.490388E+09
      746.00  0.284539E+08 0.796082E+08 0.223828E+09 0.586552E+09
      756.00  0.351658E+08 0.972724E+08 0.270055E+09 0.697750E+09
      766.00  0.432440E+08 0.118252E+09 0.324138E+09 0.825597E+09
      776.00  0.529184E+08 0.143042E+09 0.387072E+09 0.971751E+09
      786.00  0.644481E+08 0.172187E+09 0.459921E+09 0.113790E+10
      796.00  0.781235E+08 0.206283E+09 0.543813E+09 0.132574E+10
      806.00  0.942683E+08 0.245978E+09 0.639924E+09 0.153691E+10
      816.00  0.113241E+09 0.291969E+09 0.749480E+09 0.177304E+10
      826.00  0.135436E+09 0.345006E+09 0.873736E+09 0.203563E+10
      836.00  0.161285E+09 0.405884E+09 0.101397E+10 0.232606E+10
      846.00  0.191261E+09 0.475442E+09 0.117146E+10 0.264555E+10
      856.00  0.225871E+09 0.554560E+09 0.134747E+10 0.299511E+10
      866.00  0.265665E+09 0.644150E+09 0.154324E+10 0.337552E+10
      876.00  0.311229E+09 0.745152E+09 0.175994E+10 0.378722E+10
      886.00  0.363184E+09 0.858521E+09 0.199865E+10 0.423037E+10
      896.00  0.422188E+09 0.985220E+09 0.226036E+10 0.470472E+10
      906.00  0.488929E+09 0.112621E+10 0.254591E+10 0.520963E+10
      916.00  0.564124E+09 0.128243E+10 0.285601E+10 0.574403E+10
      926.00  0.648513E+09 0.145480E+10 0.319115E+10 0.630638E+10
      936.00  0.742854E+09 0.164419E+10 0.355161E+10 0.689462E+10
      946.00  0.847917E+09 0.185139E+10 0.393744E+10 0.750623E+10
      956.00  0.964475E+09 0.207714E+10 0.434839E+10 0.813812E+10
      966.00  0.109330E+10 0.232206E+10 0.478394E+10 0.878672E+10
      976.00  0.123514E+10 0.258665E+10 0.524324E+10 0.944794E+10
      986.00  0.139074E+10 0.287131E+10 0.572511E+10 0.101172E+11
      996.00  0.156079E+10 0.317625E+10 0.622804E+10 0.107895E+11
     1006.00  0.174595E+10 0.350153E+10 0.675011E+10 0.114593E+11
     1016.00  0.194681E+10 0.384700E+10 0.728907E+10 0.121209E+11
     1026.00  0.216391E+10 0.421233E+10 0.784227E+10 0.127681E+11
     1036.00  0.239767E+10 0.459694E+10 0.840672E+10 0.133945E+11
     1046.00  0.264845E+10 0.500003E+10 0.897905E+10 0.139935E+11
     1056.00  0.291648E+10 0.542055E+10 0.955556E+10 0.145585E+11
     1066.00  0.320187E+10 0.585720E+10 0.101322E+11 0.150829E+11
     1076.00  0.350458E+10 0.630842E+10 0.107048E+11 0.155601E+11
     1086.00  0.382446E+10 0.677238E+10 0.112686E+11 0.159838E+11
     1096.00  0.416116E+10 0.724699E+10 0.118190E+11 0.163480E+11
     1106.00  0.451417E+10 0.772989E+10 0.123510E+11 0.166472E+11
     1116.00  0.488281E+10 0.821847E+10 0.128596E+11 0.168762E+11
     1126.00  0.526619E+10 0.870988E+10 0.133397E+11 0.170307E+11
     1136.00  0.566325E+10 0.920106E+10 0.137862E+11 0.171068E+11
     1146.00  0.607272E+10 0.968875E+10 0.141942E+11 0.171017E+11
     1156.00  0.649314E+10 0.101695E+11 0.145589E+11 0.170134E+11
     1166.00  0.692283E+10 0.106397E+11 0.148756E+11 0.168408E+11
     1176.00  0.735994E+10 0.110956E+11 0.151401E+11 0.165837E+11
     1186.00  0.780239E+10 0.115335E+11 0.153484E+11 0.162432E+11
     1196.00  0.824796E+10 0.119495E+11 0.154969E+11 0.158213E+11
     1206.00  0.869421E+10 0.123397E+11 0.155828E+11 0.153211E+11
     1216.00  0.913858E+10 0.127004E+11 0.156035E+11 0.147467E+11
     1226.00  0.957835E+10 0.130279E+11 0.155572E+11 0.141035E+11
     1236.00  0.100107E+11 0.133185E+11 0.154428E+11 0.133976E+11
     1246.00  0.104326E+11 0.135688E+11 0.152598E+11 0.126361E+11
     1256.00  0.108411E+11 0.137758E+11 0.150085E+11 0.118271E+11
     1266.00  0.112331E+11 0.139366E+11 0.146899E+11 0.109793E+11
     1276.00  0.116055E+11 0.140485E+11 0.143058E+11 0.101021E+11
     1286.00  0.119551E+11 0.141094E+11 0.138589E+11 0.920530E+10
     1296.00  0.122789E+11 0.141174E+11 0.133525E+11 0.829929E+10
     1306.00  0.125739E+11 0.140713E+11 0.127907E+11 0.739456E+10
     1316.00  0.128372E+11 0.139702E+11 0.121784E+11 0.650172E+10
     1326.00  0.130661E+11 0.138137E+11 0.115210E+11 0.563131E+10
     1336.00  0.132579E+11 0.136021E+11 0.108248E+11 0.479361E+10
     1346.00  0.134102E+11 0.133360E+11 0.100963E+11 0.399854E+10
     1356.00  0.135210E+11 0.130167E+11 0.934287E+10 0.325544E+10
     1366.00  0.135883E+11 0.126460E+11 0.857192E+10 0.257299E+10
     1376.00  0.136106E+11 0.122265E+11 0.779138E+10 0.195900E+10
     1386.00  0.135866E+11 0.117610E+11 0.700933E+10 0.142033E+10
     1396.00  0.135155E+11 0.112529E+11 0.623396E+10 0.962756E+09
     1406.00  0.133968E+11 0.107064E+11 0.547346E+10 0.590887E+09
     1416.00  0.132303E+11 0.101259E+11 0.473591E+10 0.308057E+09
     1426.00  0.130165E+11 0.951624E+10 0.402915E+10 0.116288E+09
     1436.00  0.127560E+11 0.888275E+10 0.336071E+10 0.162414E+08
     1446.00  0.124501E+11 0.823104E+10 0.273765E+10 0.720253E+07
     1456.00  0.121003E+11 0.756699E+10 0.216651E+10 0.870876E+08
     1466.00  0.117087E+11 0.689671E+10 0.165319E+10 0.252470E+09
     1476.00  0.112779E+11 0.622645E+10 0.120286E+10 0.498635E+09
     1486.00  0.108106E+11 0.556253E+10 0.819877E+09 0.819647E+09
     1496.00  0.103102E+11 0.491125E+10 0.507733E+09 0.120845E+10
     1506.00  0.978025E+10 0.427884E+10 0.268985E+09 0.165698E+10
     1516.00  0.922487E+10 0.367138E+10 0.105215E+09 0.215628E+10
     1526.00  0.864829E+10 0.309471E+10 0.170052E+08 0.269669E+10
     1536.00  0.805509E+10 0.255435E+10 0.391824E+07 0.326794E+10
     1546.00  0.745005E+10 0.205547E+10 0.644997E+08 0.385938E+10
     1556.00  0.683815E+10 0.160277E+10 0.196293E+09 0.446013E+10
     1566.00  0.622449E+10 0.120045E+10 0.395868E+09 0.505924E+10
     1576.00  0.561427E+10 0.852132E+09 0.658872E+09 0.564592E+10
     1586.00  0.501269E+10 0.560831E+09 0.980079E+09 0.620969E+10
     1596.00  0.442494E+10 0.328892E+09 0.135347E+10 0.674056E+10
     1606.00  0.385611E+10 0.157962E+09 0.177233E+10 0.722918E+10
     1616.00  0.331114E+10 0.489621E+08 0.222931E+10 0.766702E+10
     1626.00  0.279479E+10 0.207160E+07 0.271656E+10 0.804650E+10
     1636.00  0.231156E+10 0.167172E+08 0.322584E+10 0.836111E+10
     1646.00  0.186563E+10 0.915765E+08 0.374865E+10 0.860554E+10
     1656.00  0.146082E+10 0.224590E+09 0.427632E+10 0.877572E+10
     1666.00  0.110057E+10 0.412981E+09 0.480020E+10 0.886894E+10
     1676.00  0.787829E+09 0.653294E+09 0.531171E+10 0.888384E+10
     1686.00  0.525078E+09 0.941427E+09 0.580254E+10 0.882046E+10
     1696.00  0.314264E+09 0.127269E+10 0.626474E+10 0.868022E+10
     1706.00  0.156778E+09 0.164187E+10 0.669085E+10 0.846588E+10
     1716.00  0.534330E+08 0.204328E+10 0.707400E+10 0.818148E+10
     1726.00  0.444408E+07 0.247084E+10 0.740801E+10 0.783229E+10
     1736.00  0.942000E+07 0.291819E+10 0.768752E+10 0.742470E+10
     1746.00  0.673584E+08 0.337873E+10 0.790802E+10 0.696607E+10
     1756.00  0.176649E+09 0.384574E+10 0.806595E+10 0.646463E+10
     1766.00  0.335082E+09 0.431246E+10 0.815875E+10 0.592932E+10
     1776.00  0.539866E+09 0.477221E+10 0.818487E+10 0.536962E+10
     1786.00  0.787648E+09 0.521847E+10 0.814381E+10 0.479536E+10
     1796.00  0.107454E+10 0.564498E+10 0.803611E+10 0.421657E+10
     1806.00  0.139615E+10 0.604586E+10 0.786332E+10 0.364327E+10
     1816.00  0.174761E+10 0.641570E+10 0.762798E+10 0.308531E+10
     1826.00  0.212360E+10 0.674967E+10 0.733355E+10 0.255214E+10
     1836.00  0.251840E+10 0.704364E+10 0.698432E+10 0.205268E+10
     1846.00  0.292586E+10 0.729433E+10 0.658531E+10 0.159512E+10
     1856.00  0.333939E+10 0.749948E+10 0.614212E+10 0.118672E+10
     1866.00  0.375188E+10 0.765806E+10 0.566069E+10 0.833655E+09
     1876.00  0.415550E+10 0.777077E+10 0.514703E+10 0.540829E+09
     1886.00  0.454118E+10 0.784071E+10 0.460675E+10 0.311582E+09
     1896.00  0.489757E+10 0.787503E+10 0.404413E+10 0.147321E+09
     1906.00  0.520830E+10 0.788882E+10 0.346021E+10 0.467378E+08
     1916.00  0.544423E+10 0.791625E+10 0.284783E+10 0.395573E+07
     1926.00  0.553561E+10 0.805278E+10 0.217506E+10 0.319159E+07
     1936.00  0.521819E+10 0.871264E+10 0.130653E+10 0.391844E+07
     1946.00  0.137533E+10 0.189528E+11 0.436062E+09 0.190861E+10
     1956.00  0.994470E+10 0.343967E+10 0.371015E+10 0.228030E+10
     1966.00  0.847552E+10 0.451525E+10 0.187805E+10 0.168678E+10
     1976.00  0.818407E+10 0.455329E+10 0.120070E+10 0.185853E+10
     1986.00  0.807259E+10 0.434129E+10 0.765805E+09 0.218407E+10
     1996.00  0.799283E+10 0.402533E+10 0.453165E+09 0.257989E+10
     2006.00  0.790060E+10 0.365638E+10 0.230186E+09 0.301636E+10
     2016.00  0.777849E+10 0.325970E+10 0.847982E+08 0.347619E+10
     2026.00  0.761891E+10 0.285124E+10 0.112474E+08 0.394608E+10
     2036.00  0.741882E+10 0.244287E+10 0.578667E+07 0.441444E+10
     2046.00  0.717775E+10 0.204428E+10 0.650727E+08 0.487063E+10
     2056.00  0.689687E+10 0.166387E+10 0.185489E+09 0.530476E+10
     2066.00  0.657852E+10 0.130907E+10 0.362847E+09 0.570764E+10
     2076.00  0.622598E+10 0.986507E+09 0.592267E+09 0.607090E+10
     2086.00  0.584328E+10 0.702029E+09 0.868151E+09 0.638702E+10
     2096.00  0.543502E+10 0.460721E+09 0.118421E+10 0.664952E+10
     2106.00  0.500635E+10 0.266873E+09 0.153354E+10 0.685298E+10
     2116.00  0.456278E+10 0.123945E+09 0.190870E+10 0.699320E+10
     2126.00  0.411015E+10 0.345350E+08 0.230182E+10 0.706721E+10
     2136.00  0.365449E+10 0.346786E+06 0.270476E+10 0.707336E+10
     2146.00  0.320193E+10 0.221682E+08 0.310920E+10 0.701136E+10
     2156.00  0.275865E+10 0.998589E+08 0.350680E+10 0.688225E+10
     2166.00  0.233073E+10 0.232350E+09 0.388937E+10 0.668839E+10
     2176.00  0.192408E+10 0.417654E+09 0.424897E+10 0.643343E+10
     2186.00  0.154435E+10 0.652893E+09 0.457808E+10 0.612223E+10
     2196.00  0.119684E+10 0.934332E+09 0.486975E+10 0.576079E+10
     2206.00  0.886412E+09 0.125743E+10 0.511772E+10 0.535608E+10
     2216.00  0.617404E+09 0.161691E+10 0.531654E+10 0.491598E+10
     2226.00  0.393565E+09 0.200682E+10 0.546170E+10 0.444905E+10
     2236.00  0.217978E+09 0.242063E+10 0.554969E+10 0.396442E+10
     2246.00  0.930047E+08 0.285135E+10 0.557815E+10 0.347158E+10
     2256.00  0.202316E+08 0.329157E+10 0.554588E+10 0.298019E+10
     2266.00  0.426707E+06 0.373364E+10 0.545292E+10 0.249991E+10
     2276.00  0.335086E+08 0.416979E+10 0.530054E+10 0.204013E+10
     2286.00  0.118525E+09 0.459220E+10 0.509131E+10 0.160985E+10
     2296.00  0.253645E+09 0.499318E+10 0.482902E+10 0.121741E+10
     2306.00  0.436158E+09 0.536527E+10 0.451872E+10 0.870359E+09
     2316.00  0.662494E+09 0.570140E+10 0.416657E+10 0.575245E+09
     2326.00  0.928248E+09 0.599496E+10 0.377985E+10 0.337455E+09
     2336.00  0.122822E+10 0.624002E+10 0.336683E+10 0.161072E+09
     2346.00  0.155649E+10 0.643135E+10 0.293662E+10 0.487542E+08
     2356.00  0.190643E+10 0.656457E+10 0.249911E+10 0.163305E+07
     2366.00  0.227085E+10 0.663629E+10 0.206473E+10 0.192386E+08
     2376.00  0.264205E+10 0.664413E+10 0.164435E+10 0.994580E+08
     2386.00  0.301194E+10 0.658685E+10 0.124905E+10 0.238523E+09
     2396.00  0.337215E+10 0.646439E+10 0.889968E+09 0.431031E+09
     2406.00  0.371417E+10 0.627795E+10 0.578035E+09 0.670002E+09
     2416.00  0.402948E+10 0.602996E+10 0.323804E+09 0.946972E+09
     2426.00  0.430970E+10 0.572419E+10 0.137203E+09 0.125213E+10
     2436.00  0.454677E+10 0.536566E+10 0.273031E+08 0.157446E+10
     2446.00  0.473315E+10 0.496068E+10 0.207729E+07 0.190202E+10
     2456.00  0.486195E+10 0.451676E+10 0.681516E+08 0.222212E+10
     2466.00  0.492722E+10 0.404257E+10 0.230551E+09 0.252168E+10
     2476.00  0.492411E+10 0.354787E+10 0.492436E+09 0.278756E+10
     2486.00  0.484918E+10 0.304331E+10 0.854838E+09 0.300699E+10
     2496.00  0.470058E+10 0.254037E+10 0.131638E+10 0.316800E+10
     2506.00  0.447845E+10 0.205109E+10 0.187298E+10 0.326000E+10
     2516.00  0.418511E+10 0.158787E+10 0.251760E+10 0.327432E+10
     2526.00  0.382551E+10 0.116318E+10 0.323990E+10 0.320494E+10
     2536.00  0.340744E+10 0.789153E+09 0.402602E+10 0.304923E+10
     2546.00  0.294199E+10 0.477202E+09 0.485826E+10 0.280873E+10
     2556.00  0.244375E+10 0.237455E+09 0.571496E+10 0.249005E+10
     2566.00  0.193110E+10 0.781375E+08 0.657039E+10 0.210574E+10
     2576.00  0.142626E+10 0.483573E+07 0.739483E+10 0.167505E+10
     2586.00  0.955104E+09 0.196766E+08 0.815506E+10 0.122455E+10
     2596.00  0.546664E+09 0.120460E+09 0.881511E+10 0.788334E+09
     2606.00  0.232007E+09 0.299831E+09 0.933771E+10 0.407563E+09
     2616.00  0.424842E+08 0.544629E+09 0.968646E+10 0.129091E+09
     2626.00  0.714282E+07 0.835623E+09 0.982878E+10 0.277637E+07
     2636.00  0.149341E+09 0.114790E+10 0.973965E+10 0.772893E+08
     2646.00  0.482781E+09 0.145215E+10 0.940584E+10 0.394411E+09
     2656.00  0.100750E+10 0.171705E+10 0.882995E+10 0.982263E+09
     2666.00  0.170668E+10 0.191274E+10 0.803337E+10 0.184847E+10
     2676.00  0.254531E+10 0.201491E+10 0.705705E+10 0.297481E+10
     2686.00  0.347163E+10 0.200886E+10 0.595921E+10 0.431505E+10
     2696.00  0.442179E+10 0.189259E+10 0.480975E+10 0.579733E+10
     2706.00  0.532705E+10 0.167783E+10 0.368208E+10 0.733136E+10
     2716.00  0.612234E+10 0.138880E+10 0.264405E+10 0.881923E+10
     2726.00  0.675411E+10 0.105873E+10 0.174987E+10 0.101675E+11
     2736.00  0.718588E+10 0.725066E+09 0.103495E+10 0.112980E+11
     2746.00  0.740057E+10 0.424530E+09 0.514209E+09 0.121550E+11
     2756.00  0.739964E+10 0.188947E+09 0.183728E+09 0.127080E+11
     2766.00  0.719994E+10 0.425532E+08 0.247443E+08 0.129508E+11
     2776.00  0.682928E+10 0.820077E+06 0.862252E+07 0.128977E+11
     2786.00  0.632194E+10 0.705782E+08 0.101759E+09 0.125780E+11
     2796.00  0.571467E+10 0.251018E+09 0.269696E+09 0.120308E+11
     2806.00  0.504364E+10 0.535145E+09 0.480137E+09 0.113002E+11
     2816.00  0.434235E+10 0.911351E+09 0.704870E+09 0.104312E+11
     2826.00  0.364035E+10 0.136489E+10 0.920766E+09 0.946744E+10
     2836.00  0.296268E+10 0.187917E+10 0.111009E+10 0.844907E+10
     2846.00  0.232970E+10 0.243676E+10 0.126037E+10 0.741172E+10
     2856.00  0.175730E+10 0.302021E+10 0.136390E+10 0.638607E+10
     2866.00  0.125716E+10 0.361265E+10 0.141724E+10 0.539768E+10
     2876.00  0.837217E+09 0.419825E+10 0.142049E+10 0.446714E+10
     2886.00  0.502067E+09 0.476247E+10 0.137669E+10 0.361031E+10
     2896.00  0.253418E+09 0.529236E+10 0.129121E+10 0.283872E+10
     2906.00  0.904878E+08 0.577661E+10 0.117115E+10 0.215993E+10
     2916.00  0.103928E+08 0.620570E+10 0.102485E+10 0.157801E+10
     2926.00  0.849246E+07 0.657190E+10 0.861439E+09 0.109390E+10
     2936.00  0.787110E+08 0.686928E+10 0.690393E+09 0.705855E+09
     2946.00  0.213830E+09 0.709366E+10 0.521220E+09 0.409846E+09
     2956.00  0.405756E+09 0.724261E+10 0.363133E+09 0.199936E+09
     2966.00  0.645768E+09 0.731532E+10 0.224790E+09 0.686548E+08
     2976.00  0.924743E+09 0.731255E+10 0.114075E+09 0.735283E+07
     2986.00  0.123337E+10 0.723647E+10 0.379137E+08 0.653624E+07
     2996.00  0.156232E+10 0.709059E+10 0.213532E+07 0.561830E+08
     3006.00  0.190246E+10 0.687960E+10 0.113633E+08 0.146038E+09
     3016.00  0.224498E+10 0.660921E+10 0.689447E+08 0.265887E+09
     3026.00  0.258154E+10 0.628600E+10 0.176912E+09 0.405801E+09
     3036.00  0.290440E+10 0.591727E+10 0.335976E+09 0.556365E+09
     3046.00  0.320652E+10 0.551087E+10 0.545547E+09 0.708865E+09
     3056.00  0.348165E+10 0.507501E+10 0.803788E+09 0.855458E+09
     3066.00  0.372441E+10 0.461812E+10 0.110768E+10 0.989306E+09
     3076.00  0.393034E+10 0.414869E+10 0.145314E+10 0.110468E+10
     3086.00  0.409594E+10 0.367509E+10 0.183510E+10 0.119703E+10
     3096.00  0.421865E+10 0.320544E+10 0.224769E+10 0.126302E+10
     3106.00  0.429692E+10 0.274746E+10 0.268431E+10 0.130058E+10
     3116.00  0.433012E+10 0.230837E+10 0.313787E+10 0.130882E+10
     3126.00  0.431855E+10 0.189473E+10 0.360089E+10 0.128804E+10
     3136.00  0.426341E+10 0.151241E+10 0.406568E+10 0.123964E+10
     3146.00  0.416667E+10 0.116646E+10 0.452449E+10 0.116604E+10
     3156.00  0.403108E+10 0.861083E+09 0.496970E+10 0.107056E+10
     3166.00  0.386003E+10 0.599561E+09 0.539395E+10 0.957284E+09
     3176.00  0.365750E+10 0.384260E+09 0.579027E+10 0.830932E+09
     3186.00  0.342792E+10 0.216604E+09 0.615222E+10 0.696716E+09
     3196.00  0.317612E+10 0.970948E+08 0.647402E+10 0.560174E+09
     3206.00  0.290718E+10 0.253370E+08 0.675065E+10 0.427020E+09
     3216.00  0.262635E+10 0.778046E+05 0.697788E+10 0.302987E+09
     3226.00  0.233895E+10 0.192659E+08 0.715240E+10 0.193678E+09
     3236.00  0.205027E+10 0.801191E+08 0.727183E+10 0.104422E+09
     3246.00  0.176544E+10 0.179204E+09 0.733474E+10 0.401473E+08
     3256.00  0.148939E+10 0.312524E+09 0.734067E+10 0.526144E+07
     3266.00  0.122674E+10 0.475615E+09 0.729012E+10 0.354836E+07
     3276.00  0.981734E+09 0.663644E+09 0.718450E+10 0.380844E+08
     3286.00  0.758171E+09 0.871511E+09 0.702609E+10 0.111171E+09
     3296.00  0.559352E+09 0.109395E+10 0.681798E+10 0.224287E+09
     3306.00  0.388045E+09 0.132565E+10 0.656403E+10 0.378058E+09
     3316.00  0.246443E+09 0.156132E+10 0.626869E+10 0.572252E+09
     3326.00  0.136151E+09 0.179581E+10 0.593702E+10 0.805783E+09
     3336.00  0.581704E+08 0.202419E+10 0.557449E+10 0.107674E+10
     3346.00  0.129060E+08 0.224183E+10 0.518694E+10 0.138244E+10
     3356.00  0.174033E+06 0.244450E+10 0.478043E+10 0.171947E+10
     3366.00  0.192251E+08 0.262836E+10 0.436114E+10 0.208378E+10
     3376.00  0.687748E+08 0.279010E+10 0.393528E+10 0.247074E+10
     3386.00  0.147042E+09 0.292693E+10 0.350896E+10 0.287527E+10
     3396.00  0.251795E+09 0.303661E+10 0.308808E+10 0.329191E+10
     3406.00  0.380403E+09 0.311750E+10 0.267828E+10 0.371494E+10
     3416.00  0.529893E+09 0.316854E+10 0.228483E+10 0.413847E+10
     3426.00  0.697012E+09 0.318925E+10 0.191254E+10 0.455660E+10
     3436.00  0.878287E+09 0.317974E+10 0.156572E+10 0.496346E+10
     3446.00  0.107009E+10 0.314066E+10 0.124811E+10 0.535336E+10
     3456.00  0.126871E+10 0.307319E+10 0.962863E+09 0.572085E+10
     3466.00  0.147041E+10 0.297899E+10 0.712478E+09 0.606086E+10
     3476.00  0.167149E+10 0.286016E+10 0.498813E+09 0.636875E+10
     3486.00  0.186834E+10 0.271919E+10 0.323066E+09 0.664036E+10
     3496.00  0.205753E+10 0.255889E+10 0.185781E+09 0.687214E+10
     3506.00  0.223580E+10 0.238235E+10 0.868656E+08 0.706111E+10
     3516.00  0.240017E+10 0.219289E+10 0.256174E+08 0.720498E+10
     3526.00  0.254795E+10 0.199393E+10 0.757588E+06 0.730212E+10
     3536.00  0.267679E+10 0.178903E+10 0.104758E+08 0.735160E+10
     3546.00  0.278467E+10 0.158172E+10 0.524797E+08 0.735318E+10
     3556.00  0.286998E+10 0.137555E+10 0.124052E+09 0.730730E+10
     3566.00  0.293150E+10 0.117392E+10 0.222111E+09 0.721507E+10
     3576.00  0.296843E+10 0.980123E+09 0.343275E+09 0.707820E+10
     3586.00  0.298036E+10 0.797234E+09 0.483931E+09 0.689901E+10
     3596.00  0.296732E+10 0.628092E+09 0.640300E+09 0.668035E+10
     3606.00  0.292972E+10 0.475255E+09 0.808506E+09 0.642555E+10
     3616.00  0.286835E+10 0.340967E+09 0.984645E+09 0.613836E+10
     3626.00  0.278439E+10 0.227129E+09 0.116484E+10 0.582285E+10
     3636.00  0.267934E+10 0.135282E+09 0.134533E+10 0.548340E+10
     3646.00  0.255503E+10 0.665889E+08 0.152248E+10 0.512460E+10
     3656.00  0.241356E+10 0.218290E+08 0.169287E+10 0.475112E+10
     3666.00  0.225729E+10 0.139406E+07 0.185335E+10 0.436776E+10
     3676.00  0.208876E+10 0.529286E+07 0.200104E+10 0.397924E+10
     3686.00  0.191072E+10 0.331611E+08 0.213340E+10 0.359024E+10
     3696.00  0.172601E+10 0.842760E+08 0.224826E+10 0.320528E+10
     3706.00  0.153757E+10 0.157576E+09 0.234380E+10 0.282867E+10
     3716.00  0.134840E+10 0.251686E+09 0.241862E+10 0.246446E+10
     3726.00  0.116148E+10 0.364943E+09 0.247172E+10 0.211638E+10
     3736.00  0.979770E+09 0.495430E+09 0.250250E+10 0.178782E+10
     3746.00  0.806145E+09 0.641009E+09 0.251076E+10 0.148176E+10
     3756.00  0.643376E+09 0.799358E+09 0.249670E+10 0.120077E+10
     3766.00  0.494087E+09 0.968008E+09 0.246087E+10 0.946974E+09
     3776.00  0.360728E+09 0.114438E+10 0.240420E+10 0.722044E+09
     3786.00  0.245541E+09 0.132583E+10 0.232794E+10 0.527183E+09
     3796.00  0.150541E+09 0.150968E+10 0.223362E+10 0.363135E+09
     3806.00  0.774912E+08 0.169327E+10 0.212307E+10 0.230185E+09
     3816.00  0.278859E+08 0.187396E+10 0.199832E+10 0.128176E+09
     3826.00  0.293678E+07 0.204923E+10 0.186160E+10 0.565262E+08
     3836.00  0.356215E+07 0.221664E+10 0.171528E+10 0.142550E+08
     3846.00  0.303803E+08 0.237391E+10 0.156187E+10 0.111478E+05
     3856.00  0.837070E+08 0.251894E+10 0.140392E+10 0.121072E+08
     3866.00  0.163556E+09 0.264981E+10 0.124402E+10 0.485563E+08
     3876.00  0.269642E+09 0.276483E+10 0.108476E+10 0.107113E+09
     3886.00  0.401393E+09 0.286256E+10 0.928680E+09 0.185314E+09
     3896.00  0.557955E+09 0.294179E+10 0.778219E+09 0.280523E+09
     3906.00  0.738210E+09 0.300159E+10 0.635715E+09 0.389976E+09
     3916.00  0.940788E+09 0.304129E+10 0.503352E+09 0.510824E+09
     3926.00  0.116409E+10 0.306050E+10 0.383138E+09 0.640180E+09
     3936.00  0.140632E+10 0.305911E+10 0.276878E+09 0.775158E+09
     3946.00  0.166546E+10 0.303727E+10 0.186155E+09 0.912917E+09
     3956.00  0.193937E+10 0.299542E+10 0.112312E+09 0.105070E+10
     3966.00  0.222576E+10 0.293421E+10 0.564353E+08 0.118588E+10
     3976.00  0.252220E+10 0.285458E+10 0.193497E+08 0.131596E+10
     3986.00  0.282622E+10 0.275766E+10 0.160826E+07 0.143866E+10
     3996.00  0.313525E+10 0.264482E+10 0.349213E+07 0.155188E+10
     4006.00  0.344673E+10 0.251760E+10 0.250113E+08 0.165377E+10
     4016.00  0.375806E+10 0.237770E+10 0.659098E+08 0.174273E+10
     4026.00  0.406669E+10 0.222700E+10 0.125674E+09 0.181743E+10
     4036.00  0.437008E+10 0.206747E+10 0.203546E+09 0.187680E+10
     4046.00  0.466579E+10 0.190118E+10 0.298533E+09 0.192007E+10
     4056.00  0.495146E+10 0.173027E+10 0.409431E+09 0.194675E+10
     4066.00  0.522485E+10 0.155694E+10 0.534840E+09 0.195663E+10
     4076.00  0.548384E+10 0.138339E+10 0.673186E+09 0.194977E+10
     4086.00  0.572646E+10 0.121182E+10 0.822746E+09 0.192650E+10
     4096.00  0.595093E+10 0.104439E+10 0.981668E+09 0.188742E+10
     4106.00  0.615562E+10 0.883223E+09 0.114800E+10 0.183335E+10
     4116.00  0.633909E+10 0.730348E+09 0.131973E+10 0.176533E+10
     4126.00  0.650011E+10 0.587699E+09 0.149476E+10 0.168461E+10
     4136.00  0.663766E+10 0.457091E+09 0.167102E+10 0.159261E+10
     4146.00  0.675092E+10 0.340204E+09 0.184641E+10 0.149090E+10
     4156.00  0.683928E+10 0.238560E+09 0.201886E+10 0.138118E+10
     4166.00  0.690235E+10 0.153519E+09 0.218637E+10 0.126524E+10
     4176.00  0.693996E+10 0.862571E+08 0.234701E+10 0.114495E+10
     4186.00  0.695213E+10 0.377641E+08 0.249895E+10 0.102223E+10
     4196.00  0.693910E+10 0.883197E+07 0.264047E+10 0.899004E+09
     4206.00  0.690128E+10 0.503968E+05 0.277000E+10 0.777191E+09
     4216.00  0.683930E+10 0.118038E+08 0.288612E+10 0.658678E+09
     4226.00  0.675395E+10 0.442699E+08 0.298757E+10 0.545290E+09
     4236.00  0.664617E+10 0.974213E+08 0.307328E+10 0.438768E+09
     4246.00  0.651709E+10 0.171028E+09 0.314236E+10 0.340752E+09
     4256.00  0.636795E+10 0.264664E+09 0.319413E+10 0.252754E+09
     4266.00  0.620013E+10 0.377711E+09 0.322809E+10 0.176144E+09
     4276.00  0.601509E+10 0.509372E+09 0.324396E+10 0.112139E+09
     4286.00  0.581442E+10 0.658677E+09 0.324166E+10 0.617808E+08
     4296.00  0.559977E+10 0.824498E+09 0.322132E+10 0.259333E+08
     4306.00  0.537285E+10 0.100556E+10 0.318326E+10 0.527044E+07
     4316.00  0.513541E+10 0.120046E+10 0.312799E+10 0.271628E+06
     4326.00  0.488924E+10 0.140766E+10 0.305620E+10 0.112186E+08
     4336.00  0.463613E+10 0.162556E+10 0.296878E+10 0.381947E+08
     4346.00  0.437787E+10 0.185243E+10 0.286674E+10 0.810867E+08
     4356.00  0.411623E+10 0.208651E+10 0.275127E+10 0.139589E+09
     4366.00  0.385295E+10 0.232596E+10 0.262368E+10 0.213208E+09
     4376.00  0.358973E+10 0.256892E+10 0.248541E+10 0.301276E+09
     4386.00  0.332819E+10 0.281353E+10 0.233800E+10 0.402953E+09
     4396.00  0.306988E+10 0.305791E+10 0.218306E+10 0.517245E+09
     4406.00  0.281630E+10 0.330020E+10 0.202229E+10 0.643017E+09
     4416.00  0.256881E+10 0.353858E+10 0.185742E+10 0.779006E+09
     4426.00  0.232871E+10 0.377128E+10 0.169022E+10 0.923835E+09
     4436.00  0.209716E+10 0.399659E+10 0.152247E+10 0.107604E+10
     4446.00  0.187522E+10 0.421287E+10 0.135595E+10 0.123406E+10
     4456.00  0.166384E+10 0.441858E+10 0.119241E+10 0.139631E+10
     4466.00  0.146383E+10 0.461229E+10 0.103357E+10 0.156113E+10
     4476.00  0.127588E+10 0.479265E+10 0.881091E+09 0.172686E+10
     4486.00  0.110054E+10 0.495847E+10 0.736550E+09 0.189184E+10
     4511.00  0.719957E+09 0.530261E+10 0.419559E+09 0.229017E+10
     4536.00  0.423985E+09 0.553630E+10 0.181857E+09 0.264891E+10
     4561.00  0.211353E+09 0.565204E+10 0.390804E+08 0.294627E+10
     4586.00  0.766503E+08 0.564805E+10 0.123971E+07 0.316463E+10
     4611.00  0.110058E+08 0.552798E+10 0.723366E+08 0.329154E+10
     4636.00  0.290992E+07 0.530051E+10 0.250346E+09 0.332032E+10
     4661.00  0.391098E+08 0.497858E+10 0.527532E+09 0.325033E+10
     4686.00  0.105535E+09 0.457851E+10 0.891062E+09 0.308681E+10
     4711.00  0.188197E+09 0.411903E+10 0.132387E+10 0.284039E+10
     4736.00  0.274025E+09 0.362022E+10 0.180569E+10 0.252635E+10
     4761.00  0.351593E+09 0.310242E+10 0.231424E+10 0.216356E+10
     4786.00  0.411704E+09 0.258533E+10 0.282640E+10 0.177331E+10
     4811.00  0.447833E+09 0.208704E+10 0.331941E+10 0.137802E+10
     4836.00  0.456380E+09 0.162336E+10 0.377198E+10 0.100001E+10
     4861.00  0.436772E+09 0.120718E+10 0.416525E+10 0.660232E+09
     4886.00  0.391383E+09 0.848107E+09 0.448360E+10 0.377232E+09
     4911.00  0.325314E+09 0.552289E+09 0.471522E+10 0.166210E+09
     4936.00  0.246032E+09 0.322352E+09 0.485251E+10 0.383442E+08
     4961.00  0.162908E+09 0.157587E+09 0.489220E+10 0.347634E+06
     4986.00  0.866707E+08 0.542544E+08 0.483531E+10 0.542717E+08
     5011.00  0.288114E+08 0.602285E+07 0.468685E+10 0.197563E+09
     5036.00  0.970763E+06 0.450977E+07 0.445539E+10 0.423352E+09
     5061.00  0.143324E+08 0.398823E+08 0.415249E+10 0.720938E+09
     5086.00  0.790541E+08 0.101492E+09 0.379198E+10 0.107645E+10
     5111.00  0.203758E+09 0.178509E+09 0.338923E+10 0.147363E+10
     5136.00  0.395103E+09 0.260525E+09 0.296036E+10 0.189469E+10
     5161.00  0.657444E+09 0.338100E+09 0.252151E+10 0.232119E+10
     5186.00  0.992609E+09 0.403226E+09 0.208809E+10 0.273493E+10
     5211.00  0.139977E+10 0.449699E+09 0.167413E+10 0.311879E+10
     5236.00  0.187545E+10 0.473381E+09 0.129183E+10 0.345740E+10
     5261.00  0.241360E+10 0.472346E+09 0.951061E+09 0.373781E+10
     5286.00  0.300580E+10 0.446914E+09 0.659138E+09 0.394994E+10
     5311.00  0.364154E+10 0.399574E+09 0.420661E+09 0.408687E+10
     5336.00  0.430858E+10 0.334808E+09 0.237509E+09 0.414501E+10
     5361.00  0.499337E+10 0.258826E+09 0.108959E+09 0.412408E+10
     5386.00  0.568146E+10 0.179228E+09 0.319079E+08 0.402700E+10
     5411.00  0.635802E+10 0.104614E+09 0.120274E+07 0.385955E+10
     5436.00  0.700826E+10 0.441588E+08 0.100328E+08 0.362999E+10
     5461.00  0.761792E+10 0.717193E+07 0.503805E+08 0.334860E+10
     5511.00  0.866365E+10 0.389189E+08 0.190391E+09 0.267810E+10
     5561.00  0.940666E+10 0.261119E+09 0.351064E+09 0.194905E+10
     5611.00  0.978876E+10 0.712858E+09 0.472259E+09 0.125881E+10
     5661.00  0.978713E+10 0.140387E+10 0.514764E+09 0.685898E+09
     5711.00  0.941484E+10 0.231201E+10 0.466520E+09 0.279803E+09
     5761.00  0.871711E+10 0.338547E+10 0.343587E+09 0.566656E+08
     5811.00  0.776421E+10 0.454899E+10 0.186189E+09 0.101153E+07
     5861.00  0.664219E+10 0.571300E+10 0.509079E+08 0.725052E+08
     5911.00  0.544273E+10 0.678431E+10 0.538709E+06 0.216073E+09
     5961.00  0.425339E+10 0.767670E+10 0.933629E+08 0.373414E+09
     6011.00  0.314941E+10 0.832022E+10 0.373472E+09 0.493912E+09
     6061.00  0.218772E+10 0.866803E+10 0.863489E+09 0.543287E+09
     6111.00  0.140368E+10 0.870025E+10 0.156056E+10 0.508845E+09
     6161.00  0.810570E+09 0.842455E+10 0.243595E+10 0.400818E+09
     6211.00  0.401542E+09 0.787364E+10 0.343809E+10 0.249926E+09
     6261.00  0.153586E+09 0.710039E+10 0.449842E+10 0.101821E+09
     6311.00  0.327684E+08 0.617115E+10 0.553913E+10 0.947996E+07
     6361.00  0.349223E+05 0.515836E+10 0.648170E+10 0.247613E+08
     6411.00  0.168429E+08 0.413313E+10 0.725518E+10 0.190401E+09
     6461.00  0.500207E+08 0.315881E+10 0.780319E+10 0.533499E+09
     6511.00  0.753869E+08 0.228603E+10 0.808903E+10 0.106129E+10
     6561.00  0.798605E+08 0.154947E+10 0.809833E+10 0.175963E+10
     6611.00  0.619843E+08 0.966814E+09 0.783925E+10 0.259416E+10
     6661.00  0.309623E+08 0.539438E+09 0.734039E+10 0.351395E+10
     6711.00  0.446314E+07 0.254773E+09 0.664677E+10 0.445695E+10
     6761.00  0.554387E+07 0.898319E+08 0.581452E+10 0.535653E+10
     6811.00  0.591079E+08 0.153922E+08 0.490495E+10 0.614824E+10
     6861.00  0.188318E+09 0.341991E+06 0.397870E+10 0.677608E+10
     6911.00  0.411351E+09 0.156902E+08 0.309042E+10 0.719763E+10
     6961.00  0.738816E+09 0.378624E+08 0.228472E+10 0.738741E+10
     7011.00  0.117205E+10 0.510012E+08 0.159336E+10 0.733847E+10
     7061.00  0.170245E+10 0.481304E+08 0.103414E+10 0.706207E+10
     7111.00  0.231175E+10 0.311679E+08 0.611196E+09 0.658549E+10
     7161.00  0.297335E+10 0.989473E+07 0.316604E+09 0.594869E+10
     7211.00  0.365430E+10 0.792521E+05 0.133037E+09 0.519986E+10
     7261.00  0.431790E+10 0.210235E+08 0.370192E+08 0.439073E+10
     7311.00  0.492658E+10 0.928290E+08 0.242605E+07 0.357187E+10
     7361.00  0.544480E+10 0.233683E+09 0.384138E+07 0.278861E+10
     7411.00  0.584175E+10 0.457436E+09 0.194507E+08 0.207781E+10
     7511.00  0.618528E+10 0.117657E+10 0.362249E+08 0.967333E+09
     7611.00  0.587598E+10 0.221914E+10 0.112547E+08 0.315850E+09
     7711.00  0.498556E+10 0.343652E+10 0.963575E+07 0.465584E+08
     7811.00  0.371507E+10 0.460106E+10 0.157955E+09 0.691058E+06
     7911.00  0.233877E+10 0.547052E+10 0.577432E+09 0.216338E+08
     8011.00  0.113424E+10 0.585606E+10 0.132276E+10 0.201044E+08
     8111.00  0.318135E+09 0.567292E+10 0.234808E+10 0.295831E+06
     8211.00  0.318561E+07 0.496051E+10 0.350961E+10 0.440425E+08
     8311.00  0.184234E+09 0.386910E+10 0.460113E+10 0.265034E+09
     8411.00  0.752859E+09 0.261969E+10 0.540892E+10 0.753393E+09
     8511.00  0.153322E+10 0.144991E+10 0.576812E+10 0.153115E+10
     8611.00  0.232794E+10 0.560971E+09 0.560448E+10 0.253280E+10
     8711.00  0.296226E+10 0.780818E+08 0.495095E+10 0.361539E+10
     8811.00  0.331695E+10 0.320197E+08 0.393706E+10 0.459289E+10
     8911.00  0.334458E+10 0.363409E+09 0.275598E+10 0.528304E+10
     9011.00  0.306815E+10 0.945728E+09 0.161952E+10 0.555267E+10
     9111.00  0.256536E+10 0.161946E+10 0.712795E+09 0.534922E+10
     9211.00  0.194402E+10 0.222847E+10 0.159123E+09 0.471145E+10
     9311.00  0.131527E+10 0.265055E+10 0.160997E+07 0.375829E+10
     9411.00  0.770617E+09 0.281664E+10 0.203584E+09 0.266030E+10
     9511.00  0.366871E+09 0.271642E+10 0.665292E+09 0.160208E+10
     9611.00  0.121011E+09 0.239127E+10 0.125123E+10 0.744881E+09
     9711.00  0.144054E+08 0.191800E+10 0.182100E+10 0.197512E+09
     9811.00  0.417233E+07 0.138807E+10 0.225685E+10 0.953950E+06
     9911.00  0.382777E+08 0.887263E+09 0.248290E+10 0.128148E+09
    10011.00  0.707515E+08 0.479750E+09 0.247338E+10 0.497186E+09
    10111.00  0.738656E+08 0.199194E+09 0.224986E+10 0.993516E+09
    10211.00  0.451233E+08 0.474983E+08 0.186985E+10 0.149552E+10
    10311.00  0.816731E+07 0.432082E+06 0.141012E+10 0.189800E+10
    10411.00  0.794886E+07 0.179901E+08 0.948958E+09 0.212925E+10
    10511.00  0.101512E+09 0.568169E+08 0.550921E+09 0.215937E+10
    10611.00  0.346384E+09 0.819566E+08 0.256707E+09 0.199952E+10
    10711.00  0.788785E+09 0.756808E+08 0.793182E+08 0.169352E+10
    10811.00  0.145370E+10 0.419611E+08 0.641637E+07 0.130464E+10
    10911.00  0.233832E+10 0.610665E+07 0.753066E+07 0.900671E+09
    11011.00  0.340984E+10 0.100029E+08 0.441096E+08 0.540516E+09
    11111.00  0.460763E+10 0.104106E+09 0.801253E+08 0.264486E+09
    11211.00  0.584941E+10 0.337789E+09 0.911372E+08 0.896822E+08
    11311.00  0.704030E+10 0.749760E+09 0.702481E+08 0.105999E+08
    11411.00  0.808341E+10 0.136012E+10 0.301133E+08 0.416371E+07
    11511.00  0.889066E+10 0.216521E+10 0.938131E+06 0.376679E+08
    11611.00  0.939231E+10 0.313598E+10 0.250861E+08 0.777933E+08
    11711.00  0.954420E+10 0.421989E+10 0.149422E+09 0.988986E+08
    11811.00  0.933215E+10 0.534599E+10 0.416780E+09 0.891268E+08
    11911.00  0.877288E+10 0.643238E+10 0.857967E+09 0.534082E+08
    12011.00  0.791193E+10 0.739497E+10 0.148551E+10 0.130616E+08
    12111.00  0.681876E+10 0.815644E+10 0.229002E+10 0.229172E+07
    12211.00  0.557982E+10 0.865420E+10 0.323956E+10 0.623500E+08
    12311.00  0.429052E+10 0.884674E+10 0.428209E+10 0.234428E+09
    12411.00  0.304676E+10 0.871747E+10 0.535037E+10 0.552457E+09
    12511.00  0.193704E+10 0.827602E+10 0.636884E+10 0.103690E+10
    12611.00  0.103576E+10 0.755691E+10 0.726132E+10 0.169039E+10
    12711.00  0.398139E+09 0.661585E+10 0.795879E+10 0.249583E+10
    12811.00  0.571844E+08 0.552442E+10 0.840622E+10 0.341695E+10
    12911.00  0.226497E+08 0.436347E+10 0.856786E+10 0.440137E+10
    13011.00  0.281943E+09 0.321623E+10 0.843035E+10 0.538557E+10
    13111.00  0.802692E+09 0.216157E+10 0.800376E+10 0.630111E+10
    13211.00  0.153658E+10 0.126813E+10 0.732019E+10 0.708136E+10
    13311.00  0.242403E+10 0.589651E+09 0.643055E+10 0.766794E+10
    13411.00  0.339925E+10 0.161929E+09 0.539985E+10 0.801629E+10
    13511.00  0.439527E+10 0.132072E+07 0.430142E+10 0.809961E+10
    13611.00  0.534848E+10 0.104926E+09 0.321090E+10 0.791115E+10
    13711.00  0.620257E+10 0.452176E+09 0.220030E+10 0.746449E+10
    13811.00  0.691141E+10 0.100759E+10 0.133285E+10 0.679202E+10
    13911.00  0.744111E+10 0.172434E+10 0.658842E+09 0.594182E+10
    14011.00  0.777085E+10 0.254837E+10 0.212785E+09 0.497345E+10
    14111.00  0.789292E+10 0.342248E+10 0.119881E+08 0.395285E+10
    14211.00  0.781181E+10 0.429037E+10 0.565238E+08 0.294723E+10
    14311.00  0.754269E+10 0.510014E+10 0.330449E+09 0.201998E+10
    14411.00  0.710935E+10 0.580713E+10 0.804060E+09 0.122635E+10
    14511.00  0.654195E+10 0.637601E+10 0.143691E+10 0.610007E+09
    14611.00  0.587456E+10 0.678205E+10 0.218131E+10 0.200659E+09
    14711.00  0.514285E+10 0.701156E+10 0.298593E+10 0.129656E+08
    14811.00  0.438194E+10 0.706163E+10 0.379939E+10 0.465547E+08
    14911.00  0.362457E+10 0.693912E+10 0.457341E+10 0.287117E+09
    15011.00  0.289967E+10 0.665934E+10 0.526549E+10 0.708365E+09
    15111.00  0.223127E+10 0.624428E+10 0.584092E+10 0.127464E+10
    15211.00  0.163792E+10 0.572063E+10 0.627411E+10 0.194389E+10
    15311.00  0.113240E+10 0.511789E+10 0.654923E+10 0.267080E+10
    15411.00  0.721868E+09 0.446640E+10 0.666014E+10 0.340984E+10
    15511.00  0.408219E+09 0.379569E+10 0.660977E+10 0.411802E+10
    15611.00  0.188716E+09 0.313302E+10 0.640905E+10 0.475718E+10
    15711.00  0.567541E+08 0.250227E+10 0.607550E+10 0.529581E+10
    15811.00  0.272594E+07 0.192311E+10 0.563153E+10 0.571021E+10
    15911.00  0.149067E+08 0.141058E+10 0.510279E+10 0.598513E+10
    16011.00  0.803205E+08 0.974894E+09 0.451645E+10 0.611375E+10
    16111.00  0.185539E+09 0.621577E+09 0.389959E+10 0.609726E+10
    16211.00  0.317381E+09 0.351823E+09 0.327790E+10 0.594400E+10
    16311.00  0.463497E+09 0.163001E+09 0.267451E+10 0.566826E+10
    16411.00  0.612817E+09 0.493083E+08 0.210914E+10 0.528892E+10
    16511.00  0.755877E+09 0.247471E+07 0.159760E+10 0.482800E+10
    16611.00  0.885000E+09 0.125003E+08 0.115145E+10 0.430915E+10
    16711.00  0.994380E+09 0.683633E+08 0.778029E+09 0.375636E+10
    16811.00  0.108006E+10 0.158677E+09 0.480633E+09 0.319264E+10
    16911.00  0.113980E+10 0.272264E+09 0.258889E+09 0.263910E+10
    17011.00  0.117295E+10 0.398637E+09 0.109263E+09 0.211407E+10
    17111.00  0.118018E+10 0.528369E+09 0.256483E+08 0.163260E+10
    17211.00  0.116327E+10 0.653361E+09 0.905603E+03 0.120615E+10
    17311.00  0.112485E+10 0.767002E+09 0.229700E+08 0.842473E+09
    17411.00  0.106813E+10 0.864239E+09 0.845046E+08 0.545763E+09
    17511.00  0.996681E+09 0.941556E+09 0.174403E+09 0.316892E+09
    17611.00  0.914213E+09 0.996895E+09 0.282785E+09 0.153813E+09
    17711.00  0.824392E+09 0.102951E+10 0.400484E+09 0.520488E+08
    17811.00  0.730687E+09 0.103982E+10 0.519345E+09 0.521080E+07
    17911.00  0.636252E+09 0.102917E+10 0.632422E+09 0.554843E+07
    18011.00  0.543841E+09 0.999632E+09 0.734110E+09 0.444769E+08
    18111.00  0.455757E+09 0.953841E+09 0.820176E+09 0.113069E+09
    18211.00  0.373827E+09 0.894739E+09 0.887733E+09 0.202490E+09
    18311.00  0.299402E+09 0.825432E+09 0.935160E+09 0.304364E+09
    18411.00  0.233378E+09 0.749023E+09 0.961977E+09 0.411065E+09
    18511.00  0.176235E+09 0.668479E+09 0.968682E+09 0.515931E+09
    18611.00  0.128078E+09 0.586535E+09 0.956584E+09 0.613403E+09
    18711.00  0.887003E+08 0.505614E+09 0.927621E+09 0.699097E+09
    18811.00  0.576378E+08 0.427774E+09 0.884176E+09 0.769807E+09
    18911.00  0.342278E+08 0.354687E+09 0.828910E+09 0.823461E+09
    19011.00  0.176674E+08 0.287631E+09 0.764609E+09 0.859044E+09
    19111.00  0.706577E+07 0.227499E+09 0.694048E+09 0.876469E+09
    19311.00  0.107767E+05 0.129819E+09 0.544527E+09 0.860309E+09
    19511.00  0.579679E+07 0.623150E+08 0.398629E+09 0.787434E+09
    19711.00  0.180519E+08 0.219212E+08 0.269654E+09 0.675777E+09
    19911.00  0.318251E+08 0.334049E+07 0.165428E+09 0.544537E+09
    20111.00  0.437498E+08 0.391320E+06 0.887653E+08 0.410989E+09
    20311.00  0.519429E+08 0.706357E+07 0.385135E+08 0.288511E+09
    20511.00  0.557420E+08 0.182217E+08 0.108486E+08 0.185787E+09
    20711.00  0.553714E+08 0.299689E+08 0.544728E+06 0.106911E+09
    20911.00  0.516059E+08 0.397308E+08 0.204740E+07 0.521437E+08
    21111.00  0.454779E+08 0.461392E+08 0.102581E+08 0.189754E+08
    21311.00  0.380506E+08 0.487954E+08 0.210146E+08 0.324901E+07
    21511.00  0.302660E+08 0.479895E+08 0.312984E+08 0.163059E+06
    21711.00  0.228585E+08 0.444233E+08 0.392300E+08 0.504464E+07
    21911.00  0.163262E+08 0.389772E+08 0.439220E+08 0.138632E+08
    22111.00  0.109412E+08 0.325327E+08 0.452553E+08 0.235012E+08
    22311.00  0.678531E+07 0.258572E+08 0.436335E+08 0.318270E+08
    22511.00  0.379860E+07 0.195428E+08 0.397535E+08 0.376276E+08
    22711.00  0.182891E+07 0.139869E+08 0.344164E+08 0.404524E+08
    22911.00  0.677074E+06 0.940503E+07 0.283903E+08 0.404187E+08
    23111.00  0.132858E+06 0.586031E+07 0.223221E+08 0.380103E+08
    23311.00  0.474494E+03 0.330194E+07 0.166951E+08 0.338963E+08
    23511.00  0.114031E+06 0.160451E+07 0.118211E+08 0.287856E+08
    23711.00  0.344429E+06 0.603401E+06 0.785532E+07 0.233218E+08
    23911.00  0.599823E+06 0.123496E+06 0.482574E+07 0.180214E+08
    24111.00  0.821816E+06 0.676269E+02 0.266776E+07 0.132479E+08
    24311.00  0.979390E+06 0.919927E+05 0.125847E+07 0.921437E+07
    24511.00  0.106203E+07 0.288220E+06 0.446535E+06 0.600448E+07
    24711.00  0.107320E+07 0.508897E+06 0.759953E+05 0.360332E+07
    24911.00  0.102468E+07 0.702739E+06 0.305481E+04 0.192939E+07
    25111.00  0.932182E+06 0.842178E+06 0.106318E+06 0.863919E+06
    25311.00  0.812069E+06 0.917587E+06 0.291405E+06 0.274114E+06
    25511.00  0.679301E+06 0.931595E+06 0.491209E+06 0.299403E+05
    25711.00  0.546194E+06 0.894111E+06 0.663184E+06 0.149176E+05
    25911.00  0.421911E+06 0.818400E+06 0.784920E+06 0.132059E+06
    26111.00  0.312452E+06 0.718283E+06 0.849105E+06 0.306182E+06
    26311.00  0.220965E+06 0.606329E+06 0.858650E+06 0.483661E+06
    26511.00  0.148260E+06 0.492899E+06 0.822512E+06 0.630455E+06
    26711.00  0.933974E+05 0.385756E+06 0.752408E+06 0.728993E+06
    26911.00  0.542879E+05 0.290116E+06 0.660506E+06 0.774497E+06
 K.E.IE==>     20           21           22           23
        1.00  0.000000E+00 0.000000E+00 0.000000E+00 0.000000E+00
        2.00  0.000000E+00 0.000000E+00 0.000000E+00 0.000000E+00
        3.00  0.000000E+00 0.000000E+00 0.000000E+00 0.000000E+00
        4.00  0.000000E+00 0.000000E+00 0.000000E+00 0.000000E+00
        5.00  0.000000E+00 0.000000E+00 0.000000E+00 0.000000E+00
        6.00  0.000000E+00 0.000000E+00 0.000000E+00 0.000000E+00
        7.00  0.000000E+00 0.000000E+00 0.347118E-37 0.399780E-36
        8.00  0.358338E-37 0.235670E-36 0.117290E-35 0.134879E-34
        9.00  0.799575E-36 0.525269E-35 0.261093E-34 0.299792E-33
       10.00  0.128368E-34 0.842347E-34 0.418180E-33 0.479432E-32
       11.00  0.157901E-33 0.103498E-32 0.513170E-32 0.587441E-31
       12.00  0.155885E-32 0.102061E-31 0.505416E-31 0.577686E-30
       13.00  0.127944E-31 0.836737E-31 0.413842E-30 0.472299E-29
       14.00  0.897292E-31 0.586157E-30 0.289546E-29 0.329943E-28
       15.00  0.549513E-30 0.358566E-29 0.176901E-28 0.201275E-27
       16.00  0.299059E-29 0.194921E-28 0.960454E-28 0.109113E-26
       17.00  0.146720E-28 0.955217E-28 0.470087E-27 0.533233E-26
       18.00  0.656644E-28 0.427025E-27 0.209887E-26 0.237719E-25
       19.00  0.270766E-27 0.175884E-26 0.863410E-26 0.976416E-25
       20.00  0.103736E-26 0.673093E-26 0.330006E-25 0.372631E-24
       21.00  0.371929E-26 0.241054E-25 0.118037E-24 0.133080E-23
       22.00  0.125563E-25 0.812877E-25 0.397545E-24 0.447529E-23
       23.00  0.401289E-25 0.259496E-24 0.126750E-23 0.142470E-22
       24.00  0.121977E-24 0.787881E-24 0.384357E-23 0.431368E-22
       25.00  0.354077E-24 0.228450E-23 0.111307E-22 0.124731E-21
       26.00  0.985117E-24 0.634878E-23 0.308943E-22 0.345675E-21
       27.00  0.263536E-23 0.169649E-22 0.824509E-22 0.921138E-21
       28.00  0.679818E-23 0.437133E-22 0.212184E-21 0.236691E-20
       29.00  0.169533E-22 0.108889E-21 0.527888E-21 0.587961E-20
       30.00  0.409661E-22 0.262823E-21 0.127255E-20 0.141521E-19
       31.00  0.961164E-22 0.615951E-21 0.297861E-20 0.330748E-19
       32.00  0.219375E-21 0.140425E-20 0.678216E-20 0.751952E-19
       33.00  0.487902E-21 0.311959E-20 0.150479E-19 0.166585E-18
       34.00  0.105902E-20 0.676358E-20 0.325845E-19 0.360172E-18
       35.00  0.224653E-20 0.143316E-19 0.689579E-19 0.761064E-18
       36.00  0.466360E-20 0.297175E-19 0.142809E-18 0.157374E-17
       37.00  0.948519E-20 0.603732E-19 0.289764E-18 0.318829E-17
       38.00  0.189217E-19 0.120300E-18 0.576661E-18 0.633538E-17
       39.00  0.370595E-19 0.235350E-18 0.112674E-17 0.123599E-16
       40.00  0.713295E-19 0.452471E-18 0.216349E-17 0.236965E-16
       42.00  0.251632E-18 0.159259E-17 0.759585E-17 0.829431E-16
       44.00  0.835858E-18 0.527817E-17 0.251111E-16 0.273366E-15
       46.00  0.262840E-17 0.165598E-16 0.785862E-16 0.852906E-15
       48.00  0.786085E-17 0.494137E-16 0.233908E-15 0.253090E-14
       50.00  0.224515E-16 0.140811E-15 0.664877E-15 0.717209E-14
       52.00  0.614594E-16 0.384583E-15 0.181135E-14 0.194797E-13
       54.00  0.161767E-15 0.100996E-14 0.474484E-14 0.508715E-13
       56.00  0.410571E-15 0.255748E-14 0.119850E-13 0.128104E-12
       58.00  0.100738E-14 0.626078E-14 0.292656E-13 0.311859E-12
       60.00  0.239498E-14 0.148507E-13 0.692437E-13 0.735621E-12
       62.00  0.552856E-14 0.342031E-13 0.159075E-12 0.168481E-11
       64.00  0.124147E-13 0.766297E-13 0.355499E-12 0.375368E-11
       66.00  0.271650E-13 0.167294E-12 0.774147E-12 0.814921E-11
       68.00  0.580105E-13 0.356438E-12 0.164524E-11 0.172661E-10
       70.00  0.121071E-12 0.742204E-12 0.341721E-11 0.357526E-10
       72.00  0.247269E-12 0.151237E-11 0.694559E-11 0.724463E-10
       74.00  0.494779E-12 0.301930E-11 0.138311E-10 0.143825E-09
       76.00  0.971046E-12 0.591207E-11 0.270141E-10 0.280052E-09
       78.00  0.187107E-11 0.113657E-10 0.518020E-10 0.535383E-09
       80.00  0.354298E-11 0.214722E-10 0.976173E-10 0.100581E-08
       82.00  0.659853E-11 0.398987E-10 0.180929E-09 0.185851E-08
       84.00  0.120969E-10 0.729771E-10 0.330091E-09 0.338034E-08
       86.00  0.218458E-10 0.131487E-09 0.593237E-09 0.605653E-08
       88.00  0.388896E-10 0.233534E-09 0.105097E-08 0.106969E-07
       90.00  0.682887E-10 0.409134E-09 0.183655E-08 0.186353E-07
       92.00  0.118352E-09 0.707442E-09 0.316756E-08 0.320423E-07
       94.00  0.202561E-09 0.120801E-08 0.539510E-08 0.544085E-07
       96.00  0.342547E-09 0.203814E-08 0.907941E-08 0.912833E-07
       98.00  0.572643E-09 0.339935E-08 0.151047E-07 0.151396E-06
      100.00  0.946778E-09 0.560735E-08 0.248524E-07 0.248333E-06
      102.00  0.154883E-08 0.915186E-08 0.404587E-07 0.403036E-06
      104.00  0.250799E-08 0.147853E-07 0.651965E-07 0.647471E-06
      106.00  0.402149E-08 0.236530E-07 0.104033E-06 0.102999E-05
      108.00  0.638771E-08 0.374833E-07 0.164443E-06 0.162308E-05
      110.00  0.100542E-07 0.588621E-07 0.257575E-06 0.253450E-05
      112.00  0.156871E-07 0.916268E-07 0.399926E-06 0.392312E-05
      114.00  0.242694E-07 0.141427E-06 0.615713E-06 0.602133E-05
      116.00  0.372415E-07 0.216517E-06 0.940214E-06 0.916649E-05
      118.00  0.566980E-07 0.328870E-06 0.142445E-05 0.138447E-04
      122.00  0.128476E-06 0.741751E-06 0.319635E-05 0.308755E-04
      126.00  0.282927E-06 0.162589E-05 0.697038E-05 0.669170E-04
      130.00  0.606602E-06 0.346972E-05 0.147989E-04 0.141197E-03
      134.00  0.126828E-05 0.722064E-05 0.306391E-04 0.290528E-03
      138.00  0.258968E-05 0.146750E-04 0.619498E-04 0.583803E-03
      142.00  0.517114E-05 0.291665E-04 0.122492E-03 0.114721E-02
      146.00  0.101105E-04 0.567590E-04 0.237146E-03 0.220730E-02
      150.00  0.193775E-04 0.108273E-03 0.450045E-03 0.416301E-02
      154.00  0.364432E-04 0.202674E-03 0.838075E-03 0.770439E-02
      158.00  0.673202E-04 0.372633E-03 0.153290E-02 0.140046E-01
      162.00  0.122257E-03 0.673535E-03 0.275638E-02 0.250262E-01
      166.00  0.218454E-03 0.119783E-02 0.487659E-02 0.440016E-01
      170.00  0.384360E-03 0.209759E-02 0.849534E-02 0.761773E-01
      174.00  0.666380E-03 0.361948E-02 0.145829E-01 0.129951E+00
      178.00  0.113920E-02 0.615836E-02 0.246828E-01 0.218584E+00
      182.00  0.192153E-02 0.103382E-01 0.412199E-01 0.362757E+00
      186.00  0.319972E-02 0.171335E-01 0.679565E-01 0.594323E+00
      190.00  0.526300E-02 0.280476E-01 0.110664E+00 0.961779E+00
      194.00  0.855521E-02 0.453753E-01 0.178094E+00 0.153814E+01
      198.00  0.137503E-01 0.725813E-01 0.283381E+00 0.243215E+01
      202.00  0.218612E-01 0.114843E+00 0.446031E+00 0.380412E+01
      206.00  0.343952E-01 0.179823E+00 0.694728E+00 0.588804E+01
      210.00  0.535744E-01 0.278753E+00 0.107126E+01 0.902221E+01
      214.00  0.826453E-01 0.427947E+00 0.163594E+01 0.136913E+02
      218.00  0.126309E+00 0.650896E+00 0.247507E+01 0.205837E+02
      222.00  0.191316E+00 0.981143E+00 0.371111E+01 0.306685E+02
      226.00  0.287283E+00 0.146619E+01 0.551637E+01 0.452992E+02
      230.00  0.427801E+00 0.217278E+01 0.813145E+01 0.663515E+02
      234.00  0.631929E+00 0.319400E+01 0.118897E+02 0.964042E+02
      238.00  0.926209E+00 0.465869E+01 0.172496E+02 0.138977E+03
      242.00  0.134733E+01 0.674395E+01 0.248374E+02 0.198840E+03
      246.00  0.194568E+01 0.969153E+01 0.355024E+02 0.282413E+03
      250.00  0.278998E+01 0.138293E+02 0.503886E+02 0.398278E+03
      254.00  0.397337E+01 0.195988E+02 0.710277E+02 0.557833E+03
      258.00  0.562131E+01 0.275917E+02 0.994571E+02 0.776123E+03
      262.00  0.790178E+01 0.385950E+02 0.138371E+03 0.107289E+04
      266.00  0.110384E+02 0.536503E+02 0.191310E+03 0.147386E+04
      270.00  0.153270E+02 0.741281E+02 0.262904E+03 0.201243E+04
      274.00  0.211573E+02 0.101821E+03 0.359167E+03 0.273163E+04
      282.00  0.396373E+02 0.188877E+03 0.659036E+03 0.494791E+04
      290.00  0.726745E+02 0.342874E+03 0.118337E+04 0.877007E+04
      298.00  0.130555E+03 0.609830E+03 0.208177E+04 0.152288E+05
      306.00  0.230041E+03 0.106381E+04 0.359175E+04 0.259339E+05
      314.00  0.397962E+03 0.182191E+04 0.608370E+04 0.433550E+05
      322.00  0.676550E+03 0.306615E+04 0.101255E+05 0.712153E+05
      330.00  0.113122E+04 0.507494E+04 0.165734E+05 0.115036E+06
      338.00  0.186174E+04 0.826752E+04 0.266990E+05 0.182878E+06
      346.00  0.301809E+04 0.132660E+05 0.423620E+05 0.286326E+06
      354.00  0.482256E+04 0.209807E+05 0.662446E+05 0.441803E+06
      362.00  0.760030E+04 0.327254E+05 0.102162E+06 0.672258E+06
      370.00  0.118208E+05 0.503727E+05 0.155471E+06 0.100934E+07
      378.00  0.181539E+05 0.765576E+05 0.233597E+06 0.149614E+07
      386.00  0.275434E+05 0.114944E+06 0.346710E+06 0.219059E+07
      394.00  0.413048E+05 0.170569E+06 0.508576E+06 0.316963E+07
      402.00  0.612516E+05 0.250278E+06 0.737616E+06 0.453431E+07
      410.00  0.898569E+05 0.363280E+06 0.105821E+07 0.641583E+07
      418.00  0.130461E+06 0.521831E+06 0.150231E+07 0.898268E+07
      426.00  0.187528E+06 0.742086E+06 0.211132E+07 0.124490E+08
      434.00  0.266974E+06 0.104513E+07 0.293839E+07 0.170840E+08
      442.00  0.376556E+06 0.145820E+07 0.405109E+07 0.232228E+08
      450.00  0.526367E+06 0.201622E+07 0.553446E+07 0.312786E+08
      458.00  0.729417E+06 0.276352E+07 0.749463E+07 0.417556E+08
      466.00  0.100234E+07 0.375589E+07 0.100628E+08 0.552633E+08
      474.00  0.136624E+07 0.506298E+07 0.133999E+08 0.725323E+08
      482.00  0.184766E+07 0.677106E+07 0.177014E+08 0.944294E+08
      490.00  0.247975E+07 0.898602E+07 0.232026E+08 0.121974E+09
      498.00  0.330355E+07 0.118369E+08 0.301851E+08 0.156353E+09
      506.00  0.436957E+07 0.154797E+08 0.389822E+08 0.198939E+09
      514.00  0.573948E+07 0.201017E+08 0.499858E+08 0.251300E+09
      522.00  0.748805E+07 0.259259E+08 0.636532E+08 0.315216E+09
      530.00  0.970533E+07 0.332161E+08 0.805133E+08 0.392689E+09
      538.00  0.124990E+08 0.422819E+08 0.101173E+09 0.485945E+09
      546.00  0.159971E+08 0.534843E+08 0.126325E+09 0.597441E+09
      554.00  0.203507E+08 0.672410E+08 0.156749E+09 0.729862E+09
      562.00  0.257368E+08 0.840321E+08 0.193320E+09 0.886108E+09
      570.00  0.323619E+08 0.104406E+09 0.237013E+09 0.106928E+10
      578.00  0.404651E+08 0.128983E+09 0.288902E+09 0.128268E+10
      586.00  0.503214E+08 0.158463E+09 0.350160E+09 0.152975E+10
      596.00  0.655908E+08 0.203407E+09 0.441860E+09 0.189136E+10
      606.00  0.848052E+08 0.258956E+09 0.552900E+09 0.231825E+10
      616.00  0.108789E+09 0.327046E+09 0.686187E+09 0.281752E+10
      626.00  0.138495E+09 0.409831E+09 0.844818E+09 0.339606E+10
      636.00  0.175005E+09 0.509683E+09 0.103203E+10 0.406036E+10
      646.00  0.219546E+09 0.629187E+09 0.125114E+10 0.481623E+10
      656.00  0.273489E+09 0.771118E+09 0.150551E+10 0.566853E+10
      666.00  0.338352E+09 0.938422E+09 0.179843E+10 0.662088E+10
      676.00  0.415800E+09 0.113418E+10 0.213303E+10 0.767538E+10
      686.00  0.507641E+09 0.136155E+10 0.251221E+10 0.883230E+10
      696.00  0.615814E+09 0.162375E+10 0.293850E+10 0.100898E+11
      706.00  0.742377E+09 0.192394E+10 0.341398E+10 0.114439E+11
      716.00  0.889491E+09 0.226523E+10 0.394011E+10 0.128878E+11
      726.00  0.105939E+10 0.265050E+10 0.451766E+10 0.144124E+11
      736.00  0.125435E+10 0.308239E+10 0.514656E+10 0.160055E+11
      746.00  0.147666E+10 0.356317E+10 0.582581E+10 0.176523E+11
      756.00  0.172856E+10 0.409464E+10 0.655335E+10 0.193353E+11
      766.00  0.201224E+10 0.467804E+10 0.732603E+10 0.210344E+11
      776.00  0.232971E+10 0.531395E+10 0.813952E+10 0.227274E+11
      786.00  0.268285E+10 0.600218E+10 0.898829E+10 0.243897E+11
      796.00  0.307323E+10 0.674169E+10 0.986556E+10 0.259957E+11
      806.00  0.350215E+10 0.753052E+10 0.107634E+11 0.275183E+11
      816.00  0.397050E+10 0.836566E+10 0.116726E+11 0.289301E+11
      826.00  0.447874E+10 0.924309E+10 0.125830E+11 0.302038E+11
      836.00  0.502684E+10 0.101577E+11 0.134835E+11 0.313129E+11
      846.00  0.561420E+10 0.111032E+11 0.143622E+11 0.322327E+11
      856.00  0.623961E+10 0.120723E+11 0.152067E+11 0.329404E+11
      866.00  0.690121E+10 0.130567E+11 0.160041E+11 0.334163E+11
      876.00  0.759642E+10 0.140469E+11 0.167415E+11 0.336441E+11
      886.00  0.832194E+10 0.150328E+11 0.174061E+11 0.336119E+11
      896.00  0.907375E+10 0.160032E+11 0.179855E+11 0.333122E+11
      906.00  0.984708E+10 0.169466E+11 0.184681E+11 0.327427E+11
      916.00  0.106364E+11 0.178508E+11 0.188432E+11 0.319065E+11
      926.00  0.114356E+11 0.187034E+11 0.191015E+11 0.308122E+11
      936.00  0.122378E+11 0.194920E+11 0.192354E+11 0.294740E+11
      946.00  0.130356E+11 0.202044E+11 0.192389E+11 0.279113E+11
      956.00  0.138209E+11 0.208287E+11 0.191081E+11 0.261487E+11
      966.00  0.145855E+11 0.213537E+11 0.188413E+11 0.242156E+11
      976.00  0.153206E+11 0.217693E+11 0.184393E+11 0.221454E+11
      986.00  0.160175E+11 0.220662E+11 0.179051E+11 0.199749E+11
      996.00  0.166670E+11 0.222369E+11 0.172443E+11 0.177437E+11
     1006.00  0.172605E+11 0.222752E+11 0.164650E+11 0.154929E+11
     1016.00  0.177893E+11 0.221769E+11 0.155775E+11 0.132644E+11
     1026.00  0.182453E+11 0.219397E+11 0.145945E+11 0.110999E+11
     1036.00  0.186207E+11 0.215632E+11 0.135305E+11 0.903979E+10
     1046.00  0.189086E+11 0.210494E+11 0.124019E+11 0.712220E+10
     1056.00  0.191029E+11 0.204026E+11 0.112265E+11 0.538202E+10
     1066.00  0.191986E+11 0.196291E+11 0.100232E+11 0.385002E+10
     1076.00  0.191918E+11 0.187375E+11 0.881180E+10 0.255205E+10
     1086.00  0.190797E+11 0.177387E+11 0.761214E+10 0.150842E+10
     1096.00  0.188612E+11 0.166452E+11 0.644416E+10 0.733309E+09
     1106.00  0.185362E+11 0.154716E+11 0.532719E+10 0.234476E+09
     1116.00  0.181065E+11 0.142339E+11 0.427965E+10 0.130208E+08
     1126.00  0.175751E+11 0.129495E+11 0.331858E+10 0.633867E+08
     1136.00  0.169467E+11 0.116367E+11 0.245927E+10 0.373522E+09
     1146.00  0.162274E+11 0.103147E+11 0.171493E+10 0.925218E+09
     1156.00  0.154250E+11 0.900271E+10 0.109638E+10 0.169462E+10
     1166.00  0.145484E+11 0.772016E+10 0.611767E+09 0.265286E+10
     1176.00  0.136077E+11 0.648597E+10 0.266443E+09 0.376688E+10
     1186.00  0.126143E+11 0.531832E+10 0.627876E+08 0.500031E+10
     1196.00  0.115805E+11 0.423425E+10 0.175346E+06 0.631443E+10
     1206.00  0.105194E+11 0.324935E+10 0.749918E+08 0.766925E+10
     1216.00  0.944449E+10 0.237741E+10 0.280719E+09 0.902455E+10
     1226.00  0.836985E+10 0.163019E+10 0.608094E+09 0.103409E+11
     1236.00  0.730954E+10 0.101712E+10 0.104533E+10 0.115809E+11
     1246.00  0.627753E+10 0.545139E+09 0.157840E+10 0.127099E+11
     1256.00  0.528744E+10 0.218552E+09 0.219136E+10 0.136968E+11
     1266.00  0.435230E+10 0.389203E+08 0.286676E+10 0.145152E+11
     1276.00  0.348434E+10 0.504326E+07 0.358601E+10 0.151438E+11
     1286.00  0.269472E+10 0.112973E+09 0.432985E+10 0.155669E+11
     1296.00  0.199339E+10 0.356097E+09 0.507882E+10 0.157746E+11
     1306.00  0.138887E+10 0.725276E+09 0.581366E+10 0.157632E+11
     1316.00  0.888126E+09 0.120903E+10 0.651581E+10 0.155353E+11
     1326.00  0.496383E+09 0.179378E+10 0.716782E+10 0.150990E+11
     1336.00  0.217077E+09 0.246414E+10 0.775373E+10 0.144682E+11
     1346.00  0.517650E+08 0.320322E+10 0.825946E+10 0.136621E+11
     1356.00  0.928398E+05 0.399300E+10 0.867308E+10 0.127039E+11
     1366.00  0.597985E+08 0.481469E+10 0.898509E+10 0.116210E+11
     1376.00  0.226747E+09 0.564911E+10 0.918862E+10 0.104434E+11
     1386.00  0.495003E+09 0.647716E+10 0.927954E+10 0.920336E+10
     1396.00  0.856936E+09 0.728010E+10 0.925653E+10 0.793420E+10
     1406.00  0.130336E+10 0.804006E+10 0.912105E+10 0.666937E+10
     1416.00  0.182369E+10 0.874032E+10 0.887731E+10 0.544161E+10
     1426.00  0.240617E+10 0.936568E+10 0.853207E+10 0.428198E+10
     1436.00  0.303805E+10 0.990277E+10 0.809446E+10 0.321910E+10
     1446.00  0.370583E+10 0.103403E+11 0.757572E+10 0.227836E+10
     1456.00  0.439552E+10 0.106693E+11 0.698892E+10 0.148130E+10
     1466.00  0.509293E+10 0.108832E+11 0.634856E+10 0.845076E+09
     1476.00  0.578386E+10 0.109781E+11 0.567024E+10 0.382085E+09
     1486.00  0.645443E+10 0.109527E+11 0.497022E+10 0.997080E+08
     1496.00  0.709131E+10 0.108084E+11 0.426505E+10 0.204556E+06
     1506.00  0.768197E+10 0.105490E+11 0.357113E+10 0.807533E+08
     1516.00  0.821489E+10 0.101810E+11 0.290432E+10 0.333631E+09
     1526.00  0.867981E+10 0.971293E+10 0.227954E+10 0.746522E+09
     1536.00  0.906787E+10 0.915559E+10 0.171047E+10 0.130295E+10
     1546.00  0.937180E+10 0.852147E+10 0.120915E+10 0.198283E+10
     1556.00  0.958604E+10 0.782464E+10 0.785812E+09 0.276306E+10
     1566.00  0.970682E+10 0.708034E+10 0.448558E+09 0.361827E+10
     1576.00  0.973223E+10 0.630464E+10 0.203259E+09 0.452151E+10
     1586.00  0.966223E+10 0.551411E+10 0.534223E+08 0.544509E+10
     1596.00  0.949865E+10 0.472542E+10 0.143671E+06 0.636130E+10
     1606.00  0.924511E+10 0.395496E+10 0.421224E+08 0.724322E+10
     1616.00  0.890697E+10 0.321853E+10 0.175730E+09 0.806541E+10
     1626.00  0.849118E+10 0.253095E+10 0.395136E+09 0.880461E+10
     1636.00  0.800616E+10 0.190579E+10 0.692489E+09 0.944032E+10
     1646.00  0.746159E+10 0.135505E+10 0.105814E+10 0.995534E+10
     1656.00  0.686824E+10 0.888917E+09 0.148090E+10 0.103361E+11
     1666.00  0.623775E+10 0.515587E+09 0.194836E+10 0.105732E+11
     1676.00  0.558234E+10 0.241085E+09 0.244721E+10 0.106611E+11
     1686.00  0.491466E+10 0.691630E+08 0.296356E+10 0.105988E+11
     1696.00  0.424744E+10 0.124477E+07 0.348331E+10 0.103894E+11
     1706.00  0.359329E+10 0.364204E+08 0.399251E+10 0.100400E+11
     1716.00  0.296447E+10 0.171493E+09 0.447768E+10 0.956145E+10
     1726.00  0.237259E+10 0.401077E+09 0.492614E+10 0.896806E+10
     1736.00  0.182846E+10 0.717737E+09 0.532631E+10 0.827702E+10
     1746.00  0.134182E+10 0.111218E+10 0.566799E+10 0.750798E+10
     1756.00  0.921213E+09 0.157348E+10 0.594258E+10 0.668240E+10
     1766.00  0.573785E+09 0.208932E+10 0.614324E+10 0.582297E+10
     1776.00  0.305191E+09 0.264631E+10 0.626508E+10 0.495297E+10
     1786.00  0.119492E+09 0.323026E+10 0.630519E+10 0.409559E+10
     1796.00  0.190991E+08 0.382649E+10 0.626273E+10 0.327336E+10
     1806.00  0.475965E+07 0.442017E+10 0.613887E+10 0.250753E+10
     1816.00  0.755781E+08 0.499661E+10 0.593673E+10 0.181754E+10
     1826.00  0.229083E+09 0.554157E+10 0.566126E+10 0.122053E+10
     1836.00  0.461345E+09 0.604151E+10 0.531908E+10 0.730988E+09
     1846.00  0.767147E+09 0.648379E+10 0.491822E+10 0.360437E+09
     1856.00  0.114023E+10 0.685687E+10 0.446786E+10 0.117288E+09
     1866.00  0.157368E+10 0.715028E+10 0.397801E+10 0.684582E+07
     1876.00  0.206044E+10 0.735454E+10 0.345903E+10 0.315412E+08
     1886.00  0.259427E+10 0.746059E+10 0.292111E+10 0.191543E+09
     1896.00  0.317157E+10 0.745853E+10 0.237343E+10 0.486135E+09
     1906.00  0.379547E+10 0.733441E+10 0.182271E+10 0.916975E+09
     1916.00  0.448732E+10 0.706103E+10 0.127046E+10 0.149725E+10
     1926.00  0.532952E+10 0.656519E+10 0.707364E+09 0.228578E+10
     1936.00  0.672741E+10 0.555006E+10 0.129060E+09 0.359805E+10
     1946.00  0.181148E+11 0.786604E+09 0.671566E+10 0.134659E+11
     1956.00  0.302121E+10 0.987706E+10 0.338834E+10 0.151414E+10
     1966.00  0.476360E+10 0.736944E+10 0.991816E+09 0.314831E+10
     1976.00  0.548982E+10 0.632647E+10 0.394550E+09 0.412154E+10
     1986.00  0.593140E+10 0.552902E+10 0.126495E+09 0.490488E+10
     1996.00  0.621867E+10 0.481027E+10 0.142060E+08 0.557669E+10
     2006.00  0.639144E+10 0.413021E+10 0.970364E+07 0.615195E+10
     2016.00  0.646596E+10 0.348068E+10 0.922666E+08 0.662954E+10
     2026.00  0.645092E+10 0.286437E+10 0.249031E+09 0.700408E+10
     2036.00  0.635264E+10 0.228811E+10 0.469476E+09 0.727001E+10
     2046.00  0.617707E+10 0.176023E+10 0.743541E+09 0.742325E+10
     2056.00  0.593058E+10 0.128920E+10 0.106097E+10 0.746203E+10
     2066.00  0.562040E+10 0.882853E+09 0.141111E+10 0.738729E+10
     2076.00  0.525464E+10 0.547969E+09 0.178298E+10 0.720283E+10
     2086.00  0.484233E+10 0.289906E+09 0.216540E+10 0.691526E+10
     2096.00  0.439332E+10 0.112394E+09 0.254722E+10 0.653392E+10
     2106.00  0.391810E+10 0.173873E+08 0.291752E+10 0.607061E+10
     2116.00  0.342765E+10 0.498148E+07 0.326587E+10 0.553931E+10
     2126.00  0.293323E+10 0.733852E+08 0.358260E+10 0.495577E+10
     2136.00  0.244616E+10 0.218947E+09 0.385899E+10 0.433713E+10
     2146.00  0.197758E+10 0.436228E+09 0.408749E+10 0.370141E+10
     2156.00  0.153825E+10 0.718122E+09 0.426190E+10 0.306704E+10
     2166.00  0.113830E+10 0.105601E+10 0.437755E+10 0.245236E+10
     2176.00  0.787043E+09 0.143998E+10 0.443137E+10 0.187509E+10
     2186.00  0.492746E+09 0.185902E+10 0.442199E+10 0.135190E+10
     2196.00  0.262481E+09 0.230129E+10 0.434976E+10 0.897904E+09
     2206.00  0.101947E+09 0.275444E+10 0.421675E+10 0.526290E+09
     2216.00  0.153501E+08 0.320582E+10 0.402671E+10 0.247920E+09
     2226.00  0.529856E+07 0.364288E+10 0.378494E+10 0.710481E+08
     2236.00  0.727326E+08 0.405339E+10 0.349818E+10 0.108808E+07
     2246.00  0.216889E+09 0.442581E+10 0.317447E+10 0.404518E+08
     2256.00  0.435299E+09 0.474951E+10 0.282287E+10 0.188473E+09
     2266.00  0.723821E+09 0.501513E+10 0.245330E+10 0.441412E+09
     2276.00  0.107671E+10 0.521475E+10 0.207625E+10 0.792541E+09
     2286.00  0.148672E+10 0.534215E+10 0.170252E+10 0.123231E+10
     2296.00  0.194523E+10 0.539300E+10 0.134292E+10 0.174858E+10
     2306.00  0.244243E+10 0.536499E+10 0.100799E+10 0.232697E+10
     2316.00  0.296748E+10 0.525795E+10 0.707720E+09 0.295119E+10
     2326.00  0.350877E+10 0.507390E+10 0.451246E+09 0.360348E+10
     2336.00  0.405412E+10 0.481708E+10 0.246606E+09 0.426513E+10
     2346.00  0.459105E+10 0.449388E+10 0.100490E+09 0.491693E+10
     2356.00  0.510705E+10 0.411282E+10 0.180141E+08 0.553973E+10
     2366.00  0.558986E+10 0.368434E+10 0.254630E+07 0.611499E+10
     2376.00  0.602772E+10 0.322067E+10 0.555515E+08 0.662526E+10
     2386.00  0.640968E+10 0.273560E+10 0.176489E+09 0.705476E+10
     2396.00  0.672583E+10 0.224419E+10 0.362750E+09 0.738982E+10
     2406.00  0.696759E+10 0.176246E+10 0.609648E+09 0.761932E+10
     2416.00  0.712792E+10 0.130708E+10 0.910456E+09 0.773507E+10
     2426.00  0.720156E+10 0.894950E+09 0.125650E+10 0.773217E+10
     2436.00  0.718520E+10 0.542815E+09 0.163729E+10 0.760918E+10
     2446.00  0.707762E+10 0.266837E+09 0.204075E+10 0.736833E+10
     2456.00  0.687986E+10 0.821341E+08 0.245343E+10 0.701554E+10
     2466.00  0.659527E+10 0.231523E+07 0.286086E+10 0.656043E+10
     2476.00  0.622956E+10 0.389943E+08 0.324786E+10 0.601613E+10
     2486.00  0.579077E+10 0.201293E+09 0.359902E+10 0.539904E+10
     2496.00  0.528923E+10 0.495334E+09 0.389914E+10 0.472847E+10
     2506.00  0.473744E+10 0.923723E+09 0.413376E+10 0.402611E+10
     2516.00  0.414984E+10 0.148503E+10 0.428980E+10 0.331544E+10
     2526.00  0.354255E+10 0.217327E+10 0.435619E+10 0.262095E+10
     2536.00  0.293305E+10 0.297740E+10 0.432461E+10 0.196726E+10
     2546.00  0.233961E+10 0.388085E+10 0.419024E+10 0.137804E+10
     2556.00  0.178078E+10 0.486112E+10 0.395263E+10 0.874839E+09
     2566.00  0.127458E+10 0.588954E+10 0.361654E+10 0.475777E+09
     2576.00  0.837620E+09 0.693119E+10 0.319267E+10 0.194095E+09
     2586.00  0.484019E+09 0.794525E+10 0.269842E+10 0.367019E+08
     2596.00  0.224190E+09 0.888581E+10 0.215824E+10 0.278578E+07
     2606.00  0.635519E+08 0.970343E+10 0.160353E+10 0.826810E+08
     2616.00  0.127217E+07 0.103476E+11 0.107194E+10 0.257257E+09
     2626.00  0.292759E+08 0.107704E+11 0.605513E+09 0.498164E+09
     2636.00  0.131788E+09 0.109310E+11 0.247766E+09 0.769307E+09
     2646.00  0.285769E+09 0.108015E+11 0.393958E+08 0.102985E+10
     2656.00  0.462550E+09 0.103718E+11 0.130120E+08 0.123881E+10
     2666.00  0.630831E+09 0.965490E+10 0.187520E+09 0.136093E+10
     2676.00  0.760835E+09 0.868835E+10 0.563304E+09 0.137292E+10
     2686.00  0.829027E+09 0.753300E+10 0.111958E+10 0.126867E+10
     2696.00  0.822379E+09 0.626710E+10 0.181505E+10 0.106207E+10
     2706.00  0.741097E+09 0.497698E+10 0.259232E+10 0.786177E+09
     2716.00  0.598985E+09 0.374608E+10 0.338535E+10 0.488661E+09
     2726.00  0.421316E+09 0.264456E+10 0.412837E+10 0.224506E+09
     2736.00  0.240741E+09 0.172208E+10 0.476420E+10 0.476557E+08
     2746.00  0.923415E+08 0.100458E+10 0.525028E+10 0.355602E+07
     2756.00  0.892093E+07 0.495334E+09 0.556157E+10 0.123967E+09
     2766.00  0.173937E+08 0.178995E+09 0.569042E+10 0.424597E+09
     2776.00  0.136637E+09 0.272167E+08 0.564421E+10 0.905318E+09
     2786.00  0.376753E+09 0.449045E+07 0.544169E+10 0.155224E+10
     2796.00  0.739434E+09 0.732198E+08 0.510909E+10 0.234081E+10
     2806.00  0.121903E+10 0.197584E+09 0.467646E+10 0.323919E+10
     2816.00  0.180396E+10 0.346109E+09 0.417477E+10 0.421146E+10
     2826.00  0.247824E+10 0.493106E+09 0.363365E+10 0.522035E+10
     2836.00  0.322283E+10 0.619219E+09 0.307999E+10 0.622938E+10
     2846.00  0.401697E+10 0.711357E+09 0.253700E+10 0.720452E+10
     2856.00  0.483914E+10 0.762216E+09 0.202377E+10 0.811531E+10
     2866.00  0.566798E+10 0.769583E+09 0.155520E+10 0.893560E+10
     2876.00  0.648293E+10 0.735520E+09 0.114212E+10 0.964400E+10
     2886.00  0.726479E+10 0.665529E+09 0.791512E+09 0.102241E+11
     2896.00  0.799610E+10 0.567729E+09 0.506927E+09 0.106643E+11
     2906.00  0.866146E+10 0.452089E+09 0.288860E+09 0.109579E+11
     2916.00  0.924773E+10 0.329721E+09 0.135202E+09 0.111028E+11
     2926.00  0.974420E+10 0.212252E+09 0.416856E+08 0.111009E+11
     2936.00  0.101426E+11 0.111265E+09 0.232092E+07 0.109580E+11
     2946.00  0.104372E+11 0.378163E+08 0.982598E+07 0.106832E+11
     2956.00  0.106248E+11 0.203121E+07 0.560323E+08 0.102884E+11
     2966.00  0.107044E+11 0.127668E+08 0.132267E+09 0.978775E+10
     2976.00  0.106773E+11 0.773483E+08 0.229703E+09 0.919727E+10
     2986.00  0.105472E+11 0.201372E+09 0.339681E+09 0.853411E+10
     2996.00  0.103194E+11 0.388572E+09 0.453992E+09 0.781612E+10
     3006.00  0.100010E+11 0.640752E+09 0.565119E+09 0.706136E+10
     3016.00  0.960068E+10 0.957772E+09 0.666445E+09 0.628759E+10
     3026.00  0.912812E+10 0.133759E+10 0.752412E+09 0.551187E+10
     3036.00  0.859413E+10 0.177635E+10 0.818645E+09 0.475014E+10
     3046.00  0.801014E+10 0.226851E+10 0.862027E+09 0.401688E+10
     3056.00  0.738801E+10 0.280705E+10 0.880735E+09 0.332487E+10
     3066.00  0.673972E+10 0.338363E+10 0.874242E+09 0.268493E+10
     3076.00  0.607715E+10 0.398884E+10 0.843270E+09 0.210579E+10
     3086.00  0.541184E+10 0.461246E+10 0.789720E+09 0.159400E+10
     3096.00  0.475472E+10 0.524372E+10 0.716568E+09 0.115388E+10
     3106.00  0.411598E+10 0.587154E+10 0.627727E+09 0.787576E+09
     3116.00  0.350483E+10 0.648483E+10 0.527902E+09 0.495132E+09
     3126.00  0.292942E+10 0.707274E+10 0.422414E+09 0.274638E+09
     3136.00  0.239666E+10 0.762489E+10 0.317021E+09 0.122410E+09
     3146.00  0.191218E+10 0.813162E+10 0.217731E+09 0.332091E+08
     3156.00  0.148028E+10 0.858418E+10 0.130610E+09 0.493472E+06
     3166.00  0.110387E+10 0.897491E+10 0.615999E+08 0.166911E+08
     3176.00  0.784526E+09 0.929738E+10 0.163396E+08 0.734841E+08
     3186.00  0.522527E+09 0.954652E+10 0.133961E+04 0.162100E+09
     3196.00  0.316896E+09 0.971867E+10 0.171434E+08 0.273598E+09
     3206.00  0.165513E+09 0.981168E+10 0.715818E+08 0.399149E+09
     3216.00  0.652222E+08 0.982487E+10 0.166285E+09 0.530288E+09
     3226.00  0.119653E+08 0.975900E+10 0.303293E+09 0.659160E+09
     3236.00  0.925633E+06 0.961629E+10 0.483662E+09 0.778716E+09
     3246.00  0.266836E+08 0.940023E+10 0.707432E+09 0.882895E+09
     3256.00  0.833782E+08 0.911557E+10 0.973629E+09 0.966755E+09
     3266.00  0.164871E+09 0.876812E+10 0.128028E+10 0.102657E+10
     3276.00  0.264908E+09 0.836464E+10 0.162447E+10 0.105991E+10
     3286.00  0.377276E+09 0.791262E+10 0.200238E+10 0.106563E+10
     3296.00  0.495953E+09 0.742018E+10 0.240943E+10 0.104388E+10
     3306.00  0.615242E+09 0.689583E+10 0.284032E+10 0.996018E+09
     3316.00  0.729899E+09 0.634832E+10 0.328919E+10 0.924577E+09
     3326.00  0.835237E+09 0.578641E+10 0.374974E+10 0.833105E+09
     3336.00  0.927214E+09 0.521876E+10 0.421535E+10 0.726045E+09
     3346.00  0.100251E+10 0.465373E+10 0.467924E+10 0.608572E+09
     3356.00  0.105856E+10 0.409920E+10 0.513460E+10 0.486422E+09
     3366.00  0.109362E+10 0.356251E+10 0.557474E+10 0.365705E+09
     3376.00  0.110674E+10 0.305027E+10 0.599320E+10 0.252720E+09
     3386.00  0.109777E+10 0.256828E+10 0.638389E+10 0.153763E+09
     3396.00  0.106735E+10 0.212150E+10 0.674120E+10 0.749507E+08
     3406.00  0.101683E+10 0.171392E+10 0.706010E+10 0.220444E+08
     3416.00  0.948245E+09 0.134859E+10 0.733621E+10 0.291874E+06
     3426.00  0.864244E+09 0.102756E+10 0.756590E+10 0.142864E+08
     3436.00  0.767980E+09 0.751950E+09 0.774631E+10 0.678457E+08
     3446.00  0.663041E+09 0.521907E+09 0.787540E+10 0.163913E+09
     3456.00  0.553346E+09 0.336707E+09 0.795197E+10 0.304481E+09
     3466.00  0.443043E+09 0.194795E+09 0.797565E+10 0.490546E+09
     3476.00  0.336404E+09 0.938684E+08 0.794691E+10 0.722076E+09
     3486.00  0.237723E+09 0.309684E+08 0.786697E+10 0.998020E+09
     3496.00  0.151216E+09 0.257639E+07 0.773783E+10 0.131633E+10
     3506.00  0.809214E+08 0.472162E+07 0.756213E+10 0.167399E+10
     3516.00  0.306132E+08 0.330916E+08 0.734318E+10 0.206712E+10
     3526.00  0.371720E+07 0.831442E+08 0.708476E+10 0.249103E+10
     3536.00  0.323871E+07 0.150220E+09 0.679116E+10 0.294034E+10
     3546.00  0.317003E+08 0.229650E+09 0.646699E+10 0.340908E+10
     3556.00  0.910908E+08 0.316861E+09 0.611715E+10 0.389084E+10
     3566.00  0.182826E+09 0.407473E+09 0.574669E+10 0.437887E+10
     3576.00  0.307722E+09 0.497384E+09 0.536076E+10 0.486625E+10
     3586.00  0.465980E+09 0.582854E+09 0.496448E+10 0.534599E+10
     3596.00  0.657187E+09 0.660570E+09 0.456289E+10 0.581120E+10
     3606.00  0.880319E+09 0.727698E+09 0.416083E+10 0.625519E+10
     3616.00  0.113377E+10 0.781934E+09 0.376289E+10 0.667163E+10
     3626.00  0.141537E+10 0.821526E+09 0.337335E+10 0.705462E+10
     3636.00  0.172246E+10 0.845297E+09 0.299611E+10 0.739882E+10
     3646.00  0.205187E+10 0.852646E+09 0.263464E+10 0.769951E+10
     3656.00  0.240007E+10 0.843541E+09 0.229197E+10 0.795270E+10
     3666.00  0.276314E+10 0.818504E+09 0.197062E+10 0.815516E+10
     3676.00  0.313693E+10 0.778574E+09 0.167261E+10 0.830448E+10
     3686.00  0.351703E+10 0.725275E+09 0.139948E+10 0.839906E+10
     3696.00  0.389893E+10 0.660561E+09 0.115224E+10 0.843816E+10
     3706.00  0.427804E+10 0.586768E+09 0.931403E+09 0.842189E+10
     3716.00  0.464980E+10 0.506547E+09 0.737039E+09 0.835115E+10
     3726.00  0.500970E+10 0.422801E+09 0.568757E+09 0.822763E+10
     3736.00  0.535340E+10 0.338617E+09 0.425768E+09 0.805373E+10
     3746.00  0.567678E+10 0.257196E+09 0.306917E+09 0.783256E+10
     3756.00  0.597599E+10 0.181779E+09 0.210734E+09 0.756780E+10
     3766.00  0.624749E+10 0.115584E+09 0.135479E+09 0.726364E+10
     3776.00  0.648813E+10 0.617307E+08 0.792006E+08 0.692473E+10
     3786.00  0.669518E+10 0.231842E+08 0.397820E+08 0.655606E+10
     3796.00  0.686635E+10 0.269100E+07 0.150007E+08 0.616287E+10
     3806.00  0.699981E+10 0.272706E+07 0.257892E+07 0.575055E+10
     3816.00  0.709424E+10 0.254495E+08 0.236194E+06 0.532459E+10
     3826.00  0.714882E+10 0.726558E+08 0.573775E+07 0.489042E+10
     3836.00  0.716323E+10 0.145750E+09 0.169403E+08 0.445340E+10
     3846.00  0.713765E+10 0.245717E+09 0.318336E+08 0.401867E+10
     3856.00  0.707273E+10 0.373104E+09 0.485774E+08 0.359111E+10
     3866.00  0.696962E+10 0.528011E+09 0.655330E+08 0.317529E+10
     3876.00  0.682988E+10 0.710089E+09 0.812902E+08 0.277538E+10
     3886.00  0.665550E+10 0.918542E+09 0.946872E+08 0.239509E+10
     3896.00  0.644883E+10 0.115215E+10 0.104826E+09 0.203768E+10
     3906.00  0.621257E+10 0.140926E+10 0.111082E+09 0.170587E+10
     3916.00  0.594971E+10 0.168786E+10 0.113105E+09 0.140188E+10
     3926.00  0.566347E+10 0.198557E+10 0.110818E+09 0.112735E+10
     3936.00  0.535728E+10 0.229970E+10 0.104411E+09 0.883419E+09
     3946.00  0.503470E+10 0.262727E+10 0.943261E+08 0.670651E+09
     3956.00  0.469942E+10 0.296507E+10 0.812402E+08 0.489112E+09
     3966.00  0.435514E+10 0.330973E+10 0.660447E+08 0.338371E+09
     3976.00  0.400557E+10 0.365773E+10 0.498198E+08 0.217532E+09
     3986.00  0.365439E+10 0.400545E+10 0.338069E+08 0.125277E+09
     3996.00  0.330514E+10 0.434927E+10 0.193777E+08 0.599077E+08
     4006.00  0.296127E+10 0.468558E+10 0.800261E+07 0.193961E+08
     4016.00  0.262602E+10 0.501082E+10 0.121696E+07 0.143406E+07
     4026.00  0.230242E+10 0.532156E+10 0.587533E+06 0.348929E+07
     4036.00  0.199328E+10 0.561455E+10 0.767854E+07 0.228613E+08
     4046.00  0.170110E+10 0.588671E+10 0.240185E+08 0.567379E+08
     4056.00  0.142811E+10 0.613522E+10 0.510685E+08 0.102251E+09
     4066.00  0.117622E+10 0.635753E+10 0.901913E+08 0.156531E+09
     4076.00  0.947008E+09 0.655140E+10 0.142624E+09 0.216761E+09
     4086.00  0.741722E+09 0.671492E+10 0.209451E+09 0.280222E+09
     4096.00  0.561266E+09 0.684653E+10 0.291584E+09 0.344344E+09
     4106.00  0.406206E+09 0.694502E+10 0.389739E+09 0.406743E+09
     4116.00  0.276772E+09 0.700959E+10 0.504423E+09 0.465259E+09
     4126.00  0.172869E+09 0.703978E+10 0.635919E+09 0.517986E+09
     4136.00  0.940884E+08 0.703553E+10 0.784281E+09 0.563301E+09
     4146.00  0.397271E+08 0.699716E+10 0.949324E+09 0.599878E+09
     4156.00  0.880486E+07 0.692534E+10 0.113063E+10 0.626708E+09
     4166.00  0.882753E+05 0.682108E+10 0.132754E+10 0.643103E+09
     4176.00  0.121157E+08 0.668574E+10 0.153916E+10 0.648701E+09
     4186.00  0.432248E+08 0.652096E+10 0.176440E+10 0.643459E+09
     4196.00  0.915810E+08 0.632870E+10 0.200193E+10 0.627649E+09
     4206.00  0.155208E+09 0.611113E+10 0.225026E+10 0.601838E+09
     4216.00  0.232019E+09 0.587066E+10 0.250771E+10 0.566876E+09
     4226.00  0.319847E+09 0.560990E+10 0.277244E+10 0.523870E+09
     4236.00  0.416477E+09 0.533158E+10 0.304249E+10 0.474158E+09
     4246.00  0.519675E+09 0.503857E+10 0.331579E+10 0.419279E+09
     4256.00  0.627220E+09 0.473382E+10 0.359019E+10 0.360943E+09
     4266.00  0.736932E+09 0.442032E+10 0.386348E+10 0.300994E+09
     4276.00  0.846698E+09 0.410107E+10 0.413344E+10 0.241377E+09
     4286.00  0.954501E+09 0.377904E+10 0.439781E+10 0.184099E+09
     4296.00  0.105844E+10 0.345715E+10 0.465440E+10 0.131196E+09
     4306.00  0.115674E+10 0.313822E+10 0.490104E+10 0.846939E+08
     4316.00  0.124781E+10 0.282495E+10 0.513563E+10 0.465735E+08
     4326.00  0.133020E+10 0.251991E+10 0.535621E+10 0.187378E+08
     4336.00  0.140267E+10 0.222546E+10 0.556089E+10 0.297875E+07
     4346.00  0.146415E+10 0.194379E+10 0.574795E+10 0.947663E+06
     4356.00  0.151382E+10 0.167689E+10 0.591585E+10 0.141282E+08
     4366.00  0.155101E+10 0.142649E+10 0.606317E+10 0.438120E+08
     4376.00  0.157531E+10 0.119408E+10 0.618873E+10 0.910779E+08
     4386.00  0.158648E+10 0.980931E+09 0.629154E+10 0.156774E+09
     4396.00  0.158453E+10 0.788018E+09 0.637081E+10 0.241506E+09
     4406.00  0.156964E+10 0.616075E+09 0.642596E+10 0.345622E+09
     4416.00  0.154218E+10 0.465570E+09 0.645666E+10 0.469214E+09
     4426.00  0.150274E+10 0.336718E+09 0.646278E+10 0.612107E+09
     4436.00  0.145204E+10 0.229479E+09 0.644440E+10 0.773869E+09
     4446.00  0.139097E+10 0.143576E+09 0.640185E+10 0.953807E+09
     4456.00  0.132057E+10 0.785004E+08 0.633563E+10 0.115098E+10
     4466.00  0.124200E+10 0.335286E+08 0.624647E+10 0.136422E+10
     4476.00  0.115652E+10 0.773807E+07 0.613527E+10 0.159213E+10
     4486.00  0.106549E+10 0.249100E+05 0.600313E+10 0.183310E+10
     4511.00  0.823058E+09 0.511848E+08 0.558967E+10 0.248060E+10
     4536.00  0.578082E+09 0.183862E+09 0.507668E+10 0.316635E+10
     4561.00  0.353722E+09 0.371567E+09 0.449132E+10 0.385471E+10
     4586.00  0.171374E+09 0.586712E+09 0.386289E+10 0.450884E+10
     4611.00  0.491118E+08 0.802733E+09 0.322088E+10 0.509333E+10
     4636.00  0.455909E+06 0.995968E+09 0.259323E+10 0.557665E+10
     4661.00  0.335248E+08 0.114719E+10 0.200469E+10 0.593324E+10
     4686.00  0.150602E+09 0.124271E+10 0.147566E+10 0.614507E+10
     4711.00  0.348125E+09 0.127497E+10 0.102126E+10 0.620260E+10
     4736.00  0.617064E+09 0.124272E+10 0.650867E+09 0.610514E+10
     4761.00  0.943651E+09 0.115066E+10 0.368086E+09 0.586062E+10
     4786.00  0.131038E+10 0.100875E+10 0.171049E+09 0.548468E+10
     4811.00  0.169722E+10 0.831137E+09 0.530750E+08 0.499946E+10
     4836.00  0.208291E+10 0.634887E+09 0.357806E+07 0.443189E+10
     4861.00  0.244630E+10 0.438591E+09 0.915640E+07 0.381186E+10
     4886.00  0.276765E+10 0.260921E+09 0.547762E+08 0.317022E+10
     4911.00  0.302973E+10 0.119274E+09 0.124962E+09 0.253694E+10
     4936.00  0.321879E+10 0.285624E+08 0.204917E+09 0.193936E+10
     4961.00  0.332527E+10 0.228404E+06 0.281502E+09 0.140074E+10
     4986.00  0.334422E+10 0.415369E+08 0.344026E+09 0.939170E+09
     5011.00  0.327546E+10 0.155165E+09 0.384804E+09 0.566862E+09
     5036.00  0.312350E+10 0.339104E+09 0.399465E+09 0.289870E+09
     5061.00  0.289713E+10 0.586865E+09 0.387015E+09 0.108204E+09
     5086.00  0.260885E+10 0.887944E+09 0.349659E+09 0.163138E+08
     5111.00  0.227411E+10 0.122853E+10 0.292414E+09 0.388207E+07
     5136.00  0.191042E+10 0.159239E+10 0.222555E+09 0.568632E+08
     5161.00  0.153639E+10 0.196182E+10 0.148943E+09 0.158675E+09
     5186.00  0.117076E+10 0.231872E+10 0.812730E+08 0.291467E+09
     5211.00  0.831446E+09 0.264561E+10 0.293099E+08 0.437373E+09
     5236.00  0.534694E+09 0.292659E+10 0.215393E+07 0.579678E+09
     5261.00  0.294329E+09 0.314814E+10 0.757902E+07 0.703836E+09
     5286.00  0.121165E+09 0.329985E+10 0.514849E+08 0.798272E+09
     5311.00  0.225934E+08 0.337487E+10 0.137488E+09 0.854947E+09
     5336.00  0.234698E+07 0.337019E+10 0.266669E+09 0.869670E+09
     5361.00  0.604515E+08 0.328672E+10 0.437489E+09 0.842133E+09
     5386.00  0.193356E+09 0.312914E+10 0.645859E+09 0.775715E+09
     5411.00  0.394223E+09 0.290558E+10 0.885370E+09 0.677051E+09
     5436.00  0.653362E+09 0.262714E+10 0.114765E+10 0.555433E+09
     5461.00  0.958766E+09 0.230726E+10 0.142281E+10 0.422065E+09
     5511.00  0.165256E+10 0.160434E+10 0.196801E+10 0.169509E+09
     5561.00  0.235781E+10 0.923302E+09 0.243291E+10 0.157415E+08
     5611.00  0.296155E+10 0.380728E+09 0.274107E+10 0.363831E+08
     5661.00  0.337384E+10 0.632190E+08 0.284236E+10 0.268141E+09
     5711.00  0.354046E+10 0.142346E+08 0.272182E+10 0.700565E+09
     5761.00  0.344831E+10 0.229602E+09 0.240136E+10 0.127864E+10
     5811.00  0.312373E+10 0.661605E+09 0.193454E+10 0.191470E+10
     5861.00  0.262451E+10 0.123009E+10 0.139603E+10 0.250658E+10
     5911.00  0.202783E+10 0.183796E+10 0.867930E+09 0.295770E+10
     5961.00  0.141638E+10 0.238808E+10 0.425899E+09 0.319516E+10
     6011.00  0.865134E+09 0.279856E+10 0.127271E+09 0.318242E+10
     6061.00  0.430785E+09 0.301417E+10 0.319491E+07 0.292468E+10
     6111.00  0.145201E+09 0.301248E+10 0.556779E+08 0.246647E+10
     6161.00  0.134683E+08 0.280426E+10 0.259564E+09 0.188252E+10
     6211.00  0.163281E+08 0.242869E+10 0.568664E+09 0.126402E+10
     6261.00  0.116179E+09 0.194480E+10 0.924629E+09 0.703020E+09
     6311.00  0.265342E+09 0.142076E+10 0.126689E+10 0.277757E+09
     6361.00  0.415124E+09 0.922867E+09 0.154201E+10 0.412066E+08
     6411.00  0.524233E+09 0.506054E+09 0.171100E+10 0.145514E+08
     6461.00  0.565355E+09 0.207034E+09 0.175378E+10 0.186109E+09
     6511.00  0.529095E+09 0.409096E+08 0.167035E+10 0.515446E+09
     6561.00  0.424902E+09 0.135188E+07 0.147882E+10 0.941556E+09
     6611.00  0.279105E+09 0.639582E+08 0.121096E+10 0.139347E+10
     6661.00  0.130542E+09 0.191982E+09 0.906286E+09 0.180146E+10
     6711.00  0.245441E+08 0.343375E+09 0.605462E+09 0.210707E+10
     6761.00  0.620794E+07 0.478002E+09 0.344348E+09 0.227064E+10
     6811.00  0.113898E+09 0.564002E+09 0.149284E+09 0.227533E+10
     6861.00  0.373799E+09 0.582452E+09 0.342472E+08 0.212762E+10
     6911.00  0.796150E+09 0.529850E+09 0.843593E+05 0.185427E+10
     6961.00  0.137354E+10 0.418223E+09 0.357200E+08 0.149676E+10
     7011.00  0.208135E+10 0.273035E+09 0.120976E+09 0.110418E+10
     7061.00  0.288018E+10 0.129317E+09 0.230459E+09 0.725610E+09
     7111.00  0.371980E+10 0.266419E+08 0.337873E+09 0.403365E+09
     7161.00  0.454428E+10 0.365913E+07 0.420136E+09 0.167712E+09
     7211.00  0.529737E+10 0.928954E+08 0.460741E+09 0.338238E+08
     7261.00  0.592787E+10 0.316445E+09 0.451990E+09 0.110499E+07
     7311.00  0.639413E+10 0.683012E+09 0.395876E+09 0.547838E+08
     7361.00  0.666747E+10 0.118658E+10 0.303602E+09 0.169343E+09
     7411.00  0.673416E+10 0.180676E+10 0.193897E+09 0.313163E+09
     7511.00  0.626877E+10 0.325633E+10 0.185651E+08 0.562132E+09
     7611.00  0.517027E+10 0.468223E+10 0.611323E+08 0.610793E+09
     7711.00  0.375098E+10 0.572113E+10 0.445919E+09 0.426253E+09
     7811.00  0.234778E+10 0.612008E+10 0.116994E+10 0.145071E+09
     7911.00  0.121807E+10 0.581114E+10 0.209881E+10 0.408149E+04
     8011.00  0.480864E+09 0.491552E+10 0.301484E+10 0.205328E+09
     8111.00  0.115107E+09 0.368524E+10 0.369346E+10 0.855889E+09
     8211.00  0.504423E+07 0.241121E+10 0.397637E+10 0.188136E+10
     8311.00  0.832794E+07 0.133370E+10 0.381587E+10 0.306875E+10
     8411.00  0.191124E+08 0.584422E+09 0.327864E+10 0.413751E+10
     8511.00  0.507728E+07 0.173862E+09 0.251327E+10 0.483358E+10
     8611.00  0.975814E+07 0.200232E+08 0.169738E+10 0.500678E+10
     8711.00  0.124603E+09 0.167590E+07 0.984176E+09 0.464701E+10
     8811.00  0.444503E+09 0.140855E+08 0.465632E+09 0.387264E+10
     8911.00  0.102393E+10 0.802879E+07 0.160913E+09 0.288164E+10
     9011.00  0.184830E+10 0.155664E+07 0.294312E+08 0.188637E+10
     9111.00  0.282853E+10 0.644729E+08 0.122494E+06 0.105490E+10
     9211.00  0.381897E+10 0.284306E+09 0.484460E+07 0.475544E+09
     9311.00  0.465176E+10 0.727231E+09 0.446477E+07 0.151597E+09
     9411.00  0.517719E+10 0.140723E+10 0.262762E+06 0.224566E+08
     9511.00  0.529868E+10 0.227265E+10 0.289547E+08 0.137822E+06
     9611.00  0.499394E+10 0.321315E+10 0.144957E+09 0.730018E+07
     9711.00  0.431829E+10 0.408369E+10 0.396961E+09 0.471326E+07
     9811.00  0.339049E+10 0.473803E+10 0.806760E+09 0.116776E+07
     9911.00  0.236619E+10 0.506216E+10 0.135674E+10 0.450987E+08
    10011.00  0.140563E+10 0.499931E+10 0.198925E+10 0.202704E+09
    10111.00  0.643340E+09 0.456110E+10 0.261750E+10 0.530683E+09
    10211.00  0.165738E+09 0.382315E+10 0.314428E+10 0.105233E+10
    10311.00  0.383850E+06 0.290767E+10 0.348347E+10 0.174385E+10
    10411.00  0.117657E+09 0.195780E+10 0.357856E+10 0.253421E+10
    10511.00  0.442982E+09 0.110996E+10 0.341413E+10 0.331802E+10
    10611.00  0.875921E+09 0.470106E+09 0.301803E+10 0.397753E+10
    10711.00  0.131158E+10 0.980680E+08 0.245447E+10 0.440763E+10
    10811.00  0.165999E+10 0.221035E+07 0.181033E+10 0.453799E+10
    10911.00  0.186005E+10 0.144087E+09 0.117815E+10 0.434715E+10
    11011.00  0.188628E+10 0.450989E+09 0.639498E+09 0.386588E+10
    11111.00  0.174809E+10 0.833023E+09 0.252069E+09 0.316998E+10
    11211.00  0.148280E+10 0.120098E+10 0.425123E+08 0.236451E+10
    11311.00  0.114454E+10 0.148168E+10 0.565689E+07 0.156368E+10
    11411.00  0.791777E+09 0.162829E+10 0.109473E+09 0.870535E+09
    11511.00  0.475865E+09 0.162464E+10 0.304099E+09 0.360516E+09
    11611.00  0.232610E+09 0.148342E+10 0.532753E+09 0.716820E+08
    11711.00  0.780347E+08 0.123961E+10 0.742301E+09 0.258452E+07
    11811.00  0.851621E+07 0.940880E+09 0.891696E+09 0.117352E+09
    11911.00  0.474099E+07 0.637090E+09 0.957098E+09 0.356133E+09
    12011.00  0.382757E+08 0.370983E+09 0.933285E+09 0.648333E+09
    12111.00  0.792525E+08 0.171436E+09 0.831656E+09 0.925908E+09
    12211.00  0.103650E+09 0.502314E+08 0.675661E+09 0.113435E+10
    12311.00  0.988942E+08 0.246153E+07 0.494831E+09 0.123978E+10
    12411.00  0.669261E+08 0.100623E+08 0.318610E+09 0.123151E+10
    12511.00  0.243906E+08 0.474934E+08 0.171089E+09 0.112022E+10
    12611.00  0.104512E+06 0.883285E+08 0.674181E+08 0.932809E+09
    12711.00  0.303731E+08 0.111497E+09 0.123063E+08 0.705224E+09
    12811.00  0.153012E+09 0.106104E+09 0.609971E+06 0.474822E+09
    12911.00  0.401049E+09 0.741078E+08 0.196815E+08 0.273617E+09
    13011.00  0.797039E+09 0.305290E+08 0.528929E+08 0.123433E+09
    13111.00  0.134879E+10 0.131113E+07 0.836228E+08 0.335216E+08
    13211.00  0.204703E+10 0.192930E+08 0.989934E+08 0.731773E+06
    13311.00  0.286519E+10 0.119008E+09 0.927450E+08 0.118772E+08
    13411.00  0.376137E+10 0.331142E+09 0.668265E+08 0.476717E+08
    13511.00  0.468204E+10 0.677473E+09 0.315078E+08 0.874100E+08
    13611.00  0.556708E+10 0.116696E+10 0.406587E+07 0.113560E+09
    13711.00  0.635545E+10 0.179350E+10 0.629681E+07 0.115534E+09
    13811.00  0.699094E+10 0.253551E+10 0.612708E+08 0.920850E+08
    13911.00  0.742736E+10 0.335741E+10 0.189823E+09 0.520578E+08
    14011.00  0.763260E+10 0.421265E+10 0.407283E+09 0.134350E+08
    14111.00  0.759134E+10 0.504796E+10 0.720881E+09 0.910279E+06
    14211.00  0.730620E+10 0.580825E+10 0.112816E+10 0.423793E+08
    14311.00  0.679717E+10 0.644160E+10 0.161653E+10 0.164874E+09
    14411.00  0.609971E+10 0.690388E+10 0.216406E+10 0.390504E+09
    14511.00  0.526159E+10 0.716258E+10 0.274126E+10 0.732947E+09
    14611.00  0.433885E+10 0.719942E+10 0.331373E+10 0.119492E+10
    14711.00  0.339144E+10 0.701166E+10 0.384521E+10 0.176693E+10
    14811.00  0.247866E+10 0.661214E+10 0.430088E+10 0.242741E+10
    14911.00  0.165502E+10 0.602790E+10 0.465034E+10 0.314427E+10
    15011.00  0.966702E+09 0.529787E+10 0.487017E+10 0.387750E+10
    15111.00  0.448878E+09 0.446959E+10 0.494577E+10 0.458271E+10
    15211.00  0.124016E+09 0.359560E+10 0.487238E+10 0.521497E+10
    15311.00  0.122173E+07 0.272950E+10 0.465526E+10 0.573284E+10
    15411.00  0.765474E+08 0.192227E+10 0.430903E+10 0.610186E+10
    15511.00  0.334185E+09 0.121893E+10 0.385630E+10 0.629738E+10
    15611.00  0.748345E+09 0.655869E+09 0.332588E+10 0.630651E+10
    15711.00  0.128564E+10 0.258939E+09 0.275045E+10 0.612890E+10
    15811.00  0.190771E+10 0.424215E+08 0.216429E+10 0.577655E+10
    15911.00  0.257398E+10 0.885477E+07 0.160089E+10 0.527258E+10
    16011.00  0.324424E+10 0.149663E+09 0.109086E+10 0.464922E+10
    16111.00  0.388092E+10 0.446469E+09 0.660117E+09 0.394522E+10
    16211.00  0.445107E+10 0.872952E+09 0.328563E+09 0.320295E+10
    16311.00  0.492776E+10 0.139704E+10 0.109187E+09 0.246538E+10
    16411.00  0.529100E+10 0.198330E+10 0.772291E+07 0.177327E+10
    16511.00  0.552822E+10 0.259527E+10 0.227724E+08 0.116270E+10
    16611.00  0.563418E+10 0.319771E+10 0.146369E+09 0.663105E+09
    16711.00  0.561055E+10 0.375844E+10 0.364908E+09 0.295885E+09
    16811.00  0.546512E+10 0.424996E+10 0.660343E+09 0.736349E+08
    16911.00  0.521077E+10 0.465045E+10 0.101156E+10 0.277572E+03
    17011.00  0.486430E+10 0.494444E+10 0.139584E+10 0.700906E+08
    17111.00  0.444517E+10 0.512307E+10 0.179022E+10 0.271369E+09
    17211.00  0.397427E+10 0.518382E+10 0.217287E+10 0.584924E+09
    17311.00  0.347272E+10 0.513001E+10 0.252415E+10 0.986995E+09
    17411.00  0.296088E+10 0.497007E+10 0.282750E+10 0.145066E+10
    17511.00  0.245741E+10 0.471655E+10 0.307011E+10 0.194755E+10
    17611.00  0.197863E+10 0.438503E+10 0.324315E+10 0.244947E+10
    17711.00  0.153803E+10 0.399312E+10 0.334198E+10 0.292993E+10
    17811.00  0.114599E+10 0.355932E+10 0.336587E+10 0.336537E+10
    17911.00  0.809647E+09 0.310212E+10 0.331769E+10 0.373615E+10
    18011.00  0.533031E+09 0.263910E+10 0.320340E+10 0.402727E+10
    18111.00  0.317236E+09 0.218628E+10 0.303140E+10 0.422871E+10
    18211.00  0.160753E+09 0.175756E+10 0.281185E+10 0.433545E+10
    18311.00  0.598853E+08 0.136433E+10 0.255600E+10 0.434735E+10
    18411.00  0.919430E+07 0.101531E+10 0.227555E+10 0.426865E+10
    18511.00  0.197225E+07 0.716448E+09 0.198201E+10 0.410733E+10
    18611.00  0.307070E+08 0.471010E+09 0.168625E+10 0.387437E+10
    18711.00  0.875167E+08 0.279775E+09 0.139806E+10 0.358291E+10
    18811.00  0.164539E+09 0.141293E+09 0.112586E+10 0.324737E+10
    18911.00  0.254260E+09 0.522349E+08 0.876497E+09 0.288265E+10
    19011.00  0.349784E+09 0.776916E+07 0.655154E+09 0.250342E+10
    19111.00  0.445030E+09 0.196037E+07 0.465337E+09 0.212339E+10
    19311.00  0.615159E+09 0.794060E+08 0.186349E+09 0.140832E+10
    19511.00  0.735826E+09 0.229408E+09 0.378465E+08 0.812864E+09
    19711.00  0.793954E+09 0.401134E+09 0.457974E+06 0.378775E+09
    19911.00  0.789710E+09 0.554746E+09 0.442004E+08 0.115633E+09
    20111.00  0.732744E+09 0.664485E+09 0.135438E+09 0.721855E+07
    20311.00  0.638106E+09 0.718619E+09 0.242709E+09 0.203076E+08
    20511.00  0.522574E+09 0.717203E+09 0.340808E+09 0.113724E+09
    20711.00  0.401783E+09 0.668644E+09 0.412893E+09 0.246149E+09
    20911.00  0.288345E+09 0.586058E+09 0.450767E+09 0.381905E+09
    21111.00  0.190931E+09 0.484047E+09 0.453729E+09 0.494460E+09
    21311.00  0.114159E+09 0.376253E+09 0.426560E+09 0.567774E+09
    21511.00  0.590991E+08 0.273814E+09 0.377241E+09 0.595853E+09
    21711.00  0.241092E+08 0.184588E+09 0.314842E+09 0.580986E+09
    21911.00  0.581983E+07 0.113045E+09 0.247916E+09 0.531241E+09
    22111.00  0.545092E+05 0.606061E+08 0.183472E+09 0.457749E+09
    22311.00  0.258206E+07 0.262686E+08 0.126507E+09 0.372259E+09
    22511.00  0.964006E+07 0.736997E+07 0.799606E+08 0.285279E+09
    22711.00  0.182291E+08 0.355295E+06 0.449414E+08 0.204934E+09
    22911.00  0.262142E+08 0.145494E+07 0.211058E+08 0.136538E+09
    23111.00  0.322856E+08 0.720291E+07 0.708093E+07 0.827090E+08
    23311.00  0.358357E+08 0.147656E+08 0.884096E+06 0.438330E+08
    23511.00  0.367965E+08 0.220862E+08 0.296281E+06 0.186806E+08
    23711.00  0.354709E+08 0.278780E+08 0.316979E+07 0.502361E+07
    23911.00  0.323783E+08 0.315170E+08 0.765293E+07 0.165788E+06
    24111.00  0.281245E+08 0.328838E+08 0.123234E+08 0.135287E+07
    24311.00  0.233029E+08 0.321996E+08 0.162327E+08 0.606213E+07
    24511.00  0.184245E+08 0.298794E+08 0.188742E+08 0.121876E+08
    24711.00  0.138797E+08 0.264195E+08 0.201007E+08 0.181386E+08
    24911.00  0.992450E+07 0.223160E+08 0.200157E+08 0.228648E+08
    25111.00  0.668849E+07 0.180129E+08 0.188683E+08 0.258211E+08
    25311.00  0.419678E+07 0.138707E+08 0.169651E+08 0.268847E+08
    25511.00  0.239876E+07 0.101510E+08 0.146096E+08 0.262418E+08
    25711.00  0.119752E+07 0.701450E+07 0.120674E+08 0.242648E+08
    25911.00  0.475401E+06 0.452861E+07 0.955183E+07 0.213991E+08
    26111.00  0.112951E+06 0.268349E+07 0.722112E+07 0.180761E+08
    26311.00  0.115158E+04 0.141322E+07 0.518214E+07 0.146570E+08
    26511.00  0.476899E+05 0.618824E+06 0.349577E+07 0.114096E+08
    26711.00  0.179028E+06 0.189323E+06 0.218246E+07 0.850694E+07
    26911.00  0.339941E+06 0.181465E+05 0.122860E+07 0.604250E+07
 K.E.IE==>     24           25           26           27
        1.00  0.000000E+00 0.000000E+00 0.000000E+00 0.000000E+00
        2.00  0.000000E+00 0.000000E+00 0.000000E+00 0.000000E+00
        3.00  0.000000E+00 0.000000E+00 0.000000E+00 0.000000E+00
        4.00  0.000000E+00 0.000000E+00 0.000000E+00 0.378489E-36
        5.00  0.000000E+00 0.000000E+00 0.239876E-36 0.132489E-33
        6.00  0.670120E-37 0.955103E-36 0.292000E-34 0.157249E-31
        7.00  0.389718E-35 0.553920E-34 0.168488E-32 0.884856E-30
        8.00  0.131233E-33 0.186012E-32 0.562934E-31 0.288366E-28
        9.00  0.291133E-32 0.411518E-31 0.123909E-29 0.619242E-27
       10.00  0.464696E-31 0.655041E-30 0.196239E-28 0.956969E-26
       11.00  0.568301E-30 0.798878E-29 0.238125E-27 0.113333E-24
       12.00  0.557798E-29 0.781957E-28 0.231909E-26 0.107744E-23
       13.00  0.455170E-28 0.636331E-27 0.187773E-25 0.851752E-23
       14.00  0.317371E-27 0.442468E-26 0.129912E-24 0.575465E-22
       15.00  0.193237E-26 0.268665E-25 0.784879E-24 0.339579E-21
       16.00  0.104556E-25 0.144969E-24 0.421400E-23 0.178108E-20
       17.00  0.509991E-25 0.705173E-24 0.203961E-22 0.842296E-20
       18.00  0.226925E-24 0.312913E-23 0.900553E-22 0.363444E-19
       19.00  0.930305E-24 0.127931E-22 0.366353E-21 0.144516E-18
       20.00  0.354358E-23 0.485960E-22 0.138474E-20 0.534013E-18
       21.00  0.126313E-22 0.172750E-21 0.489817E-20 0.184697E-17
       22.00  0.423964E-22 0.578240E-21 0.163146E-19 0.601619E-17
       23.00  0.134712E-21 0.183229E-20 0.514420E-19 0.185549E-16
       24.00  0.407101E-21 0.552210E-20 0.154272E-18 0.544375E-16
       25.00  0.117490E-20 0.158933E-19 0.441836E-18 0.152552E-15
       26.00  0.324990E-20 0.438427E-19 0.121286E-17 0.409812E-15
       27.00  0.864370E-20 0.116290E-18 0.320129E-17 0.105874E-14
       28.00  0.221682E-19 0.297431E-18 0.814788E-17 0.263799E-14
       29.00  0.549631E-19 0.735432E-18 0.200484E-16 0.635537E-14
       30.00  0.132044E-18 0.176200E-17 0.477995E-16 0.148385E-13
       31.00  0.308012E-18 0.409895E-17 0.110656E-15 0.336448E-13
       32.00  0.698932E-18 0.927592E-17 0.249202E-15 0.742226E-13
       33.00  0.154546E-17 0.204548E-16 0.546870E-15 0.159581E-12
       34.00  0.333506E-17 0.440212E-16 0.117124E-14 0.334907E-12
       35.00  0.703379E-17 0.925907E-16 0.245162E-14 0.687031E-12
       36.00  0.145169E-16 0.190578E-15 0.502184E-14 0.137943E-11
       37.00  0.293546E-16 0.384321E-15 0.100784E-13 0.271399E-11
       38.00  0.582191E-16 0.760161E-15 0.198388E-13 0.523810E-11
       39.00  0.113365E-15 0.147619E-14 0.383413E-13 0.992737E-11
       40.00  0.216933E-15 0.281716E-14 0.728205E-13 0.184923E-10
       42.00  0.756438E-15 0.977025E-14 0.250148E-12 0.611315E-10
       44.00  0.248364E-14 0.319059E-13 0.809140E-12 0.190400E-09
       46.00  0.771962E-14 0.986350E-13 0.247776E-11 0.561719E-09
       48.00  0.228203E-13 0.290009E-12 0.721654E-11 0.157703E-08
       50.00  0.644235E-13 0.814313E-12 0.200730E-10 0.423062E-08
       52.00  0.174314E-12 0.219149E-11 0.535151E-10 0.108836E-07
       54.00  0.453501E-12 0.567084E-11 0.137187E-09 0.269362E-07
       56.00  0.113768E-11 0.141499E-10 0.339127E-09 0.643168E-07
       58.00  0.275911E-11 0.341326E-10 0.810462E-09 0.148540E-06
       60.00  0.648363E-11 0.797791E-10 0.187681E-08 0.332571E-06
       62.00  0.147934E-10 0.181055E-09 0.422009E-08 0.723337E-06
       64.00  0.328345E-10 0.399712E-09 0.923105E-08 0.153116E-05
       66.00  0.710138E-10 0.859876E-09 0.196764E-07 0.315976E-05
       68.00  0.149891E-09 0.180529E-08 0.409331E-07 0.636665E-05
       70.00  0.309204E-09 0.370423E-08 0.832249E-07 0.125429E-04
       72.00  0.624179E-09 0.743780E-08 0.165593E-06 0.241922E-04
       74.00  0.123448E-08 0.146320E-07 0.322816E-06 0.457352E-04
       76.00  0.239466E-08 0.282327E-07 0.617257E-06 0.848387E-04
       78.00  0.456064E-08 0.534839E-07 0.115881E-05 0.154575E-03
       80.00  0.853558E-08 0.995685E-07 0.213796E-05 0.276875E-03
       82.00  0.157123E-07 0.182315E-06 0.387969E-05 0.487979E-03
       84.00  0.284703E-07 0.328602E-06 0.693035E-05 0.846900E-03
       86.00  0.508174E-07 0.583430E-06 0.121953E-04 0.144842E-02
       88.00  0.894131E-07 0.102112E-05 0.211550E-04 0.244280E-02
       90.00  0.155181E-06 0.176285E-05 0.361988E-04 0.406523E-02
       92.00  0.265818E-06 0.300376E-05 0.611359E-04 0.667952E-02
       94.00  0.449660E-06 0.505442E-05 0.101968E-03 0.108420E-01
       96.00  0.751566E-06 0.840353E-05 0.168046E-03 0.173942E-01
       98.00  0.124179E-05 0.138118E-04 0.273779E-03 0.275955E-01
      100.00  0.202921E-05 0.224513E-04 0.441148E-03 0.433125E-01
      102.00  0.328091E-05 0.361095E-04 0.703345E-03 0.672844E-01
      104.00  0.525084E-05 0.574873E-04 0.111002E-02 0.103495E+00
      106.00  0.832146E-05 0.906273E-04 0.173477E-02 0.157684E+00
      108.00  0.130637E-04 0.141528E-03 0.268571E-02 0.238058E+00
      110.00  0.203224E-04 0.219015E-03 0.412032E-02 0.356246E+00
      112.00  0.313382E-04 0.335965E-03 0.626618E-02 0.528599E+00
      114.00  0.479174E-04 0.511019E-03 0.944945E-02 0.777941E+00
      116.00  0.726713E-04 0.770959E-03 0.141342E-01 0.113589E+01
      118.00  0.109346E-03 0.115398E-02 0.209757E-01 0.164592E+01
      122.00  0.242019E-03 0.252757E-02 0.451655E-01 0.338115E+01
      126.00  0.520582E-03 0.538031E-02 0.945216E-01 0.675692E+01
      130.00  0.109018E-02 0.111503E-01 0.192603E+00 0.131589E+02
      134.00  0.222626E-02 0.225342E-01 0.382743E+00 0.250129E+02
      138.00  0.443987E-02 0.444752E-01 0.742854E+00 0.464740E+02
      142.00  0.865894E-02 0.858420E-01 0.141006E+01 0.845137E+02
      146.00  0.165347E-01 0.162228E+00 0.262088E+01 0.150605E+03
      150.00  0.309499E-01 0.300528E+00 0.477552E+01 0.263282E+03
      154.00  0.568466E-01 0.546303E+00 0.853911E+01 0.451980E+03
      158.00  0.102554E+00 0.975413E+00 0.149982E+02 0.762667E+03
      162.00  0.181881E+00 0.171213E+01 0.258994E+02 0.126604E+04
      166.00  0.317375E+00 0.295692E+01 0.440068E+02 0.206919E+04
      170.00  0.545308E+00 0.502839E+01 0.736315E+02 0.333211E+04
      174.00  0.923219E+00 0.842591E+01 0.121404E+03 0.529063E+04
      178.00  0.154118E+01 0.139218E+02 0.197386E+03 0.828787E+04
      182.00  0.253838E+01 0.226950E+02 0.316654E+03 0.128170E+05
      186.00  0.412734E+01 0.365240E+02 0.501521E+03 0.195788E+05
      190.00  0.662869E+01 0.580598E+02 0.784629E+03 0.295572E+05
      194.00  0.105208E+02 0.912095E+02 0.121320E+04 0.441198E+05
      198.00  0.165100E+02 0.141671E+03 0.185480E+04 0.651471E+05
      202.00  0.256277E+02 0.217667E+03 0.280514E+04 0.951998E+05
      206.00  0.393662E+02 0.330945E+03 0.419842E+04 0.137731E+06
      210.00  0.598634E+02 0.498134E+03 0.622106E+04 0.197355E+06
      214.00  0.901546E+02 0.742552E+03 0.912963E+04 0.280183E+06
      218.00  0.134511E+03 0.109661E+04 0.132741E+05 0.394240E+06
      222.00  0.198891E+03 0.160497E+04 0.191279E+05 0.549978E+06
      226.00  0.291541E+03 0.232870E+04 0.273261E+05 0.760902E+06
      230.00  0.423783E+03 0.335057E+04 0.387137E+05 0.104432E+07
      234.00  0.611041E+03 0.478197E+04 0.544067E+05 0.142227E+07
      238.00  0.874172E+03 0.677168E+04 0.758678E+05 0.192257E+07
      242.00  0.124118E+04 0.951694E+04 0.105000E+06 0.258012E+07
      246.00  0.174939E+04 0.132775E+05 0.144263E+06 0.343840E+07
      250.00  0.244827E+04 0.183930E+05 0.196813E+06 0.455123E+07
      254.00  0.340286E+04 0.253047E+05 0.266673E+06 0.598476E+07
      258.00  0.469823E+04 0.345825E+05 0.358942E+06 0.781982E+07
      262.00  0.644492E+04 0.469575E+05 0.480039E+06 0.101546E+08
      266.00  0.878572E+04 0.633621E+05 0.637994E+06 0.131077E+08
      270.00  0.119040E+05 0.849787E+05 0.842803E+06 0.168212E+08
      274.00  0.160341E+05 0.113298E+06 0.110683E+07 0.214651E+08
      282.00  0.285979E+05 0.197986E+06 0.187674E+07 0.343861E+08
      290.00  0.499099E+05 0.338535E+06 0.311406E+07 0.539496E+08
      298.00  0.853302E+05 0.567059E+06 0.506223E+07 0.829879E+08
      306.00  0.143068E+06 0.931467E+06 0.807056E+07 0.125283E+09
      314.00  0.235468E+06 0.150191E+07 0.126308E+08 0.185790E+09
      322.00  0.380770E+06 0.237932E+07 0.194228E+08 0.270875E+09
      330.00  0.605482E+06 0.370639E+07 0.293702E+08 0.388569E+09
      338.00  0.947502E+06 0.568166E+07 0.437059E+08 0.548820E+09
      346.00  0.146020E+07 0.857694E+07 0.640499E+08 0.763733E+09
      354.00  0.221761E+07 0.127589E+08 0.924966E+08 0.104777E+10
      362.00  0.332103E+07 0.187147E+08 0.131713E+09 0.141793E+10
      370.00  0.490714E+07 0.270830E+08 0.185042E+09 0.189380E+10
      378.00  0.715794E+07 0.386890E+08 0.256616E+09 0.249759E+10
      386.00  0.103127E+08 0.545851E+08 0.351465E+09 0.325393E+10
      394.00  0.146820E+08 0.760955E+08 0.475624E+09 0.418968E+10
      402.00  0.206643E+08 0.104866E+09 0.636230E+09 0.533344E+10
      410.00  0.287648E+08 0.142914E+09 0.841603E+09 0.671501E+10
      418.00  0.396167E+08 0.192689E+09 0.110131E+10 0.836464E+10
      426.00  0.540050E+08 0.257120E+09 0.142617E+10 0.103121E+11
      434.00  0.728918E+08 0.339672E+09 0.182827E+10 0.125855E+11
      442.00  0.974438E+08 0.444394E+09 0.232084E+10 0.152104E+11
      450.00  0.129061E+09 0.575959E+09 0.291818E+10 0.182078E+11
      458.00  0.169404E+09 0.739696E+09 0.363547E+10 0.215936E+11
      466.00  0.220428E+09 0.941609E+09 0.448847E+10 0.253767E+11
      474.00  0.284402E+09 0.118838E+10 0.549326E+10 0.295579E+11
      482.00  0.363941E+09 0.148733E+10 0.666581E+10 0.341286E+11
      490.00  0.462022E+09 0.184640E+10 0.802152E+10 0.390695E+11
      498.00  0.581997E+09 0.227406E+10 0.957467E+10 0.443501E+11
      506.00  0.727604E+09 0.277921E+10 0.113379E+11 0.499280E+11
      514.00  0.902968E+09 0.337105E+10 0.133216E+11 0.557488E+11
      522.00  0.111258E+10 0.405892E+10 0.155331E+11 0.617461E+11
      530.00  0.136130E+10 0.485208E+10 0.179766E+11 0.678426E+11
      538.00  0.165427E+10 0.575952E+10 0.206517E+11 0.739506E+11
      546.00  0.199691E+10 0.678968E+10 0.235537E+11 0.799740E+11
      554.00  0.239485E+10 0.795012E+10 0.266724E+11 0.858094E+11
      562.00  0.285379E+10 0.924732E+10 0.299921E+11 0.913492E+11
      570.00  0.337948E+10 0.106863E+11 0.334913E+11 0.964838E+11
      578.00  0.397753E+10 0.122702E+11 0.371423E+11 0.101105E+12
      586.00  0.465336E+10 0.140003E+11 0.409118E+11 0.105108E+12
      596.00  0.561512E+10 0.163665E+11 0.457297E+11 0.109095E+12
      606.00  0.671482E+10 0.189509E+11 0.505822E+11 0.111798E+12
      616.00  0.795926E+10 0.217381E+11 0.553692E+11 0.113083E+12
      626.00  0.935291E+10 0.247050E+11 0.599816E+11 0.112858E+12
      636.00  0.108974E+11 0.278206E+11 0.643046E+11 0.111079E+12
      646.00  0.125912E+11 0.310460E+11 0.682213E+11 0.107754E+12
      656.00  0.144287E+11 0.343346E+11 0.716171E+11 0.102945E+12
      666.00  0.164006E+11 0.376328E+11 0.743834E+11 0.967672E+11
      676.00  0.184927E+11 0.408810E+11 0.764226E+11 0.893881E+11
      686.00  0.206864E+11 0.440145E+11 0.776520E+11 0.810198E+11
      696.00  0.229587E+11 0.469657E+11 0.780084E+11 0.719127E+11
      706.00  0.252818E+11 0.496658E+11 0.774514E+11 0.623459E+11
      716.00  0.276239E+11 0.520465E+11 0.759658E+11 0.526156E+11
      726.00  0.299493E+11 0.540428E+11 0.735639E+11 0.430238E+11
      736.00  0.322192E+11 0.555948E+11 0.702860E+11 0.338647E+11
      746.00  0.343927E+11 0.566502E+11 0.662001E+11 0.254137E+11
      756.00  0.364270E+11 0.571663E+11 0.614009E+11 0.179149E+11
      766.00  0.382795E+11 0.571121E+11 0.560072E+11 0.115719E+11
      776.00  0.399081E+11 0.564700E+11 0.501580E+11 0.653899E+10
      786.00  0.412728E+11 0.552369E+11 0.440085E+11 0.291552E+10
      796.00  0.423371E+11 0.534249E+11 0.377246E+11 0.742255E+09
      806.00  0.430687E+11 0.510620E+11 0.314769E+11 0.784939E+06
      816.00  0.434411E+11 0.481912E+11 0.254350E+11 0.615489E+09
      826.00  0.434347E+11 0.448706E+11 0.197614E+11 0.245805E+10
      836.00  0.430373E+11 0.411714E+11 0.146052E+11 0.535431E+10
      846.00  0.422455E+11 0.371763E+11 0.100970E+11 0.909306E+10
      856.00  0.410644E+11 0.329773E+11 0.634396E+10 0.134364E+11
      866.00  0.395085E+11 0.286731E+11 0.342594E+10 0.181308E+11
      876.00  0.376014E+11 0.243657E+11 0.139274E+10 0.229191E+11
      886.00  0.353753E+11 0.201576E+11 0.262518E+09 0.275517E+11
      896.00  0.328708E+11 0.161488E+11 0.214406E+08 0.317975E+11
      906.00  0.301360E+11 0.124330E+11 0.624616E+09 0.354538E+11
      916.00  0.272252E+11 0.909530E+10 0.199823E+10 0.383538E+11
      926.00  0.241978E+11 0.620889E+10 0.404281E+10 0.403733E+11
      936.00  0.211165E+11 0.383300E+10 0.663749E+10 0.414343E+11
      946.00  0.180457E+11 0.201091E+10 0.964501E+10 0.415067E+11
      956.00  0.150501E+11 0.768667E+09 0.129173E+11 0.406076E+11
      966.00  0.121926E+11 0.114267E+09 0.163016E+11 0.387989E+11
      976.00  0.953247E+10 0.375688E+08 0.196460E+11 0.361824E+11
      986.00  0.712404E+10 0.510767E+09 0.228058E+11 0.328934E+11
      996.00  0.501482E+10 0.148949E+10 0.256486E+11 0.290933E+11
     1006.00  0.324427E+10 0.291449E+10 0.280595E+11 0.249608E+11
     1016.00  0.184267E+10 0.471376E+10 0.299445E+11 0.206831E+11
     1026.00  0.830240E+09 0.680518E+10 0.312339E+11 0.164466E+11
     1036.00  0.216603E+09 0.909935E+10 0.318846E+11 0.124289E+11
     1046.00  0.538403E+06 0.115028E+11 0.318803E+11 0.879053E+10
     1056.00  0.170064E+09 0.139211E+11 0.312319E+11 0.566843E+10
     1066.00  0.702851E+09 0.162622E+11 0.299759E+11 0.317063E+10
     1076.00  0.156695E+10 0.184395E+11 0.281724E+11 0.137245E+10
     1086.00  0.272181E+10 0.203745E+11 0.259014E+11 0.314445E+09
     1096.00  0.411956E+10 0.219995E+11 0.232593E+11 0.198627E+07
     1106.00  0.570645E+10 0.232595E+11 0.203548E+11 0.406499E+09
     1116.00  0.742457E+10 0.241140E+11 0.173033E+11 0.146817E+10
     1126.00  0.921358E+10 0.245377E+11 0.142228E+11 0.310000E+10
     1136.00  0.110125E+11 0.245216E+11 0.112288E+11 0.519287E+10
     1146.00  0.127617E+11 0.240721E+11 0.842963E+10 0.762145E+10
     1156.00  0.144045E+11 0.232109E+11 0.592254E+10 0.102505E+11
     1166.00  0.158887E+11 0.219737E+11 0.378998E+10 0.129416E+11
     1176.00  0.171684E+11 0.204086E+11 0.209688E+10 0.155592E+11
     1186.00  0.182051E+11 0.185740E+11 0.888653E+09 0.179767E+11
     1196.00  0.189686E+11 0.165363E+11 0.189972E+09 0.200822E+11
     1206.00  0.194379E+11 0.143672E+11 0.452775E+07 0.217821E+11
     1216.00  0.196016E+11 0.121413E+11 0.315568E+09 0.230052E+11
     1226.00  0.194581E+11 0.993323E+10 0.108726E+10 0.237047E+11
     1236.00  0.190153E+11 0.781501E+10 0.226677E+10 0.238591E+11
     1246.00  0.182904E+11 0.585357E+10 0.378693E+10 0.234725E+11
     1256.00  0.173088E+11 0.410858E+10 0.556940E+10 0.225729E+11
     1266.00  0.161034E+11 0.263052E+10 0.752817E+10 0.212102E+11
     1276.00  0.147134E+11 0.145915E+10 0.957318E+10 0.194533E+11
     1286.00  0.131827E+11 0.622448E+09 0.116140E+11 0.173858E+11
     1296.00  0.115587E+11 0.135918E+09 0.135636E+11 0.151021E+11
     1306.00  0.989066E+10 0.241658E+07 0.153414E+11 0.127029E+11
     1316.00  0.822817E+10 0.212404E+09 0.168763E+11 0.102902E+11
     1326.00  0.661944E+10 0.744631E+09 0.181093E+11 0.796300E+10
     1336.00  0.510996E+10 0.156722E+10 0.189952E+11 0.581315E+10
     1346.00  0.374114E+10 0.263906E+10 0.195040E+11 0.392160E+10
     1356.00  0.254909E+10 0.391157E+10 0.196216E+11 0.235536E+10
     1366.00  0.156361E+10 0.533051E+10 0.193496E+11 0.116513E+10
     1376.00  0.807453E+09 0.683814E+10 0.187051E+11 0.383776E+09
     1386.00  0.295747E+09 0.837528E+10 0.177190E+11 0.256084E+08
     1396.00  0.357134E+08 0.988340E+10 0.164350E+11 0.864720E+08
     1406.00  0.266279E+08 0.113067E+11 0.149067E+11 0.544632E+09
     1416.00  0.260033E+09 0.125939E+11 0.131959E+11 0.136236E+10
     1426.00  0.720184E+09 0.137000E+11 0.113696E+11 0.248813E+10
     1436.00  0.138471E+10 0.145875E+11 0.949728E+10 0.385929E+10
     1446.00  0.222547E+10 0.152276E+11 0.764810E+10 0.540515E+10
     1456.00  0.320954E+10 0.156010E+11 0.588845E+10 0.705016E+10
     1466.00  0.430040E+10 0.156982E+11 0.427938E+10 0.871731E+10
     1476.00  0.545909E+10 0.155195E+11 0.287443E+10 0.103314E+11
     1486.00  0.664552E+10 0.150750E+11 0.171786E+10 0.118219E+11
     1496.00  0.781972E+10 0.143835E+11 0.843265E+09 0.131261E+11
     1506.00  0.894306E+10 0.134721E+11 0.272638E+09 0.141910E+11
     1516.00  0.997944E+10 0.123747E+11 0.158903E+08 0.149752E+11
     1526.00  0.108963E+11 0.111309E+11 0.708707E+08 0.154505E+11
     1536.00  0.116657E+11 0.978410E+10 0.423813E+09 0.156023E+11
     1546.00  0.122646E+11 0.838047E+10 0.105021E+10 0.154296E+11
     1556.00  0.126762E+11 0.696682E+10 0.191606E+10 0.149449E+11
     1566.00  0.128897E+11 0.558920E+10 0.297943E+10 0.141732E+11
     1576.00  0.129007E+11 0.429133E+10 0.419224E+10 0.131500E+11
     1586.00  0.127111E+11 0.311314E+10 0.550225E+10 0.119204E+11
     1596.00  0.123291E+11 0.208956E+10 0.685511E+10 0.105362E+11
     1606.00  0.117687E+11 0.124946E+10 0.819644E+10 0.905398E+10
     1616.00  0.110488E+11 0.614797E+09 0.947380E+10 0.753264E+10
     1626.00  0.101933E+11 0.200113E+09 0.106386E+11 0.603088E+10
     1636.00  0.922930E+10 0.121967E+08 0.116477E+11 0.460496E+10
     1646.00  0.818695E+10 0.500676E+08 0.124650E+11 0.330652E+10
     1656.00  0.709806E+10 0.305208E+09 0.130624E+11 0.218071E+10
     1666.00  0.599526E+10 0.762035E+09 0.134204E+11 0.126459E+10
     1676.00  0.491090E+10 0.139861E+10 0.135292E+11 0.585966E+09
     1686.00  0.387613E+10 0.218750E+10 0.133880E+11 0.162575E+09
     1696.00  0.291993E+10 0.309688E+10 0.130053E+11 0.170731E+07
     1706.00  0.206831E+10 0.409166E+10 0.123983E+11 0.100251E+09
     1716.00  0.134357E+10 0.513471E+10 0.115917E+11 0.445127E+09
     1726.00  0.763702E+09 0.618820E+10 0.106169E+11 0.101409E+10
     1736.00  0.341922E+09 0.721483E+10 0.951074E+10 0.177689E+10
     1746.00  0.863817E+08 0.817904E+10 0.831370E+10 0.269662E+10
     1756.00  0.133455E+05 0.904818E+10 0.706871E+10 0.373138E+10
     1766.00  0.805401E+08 0.979350E+10 0.581938E+10 0.483600E+10
     1776.00  0.320642E+09 0.103910E+11 0.460846E+10 0.596385E+10
     1786.00  0.708263E+09 0.108220E+11 0.347635E+10 0.706867E+10
     1796.00  0.122705E+10 0.110740E+11 0.245972E+10 0.810631E+10
     1806.00  0.185691E+10 0.111404E+11 0.159036E+10 0.903629E+10
     1816.00  0.257465E+10 0.110210E+11 0.894115E+09 0.982328E+10
     1826.00  0.335465E+10 0.107219E+11 0.390225E+09 0.104382E+11
     1836.00  0.416968E+10 0.102547E+11 0.907678E+08 0.108593E+11
     1846.00  0.499154E+10 0.963653E+10 0.474834E+06 0.110724E+11
     1856.00  0.579182E+10 0.888910E+10 0.116791E+09 0.110716E+11
     1866.00  0.654245E+10 0.803800E+10 0.430234E+09 0.108587E+11
     1876.00  0.721600E+10 0.711176E+10 0.925048E+09 0.104435E+11
     1886.00  0.778553E+10 0.614091E+10 0.158022E+10 0.984218E+10
     1896.00  0.822342E+10 0.515705E+10 0.237096E+10 0.907672E+10
     1906.00  0.849759E+10 0.419189E+10 0.327119E+10 0.817252E+10
     1916.00  0.855988E+10 0.327670E+10 0.425872E+10 0.715448E+10
     1926.00  0.830360E+10 0.244271E+10 0.533128E+10 0.603560E+10
     1936.00  0.733050E+10 0.172860E+10 0.659539E+10 0.475882E+10
     1946.00  0.126196E+10 0.140596E+10 0.107021E+11 0.201803E+10
     1956.00  0.134984E+11 0.445843E+09 0.648711E+10 0.416761E+10
     1966.00  0.104597E+11 0.175728E+09 0.783081E+10 0.272246E+10
     1976.00  0.925395E+10 0.208101E+08 0.859565E+10 0.178928E+10
     1986.00  0.831194E+10 0.182054E+08 0.911801E+10 0.107064E+10
     1996.00  0.742097E+10 0.170517E+09 0.944204E+10 0.536645E+09
     2006.00  0.653373E+10 0.471393E+09 0.957747E+10 0.185322E+09
     2016.00  0.564537E+10 0.908775E+09 0.952963E+10 0.168723E+08
     2026.00  0.476609E+10 0.146604E+10 0.930615E+10 0.279361E+08
     2036.00  0.391216E+10 0.212282E+10 0.891891E+10 0.210001E+09
     2046.00  0.310210E+10 0.285578E+10 0.838443E+10 0.549122E+09
     2056.00  0.235466E+10 0.363947E+10 0.772364E+10 0.102623E+10
     2066.00  0.168747E+10 0.444715E+10 0.696125E+10 0.161778E+10
     2076.00  0.111624E+10 0.525168E+10 0.612502E+10 0.229661E+10
     2086.00  0.653997E+09 0.602639E+10 0.524475E+10 0.303298E+10
     2096.00  0.310650E+09 0.674595E+10 0.435135E+10 0.379563E+10
     2106.00  0.926246E+08 0.738709E+10 0.347573E+10 0.455301E+10
     2116.00  0.265410E+07 0.792939E+10 0.264781E+10 0.527437E+10
     2126.00  0.396967E+08 0.835582E+10 0.189553E+10 0.593089E+10
     2136.00  0.198975E+09 0.865329E+10 0.124387E+10 0.649673E+10
     2146.00  0.472136E+09 0.881298E+10 0.714115E+09 0.694990E+10
     2156.00  0.847510E+09 0.883059E+10 0.323140E+09 0.727304E+10
     2166.00  0.131049E+10 0.870642E+10 0.828903E+08 0.745401E+10
     2176.00  0.184395E+10 0.844530E+10 0.341925E+05 0.748627E+10
     2186.00  0.242883E+10 0.805639E+10 0.757839E+08 0.736906E+10
     2196.00  0.304465E+10 0.755283E+10 0.305904E+09 0.710740E+10
     2206.00  0.367018E+10 0.695131E+10 0.680901E+09 0.671187E+10
     2216.00  0.428405E+10 0.627146E+10 0.118638E+10 0.619818E+10
     2226.00  0.486544E+10 0.553522E+10 0.180357E+10 0.558657E+10
     2236.00  0.539466E+10 0.476610E+10 0.250998E+10 0.490108E+10
     2246.00  0.585380E+10 0.398837E+10 0.328019E+10 0.416868E+10
     2256.00  0.622725E+10 0.322633E+10 0.408671E+10 0.341822E+10
     2266.00  0.650220E+10 0.250345E+10 0.490093E+10 0.267949E+10
     2276.00  0.666906E+10 0.184161E+10 0.569409E+10 0.198205E+10
     2286.00  0.672174E+10 0.126038E+10 0.643827E+10 0.135423E+10
     2296.00  0.665790E+10 0.776371E+09 0.710730E+10 0.822076E+09
     2306.00  0.647905E+10 0.402672E+09 0.767768E+10 0.408392E+09
     2316.00  0.619057E+10 0.148385E+09 0.812938E+10 0.131930E+09
     2326.00  0.580154E+10 0.183073E+08 0.844650E+10 0.666638E+07
     2336.00  0.532459E+10 0.127364E+08 0.861785E+10 0.412664E+08
     2346.00  0.477553E+10 0.127421E+09 0.863732E+10 0.238716E+09
     2356.00  0.417293E+10 0.353660E+09 0.850412E+10 0.596146E+09
     2366.00  0.353763E+10 0.678545E+09 0.822285E+10 0.110486E+10
     2376.00  0.289208E+10 0.108536E+10 0.780333E+10 0.175054E+10
     2386.00  0.225978E+10 0.155409E+10 0.726032E+10 0.251369E+10
     2396.00  0.166449E+10 0.206209E+10 0.661301E+10 0.337020E+10
     2406.00  0.112954E+10 0.258487E+10 0.588439E+10 0.429210E+10
     2416.00  0.677055E+09 0.309692E+10 0.510044E+10 0.524851E+10
     2426.00  0.327218E+09 0.357265E+10 0.428924E+10 0.620661E+10
     2436.00  0.975212E+08 0.398744E+10 0.347989E+10 0.713277E+10
     2446.00  0.208134E+07 0.431863E+10 0.270145E+10 0.799372E+10
     2456.00  0.509898E+08 0.454657E+10 0.198180E+10 0.875773E+10
     2466.00  0.249739E+09 0.465570E+10 0.134643E+10 0.939578E+10
     2476.00  0.598732E+09 0.463547E+10 0.817323E+09 0.988273E+10
     2486.00  0.109289E+10 0.448137E+10 0.411863E+09 0.101983E+11
     2496.00  0.172137E+10 0.419571E+10 0.141828E+09 0.103281E+11
     2506.00  0.246746E+10 0.378838E+10 0.125253E+08 0.102642E+11
     2516.00  0.330852E+10 0.327737E+10 0.221113E+08 0.100062E+11
     2526.00  0.421625E+10 0.268913E+10 0.161138E+09 0.956100E+10
     2536.00  0.515704E+10 0.205863E+10 0.412401E+09 0.894332E+10
     2546.00  0.609268E+10 0.142903E+10 0.751156E+09 0.817549E+10
     2556.00  0.698128E+10 0.850913E+09 0.114579E+10 0.728682E+10
     2566.00  0.777864E+10 0.380832E+09 0.155907E+10 0.631283E+10
     2576.00  0.844007E+10 0.791348E+08 0.195001E+10 0.529378E+10
     2586.00  0.892269E+10 0.677234E+07 0.227662E+10 0.427292E+10
     2596.00  0.918833E+10 0.220975E+09 0.249935E+10 0.329405E+10
     2606.00  0.920698E+10 0.769710E+09 0.258543E+10 0.239868E+10
     2616.00  0.896066E+10 0.168502E+10 0.251386E+10 0.162269E+10
     2626.00  0.844738E+10 0.297568E+10 0.228050E+10 0.992840E+09
     2636.00  0.768456E+10 0.462000E+10 0.190261E+10 0.523561E+09
     2646.00  0.671114E+10 0.656038E+10 0.142159E+10 0.214550E+09
     2656.00  0.558724E+10 0.870126E+10 0.902783E+09 0.500054E+08
     2666.00  0.439063E+10 0.109126E+11 0.430849E+09 0.175956E+06
     2676.00  0.320940E+10 0.130402E+11 0.100549E+09 0.255729E+08
     2686.00  0.213160E+10 0.149221E+11 0.350347E+07 0.835517E+08
     2696.00  0.123341E+10 0.164096E+11 0.213272E+09 0.136135E+09
     2706.00  0.568443E+09 0.173875E+11 0.772108E+09 0.157311E+09
     2716.00  0.160882E+09 0.177902E+11 0.168274E+10 0.137953E+09
     2726.00  0.391064E+07 0.176083E+11 0.290734E+10 0.871043E+08
     2736.00  0.637315E+08 0.168861E+11 0.437357E+10 0.294681E+08
     2746.00  0.287584E+09 0.157099E+11 0.598594E+10 0.429429E+05
     2756.00  0.613524E+09 0.141929E+11 0.763920E+10 0.374628E+08
     2766.00  0.979700E+09 0.124581E+11 0.923094E+10 0.177634E+09
     2776.00  0.133158E+10 0.106247E+11 0.106714E+11 0.448789E+09
     2786.00  0.162650E+10 0.879740E+10 0.118894E+11 0.868457E+09
     2796.00  0.183560E+10 0.706104E+10 0.128354E+11 0.144231E+10
     2806.00  0.194374E+10 0.547819E+10 0.134809E+11 0.216450E+10
     2816.00  0.194807E+10 0.408986E+10 0.138171E+11 0.301910E+10
     2826.00  0.185586E+10 0.291773E+10 0.138513E+11 0.398202E+10
     2836.00  0.168199E+10 0.196728E+10 0.136042E+11 0.502326E+10
     2846.00  0.144660E+10 0.123124E+10 0.131063E+11 0.610911E+10
     2856.00  0.117286E+10 0.692846E+09 0.123946E+11 0.720422E+10
     2866.00  0.885124E+09 0.328880E+09 0.115103E+11 0.827339E+10
     2876.00  0.607331E+09 0.112229E+09 0.104964E+11 0.928312E+10
     2886.00  0.361816E+09 0.140582E+08 0.939554E+10 0.102029E+11
     2896.00  0.168348E+09 0.556739E+07 0.824863E+10 0.110062E+11
     2906.00  0.434601E+08 0.593743E+08 0.709359E+10 0.116710E+11
     2916.00  0.174928E+04 0.150566E+09 0.596437E+10 0.121807E+11
     2926.00  0.468911E+08 0.257460E+09 0.489031E+10 0.125239E+11
     2936.00  0.189039E+09 0.362106E+09 0.389570E+10 0.126948E+11
     2946.00  0.427420E+09 0.450573E+09 0.299950E+10 0.126930E+11
     2956.00  0.759271E+09 0.513038E+09 0.221537E+10 0.125229E+11
     2966.00  0.117839E+10 0.543716E+09 0.155172E+10 0.121938E+11
     2976.00  0.167552E+10 0.540647E+09 0.101204E+10 0.117189E+11
     2986.00  0.223880E+10 0.505371E+09 0.595259E+09 0.111149E+11
     2996.00  0.285429E+10 0.442503E+09 0.296234E+09 0.104013E+11
     3006.00  0.350646E+10 0.359247E+09 0.106340E+09 0.959956E+10
     3016.00  0.417878E+10 0.264850E+09 0.140942E+08 0.873235E+10
     3026.00  0.485422E+10 0.170034E+09 0.582247E+07 0.782290E+10
     3036.00  0.551583E+10 0.864107E+08 0.663441E+08 0.689419E+10
     3046.00  0.614721E+10 0.259083E+08 0.179646E+09 0.596831E+10
     3056.00  0.673298E+10 0.223008E+06 0.329535E+09 0.506585E+10
     3066.00  0.725919E+10 0.203078E+08 0.500243E+09 0.420540E+10
     3076.00  0.771366E+10 0.959153E+08 0.676978E+09 0.340308E+10
     3086.00  0.808630E+10 0.235204E+09 0.846399E+09 0.267224E+10
     3096.00  0.836926E+10 0.444419E+09 0.997016E+09 0.202322E+10
     3106.00  0.855714E+10 0.727646E+09 0.111949E+10 0.146326E+10
     3116.00  0.864699E+10 0.108665E+10 0.120686E+10 0.996418E+09
     3126.00  0.863836E+10 0.152081E+10 0.125465E+10 0.623739E+09
     3136.00  0.853319E+10 0.202711E+10 0.126089E+10 0.343372E+09
     3146.00  0.833570E+10 0.260020E+10 0.122606E+10 0.150846E+09
     3156.00  0.805218E+10 0.323261E+10 0.115297E+10 0.393894E+08
     3166.00  0.769074E+10 0.391492E+10 0.104649E+10 0.309302E+06
     3176.00  0.726104E+10 0.463601E+10 0.913314E+09 0.234053E+08
     3186.00  0.677401E+10 0.538347E+10 0.761618E+09 0.974100E+08
     3196.00  0.624147E+10 0.614384E+10 0.600690E+09 0.210437E+09
     3206.00  0.567578E+10 0.690308E+10 0.440540E+09 0.350422E+09
     3216.00  0.508957E+10 0.764688E+10 0.291507E+09 0.505545E+09
     3226.00  0.449535E+10 0.836109E+10 0.163858E+09 0.664622E+09
     3236.00  0.390518E+10 0.903205E+10 0.674120E+08 0.817446E+09
     3246.00  0.333045E+10 0.964699E+10 0.111852E+08 0.955085E+09
     3256.00  0.278155E+10 0.101943E+11 0.307906E+07 0.107012E+10
     3266.00  0.226770E+10 0.106637E+11 0.496103E+08 0.115680E+10
     3276.00  0.179674E+10 0.110469E+11 0.155695E+09 0.121119E+10
     3286.00  0.137502E+10 0.113370E+11 0.324489E+09 0.123117E+10
     3296.00  0.100731E+10 0.115295E+11 0.557290E+09 0.121642E+10
     3306.00  0.696731E+09 0.116218E+11 0.853496E+09 0.116838E+10
     3316.00  0.444806E+09 0.116132E+11 0.121063E+10 0.109006E+10
     3326.00  0.251472E+09 0.115052E+11 0.162440E+10 0.985897E+09
     3336.00  0.115182E+09 0.113013E+11 0.208886E+10 0.861531E+09
     3346.00  0.330224E+08 0.110065E+11 0.259655E+10 0.723539E+09
     3356.00  0.868275E+06 0.106279E+11 0.313875E+10 0.579178E+09
     3366.00  0.135595E+08 0.101735E+11 0.370566E+10 0.436102E+09
     3376.00  0.650975E+08 0.965281E+10 0.428676E+10 0.302074E+09
     3386.00  0.148855E+09 0.907623E+10 0.487100E+10 0.184696E+09
     3396.00  0.257790E+09 0.845476E+10 0.544718E+10 0.911460E+08
     3406.00  0.384665E+09 0.779983E+10 0.600416E+10 0.279363E+08
     3416.00  0.522256E+09 0.712298E+10 0.653120E+10 0.708007E+06
     3426.00  0.663557E+09 0.643562E+10 0.701817E+10 0.140532E+08
     3436.00  0.801962E+09 0.574878E+10 0.745583E+10 0.713774E+08
     3446.00  0.931435E+09 0.507288E+10 0.783602E+10 0.174801E+09
     3456.00  0.104665E+10 0.441752E+10 0.815185E+10 0.325105E+09
     3466.00  0.114313E+10 0.379133E+10 0.839779E+10 0.521713E+09
     3476.00  0.121729E+10 0.320183E+10 0.856983E+10 0.762718E+09
     3486.00  0.126657E+10 0.265531E+10 0.866551E+10 0.104495E+10
     3496.00  0.128941E+10 0.215674E+10 0.868394E+10 0.136406E+10
     3506.00  0.128530E+10 0.170980E+10 0.862577E+10 0.171466E+10
     3516.00  0.125472E+10 0.131681E+10 0.849317E+10 0.209048E+10
     3526.00  0.119913E+10 0.978764E+09 0.828968E+10 0.248454E+10
     3536.00  0.112088E+10 0.695442E+09 0.802014E+10 0.288932E+10
     3546.00  0.102314E+10 0.465444E+09 0.769052E+10 0.329698E+10
     3556.00  0.909761E+09 0.286314E+09 0.730777E+10 0.369955E+10
     3566.00  0.785199E+09 0.154672E+09 0.687961E+10 0.408916E+10
     3576.00  0.654343E+09 0.663549E+08 0.641434E+10 0.445817E+10
     3586.00  0.522395E+09 0.165691E+08 0.592066E+10 0.479942E+10
     3596.00  0.394727E+09 0.535009E+05 0.540745E+10 0.510633E+10
     3606.00  0.276738E+09 0.112427E+08 0.488358E+10 0.537311E+10
     3616.00  0.173712E+09 0.444295E+08 0.435771E+10 0.559482E+10
     3626.00  0.906918E+08 0.939216E+08 0.383813E+10 0.576751E+10
     3636.00  0.323490E+08 0.154190E+09 0.333258E+10 0.588827E+10
     3646.00  0.287716E+07 0.220004E+09 0.284813E+10 0.595527E+10
     3656.00  0.589272E+07 0.286556E+09 0.239106E+10 0.596780E+10
     3666.00  0.443526E+08 0.349564E+09 0.196674E+10 0.592624E+10
     3676.00  0.120489E+09 0.405356E+09 0.157958E+10 0.583201E+10
     3686.00  0.235762E+09 0.450945E+09 0.123299E+10 0.568756E+10
     3696.00  0.390828E+09 0.484066E+09 0.929336E+09 0.549623E+10
     3706.00  0.585529E+09 0.503213E+09 0.669964E+09 0.526221E+10
     3716.00  0.818902E+09 0.507636E+09 0.455215E+09 0.499037E+10
     3726.00  0.108919E+10 0.497336E+09 0.284475E+09 0.468618E+10
     3736.00  0.139390E+10 0.473033E+09 0.156240E+09 0.435557E+10
     3746.00  0.172984E+10 0.436115E+09 0.682037E+08 0.400476E+10
     3756.00  0.209319E+10 0.388584E+09 0.173482E+08 0.364015E+10
     3766.00  0.247958E+10 0.332973E+09 0.576005E+05 0.326817E+10
     3776.00  0.288417E+10 0.272268E+09 0.122322E+08 0.289514E+10
     3786.00  0.330176E+10 0.209815E+09 0.494113E+08 0.252715E+10
     3796.00  0.372688E+10 0.149217E+09 0.106897E+09 0.216995E+10
     3806.00  0.415388E+10 0.942356E+08 0.179878E+09 0.182882E+10
     3816.00  0.457704E+10 0.486896E+08 0.263550E+09 0.150852E+10
     3826.00  0.499069E+10 0.163519E+08 0.353231E+09 0.121315E+10
     3836.00  0.538928E+10 0.852907E+06 0.444465E+09 0.946164E+09
     3846.00  0.576751E+10 0.558886E+07 0.533122E+09 0.710276E+09
     3856.00  0.612035E+10 0.336374E+08 0.615481E+09 0.507453E+09
     3866.00  0.644321E+10 0.876821E+08 0.688302E+09 0.338902E+09
     3876.00  0.673194E+10 0.169947E+09 0.748883E+09 0.205083E+09
     3886.00  0.698292E+10 0.282144E+09 0.795104E+09 0.105728E+09
     3896.00  0.719309E+10 0.425428E+09 0.825455E+09 0.398813E+08
     3906.00  0.736004E+10 0.600372E+09 0.839051E+09 0.594861E+07
     3916.00  0.748195E+10 0.806944E+09 0.835625E+09 0.176084E+07
     3926.00  0.755770E+10 0.104451E+10 0.815521E+09 0.246453E+08
     3936.00  0.758680E+10 0.131184E+10 0.779658E+09 0.715053E+08
     3946.00  0.756941E+10 0.160711E+10 0.729496E+09 0.138905E+09
     3956.00  0.750635E+10 0.192798E+10 0.666980E+09 0.223158E+09
     3966.00  0.739901E+10 0.227159E+10 0.594486E+09 0.320418E+09
     3976.00  0.724936E+10 0.263461E+10 0.514748E+09 0.426768E+09
     3986.00  0.705990E+10 0.301334E+10 0.430788E+09 0.538311E+09
     3996.00  0.683359E+10 0.340374E+10 0.345839E+09 0.651249E+09
     4006.00  0.657381E+10 0.380148E+10 0.263264E+09 0.761964E+09
     4016.00  0.628425E+10 0.420209E+10 0.186476E+09 0.867093E+09
     4026.00  0.596894E+10 0.460094E+10 0.118861E+09 0.963585E+09
     4036.00  0.563207E+10 0.499339E+10 0.636983E+08 0.104876E+10
     4046.00  0.527800E+10 0.537484E+10 0.240887E+08 0.112035E+10
     4056.00  0.491115E+10 0.574077E+10 0.288858E+07 0.117654E+10
     4066.00  0.453595E+10 0.608687E+10 0.264813E+07 0.121599E+10
     4076.00  0.415675E+10 0.640908E+10 0.255579E+08 0.123784E+10
     4086.00  0.377780E+10 0.670362E+10 0.734039E+08 0.124173E+10
     4096.00  0.340315E+10 0.696710E+10 0.147531E+09 0.122777E+10
     4106.00  0.303662E+10 0.719653E+10 0.248817E+09 0.119654E+10
     4116.00  0.268175E+10 0.738936E+10 0.377652E+09 0.114906E+10
     4126.00  0.234173E+10 0.754353E+10 0.533937E+09 0.108677E+10
     4136.00  0.201944E+10 0.765748E+10 0.717076E+09 0.101145E+10
     4146.00  0.171732E+10 0.773018E+10 0.925995E+09 0.925221E+09
     4156.00  0.143743E+10 0.776111E+10 0.115916E+10 0.830461E+09
     4166.00  0.118141E+10 0.775027E+10 0.141459E+10 0.729759E+09
     4176.00  0.950476E+09 0.769819E+10 0.168992E+10 0.625860E+09
     4186.00  0.745406E+09 0.760589E+10 0.198242E+10 0.521601E+09
     4196.00  0.566570E+09 0.747484E+10 0.228904E+10 0.419852E+09
     4206.00  0.413932E+09 0.730696E+10 0.260648E+10 0.323459E+09
     4216.00  0.287072E+09 0.710460E+10 0.293122E+10 0.235186E+09
     4226.00  0.185214E+09 0.687043E+10 0.325960E+10 0.157660E+09
     4236.00  0.107248E+09 0.660744E+10 0.358787E+10 0.933241E+08
     4246.00  0.517741E+08 0.631891E+10 0.391223E+10 0.443888E+08
     4256.00  0.171289E+08 0.600830E+10 0.422895E+10 0.127941E+08
     4266.00  0.143217E+07 0.567926E+10 0.453433E+10 0.174917E+06
     4276.00  0.262544E+07 0.533551E+10 0.482484E+10 0.783321E+07
     4286.00  0.185151E+08 0.498085E+10 0.509714E+10 0.367171E+08
     4296.00  0.468153E+08 0.461907E+10 0.534811E+10 0.874065E+08
     4306.00  0.851909E+08 0.425390E+10 0.557494E+10 0.160106E+09
     4316.00  0.131299E+09 0.388896E+10 0.577510E+10 0.254642E+09
     4326.00  0.182830E+09 0.352775E+10 0.594643E+10 0.370474E+09
     4336.00  0.237546E+09 0.317356E+10 0.608714E+10 0.506700E+09
     4346.00  0.293314E+09 0.282945E+10 0.619583E+10 0.662079E+09
     4356.00  0.348142E+09 0.249822E+10 0.627151E+10 0.835053E+09
     4366.00  0.400207E+09 0.218241E+10 0.631360E+10 0.102377E+10
     4376.00  0.447879E+09 0.188420E+10 0.632195E+10 0.122614E+10
     4386.00  0.489744E+09 0.160549E+10 0.629677E+10 0.143983E+10
     4396.00  0.524621E+09 0.134781E+10 0.623873E+10 0.166234E+10
     4406.00  0.551574E+09 0.111235E+10 0.614882E+10 0.189102E+10
     4416.00  0.569921E+09 0.899944E+09 0.602843E+10 0.212313E+10
     4426.00  0.579240E+09 0.711094E+09 0.587925E+10 0.235587E+10
     4436.00  0.579364E+09 0.545959E+09 0.570329E+10 0.258643E+10
     4446.00  0.570382E+09 0.404371E+09 0.550280E+10 0.281204E+10
     4456.00  0.552628E+09 0.285860E+09 0.528028E+10 0.302998E+10
     4466.00  0.526670E+09 0.189668E+09 0.503841E+10 0.323765E+10
     4476.00  0.493294E+09 0.114777E+09 0.478002E+10 0.343260E+10
     4486.00  0.453485E+09 0.599347E+08 0.450804E+10 0.361257E+10
     4511.00  0.333854E+09 0.570904E+06 0.378836E+10 0.398391E+10
     4536.00  0.203691E+09 0.301407E+08 0.304925E+10 0.422384E+10
     4561.00  0.884579E+08 0.118347E+09 0.233454E+10 0.431777E+10
     4586.00  0.144002E+08 0.234608E+09 0.168203E+10 0.426261E+10
     4611.00  0.587705E+07 0.351001E+09 0.112098E+10 0.406651E+10
     4636.00  0.829676E+08 0.444694E+09 0.670626E+09 0.374750E+10
     4661.00  0.259543E+09 0.499710E+09 0.339569E+09 0.333145E+10
     4686.00  0.541941E+09 0.507912E+09 0.126211E+09 0.284952E+10
     4711.00  0.928308E+09 0.469200E+09 0.199471E+08 0.233527E+10
     4736.00  0.140864E+10 0.390962E+09 0.303624E+07 0.182183E+10
     4761.00  0.196548E+10 0.286877E+09 0.529066E+08 0.133939E+10
     4786.00  0.257514E+10 0.175230E+09 0.144666E+09 0.912953E+09
     4811.00  0.320943E+10 0.769096E+08 0.253591E+09 0.560903E+09
     4836.00  0.383759E+10 0.132761E+08 0.357382E+09 0.294074E+09
     4861.00  0.442842E+10 0.409059E+07 0.438020E+09 0.115605E+09
     4886.00  0.495235E+10 0.656649E+08 0.483107E+09 0.214103E+08
     4911.00  0.538330E+10 0.209371E+09 0.486598E+09 0.121540E+07
     4936.00  0.570029E+10 0.440605E+09 0.448940E+09 0.400134E+08
     4961.00  0.588862E+10 0.758268E+09 0.376631E+09 0.119798E+09
     4986.00  0.594057E+10 0.115476E+10 0.281281E+09 0.221403E+09
     5011.00  0.585572E+10 0.161649E+10 0.178288E+09 0.326291E+09
     5036.00  0.564063E+10 0.212479E+10 0.852618E+08 0.418154E+09
     5061.00  0.530829E+10 0.265720E+10 0.203377E+08 0.484200E+09
     5086.00  0.487702E+10 0.318900E+10 0.513577E+06 0.516067E+09
     5111.00  0.436922E+10 0.369481E+10 0.401480E+08 0.510288E+09
     5136.00  0.380991E+10 0.415019E+10 0.149719E+09 0.468336E+09
     5161.00  0.322516E+10 0.453320E+10 0.334927E+09 0.396241E+09
     5186.00  0.264058E+10 0.482569E+10 0.596187E+09 0.303863E+09
     5211.00  0.207994E+10 0.501426E+10 0.928532E+09 0.203888E+09
     5236.00  0.156395E+10 0.509100E+10 0.132191E+10 0.110641E+09
     5261.00  0.110935E+10 0.505375E+10 0.176184E+10 0.388219E+08
     5286.00  0.728207E+09 0.490607E+10 0.223034E+10 0.225754E+07
     5311.00  0.427639E+09 0.465682E+10 0.270711E+10 0.127695E+08
     5336.00  0.209777E+09 0.431950E+10 0.317077E+10 0.792286E+08
     5361.00  0.720476E+08 0.391127E+10 0.360022E+10 0.206856E+09
     5386.00  0.771290E+07 0.345190E+10 0.397586E+10 0.396811E+09
     5411.00  0.661060E+07 0.296254E+10 0.428072E+10 0.646075E+09
     5436.00  0.560494E+08 0.246451E+10 0.450138E+10 0.947632E+09
     5461.00  0.141788E+09 0.197818E+10 0.462866E+10 0.129091E+10
     5511.00  0.363409E+09 0.111115E+10 0.458959E+10 0.204678E+10
     5561.00  0.563188E+09 0.470439E+09 0.418264E+10 0.278721E+10
     5611.00  0.663756E+09 0.104580E+09 0.349165E+10 0.338374E+10
     5661.00  0.633334E+09 0.175557E+06 0.264301E+10 0.373447E+10
     5711.00  0.488066E+09 0.938916E+08 0.177657E+10 0.378481E+10
     5761.00  0.282985E+09 0.293609E+09 0.101696E+10 0.353613E+10
     5811.00  0.948850E+08 0.503029E+09 0.451148E+09 0.304169E+10
     5861.00  0.171886E+07 0.644019E+09 0.116652E+09 0.239202E+10
     5911.00  0.632978E+08 0.672197E+09 0.127192E+07 0.169405E+10
     5961.00  0.307275E+09 0.583260E+09 0.531675E+08 0.104910E+10
     6011.00  0.722865E+09 0.409776E+09 0.197793E+09 0.534525E+09
     6061.00  0.126294E+10 0.210189E+09 0.357330E+09 0.192318E+09
     6111.00  0.185341E+10 0.531518E+08 0.468284E+09 0.262725E+08
     6161.00  0.240753E+10 0.898358E+06 0.493822E+09 0.711605E+07
     6211.00  0.284195E+10 0.951384E+08 0.428956E+09 0.836331E+08
     6261.00  0.309155E+10 0.348084E+09 0.298316E+09 0.196759E+09
     6311.00  0.312018E+10 0.739950E+09 0.147796E+09 0.293427E+09
     6361.00  0.292603E+10 0.122290E+10 0.323931E+08 0.337405E+09
     6411.00  0.254072E+10 0.173020E+10 0.306108E+07 0.315307E+09
     6461.00  0.202302E+10 0.218848E+10 0.952635E+08 0.237124E+09
     6511.00  0.144846E+10 0.253066E+10 0.321317E+09 0.131775E+09
     6561.00  0.896961E+09 0.270725E+10 0.667686E+09 0.390651E+08
     6611.00  0.440550E+09 0.269403E+10 0.109735E+10 0.215076E+03
     6661.00  0.133152E+09 0.249525E+10 0.155647E+10 0.474711E+08
     6711.00  0.386046E+07 0.214194E+10 0.198379E+10 0.199074E+09
     6761.00  0.544298E+08 0.168613E+10 0.232100E+10 0.453246E+09
     6811.00  0.261006E+09 0.119208E+10 0.252221E+10 0.789184E+09
     6861.00  0.579472E+09 0.726148E+09 0.256090E+10 0.117031E+10
     6911.00  0.953291E+09 0.347077E+09 0.243357E+10 0.155040E+10
     6961.00  0.132248E+10 0.979675E+08 0.215950E+10 0.188120E+10
     7011.00  0.163232E+10 0.116004E+07 0.177710E+10 0.212013E+10
     7061.00  0.184054E+10 0.564799E+08 0.133756E+10 0.223671E+10
     7111.00  0.192214E+10 0.242838E+09 0.897005E+09 0.221693E+10
     7161.00  0.187139E+10 0.522674E+09 0.508417E+09 0.206486E+10
     7211.00  0.170091E+10 0.848365E+09 0.214541E+09 0.180147E+10
     7261.00  0.143840E+10 0.116952E+10 0.427193E+08 0.146105E+10
     7311.00  0.112147E+10 0.144006E+10 0.225021E+07 0.108594E+10
     7361.00  0.791708E+09 0.162411E+10 0.844390E+08 0.720359E+09
     7411.00  0.488633E+09 0.170002E+10 0.265107E+09 0.404494E+09
     7511.00  0.807850E+08 0.152005E+10 0.775382E+09 0.336328E+08
     7611.00  0.150430E+08 0.102258E+10 0.121949E+10 0.644918E+08
     7711.00  0.215637E+09 0.463914E+09 0.136474E+10 0.385472E+09
     7811.00  0.484170E+09 0.875686E+08 0.115999E+10 0.766980E+09
     7911.00  0.621635E+09 0.769612E+07 0.731658E+09 0.990165E+09
     8011.00  0.535894E+09 0.174127E+09 0.294738E+09 0.949823E+09
     8111.00  0.285606E+09 0.422901E+09 0.353188E+08 0.686278E+09
     8211.00  0.478600E+08 0.575481E+09 0.253521E+08 0.342841E+09
     8311.00  0.324706E+08 0.533259E+09 0.204769E+09 0.811573E+08
     8411.00  0.385674E+09 0.324333E+09 0.429262E+09 0.906929E+06
     8511.00  0.112464E+10 0.870032E+08 0.552357E+09 0.100588E+09
     8611.00  0.212628E+10 0.405923E+07 0.499766E+09 0.291440E+09
     8711.00  0.316942E+10 0.220784E+09 0.303560E+09 0.450761E+09
     8811.00  0.400947E+10 0.781942E+09 0.854984E+08 0.485420E+09
     8911.00  0.445567E+10 0.161092E+10 0.175587E+07 0.376084E+09
     9011.00  0.442406E+10 0.253497E+10 0.175529E+09 0.184998E+09
     9111.00  0.395190E+10 0.334294E+10 0.645545E+09 0.276292E+08
     9211.00  0.317393E+10 0.385185E+10 0.134888E+10 0.232280E+08
     9311.00  0.227322E+10 0.395897E+10 0.214137E+10 0.245845E+09
     9411.00  0.142573E+10 0.366414E+10 0.284478E+10 0.694572E+09
     9511.00  0.756083E+09 0.305910E+10 0.330202E+10 0.129233E+10
     9611.00  0.316007E+09 0.229174E+10 0.342117E+10 0.191111E+10
     9711.00  0.879880E+08 0.151963E+10 0.319568E+10 0.241243E+10
     9811.00  0.861824E+07 0.868357E+09 0.269738E+10 0.268825E+10
     9911.00  0.125365E+07 0.406058E+09 0.204820E+10 0.268904E+10
    10011.00  0.654020E+07 0.138867E+09 0.138184E+10 0.243190E+10
    10111.00  0.184662E+07 0.249872E+08 0.808409E+09 0.198882E+10
    10211.00  0.528322E+07 0.704019E+05 0.391453E+09 0.146116E+10
    10311.00  0.650997E+08 0.452578E+07 0.142211E+09 0.949952E+09
    10411.00  0.239352E+09 0.432757E+07 0.296219E+08 0.531036E+09
    10511.00  0.572872E+09 0.104585E+06 0.619655E+06 0.241458E+09
    10611.00  0.107851E+10 0.233958E+08 0.307357E+07 0.789959E+08
    10711.00  0.172772E+10 0.122731E+09 0.424748E+07 0.127679E+08
    10811.00  0.245256E+10 0.344678E+09 0.340920E+05 0.261262E+04
    10911.00  0.315807E+10 0.715758E+09 0.135181E+08 0.314644E+07
    11011.00  0.374144E+10 0.123025E+10 0.845939E+08 0.234234E+07
    11111.00  0.411312E+10 0.184685E+10 0.254591E+09 0.363672E+06
    11211.00  0.421480E+10 0.249466E+10 0.550724E+09 0.195870E+08
    11311.00  0.403056E+10 0.308657E+10 0.974685E+09 0.927989E+08
    11411.00  0.358911E+10 0.353651E+10 0.149818E+10 0.251048E+09
    11511.00  0.295729E+10 0.377655E+10 0.206622E+10 0.512146E+09
    11611.00  0.222678E+10 0.376997E+10 0.260694E+10 0.872872E+09
    11711.00  0.149707E+10 0.351777E+10 0.304542E+10 0.130669E+10
    11811.00  0.858467E+09 0.305777E+10 0.331815E+10 0.176728E+10
    11911.00  0.378104E+09 0.245679E+10 0.338500E+10 0.219684E+10
    12011.00  0.914319E+08 0.179803E+10 0.323635E+10 0.253688E+10
    12111.00  0.403153E+04 0.116649E+10 0.289422E+10 0.273930E+10
    12211.00  0.753205E+08 0.635084E+09 0.240751E+10 0.277514E+10
    12311.00  0.267294E+09 0.254169E+09 0.184282E+10 0.263954E+10
    12411.00  0.515291E+09 0.458716E+08 0.127277E+10 0.235205E+10
    12511.00  0.759487E+09 0.376172E+07 0.764133E+09 0.195266E+10
    12611.00  0.950554E+09 0.973422E+08 0.368029E+09 0.149442E+10
    12711.00  0.105622E+10 0.279999E+09 0.113570E+09 0.103444E+10
    12811.00  0.106406E+10 0.498629E+09 0.578221E+07 0.624820E+09
    12911.00  0.980493E+09 0.703083E+09 0.276639E+08 0.305170E+09
    13011.00  0.826841E+09 0.853847E+09 0.145579E+09 0.978806E+08
    13111.00  0.633363E+09 0.926902E+09 0.316690E+09 0.660046E+07
    13211.00  0.432686E+09 0.915320E+09 0.496940E+09 0.178959E+08
    13311.00  0.253767E+09 0.827800E+09 0.648191E+09 0.105448E+09
    13411.00  0.117349E+09 0.684813E+09 0.743456E+09 0.235809E+09
    13511.00  0.334513E+08 0.513324E+09 0.769587E+09 0.374567E+09
    13611.00  0.108654E+07 0.341205E+09 0.727347E+09 0.491880E+09
    13711.00  0.995910E+07 0.192282E+09 0.629178E+09 0.566522E+09
    13811.00  0.436506E+08 0.827692E+08 0.495363E+09 0.587989E+09
    13911.00  0.836125E+08 0.194989E+08 0.349420E+09 0.556585E+09
    14011.00  0.113239E+09 0.309303E+04 0.213599E+09 0.481727E+09
    14111.00  0.121364E+09 0.142199E+08 0.105201E+09 0.379005E+09
    14211.00  0.104663E+09 0.473587E+08 0.342379E+08 0.266633E+09
    14311.00  0.686774E+08 0.833434E+08 0.263412E+07 0.161956E+09
    14411.00  0.273626E+08 0.108229E+09 0.493269E+07 0.785769E+08
    14511.00  0.130646E+07 0.113065E+09 0.302179E+08 0.244865E+08
    14611.00  0.149207E+08 0.957944E+08 0.648167E+08 0.138270E+07
    14711.00  0.930258E+08 0.619858E+08 0.952731E+08 0.515230E+07
    14811.00  0.257302E+09 0.243373E+08 0.111101E+09 0.273094E+08
    14911.00  0.523069E+09 0.109008E+07 0.106910E+09 0.570627E+08
    15011.00  0.896784E+09 0.136119E+08 0.836166E+08 0.836247E+08
    15111.00  0.137455E+10 0.834962E+08 0.486362E+08 0.983821E+08
    15211.00  0.194176E+10 0.229565E+09 0.150610E+08 0.966042E+08
    15311.00  0.257395E+10 0.465151E+09 0.298828E+04 0.784688E+08
    15411.00  0.323865E+10 0.795977E+09 0.223486E+08 0.492951E+08
    15511.00  0.389808E+10 0.121887E+10 0.100240E+09 0.189989E+08
    15611.00  0.451238E+10 0.172143E+10 0.248604E+09 0.880436E+06
    15711.00  0.504297E+10 0.228269E+10 0.477026E+09 0.993258E+07
    15811.00  0.545576E+10 0.287467E+10 0.788204E+09 0.609030E+08
    15911.00  0.572400E+10 0.346459E+10 0.117713E+10 0.166353E+09
    16011.00  0.583030E+10 0.401761E+10 0.163111E+10 0.334941E+09
    16111.00  0.576789E+10 0.449971E+10 0.213051E+10 0.570114E+09
    16211.00  0.554101E+10 0.488055E+10 0.265024E+10 0.869355E+09
    16311.00  0.516431E+10 0.513584E+10 0.316174E+10 0.122403E+10
    16411.00  0.466157E+10 0.524926E+10 0.363526E+10 0.161983E+10
    16511.00  0.406379E+10 0.521367E+10 0.404230E+10 0.203784E+10
    16611.00  0.340675E+10 0.503147E+10 0.435782E+10 0.245594E+10
    16711.00  0.272851E+10 0.471428E+10 0.456220E+10 0.285057E+10
    16811.00  0.206682E+10 0.428186E+10 0.464274E+10 0.319859E+10
    16911.00  0.145675E+10 0.376055E+10 0.459448E+10 0.347911E+10
    17011.00  0.928617E+09 0.318119E+10 0.442052E+10 0.367506E+10
    17111.00  0.506457E+09 0.257699E+10 0.413161E+10 0.377450E+10
    17211.00  0.206946E+09 0.198123E+10 0.374525E+10 0.377143E+10
    17311.00  0.389055E+08 0.142519E+10 0.328433E+10 0.366612E+10
    17411.00  0.332612E+07 0.936310E+09 0.277545E+10 0.346505E+10
    17511.00  0.938670E+08 0.536789E+09 0.224704E+10 0.318032E+10
    17611.00  0.297753E+09 0.242581E+09 0.172750E+10 0.282864E+10
    17711.00  0.596972E+09 0.628921E+08 0.124349E+10 0.243017E+10
    17811.00  0.969674E+09 0.117613E+06 0.818314E+09 0.200710E+10
    17911.00  0.139165E+10 0.502045E+08 0.470798E+09 0.158211E+10
    18011.00  0.183785E+10 0.203355E+09 0.214432E+09 0.117703E+10
    18111.00  0.228371E+10 0.445002E+09 0.569425E+08 0.811529E+09
    18211.00  0.270649E+10 0.756965E+09 0.254482E+06 0.502057E+09
    18311.00  0.308619E+10 0.111870E+10 0.408025E+08 0.261108E+09
    18411.00  0.340640E+10 0.150856E+10 0.170138E+09 0.967396E+08
    18511.00  0.365479E+10 0.190501E+10 0.375767E+09 0.124305E+08
    18611.00  0.382333E+10 0.228772E+10 0.642139E+09 0.721843E+07
    18711.00  0.390833E+10 0.263844E+10 0.951717E+09 0.760890E+08
    18811.00  0.391018E+10 0.294181E+10 0.128605E+10 0.210563E+09
    18911.00  0.383295E+10 0.318578E+10 0.162680E+10 0.399422E+09
    19011.00  0.368388E+10 0.336198E+10 0.195664E+10 0.629521E+09
    19111.00  0.347264E+10 0.346575E+10 0.226006E+10 0.886621E+09
    19311.00  0.291064E+10 0.345515E+10 0.273792E+10 0.142418E+10
    19511.00  0.224756E+10 0.318302E+10 0.299038E+10 0.190520E+10
    19711.00  0.158086E+10 0.271623E+10 0.299606E+10 0.224791E+10
    19911.00  0.989519E+09 0.214092E+10 0.277733E+10 0.240606E+10
    20111.00  0.525371E+09 0.154428E+10 0.238860E+10 0.237090E+10
    20311.00  0.211086E+09 0.999935E+09 0.190128E+10 0.216609E+10
    20511.00  0.435230E+08 0.559039E+09 0.138891E+10 0.183787E+10
    20711.00  0.386910E+06 0.247239E+09 0.914904E+09 0.144330E+10
    20911.00  0.482142E+08 0.667088E+08 0.524708E+09 0.103905E+10
    21111.00  0.149984E+09 0.149095E+07 0.242663E+09 0.672535E+09
    21311.00  0.271251E+09 0.243226E+08 0.730641E+08 0.376522E+09
    21511.00  0.384271E+09 0.103365E+09 0.420566E+07 0.167260E+09
    21711.00  0.470060E+09 0.207782E+09 0.139558E+08 0.457559E+08
    21911.00  0.518680E+09 0.311658E+09 0.755157E+08 0.120009E+07
    22111.00  0.528182E+09 0.396174E+09 0.162361E+09 0.154191E+08
    22311.00  0.502741E+09 0.450252E+09 0.251808E+09 0.673108E+08
    22511.00  0.450445E+09 0.470012E+09 0.327059E+09 0.136517E+09
    22711.00  0.381130E+09 0.457416E+09 0.377854E+09 0.205966E+09
    22911.00  0.304580E+09 0.418505E+09 0.400073E+09 0.263242E+09
    23111.00  0.229205E+09 0.361514E+09 0.394624E+09 0.300951E+09
    23311.00  0.161296E+09 0.295187E+09 0.365983E+09 0.316328E+09
    23511.00  0.104772E+09 0.227448E+09 0.320675E+09 0.310363E+09
    23711.00  0.613334E+08 0.164542E+09 0.265885E+09 0.286683E+09
    23911.00  0.308673E+08 0.110654E+09 0.208359E+09 0.250401E+09
    24111.00  0.119753E+08 0.679275E+08 0.153644E+09 0.207076E+09
    24311.00  0.250351E+07 0.367717E+08 0.105694E+09 0.161900E+09
    24511.00  0.314339E+04 0.163068E+08 0.667797E+08 0.119126E+09
    24711.00  0.208246E+07 0.484892E+07 0.376556E+08 0.817739E+08
    24911.00  0.664154E+07 0.336373E+06 0.178764E+08 0.515582E+08
    25111.00  0.120021E+08 0.663359E+06 0.618353E+07 0.290149E+08
    25311.00  0.169529E+08 0.390728E+07 0.882115E+06 0.137502E+08
    25511.00  0.207346E+08 0.846307E+07 0.159135E+06 0.474883E+07
    25711.00  0.229825E+08 0.131044E+08 0.231654E+07 0.675548E+06
    25911.00  0.236470E+08 0.169923E+08 0.591576E+07 0.123689E+06
    26111.00  0.229026E+08 0.196466E+08 0.984533E+07 0.179004E+07
    26311.00  0.210587E+08 0.208936E+08 0.133305E+08 0.457675E+07
    26511.00  0.184806E+08 0.207969E+08 0.159049E+08 0.763494E+07
    26711.00  0.155265E+08 0.195809E+08 0.173609E+08 0.103679E+08
    26911.00  0.125044E+08 0.175562E+08 0.176915E+08 0.124098E+08



         26         4       781       781C    0.822591500D+05
 E STATE HAS LABEL C   
 VIBRATIONAL LEVELS FOR STATE E IN 1/CM FOR J= 25
      -5049.86863     -3559.61881     -2196.73239      -996.07901
 PROPORTION OF STATE B:
  0.284633E-01 0.774385E-02 0.288479E+00 0.166143E-01
 PROPORTION OF STATE C:
  0.970244E+00 0.990935E+00 0.710531E+00 0.981949E+00
 PROPORTION OF STATE BP:
  0.128340E-02 0.130986E-02 0.975596E-03 0.142319E-02
 PROPORTION OF STATE D:
  0.969574E-05 0.115528E-04 0.136865E-04 0.132712E-04
 TABLE FOR EMISSION PROBABILITIES   E(J= 25,IE) ==>F(J= 24,IF)
 K.E.IE==>      0            1            2            3
        1.00  0.000000E+00 0.000000E+00 0.000000E+00 0.000000E+00
        2.00  0.000000E+00 0.000000E+00 0.000000E+00 0.000000E+00
        3.00  0.000000E+00 0.000000E+00 0.000000E+00 0.000000E+00
        4.00  0.000000E+00 0.000000E+00 0.000000E+00 0.255749E-37
        5.00  0.000000E+00 0.000000E+00 0.650806E-36 0.590763E-35
        6.00  0.000000E+00 0.000000E+00 0.555730E-34 0.501946E-33
        7.00  0.378449E-37 0.264108E-36 0.237974E-32 0.213873E-31
        8.00  0.983316E-36 0.684549E-35 0.614896E-31 0.549867E-30
        9.00  0.173705E-34 0.120631E-33 0.108020E-29 0.961155E-29
       10.00  0.226335E-33 0.156797E-32 0.139968E-28 0.123922E-27
       11.00  0.230543E-32 0.159322E-31 0.141779E-27 0.124901E-26
       12.00  0.191624E-31 0.132102E-30 0.117191E-26 0.102726E-25
       13.00  0.134276E-30 0.923412E-30 0.816628E-26 0.712266E-25
       14.00  0.813582E-30 0.558127E-29 0.492047E-25 0.427029E-24
       15.00  0.434887E-29 0.297607E-28 0.261554E-24 0.225863E-23
       16.00  0.208428E-28 0.142284E-27 0.124658E-23 0.107112E-22
       17.00  0.907587E-28 0.618052E-27 0.539798E-23 0.461511E-22
       18.00  0.363027E-27 0.246610E-26 0.214714E-22 0.182660E-21
       19.00  0.134617E-26 0.912227E-26 0.791765E-22 0.670214E-21
       20.00  0.466382E-26 0.315268E-25 0.272782E-21 0.229756E-20
       21.00  0.151967E-25 0.102476E-24 0.883890E-21 0.740770E-20
       22.00  0.468384E-25 0.315069E-24 0.270910E-20 0.225914E-19
       23.00  0.137229E-24 0.920838E-24 0.789302E-20 0.654932E-19
       24.00  0.383847E-24 0.256937E-23 0.219547E-19 0.181265E-18
       25.00  0.102891E-23 0.687036E-23 0.585221E-19 0.480775E-18
       26.00  0.265193E-23 0.176642E-22 0.149994E-18 0.122611E-17
       27.00  0.659161E-23 0.437980E-22 0.370743E-18 0.301553E-17
       28.00  0.158422E-22 0.105004E-21 0.886065E-18 0.717119E-17
       29.00  0.369026E-22 0.243994E-21 0.205247E-17 0.165286E-16
       30.00  0.834908E-22 0.550670E-21 0.461770E-17 0.370016E-16
       31.00  0.183819E-21 0.120941E-20 0.101098E-16 0.806072E-16
       32.00  0.394515E-21 0.258925E-20 0.215766E-16 0.171178E-15
       33.00  0.826684E-21 0.541226E-20 0.449597E-16 0.354915E-15
       34.00  0.169371E-20 0.110613E-19 0.915983E-16 0.719488E-15
       35.00  0.339727E-20 0.221322E-19 0.182701E-15 0.142795E-14
       36.00  0.667930E-20 0.434063E-19 0.357194E-15 0.277786E-14
       37.00  0.128860E-19 0.835346E-19 0.685255E-15 0.530267E-14
       38.00  0.244190E-19 0.157908E-18 0.129129E-14 0.994262E-14
       39.00  0.454952E-19 0.293473E-18 0.239233E-14 0.183288E-13
       40.00  0.834075E-19 0.536702E-18 0.436133E-14 0.332482E-13
       42.00  0.267945E-18 0.171563E-17 0.138540E-13 0.104567E-12
       44.00  0.814192E-18 0.518744E-17 0.416262E-13 0.311071E-12
       46.00  0.235179E-17 0.149098E-16 0.118890E-12 0.879651E-12
       48.00  0.648533E-17 0.409121E-16 0.324179E-12 0.237477E-11
       50.00  0.171386E-16 0.107582E-15 0.847087E-12 0.614379E-11
       52.00  0.435487E-16 0.272008E-15 0.212827E-11 0.152829E-10
       54.00  0.106714E-15 0.663234E-15 0.515662E-11 0.366621E-10
       56.00  0.252846E-15 0.156366E-14 0.120807E-10 0.850384E-10
       58.00  0.580642E-15 0.357299E-14 0.274302E-10 0.191173E-09
       60.00  0.129508E-14 0.792970E-14 0.604925E-10 0.417416E-09
       62.00  0.281096E-14 0.171257E-13 0.129819E-09 0.886904E-09
       64.00  0.594744E-14 0.360542E-13 0.271574E-09 0.183696E-08
       66.00  0.122859E-13 0.741076E-13 0.554671E-09 0.371465E-08
       68.00  0.248144E-13 0.148933E-12 0.110765E-08 0.734438E-08
       70.00  0.490670E-13 0.293024E-12 0.216546E-08 0.142159E-07
       72.00  0.951004E-13 0.565096E-12 0.414958E-08 0.269712E-07
       74.00  0.180867E-12 0.106936E-11 0.780255E-08 0.502115E-07
       76.00  0.337875E-12 0.198766E-11 0.144108E-07 0.918170E-07
       78.00  0.620554E-12 0.363234E-11 0.261673E-07 0.165069E-06
       80.00  0.112150E-11 0.653171E-11 0.467546E-07 0.292011E-06
       82.00  0.199602E-11 0.115667E-10 0.822679E-07 0.508714E-06
       84.00  0.350102E-11 0.201862E-10 0.142658E-06 0.873389E-06
       86.00  0.605598E-11 0.347423E-10 0.243961E-06 0.147877E-05
       88.00  0.103375E-10 0.590066E-10 0.411698E-06 0.247073E-05
       90.00  0.174238E-10 0.989551E-10 0.686012E-06 0.407610E-05
       92.00  0.290140E-10 0.163951E-09 0.112933E-05 0.664351E-05
       94.00  0.477572E-10 0.268504E-09 0.183767E-05 0.107031E-04
       96.00  0.777404E-10 0.434875E-09 0.295725E-05 0.170528E-04
       98.00  0.125207E-09 0.696868E-09 0.470848E-05 0.268814E-04
      100.00  0.199606E-09 0.110534E-08 0.742045E-05 0.419435E-04
      102.00  0.315106E-09 0.173612E-08 0.115801E-04 0.648053E-04
      104.00  0.492767E-09 0.270124E-08 0.179018E-04 0.991868E-04
      106.00  0.763635E-09 0.416489E-08 0.274242E-04 0.150436E-03
      108.00  0.117310E-08 0.636574E-08 0.416460E-04 0.226178E-03
      110.00  0.178704E-08 0.964802E-08 0.627125E-04 0.337202E-03
      112.00  0.270028E-08 0.145045E-07 0.936718E-04 0.498657E-03
      114.00  0.404841E-08 0.216356E-07 0.138823E-03 0.731664E-03
      116.00  0.602397E-08 0.320298E-07 0.204189E-03 0.106546E-02
      118.00  0.889843E-08 0.470729E-07 0.298147E-03 0.154024E-02
      122.00  0.190149E-07 0.995673E-07 0.622491E-03 0.315208E-02
      126.00  0.395745E-07 0.205114E-06 0.126578E-02 0.628237E-02
      130.00  0.803512E-07 0.412215E-06 0.251087E-02 0.122147E-01
      134.00  0.159395E-06 0.809372E-06 0.486605E-02 0.232019E-01
      138.00  0.309350E-06 0.155475E-05 0.922583E-02 0.431158E-01
      142.00  0.588117E-06 0.292550E-05 0.171338E-01 0.784804E-01
      146.00  0.109650E-05 0.539842E-05 0.312043E-01 0.140086E+00
      150.00  0.200699E-05 0.977946E-05 0.557891E-01 0.245467E+00
      154.00  0.360989E-05 0.174087E-04 0.980114E-01 0.422646E+00
      158.00  0.638621E-05 0.304799E-04 0.169351E+00 0.715710E+00
      162.00  0.111213E-04 0.525305E-04 0.288031E+00 0.119298E+01
      166.00  0.190791E-04 0.891861E-04 0.482577E+00 0.195881E+01
      170.00  0.322676E-04 0.149271E-03 0.797034E+00 0.317051E+01
      174.00  0.538348E-04 0.246455E-03 0.129855E+01 0.506205E+01
      178.00  0.886576E-04 0.401647E-03 0.208821E+01 0.797722E+01
      182.00  0.144203E-03 0.646472E-03 0.331646E+01 0.124151E+02
      186.00  0.231776E-03 0.102821E-02 0.520469E+01 0.190924E+02
      190.00  0.368318E-03 0.161684E-02 0.807517E+01 0.290266E+02
      194.00  0.578947E-03 0.251481E-02 0.123923E+02 0.436480E+02
      198.00  0.900558E-03 0.387071E-02 0.188185E+02 0.649466E+02
      202.00  0.138683E-02 0.589800E-02 0.282902E+02 0.956655E+02
      206.00  0.211515E-02 0.890058E-02 0.421187E+02 0.139550E+03
      210.00  0.319616E-02 0.133074E-01 0.621242E+02 0.201669E+03
      214.00  0.478669E-02 0.197186E-01 0.908122E+02 0.288824E+03
      218.00  0.710728E-02 0.289675E-01 0.131603E+03 0.410068E+03
      222.00  0.104657E-01 0.422019E-01 0.189132E+03 0.577349E+03
      226.00  0.152883E-01 0.609911E-01 0.269626E+03 0.806325E+03
      230.00  0.221613E-01 0.874636E-01 0.381401E+03 0.111735E+04
      234.00  0.319112E-01 0.124127E+00 0.535437E+03 0.153672E+04
      238.00  0.455444E-01 0.175951E+00 0.746355E+03 0.209811E+04
      242.00  0.646063E-01 0.246903E+00 0.103300E+04 0.284445E+04
      246.00  0.910300E-01 0.344139E+00 0.142005E+04 0.383003E+04
      250.00  0.127427E+00 0.476541E+00 0.193932E+04 0.512309E+04
      254.00  0.177252E+00 0.655712E+00 0.263163E+04 0.680891E+04
      258.00  0.245053E+00 0.896717E+00 0.354909E+04 0.899335E+04
      262.00  0.336783E+00 0.121902E+01 0.475778E+04 0.118071E+05
      266.00  0.460191E+00 0.164759E+01 0.634110E+04 0.154107E+05
      270.00  0.625313E+00 0.221438E+01 0.840371E+04 0.199999E+05
      274.00  0.845080E+00 0.295996E+01 0.110763E+05 0.258127E+05
      282.00  0.151948E+01 0.520617E+01 0.189390E+05 0.423157E+05
      290.00  0.267815E+01 0.897540E+01 0.317365E+05 0.679723E+05
      298.00  0.463222E+01 0.151830E+02 0.521753E+05 0.107099E+06
      306.00  0.787012E+01 0.252266E+02 0.842366E+05 0.165683E+06
      314.00  0.131464E+02 0.412046E+02 0.133676E+06 0.251883E+06
      322.00  0.216086E+02 0.662191E+02 0.208684E+06 0.376622E+06
      330.00  0.349769E+02 0.104788E+03 0.320732E+06 0.554280E+06
      338.00  0.557940E+02 0.163396E+03 0.485651E+06 0.803488E+06
      346.00  0.877681E+02 0.251227E+03 0.724980E+06 0.114799E+07
      354.00  0.136238E+03 0.381116E+03 0.106761E+07 0.161760E+07
      362.00  0.208798E+03 0.570770E+03 0.155181E+07 0.224914E+07
      370.00  0.316121E+03 0.844337E+03 0.222756E+07 0.308750E+07
      378.00  0.473047E+03 0.123436E+04 0.315941E+07 0.418651E+07
      386.00  0.699981E+03 0.178421E+04 0.442973E+07 0.560988E+07
      394.00  0.102469E+04 0.255106E+04 0.614229E+07 0.743180E+07
      402.00  0.148460E+04 0.360952E+04 0.842647E+07 0.973749E+07
      410.00  0.212964E+04 0.505593E+04 0.114417E+08 0.126233E+08
      418.00  0.302580E+04 0.701348E+04 0.153822E+08 0.161964E+08
      426.00  0.425959E+04 0.963829E+04 0.204824E+08 0.205743E+08
      434.00  0.594335E+04 0.131263E+05 0.270221E+08 0.258839E+08
      442.00  0.822184E+04 0.177214E+05 0.353317E+08 0.322592E+08
      450.00  0.112800E+05 0.237242E+05 0.457974E+08 0.398391E+08
      458.00  0.153522E+05 0.315024E+05 0.588658E+08 0.487648E+08
      466.00  0.207332E+05 0.415018E+05 0.750484E+08 0.591757E+08
      474.00  0.277914E+05 0.542586E+05 0.949249E+08 0.712055E+08
      482.00  0.369832E+05 0.704126E+05 0.119145E+09 0.849776E+08
      490.00  0.488704E+05 0.907216E+05 0.148432E+09 0.100600E+09
      498.00  0.641401E+05 0.116076E+06 0.183576E+09 0.118160E+09
      506.00  0.836266E+05 0.147512E+06 0.225439E+09 0.137717E+09
      514.00  0.108336E+06 0.186233E+06 0.274943E+09 0.159300E+09
      522.00  0.139475E+06 0.233614E+06 0.333067E+09 0.182900E+09
      530.00  0.178481E+06 0.291230E+06 0.400832E+09 0.208465E+09
      538.00  0.227056E+06 0.360857E+06 0.479297E+09 0.235897E+09
      546.00  0.287202E+06 0.444495E+06 0.569535E+09 0.265050E+09
      554.00  0.361264E+06 0.544371E+06 0.672618E+09 0.295723E+09
      562.00  0.451968E+06 0.662950E+06 0.789594E+09 0.327666E+09
      570.00  0.562465E+06 0.802938E+06 0.921465E+09 0.360571E+09
      578.00  0.696380E+06 0.967284E+06 0.106916E+10 0.394084E+09
      586.00  0.857859E+06 0.115918E+07 0.123350E+10 0.427801E+09
      596.00  0.110571E+07 0.144301E+07 0.146338E+10 0.469556E+09
      606.00  0.141462E+07 0.178241E+07 0.172136E+10 0.509995E+09
      616.00  0.179683E+07 0.218499E+07 0.200794E+10 0.548121E+09
      626.00  0.226636E+07 0.265876E+07 0.232305E+10 0.582909E+09
      636.00  0.283917E+07 0.321198E+07 0.266597E+10 0.613343E+09
      646.00  0.353322E+07 0.385304E+07 0.303523E+10 0.638456E+09
      656.00  0.436863E+07 0.459028E+07 0.342859E+10 0.657370E+09
      666.00  0.536766E+07 0.543182E+07 0.384298E+10 0.669333E+09
      676.00  0.655480E+07 0.638533E+07 0.427447E+10 0.673755E+09
      686.00  0.795669E+07 0.745777E+07 0.471833E+10 0.670241E+09
      696.00  0.960208E+07 0.865514E+07 0.516898E+10 0.658614E+09
      706.00  0.115217E+08 0.998222E+07 0.562014E+10 0.638938E+09
      716.00  0.137480E+08 0.114423E+08 0.606492E+10 0.611524E+09
      726.00  0.163150E+08 0.130370E+08 0.649588E+10 0.576932E+09
      736.00  0.192580E+08 0.147658E+08 0.690529E+10 0.535959E+09
      746.00  0.226131E+08 0.166260E+08 0.728519E+10 0.489619E+09
      756.00  0.264166E+08 0.186124E+08 0.762766E+10 0.439112E+09
      766.00  0.307045E+08 0.207171E+08 0.792500E+10 0.385788E+09
      776.00  0.355123E+08 0.229294E+08 0.816999E+10 0.331101E+09
      786.00  0.408736E+08 0.252358E+08 0.835607E+10 0.276558E+09
      796.00  0.468202E+08 0.276198E+08 0.847758E+10 0.223665E+09
      806.00  0.533804E+08 0.300622E+08 0.852996E+10 0.173875E+09
      816.00  0.605789E+08 0.325409E+08 0.850991E+10 0.128530E+09
      826.00  0.684354E+08 0.350313E+08 0.841556E+10 0.888133E+08
      836.00  0.769642E+08 0.375063E+08 0.824658E+10 0.557091E+08
      846.00  0.861728E+08 0.399370E+08 0.800429E+10 0.299617E+08
      856.00  0.960616E+08 0.422929E+08 0.769166E+10 0.120511E+08
      866.00  0.106623E+09 0.445423E+08 0.731335E+10 0.217579E+07
      876.00  0.117840E+09 0.466531E+08 0.687559E+10 0.247533E+06
      886.00  0.129686E+09 0.485931E+08 0.638610E+10 0.589750E+07
      896.00  0.142125E+09 0.503304E+08 0.585394E+10 0.184933E+08
      906.00  0.155109E+09 0.518348E+08 0.528929E+10 0.371661E+08
      916.00  0.168580E+09 0.530779E+08 0.470327E+10 0.608477E+08
      926.00  0.182469E+09 0.540337E+08 0.410760E+10 0.883138E+08
      936.00  0.196696E+09 0.546797E+08 0.351436E+10 0.118234E+09
      946.00  0.211170E+09 0.549972E+08 0.293565E+10 0.149227E+09
      956.00  0.225791E+09 0.549719E+08 0.238327E+10 0.179909E+09
      966.00  0.240446E+09 0.545942E+08 0.186842E+10 0.208957E+09
      976.00  0.255016E+09 0.538600E+08 0.140137E+10 0.235148E+09
      986.00  0.269374E+09 0.527708E+08 0.991234E+09 0.257414E+09
      996.00  0.283386E+09 0.513339E+08 0.645643E+09 0.274875E+09
     1006.00  0.296913E+09 0.495626E+08 0.370586E+09 0.286871E+09
     1016.00  0.309813E+09 0.474761E+08 0.170223E+09 0.292980E+09
     1026.00  0.321945E+09 0.450993E+08 0.467714E+08 0.293032E+09
     1036.00  0.333163E+09 0.424625E+08 0.445312E+06 0.287106E+09
     1046.00  0.343329E+09 0.396010E+08 0.294553E+08 0.275523E+09
     1056.00  0.352308E+09 0.365548E+08 0.130062E+09 0.258824E+09
     1066.00  0.359970E+09 0.333674E+08 0.296687E+09 0.237743E+09
     1076.00  0.366197E+09 0.300858E+08 0.522080E+09 0.213173E+09
     1086.00  0.370882E+09 0.267590E+08 0.797531E+09 0.186128E+09
     1096.00  0.373930E+09 0.234373E+08 0.111313E+10 0.157695E+09
     1106.00  0.375265E+09 0.201716E+08 0.145803E+10 0.128989E+09
     1116.00  0.374823E+09 0.170120E+08 0.182082E+10 0.101112E+09
     1126.00  0.372564E+09 0.140072E+08 0.218978E+10 0.751049E+08
     1136.00  0.368466E+09 0.112032E+08 0.255328E+10 0.519106E+08
     1146.00  0.362528E+09 0.864263E+07 0.290006E+10 0.323379E+08
     1156.00  0.354773E+09 0.636356E+07 0.321959E+10 0.170345E+08
     1166.00  0.345248E+09 0.439901E+07 0.350233E+10 0.646519E+07
     1176.00  0.334021E+09 0.277605E+07 0.374002E+10 0.899907E+06
     1186.00  0.321184E+09 0.151528E+07 0.392588E+10 0.408615E+06
     1196.00  0.306852E+09 0.630318E+06 0.405477E+10 0.486506E+07
     1206.00  0.291162E+09 0.127561E+06 0.412335E+10 0.139580E+08
     1216.00  0.274269E+09 0.595948E+04 0.413013E+10 0.272097E+08
     1226.00  0.256349E+09 0.257039E+06 0.407547E+10 0.440002E+08
     1236.00  0.237595E+09 0.865049E+06 0.396158E+10 0.635968E+08
     1246.00  0.218214E+09 0.180728E+07 0.379236E+10 0.851870E+08
     1256.00  0.198423E+09 0.305455E+07 0.357334E+10 0.107914E+09
     1266.00  0.178451E+09 0.457177E+07 0.331138E+10 0.130912E+09
     1276.00  0.158530E+09 0.631876E+07 0.301455E+10 0.153341E+09
     1286.00  0.138896E+09 0.825105E+07 0.269177E+10 0.174421E+09
     1296.00  0.119783E+09 0.103209E+08 0.235261E+10 0.193462E+09
     1306.00  0.101421E+09 0.124782E+08 0.200691E+10 0.209885E+09
     1316.00  0.840320E+08 0.146719E+08 0.166456E+10 0.223248E+09
     1326.00  0.678273E+08 0.168508E+08 0.133510E+10 0.233256E+09
     1336.00  0.530029E+08 0.189648E+08 0.102751E+10 0.239773E+09
     1346.00  0.397371E+08 0.209660E+08 0.749910E+09 0.242820E+09
     1356.00  0.281881E+08 0.228101E+08 0.509287E+09 0.242577E+09
     1366.00  0.184910E+08 0.244568E+08 0.311332E+09 0.239371E+09
     1376.00  0.107563E+08 0.258715E+08 0.160234E+09 0.233670E+09
     1386.00  0.506808E+07 0.270255E+08 0.585560E+08 0.226071E+09
     1396.00  0.148372E+07 0.278974E+08 0.713431E+07 0.217294E+09
     1406.00  0.336118E+05 0.284735E+08 0.501182E+07 0.208183E+09
     1416.00  0.722660E+06 0.287485E+08 0.493974E+08 0.199733E+09
     1426.00  0.353323E+07 0.287267E+08 0.135627E+09 0.193159E+09
     1436.00  0.843075E+07 0.284224E+08 0.257092E+09 0.190059E+09
     1446.00  0.153739E+08 0.278622E+08 0.405064E+09 0.192770E+09
     1456.00  0.243335E+08 0.270880E+08 0.568283E+09 0.205196E+09
     1466.00  0.353313E+08 0.261639E+08 0.731971E+09 0.234824E+09
     1476.00  0.485253E+08 0.251932E+08 0.875539E+09 0.298230E+09
     1486.00  0.644357E+08 0.243644E+08 0.966810E+09 0.438698E+09
     1496.00  0.846785E+08 0.241062E+08 0.945991E+09 0.797992E+09
     1506.00  0.115387E+09 0.258381E+08 0.675971E+09 0.205486E+10
     1516.00  0.202096E+09 0.400652E+08 0.993906E+06 0.121265E+11
     1526.00  0.417687E+08 0.337984E+08 0.474286E+11 0.164902E+12
     1536.00  0.580234E+08 0.175641E+07 0.713851E+10 0.693317E+10
     1546.00  0.916470E+08 0.306854E+07 0.519064E+10 0.263418E+10
     1556.00  0.112842E+09 0.285461E+07 0.458810E+10 0.158593E+10
     1566.00  0.129212E+09 0.217764E+07 0.428859E+10 0.116954E+10
     1576.00  0.142709E+09 0.141803E+07 0.408022E+10 0.962379E+09
     1586.00  0.153965E+09 0.748592E+06 0.389335E+10 0.844741E+09
     1596.00  0.163187E+09 0.263839E+06 0.369981E+10 0.771312E+09
     1606.00  0.170430E+09 0.209745E+05 0.348774E+10 0.721472E+09
     1616.00  0.175690E+09 0.553845E+05 0.325308E+10 0.684555E+09
     1626.00  0.178952E+09 0.387293E+06 0.299616E+10 0.654517E+09
     1636.00  0.180209E+09 0.102499E+07 0.271997E+10 0.627703E+09
     1646.00  0.179475E+09 0.196664E+07 0.242927E+10 0.601827E+09
     1656.00  0.176792E+09 0.320140E+07 0.212995E+10 0.575446E+09
     1666.00  0.172230E+09 0.471044E+07 0.182854E+10 0.547687E+09
     1676.00  0.165894E+09 0.646771E+07 0.153191E+10 0.518075E+09
     1686.00  0.157917E+09 0.844091E+07 0.124685E+10 0.486438E+09
     1696.00  0.148467E+09 0.105924E+08 0.979883E+09 0.452831E+09
     1706.00  0.137740E+09 0.128800E+08 0.736961E+09 0.417488E+09
     1716.00  0.125956E+09 0.152585E+08 0.523263E+09 0.380780E+09
     1726.00  0.113361E+09 0.176804E+08 0.343021E+09 0.343176E+09
     1736.00  0.100219E+09 0.200971E+08 0.199369E+09 0.305213E+09
     1746.00  0.868095E+08 0.224602E+08 0.942440E+08 0.267471E+09
     1756.00  0.734227E+08 0.247224E+08 0.283219E+08 0.230538E+09
     1766.00  0.603531E+08 0.268389E+08 0.996756E+06 0.194993E+09
     1776.00  0.478951E+08 0.287682E+08 0.104041E+08 0.161381E+09
     1786.00  0.363378E+08 0.304734E+08 0.534850E+08 0.130194E+09
     1796.00  0.259587E+08 0.319226E+08 0.126090E+09 0.101858E+09
     1806.00  0.170189E+08 0.330898E+08 0.223121E+09 0.767168E+08
     1816.00  0.975754E+07 0.339556E+08 0.338703E+09 0.550264E+08
     1826.00  0.438661E+07 0.345074E+08 0.466391E+09 0.369497E+08
     1836.00  0.108634E+07 0.347400E+08 0.599391E+09 0.225553E+08
     1846.00  0.774591E+03 0.346552E+08 0.730803E+09 0.118196E+08
     1856.00  0.123395E+07 0.342619E+08 0.853872E+09 0.463337E+07
     1866.00  0.484659E+07 0.335760E+08 0.962243E+09 0.810087E+06
     1876.00  0.108535E+08 0.326193E+08 0.105021E+10 0.979766E+05
     1886.00  0.192215E+08 0.314196E+08 0.111297E+10 0.219342E+07
     1896.00  0.298682E+08 0.300095E+08 0.114679E+10 0.675624E+07
     1906.00  0.426619E+08 0.284253E+08 0.114928E+10 0.134259E+08
     1916.00  0.574212E+08 0.267065E+08 0.111951E+10 0.218380E+08
     1926.00  0.739168E+08 0.248941E+08 0.105812E+10 0.316411E+08
     1936.00  0.918733E+08 0.230298E+08 0.967468E+09 0.425120E+08
     1946.00  0.110972E+09 0.211549E+08 0.851597E+09 0.541710E+08
     1956.00  0.130854E+09 0.193090E+08 0.716280E+09 0.663958E+08
     1966.00  0.151125E+09 0.175291E+08 0.568925E+09 0.790331E+08
     1976.00  0.171364E+09 0.158489E+08 0.418465E+09 0.920103E+08
     1986.00  0.191121E+09 0.142981E+08 0.275171E+09 0.105346E+09
     1996.00  0.209933E+09 0.129020E+08 0.150408E+09 0.119160E+09
     2006.00  0.227329E+09 0.116821E+08 0.563220E+08 0.133686E+09
     2016.00  0.242837E+09 0.106563E+08 0.545887E+07 0.149282E+09
     2026.00  0.255995E+09 0.984036E+07 0.103010E+08 0.166454E+09
     2036.00  0.266367E+09 0.925009E+07 0.827262E+08 0.185875E+09
     2046.00  0.273549E+09 0.890400E+07 0.233376E+09 0.208420E+09
     2056.00  0.277193E+09 0.882715E+07 0.470934E+09 0.235209E+09
     2066.00  0.277014E+09 0.905594E+07 0.801310E+09 0.267666E+09
     2076.00  0.272820E+09 0.964373E+07 0.122674E+10 0.307583E+09
     2086.00  0.264524E+09 0.106671E+08 0.174484E+10 0.357202E+09
     2096.00  0.252173E+09 0.122323E+08 0.234765E+10 0.419299E+09
     2106.00  0.235968E+09 0.144809E+08 0.302076E+10 0.497261E+09
     2116.00  0.216284E+09 0.175929E+08 0.374268E+10 0.595138E+09
     2126.00  0.193684E+09 0.217867E+08 0.448471E+10 0.717631E+09
     2136.00  0.168921E+09 0.273121E+08 0.521141E+10 0.869997E+09
     2146.00  0.142917E+09 0.344344E+08 0.588211E+10 0.105781E+10
     2156.00  0.116724E+09 0.434096E+08 0.645363E+10 0.128658E+10
     2166.00  0.914518E+08 0.544490E+08 0.688411E+10 0.156117E+10
     2176.00  0.681727E+08 0.676779E+08 0.713787E+10 0.188510E+10
     2186.00  0.478073E+08 0.830943E+08 0.719035E+10 0.225985E+10
     2196.00  0.310178E+08 0.100538E+09 0.703246E+10 0.268423E+10
     2206.00  0.181269E+08 0.119678E+09 0.667290E+10 0.315408E+10
     2216.00  0.908682E+07 0.140027E+09 0.613784E+10 0.366234E+10
     2226.00  0.350771E+07 0.160980E+09 0.546775E+10 0.419956E+10
     2236.00  0.741547E+06 0.181874E+09 0.471194E+10 0.475473E+10
     2246.00  0.108328E+01 0.202051E+09 0.392210E+10 0.531635E+10
     2256.00  0.479682E+06 0.220912E+09 0.314626E+10 0.587333E+10
     2266.00  0.146905E+07 0.237967E+09 0.242414E+10 0.641580E+10
     2276.00  0.242120E+07 0.252848E+09 0.178462E+10 0.693553E+10
     2286.00  0.298795E+07 0.265318E+09 0.124506E+10 0.742613E+10
     2296.00  0.302021E+07 0.275259E+09 0.812243E+09 0.788299E+10
     2306.00  0.254416E+07 0.282653E+09 0.484240E+09 0.830307E+10
     2316.00  0.172407E+07 0.287561E+09 0.252645E+09 0.868461E+10
     2326.00  0.820538E+06 0.290101E+09 0.104823E+09 0.902688E+10
     2336.00  0.150354E+06 0.290434E+09 0.258741E+08 0.932990E+10
     2346.00  0.515261E+05 0.288743E+09 0.224505E+06 0.959426E+10
     2356.00  0.854918E+06 0.285226E+09 0.128170E+08 0.982091E+10
     2366.00  0.286263E+07 0.280088E+09 0.499333E+08 0.100111E+11
     2376.00  0.633254E+07 0.273533E+09 0.997095E+08 0.101664E+11
     2386.00  0.114681E+08 0.265760E+09 0.152409E+09 0.102882E+11
     2396.00  0.184124E+08 0.256961E+09 0.200509E+09 0.103783E+11
     2406.00  0.272458E+08 0.247323E+09 0.238654E+09 0.104386E+11
     2416.00  0.379861E+08 0.237017E+09 0.263508E+09 0.104709E+11
     2426.00  0.505907E+08 0.226209E+09 0.273552E+09 0.104770E+11
     2436.00  0.649609E+08 0.215050E+09 0.268835E+09 0.104592E+11
     2446.00  0.809464E+08 0.203680E+09 0.250699E+09 0.104192E+11
     2456.00  0.983520E+08 0.192228E+09 0.221509E+09 0.103593E+11
     2466.00  0.116944E+09 0.180810E+09 0.184373E+09 0.102815E+11
     2476.00  0.136456E+09 0.169529E+09 0.142877E+09 0.101878E+11
     2486.00  0.156600E+09 0.158477E+09 0.100841E+09 0.100803E+11
     2496.00  0.177069E+09 0.147734E+09 0.620954E+08 0.996111E+10
     2506.00  0.197548E+09 0.137366E+09 0.302779E+08 0.983218E+10
     2516.00  0.217719E+09 0.127432E+09 0.867028E+07 0.969547E+10
     2526.00  0.237270E+09 0.117975E+09 0.580406E+05 0.955285E+10
     2536.00  0.255900E+09 0.109031E+09 0.662511E+07 0.940613E+10
     2546.00  0.273324E+09 0.100625E+09 0.298801E+08 0.925701E+10
     2556.00  0.289280E+09 0.927729E+08 0.706140E+08 0.910709E+10
     2566.00  0.303534E+09 0.854826E+08 0.128888E+09 0.895788E+10
     2576.00  0.315882E+09 0.787549E+08 0.204048E+09 0.881075E+10
     2586.00  0.326155E+09 0.725842E+08 0.294767E+09 0.866698E+10
     2596.00  0.334220E+09 0.669593E+08 0.399108E+09 0.852770E+10
     2606.00  0.339981E+09 0.618650E+08 0.514604E+09 0.839395E+10
     2616.00  0.343383E+09 0.572821E+08 0.638357E+09 0.826662E+10
     2626.00  0.344408E+09 0.531892E+08 0.767145E+09 0.814650E+10
     2636.00  0.343076E+09 0.495629E+08 0.897535E+09 0.803426E+10
     2646.00  0.339443E+09 0.463791E+08 0.102600E+10 0.793044E+10
     2656.00  0.333600E+09 0.436134E+08 0.114904E+10 0.783551E+10
     2666.00  0.325669E+09 0.412416E+08 0.126330E+10 0.774979E+10
     2676.00  0.315800E+09 0.392408E+08 0.136564E+10 0.767353E+10
     2686.00  0.304168E+09 0.375891E+08 0.145328E+10 0.760689E+10
     2696.00  0.290967E+09 0.362666E+08 0.152384E+10 0.754991E+10
     2706.00  0.276410E+09 0.352551E+08 0.157544E+10 0.750259E+10
     2716.00  0.260720E+09 0.345386E+08 0.160669E+10 0.746481E+10
     2726.00  0.244130E+09 0.341030E+08 0.161682E+10 0.743640E+10
     2736.00  0.226874E+09 0.339365E+08 0.160560E+10 0.741712E+10
     2746.00  0.209186E+09 0.340289E+08 0.157340E+10 0.740666E+10
     2756.00  0.191297E+09 0.343718E+08 0.152112E+10 0.740463E+10
     2766.00  0.173428E+09 0.349580E+08 0.145023E+10 0.741060E+10
     2776.00  0.155789E+09 0.357815E+08 0.136265E+10 0.742409E+10
     2786.00  0.138575E+09 0.368370E+08 0.126074E+10 0.744454E+10
     2796.00  0.121962E+09 0.381196E+08 0.114721E+10 0.747137E+10
     2806.00  0.106111E+09 0.396242E+08 0.102505E+10 0.750393E+10
     2816.00  0.911559E+08 0.413454E+08 0.897447E+09 0.754154E+10
     2826.00  0.772132E+08 0.432770E+08 0.767699E+09 0.758348E+10
     2836.00  0.643737E+08 0.454118E+08 0.639142E+09 0.762900E+10
     2846.00  0.527056E+08 0.477410E+08 0.515054E+09 0.767730E+10
     2856.00  0.422537E+08 0.502545E+08 0.398583E+09 0.772760E+10
     2866.00  0.330400E+08 0.529400E+08 0.292669E+09 0.777905E+10
     2876.00  0.250651E+08 0.557835E+08 0.199983E+09 0.783082E+10
     2886.00  0.183089E+08 0.587688E+08 0.122862E+09 0.788206E+10
     2896.00  0.127328E+08 0.618778E+08 0.632684E+08 0.793192E+10
     2906.00  0.828122E+07 0.650900E+08 0.227453E+08 0.797957E+10
     2916.00  0.488361E+07 0.683833E+08 0.239558E+07 0.802417E+10
     2926.00  0.245700E+07 0.717337E+08 0.286317E+07 0.806491E+10
     2936.00  0.908114E+06 0.751156E+08 0.243297E+08 0.810103E+10
     2946.00  0.135847E+06 0.785018E+08 0.665207E+08 0.813176E+10
     2956.00  0.336891E+05 0.818645E+08 0.128722E+09 0.815642E+10
     2966.00  0.492104E+06 0.851747E+08 0.209806E+09 0.817435E+10
     2976.00  0.140085E+07 0.884033E+08 0.308265E+09 0.818494E+10
     2986.00  0.265117E+07 0.915211E+08 0.422254E+09 0.818767E+10
     2996.00  0.413788E+07 0.944992E+08 0.549638E+09 0.818205E+10
     3006.00  0.576122E+07 0.973093E+08 0.688042E+09 0.816769E+10
     3016.00  0.742855E+07 0.999243E+08 0.834909E+09 0.814424E+10
     3026.00  0.905582E+07 0.102319E+09 0.987558E+09 0.811146E+10
     3036.00  0.105688E+08 0.104468E+09 0.114324E+10 0.806916E+10
     3046.00  0.119039E+08 0.106352E+09 0.129919E+10 0.801725E+10
     3056.00  0.130094E+08 0.107949E+09 0.145269E+10 0.795570E+10
     3066.00  0.138451E+08 0.109244E+09 0.160113E+10 0.788456E+10
     3076.00  0.143836E+08 0.110222E+09 0.174203E+10 0.780397E+10
     3086.00  0.146092E+08 0.110872E+09 0.187312E+10 0.771412E+10
     3096.00  0.145185E+08 0.111187E+09 0.199232E+10 0.761530E+10
     3106.00  0.141197E+08 0.111162E+09 0.209785E+10 0.750785E+10
     3116.00  0.134318E+08 0.110796E+09 0.218818E+10 0.739216E+10
     3126.00  0.124840E+08 0.110090E+09 0.226211E+10 0.726868E+10
     3136.00  0.113147E+08 0.109049E+09 0.231874E+10 0.713793E+10
     3146.00  0.997015E+07 0.107682E+09 0.235749E+10 0.700046E+10
     3156.00  0.850374E+07 0.105998E+09 0.237810E+10 0.685684E+10
     3166.00  0.697435E+07 0.104013E+09 0.238062E+10 0.670769E+10
     3176.00  0.544514E+07 0.101742E+09 0.236541E+10 0.655366E+10
     3186.00  0.398220E+07 0.992038E+08 0.233308E+10 0.639540E+10
     3196.00  0.265314E+07 0.964185E+08 0.228452E+10 0.623358E+10
     3206.00  0.152578E+07 0.934088E+08 0.222085E+10 0.606887E+10
     3216.00  0.666814E+06 0.901983E+08 0.214339E+10 0.590194E+10
     3226.00  0.140546E+06 0.868119E+08 0.205362E+10 0.573344E+10
     3236.00  0.771571E+04 0.832753E+08 0.195314E+10 0.556404E+10
     3246.00  0.324400E+06 0.796147E+08 0.184369E+10 0.539434E+10
     3256.00  0.114102E+07 0.758568E+08 0.172704E+10 0.522497E+10
     3266.00  0.250148E+07 0.720277E+08 0.160499E+10 0.505649E+10
     3276.00  0.444238E+07 0.681535E+08 0.147935E+10 0.488946E+10
     3286.00  0.699246E+07 0.642596E+08 0.135189E+10 0.472437E+10
     3296.00  0.101720E+08 0.603705E+08 0.122431E+10 0.456172E+10
     3306.00  0.139928E+08 0.565095E+08 0.109821E+10 0.440193E+10
     3316.00  0.184573E+08 0.526986E+08 0.975095E+09 0.424541E+10
     3326.00  0.235594E+08 0.489584E+08 0.856314E+09 0.409251E+10
     3336.00  0.292839E+08 0.453078E+08 0.743070E+09 0.394355E+10
     3346.00  0.356067E+08 0.417637E+08 0.636396E+09 0.379880E+10
     3356.00  0.424956E+08 0.383413E+08 0.537151E+09 0.365850E+10
     3366.00  0.499103E+08 0.350540E+08 0.446012E+09 0.352286E+10
     3376.00  0.578031E+08 0.319128E+08 0.363470E+09 0.339202E+10
     3386.00  0.661194E+08 0.289270E+08 0.289838E+09 0.326611E+10
     3396.00  0.747986E+08 0.261039E+08 0.225249E+09 0.314522E+10
     3406.00  0.837748E+08 0.234486E+08 0.169670E+09 0.302940E+10
     3416.00  0.929776E+08 0.209646E+08 0.122909E+09 0.291869E+10
     3426.00  0.102333E+09 0.186533E+08 0.846289E+08 0.281307E+10
     3436.00  0.111764E+09 0.165147E+08 0.543667E+08 0.271253E+10
     3446.00  0.121193E+09 0.145468E+08 0.315461E+08 0.261700E+10
     3456.00  0.130540E+09 0.127466E+08 0.154985E+08 0.252642E+10
     3466.00  0.139726E+09 0.111095E+08 0.548188E+07 0.244069E+10
     3476.00  0.148673E+09 0.962963E+07 0.700470E+06 0.235971E+10
     3486.00  0.157305E+09 0.830036E+07 0.325056E+06 0.228336E+10
     3496.00  0.165548E+09 0.711408E+07 0.351257E+07 0.221149E+10
     3506.00  0.173333E+09 0.606248E+07 0.942522E+07 0.214396E+10
     3516.00  0.180593E+09 0.513677E+07 0.172487E+08 0.208063E+10
     3526.00  0.187269E+09 0.432776E+07 0.262089E+08 0.202132E+10
     3536.00  0.193304E+09 0.362606E+07 0.355878E+08 0.196587E+10
     3546.00  0.198650E+09 0.302219E+07 0.447366E+08 0.191412E+10
     3556.00  0.203264E+09 0.250678E+07 0.530880E+08 0.186587E+10
     3566.00  0.207111E+09 0.207062E+07 0.601658E+08 0.182096E+10
     3576.00  0.210162E+09 0.170482E+07 0.655924E+08 0.177922E+10
     3586.00  0.212395E+09 0.140093E+07 0.690947E+08 0.174045E+10
     3596.00  0.213797E+09 0.115097E+07 0.705070E+08 0.170448E+10
     3606.00  0.214362E+09 0.947578E+06 0.697720E+08 0.167113E+10
     3616.00  0.214090E+09 0.784018E+06 0.669404E+08 0.164023E+10
     3626.00  0.212990E+09 0.654254E+06 0.621669E+08 0.161160E+10
     3636.00  0.211078E+09 0.552976E+06 0.557061E+08 0.158506E+10
     3646.00  0.208376E+09 0.475624E+06 0.479051E+08 0.156045E+10
     3656.00  0.204912E+09 0.418392E+06 0.391955E+08 0.153759E+10
     3666.00  0.200721E+09 0.378225E+06 0.300838E+08 0.151632E+10
     3676.00  0.195844E+09 0.352795E+06 0.211402E+08 0.149646E+10
     3686.00  0.190326E+09 0.340481E+06 0.129867E+08 0.147787E+10
     3696.00  0.184217E+09 0.340321E+06 0.628500E+07 0.146038E+10
     3706.00  0.177571E+09 0.351969E+06 0.172277E+07 0.144383E+10
     3716.00  0.170445E+09 0.375639E+06 0.652278E+03 0.142807E+10
     3726.00  0.162899E+09 0.412040E+06 0.181866E+07 0.141296E+10
     3736.00  0.154997E+09 0.462310E+06 0.786296E+07 0.139836E+10
     3746.00  0.146800E+09 0.527947E+06 0.187930E+08 0.138411E+10
     3756.00  0.138374E+09 0.610728E+06 0.352292E+08 0.137009E+10
     3766.00  0.129784E+09 0.712641E+06 0.577413E+08 0.135618E+10
     3776.00  0.121094E+09 0.835803E+06 0.868379E+08 0.134223E+10
     3786.00  0.112368E+09 0.982388E+06 0.122957E+09 0.132815E+10
     3796.00  0.103667E+09 0.115455E+07 0.166457E+09 0.131382E+10
     3806.00  0.950523E+08 0.135437E+07 0.217610E+09 0.129912E+10
     3816.00  0.865801E+08 0.158375E+07 0.276597E+09 0.128398E+10
     3826.00  0.783052E+08 0.184439E+07 0.343502E+09 0.126829E+10
     3836.00  0.702787E+08 0.213774E+07 0.418310E+09 0.125198E+10
     3846.00  0.625479E+08 0.246490E+07 0.500905E+09 0.123497E+10
     3856.00  0.551558E+08 0.282662E+07 0.591072E+09 0.121721E+10
     3866.00  0.481414E+08 0.322326E+07 0.688496E+09 0.119863E+10
     3876.00  0.415390E+08 0.365473E+07 0.792766E+09 0.117919E+10
     3886.00  0.353779E+08 0.412052E+07 0.903379E+09 0.115886E+10
     3896.00  0.296830E+08 0.461964E+07 0.101975E+10 0.113761E+10
     3906.00  0.244738E+08 0.515065E+07 0.114120E+10 0.111543E+10
     3916.00  0.197653E+08 0.571163E+07 0.126699E+10 0.109230E+10
     3926.00  0.155672E+08 0.630021E+07 0.139632E+10 0.106824E+10
     3936.00  0.118845E+08 0.691359E+07 0.152833E+10 0.104325E+10
     3946.00  0.871755E+07 0.754855E+07 0.166211E+10 0.101736E+10
     3956.00  0.606203E+07 0.820149E+07 0.179673E+10 0.990596E+09
     3966.00  0.390926E+07 0.886844E+07 0.193120E+10 0.963003E+09
     3976.00  0.224643E+07 0.954513E+07 0.206456E+10 0.934628E+09
     3986.00  0.105682E+07 0.102270E+08 0.219583E+10 0.905528E+09
     3996.00  0.320136E+06 0.109094E+08 0.232403E+10 0.875765E+09
     4006.00  0.127998E+05 0.115872E+08 0.244820E+10 0.845409E+09
     4016.00  0.108285E+06 0.122556E+08 0.256743E+10 0.814539E+09
     4026.00  0.577471E+06 0.129093E+08 0.268081E+10 0.783233E+09
     4036.00  0.138901E+07 0.135432E+08 0.278751E+10 0.751580E+09
     4046.00  0.250970E+07 0.141523E+08 0.288675E+10 0.719667E+09
     4056.00  0.390485E+07 0.147317E+08 0.297779E+10 0.687588E+09
     4066.00  0.553868E+07 0.152765E+08 0.306000E+10 0.655438E+09
     4076.00  0.737469E+07 0.157821E+08 0.313279E+10 0.623312E+09
     4086.00  0.937603E+07 0.162441E+08 0.319566E+10 0.591307E+09
     4096.00  0.115059E+08 0.166587E+08 0.324820E+10 0.559519E+09
     4106.00  0.137277E+08 0.170220E+08 0.329010E+10 0.528042E+09
     4116.00  0.160058E+08 0.173308E+08 0.332112E+10 0.496971E+09
     4126.00  0.183053E+08 0.175821E+08 0.334111E+10 0.466395E+09
     4136.00  0.205929E+08 0.177737E+08 0.335002E+10 0.436401E+09
     4146.00  0.228366E+08 0.179036E+08 0.334789E+10 0.407072E+09
     4156.00  0.250066E+08 0.179703E+08 0.333484E+10 0.378487E+09
     4166.00  0.270748E+08 0.179729E+08 0.331109E+10 0.350720E+09
     4176.00  0.290156E+08 0.179111E+08 0.327692E+10 0.323837E+09
     4186.00  0.308058E+08 0.177848E+08 0.323270E+10 0.297901E+09
     4196.00  0.324248E+08 0.175950E+08 0.317888E+10 0.272966E+09
     4206.00  0.338546E+08 0.173426E+08 0.311594E+10 0.249080E+09
     4216.00  0.350803E+08 0.170295E+08 0.304447E+10 0.226287E+09
     4226.00  0.360896E+08 0.166578E+08 0.296506E+10 0.204619E+09
     4236.00  0.368730E+08 0.162301E+08 0.287840E+10 0.184104E+09
     4246.00  0.374242E+08 0.157498E+08 0.278517E+10 0.164762E+09
     4256.00  0.377396E+08 0.152202E+08 0.268611E+10 0.146606E+09
     4266.00  0.378183E+08 0.146453E+08 0.258197E+10 0.129641E+09
     4276.00  0.376624E+08 0.140295E+08 0.247352E+10 0.113867E+09
     4286.00  0.372765E+08 0.133772E+08 0.236154E+10 0.992752E+08
     4296.00  0.366678E+08 0.126935E+08 0.224681E+10 0.858520E+08
     4306.00  0.358459E+08 0.119835E+08 0.213009E+10 0.735771E+08
     4316.00  0.348225E+08 0.112523E+08 0.201216E+10 0.624245E+08
     4326.00  0.336115E+08 0.105056E+08 0.189374E+10 0.523631E+08
     4336.00  0.322286E+08 0.974870E+07 0.177555E+10 0.433568E+08
     4346.00  0.306914E+08 0.898734E+07 0.165826E+10 0.353653E+08
     4356.00  0.290186E+08 0.822704E+07 0.154253E+10 0.283442E+08
     4366.00  0.272306E+08 0.747334E+07 0.142894E+10 0.222459E+08
     4376.00  0.253484E+08 0.673168E+07 0.131807E+10 0.170199E+08
     4386.00  0.233941E+08 0.600737E+07 0.121041E+10 0.126131E+08
     4396.00  0.213903E+08 0.530553E+07 0.110643E+10 0.897092E+07
     4406.00  0.193600E+08 0.463106E+07 0.100653E+10 0.603726E+07
     4416.00  0.173262E+08 0.398863E+07 0.911048E+09 0.375523E+07
     4426.00  0.153120E+08 0.338260E+07 0.820285E+09 0.206759E+07
     4436.00  0.133400E+08 0.281702E+07 0.734478E+09 0.917257E+06
     4446.00  0.114325E+08 0.229557E+07 0.653805E+09 0.247697E+06
     4456.00  0.961093E+07 0.182159E+07 0.578394E+09 0.337654E+04
     4466.00  0.789589E+07 0.139800E+07 0.508319E+09 0.130137E+06
     4476.00  0.630691E+07 0.102731E+07 0.443601E+09 0.575556E+06
     4486.00  0.486229E+07 0.711616E+06 0.384214E+09 0.128926E+07
     4511.00  0.198952E+07 0.172690E+06 0.258493E+09 0.393858E+07
     4536.00  0.341153E+06 0.162324E+03 0.163308E+09 0.729621E+07
     4561.00  0.689322E+05 0.190426E+06 0.951613E+08 0.108046E+08
     4586.00  0.124953E+07 0.723507E+06 0.496798E+08 0.140331E+08
     4611.00  0.388241E+07 0.156466E+07 0.220510E+08 0.166779E+08
     4636.00  0.789176E+07 0.266664E+07 0.743798E+07 0.185554E+08
     4661.00  0.131319E+08 0.397240E+07 0.135821E+07 0.195891E+08
     4686.00  0.193963E+08 0.541815E+07 0.674015E+03 0.197918E+08
     4711.00  0.264286E+08 0.693661E+07 0.465929E+06 0.192457E+08
     4736.00  0.339360E+08 0.846012E+07 0.919082E+06 0.180810E+08
     4761.00  0.416038E+08 0.992374E+07 0.652111E+06 0.164556E+08
     4786.00  0.491107E+08 0.112680E+08 0.579610E+05 0.145363E+08
     4811.00  0.561429E+08 0.124410E+08 0.524223E+06 0.124826E+08
     4836.00  0.624086E+08 0.134006E+08 0.425871E+07 0.104352E+08
     4861.00  0.676506E+08 0.141154E+08 0.140626E+08 0.850715E+07
     4886.00  0.716562E+08 0.145656E+08 0.330689E+08 0.677993E+07
     4911.00  0.742663E+08 0.147429E+08 0.644653E+08 0.530288E+07
     4936.00  0.753806E+08 0.146504E+08 0.111220E+09 0.409598E+07
     4961.00  0.749613E+08 0.143017E+08 0.175825E+09 0.315526E+07
     4986.00  0.730330E+08 0.137194E+08 0.260080E+09 0.245993E+07
     5011.00  0.696812E+08 0.129337E+08 0.364916E+09 0.198054E+07
     5036.00  0.650472E+08 0.119806E+08 0.490280E+09 0.168725E+07
     5061.00  0.593223E+08 0.108998E+08 0.635078E+09 0.155745E+07
     5086.00  0.527389E+08 0.973291E+07 0.797176E+09 0.158223E+07
     5111.00  0.455615E+08 0.852157E+07 0.973470E+09 0.177095E+07
     5136.00  0.380757E+08 0.730551E+07 0.116000E+10 0.215390E+07
     5161.00  0.305778E+08 0.612117E+07 0.135211E+10 0.278267E+07
     5186.00  0.233631E+08 0.500035E+07 0.154464E+10 0.372829E+07
     5211.00  0.167160E+08 0.396929E+07 0.173219E+10 0.507751E+07
     5236.00  0.108996E+08 0.304800E+07 0.190930E+10 0.692727E+07
     5261.00  0.614745E+07 0.224994E+07 0.207069E+10 0.937802E+07
     5286.00  0.265543E+07 0.158207E+07 0.221153E+10 0.125262E+08
     5311.00  0.576337E+06 0.104508E+07 0.232760E+10 0.164564E+08
     5336.00  0.154840E+05 0.634049E+06 0.241545E+10 0.212343E+08
     5361.00  0.102823E+07 0.339173E+06 0.247255E+10 0.268994E+08
     5386.00  0.361927E+07 0.146742E+06 0.249739E+10 0.334602E+08
     5411.00  0.774364E+07 0.402168E+05 0.248947E+10 0.408897E+08
     5436.00  0.133093E+08 0.135268E+04 0.244935E+10 0.491238E+08
     5461.00  0.201812E+08 0.113401E+05 0.237858E+10 0.580606E+08
     5511.00  0.371204E+08 0.106239E+06 0.215573E+10 0.774592E+08
     5561.00  0.568422E+08 0.201877E+06 0.184912E+10 0.976292E+08
     5611.00  0.773571E+08 0.223152E+06 0.149448E+10 0.116795E+09
     5661.00  0.966488E+08 0.156199E+06 0.112948E+10 0.133114E+09
     5711.00  0.112901E+09 0.491933E+05 0.788311E+09 0.144942E+09
     5761.00  0.124685E+09 0.162568E+04 0.497498E+09 0.151072E+09
     5811.00  0.131083E+09 0.144765E+06 0.273205E+09 0.150904E+09
     5861.00  0.131749E+09 0.617065E+06 0.120485E+09 0.144510E+09
     5911.00  0.126898E+09 0.153872E+07 0.342792E+08 0.132609E+09
     5961.00  0.117231E+09 0.298932E+07 0.180510E+07 0.116443E+09
     6011.00  0.103827E+09 0.499167E+07 0.581114E+07 0.975891E+08
     6061.00  0.879882E+08 0.750399E+07 0.280702E+08 0.777449E+08
     6111.00  0.710936E+08 0.104208E+08 0.525450E+08 0.585092E+08
     6161.00  0.544490E+08 0.135826E+08 0.677714E+08 0.412045E+08
     6211.00  0.391662E+08 0.167914E+08 0.681824E+08 0.267529E+08
     6261.00  0.260749E+08 0.198321E+08 0.542919E+08 0.156222E+08
     6311.00  0.156748E+08 0.224937E+08 0.318402E+08 0.783953E+07
     6361.00  0.812790E+07 0.245911E+08 0.101476E+08 0.306314E+07
     6411.00  0.328936E+07 0.259823E+08 0.154211E+05 0.693850E+06
     6461.00  0.767323E+06 0.265807E+08 0.115421E+08 0.507199E+04
     6511.00  0.394703E+04 0.263613E+08 0.521958E+08 0.269818E+06
     6561.00  0.366062E+06 0.253604E+08 0.125414E+09 0.866425E+06
     6611.00  0.123513E+07 0.236693E+08 0.229894E+09 0.135049E+07
     6661.00  0.208697E+07 0.214226E+08 0.359631E+09 0.148710E+07
     6711.00  0.255371E+07 0.187842E+08 0.504641E+09 0.124418E+07
     6761.00  0.246310E+07 0.159310E+08 0.652232E+09 0.753479E+06
     6811.00  0.185281E+07 0.130367E+08 0.788609E+09 0.249885E+06
     6861.00  0.960144E+06 0.102582E+08 0.900583E+09 0.137301E+04
     6911.00  0.190051E+06 0.772394E+07 0.977159E+09 0.242132E+06
     6961.00  0.658917E+05 0.552666E+07 0.101081E+10 0.111920E+07
     7011.00  0.116900E+07 0.372009E+07 0.998289E+09 0.265978E+07
     7061.00  0.407342E+07 0.231968E+07 0.940929E+09 0.476265E+07
     7111.00  0.928228E+07 0.130687E+07 0.844404E+09 0.721277E+07
     7161.00  0.171716E+08 0.636057E+06 0.718031E+09 0.971531E+07
     7211.00  0.279460E+08 0.243302E+06 0.573702E+09 0.119424E+08
     7261.00  0.416106E+08 0.557924E+05 0.424601E+09 0.135846E+08
     7311.00  0.579589E+08 0.949536E+03 0.283853E+09 0.143998E+08
     7361.00  0.765798E+08 0.143813E+05 0.163253E+09 0.142519E+08
     7411.00  0.968792E+08 0.459965E+05 0.721953E+08 0.131340E+08
     7511.00  0.139452E+09 0.556390E+05 0.732559E+05 0.862807E+07
     7611.00  0.178878E+09 0.232420E+04 0.746242E+08 0.321889E+07
     7711.00  0.208483E+09 0.995434E+05 0.252439E+09 0.943246E+05
     7811.00  0.223291E+09 0.653698E+06 0.460614E+09 0.189265E+07
     7911.00  0.221091E+09 0.189224E+07 0.625065E+09 0.955637E+07
     8011.00  0.202776E+09 0.383529E+07 0.695114E+09 0.219110E+08
     8111.00  0.171936E+09 0.625284E+07 0.656490E+09 0.360839E+08
     8211.00  0.133907E+09 0.871497E+07 0.530256E+09 0.485258E+08
     8311.00  0.945462E+08 0.107110E+08 0.360345E+09 0.561969E+08
     8411.00  0.590533E+08 0.117944E+08 0.195729E+09 0.574718E+08
     8511.00  0.310900E+08 0.117080E+08 0.739672E+08 0.524884E+08
     8611.00  0.123454E+08 0.104533E+08 0.113040E+08 0.428966E+08
     8711.00  0.257117E+07 0.828984E+07 0.149305E+07 0.311799E+08
     8811.00  0.423846E+04 0.566926E+07 0.223962E+08 0.198360E+08
     8911.00  0.202436E+07 0.312629E+07 0.470653E+08 0.106992E+08
     9011.00  0.586897E+07 0.115749E+07 0.550937E+08 0.459269E+07
     9111.00  0.924566E+07 0.117384E+06 0.405286E+08 0.135593E+07
     9211.00  0.107313E+08 0.154323E+06 0.141688E+08 0.167801E+06
     9311.00  0.990992E+07 0.119620E+07 0.399863E+05 0.506724E+04
     9411.00  0.726410E+07 0.298354E+07 0.275861E+08 0.645803E+05
     9511.00  0.388302E+07 0.513742E+07 0.122193E+09 0.199611E+05
     9611.00  0.107800E+07 0.724380E+07 0.296873E+09 0.583581E+05
     9711.00  0.913150E+03 0.893482E+07 0.547337E+09 0.720574E+06
     9811.00  0.134638E+07 0.995127E+07 0.851589E+09 0.262490E+07
     9911.00  0.518982E+07 0.101762E+08 0.117389E+10 0.617867E+07
    10011.00  0.109799E+08 0.963715E+07 0.147187E+10 0.113710E+08
    10111.00  0.176715E+08 0.848126E+07 0.170490E+10 0.177047E+08
    10211.00  0.239592E+08 0.693166E+07 0.184179E+10 0.242792E+08
    10311.00  0.285589E+08 0.523663E+07 0.186613E+10 0.299914E+08
    10411.00  0.304802E+08 0.362208E+07 0.177847E+10 0.337954E+08
    10511.00  0.292395E+08 0.225595E+07 0.159503E+10 0.349497E+08
    10611.00  0.249809E+08 0.122949E+07 0.134370E+10 0.331901E+08
    10711.00  0.184880E+08 0.556408E+06 0.105842E+10 0.287921E+08
    10811.00  0.110896E+08 0.187285E+06 0.773076E+09 0.225134E+08
    10911.00  0.447972E+07 0.343545E+05 0.516231E+09 0.154372E+08
    11011.00  0.482536E+06 0.247592E+03 0.307513E+09 0.875503E+07
    11111.00  0.798491E+06 0.466115E+04 0.156052E+09 0.354057E+07
    11211.00  0.676851E+07 0.399158E+04 0.609651E+08 0.559705E+06
    11311.00  0.191869E+08 0.919365E+03 0.134805E+08 0.152188E+06
    11411.00  0.381848E+08 0.431120E+05 0.539137E+05 0.220149E+07
    11511.00  0.631954E+08 0.212245E+06 0.577500E+07 0.619027E+07
    11611.00  0.930004E+08 0.606106E+06 0.174024E+08 0.113227E+08
    11711.00  0.125848E+09 0.131746E+07 0.255479E+08 0.166837E+08
    11811.00  0.159625E+09 0.241353E+07 0.257524E+08 0.214029E+08
    11911.00  0.192061E+09 0.391955E+07 0.184295E+08 0.247923E+08
    12011.00  0.220938E+09 0.580887E+07 0.785640E+07 0.264366E+08
    12111.00  0.244291E+09 0.800084E+07 0.525500E+06 0.262273E+08
    12211.00  0.260567E+09 0.103667E+08 0.324215E+07 0.243400E+08
    12311.00  0.268750E+09 0.127422E+08 0.213431E+08 0.211682E+08
    12411.00  0.268417E+09 0.149449E+08 0.573461E+08 0.172296E+08
    12511.00  0.259751E+09 0.167944E+08 0.110234E+09 0.130664E+08
    12611.00  0.243497E+09 0.181317E+08 0.175451E+09 0.915568E+07
    12711.00  0.220873E+09 0.188368E+08 0.245567E+09 0.584571E+07
    12811.00  0.193457E+09 0.188411E+08 0.311456E+09 0.332399E+07
    12911.00  0.163045E+09 0.181347E+08 0.363787E+09 0.161834E+07
    13011.00  0.131511E+09 0.167677E+08 0.394562E+09 0.626083E+06
    13111.00  0.100673E+09 0.148448E+08 0.398474E+09 0.162172E+06
    13211.00  0.721687E+08 0.125160E+08 0.373883E+09 0.152885E+05
    13311.00  0.473662E+08 0.996230E+07 0.323278E+09 0.116668E+04
    13411.00  0.272925E+08 0.737996E+07 0.253181E+09 0.415307E+04
    13511.00  0.125989E+08 0.496375E+07 0.173504E+09 0.113169E+04
    13611.00  0.355460E+07 0.289137E+07 0.964840E+08 0.654576E+05
    13711.00  0.661981E+05 0.131001E+07 0.353068E+08 0.351974E+06
    13811.00  0.171985E+07 0.326298E+06 0.263411E+07 0.106700E+07
    13911.00  0.783975E+07 0.777643E+02 0.918533E+07 0.242909E+07
    14011.00  0.175569E+08 0.342327E+06 0.625477E+08 0.462712E+07
    14111.00  0.298826E+08 0.131699E+07 0.166333E+09 0.778220E+07
    14211.00  0.437803E+08 0.284629E+07 0.319757E+09 0.119188E+08
    14311.00  0.582322E+08 0.481865E+07 0.517660E+09 0.169486E+08
    14411.00  0.722968E+08 0.709866E+07 0.750948E+09 0.226696E+08
    14511.00  0.851541E+08 0.953773E+07 0.100738E+10 0.287788E+08
    14611.00  0.961379E+08 0.119849E+08 0.127260E+10 0.348988E+08
    14711.00  0.104756E+09 0.142969E+08 0.153134E+10 0.406123E+08
    14811.00  0.110695E+09 0.163467E+08 0.176857E+10 0.455025E+08
    14911.00  0.113817E+09 0.180300E+08 0.197066E+10 0.491938E+08
    15011.00  0.114146E+09 0.192701E+08 0.212632E+10 0.513882E+08
    15111.00  0.111846E+09 0.200199E+08 0.222728E+10 0.518946E+08
    15211.00  0.107193E+09 0.202624E+08 0.226877E+10 0.506473E+08
    15311.00  0.100550E+09 0.200087E+08 0.224965E+10 0.477135E+08
    15411.00  0.923317E+08 0.192949E+08 0.217234E+10 0.432878E+08
    15511.00  0.829835E+08 0.181778E+08 0.204245E+10 0.376760E+08
    15611.00  0.729501E+08 0.167295E+08 0.186827E+10 0.312703E+08
    15711.00  0.626548E+08 0.150320E+08 0.166008E+10 0.245170E+08
    15811.00  0.524823E+08 0.131720E+08 0.142942E+10 0.178817E+08
    15911.00  0.427650E+08 0.112357E+08 0.118834E+10 0.118143E+08
    16011.00  0.337739E+08 0.930440E+07 0.948629E+09 0.671631E+07
    16111.00  0.257150E+08 0.745076E+07 0.721177E+09 0.291397E+07
    16211.00  0.187282E+08 0.573631E+07 0.515430E+09 0.638400E+06
    16311.00  0.128906E+08 0.420950E+07 0.338963E+09 0.137330E+05
    16411.00  0.822183E+07 0.290490E+07 0.197219E+09 0.105393E+07
    16511.00  0.469145E+07 0.184313E+07 0.933855E+08 0.366753E+07
    16611.00  0.222775E+07 0.103156E+07 0.284233E+08 0.766936E+07
    16711.00  0.727036E+06 0.465622E+06 0.121596E+07 0.127978E+08
    16811.00  0.629551E+05 0.130475E+06 0.882636E+07 0.187360E+08
    16911.00  0.954425E+05 0.305422E+04 0.468317E+08 0.251344E+08
    17011.00  0.678889E+06 0.542137E+05 0.109708E+09 0.316343E+08
    17111.00  0.166925E+07 0.250887E+06 0.191238E+09 0.378892E+08
    17211.00  0.292994E+07 0.558151E+06 0.284908E+09 0.435844E+08
    17311.00  0.433646E+07 0.941089E+06 0.384283E+09 0.484515E+08
    17411.00  0.577968E+07 0.136640E+07 0.483330E+09 0.522809E+08
    17511.00  0.716796E+07 0.180369E+07 0.576679E+09 0.549275E+08
    17611.00  0.842811E+07 0.222646E+07 0.659819E+09 0.563136E+08
    17711.00  0.950544E+07 0.261272E+07 0.729225E+09 0.564280E+08
    17811.00  0.103629E+08 0.294538E+07 0.782410E+09 0.553199E+08
    17911.00  0.109795E+08 0.321223E+07 0.817918E+09 0.530919E+08
    18011.00  0.113490E+08 0.340584E+07 0.835273E+09 0.498904E+08
    18111.00  0.114770E+08 0.352314E+07 0.834874E+09 0.458938E+08
    18211.00  0.113789E+08 0.356490E+07 0.817864E+09 0.413012E+08
    18311.00  0.110778E+08 0.353514E+07 0.785987E+09 0.363213E+08
    18411.00  0.106021E+08 0.344045E+07 0.741430E+09 0.311609E+08
    18511.00  0.998304E+07 0.328932E+07 0.686669E+09 0.260160E+08
    18611.00  0.925351E+07 0.309150E+07 0.624324E+09 0.210632E+08
    18711.00  0.844601E+07 0.285739E+07 0.557028E+09 0.164543E+08
    18811.00  0.759149E+07 0.259747E+07 0.487313E+09 0.123110E+08
    18911.00  0.671836E+07 0.232192E+07 0.417519E+09 0.872320E+07
    19011.00  0.585177E+07 0.204020E+07 0.349720E+09 0.574835E+07
    19111.00  0.501314E+07 0.176076E+07 0.285676E+09 0.341226E+07
    19311.00  0.348554E+07 0.123663E+07 0.174154E+09 0.618170E+06
    19511.00  0.222834E+07 0.792195E+06 0.900247E+08 0.357962E+05
    19711.00  0.127771E+07 0.449493E+06 0.350837E+08 0.109885E+07
    19911.00  0.625217E+06 0.212539E+06 0.687613E+07 0.313243E+07
    20111.00  0.232234E+06 0.717753E+05 0.104032E+06 0.548642E+07
    20311.00  0.438502E+05 0.913430E+04 0.811098E+07 0.763050E+07
    20511.00  0.562178E+03 0.281892E+04 0.241939E+08 0.920454E+07
    20711.00  0.468190E+05 0.311958E+05 0.425746E+08 0.100280E+08
    20911.00  0.136319E+06 0.755076E+05 0.589592E+08 0.100790E+08
    21111.00  0.234423E+06 0.121371E+06 0.707065E+08 0.945509E+07
    21311.00  0.318320E+06 0.159212E+06 0.766902E+08 0.832772E+07
    21511.00  0.375680E+06 0.183925E+06 0.769778E+08 0.689898E+07
    21711.00  0.402478E+06 0.194029E+06 0.724371E+08 0.536577E+07
    21911.00  0.400545E+06 0.190643E+06 0.643625E+08 0.389451E+07
    22111.00  0.375249E+06 0.176456E+06 0.541721E+08 0.260665E+07
    22311.00  0.333553E+06 0.154855E+06 0.431906E+08 0.157390E+07
    22511.00  0.282568E+06 0.129259E+06 0.325173E+08 0.821474E+06
    22711.00  0.228576E+06 0.102679E+06 0.229588E+08 0.336751E+06
    22911.00  0.176523E+06 0.774725E+05 0.150152E+08 0.808294E+05
    23111.00  0.129832E+06 0.552568E+05 0.890065E+07 0.566479E+03
    23311.00  0.904764E+05 0.369322E+05 0.459028E+07 0.392301E+05
    23511.00  0.591992E+05 0.227855E+05 0.188341E+07 0.144541E+06
    23711.00  0.358051E+05 0.126305E+05 0.472538E+06 0.273674E+06
    23911.00  0.194667E+05 0.596408E+04 0.926126E+04 0.395424E+06
    24111.00  0.900094E+04 0.211257E+04 0.158368E+06 0.490127E+06
    24311.00  0.309708E+04 0.355428E+03 0.634665E+06 0.548170E+06
    24511.00  0.483741E+03 0.162986E+02 0.122119E+07 0.567768E+06
    24711.00  0.379461E+02 0.519942E+03 0.177140E+07 0.552616E+06
    24911.00  0.842680E+03 0.141819E+04 0.220030E+07 0.509728E+06
    25111.00  0.220414E+04 0.239189E+04 0.247032E+07 0.447646E+06
    25311.00  0.364047E+04 0.323716E+04 0.257662E+07 0.375054E+06
    25511.00  0.485309E+04 0.384377E+04 0.253472E+07 0.299768E+06
    25711.00  0.568963E+04 0.417168E+04 0.237151E+07 0.228101E+06
    25911.00  0.610539E+04 0.422938E+04 0.211923E+07 0.164530E+06
    26111.00  0.612790E+04 0.405585E+04 0.181163E+07 0.111658E+06
    26311.00  0.582685E+04 0.370634E+04 0.148101E+07 0.704018E+05
    26511.00  0.529080E+04 0.324159E+04 0.115582E+07 0.403386E+05
    26711.00  0.461011E+04 0.271983E+04 0.858532E+06 0.201333E+05
    26911.00  0.386610E+04 0.219132E+04 0.604278E+06 0.796144E+04



 TABLE FOR EMISSION PROBABILITIES   E(J= 25,IE) ==>F(J= 26,IF)
 K.E.IE==>      0            1            2            3
        1.00  0.000000E+00 0.000000E+00 0.000000E+00 0.000000E+00
        2.00  0.000000E+00 0.000000E+00 0.000000E+00 0.000000E+00
        3.00  0.000000E+00 0.000000E+00 0.000000E+00 0.000000E+00
        4.00  0.000000E+00 0.000000E+00 0.000000E+00 0.000000E+00
        5.00  0.000000E+00 0.000000E+00 0.000000E+00 0.000000E+00
        6.00  0.000000E+00 0.000000E+00 0.000000E+00 0.000000E+00
        7.00  0.000000E+00 0.000000E+00 0.151767E-37 0.201102E-36
        8.00  0.000000E+00 0.000000E+00 0.512777E-36 0.676190E-35
        9.00  0.000000E+00 0.000000E+00 0.114138E-34 0.149787E-33
       10.00  0.000000E+00 0.148304E-37 0.182796E-33 0.238733E-32
       11.00  0.193643E-37 0.182515E-36 0.224301E-32 0.291528E-31
       12.00  0.191706E-36 0.180274E-35 0.220895E-31 0.285719E-30
       13.00  0.157786E-35 0.148035E-34 0.180858E-30 0.232807E-29
       14.00  0.110968E-34 0.103871E-33 0.126528E-29 0.162087E-28
       15.00  0.681489E-34 0.636439E-33 0.772977E-29 0.985449E-28
       16.00  0.371924E-33 0.346539E-32 0.419643E-28 0.532419E-27
       17.00  0.182981E-32 0.170099E-31 0.205375E-27 0.259315E-26
       18.00  0.821227E-32 0.761657E-31 0.916903E-27 0.115215E-25
       19.00  0.339582E-31 0.314224E-30 0.377156E-26 0.471643E-25
       20.00  0.130467E-30 0.120447E-29 0.144143E-25 0.179387E-24
       21.00  0.469081E-30 0.432056E-29 0.515532E-25 0.638502E-24
       22.00  0.158806E-29 0.145935E-28 0.173616E-24 0.213995E-23
       23.00  0.508961E-29 0.466629E-28 0.553504E-24 0.678958E-23
       24.00  0.155140E-28 0.141909E-27 0.167831E-23 0.204882E-22
       25.00  0.451610E-28 0.412141E-27 0.485989E-23 0.590426E-22
       26.00  0.126001E-27 0.114724E-26 0.134881E-22 0.163079E-21
       27.00  0.338024E-27 0.307060E-26 0.359943E-22 0.433104E-21
       28.00  0.874423E-27 0.792490E-26 0.926230E-22 0.110914E-20
       29.00  0.218678E-26 0.197731E-25 0.230416E-21 0.274595E-20
       30.00  0.529903E-26 0.478036E-25 0.555411E-21 0.658724E-20
       31.00  0.124679E-25 0.112215E-24 0.129993E-20 0.153433E-19
       32.00  0.285368E-25 0.256247E-24 0.295965E-20 0.347658E-19
       33.00  0.636461E-25 0.570193E-24 0.656622E-20 0.767607E-19
       34.00  0.138537E-24 0.123825E-23 0.142173E-19 0.165406E-18
       35.00  0.294712E-24 0.262807E-23 0.300854E-19 0.348340E-18
       36.00  0.613524E-24 0.545839E-23 0.623010E-19 0.717887E-18
       37.00  0.125136E-23 0.111073E-22 0.126401E-18 0.144952E-17
       38.00  0.250334E-23 0.221686E-22 0.251532E-18 0.287065E-17
       39.00  0.491682E-23 0.434407E-22 0.491431E-18 0.558165E-17
       40.00  0.949029E-23 0.836536E-22 0.943542E-18 0.106654E-16
       42.00  0.336689E-22 0.295406E-21 0.331219E-17 0.370816E-16
       44.00  0.112473E-21 0.982250E-21 0.109481E-16 0.121398E-15
       46.00  0.355682E-21 0.309185E-20 0.342572E-16 0.376233E-15
       48.00  0.106978E-20 0.925622E-20 0.101949E-15 0.110897E-14
       50.00  0.307277E-20 0.264635E-19 0.289743E-15 0.312165E-14
       52.00  0.845924E-20 0.725151E-19 0.789238E-15 0.842196E-14
       54.00  0.223920E-19 0.191059E-18 0.206709E-14 0.218474E-13
       56.00  0.571550E-19 0.485406E-18 0.522045E-14 0.546495E-13
       58.00  0.141034E-18 0.119220E-17 0.127457E-13 0.132153E-12
       60.00  0.337207E-18 0.283725E-17 0.301521E-13 0.309651E-12
       62.00  0.782840E-18 0.655610E-17 0.692586E-13 0.704479E-12
       64.00  0.176793E-17 0.147370E-16 0.154754E-12 0.155911E-11
       66.00  0.389052E-17 0.322792E-16 0.336946E-12 0.336230E-11
       68.00  0.835557E-17 0.690018E-16 0.715979E-12 0.707651E-11
       70.00  0.175381E-16 0.144156E-15 0.148688E-11 0.145558E-10
       72.00  0.360235E-16 0.294716E-15 0.302165E-11 0.292989E-10
       74.00  0.724942E-16 0.590320E-15 0.601625E-11 0.577800E-10
       76.00  0.143090E-15 0.115973E-14 0.117488E-10 0.111761E-09
       78.00  0.277293E-15 0.223692E-14 0.225258E-10 0.212238E-09
       80.00  0.528076E-15 0.424003E-14 0.424418E-10 0.396082E-09
       82.00  0.989137E-15 0.790478E-14 0.786515E-10 0.727019E-09
       84.00  0.182375E-14 0.145064E-13 0.143472E-09 0.131357E-08
       86.00  0.331243E-14 0.262239E-13 0.257806E-09 0.233792E-08
       88.00  0.593059E-14 0.467310E-13 0.456656E-09 0.410181E-08
       90.00  0.104737E-13 0.821416E-13 0.797873E-09 0.709856E-08
       92.00  0.182564E-13 0.142506E-12 0.137590E-08 0.121248E-07
       94.00  0.314259E-13 0.244150E-12 0.234312E-08 0.204519E-07
       96.00  0.534497E-13 0.413301E-12 0.394263E-08 0.340860E-07
       98.00  0.898676E-13 0.691631E-12 0.655804E-08 0.561587E-07
      100.00  0.149439E-12 0.114468E-11 0.107885E-07 0.915076E-07
      102.00  0.245876E-12 0.187449E-11 0.175605E-07 0.147532E-06
      104.00  0.400441E-12 0.303845E-11 0.282932E-07 0.235442E-06
      106.00  0.645803E-12 0.487707E-11 0.451401E-07 0.372065E-06
      108.00  0.103172E-11 0.775465E-11 0.713408E-07 0.582437E-06
      110.00  0.163331E-11 0.122184E-10 0.111727E-06 0.903491E-06
      112.00  0.256311E-11 0.190833E-10 0.173447E-06 0.138927E-05
      114.00  0.398833E-11 0.295540E-10 0.266992E-06 0.211823E-05
      116.00  0.615557E-11 0.453975E-10 0.407642E-06 0.320338E-05
      118.00  0.942583E-11 0.691863E-10 0.617491E-06 0.480636E-05
      122.00  0.216072E-10 0.157098E-09 0.138517E-05 0.105779E-04
      126.00  0.481378E-10 0.346673E-09 0.301974E-05 0.226244E-04
      130.00  0.104413E-09 0.744814E-09 0.640922E-05 0.471113E-04
      134.00  0.220857E-09 0.156048E-08 0.132653E-04 0.956638E-04
      138.00  0.456242E-09 0.319294E-08 0.268129E-04 0.189708E-03
      142.00  0.921715E-09 0.638901E-08 0.529998E-04 0.367899E-03
      146.00  0.182327E-08 0.125177E-07 0.102576E-03 0.698569E-03
      150.00  0.353550E-08 0.240411E-07 0.194603E-03 0.130023E-02
      154.00  0.672744E-08 0.453084E-07 0.362275E-03 0.237476E-02
      158.00  0.125738E-07 0.838717E-07 0.662420E-03 0.426011E-02
      162.00  0.231042E-07 0.152634E-06 0.119075E-02 0.751298E-02
      166.00  0.417714E-07 0.273305E-06 0.210601E-02 0.130363E-01
      170.00  0.743649E-07 0.481880E-06 0.366764E-02 0.222731E-01
      174.00  0.130458E-06 0.837214E-06 0.629378E-02 0.374976E-01
      178.00  0.225670E-06 0.143427E-05 0.106494E-01 0.622462E-01
      182.00  0.385169E-06 0.242433E-05 0.177786E-01 0.101948E+00
      186.00  0.649017E-06 0.404552E-05 0.293011E-01 0.164837E+00
      190.00  0.108025E-05 0.666828E-05 0.477002E-01 0.263254E+00
      194.00  0.177696E-05 0.108626E-04 0.767406E-01 0.415492E+00
      198.00  0.289016E-05 0.174959E-04 0.122070E+00 0.648370E+00
      202.00  0.465000E-05 0.278753E-04 0.192071E+00 0.100081E+01
      206.00  0.740380E-05 0.439510E-04 0.299070E+00 0.152874E+01
      210.00  0.116708E-04 0.686048E-04 0.461012E+00 0.231173E+01
      214.00  0.182203E-04 0.106058E-03 0.703794E+00 0.346202E+01
      218.00  0.281821E-04 0.162438E-03 0.106445E+01 0.513648E+01
      222.00  0.432017E-04 0.246568E-03 0.159552E+01 0.755251E+01
      226.00  0.656566E-04 0.371046E-03 0.237089E+01 0.110089E+02
      230.00  0.989545E-04 0.553723E-03 0.349369E+01 0.159131E+02
      234.00  0.147944E-03 0.819701E-03 0.510677E+01 0.228165E+02
      238.00  0.219473E-03 0.120402E-02 0.740653E+01 0.324595E+02
      242.00  0.323145E-03 0.175524E-02 0.106610E+02 0.458296E+02
      246.00  0.472340E-03 0.254024E-02 0.152338E+02 0.642342E+02
      250.00  0.685571E-03 0.365045E-02 0.216143E+02 0.893929E+02
      254.00  0.988296E-03 0.521012E-02 0.304575E+02 0.123553E+03
      258.00  0.141531E-02 0.738706E-02 0.426344E+02 0.169632E+03
      262.00  0.201387E-02 0.104065E-01 0.592962E+02 0.231395E+03
      266.00  0.284784E-02 0.145692E-01 0.819554E+02 0.313673E+03
      270.00  0.400295E-02 0.202739E-01 0.112588E+03 0.422625E+03
      274.00  0.559377E-02 0.280474E-01 0.153762E+03 0.566065E+03
      282.00  0.107403E-01 0.527772E-01 0.281951E+03 0.998324E+03
      290.00  0.201837E-01 0.971944E-01 0.505938E+03 0.172280E+04
      298.00  0.371669E-01 0.175379E+00 0.889445E+03 0.291244E+04
      306.00  0.671347E-01 0.310398E+00 0.153356E+04 0.482828E+04
      314.00  0.119070E+00 0.539380E+00 0.259580E+04 0.785724E+04
      322.00  0.207548E+00 0.921085E+00 0.431742E+04 0.125626E+05
      330.00  0.355848E+00 0.154704E+01 0.706197E+04 0.197509E+05
      338.00  0.600588E+00 0.255762E+01 0.113688E+05 0.305580E+05
      346.00  0.998549E+00 0.416505E+01 0.180259E+05 0.465587E+05
      354.00  0.163658E+01 0.668566E+01 0.281691E+05 0.699048E+05
      362.00  0.264578E+01 0.105848E+02 0.434122E+05 0.103493E+06
      370.00  0.422162E+01 0.165385E+02 0.660190E+05 0.151171E+06
      378.00  0.665201E+01 0.255166E+02 0.991254E+05 0.217979E+06
      386.00  0.103561E+02 0.388942E+02 0.147021E+06 0.310432E+06
      394.00  0.159377E+02 0.585991E+02 0.215508E+06 0.436847E+06
      402.00  0.242566E+02 0.873050E+02 0.312342E+06 0.607708E+06
      410.00  0.365260E+02 0.128681E+03 0.447779E+06 0.836072E+06
      418.00  0.544397E+02 0.187713E+03 0.635242E+06 0.113801E+07
      426.00  0.803410E+02 0.271108E+03 0.892115E+06 0.153308E+07
      434.00  0.117442E+03 0.387807E+03 0.124069E+07 0.204478E+07
      442.00  0.170106E+03 0.549614E+03 0.170926E+07 0.270104E+07
      450.00  0.244211E+03 0.771984E+03 0.233342E+07 0.353471E+07
      458.00  0.347611E+03 0.107497E+04 0.315753E+07 0.458391E+07
      466.00  0.490713E+03 0.148440E+04 0.423638E+07 0.589249E+07
      474.00  0.687208E+03 0.203324E+04 0.563706E+07 0.751023E+07
      482.00  0.954967E+03 0.276324E+04 0.744098E+07 0.949301E+07
      490.00  0.131715E+04 0.372693E+04 0.974612E+07 0.119029E+08
      498.00  0.180356E+04 0.498982E+04 0.126694E+08 0.148077E+08
      506.00  0.245227E+04 0.663307E+04 0.163492E+08 0.182809E+08
      514.00  0.331163E+04 0.875654E+04 0.209479E+08 0.224011E+08
      522.00  0.444262E+04 0.114822E+05 0.266548E+08 0.272507E+08
      530.00  0.592170E+04 0.149581E+05 0.336886E+08 0.329154E+08
      538.00  0.784408E+04 0.193627E+05 0.422997E+08 0.394824E+08
      546.00  0.103277E+05 0.249098E+05 0.527732E+08 0.470388E+08
      554.00  0.135177E+05 0.318536E+05 0.654304E+08 0.556697E+08
      562.00  0.175917E+05 0.404948E+05 0.806309E+08 0.654557E+08
      570.00  0.227661E+05 0.511871E+05 0.987738E+08 0.764712E+08
      578.00  0.293026E+05 0.643433E+05 0.120299E+09 0.887811E+08
      586.00  0.375166E+05 0.804435E+05 0.145686E+09 0.102439E+09
      596.00  0.507248E+05 0.105566E+06 0.183645E+09 0.121463E+09
      606.00  0.680524E+05 0.137386E+06 0.229549E+09 0.142686E+09
      616.00  0.906062E+05 0.177459E+06 0.284581E+09 0.166095E+09
      626.00  0.119752E+06 0.227477E+06 0.349987E+09 0.191615E+09
      636.00  0.157149E+06 0.289450E+06 0.427072E+09 0.219106E+09
      646.00  0.204801E+06 0.365673E+06 0.517167E+09 0.248363E+09
      656.00  0.265111E+06 0.458756E+06 0.621606E+09 0.279103E+09
      666.00  0.340943E+06 0.571630E+06 0.741692E+09 0.310976E+09
      676.00  0.435682E+06 0.707567E+06 0.878658E+09 0.343556E+09
      686.00  0.553304E+06 0.870179E+06 0.103363E+10 0.376355E+09
      696.00  0.698449E+06 0.106342E+07 0.120757E+10 0.408825E+09
      706.00  0.876493E+06 0.129157E+07 0.140124E+10 0.440372E+09
      716.00  0.109363E+07 0.155922E+07 0.161517E+10 0.470368E+09
      726.00  0.135694E+07 0.187126E+07 0.184958E+10 0.498168E+09
      736.00  0.167446E+07 0.223280E+07 0.210434E+10 0.523127E+09
      746.00  0.205529E+07 0.264912E+07 0.237893E+10 0.544617E+09
      756.00  0.250960E+07 0.312567E+07 0.267243E+10 0.562051E+09
      766.00  0.304873E+07 0.366788E+07 0.298343E+10 0.574902E+09
      776.00  0.368526E+07 0.428119E+07 0.331008E+10 0.582724E+09
      786.00  0.443298E+07 0.497084E+07 0.365001E+10 0.585167E+09
      796.00  0.530699E+07 0.574185E+07 0.400039E+10 0.581996E+09
      806.00  0.632363E+07 0.659882E+07 0.435789E+10 0.573104E+09
      816.00  0.750052E+07 0.754581E+07 0.471873E+10 0.558518E+09
      826.00  0.885648E+07 0.858624E+07 0.507874E+10 0.538408E+09
      836.00  0.104115E+08 0.972273E+07 0.543337E+10 0.513090E+09
      846.00  0.121866E+08 0.109569E+08 0.577780E+10 0.483018E+09
      856.00  0.142038E+08 0.122894E+08 0.610700E+10 0.448778E+09
      866.00  0.164858E+08 0.137196E+08 0.641583E+10 0.411074E+09
      876.00  0.190560E+08 0.152454E+08 0.669912E+10 0.370710E+09
      886.00  0.219380E+08 0.168634E+08 0.695180E+10 0.328572E+09
      896.00  0.251557E+08 0.185685E+08 0.716903E+10 0.285597E+09
      906.00  0.287325E+08 0.203541E+08 0.734629E+10 0.242756E+09
      916.00  0.326917E+08 0.222118E+08 0.747949E+10 0.201017E+09
      926.00  0.370554E+08 0.241315E+08 0.756514E+10 0.161319E+09
      936.00  0.418446E+08 0.261015E+08 0.760039E+10 0.124546E+09
      946.00  0.470784E+08 0.281083E+08 0.758316E+10 0.914967E+08
      956.00  0.527740E+08 0.301368E+08 0.751219E+10 0.628623E+08
      966.00  0.589459E+08 0.321703E+08 0.738714E+10 0.392043E+08
      976.00  0.656056E+08 0.341910E+08 0.720864E+10 0.209378E+08
      986.00  0.727611E+08 0.361798E+08 0.697829E+10 0.831909E+07
      996.00  0.804164E+08 0.381165E+08 0.669869E+10 0.143835E+07
     1006.00  0.885712E+08 0.399805E+08 0.637339E+10 0.217768E+06
     1016.00  0.972203E+08 0.417503E+08 0.600688E+10 0.441527E+07
     1026.00  0.106353E+09 0.434047E+08 0.560449E+10 0.136335E+08
     1036.00  0.115954E+09 0.449224E+08 0.517233E+10 0.273336E+08
     1046.00  0.126000E+09 0.462827E+08 0.471716E+10 0.448543E+08
     1056.00  0.136463E+09 0.474657E+08 0.424628E+10 0.654337E+08
     1066.00  0.147308E+09 0.484529E+08 0.376738E+10 0.882353E+08
     1076.00  0.158496E+09 0.492274E+08 0.328837E+10 0.112375E+09
     1086.00  0.169977E+09 0.497741E+08 0.281723E+10 0.136953E+09
     1096.00  0.181698E+09 0.500802E+08 0.236183E+10 0.161076E+09
     1106.00  0.193598E+09 0.501356E+08 0.192974E+10 0.183896E+09
     1116.00  0.205610E+09 0.499330E+08 0.152811E+10 0.204625E+09
     1126.00  0.217661E+09 0.494680E+08 0.116346E+10 0.222570E+09
     1136.00  0.229675E+09 0.487398E+08 0.841556E+09 0.237146E+09
     1146.00  0.241567E+09 0.477509E+08 0.567283E+09 0.247898E+09
     1156.00  0.253253E+09 0.465075E+08 0.344512E+09 0.254508E+09
     1166.00  0.264641E+09 0.450190E+08 0.176024E+09 0.256805E+09
     1176.00  0.275639E+09 0.432988E+08 0.634429E+08 0.254769E+09
     1186.00  0.286153E+09 0.413634E+08 0.719656E+07 0.248522E+09
     1196.00  0.296087E+09 0.392326E+08 0.650962E+07 0.238326E+09
     1206.00  0.305347E+09 0.369294E+08 0.594217E+08 0.224568E+09
     1216.00  0.313840E+09 0.344797E+08 0.162835E+09 0.207746E+09
     1226.00  0.321475E+09 0.319115E+08 0.312591E+09 0.188447E+09
     1236.00  0.328168E+09 0.292554E+08 0.503568E+09 0.167327E+09
     1246.00  0.333836E+09 0.265430E+08 0.729806E+09 0.145085E+09
     1256.00  0.338404E+09 0.238077E+08 0.984652E+09 0.122441E+09
     1266.00  0.341805E+09 0.210831E+08 0.126091E+10 0.100110E+09
     1276.00  0.343980E+09 0.184031E+08 0.155103E+10 0.787784E+08
     1286.00  0.344878E+09 0.158013E+08 0.184727E+10 0.590817E+08
     1296.00  0.344461E+09 0.133103E+08 0.214187E+10 0.415840E+08
     1306.00  0.342701E+09 0.109612E+08 0.242729E+10 0.267615E+08
     1316.00  0.339583E+09 0.878307E+07 0.269630E+10 0.149888E+08
     1326.00  0.335105E+09 0.680259E+07 0.294222E+10 0.652836E+07
     1336.00  0.329277E+09 0.504344E+07 0.315904E+10 0.152550E+07
     1346.00  0.322124E+09 0.352596E+07 0.334155E+10 0.594357E+04
     1356.00  0.313684E+09 0.226676E+07 0.348547E+10 0.187834E+07
     1366.00  0.304009E+09 0.127843E+07 0.358752E+10 0.694035E+07
     1376.00  0.293166E+09 0.569334E+06 0.364550E+10 0.148883E+08
     1386.00  0.281234E+09 0.143386E+06 0.365834E+10 0.253300E+08
     1396.00  0.268306E+09 0.207350E+02 0.362607E+10 0.378003E+08
     1406.00  0.254485E+09 0.134158E+06 0.354985E+10 0.517784E+08
     1416.00  0.239887E+09 0.536283E+06 0.343189E+10 0.667067E+08
     1426.00  0.224639E+09 0.119260E+07 0.327538E+10 0.820107E+08
     1436.00  0.208875E+09 0.208524E+07 0.308443E+10 0.971182E+08
     1446.00  0.192737E+09 0.319261E+07 0.286392E+10 0.111479E+09
     1456.00  0.176372E+09 0.448970E+07 0.261937E+10 0.124581E+09
     1466.00  0.159934E+09 0.594854E+07 0.235684E+10 0.135970E+09
     1476.00  0.143578E+09 0.753871E+07 0.208270E+10 0.145260E+09
     1486.00  0.127459E+09 0.922784E+07 0.180353E+10 0.152144E+09
     1496.00  0.111732E+09 0.109822E+08 0.152594E+10 0.156406E+09
     1506.00  0.965492E+08 0.127672E+08 0.125636E+10 0.157924E+09
     1516.00  0.820564E+08 0.145483E+08 0.100095E+10 0.156672E+09
     1526.00  0.683937E+08 0.162910E+08 0.765427E+09 0.152716E+09
     1536.00  0.556927E+08 0.179623E+08 0.554916E+09 0.146216E+09
     1546.00  0.440743E+08 0.195303E+08 0.373851E+09 0.137415E+09
     1556.00  0.336476E+08 0.209658E+08 0.225873E+09 0.126628E+09
     1566.00  0.245082E+08 0.222419E+08 0.113753E+09 0.114235E+09
     1576.00  0.167370E+08 0.233350E+08 0.393364E+08 0.100663E+09
     1586.00  0.103988E+08 0.242251E+08 0.351782E+07 0.863748E+08
     1596.00  0.554162E+07 0.248959E+08 0.623129E+07 0.718524E+08
     1606.00  0.219554E+07 0.253354E+08 0.464706E+08 0.575816E+08
     1616.00  0.372589E+06 0.255359E+08 0.122330E+09 0.440377E+08
     1626.00  0.661814E+05 0.254943E+08 0.231069E+09 0.316706E+08
     1636.00  0.125113E+07 0.252117E+08 0.369193E+09 0.208923E+08
     1646.00  0.388382E+07 0.246940E+08 0.532554E+09 0.120655E+08
     1656.00  0.790267E+07 0.239511E+08 0.716468E+09 0.549421E+07
     1666.00  0.132288E+08 0.229973E+08 0.915838E+09 0.141657E+07
     1676.00  0.197669E+08 0.218505E+08 0.112529E+10 0.409850E+03
     1686.00  0.274065E+08 0.205321E+08 0.133933E+10 0.134101E+07
     1696.00  0.360235E+08 0.190668E+08 0.155244E+10 0.546154E+07
     1706.00  0.454811E+08 0.174817E+08 0.175926E+10 0.123162E+08
     1716.00  0.556325E+08 0.158062E+08 0.195473E+10 0.217955E+08
     1726.00  0.663220E+08 0.140712E+08 0.213415E+10 0.337345E+08
     1736.00  0.773876E+08 0.123087E+08 0.229336E+10 0.479227E+08
     1746.00  0.886629E+08 0.105513E+08 0.242883E+10 0.641163E+08
     1756.00  0.999794E+08 0.883175E+07 0.253771E+10 0.820524E+08
     1766.00  0.111169E+09 0.718217E+07 0.261793E+10 0.101465E+09
     1776.00  0.122066E+09 0.563392E+07 0.266821E+10 0.122105E+09
     1786.00  0.132509E+09 0.421718E+07 0.268816E+10 0.143758E+09
     1796.00  0.142345E+09 0.296072E+07 0.267823E+10 0.166274E+09
     1806.00  0.151429E+09 0.189189E+07 0.263971E+10 0.189592E+09
     1816.00  0.159628E+09 0.103685E+07 0.257476E+10 0.213785E+09
     1826.00  0.166822E+09 0.421233E+06 0.248638E+10 0.239117E+09
     1836.00  0.172905E+09 0.713653E+05 0.237837E+10 0.266119E+09
     1846.00  0.177790E+09 0.166048E+05 0.225538E+10 0.295732E+09
     1856.00  0.181405E+09 0.293536E+06 0.212299E+10 0.329536E+09
     1866.00  0.183699E+09 0.953765E+06 0.198793E+10 0.370173E+09
     1876.00  0.184643E+09 0.207915E+07 0.185865E+10 0.422194E+09
     1886.00  0.184225E+09 0.381385E+07 0.174661E+10 0.493878E+09
     1896.00  0.182462E+09 0.643904E+07 0.166956E+10 0.601590E+09
     1906.00  0.179395E+09 0.105729E+08 0.166064E+10 0.781817E+09
     1916.00  0.175103E+09 0.178217E+08 0.179883E+10 0.113165E+10
     1926.00  0.169744E+09 0.336572E+08 0.234670E+10 0.199427E+10
     1936.00  0.163789E+09 0.899313E+08 0.485583E+10 0.547472E+10
     1946.00  0.163956E+09 0.165462E+10 0.842667E+11 0.117251E+12
     1956.00  0.141814E+09 0.114145E+09 0.761069E+10 0.112953E+11
     1966.00  0.134094E+09 0.979935E+07 0.142909E+10 0.185202E+10
     1976.00  0.124359E+09 0.893994E+06 0.737411E+09 0.692044E+09
     1986.00  0.113853E+09 0.223020E+05 0.588658E+09 0.357468E+09
     1996.00  0.102910E+09 0.687566E+06 0.585746E+09 0.223652E+09
     2006.00  0.917481E+08 0.168725E+07 0.648248E+09 0.160172E+09
     2016.00  0.805583E+08 0.269490E+07 0.751166E+09 0.127091E+09
     2026.00  0.695199E+08 0.359894E+07 0.883630E+09 0.109146E+09
     2036.00  0.588052E+08 0.435462E+07 0.103910E+10 0.995628E+08
     2046.00  0.485795E+08 0.494244E+07 0.121241E+10 0.949687E+08
     2056.00  0.389992E+08 0.535460E+07 0.139884E+10 0.935038E+08
     2066.00  0.302106E+08 0.559029E+07 0.159371E+10 0.940359E+08
     2076.00  0.223470E+08 0.565389E+07 0.179233E+10 0.958026E+08
     2086.00  0.155274E+08 0.555434E+07 0.199003E+10 0.982378E+08
     2096.00  0.985442E+07 0.530484E+07 0.218220E+10 0.100886E+09
     2106.00  0.541261E+07 0.492267E+07 0.236437E+10 0.103361E+09
     2116.00  0.226710E+07 0.442902E+07 0.253234E+10 0.105324E+09
     2126.00  0.462424E+06 0.384877E+07 0.268224E+10 0.106477E+09
     2136.00  0.216645E+05 0.321020E+07 0.281063E+10 0.106563E+09
     2146.00  0.945896E+06 0.254461E+07 0.291457E+10 0.105371E+09
     2156.00  0.321397E+07 0.188595E+07 0.299168E+10 0.102742E+09
     2166.00  0.678261E+07 0.127034E+07 0.304021E+10 0.985742E+08
     2176.00  0.115869E+08 0.735516E+06 0.305907E+10 0.928340E+08
     2186.00  0.175411E+08 0.320333E+06 0.304784E+10 0.855604E+08
     2196.00  0.245397E+08 0.641553E+05 0.300678E+10 0.768733E+08
     2206.00  0.324589E+08 0.628659E+04 0.293682E+10 0.669787E+08
     2216.00  0.411584E+08 0.185378E+06 0.283953E+10 0.561735E+08
     2226.00  0.504834E+08 0.638853E+06 0.271706E+10 0.448495E+08
     2236.00  0.602672E+08 0.140236E+07 0.257213E+10 0.334952E+08
     2246.00  0.703330E+08 0.250924E+07 0.240787E+10 0.226977E+08
     2256.00  0.804977E+08 0.399009E+07 0.222782E+10 0.131424E+08
     2266.00  0.905738E+08 0.587229E+07 0.203580E+10 0.561305E+07
     2276.00  0.100373E+09 0.817971E+07 0.183579E+10 0.989852E+06
     2286.00  0.109710E+09 0.109324E+08 0.163188E+10 0.248396E+06
     2296.00  0.118404E+09 0.141465E+08 0.142810E+10 0.445774E+07
     2306.00  0.126283E+09 0.178338E+08 0.122836E+10 0.147791E+08
     2316.00  0.133187E+09 0.220022E+08 0.103630E+10 0.324653E+08
     2326.00  0.138970E+09 0.266555E+08 0.855258E+09 0.588612E+08
     2336.00  0.143506E+09 0.317936E+08 0.688113E+09 0.954061E+08
     2346.00  0.146687E+09 0.374127E+08 0.537251E+09 0.143638E+09
     2356.00  0.148428E+09 0.435061E+08 0.404485E+09 0.205201E+09
     2366.00  0.148672E+09 0.500640E+08 0.291009E+09 0.281856E+09
     2376.00  0.147387E+09 0.570747E+08 0.197364E+09 0.375497E+09
     2386.00  0.144569E+09 0.645248E+08 0.123434E+09 0.488167E+09
     2396.00  0.140247E+09 0.724003E+08 0.684469E+08 0.622087E+09
     2406.00  0.134480E+09 0.806871E+08 0.310105E+08 0.779690E+09
     2416.00  0.127357E+09 0.893721E+08 0.916573E+07 0.963654E+09
     2426.00  0.119000E+09 0.984441E+08 0.463949E+06 0.117696E+10
     2436.00  0.109563E+09 0.107895E+09 0.206920E+07 0.142292E+10
     2446.00  0.992277E+08 0.117719E+09 0.108844E+08 0.170531E+10
     2456.00  0.882063E+08 0.127919E+09 0.237022E+08 0.202836E+10
     2466.00  0.767367E+08 0.138499E+09 0.373807E+08 0.239691E+10
     2476.00  0.650806E+08 0.149474E+09 0.490428E+08 0.281650E+10
     2486.00  0.535196E+08 0.160864E+09 0.562995E+08 0.329344E+10
     2496.00  0.423507E+08 0.172701E+09 0.574953E+08 0.383499E+10
     2506.00  0.318812E+08 0.185024E+09 0.519733E+08 0.444941E+10
     2516.00  0.224213E+08 0.197881E+09 0.403556E+08 0.514615E+10
     2526.00  0.142763E+08 0.211332E+09 0.248326E+08 0.593586E+10
     2536.00  0.773616E+07 0.225442E+09 0.944750E+07 0.683049E+10
     2546.00  0.306380E+07 0.240285E+09 0.359212E+06 0.784326E+10
     2556.00  0.479974E+06 0.255938E+09 0.605325E+07 0.898848E+10
     2566.00  0.146213E+06 0.272475E+09 0.374580E+08 0.102812E+11
     2576.00  0.214485E+07 0.289962E+09 0.107906E+09 0.117367E+11
     2586.00  0.645697E+07 0.308446E+09 0.232860E+09 0.133695E+11
     2596.00  0.129396E+08 0.327941E+09 0.429305E+09 0.151918E+11
     2606.00  0.213046E+08 0.348413E+09 0.714696E+09 0.172117E+11
     2616.00  0.311035E+08 0.369761E+09 0.110537E+10 0.194309E+11
     2626.00  0.417241E+08 0.391802E+09 0.161440E+10 0.218414E+11
     2636.00  0.524061E+08 0.414251E+09 0.224893E+10 0.244229E+11
     2646.00  0.622830E+08 0.436716E+09 0.300730E+10 0.271399E+11
     2656.00  0.704540E+08 0.458705E+09 0.387644E+10 0.299406E+11
     2666.00  0.760846E+08 0.479653E+09 0.483028E+10 0.327573E+11
     2676.00  0.785237E+08 0.498966E+09 0.582986E+10 0.355105E+11
     2686.00  0.774153E+08 0.516082E+09 0.682574E+10 0.381149E+11
     2696.00  0.727770E+08 0.530544E+09 0.776276E+10 0.404882E+11
     2706.00  0.650218E+08 0.542057E+09 0.858645E+10 0.425604E+11
     2716.00  0.549109E+08 0.550526E+09 0.924965E+10 0.442816E+11
     2726.00  0.434472E+08 0.556060E+09 0.971809E+10 0.456266E+11
     2736.00  0.317350E+08 0.558944E+09 0.997353E+10 0.465951E+11
     2746.00  0.208380E+08 0.559587E+09 0.100142E+11 0.472088E+11
     2756.00  0.116654E+08 0.558464E+09 0.985268E+10 0.475055E+11
     2766.00  0.489993E+07 0.556057E+09 0.951267E+10 0.475325E+11
     2776.00  0.970465E+06 0.552814E+09 0.902461E+10 0.473406E+11
     2786.00  0.611018E+05 0.549117E+09 0.842203E+10 0.469788E+11
     2796.00  0.214359E+07 0.545272E+09 0.773846E+10 0.464918E+11
     2806.00  0.702119E+07 0.541504E+09 0.700522E+10 0.459176E+11
     2816.00  0.143746E+08 0.537966E+09 0.625011E+10 0.452875E+11
     2826.00  0.238043E+08 0.534746E+09 0.549673E+10 0.446259E+11
     2836.00  0.348655E+08 0.531880E+09 0.476438E+10 0.439512E+11
     2846.00  0.470974E+08 0.529364E+09 0.406812E+10 0.432767E+11
     2856.00  0.600437E+08 0.527161E+09 0.341923E+10 0.426115E+11
     2866.00  0.732687E+08 0.525214E+09 0.282555E+10 0.419612E+11
     2876.00  0.863682E+08 0.523449E+09 0.229197E+10 0.413290E+11
     2886.00  0.989770E+08 0.521784E+09 0.182086E+10 0.407161E+11
     2896.00  0.110774E+09 0.520130E+09 0.141252E+10 0.401223E+11
     2906.00  0.121482E+09 0.518398E+09 0.106552E+10 0.395464E+11
     2916.00  0.130876E+09 0.516501E+09 0.777068E+09 0.389864E+11
     2926.00  0.138775E+09 0.514354E+09 0.543306E+09 0.384401E+11
     2936.00  0.145044E+09 0.511878E+09 0.359577E+09 0.379051E+11
     2946.00  0.149598E+09 0.509000E+09 0.220677E+09 0.373787E+11
     2956.00  0.152391E+09 0.505657E+09 0.121061E+09 0.368584E+11
     2966.00  0.153419E+09 0.501791E+09 0.550356E+08 0.363420E+11
     2976.00  0.152717E+09 0.497355E+09 0.169226E+08 0.358272E+11
     2986.00  0.150354E+09 0.492313E+09 0.120334E+07 0.353120E+11
     2996.00  0.146430E+09 0.486634E+09 0.264028E+07 0.347947E+11
     3006.00  0.141072E+09 0.480300E+09 0.163794E+08 0.342740E+11
     3016.00  0.134429E+09 0.473302E+09 0.380321E+08 0.337486E+11
     3026.00  0.126672E+09 0.465640E+09 0.637377E+08 0.332177E+11
     3036.00  0.117985E+09 0.457323E+09 0.902080E+08 0.326805E+11
     3046.00  0.108562E+09 0.448369E+09 0.114753E+09 0.321368E+11
     3056.00  0.986040E+08 0.438802E+09 0.135288E+09 0.315863E+11
     3066.00  0.883153E+08 0.428656E+09 0.150332E+09 0.310293E+11
     3076.00  0.778970E+08 0.417971E+09 0.158979E+09 0.304659E+11
     3086.00  0.675454E+08 0.406793E+09 0.160866E+09 0.298968E+11
     3096.00  0.574478E+08 0.395171E+09 0.156130E+09 0.293224E+11
     3106.00  0.477793E+08 0.383161E+09 0.145346E+09 0.287438E+11
     3116.00  0.387002E+08 0.370821E+09 0.129466E+09 0.281617E+11
     3126.00  0.303534E+08 0.358213E+09 0.109748E+09 0.275772E+11
     3136.00  0.228627E+08 0.345399E+09 0.876863E+08 0.269915E+11
     3146.00  0.163307E+08 0.332442E+09 0.649324E+08 0.264056E+11
     3156.00  0.108381E+08 0.319405E+09 0.432231E+08 0.258208E+11
     3166.00  0.644306E+07 0.306350E+09 0.243076E+08 0.252384E+11
     3176.00  0.318060E+07 0.293339E+09 0.987983E+07 0.246595E+11
     3186.00  0.106319E+07 0.280430E+09 0.151614E+07 0.240854E+11
     3196.00  0.811993E+05 0.267678E+09 0.619542E+06 0.235172E+11
     3206.00  0.203923E+06 0.255135E+09 0.837257E+07 0.229562E+11
     3216.00  0.138095E+07 0.242850E+09 0.256987E+08 0.224033E+11
     3226.00  0.354384E+07 0.230868E+09 0.532335E+08 0.218596E+11
     3236.00  0.660807E+07 0.219227E+09 0.913052E+08 0.213260E+11
     3246.00  0.104752E+08 0.207963E+09 0.139926E+09 0.208034E+11
     3256.00  0.150352E+08 0.197106E+09 0.198790E+09 0.202927E+11
     3266.00  0.201689E+08 0.186681E+09 0.267287E+09 0.197943E+11
     3276.00  0.257506E+08 0.176710E+09 0.344517E+09 0.193091E+11
     3286.00  0.316505E+08 0.167209E+09 0.429317E+09 0.188374E+11
     3296.00  0.377376E+08 0.158189E+09 0.520292E+09 0.183796E+11
     3306.00  0.438815E+08 0.149659E+09 0.615856E+09 0.179360E+11
     3316.00  0.499554E+08 0.141621E+09 0.714273E+09 0.175070E+11
     3326.00  0.558380E+08 0.134076E+09 0.813699E+09 0.170925E+11
     3336.00  0.614155E+08 0.127022E+09 0.912236E+09 0.166926E+11
     3346.00  0.665836E+08 0.120451E+09 0.100797E+10 0.163073E+11
     3356.00  0.712488E+08 0.114356E+09 0.109904E+10 0.159365E+11
     3366.00  0.753299E+08 0.108726E+09 0.118364E+10 0.155800E+11
     3376.00  0.787590E+08 0.103549E+09 0.126010E+10 0.152374E+11
     3386.00  0.814822E+08 0.988111E+08 0.132693E+10 0.149085E+11
     3396.00  0.834602E+08 0.944974E+08 0.138281E+10 0.145929E+11
     3406.00  0.846681E+08 0.905926E+08 0.142665E+10 0.142901E+11
     3416.00  0.850960E+08 0.870808E+08 0.145762E+10 0.139997E+11
     3426.00  0.847482E+08 0.839457E+08 0.147513E+10 0.137212E+11
     3436.00  0.836428E+08 0.811713E+08 0.147888E+10 0.134539E+11
     3446.00  0.818110E+08 0.787418E+08 0.146884E+10 0.131973E+11
     3456.00  0.792957E+08 0.766415E+08 0.144525E+10 0.129509E+11
     3466.00  0.761512E+08 0.748554E+08 0.140862E+10 0.127138E+11
     3476.00  0.724409E+08 0.733690E+08 0.135970E+10 0.124856E+11
     3486.00  0.682368E+08 0.721684E+08 0.129947E+10 0.122655E+11
     3496.00  0.636174E+08 0.712403E+08 0.122915E+10 0.120529E+11
     3506.00  0.586664E+08 0.705718E+08 0.115008E+10 0.118470E+11
     3516.00  0.534712E+08 0.701509E+08 0.106380E+10 0.116473E+11
     3526.00  0.481211E+08 0.699656E+08 0.971933E+09 0.114531E+11
     3536.00  0.427059E+08 0.700048E+08 0.876201E+09 0.112636E+11
     3546.00  0.373145E+08 0.702573E+08 0.778362E+09 0.110782E+11
     3556.00  0.320331E+08 0.707124E+08 0.680189E+09 0.108964E+11
     3566.00  0.269442E+08 0.713592E+08 0.583426E+09 0.107175E+11
     3576.00  0.221253E+08 0.721870E+08 0.489763E+09 0.105409E+11
     3586.00  0.176477E+08 0.731849E+08 0.400801E+09 0.103660E+11
     3596.00  0.135756E+08 0.743417E+08 0.318022E+09 0.101924E+11
     3606.00  0.996532E+07 0.756461E+08 0.242768E+09 0.100195E+11
     3616.00  0.686439E+07 0.770860E+08 0.176215E+09 0.984680E+10
     3626.00  0.431138E+07 0.786493E+08 0.119359E+09 0.967393E+10
     3636.00  0.233536E+07 0.803229E+08 0.729971E+08 0.950047E+10
     3646.00  0.955724E+06 0.820935E+08 0.377226E+08 0.932606E+10
     3656.00  0.182188E+06 0.839472E+08 0.139157E+08 0.915039E+10
     3666.00  0.148846E+05 0.858692E+08 0.174324E+07 0.897318E+10
     3676.00  0.444627E+06 0.878444E+08 0.116101E+07 0.879420E+10
     3686.00  0.145330E+07 0.898573E+08 0.119199E+08 0.861327E+10
     3696.00  0.301435E+07 0.918916E+08 0.335758E+08 0.843023E+10
     3706.00  0.509344E+07 0.939310E+08 0.655025E+08 0.824498E+10
     3716.00  0.764914E+07 0.959586E+08 0.106908E+09 0.805748E+10
     3726.00  0.106337E+08 0.979575E+08 0.156851E+09 0.786770E+10
     3736.00  0.139941E+08 0.999105E+08 0.214266E+09 0.767568E+10
     3746.00  0.176725E+08 0.101801E+09 0.277980E+09 0.748148E+10
     3756.00  0.216078E+08 0.103611E+09 0.346739E+09 0.728522E+10
     3766.00  0.257362E+08 0.105326E+09 0.419231E+09 0.708703E+10
     3776.00  0.299924E+08 0.106928E+09 0.494111E+09 0.688710E+10
     3786.00  0.343102E+08 0.108403E+09 0.570023E+09 0.668564E+10
     3796.00  0.386241E+08 0.109736E+09 0.645625E+09 0.648288E+10
     3806.00  0.428696E+08 0.110912E+09 0.719613E+09 0.627911E+10
     3816.00  0.469845E+08 0.111920E+09 0.790739E+09 0.607460E+10
     3826.00  0.509094E+08 0.112747E+09 0.857830E+09 0.586968E+10
     3836.00  0.545887E+08 0.113382E+09 0.919810E+09 0.566467E+10
     3846.00  0.579712E+08 0.113818E+09 0.975710E+09 0.545992E+10
     3856.00  0.610108E+08 0.114046E+09 0.102469E+10 0.525578E+10
     3866.00  0.636669E+08 0.114059E+09 0.106602E+10 0.505262E+10
     3876.00  0.659048E+08 0.113854E+09 0.109915E+10 0.485080E+10
     3886.00  0.676962E+08 0.113427E+09 0.112364E+10 0.465069E+10
     3896.00  0.690193E+08 0.112776E+09 0.113922E+10 0.445265E+10
     3906.00  0.698593E+08 0.111903E+09 0.114576E+10 0.425705E+10
     3916.00  0.702080E+08 0.110808E+09 0.114328E+10 0.406422E+10
     3926.00  0.700640E+08 0.109494E+09 0.113193E+10 0.387452E+10
     3936.00  0.694327E+08 0.107968E+09 0.111203E+10 0.368825E+10
     3946.00  0.683259E+08 0.106235E+09 0.108399E+10 0.350574E+10
     3956.00  0.667617E+08 0.104303E+09 0.104835E+10 0.332727E+10
     3966.00  0.647642E+08 0.102181E+09 0.100575E+10 0.315310E+10
     3976.00  0.623629E+08 0.998798E+08 0.956950E+09 0.298349E+10
     3986.00  0.595924E+08 0.974103E+08 0.902745E+09 0.281865E+10
     3996.00  0.564918E+08 0.947854E+08 0.844018E+09 0.265879E+10
     4006.00  0.531042E+08 0.920184E+08 0.781692E+09 0.250408E+10
     4016.00  0.494763E+08 0.891233E+08 0.716721E+09 0.235466E+10
     4026.00  0.456573E+08 0.861150E+08 0.650077E+09 0.221066E+10
     4036.00  0.416987E+08 0.830088E+08 0.582729E+09 0.207218E+10
     4046.00  0.376535E+08 0.798201E+08 0.515632E+09 0.193927E+10
     4056.00  0.335756E+08 0.765648E+08 0.449713E+09 0.181199E+10
     4066.00  0.295192E+08 0.732587E+08 0.385857E+09 0.169036E+10
     4076.00  0.255379E+08 0.699175E+08 0.324892E+09 0.157437E+10
     4086.00  0.216845E+08 0.665568E+08 0.267582E+09 0.146399E+10
     4096.00  0.180101E+08 0.631920E+08 0.214618E+09 0.135917E+10
     4106.00  0.145637E+08 0.598376E+08 0.166603E+09 0.125984E+10
     4116.00  0.113915E+08 0.565080E+08 0.124054E+09 0.116591E+10
     4126.00  0.853692E+07 0.532168E+08 0.873914E+08 0.107728E+10
     4136.00  0.603939E+07 0.499768E+08 0.569367E+08 0.993825E+09
     4146.00  0.393460E+07 0.467999E+08 0.329113E+08 0.915402E+09
     4156.00  0.225391E+07 0.436973E+08 0.154354E+08 0.841863E+09
     4166.00  0.102412E+07 0.406792E+08 0.452959E+07 0.773048E+09
     4176.00  0.267237E+06 0.377545E+08 0.116916E+06 0.708787E+09
     4186.00  0.306037E+03 0.349316E+08 0.202718E+07 0.648901E+09
     4196.00  0.235302E+06 0.322173E+08 0.100019E+08 0.593207E+09
     4206.00  0.979074E+06 0.296177E+08 0.237007E+08 0.541516E+09
     4216.00  0.223334E+07 0.271377E+08 0.427086E+08 0.493636E+09
     4226.00  0.399474E+07 0.247809E+08 0.665439E+08 0.449375E+09
     4236.00  0.625493E+07 0.225503E+08 0.946675E+08 0.408539E+09
     4246.00  0.900074E+07 0.204476E+08 0.126492E+09 0.370935E+09
     4256.00  0.122144E+08 0.184734E+08 0.161391E+09 0.336374E+09
     4266.00  0.158736E+08 0.166277E+08 0.198712E+09 0.304668E+09
     4276.00  0.199522E+08 0.149094E+08 0.237780E+09 0.275634E+09
     4286.00  0.244199E+08 0.133166E+08 0.277918E+09 0.249094E+09
     4296.00  0.292433E+08 0.118466E+08 0.318446E+09 0.224876E+09
     4306.00  0.343855E+08 0.104962E+08 0.358698E+09 0.202812E+09
     4316.00  0.398072E+08 0.926127E+07 0.398029E+09 0.182743E+09
     4326.00  0.454668E+08 0.813746E+07 0.435822E+09 0.164516E+09
     4336.00  0.513206E+08 0.711976E+07 0.471500E+09 0.147986E+09
     4346.00  0.573235E+08 0.620285E+07 0.504529E+09 0.133014E+09
     4356.00  0.634296E+08 0.538106E+07 0.534426E+09 0.119471E+09
     4366.00  0.695922E+08 0.464853E+07 0.560768E+09 0.107235E+09
     4376.00  0.757645E+08 0.399922E+07 0.583189E+09 0.961888E+08
     4386.00  0.818999E+08 0.342702E+07 0.601391E+09 0.862268E+08
     4396.00  0.879526E+08 0.292582E+07 0.615143E+09 0.772488E+08
     4406.00  0.938778E+08 0.248955E+07 0.624284E+09 0.691622E+08
     4416.00  0.996320E+08 0.211227E+07 0.628722E+09 0.618813E+08
     4426.00  0.105174E+09 0.178822E+07 0.628437E+09 0.553274E+08
     4436.00  0.110463E+09 0.151185E+07 0.623474E+09 0.494281E+08
     4446.00  0.115464E+09 0.127790E+07 0.613950E+09 0.441170E+08
     4456.00  0.120141E+09 0.108143E+07 0.600040E+09 0.393339E+08
     4466.00  0.124463E+09 0.917837E+06 0.581984E+09 0.350238E+08
     4476.00  0.128402E+09 0.782908E+06 0.560073E+09 0.311370E+08
     4486.00  0.131933E+09 0.672830E+06 0.534652E+09 0.276287E+08
     4511.00  0.138841E+09 0.485125E+06 0.458390E+09 0.202601E+08
     4536.00  0.142833E+09 0.391401E+06 0.369737E+09 0.144984E+08
     4561.00  0.143815E+09 0.366972E+06 0.276582E+09 0.996581E+07
     4586.00  0.141830E+09 0.402519E+06 0.187026E+09 0.640316E+07
     4611.00  0.137054E+09 0.501818E+06 0.108732E+09 0.365350E+07
     4636.00  0.129774E+09 0.678689E+06 0.483500E+08 0.164936E+07
     4661.00  0.120373E+09 0.953459E+06 0.110443E+08 0.403591E+06
     4686.00  0.109300E+09 0.134923E+07 0.154046E+06 0.224041E+04
     4711.00  0.970495E+08 0.188822E+07 0.170084E+08 0.597984E+06
     4736.00  0.841304E+08 0.258852E+07 0.608957E+08 0.240288E+07
     4761.00  0.710437E+08 0.346128E+07 0.129181E+09 0.567928E+07
     4786.00  0.582579E+08 0.450869E+07 0.217552E+09 0.107282E+08
     4811.00  0.461898E+08 0.572271E+07 0.320375E+09 0.178750E+08
     4836.00  0.351879E+08 0.708465E+07 0.431120E+09 0.274518E+08
     4861.00  0.255221E+08 0.856551E+07 0.542833E+09 0.397783E+08
     4886.00  0.173761E+08 0.101272E+08 0.648607E+09 0.551410E+08
     4911.00  0.108463E+08 0.117240E+08 0.742039E+09 0.737720E+08
     4936.00  0.594428E+07 0.133053E+08 0.817619E+09 0.958289E+08
     4961.00  0.260319E+07 0.148175E+08 0.871058E+09 0.121378E+09
     4986.00  0.688215E+06 0.162075E+08 0.899510E+09 0.150377E+09
     5011.00  0.919886E+04 0.174245E+08 0.901699E+09 0.182671E+09
     5036.00  0.335321E+06 0.184233E+08 0.877939E+09 0.217983E+09
     5061.00  0.141078E+07 0.191662E+08 0.830057E+09 0.255916E+09
     5086.00  0.297065E+07 0.196247E+08 0.761222E+09 0.295964E+09
     5111.00  0.475622E+07 0.197811E+08 0.675705E+09 0.337519E+09
     5136.00  0.652899E+07 0.196289E+08 0.578583E+09 0.379893E+09
     5161.00  0.808281E+07 0.191733E+08 0.475406E+09 0.422340E+09
     5186.00  0.925375E+07 0.184304E+08 0.371854E+09 0.464076E+09
     5211.00  0.992727E+07 0.174269E+08 0.273407E+09 0.504313E+09
     5236.00  0.100426E+08 0.161982E+08 0.185035E+09 0.542278E+09
     5261.00  0.959399E+07 0.147868E+08 0.110939E+09 0.577247E+09
     5286.00  0.862986E+07 0.132408E+08 0.543449E+08 0.608562E+09
     5311.00  0.724847E+07 0.116109E+08 0.173656E+08 0.635660E+09
     5336.00  0.559198E+07 0.994908E+07 0.931570E+06 0.658083E+09
     5361.00  0.383835E+07 0.830588E+07 0.479120E+07 0.675494E+09
     5386.00  0.219192E+07 0.672867E+07 0.275777E+08 0.687685E+09
     5411.00  0.872956E+06 0.525981E+07 0.669340E+08 0.694579E+09
     5436.00  0.106736E+06 0.393521E+07 0.119687E+09 0.696226E+09
     5461.00  0.112722E+06 0.278321E+07 0.182057E+09 0.692799E+09
     5511.00  0.322858E+07 0.106855E+07 0.318906E+09 0.671948E+09
     5561.00  0.114899E+08 0.173130E+06 0.444098E+09 0.635332E+09
     5611.00  0.255287E+08 0.256027E+05 0.529283E+09 0.587220E+09
     5661.00  0.452117E+08 0.452772E+06 0.556653E+09 0.532236E+09
     5711.00  0.696308E+08 0.121984E+07 0.521842E+09 0.474815E+09
     5761.00  0.972071E+08 0.207614E+07 0.433930E+09 0.418777E+09
     5811.00  0.125884E+09 0.279820E+07 0.312804E+09 0.367073E+09
     5861.00  0.153376E+09 0.322374E+07 0.184657E+09 0.321706E+09
     5911.00  0.177441E+09 0.327192E+07 0.766360E+08 0.283791E+09
     5961.00  0.196130E+09 0.294830E+07 0.117071E+08 0.253721E+09
     6011.00  0.207996E+09 0.233541E+07 0.465868E+07 0.231371E+09
     6061.00  0.212222E+09 0.157177E+07 0.598436E+08 0.216298E+09
     6111.00  0.208684E+09 0.823932E+06 0.170902E+09 0.207899E+09
     6161.00  0.197920E+09 0.256446E+06 0.322333E+09 0.205504E+09
     6211.00  0.181034E+09 0.452973E+04 0.492472E+09 0.208408E+09
     6261.00  0.159550E+09 0.153260E+06 0.657266E+09 0.215855E+09
     6311.00  0.135229E+09 0.725774E+06 0.794137E+09 0.226986E+09
     6361.00  0.109883E+09 0.168141E+07 0.885322E+09 0.240800E+09
     6411.00  0.851974E+08 0.292325E+07 0.920195E+09 0.256127E+09
     6461.00  0.625879E+08 0.431315E+07 0.896319E+09 0.271644E+09
     6511.00  0.430989E+08 0.569178E+07 0.819178E+09 0.285930E+09
     6561.00  0.273519E+08 0.690037E+07 0.700769E+09 0.297562E+09
     6611.00  0.155435E+08 0.780126E+07 0.557360E+09 0.305232E+09
     6661.00  0.748801E+07 0.829467E+07 0.406850E+09 0.307871E+09
     6711.00  0.269452E+07 0.832975E+07 0.266144E+09 0.304760E+09
     6761.00  0.466961E+06 0.790902E+07 0.148923E+09 0.295606E+09
     6811.00  0.137418E+05 0.708607E+07 0.641006E+08 0.280575E+09
     6861.00  0.554235E+06 0.595738E+07 0.151014E+08 0.260278E+09
     6911.00  0.141104E+07 0.464955E+07 0.942808E+01 0.235703E+09
     6961.00  0.207982E+07 0.330383E+07 0.123987E+08 0.208117E+09
     7011.00  0.227150E+07 0.205998E+07 0.428595E+08 0.178937E+09
     7061.00  0.192522E+07 0.104124E+07 0.806345E+08 0.149593E+09
     7111.00  0.119345E+07 0.342072E+06 0.115429E+09 0.121402E+09
     7161.00  0.403428E+06 0.197527E+05 0.138954E+09 0.954603E+08
     7211.00  0.104928E+04 0.905140E+05 0.146075E+09 0.725747E+08
     7261.00  0.484609E+06 0.530200E+06 0.135434E+09 0.532236E+08
     7311.00  0.233593E+07 0.127907E+07 0.109517E+09 0.375620E+08
     7361.00  0.595618E+07 0.224990E+07 0.741819E+08 0.254582E+08
     7411.00  0.116125E+08 0.333828E+07 0.377580E+08 0.165558E+08
     7511.00  0.292232E+08 0.543156E+07 0.939585E+05 0.627676E+07
     7611.00  0.536472E+08 0.679408E+07 0.658176E+08 0.234579E+07
     7711.00  0.807008E+08 0.699780E+07 0.268920E+09 0.135277E+07
     7811.00  0.104740E+09 0.605680E+07 0.590308E+09 0.180213E+07
     7911.00  0.120331E+09 0.436036E+07 0.963288E+09 0.381491E+07
     8011.00  0.123828E+09 0.248481E+07 0.129769E+10 0.806123E+07
     8111.00  0.114367E+09 0.969717E+06 0.151126E+10 0.146447E+08
     8211.00  0.940576E+08 0.141263E+06 0.155591E+10 0.225267E+08
     8311.00  0.673648E+08 0.362088E+05 0.143000E+10 0.297055E+08
     8411.00  0.399423E+08 0.436794E+06 0.117424E+10 0.339730E+08
     8511.00  0.172591E+08 0.988669E+06 0.854865E+09 0.338279E+08
     8611.00  0.338929E+07 0.135115E+07 0.541459E+09 0.291134E+08
     8711.00  0.238528E+06 0.132628E+07 0.287242E+09 0.211162E+08
     8811.00  0.733839E+07 0.927659E+06 0.117808E+09 0.121188E+08
     8911.00  0.221858E+08 0.373673E+06 0.303379E+08 0.461460E+07
     9011.00  0.409813E+08 0.147969E+05 0.178309E+07 0.500122E+06
     9111.00  0.595509E+08 0.222491E+06 0.185866E+07 0.527312E+06
     9211.00  0.742259E+08 0.127495E+07 0.588757E+07 0.417411E+07
     9311.00  0.825012E+08 0.327170E+07 0.336442E+07 0.992710E+07
     9411.00  0.833646E+08 0.609756E+07 0.899432E+05 0.158353E+08
     9511.00  0.772794E+08 0.944165E+07 0.140448E+08 0.201272E+08
     9611.00  0.658763E+08 0.128623E+08 0.670893E+08 0.216938E+08
     9711.00  0.514617E+08 0.158789E+08 0.175591E+09 0.203121E+08
     9811.00  0.364715E+08 0.180675E+08 0.343043E+09 0.165804E+08
     9911.00  0.229876E+08 0.191390E+08 0.556823E+09 0.116284E+08
    10011.00  0.124049E+08 0.189840E+08 0.789819E+09 0.672009E+07
    10111.00  0.529180E+07 0.176799E+08 0.100621E+10 0.287980E+07
    10211.00  0.144234E+07 0.154616E+08 0.116962E+10 0.645437E+06
    10311.00  0.812827E+05 0.126665E+08 0.125141E+10 0.194526E+03
    10411.00  0.158628E+06 0.966766E+07 0.123696E+10 0.476241E+06
    10511.00  0.662598E+06 0.680887E+07 0.112869E+10 0.137730E+07
    10611.00  0.886097E+06 0.435407E+07 0.945119E+09 0.204170E+07
    10711.00  0.598969E+06 0.245819E+07 0.716701E+09 0.206694E+07
    10811.00  0.101904E+06 0.116205E+07 0.479480E+09 0.143750E+07
    10911.00  0.162283E+06 0.408260E+06 0.268111E+09 0.529711E+06
    11011.00  0.185341E+07 0.722838E+05 0.109787E+09 0.286361E+04
    11111.00  0.633324E+07 0.349079E+03 0.201457E+08 0.613468E+06
    11211.00  0.146056E+08 0.461643E+05 0.175767E+07 0.300511E+07
    11311.00  0.273057E+08 0.997022E+05 0.451647E+08 0.752743E+07
    11411.00  0.445445E+08 0.103820E+06 0.131954E+09 0.141260E+08
    11511.00  0.658337E+08 0.573368E+05 0.239030E+09 0.223246E+08
    11611.00  0.901003E+08 0.586356E+04 0.343152E+09 0.312992E+08
    11711.00  0.115784E+09 0.237468E+05 0.424864E+09 0.400227E+08
    11811.00  0.141004E+09 0.191636E+06 0.471242E+09 0.474460E+08
    11911.00  0.163761E+09 0.574407E+06 0.477107E+09 0.526769E+08
    12011.00  0.182164E+09 0.120355E+07 0.444753E+09 0.551224E+08
    12111.00  0.194632E+09 0.206689E+07 0.382439E+09 0.545706E+08
    12211.00  0.200060E+09 0.310691E+07 0.302087E+09 0.512010E+08
    12311.00  0.197940E+09 0.422754E+07 0.216702E+09 0.455299E+08
    12411.00  0.188396E+09 0.530766E+07 0.137987E+09 0.383053E+08
    12511.00  0.172178E+09 0.621894E+07 0.745375E+08 0.303756E+08
    12611.00  0.150573E+09 0.684496E+07 0.308359E+08 0.225579E+08
    12711.00  0.125282E+09 0.709877E+07 0.711626E+07 0.155267E+08
    12811.00  0.982626E+08 0.693636E+07 0.154216E+05 0.974071E+07
    12911.00  0.715523E+08 0.636437E+07 0.380611E+07 0.541324E+07
    13011.00  0.470990E+08 0.544120E+07 0.119402E+08 0.252618E+07
    13111.00  0.266089E+08 0.427176E+07 0.186104E+08 0.878040E+06
    13211.00  0.114246E+08 0.299658E+07 0.200641E+08 0.153676E+06
    13311.00  0.244176E+07 0.177691E+07 0.154674E+08 0.847723E+03
    13411.00  0.674925E+05 0.777753E+06 0.720405E+07 0.998594E+05
    13511.00  0.422115E+07 0.150726E+06 0.590479E+06 0.215786E+06
    13611.00  0.143723E+08 0.186691E+05 0.307845E+07 0.227096E+06
    13711.00  0.296096E+08 0.463519E+06 0.230869E+08 0.129204E+06
    13811.00  0.487325E+08 0.151851E+07 0.686517E+08 0.157559E+05
    13911.00  0.703550E+08 0.316522E+07 0.146097E+09 0.436093E+05
    14011.00  0.930145E+08 0.533558E+07 0.258913E+09 0.389298E+06
    14111.00  0.115274E+09 0.791810E+07 0.407000E+09 0.120514E+07
    14211.00  0.135815E+09 0.107678E+08 0.586350E+09 0.258228E+07
    14311.00  0.153510E+09 0.137185E+08 0.789222E+09 0.452604E+07
    14411.00  0.167478E+09 0.165960E+08 0.100475E+10 0.694669E+07
    14511.00  0.177117E+09 0.192318E+08 0.121992E+10 0.966622E+07
    14611.00  0.182111E+09 0.214751E+08 0.142076E+10 0.124390E+08
    14711.00  0.182427E+09 0.232025E+08 0.159365E+10 0.149834E+08
    14811.00  0.178286E+09 0.243259E+08 0.172657E+10 0.170185E+08
    14911.00  0.170124E+09 0.247963E+08 0.181014E+10 0.183023E+08
    15011.00  0.158548E+09 0.246051E+08 0.183842E+10 0.186644E+08
    15111.00  0.144283E+09 0.237821E+08 0.180938E+10 0.180311E+08
    15211.00  0.128117E+09 0.223914E+08 0.172497E+10 0.164391E+08
    15311.00  0.110854E+09 0.205247E+08 0.159093E+10 0.140360E+08
    15411.00  0.932709E+08 0.182941E+08 0.141621E+10 0.110689E+08
    15511.00  0.760750E+08 0.158236E+08 0.121224E+10 0.786182E+07
    15611.00  0.598794E+08 0.132407E+08 0.992036E+09 0.478562E+07
    15711.00  0.451809E+08 0.106692E+08 0.769200E+09 0.222244E+07
    15811.00  0.323498E+08 0.822178E+07 0.556996E+09 0.529805E+06
    15911.00  0.216269E+08 0.599531E+07 0.367483E+09 0.728202E+04
    16011.00  0.131283E+08 0.406656E+07 0.210789E+09 0.868998E+06
    16111.00  0.685537E+07 0.249008E+07 0.945696E+08 0.322441E+07
    16211.00  0.271044E+07 0.129742E+07 0.236725E+08 0.706871E+07
    16311.00  0.514274E+06 0.497846E+06 0.255781E+03 0.122833E+08
    16411.00  0.259344E+05 0.801112E+05 0.225787E+08 0.186457E+08
    16511.00  0.962705E+06 0.152888E+05 0.877985E+08 0.258474E+08
    16611.00  0.301924E+07 0.260185E+06 0.189804E+09 0.335183E+08
    16711.00  0.588505E+07 0.761153E+06 0.320990E+09 0.412539E+08
    16811.00  0.925967E+07 0.145801E+07 0.472565E+09 0.486447E+08
    16911.00  0.128651E+08 0.228785E+07 0.635147E+09 0.553038E+08
    17011.00  0.164551E+08 0.318850E+07 0.799336E+09 0.608914E+08
    17111.00  0.198221E+08 0.410157E+07 0.956252E+09 0.651349E+08
    17211.00  0.228005E+08 0.497484E+07 0.109798E+10 0.678429E+08
    17311.00  0.252679E+08 0.576415E+07 0.121795E+10 0.689125E+08
    17411.00  0.271442E+08 0.643451E+07 0.131116E+10 0.683311E+08
    17511.00  0.283886E+08 0.696068E+07 0.137430E+10 0.661720E+08
    17611.00  0.289953E+08 0.732717E+07 0.140583E+10 0.625848E+08
    17711.00  0.289884E+08 0.752772E+07 0.140584E+10 0.577827E+08
    17811.00  0.284164E+08 0.756447E+07 0.137591E+10 0.520260E+08
    17911.00  0.273458E+08 0.744670E+07 0.131890E+10 0.456051E+08
    18011.00  0.258559E+08 0.718955E+07 0.123864E+10 0.388232E+08
    18111.00  0.240332E+08 0.681252E+07 0.113967E+10 0.319791E+08
    18211.00  0.219661E+08 0.633799E+07 0.102690E+10 0.253524E+08
    18311.00  0.197415E+08 0.578986E+07 0.905395E+09 0.191911E+08
    18411.00  0.174410E+08 0.519229E+07 0.780053E+09 0.137015E+08
    18511.00  0.151381E+08 0.456856E+07 0.655430E+09 0.904187E+07
    18611.00  0.128968E+08 0.394023E+07 0.535565E+09 0.531856E+07
    18711.00  0.107704E+08 0.332643E+07 0.423862E+09 0.258583E+07
    18811.00  0.880047E+07 0.274338E+07 0.323014E+09 0.847921E+06
    18911.00  0.701775E+07 0.220412E+07 0.234972E+09 0.636185E+05
    19011.00  0.544212E+07 0.171844E+07 0.160964E+09 0.152658E+06
    19111.00  0.408368E+07 0.129292E+07 0.101522E+09 0.100342E+07
    19311.00  0.201668E+07 0.633843E+06 0.254543E+08 0.443781E+07
    19511.00  0.748198E+06 0.224872E+06 0.170944E+06 0.917048E+07
    19711.00  0.135786E+06 0.327122E+05 0.135740E+08 0.140305E+08
    19911.00  0.371765E+04 0.592548E+04 0.511740E+08 0.180680E+08
    20111.00  0.175661E+06 0.870020E+05 0.987855E+08 0.206669E+08
    20311.00  0.497291E+06 0.221875E+06 0.144517E+09 0.215728E+08
    20511.00  0.848838E+06 0.366227E+06 0.179938E+09 0.208517E+08
    20711.00  0.114904E+07 0.488600E+06 0.200447E+09 0.188044E+08
    20911.00  0.135278E+07 0.570797E+06 0.204955E+09 0.158644E+08
    21111.00  0.144475E+07 0.606309E+06 0.195117E+09 0.125007E+08
    21311.00  0.143132E+07 0.597576E+06 0.174332E+09 0.914030E+07
    21511.00  0.133237E+07 0.552857E+06 0.146743E+09 0.611810E+07
    21711.00  0.117401E+07 0.483248E+06 0.116412E+09 0.365264E+07
    21911.00  0.983038E+06 0.400274E+06 0.867596E+08 0.184514E+07
    22111.00  0.783164E+06 0.314195E+06 0.602714E+08 0.694690E+06
    22311.00  0.592879E+06 0.233031E+06 0.384427E+08 0.123458E+06
    22511.00  0.424770E+06 0.162215E+06 0.218797E+08 0.591209E+04
    22711.00  0.285769E+06 0.104680E+06 0.104832E+08 0.197004E+06
    22911.00  0.178058E+06 0.612467E+05 0.366170E+07 0.555829E+06
    23111.00  0.100248E+06 0.311336E+05 0.531460E+06 0.962581E+06
    23311.00  0.486101E+05 0.125071E+05 0.896529E+05 0.132811E+07
    23511.00  0.181779E+05 0.298036E+04 0.135109E+07 0.159660E+07
    23711.00  0.364488E+04 0.277373E+02 0.344840E+07 0.174292E+07
    23911.00  0.710088E+01 0.129251E+04 0.569567E+07 0.176648E+07
    24111.00  0.296754E+04 0.478527E+04 0.761660E+07 0.168368E+07
    24311.00  0.913291E+04 0.898192E+04 0.894094E+07 0.152048E+07
    24511.00  0.160495E+05 0.128384E+05 0.957520E+07 0.130610E+07
    24711.00  0.221283E+05 0.157452E+05 0.955780E+07 0.106846E+07
    24911.00  0.265030E+05 0.174449E+05 0.900875E+07 0.831247E+06
    25111.00  0.288619E+05 0.179359E+05 0.808409E+07 0.612444E+06
    25311.00  0.292780E+05 0.173791E+05 0.694090E+07 0.423962E+06
    25511.00  0.280593E+05 0.160189E+05 0.571561E+07 0.272009E+06
    25711.00  0.256265E+05 0.141240E+05 0.451411E+07 0.157917E+06
    25911.00  0.224233E+05 0.119481E+05 0.341065E+07 0.792563E+05
    26111.00  0.188560E+05 0.970666E+04 0.245144E+07 0.310301E+05
    26311.00  0.152594E+05 0.756676E+04 0.165997E+07 0.685628E+04
    26511.00  0.118829E+05 0.564518E+04 0.104209E+07 0.553652E+01
    26711.00  0.889002E+04 0.401141E+04 0.590131E+06 0.421461E+04
    26911.00  0.636813E+04 0.269418E+04 0.286306E+06 0.142257E+05



